t_console,stat,line,posx,posy,posz,mpox,mpoy,mpoz,vel,feed,unit,dist,plane,coor,momo,raw_json,spindle,x_motor,y_motor,z_motor,spindle_A,x_motor_A,y_motor_A,z_motor_A,frame_l2.Ax,frame_l2.Ay,frame_l2.Az,frame_l2.Gx,frame_l2.Gy,frame_l2.Gz,frame_l2.Mx,frame_l2.My,frame_l2.Mz,frame_l2.Pressure,frame_l2.Temperature,frame_l2.Proximity,frame_l2.ColorR,frame_l2.ColorG,frame_l2.ColorB,frame_l2.ColorA,frame_l2.RMS,frame_r2.Ax,frame_r2.Ay,frame_r2.Az,frame_r2.Gx,frame_r2.Gy,frame_r2.Gz,frame_r2.Mx,frame_r2.My,frame_r2.Mz,frame_r2.Pressure,frame_r2.Temperature,frame_r2.Proximity,frame_r2.ColorR,frame_r2.ColorG,frame_r2.ColorB,frame_r2.ColorA,frame_r2.RMS,y_bed__3.Ax,y_bed__3.Ay,y_bed__3.Az,y_bed__3.Gx,y_bed__3.Gy,y_bed__3.Gz,y_bed__3.Mx,y_bed__3.My,y_bed__3.Mz,y_bed__3.Pressure,y_bed__3.Temperature,y_bed__3.Proximity,y_bed__3.ColorR,y_bed__3.ColorG,y_bed__3.ColorB,y_bed__3.ColorA,y_bed__3.RMS,spindle2.Ax,spindle2.Ay,spindle2.Az,spindle2.Gx,spindle2.Gy,spindle2.Gz,spindle2.Mx,spindle2.My,spindle2.Mz,spindle2.Pressure,spindle2.Temperature,spindle2.Proximity,spindle2.ColorR,spindle2.ColorG,spindle2.ColorB,spindle2.ColorA,spindle2.RMS,frame_l3.Ax,frame_l3.Ay,frame_l3.Az,frame_l3.Gx,frame_l3.Gy,frame_l3.Gz,frame_l3.Mx,frame_l3.My,frame_l3.Mz,frame_l3.Pressure,frame_l3.Temperature,frame_l3.Proximity,frame_l3.ColorR,frame_l3.ColorG,frame_l3.ColorB,frame_l3.ColorA,frame_l3.RMS,y_bed__4.Ax,y_bed__4.Ay,y_bed__4.Az,y_bed__4.Gx,y_bed__4.Gy,y_bed__4.Gz,y_bed__4.Mx,y_bed__4.My,y_bed__4.Mz,y_bed__4.Pressure,y_bed__4.Temperature,y_bed__4.Proximity,y_bed__4.ColorR,y_bed__4.ColorG,y_bed__4.ColorB,y_bed__4.ColorA,y_bed__4.RMS,gcode_line,gcode_string
16:23:40.585,5,32,1.5944,1.454,0.0961,88.05889,53.81684,-23.55156,,185.42,0,0,,2,1,"{""sr"":{""mpox"":88.05889,""mpoy"":53.81684,""mpoz"":-23.55156,""mpoa"":0,""posx"":1.5944,""posy"":1.454,""posz"":0.0961,""posa"":0,""unit"":0,""stat"":5,""coor"":2,""momo"":1,""dist"":0,""home"":1,""mots"":0,""plan"":0,""line"":32,""path"":2,""frmo"":2,""prbe"":1,""safe"":0,""estp"":0,""spc"":0,""hold"":0,""macs"":5,""cycs"":1,""sps"":0,""feed"":185.42,""mark"":176190722}}",5.241410911548883,0.1973955665016546,0.1793322860612534,0.2026899762859102,5.241410911548883,0.1973955665016546,0.1793322860612534,0.2026899762859102,-0.991,0.039,-0.01,-1.77,-0.854,0.916,-32.0,34.0,-32.0,100.0,33.58,0.0,0.0,0.0,0.0,0.0,332.0,-1.007,-0.075,0.022,5.676,1.831,1.892,-6.0,17.0,-94.0,100.0,32.34,249.0,27.0,30.0,22.0,69.0,368.0,-0.997,-0.03,0.014,-4.883,-8.057,0.488,4.0,28.0,43.0,100.0,32.66,150.0,12.0,9.0,9.0,26.0,478.0,-1.035,-0.069,-0.004,2.319,1.648,1.099,11.0,-15.0,43.0,100.0,40.64,159.0,196.0,139.0,105.0,393.0,467.0,-1.005,-0.012,-0.004,0.488,1.77,4.883,8.0,-16.0,29.0,100.0,32.76,210.0,99.0,78.0,86.0,250.0,461.0,-1.008,0.124,-0.013,2.869,1.77,4.089,-24.0,35.0,32.0,100.0,33.07,0.0,0.0,0.0,0.0,0.0,489.0,32,X1.5944 Y1.454 Z0.0961
16:23:40.822,5,69,1.6234,1.6873,0.0851,88.79549,59.74266,-23.83096,,185.42,0,0,,2,1,"{""sr"":{""mpox"":88.79549,""mpoy"":59.74266,""mpoz"":-23.83096,""mpoa"":0,""posx"":1.6234,""posy"":1.6873,""posz"":0.0851,""posa"":0,""unit"":0,""stat"":5,""coor"":2,""momo"":1,""dist"":0,""home"":1,""mots"":0,""plan"":0,""line"":69,""path"":2,""frmo"":2,""prbe"":1,""safe"":0,""estp"":0,""spc"":0,""hold"":0,""macs"":5,""cycs"":1,""sps"":0,""feed"":185.42,""mark"":176190722}}",5.331604423535785,0.2014693232616706,0.2031557295359363,0.2069310824259832,5.331604423535785,0.2014693232616706,0.2031557295359363,0.2069310824259832,-0.99026148,0.039,-0.01025784,-1.6032561,-0.93204186,0.977,-32.0,35.0,-31.4810703,100.0,33.562611839999995,134.13519677999994,50.35639437999998,43.69157717999999,40.72943657999998,127.37205589999994,303.92399944,-1.0064064,-0.0749206999999999,0.0214857,5.17064252,1.96740908,2.16738636,-2.9128332200000018,7.846839420000002,-45.22819698000003,100.0,32.33435248,100.32831412000002,10.967062300000002,12.185625300000003,8.936125200000003,28.026938120000008,381.97070764,-0.997,-0.02917498,0.01359748,-5.145852860000001,-8.32393774,0.39997062,4.91255004,28.0,44.0,100.0,32.66670584,62.987439320000014,5.072814040000001,3.804610780000001,3.804610780000001,10.991096920000004,468.35773682,-1.03413302,-0.0708217199999999,-0.0033404,2.32256426,1.49417428,1.01723856,11.0,-15.65964736,42.4813132,100.0,40.63140972,81.43387368,101.6626699,72.09750588,54.46214414,203.32534006,416.84085712,-1.00433078,-0.0111443,-0.00381352,0.52831742,1.7989622,4.80184166,8.0,-16.0,28.47479468,100.0,32.766695160000005,98.73860774,51.99533034,40.96601814,45.16766069999999,131.30134028,403.51155478,-1.007,0.12316328,-0.01144004,2.8417403,1.74317278,4.06478366,-24.0,35.0,32.43978374,100.0,33.09397006,96.63903156000002,1.7591342200000004,1.3193504800000002,1.15612768,3.9580514400000006,444.74095668,69,X1.6234 Y1.6873 Z0.0851
16:23:41.079,5,101,1.4564,1.5451,0.0756,84.5537,56.13078,-24.07226,,185.42,0,0,,2,1,"{""sr"":{""mpox"":84.5537,""mpoy"":56.13078,""mpoz"":-24.07226,""mpoa"":0,""posx"":1.4564,""posy"":1.5451,""posz"":0.0756,""posa"":0,""unit"":0,""stat"":5,""coor"":2,""momo"":1,""dist"":0,""home"":1,""mots"":0,""plan"":0,""line"":101,""path"":2,""frmo"":2,""prbe"":1,""safe"":0,""estp"":0,""spc"":0,""hold"":0,""macs"":5,""cycs"":1,""sps"":0,""feed"":185.42,""mark"":176190722}}",5.347518101145497,0.200237373205197,0.201484217402922,0.2049364230789509,5.347518101145497,0.200237373205197,0.201484217402922,0.2049364230789509,-0.9901224,0.0391224,-0.00924528,-1.59445572,-1.0230878,0.89350968,-32.0,35.0,-31.12223084,100.0,33.56,18.090127600000017,8.311680520000012,7.211604720000011,6.722682240000003,21.02366160000002,295.89051672,-1.00603636,-0.07535292,0.02546516,5.446860640000001,1.8225552,2.10560524,-5.0,16.96362032,-93.35275776,100.0,32.339636160000005,139.74680783999997,16.86468552,19.41727556,14.239335359999998,44.65973432,413.83919232,-0.99704032,-0.029,0.01362376,-5.322612319999999,-8.1512586,0.480194,4.0,28.58368024,43.79137216,100.0,32.65879004,92.89697343999998,7.488131879999999,5.616098719999999,5.616098719999999,16.22428524,552.06242848,-1.03313164,-0.0708683599999999,-0.003604,2.13878392,1.18232308,1.12780012,11.0,-15.0,43.0,100.0,40.64,72.80436364,90.16462404,64.22427704,48.51474136,181.12170204,387.96534832,-1.00431712,-0.010548,-0.00524968,0.41465752,1.92541268,4.7041142,8.0,-16.0,29.93255484,100.0,32.76384824,74.79151224,44.00270348,34.89034772,38.8931124,112.29177228,366.12631724,-1.00724536,0.12360296,-0.0113212,2.80337196,1.62046588,4.14074392,-24.32100904,35.0,32.39687868,100.0,33.08282088,131.48034968,2.41248328,1.80936296,1.80936296,5.42808788,461.46754836,101,X1.4564 Y1.5451 Z0.0756
16:23:41.337,5,112,1.5101,1.4715,0.0723,85.91767,54.26134,-24.15608,,185.42,0,0,,2,1,"{""sr"":{""mpox"":85.91767,""mpoy"":54.26134,""mpoz"":-24.15608,""mpoa"":0,""posx"":1.5101,""posy"":1.4715,""posz"":0.0723,""posa"":0,""unit"":0,""stat"":5,""coor"":2,""momo"":1,""dist"":0,""home"":1,""mots"":0,""plan"":0,""line"":112,""path"":2,""frmo"":2,""prbe"":1,""safe"":0,""estp"":0,""spc"":1,""hold"":0,""macs"":5,""cycs"":1,""sps"":12000,""feed"":185.42,""mark"":176190722}}",5.452637937147844,0.2020579022667749,0.2026899762859102,0.2027306657231024,5.452637937147844,0.2020579022667749,0.2026899762859102,0.2027306657231024,-0.99,0.03991344,-0.00996008,-1.77112332,-0.91887148,0.91152756,-32.0,35.0,-31.04707804,100.0,33.56960088,75.28083188000001,64.79869032,56.22239364,51.45778384,163.9025702,347.04288332,-1.00629088,-0.07509864,0.0244604,5.28360856,1.6564662799999998,2.01569324,-6.0,17.0,-94.68097772,100.0,32.330277599999995,79.08968652,8.61359248,9.57065844,7.01848292,22.01251464,379.96037308,-0.99797336,-0.0299733599999999,0.01267744,-5.3577992000000005,-8.19167736,0.570592,4.0,28.67698016,43.0,100.0,32.656769600000004,54.279120240000005,4.19606408,3.14704808,3.14704808,9.09147284,543.30935988,-1.03159264,-0.06998168,-0.003,2.32242924,1.49889048,1.10354648,11.0,-15.481048,42.55558248,100.0,40.64018316,84.86986884000001,105.304329,74.68011116,56.41303332,210.608658,388.36838364,-1.004,-0.011,-0.0049822,0.42345824,1.91747,4.696458239999999,8.0,-15.47096704,28.47096704,100.0,32.77,128.22245812,54.13714588,42.6535088,47.02822792,136.7099646,377.87609384,-1.0076,0.124,-0.01041488,2.90744588,1.61500536,4.17073704,-24.0,35.0,31.61537224,100.0,33.08215856,83.4642286,1.538511,1.15388324,1.15388324,3.46164972,420.0015198,112,X1.5101 Y1.4715 Z0.0723
16:23:41.850,5,112,1.5101,1.4715,0.0723,85.91767,54.26134,-24.15608,,185.42,0,0,,2,1,"{""sr"":{""mpox"":85.91767,""mpoy"":54.26134,""mpoz"":-24.15608,""mpoa"":0,""posx"":1.5101,""posy"":1.4715,""posz"":0.0723,""posa"":0,""unit"":0,""stat"":5,""coor"":2,""momo"":1,""dist"":0,""home"":1,""mots"":0,""plan"":0,""line"":112,""path"":2,""frmo"":2,""prbe"":1,""safe"":0,""estp"":0,""spc"":1,""hold"":0,""macs"":5,""cycs"":1,""sps"":12000,""feed"":185.42,""mark"":176190722}}",5.240078352669364,0.2049597081304804,0.2167147831797861,0.2060998732526225,5.240078352669364,0.2049597081304804,0.2167147831797861,0.2060998732526225,-0.9906991,0.039,-0.0103008999999999,-1.6906426,-0.916,0.9343573999999998,-9.630326099999929,10.533168899999922,-9.630326099999929,100.0,33.5430095,107.65405670000034,47.53555740000015,41.24408610000013,38.44787750000012,120.23699830000037,371.5545110000001,-1.0062121,-0.0747879,0.0228366999999999,5.5245507,1.8282358000000003,2.0363822000000003,-5.212425500000001,16.2124255,-93.7875745,100.0,32.3515871,103.27145389999978,11.357525799999976,12.619472899999977,9.25428019999998,29.02478739999994,428.3273172000001,-0.998,-0.0291991999999999,0.014,-5.103776600000001,-8.3331236,0.4659984000000003,3.4358184999999994,28.0,43.8008753,100.0,32.6519911,68.47234679999988,5.229821199999992,3.9223662999999935,3.9223662999999935,11.33128009999998,580.2176888000001,-1.0328334,-0.0705489,-0.003,2.3504901,1.6274366999999998,1.0759440999999998,11.0,-15.1382661,42.483766800000005,100.0,40.64,82.21933070000003,101.18169010000004,71.75640310000003,54.20447680000002,202.36337990000007,449.9322795000001,-1.0046129,-0.011,-0.0035218,0.315853,1.7201420999999997,4.8302122,8.0,-16.0,28.6129777,100.0,32.78,83.21132790000003,51.643179600000025,40.68856590000002,44.86175190000002,130.41206900000006,493.51339020000006,-1.0074382,0.1231128,-0.0111127999999999,2.8553728,1.6747442,4.1637523,-24.4488478,35.0,32.8872753,100.0,33.07,97.84889989999988,1.7953924999999975,1.3465443999999984,0.8976965999999988,4.0396334999999945,515.115772,112,X1.5101 Y1.4715 Z0.0723
16:23:42.365,5,112,1.5101,1.4715,0.0723,85.91767,54.26134,-24.15608,,185.42,0,0,,2,1,"{""sr"":{""mpox"":85.91767,""mpoy"":54.26134,""mpoz"":-24.15608,""mpoa"":0,""posx"":1.5101,""posy"":1.4715,""posz"":0.0723,""posa"":0,""unit"":0,""stat"":5,""coor"":2,""momo"":1,""dist"":0,""home"":1,""mots"":0,""plan"":0,""line"":112,""path"":2,""frmo"":2,""prbe"":1,""safe"":0,""estp"":0,""spc"":1,""hold"":0,""macs"":5,""cycs"":1,""sps"":12000,""feed"":185.42,""mark"":176190722}}",5.2754351406169135,0.196674246191493,0.2012612868774897,0.2046184767201081,5.2754351406169135,0.196674246191493,0.2012612868774897,0.2046184767201081,-0.9913988,0.04,-0.011,-1.5753758,-0.7935756,0.9407592,-32.4035454,34.9976508,-31.5964546,100.0,33.5559882,98.6943026,27.2813518,23.670585000000003,22.0657992,69.0057724,275.7811906,-1.0064578,-0.075,0.0232966,5.1876424000000005,1.6857664,2.075,-5.0,16.419408999999998,-94.580591,100.0,32.351612,131.7919276,14.2162276,16.2618188,11.9253338,37.4021826,298.4184516,-0.9972708,-0.0294664,0.0143984,-5.1491164,-8.300040599999999,0.452322,3.533538,28.0,43.1353504,100.0,32.65,79.6482374,6.402455600000001,4.8018416,4.8018416,13.8719878,364.8797984,-1.0329602,-0.072,-0.0017072,2.3703874,1.6526934,1.024816,11.0,-15.5092042,42.7838716,100.0,40.672161200000005,77.1134456,96.1959342,68.22058559999999,51.5335362,192.3918684,328.06478200000004,-1.004,-0.0112882,-0.004242,0.3332808,1.9259468,4.8534916,9.0,-15.7318096,28.0,100.0,32.76,109.3539568,48.2358042,37.947078,42.1347834,122.2166448,317.1537094,-1.0064736,0.1240528,-0.0112503999999999,2.8553770000000003,1.7274856,4.0520288,-24.4736298,35.0,32.7766722,100.0,33.08,114.748736,2.105481,1.5791112,1.5791112,4.7373332,340.140227,112,X1.5101 Y1.4715 Z0.0723
16:23:42.879,5,112,1.5101,1.4715,0.0723,85.91767,54.26134,-24.15608,,185.42,0,0,,2,1,"{""sr"":{""mpox"":85.91767,""mpoy"":54.26134,""mpoz"":-24.15608,""mpoa"":0,""posx"":1.5101,""posy"":1.4715,""posz"":0.0723,""posa"":0,""unit"":0,""stat"":5,""coor"":2,""momo"":1,""dist"":0,""home"":1,""mots"":0,""plan"":0,""line"":112,""path"":2,""frmo"":2,""prbe"":1,""safe"":0,""estp"":0,""spc"":1,""hold"":0,""macs"":5,""cycs"":1,""sps"":12000,""feed"":185.42,""mark"":176190722}}",5.207209367633519,0.2050649964190894,0.2077857705167769,0.2235759116167398,5.207209367633519,0.2050649964190894,0.2077857705167769,0.2235759116167398,-0.99099988,0.0398722,-0.01000012,-1.6025508799999997,-1.1444395200000006,0.9613116000000004,-32.12754688,35.0,-31.12754688,100.0,33.55872588,15.286646719999538,8.662433079999731,7.515934159999775,6.878991159999793,21.910860359999337,327.2629334800002,-1.006,-0.07525916,0.02373964,5.23545784,1.70675528,1.93825016,-5.0,17.0,-93.6846,100.0,32.346109840000004,158.78519528000035,17.490666200000042,19.434073440000045,14.251653960000034,44.698369240000105,339.33972447999986,-0.99737748,-0.02903996,0.014,-5.26885828,-8.243147,0.5005537600000002,4.0,28.0,43.039915,100.0,32.66582912,95.9603706800002,7.474320880000016,5.605740440000012,5.605740440000012,16.194362760000033,410.0875213199998,-1.03474236,-0.07,-0.0009383599999999,2.4825476000000006,1.80440148,1.18844016,11.064404119999995,-15.935595880000005,43.0,100.0,40.69064404,73.88374171999995,91.99581943999992,65.24193375999995,49.283474879999964,183.99163975999988,376.93364752,-1.00439336,-0.0104603199999999,-0.005,0.3254229199999993,1.8483076000000007,4.84192096,9.0,-15.39352632,29.393526320000003,100.0,32.76,110.05852204000011,45.58820463999996,35.91797971999996,39.60187503999996,115.1217287999999,371.3284305600001,-1.00724724,0.1231514399999999,-0.01127748,2.9499962800000006,1.7635606000000006,4.1546194000000005,-25.0,35.0,32.92427304,100.0,33.07075732,130.39211468000022,2.403541320000004,1.8026559600000032,1.8026559600000032,5.407968000000009,417.6779863600001,112,X1.5101 Y1.4715 Z0.0723
16:23:43.394,5,112,1.5101,1.4715,0.0723,85.91767,54.26134,-24.15608,,185.42,0,0,,2,1,"{""sr"":{""mpox"":85.91767,""mpoy"":54.26134,""mpoz"":-24.15608,""mpoa"":0,""posx"":1.5101,""posy"":1.4715,""posz"":0.0723,""posa"":0,""unit"":0,""stat"":5,""coor"":2,""momo"":1,""dist"":0,""home"":1,""mots"":0,""plan"":0,""line"":112,""path"":2,""frmo"":2,""prbe"":1,""safe"":0,""estp"":0,""spc"":1,""hold"":0,""macs"":5,""cycs"":1,""sps"":12000,""feed"":185.42,""mark"":176190722}}",5.200070420302199,0.1917440324488287,0.1999996398493056,0.2041974432643936,5.200070420302199,0.1917440324488287,0.1999996398493056,0.2041974432643936,-0.99099754,0.03900228,-0.0108177199999999,-1.8086415599999992,-0.8653076000000004,0.8937377799999993,-32.00020664,35.0,-31.180000000000007,100.0,33.53820198,39.54670820000127,12.3880351200004,10.566264840000338,9.839941360000314,31.33205758000101,294.88687298000025,-1.0058740000000002,-0.07475068,0.0232493199999999,5.172878759999998,1.8310301000000009,2.059909679999999,-5.0,16.749426860000003,-93.74942686,100.0,32.345002699999995,139.2832844999995,16.86389551999994,18.73766171999993,13.74095151999995,43.72120997999984,371.2231763800001,-0.997,-0.0296041399999999,0.01279236,-5.38030466,-8.045784360000003,0.5367272399999989,4.0,28.0,43.0,100.0,32.6320117,92.4103198399997,7.247868439999976,5.435900759999982,5.435900759999982,15.703714419999953,435.67816130000045,-1.03235918,-0.0704752199999999,-0.002,2.36989858,1.5765401799999983,1.0430508000000005,11.0,-15.52457492,42.0827991,100.0,40.67,76.06798832000007,93.18328574000007,66.08406428000006,49.91961702000005,186.36657130000015,362.09986278000014,-1.005,-0.01,-0.00555064,0.4157162399999994,1.8942258000000003,4.801659099999999,8.53255866,-15.916635699999995,29.101612100000008,100.0,32.75449196,119.19759798000013,46.27671486000005,36.46044206000004,40.19997388000005,116.86038982000012,348.9573571600003,-1.007,0.123,-0.0119326799999999,2.8903841,1.791895300000001,4.173182979999999,-24.485258120000005,35.0,31.97051624000001,100.0,33.059031340000004,124.83671435999968,2.328361279999994,1.7462709599999957,1.2315290799999992,5.238812239999986,384.42609098000025,112,X1.5101 Y1.4715 Z0.0723
16:23:43.908,5,112,1.5101,1.4715,0.0723,85.91767,54.26134,-24.15608,,185.42,0,0,,2,1,"{""sr"":{""mpox"":85.91767,""mpoy"":54.26134,""mpoz"":-24.15608,""mpoa"":0,""posx"":1.5101,""posy"":1.4715,""posz"":0.0723,""posa"":0,""unit"":0,""stat"":5,""coor"":2,""momo"":1,""dist"":0,""home"":1,""mots"":0,""plan"":0,""line"":112,""path"":2,""frmo"":2,""prbe"":1,""safe"":0,""estp"":0,""spc"":1,""hold"":0,""macs"":5,""cycs"":1,""sps"":12000,""feed"":185.42,""mark"":176190722}}",5.3497929704301015,0.2103889175187576,0.2121988136346939,0.2099882798516916,5.3497929704301015,0.2103889175187576,0.2121988136346939,0.2099882798516916,-0.99,0.03999838,-0.01045908,-1.66609464,-0.88245974,0.94899934,-32.0,35.0,-31.00300834,100.0,33.5308042,46.62924962000001,31.31597758000001,26.71068666000001,25.32909956000001,78.75197678000004,349.12411966,-1.00648758,-0.075,0.0225847,5.45581514,1.88747,2.0646023,-5.0,16.51257752,-93.34091658,100.0,32.34316986,126.09408477999996,13.83959452,15.377327619999996,11.27670684,35.88043068,377.90366068,-0.99748844,-0.0294884399999999,0.01318576,-5.41211802,-8.02440382,0.5036459400000001,4.0,28.0,43.48854476,100.0,32.66511452,82.34427715999999,6.13746166,4.603095859999999,4.603095859999999,13.2978338,430.38360558,-1.03319456,-0.0707969599999999,-0.00142366,2.36708182,1.50586264,1.1649272,11.0,-15.0,43.20313102,100.0,40.664956440000005,77.82164566,97.15313678,68.89941822,52.04632332,194.30627402,398.35792282,-1.00450432,-0.01050432,-0.00470084,0.5422408,1.74498934,4.83973788,8.0,-15.0,28.7092194,100.0,32.74794978,124.4423806,49.0828514,38.67133718,42.63762842,123.94659456,407.03185526,-1.0066559199999998,0.12382796,-0.01066088,2.89665228,1.82082814,4.07951642,-24.0,35.0,33.0,100.0,33.06,111.39901451999998,2.04411722,1.53308828,1.19419778,4.599264379999999,429.92635808,112,X1.5101 Y1.4715 Z0.0723
16:23:44.486,5,16,4.38295,-0.52487,1.02333,158.8881,3.55346,0.0,,0.0,0,0,,2,0,"{""sr"":{""mpox"":158.8881,""mpoy"":3.55346,""mpoz"":0,""mpoa"":0,""posx"":4.38295,""posy"":-0.52487,""posz"":1.02333,""posa"":0,""unit"":0,""stat"":5,""coor"":2,""momo"":0,""dist"":0,""home"":1,""mots"":1,""plan"":0,""line"":16,""path"":2,""frmo"":2,""prbe"":1,""safe"":0,""estp"":0,""spc"":1,""hold"":0,""macs"":5,""cycs"":1,""sps"":12000,""feed"":0,""mark"":176190722}}",5.344432167237492,0.2039592590541062,0.203009625290927,0.2071113830779509,5.344432167237492,0.2039592590541062,0.203009625290927,0.2071113830779509,-0.99004176,0.039,-0.01097912,-1.6492785799999998,-0.9731424000000004,0.97827858,-32.0,35.0,-31.0209652,100.0,33.54,4.968774479999456,1.4256399199998442,1.2369520799998646,1.153091259999874,3.606030199999605,270.64162677999974,-1.00727108,-0.0749861,0.02456998,5.4348928,1.7184075600000006,2.05506578,-4.631490560000007,16.464630200000027,-93.38003778000017,100.0,32.33013906,169.02911780000022,18.551975860000024,20.613306960000028,15.11642536000002,48.097716880000064,287.9880909799997,-0.9976431,-0.02901332,0.0133568999999999,-5.28804028,-8.079568199999999,0.5479828,4.603402940000007,27.627118460000045,43.08403222000007,100.0,32.66329966,97.84406014000012,7.880058700000009,5.910043540000007,5.910043540000007,17.07345988000002,386.7808955399997,-1.0324167,-0.0715127399999999,-0.00245964,2.44588002,1.6069853199999995,1.1545582,11.53079152,-15.0,43.0,100.0,40.65469232,73.59976251999997,90.15970955999995,63.93979399999997,48.29984461999998,180.31941911999996,344.1705742599999,-1.00454488,-0.01099108,-0.0025538,0.49405038,1.7655835199999996,4.85361946,8.0,-15.44594168,29.44594168,100.0,32.73,98.55314577999994,44.148242099999976,34.78346287999998,38.35099827999998,111.48545943999994,376.4925179199999,-1.00662944,0.12399252,-0.011,2.97609318,1.72345016,4.2701734,-24.00748604,34.38529598,32.6296761,100.0,33.08851552,135.01525370000013,2.488760260000002,1.8665702000000015,1.8665702000000015,5.599710580000005,374.50752238,16,G0 X1.4919 Y1.4848
16:23:44.743,5,16,3.87735,-0.17341,1.02333,146.0457,12.48067,0.0,,0.0,0,0,,2,0,"{""sr"":{""mpox"":146.0457,""mpoy"":12.48067,""mpoz"":0,""mpoa"":0,""posx"":3.87735,""posy"":-0.17341,""posz"":1.02333,""posa"":0,""unit"":0,""stat"":5,""coor"":2,""momo"":0,""dist"":0,""home"":1,""mots"":1,""plan"":0,""line"":16,""path"":2,""frmo"":2,""prbe"":1,""safe"":0,""estp"":0,""spc"":1,""hold"":0,""macs"":5,""cycs"":1,""sps"":12000,""feed"":0,""mark"":176190722}}",5.323081335487883,0.2052313600767836,0.2105756666946158,0.2107668203124446,5.323081335487883,0.2052313600767836,0.2105756666946158,0.2107668203124446,-0.99,0.0388384799999999,-0.0115162799999999,-1.69914268,-0.96718108,0.8836462400000001,-32.0,35.0,-31.83872152,100.0,33.5183874,50.345135919999954,57.88245779999996,49.49367283999995,45.29959491999996,144.28709803999988,259.44910836,-1.007,-0.07563428,0.02412524,5.39133696,1.7971049599999998,1.92787024,-4.36578072,16.63421928,-95.01378852,100.0,32.33476944,86.75928564000004,9.876083240000009,10.973426080000008,8.047179120000006,25.60466092000002,359.7013728,-0.99710672,-0.028495,0.013,-5.22922696,-8.11865624,0.43046656,3.71889988,28.10676192,43.1743382,100.0,32.65387832,58.04412540000004,4.654342120000003,3.490756840000002,3.490756840000002,10.084408480000006,437.83854056,-1.0320928,-0.071,-0.00307376,2.37452104,1.57917192,1.24200844,11.52726984,-15.07379248,43.0,100.0,40.64453516,83.23480432,102.89136395999998,73.29047419999999,55.36330735999999,206.68968264,365.5357304,-1.00446704,-0.01099456,-0.0044616,0.3981606,1.80754644,4.78445356,8.0,-15.46149308,29.92863136,100.0,32.74532876,109.64134215999998,53.31220251999999,42.00355348,46.31161035999999,134.6267752,376.66516368,-1.00794016,0.123,-0.01105984,2.99358852,1.65842744,4.074919120000001,-22.562580639999997,32.90376335999999,30.609022079999992,100.0,33.07940112,88.29406604000005,1.6581041200000006,1.2435787200000006,1.2435787200000006,3.7307353200000017,396.88393092,16,G0 X1.4919 Y1.4848
16:23:45.000,5,16,3.36973,0.17946,1.02333,133.15217,21.44341,0.0,,0.0,0,0,,2,0,"{""sr"":{""mpox"":133.15217,""mpoy"":21.44341,""mpoz"":0,""mpoa"":0,""posx"":3.36973,""posy"":0.17946,""posz"":1.02333,""posa"":0,""unit"":0,""stat"":5,""coor"":2,""momo"":0,""dist"":0,""home"":1,""mots"":1,""plan"":0,""line"":16,""path"":2,""frmo"":2,""prbe"":1,""safe"":0,""estp"":0,""spc"":1,""hold"":0,""macs"":5,""cycs"":1,""sps"":12000,""feed"":0,""mark"":176190722}}",5.356216700559036,0.1965162572719907,0.20087635944726,0.2056028958715137,5.356216700559036,0.1965162572719907,0.20087635944726,0.2056028958715137,-0.99,0.039,-0.0096015999999999,-1.5993149999999987,-0.8907431999999994,0.9523569999999992,-32.0,34.3008207,-31.3008207,100.0,33.5030083,59.19020179999895,20.45582239999964,17.44761389999969,16.545151099999707,51.74119859999908,312.03460349999966,-1.0062082,-0.0753701,0.0241512999999999,5.3085165000000005,1.9177209,2.0108598000000004,-5.208166999999996,16.421653,-93.994681,100.0,32.352135000000004,121.45283240000045,15.615364300000056,17.350404200000064,12.723630100000046,40.48427780000014,347.6428684999995,-0.9972331,-0.0286653,0.0132331,-5.2044607,-8.2296071,0.3843888999999996,3.800309800000004,28.0,43.567462500000005,100.0,32.6423282,89.65910630000029,6.809552600000021,5.107164100000015,5.107164100000015,14.754030500000043,452.6364185999992,-1.033862,-0.0706227,-0.0039701,2.3299208000000005,1.4269978,1.16,11.622986999999998,-15.137986799999998,42.622987,100.0,40.64138,77.60005899999993,95.06007229999992,67.41505159999994,50.92503899999996,190.12014459999983,373.7789673999998,-1.0046129,-0.0105221,-0.0045221,0.3495453000000003,1.8410833,4.8912275,8.386773800000002,-15.521649,29.386773800000004,100.0,32.75,110.49907509999989,47.35674619999995,37.31137559999996,41.13818369999996,119.58774329999986,394.5452806999997,-1.0077753,0.124,-0.0111025,2.8074148,1.7893362000000006,4.1568571,-24.11241,35.0,32.5610034,100.0,33.0767344,119.00206570000029,2.205626400000005,1.654219800000004,1.2152232000000007,4.962659800000012,432.9374010999997,16,G0 X1.4919 Y1.4848
16:23:45.258,5,16,2.85817,0.53505,1.02333,120.15872,30.47563,0.0,,0.0,0,0,,2,0,"{""sr"":{""mpox"":120.15872,""mpoy"":30.47563,""mpoz"":0,""mpoa"":0,""posx"":2.85817,""posy"":0.53505,""posz"":1.02333,""posa"":0,""unit"":0,""stat"":5,""coor"":2,""momo"":0,""dist"":0,""home"":1,""mots"":1,""plan"":0,""line"":16,""path"":2,""frmo"":2,""prbe"":1,""safe"":0,""estp"":0,""spc"":1,""hold"":0,""macs"":5,""cycs"":1,""sps"":12000,""feed"":0,""mark"":176190722}}",5.182568461793815,0.1876218998896232,0.1964479511560951,0.1945444196262438,5.182568461793815,0.1876218998896232,0.1964479511560951,0.1945444196262438,-0.99000046,0.0394610799999999,-0.0104606199999999,-1.5164963799999989,-0.854,0.9721816799999994,-32.0,35.0,-31.53913114000001,100.0,33.49,67.46195354000058,37.22465538000032,31.829725540000275,29.672115380000253,92.79279742000078,298.5355557800004,-1.00583476,-0.075,0.02284462,5.49533436,1.5930276399999994,2.014,-5.193536660000005,16.514112960000002,-93.51411296,100.0,32.35,114.89953097999953,13.118952619999952,14.576613739999946,10.68951641999996,34.012098959999875,327.23818664000027,-0.99718306,-0.02969456,0.0124884999999999,-5.2215475,-8.3755499,0.4070025399999999,4.0,28.51114718,43.48885282,100.0,32.64061128,76.07772057999976,5.866233999999983,4.399675539999986,4.399675539999986,12.71017371999996,437.1876409400003,-1.0330051,-0.07049772,-0.00357864,2.2810412800000006,1.343,1.1167967800000005,11.291747420000002,-15.0,42.29174742,100.0,40.65794196,79.89424874000005,98.48599208000007,69.84465778000005,52.76035348000004,196.97198470000012,353.72584326000003,-1.005,-0.0114032999999999,-0.0026911399999999,0.2922069000000009,1.648,4.77858478,8.50505034,-15.0,28.7016203,100.0,32.73298404,114.05089178000006,49.99995068000005,39.393900380000034,43.43430018000004,126.26250128000012,360.3009019200002,-1.00617296,0.12431612,-0.011,2.94055884,1.7396485600000005,4.130207400000001,-24.0,35.0,32.51085924,100.0,33.07021736,107.12183727999974,1.9565631199999955,1.4674223599999965,1.4674223599999965,4.4022669999999895,383.9178488000001,16,G0 X1.4919 Y1.4848
16:23:45.515,5,16,2.35055,0.88792,1.02333,107.26521,39.43837,0.0,,0.0,0,0,,2,0,"{""sr"":{""mpox"":107.26521,""mpoy"":39.43837,""mpoz"":0,""mpoa"":0,""posx"":2.35055,""posy"":0.88792,""posz"":1.02333,""posa"":0,""unit"":0,""stat"":5,""coor"":2,""momo"":0,""dist"":0,""home"":1,""mots"":1,""plan"":0,""line"":16,""path"":2,""frmo"":2,""prbe"":1,""safe"":0,""estp"":0,""spc"":1,""hold"":0,""macs"":5,""cycs"":1,""sps"":12000,""feed"":0,""mark"":176190722}}",5.274143444952198,0.1898156264192017,0.1972254132249967,0.1995600267976644,5.274143444952198,0.1898156264192017,0.1972254132249967,0.1995600267976644,-0.9900008,0.0395963999999999,-0.010402,-1.7453437999999992,-0.806322400000002,0.8426662000000014,-32.59660879999999,35.0,-31.596608799999988,100.0,33.49,112.292523999998,40.62433319999928,34.65016679999939,32.85791659999942,102.75566659999818,323.1738531999998,-1.0065398,-0.0747034,0.0226189999999999,5.197578600000004,1.874302799999997,1.970391000000001,-5.460347600000004,17.0,-94.4603476,100.0,32.3470328,105.87998260000096,12.429389000000114,13.810432200000124,10.127650600000091,32.224342200000294,353.0755433999995,-0.9975992,-0.0294656,0.013,-5.1188552000000005,-8.443069000000001,0.3254668,3.866440799999996,28.8664408,43.4658004,100.0,32.66,74.52810540000057,5.589607600000043,4.192206000000032,4.192206000000032,12.110817000000091,431.7864065999986,-1.0321792,-0.07,-0.0019236,2.250979000000001,1.577251999999999,1.2020234000000007,11.0,-16.0,42.7832988,100.0,40.67,80.53271379999985,99.9013405999998,70.84839959999988,53.51857499999991,199.80268159999963,380.4969215999995,-1.0042212,-0.010733,-0.0035333999999999,0.3183048,1.7670328000000004,4.770215600000001,6.378088600000036,-11.51077520000007,21.77614900000013,100.0,32.7473324,125.99149299999972,50.703893399999885,39.94852259999991,44.0458067999999,128.04013519999972,379.0375605999993,-1.0072496,0.1237504,-0.0112496,2.7439323999999985,1.800567599999999,4.258453199999999,-25.0,35.0,32.0,100.0,33.077505599999995,102.55309340000056,1.8949778000000104,1.421233000000008,1.1717886000000013,4.263699600000024,377.1101259999995,16,G0 X1.4919 Y1.4848
16:23:45.772,5,16,1.84294,1.24078,1.02333,94.37169,48.40111,0.0,,0.0,0,0,,2,0,"{""sr"":{""mpox"":94.37169,""mpoy"":48.40111,""mpoz"":0,""mpoa"":0,""posx"":1.84294,""posy"":1.24078,""posz"":1.02333,""posa"":0,""unit"":0,""stat"":5,""coor"":2,""momo"":0,""dist"":0,""home"":1,""mots"":1,""plan"":0,""line"":16,""path"":2,""frmo"":2,""prbe"":1,""safe"":0,""estp"":0,""spc"":1,""hold"":0,""macs"":5,""cycs"":1,""sps"":12000,""feed"":0,""mark"":176190722}}",5.329359830418741,0.2034834154335046,0.2070097462499228,0.2028643568306804,5.329359830418741,0.2034834154335046,0.2070097462499228,0.2028643568306804,-0.991,0.03925974,-0.00974026,-1.709,-0.8859711999999998,1.03792526,-32.0,34.74037804,-31.74099002,100.0,33.49739798,47.55363899999982,17.69590211999992,15.093563759999936,14.312249479999943,44.50060095999982,216.05453472,-1.006,-0.07515756,0.02318542,5.4785804,1.8148654,2.10155088,-5.4071459,16.51405876,-94.5928541,100.0,32.33485922,145.9209783600001,16.00706880000001,17.785631840000015,13.042797080000009,41.49980812000003,281.13669589999995,-0.99717368,-0.02908684,0.01398494,-5.136868399999999,-8.43962482,0.3324296399999998,4.0,28.49232348,43.49232348,100.0,32.659846439999995,88.84725998000006,6.9502370600000045,5.212677980000003,5.212677980000003,15.058847580000007,426.44417034,-1.03158524,-0.0708596,-0.0018596,2.18250088,1.27457824,1.00415918,11.0,-15.48174308,42.85971882,100.0,40.67,75.97514343999998,94.42166584,66.96230388,50.58303545999999,188.84333168,380.20657778,-1.005,-0.01047922,-0.00347922,0.4479439000000001,1.59828544,4.7266842,8.47915102,-15.8566854,29.0,100.0,32.74143312,120.89364345999998,47.43593751999999,37.37376879999999,41.20697547999999,119.78772049999998,375.71813318000005,-1.0067039999999998,0.124,-0.0117299,2.95105178,1.76159772,4.19011202,-24.7299,34.7299,33.163722,100.0,33.08,123.42671522000006,2.2647100000000013,1.698533000000001,1.1323550000000009,5.0955980000000025,386.8751292,16,G0 X1.4919 Y1.4848
16:23:46.029,5,16,1.49803,1.48054,1.02333,85.61119,54.49086,0.0,,0.0,0,0,,2,0,"{""sr"":{""mpox"":85.61119,""mpoy"":54.49086,""mpoz"":0,""mpoa"":0,""posx"":1.49803,""posy"":1.48054,""posz"":1.02333,""posa"":0,""unit"":0,""stat"":5,""coor"":2,""momo"":0,""dist"":0,""home"":1,""mots"":1,""plan"":0,""line"":16,""path"":2,""frmo"":2,""prbe"":1,""safe"":0,""estp"":0,""spc"":1,""hold"":0,""macs"":5,""cycs"":1,""sps"":12000,""feed"":0,""mark"":176190722}}",5.30752602363166,0.2002554277113574,0.2147424335739381,0.2088861574604411,5.30752602363166,0.2002554277113574,0.2147424335739381,0.2088861574604411,-0.99087484,0.04,-0.0107487999999999,-1.747041999999999,-0.854,1.0303470799999996,-32.0,35.0,-31.125451760000004,100.0,33.49,210.7660511999988,60.34380751999967,51.5983279999997,48.10013603999973,150.42224367999916,324.0,-1.006,-0.075,0.02185288,5.368760920000001,1.5183907200000015,1.99246308,-5.036705480000002,16.389776320000006,-94.0,100.0,32.32683608,86.85535012000048,9.532904640000051,10.592115400000058,7.767551320000041,24.714936560000137,355.42042212000024,-0.99758696,-0.0290798,0.014,-5.277476999999999,-8.06187092,0.6457834399999998,4.0,28.9600742,44.0,100.0,32.646265320000005,53.03045764000024,4.48144744000002,3.361085800000015,3.361085800000015,9.709801640000045,431.5884218400004,-1.03268036,-0.07046936,-0.0033402399999999,2.39682172,1.5319059199999998,0.971999480000001,11.064596480000002,-15.0,43.0,100.0,40.68,82.74915459999994,103.96688707999992,73.73161919999994,55.69654663999996,207.93377403999983,434.2153205600004,-1.00406612,-0.011,-0.00306612,0.5028068799999998,1.8471325600000008,4.83111768,8.392207199999998,-15.392207199999998,30.3922072,100.0,32.72607784,96.41821819999991,53.62586339999995,42.25068011999996,46.58408347999996,135.41884607999987,386.7864030800004,-1.00640524,0.12273524,-0.012,2.83569916,1.7468889200000004,4.22255504,-24.59471728,35.0,31.73535136,100.0,33.07669912,88.02156368000028,1.621130760000005,1.2158480400000038,1.2158480400000038,3.647544120000012,407.0231920400004,16,G0 X1.4919 Y1.4848
16:23:46.288,5,17,1.4919,1.4848,0.99763,85.45539,54.59916,-0.65278,,0.0,0,0,,2,0,"{""sr"":{""mpox"":85.45539,""mpoy"":54.59916,""mpoz"":-0.65278,""mpoa"":0,""posx"":1.4919,""posy"":1.4848,""posz"":0.99763,""posa"":0,""unit"":0,""stat"":5,""coor"":2,""momo"":0,""dist"":0,""home"":1,""mots"":1,""plan"":0,""line"":17,""path"":2,""frmo"":2,""prbe"":1,""safe"":0,""estp"":0,""spc"":1,""hold"":0,""macs"":5,""cycs"":1,""sps"":12000,""feed"":0,""mark"":176190722}}",5.298904586564537,0.2069876991605797,0.2077302286050546,0.205492899112869,5.298904586564537,0.2069876991605797,0.2077302286050546,0.205492899112869,-0.99098778,0.03898778,-0.011,-1.5760295999999996,-0.97262314,0.92037686,-32.0,35.0,-32.01181016,100.0,33.48059946,5.882457440000162,4.879503580000166,4.221877260000144,3.9466572000001343,12.342274560000424,337.12629284,-1.006,-0.0742867,0.02104164,5.39926838,1.7216993000000005,2.06992028,-5.0,16.04163712,-94.0,100.0,32.33671566,164.54390883999977,18.133410039999973,20.14823417999997,14.775370999999978,47.01254549999993,362.56506222,-0.99740028,-0.02968098,0.0139600999999999,-5.13664538,-8.25459916,0.4294322800000001,3.960126639999998,28.03987336,42.63959886,100.0,32.64720826,104.25462179999988,7.67518719999999,5.756390619999992,5.756390619999992,16.629571179999978,490.93990388,-1.03404656,-0.06944302,-0.0024818799999999,2.1934645200000005,1.4186480000000004,1.0645429999999998,11.9723979,-15.53726164,43.04692024,100.0,40.68490332,73.11271328000004,90.69678340000004,64.32067822000003,48.58756242000002,181.3935668000001,369.0192685200001,-1.00445536,-0.0100267,-0.0049465399999999,0.3943251799999998,1.8288273,4.7054334,8.482190660000002,-15.97327318,30.03561774,100.0,32.7345543,100.65759698000006,45.09095952000003,35.52621102000002,39.16992432000002,113.86605966000006,373.0762599600001,-1.00739094,0.12339094,-0.0111721799999999,2.89287432,1.7369897800000005,4.102365700000001,-24.5861323,34.6086212,32.0,100.0,33.093914219999995,132.11574115999986,2.4344838599999976,1.825862659999998,1.825862659999998,5.477588979999994,412.85284526,17,Z0.6
16:23:46.544,5,17,1.4919,1.4848,0.76528,85.45539,54.59916,-6.5545,,0.0,0,0,,2,0,"{""sr"":{""mpox"":85.45539,""mpoy"":54.59916,""mpoz"":-6.5545,""mpoa"":0,""posx"":1.4919,""posy"":1.4848,""posz"":0.76528,""posa"":0,""unit"":0,""stat"":5,""coor"":2,""momo"":0,""dist"":0,""home"":1,""mots"":1,""plan"":0,""line"":17,""path"":2,""frmo"":2,""prbe"":1,""safe"":0,""estp"":0,""spc"":1,""hold"":0,""macs"":5,""cycs"":1,""sps"":12000,""feed"":0,""mark"":176190722}}",5.143049637248579,0.2005352242092405,0.2032203776178156,0.2083472978601153,5.143049637248579,0.2005352242092405,0.2032203776178156,0.2083472978601153,-0.99082036,0.039,-0.0093625599999999,-1.648,-0.8760919399999987,0.9659355200000006,-32.0,34.18138961999999,-31.18138961999999,100.0,33.47181408,165.3593399800021,55.66552064000069,47.47941448000059,45.023582340000566,140.80102186000175,340.80912564000096,-1.00687472,-0.07550184,0.0227525799999999,5.3406515200000015,1.6634829999999967,1.9912755,-5.0,16.0,-94.50211716,100.0,32.337489160000004,93.474002779999,10.162918579999891,11.29213205999988,8.280896539999912,26.34830737999972,347.0298379599999,-0.997,-0.02966992,0.01327552,-5.060892240000002,-8.306107759999998,0.571311600000001,3.5213519200000274,24.9247181200002,38.4596175200003,100.0,32.65670212,58.914333199999525,4.73899097999996,3.5542435999999693,3.5542435999999693,10.267813819999912,470.29018774,-1.03375088,-0.0715580199999999,-0.00205074,2.3142436999999982,1.57575044,1.1178254400000005,11.557663299999994,-16.0,42.5576633,100.0,40.69,83.36482778000014,102.96885566000016,73.0238309000001,55.16188728000009,206.38004784000032,345.5145892199998,-1.00453428,-0.0106150999999999,-0.00383836,0.4390967800000016,1.795027499999999,4.91481218,8.534103840000002,-15.0,29.01259359999999,100.0,32.73,75.87016205999996,52.8762708200001,41.66009174000008,45.93292200000009,133.52593574000025,335.15441473999994,-1.0074875,0.12335322,-0.01160546,2.858197239999998,1.589546319999999,4.22073652,-24.487310579999995,35.0,32.0,100.0,33.09445542,91.60179075999945,1.6807669199999895,1.260575279999992,0.8403834599999949,3.7817256599999767,360.49751322,17,Z0.6
16:23:46.820,5,18,1.4919,1.4848,0.43783,85.45539,54.59916,-14.8716,,0.0,0,0,,2,0,"{""sr"":{""mpox"":85.45539,""mpoy"":54.59916,""mpoz"":-14.8716,""mpoa"":0,""posx"":1.4919,""posy"":1.4848,""posz"":0.43783,""posa"":0,""unit"":0,""stat"":5,""coor"":2,""momo"":0,""dist"":0,""home"":1,""mots"":1,""plan"":0,""line"":18,""path"":2,""frmo"":2,""prbe"":1,""safe"":0,""estp"":0,""spc"":1,""hold"":0,""macs"":5,""cycs"":1,""sps"":12000,""feed"":0,""mark"":176190722}}",5.13635955492411,0.1995756175892893,0.2101158277360274,0.2085545654766246,5.13635955492411,0.1995756175892893,0.2101158277360274,0.2085545654766246,-0.991,0.0396958,-0.011,-1.709,-0.9955736999999996,0.8354263000000003,-32.0,35.0,-31.695508100000005,100.0,33.47,144.66573170000112,47.29456620000036,41.03499120000032,38.25295810000029,119.62743170000093,384.9834574000007,-1.0060912,-0.0745791,0.0236703,5.2684517,1.9647822,1.9101479999999995,-5.0,16.908847100000003,-94.4208715,100.0,32.3357911,103.11362789999949,11.363542799999944,12.626158299999938,9.259182999999954,29.46103659999985,372.5669419999998,-0.9971005,-0.0294318999999999,0.0135681,-5.2872298,-8.227721,0.5551394999999999,3.899352700000002,28.0,43.431843,100.0,32.6463312,66.93561649999972,5.1821118999999785,3.886584599999984,3.886584599999984,11.227909799999953,506.3853757999997,-1.0319327,-0.0700013999999999,-0.0017112999999999,2.2047571,1.523810600000001,1.0813830999999998,11.838364200000004,-15.161635799999996,43.0,100.0,40.7,81.09367500000006,101.23796310000009,71.79631040000005,54.23462310000004,202.47592650000016,345.9667823999995,-1.0036456,-0.0112069999999999,-0.0041464,0.4104052999999999,1.8489028000000007,4.7317524,8.166361399999998,-15.166361399999998,30.0,100.0,32.7368689,74.43623540000009,51.53277820000005,40.60158310000005,44.76584810000005,130.13327860000015,358.1347715999997,-1.007,0.1235243,-0.0114505999999999,2.9604505000000003,1.7425309,4.0234791,-24.811900000000005,35.0,32.7377828,100.0,33.0871254,97.7187838999997,1.8012674999999947,1.350951299999996,1.350951299999996,4.052852899999988,365.3768829999996,18,G0 Z0.2
16:23:47.095,5,18,1.4919,1.4848,0.20354,85.45539,54.59916,-20.82256,,0.0,0,0,,2,0,"{""sr"":{""mpox"":85.45539,""mpoy"":54.59916,""mpoz"":-20.82256,""mpoa"":0,""posx"":1.4919,""posy"":1.4848,""posz"":0.20354,""posa"":0,""unit"":0,""stat"":5,""coor"":2,""momo"":0,""dist"":0,""home"":1,""mots"":1,""plan"":0,""line"":18,""path"":2,""frmo"":2,""prbe"":1,""safe"":0,""estp"":0,""spc"":1,""hold"":0,""macs"":5,""cycs"":1,""sps"":12000,""feed"":0,""mark"":176190722}}",5.338629153124272,0.2095711438047678,0.2154864034694468,0.2081787807563419,5.338629153124272,0.2095711438047678,0.2154864034694468,0.2081787807563419,-0.9910024,0.0384023999999999,-0.0084071999999999,-1.6601999999999997,-0.9648000000000002,0.9649456000000002,-32.0,34.9976192,-31.2023808,100.0,33.46,41.16664159999928,13.76187999999976,11.738074399999796,11.130932799999805,34.80946239999939,331.4690672000002,-1.0063836,-0.075,0.0218612,5.2899676,2.1248626000000006,2.0834612,-5.0,16.7554808,-94.0,100.0,32.331387,133.8396344000003,16.652857600000036,18.50317500000004,13.568995200000032,43.1740758000001,342.1740389999997,-0.9975992,-0.0297328,0.0119343999999999,-5.1148484,-8.4310274,0.3985941999999994,4.0,28.0,42.6672102,100.0,32.647332,87.54211720000016,7.195242600000014,5.396431800000011,5.396431800000011,15.589692000000031,481.9672473999997,-1.0330814,-0.069409,-0.0023416,2.4611942,1.6809246000000009,1.0700638,11.4743664,-16.0,44.3415328,100.0,40.7,74.47555159999995,92.97584779999994,65.93695339999996,49.80849019999997,185.95169559999988,351.64063919999995,-1.0049104,-0.011,-0.0054687999999999,0.4841833999999999,1.908021,4.7664622,9.0,-15.0,29.558263199999995,100.0,32.73,77.33849959999993,46.40310019999996,36.56001799999997,40.30976359999997,117.1795449999999,322.15140659999986,-1.0074258,0.1234258,-0.0120726,2.9207164000000003,1.6314249999999992,4.2017164000000005,-24.5011592,34.9250656,32.5737752,100.0,33.0927632,125.5818358000002,2.2951008000000037,1.7213256000000026,1.2224848000000004,5.163976800000008,406.4964594,18,G0 Z0.2
16:23:47.352,5,19,1.4919,1.4848,0.10287,85.45539,54.59916,-23.37961,,0.0,0,0,,2,0,"{""sr"":{""mpox"":85.45539,""mpoy"":54.59916,""mpoz"":-23.37961,""mpoa"":0,""posx"":1.4919,""posy"":1.4848,""posz"":0.10287,""posa"":0,""unit"":0,""stat"":5,""coor"":2,""momo"":0,""dist"":0,""home"":1,""mots"":1,""plan"":0,""line"":19,""path"":2,""frmo"":2,""prbe"":1,""safe"":0,""estp"":0,""spc"":1,""hold"":0,""macs"":5,""cycs"":1,""sps"":12000,""feed"":0,""mark"":176190722}}",5.261379020602025,0.2108417773377683,0.2122412268959828,0.2117384314161488,5.261379020602025,0.2108417773377683,0.2122412268959828,0.2117384314161488,-0.99066068,0.03834988,-0.01032876,-1.565508499999998,-0.916,0.9167845400000016,-32.0,35.0,-32.0,100.0,33.460053460000005,122.5287398399985,44.555905639999445,38.00356621999953,35.38263065999956,112.7002313799986,314.6027969199994,-1.00676336,-0.07467622,0.0225554,5.21781862,2.0048935199999987,2.135038540000001,-5.0,16.763466079999993,-94.0,100.0,32.34357166,107.5535803600008,11.871553100000083,13.190615040000097,9.67311710000007,30.77810076000022,361.79266685999966,-0.99722308,-0.0298765599999999,0.01322576,-5.1881737800000005,-8.17292084,0.5078528999999995,4.0,28.222946019999995,42.6716901,100.0,32.637770520000004,69.12646180000047,5.384922640000032,4.038692060000024,4.038692060000024,11.441535040000064,445.2833870399998,-1.03388518,-0.07064426,-0.0018432599999999,2.29086524,1.1998612800000008,1.074707740000001,11.156903540000004,-15.51292338,43.0,100.0,40.71643996,80.52899891999989,100.53301721999988,71.29637449999991,53.85697373999993,201.42205461999976,376.0778169600003,-1.0041513,-0.0108486999999999,-0.00448504,0.3234759400000004,2.01214962,4.775810319999999,9.0,-15.0,29.48483488,100.0,32.71,124.18455613999984,51.00134851999992,40.18288059999993,44.304201919999926,128.7912837799998,347.8765715600001,-1.0070455,0.124,-0.0124131599999999,2.91940354,1.74201464,4.211,-24.45876996,35.0,32.28505431999999,100.0,33.07045668,99.09423116000043,1.835078180000008,1.376309220000006,1.376309220000006,4.128926660000018,385.67733658000026,19,Z0.1
16:23:47.612,5,22,1.50845,1.47204,0.09926,85.87565,54.27513,-23.47122,,185.42,0,0,,2,1,"{""sr"":{""mpox"":85.87565,""mpoy"":54.27513,""mpoz"":-23.47122,""mpoa"":0,""posx"":1.50845,""posy"":1.47204,""posz"":0.09926,""posa"":0,""unit"":0,""stat"":5,""coor"":2,""momo"":1,""dist"":0,""home"":1,""mots"":1,""plan"":0,""line"":22,""path"":2,""frmo"":2,""prbe"":1,""safe"":0,""estp"":0,""spc"":1,""hold"":0,""macs"":5,""cycs"":1,""sps"":12000,""feed"":185.42,""mark"":176190722}}",5.195836222364676,0.2014364097700831,0.2100868575845698,0.2118678350386535,5.195836222364676,0.2014364097700831,0.2100868575845698,0.2118678350386535,-0.99053868,0.03900276,-0.0099387199999999,-1.7138761600000003,-0.97673816,0.9162646,-32.00137954,34.002825660000006,-32.0,100.0,33.4599862,43.27056238000037,36.71547416000031,31.85607324000027,29.15778530000025,92.8685521600008,316.48230032,-1.00651506,-0.07488928,0.02232466,5.16043946,1.9521806399999992,2.0368495600000003,-5.625418199999997,16.484888659999996,-94.34435958,100.0,32.34515128,105.7057466799996,13.091996179999953,14.546662079999948,10.667552499999962,33.942212059999875,393.4682645600006,-0.99764198,-0.02915272,0.01335802,-5.30068408,-8.14784216,0.5040010199999995,4.0,28.358061040000003,43.0,100.0,32.63925832,74.85069653999976,5.870642919999982,4.402981899999986,4.402981899999986,12.71972589999996,507.4013143400009,-1.03174658,-0.0530885999999998,0.00048446,2.428486240000002,1.7378708199999997,1.2062729399999996,11.502533759999992,-19.821545140000016,37.33023166,100.0,40.73000644,80.10664162000006,98.24399446000008,70.03033428000005,52.90061278000004,197.9994347400001,488.4643792400013,-1.00473722,-0.010988,-0.00449216,0.3217588799999996,1.84752756,4.85350574,9.0,-15.0,29.25401016,100.0,32.72250218,84.20711580000008,49.91918820000005,39.33026962000004,43.36414356000004,126.56279120000012,413.3087134200008,-1.00608408,0.1224677,-0.01130842,2.9227794799999995,1.8583215200000005,4.1064915,-24.0,34.48930522,32.51069478,100.0,33.075106819999995,106.09503127999976,1.9572207999999955,1.4679155799999966,1.1811676799999995,4.40374627999999,427.1545784400007,22,X1.5123 Y1.4696 Z0.0991
16:23:47.869,5,26,1.53664,1.45857,0.09816,86.59177,53.93283,-23.49928,,185.42,0,0,,2,1,"{""sr"":{""mpox"":86.59177,""mpoy"":53.93283,""mpoz"":-23.49928,""mpoa"":0,""posx"":1.53664,""posy"":1.45857,""posz"":0.09816,""posa"":0,""unit"":0,""stat"":5,""coor"":2,""momo"":1,""dist"":0,""home"":1,""mots"":1,""plan"":0,""line"":26,""path"":2,""frmo"":2,""prbe"":1,""safe"":0,""estp"":0,""spc"":1,""hold"":0,""macs"":5,""cycs"":1,""sps"":12000,""feed"":185.42,""mark"":176190722}}",5.169413107353067,0.1982520910138246,0.1984254746136475,0.2062039474359538,5.169413107353067,0.1982520910138246,0.1984254746136475,0.2062039474359538,-0.99877552,0.0430975599999999,-0.0175472,-1.64601016,-0.9330024800000004,0.89600768,-32.0,34.32245956,-31.32245956,100.0,33.46,37.72777736000016,21.9272555200001,19.025118800000087,17.41282032000008,55.463057240000246,1985.06149104,-1.0013226,-0.07535572,0.01993568,5.401611239999999,1.8506896,2.075,-5.0,16.0,-92.04484124,100.0,32.3309792,140.77202871999987,15.427319839999983,17.141466679999983,12.570408559999988,39.99675591999996,2510.3255957200004,-1.00398292,-0.0285312,0.01566476,-5.10098232,-8.02043576,0.49448128,3.450944039999999,28.45094404,42.45094404,100.0,32.65230272,89.68013679999991,6.6863532399999945,5.014765599999996,5.014765599999996,14.487099919999988,5651.763506880002,-0.92208916,0.4459562399999997,0.0499043999999999,3.005469080000002,1.913038,1.28579264,12.17281568,-29.931410480000032,36.32470608000002,100.0,40.74,77.79051016000001,94.95325648000002,67.33929900000001,50.86781636000001,190.21815256000005,4502.456096559999,-1.00633684,-0.0063469599999999,0.00150232,0.58330552,1.93197912,4.7579884,9.696985880000002,-15.52079388,28.30301412,100.0,32.71,108.06822332000004,47.441404280000015,37.37807588000001,41.21172480000001,119.80152480000004,2595.3914351599988,-1.01623488,0.12398416,-0.01127884,2.6770820000000004,1.709,4.1654672800000005,-24.74643548,35.0,31.79992,100.0,33.08492856,119.65178335999992,2.1854209199999985,1.6390654399999989,1.6390654399999989,4.917196319999997,3408.609502239998,26,X1.5437 Y1.4565 Z0.0979
16:23:48.126,5,29,1.56748,1.45272,0.09705,87.37522,53.78424,-23.52743,,185.42,0,0,,2,1,"{""sr"":{""mpox"":87.37522,""mpoy"":53.78424,""mpoz"":-23.52743,""mpoa"":0,""posx"":1.56748,""posy"":1.45272,""posz"":0.09705,""posa"":0,""unit"":0,""stat"":5,""coor"":2,""momo"":1,""dist"":0,""home"":1,""mots"":1,""plan"":0,""line"":29,""path"":2,""frmo"":2,""prbe"":1,""safe"":0,""estp"":0,""spc"":1,""hold"":0,""macs"":5,""cycs"":1,""sps"":12000,""feed"":185.42,""mark"":176190722}}",5.204508997457059,0.1832154399528955,0.186360289271207,0.1975556422655303,5.204508997457059,0.1832154399528955,0.186360289271207,0.1975556422655303,-0.9896463,0.0342064599999999,-0.0155185799999999,-1.5481911199999987,-0.7758676199999975,0.9268246599999994,-32.82000000000001,35.0,-31.35873729999998,100.0,33.4699874,89.6590444600011,55.8458598200007,47.63323336000059,44.34944544000056,141.25717486000175,1554.73657502,-1.00980094,-0.08169624,0.0433876200000001,5.6318522400000015,1.78955134,2.03691914,-6.0,16.0,-93.4309323,100.0,32.34237554,92.05191265999902,10.144496359999891,11.27166239999988,8.265885899999912,26.30054653999972,1678.2743211400038,-1.00879458,-0.02776198,0.0109052999999999,-5.161845539999999,-8.369984900000002,0.3413399399999979,4.0,28.547472180000007,43.15466268000001,100.0,32.64,59.31415445999948,4.713707899999958,3.535280399999969,3.535280399999969,10.21303315999991,3150.9056320800046,-0.946804119999999,0.3925137400000016,0.0015457599999997,2.31526064,1.5874948199999974,1.2739100799999992,8.242699699999982,-33.05320060000005,21.10785909999996,100.0,40.74,83.46479634000013,102.88742162000015,72.96607938000011,55.118261560000086,205.77484342000037,1679.1519666200006,-1.00663428,-0.01833674,-0.01213856,0.4925034399999989,1.8769444000000024,4.83237198,9.0,-15.0,29.46456178,100.0,32.72900838,66.92979230000013,53.00839520000011,41.76419066000008,46.0476970600001,133.85958478000026,1838.1353315800036,-0.99788758,0.11894288,-0.00837676,2.960561860000001,1.77894326,4.126323859999999,-25.0,34.41983292,31.306950600000004,100.0,33.07386066,92.25041927999943,1.6793331399999896,1.2594993999999922,0.8396664799999948,3.778499019999977,1531.799458420002,29,X1.5689 Y1.4526 Z0.097
16:23:48.383,5,33,1.5986,1.45485,0.09595,88.16557,53.83843,-23.55537,,185.42,0,0,,2,1,"{""sr"":{""mpox"":88.16557,""mpoy"":53.83843,""mpoz"":-23.55537,""mpoa"":0,""posx"":1.5986,""posy"":1.45485,""posz"":0.09595,""posa"":0,""unit"":0,""stat"":5,""coor"":2,""momo"":1,""dist"":0,""home"":1,""mots"":1,""plan"":0,""line"":33,""path"":2,""frmo"":2,""prbe"":1,""safe"":0,""estp"":0,""spc"":1,""hold"":0,""macs"":5,""cycs"":1,""sps"":12000,""feed"":185.42,""mark"":176190722}}",5.291954015324909,0.1970462052196223,0.1951710319203591,0.1977361836752992,5.291954015324909,0.1970462052196223,0.1951710319203591,0.1977361836752992,-0.99499916,0.04850712,-0.0030847999999999,-1.5820322800000004,-1.0230202800000017,0.9744899200000002,-32.0,34.9997134,-31.958848960000005,100.0,33.48,7.84595355999919,2.778774959999715,2.370131559999753,2.2066747599997694,7.028666759999273,1707.9458455200006,-1.0039727200000002,-0.0756168,0.01771152,5.32953188,1.8529352799999992,2.09604028,-5.6786462800000015,16.0,-93.0,100.0,32.33024728,166.2682968000004,17.65716248000004,20.359383520000048,14.930214280000037,47.50522792000011,1856.89896204,-1.00798364,-0.0276914799999999,0.0123895599999999,-5.14583232,-8.080775359999999,0.4946459199999994,3.0135055199999985,28.36274528,43.0,100.0,32.64986496,100.17651700000022,7.809119040000016,5.856839280000012,5.856839280000012,16.919758520000034,2902.04747324,-0.94466668,0.23023916,-0.0044513999999999,2.28635124,1.5560629600000002,1.2009683199999996,11.55661628000003,-33.92117404000007,33.82821964000007,100.0,40.71021456,73.85877083999993,90.99313307999994,64.53084463999996,48.74632127999997,181.98626707999983,1971.3882443199996,-1.00605048,-0.01167888,-0.00610748,0.1772013600000005,1.8389721599999989,5.0010705600000005,5.016020159999982,-8.360033279999971,16.141258759999946,100.0,32.75,113.4855973599999,45.94955131999997,36.202677119999976,39.91577195999997,116.47688563999992,1634.859473519998,-1.0081116,0.1225444399999999,-0.0117117599999999,2.7362075599999995,1.67978872,4.095685400000001,-24.61346732,35.0,32.02500148,100.0,33.089249960000004,133.12230388000023,2.4538672800000043,1.8404009600000035,1.8404009600000035,5.52120188000001,1753.3877616400005,33,X1.6028 Y1.4557 Z0.0958
16:23:48.641,5,37,1.6282,1.46475,0.09485,88.91748,54.08992,-23.58335,,185.42,0,0,,2,1,"{""sr"":{""mpox"":88.91748,""mpoy"":54.08992,""mpoz"":-23.58335,""mpoa"":0,""posx"":1.6282,""posy"":1.46475,""posz"":0.09485,""posa"":0,""unit"":0,""stat"":5,""coor"":2,""momo"":1,""dist"":0,""home"":1,""mots"":1,""plan"":0,""line"":37,""path"":2,""frmo"":2,""prbe"":1,""safe"":0,""estp"":0,""spc"":1,""hold"":0,""macs"":5,""cycs"":1,""sps"":12000,""feed"":185.42,""mark"":176190722}}",5.353199101467729,0.2013537965010508,0.206075954404034,0.203259141478642,5.353199101467729,0.2013537965010508,0.206075954404034,0.203259141478642,-0.9989079200000004,0.0317299599999998,-0.0177850800000002,-1.64800804,-1.0009008000000086,0.916,-32.0,35.0,-31.12150363999997,100.0,33.49,222.3264839200072,59.75577024000193,50.96815692000165,47.453112200001534,150.26832020000484,3067.684023359988,-1.0057168,-0.0774029199999999,0.02098416,5.583487920000003,1.616452159999996,2.136,-5.9166349200000194,16.0,-94.0,100.0,32.34166728,84.56737631999725,9.4463346399997,10.495927479999668,7.697012999999755,24.49049635999922,1729.9893413199995,-0.9868096799999996,-0.0315757600000001,0.0138796,-5.344925519999997,-8.349795600000002,0.40668544,1.1202344799999715,10.455521599999736,15.683281959999604,100.0,32.64293568,56.27949539999868,4.480937919999887,3.360703439999915,3.360703439999915,9.708698279999757,5638.130236880005,-0.9998887200000006,0.3546161200000039,0.0281492000000007,2.316844160000016,1.799300120000002,1.127981040000001,12.939740439999996,-17.06723964000003,35.41311592,100.0,40.68475112,84.23561420000038,103.90545084000046,73.68804932000032,55.66363376000024,207.8109008000009,2840.8049098800084,-1.00686936,-0.0093463199999999,-0.0030697199999998,0.3955592000000009,1.9102848400000023,4.757711040000001,9.461504919999998,-15.538495080000002,28.515422719999982,100.0,32.75484616,132.73870500000078,53.31101612000029,42.00261940000022,46.31057980000025,135.10835704000073,3833.432043680012,-1.0194901200000002,0.1241815599999998,-0.0141069199999999,2.8443933200000004,1.7973382399999989,4.19185644,-24.95522020000001,34.955220200000014,32.0,100.0,33.08,87.53544971999844,1.613556559999971,1.2101676399999783,1.2101676399999783,3.630502159999935,3116.615602440009,37,X1.6345 Y1.4679 Z0.0946
16:23:48.897,5,40,1.65436,1.48184,0.09383,89.5818,54.52405,-23.60926,,185.42,0,0,,2,1,"{""sr"":{""mpox"":89.5818,""mpoy"":54.52405,""mpoz"":-23.60926,""mpoa"":0,""posx"":1.65436,""posy"":1.48184,""posz"":0.09383,""posa"":0,""unit"":0,""stat"":5,""coor"":2,""momo"":1,""dist"":0,""home"":1,""mots"":1,""plan"":0,""line"":40,""path"":2,""frmo"":2,""prbe"":1,""safe"":0,""estp"":0,""spc"":1,""hold"":0,""macs"":5,""cycs"":1,""sps"":12000,""feed"":185.42,""mark"":176190722}}",5.20601332608839,0.196518801958575,0.2010743846022581,0.2015419730414688,5.20601332608839,0.196518801958575,0.2010743846022581,0.2015419730414688,-0.9884076399999998,0.0454247599999998,-0.0015063199999999,-1.5531087599999922,-0.9129124399999948,0.8862710800000025,-32.00139916,35.0,-32.00039552,100.0,33.49240384,46.24193099999592,16.389652079998555,13.979615159998769,13.255205079998827,41.45264095999635,1950.066914680008,-1.0083084,-0.0803724,0.0326202799999998,5.449915440000002,1.6550818000000005,2.0773028000000022,-5.0,16.0,-93.76958548,100.0,32.34602432,143.382587280002,15.663643840000216,18.07343508000025,13.253852840000183,42.77379708000059,1844.9820104800028,-0.9837691199999998,-0.0332947600000001,0.0124790399999999,-5.363034360000004,-8.23025816,0.5190022000000009,3.746835639999993,28.253164360000007,42.0,100.0,32.6309346,94.52812076000114,7.0455744400000855,5.284180760000064,5.284180760000064,14.678279840000178,3641.3559769600274,-0.9329751199999972,0.245708480000002,0.0007634399999997,2.4006253999999885,1.6524420400000024,1.3017326800000002,8.845470960000005,-20.95802251999991,20.45736651999993,100.0,40.66411388,76.48290119999973,93.69155475999966,66.44452083999975,50.19190407999982,187.8611267999993,2300.34074924001,-1.0067852,-0.01588416,-0.0089397199999999,0.580863079999999,1.6871460000000007,4.815448720000001,9.0,-15.528348440000002,28.89260264000001,100.0,32.77579036,87.25557323999959,46.22187155999978,36.31718511999983,40.56205087999981,117.44128587999944,2626.4441859200174,-1.0113834,0.1225003999999998,-0.0109808399999998,2.9035510800000006,1.72996684,4.102583480000001,-24.476539760000016,34.56640728000001,31.61332775999998,100.0,33.07,123.00025660000117,2.265629640000021,1.6992216000000162,1.6093543200000242,5.0976658000000485,2173.374705840011,40,X1.6553 Y1.4826 Z0.0938
16:23:49.156,5,44,1.67542,1.50519,0.09273,90.11685,55.11703,-23.63707,,185.42,0,0,,2,1,"{""sr"":{""mpox"":90.11685,""mpoy"":55.11703,""mpoz"":-23.63707,""mpoa"":0,""posx"":1.67542,""posy"":1.50519,""posz"":0.09273,""posa"":0,""unit"":0,""stat"":5,""coor"":2,""momo"":1,""dist"":0,""home"":1,""mots"":1,""plan"":0,""line"":44,""path"":2,""frmo"":2,""prbe"":1,""safe"":0,""estp"":0,""spc"":1,""hold"":0,""macs"":5,""cycs"":1,""sps"":12000,""feed"":185.42,""mark"":176190722}}",5.338185845060457,0.2027347258258814,0.2045646577203526,0.2063742633122474,5.338185845060457,0.2027347258258814,0.2045646577203526,0.2063742633122474,-0.99211036,0.0348244800000001,-0.0180645799999998,-1.6507778800000046,-0.998370960000007,0.916,-32.0,34.42206711999999,-32.42206711999999,100.0,33.51,83.80029890000154,39.299450700000726,34.09805262000062,31.786320520000583,99.40449230000182,1651.4500240400018,-1.00370196,-0.0693457599999999,0.0073292599999999,5.518299040000001,1.6879235400000017,2.075,-5.707805580000008,16.0,-93.46892854,100.0,32.3346892,98.5504202199992,12.484334019999883,14.067853599999877,10.316426179999908,32.82499195999971,1660.3003766599995,-0.98519058,-0.03424542,0.0134176799999999,-5.430942779999999,-8.213175399999999,0.4485718000000015,3.5258600600000034,28.0,42.52586006000001,100.0,32.63840378,72.04744351999943,5.689676859999958,4.267257459999969,4.267257459999969,12.133617959999905,2893.34882942,-1.00047432,0.1623476600000014,0.0217205599999998,2.1465073600000006,1.4590020200000022,1.2137597999999994,8.545591940000007,-31.00863189999998,24.07376397999999,100.0,40.67,80.61080672000011,99.27657364000017,70.40532530000011,53.18387884000009,198.86575046000036,2087.25163744,-1.00713542,-0.01544014,-0.0069495599999999,0.4177076000000005,1.7813678799999983,4.77133686,9.321992800000006,-15.491441939999998,28.678007199999996,100.0,32.7949142,94.54904429999976,50.02521550000011,39.34550440000009,43.7359591000001,126.8174226000003,2103.025812340002,-0.9906375,0.11627898,-0.00508808,2.89822292,1.7257442599999993,4.1596495,-24.0,34.0,32.5209422,100.0,33.06158172,105.39276491999942,1.9162320399999893,1.4371738199999922,1.4371738199999922,4.311522459999976,1982.0917891000013,44,X1.6776 Y1.5083 Z0.0926
16:23:49.413,5,48,1.68982,1.5328,0.09163,90.48262,55.81835,-23.66501,,185.42,0,0,,2,1,"{""sr"":{""mpox"":90.48262,""mpoy"":55.81835,""mpoz"":-23.66501,""mpoa"":0,""posx"":1.68982,""posy"":1.5328,""posz"":0.09163,""posa"":0,""unit"":0,""stat"":5,""coor"":2,""momo"":1,""dist"":0,""home"":1,""mots"":1,""plan"":0,""line"":48,""path"":2,""frmo"":2,""prbe"":1,""safe"":0,""estp"":0,""spc"":1,""hold"":0,""macs"":5,""cycs"":1,""sps"":12000,""feed"":185.42,""mark"":176190722}}",5.285555285266353,0.2101594750054073,0.2169407534664055,0.2094185217432325,5.285555285266353,0.2101594750054073,0.2169407534664055,0.2094185217432325,-0.99142912,0.0422647599999998,-0.0097466800000001,-1.6555838799999982,-0.9425299200000008,0.91617556,-32.437837600000016,35.0,-32.0,100.0,33.52,99.0527791999975,38.229933959999045,33.16759471999917,30.916068719999224,96.69197159999756,1575.2361270000038,-1.01258652,-0.0805224799999999,0.0361713599999997,5.494897800000004,1.869302159999996,2.0720830400000008,-5.0,16.0,-92.95217976,100.0,32.334760679999995,115.68983396000134,12.854425600000148,14.282695680000163,10.47397632000012,33.326289920000384,1564.1678277199992,-1.00995832,-0.0278536399999999,0.0126672,-5.31883792,-8.302791160000002,0.5059068800000006,4.0,28.37226111999999,43.22484703999999,100.0,32.631474000000004,73.00937412000071,5.763898040000057,4.322923640000042,4.322923640000042,12.008120880000115,2713.058984640001,-1.0185231600000002,0.0996357199999998,0.0036469200000001,3.178657199999999,1.4802163999999902,1.219716320000001,11.010139039999988,-23.55768583999996,40.1138351199999,100.0,40.67505412,79.86169047999982,99.0689330399998,70.25806991999985,53.07264243999988,198.1378656399996,1749.2465294000008,-1.00775756,-0.01926676,-0.00651652,0.397446079999999,1.889584720000001,4.8391252799999975,8.49197136,-15.242245520000008,29.249725839999996,100.0,32.8,123.45100015999964,50.294851639999855,39.62624687999988,43.69047687999987,127.00720163999962,1668.6748732000028,-1.01758444,0.1277106,-0.01419416,3.0245588799999994,1.7208454400000026,4.13328572,-25.0,34.72599219999999,32.27400780000001,100.0,33.07273988,104.66388740000076,1.933145760000014,1.4498596800000103,1.2405804000000158,4.349578040000032,1596.413259040001,48,X1.692 Y1.5391 Z0.0914
16:23:49.670,5,51,1.69672,1.56339,0.09053,90.65774,56.59539,-23.69317,,185.42,0,0,,2,1,"{""sr"":{""mpox"":90.65774,""mpoy"":56.59539,""mpoz"":-23.69317,""mpoa"":0,""posx"":1.69672,""posy"":1.56339,""posz"":0.09053,""posa"":0,""unit"":0,""stat"":5,""coor"":2,""momo"":1,""dist"":0,""home"":1,""mots"":1,""plan"":0,""line"":51,""path"":2,""frmo"":2,""prbe"":1,""safe"":0,""estp"":0,""spc"":1,""hold"":0,""macs"":5,""cycs"":1,""sps"":12000,""feed"":185.42,""mark"":176190722}}",5.217733734854058,0.2053053115519902,0.2080558550697192,0.2096406440655028,5.217733734854058,0.2053053115519902,0.2080558550697192,0.2096406440655028,-0.9958893,0.0374278999999996,-0.0100801000000002,-1.8426298000000063,-0.7390670999999925,0.9031180000000044,-32.0,35.0,-32.0,100.0,33.52,30.758990599998203,20.5059933999988,17.79196479999896,16.284171199999047,51.86810149999695,1837.528781000003,-1.0054255,-0.0733705,0.0203252000000001,5.6904509,1.685876000000003,2.0058571999999977,-5.0,16.0,-93.0,100.0,32.3306671,143.3668885000017,15.641550100000185,17.379499700000206,12.744967000000154,40.55216730000048,1553.6652476000047,-1.008628,-0.0267374,0.013,-5.106536,-8.237877999999998,0.4533819999999996,4.0,28.467277300000013,42.89977090000001,100.0,32.6346725,87.63024800000086,6.810071800000071,5.107553600000053,5.107553600000053,14.755156100000152,3463.859576000007,-1.0179815999999997,0.1483546000000013,-0.0129926999999991,2.6407518000000176,1.7622200000000008,1.104687599999999,11.2647599,-21.99192720000008,24.445852200000022,100.0,40.6732102,76.28993959999977,94.63815309999973,67.1158331999998,50.699010799999854,189.27630659999943,2060.1926938000047,-1.0055202,-0.0117576999999999,-0.0031183999999999,0.4346768999999992,1.9424217999999984,4.778818099999999,9.0,-15.0,28.16624799999999,100.0,32.7947979,83.25184179999931,47.50030249999981,37.42448109999986,41.26288909999984,119.95025929999952,2391.185139100007,-1.0120027,0.1228562,-0.0120326,2.8671800000000007,1.7204371999999994,4.089,-24.739110699999998,34.2608893,31.81250450000001,100.0,33.07,119.70050120000096,2.206461200000018,1.6548453000000134,1.1032301000000089,4.964536600000041,2046.9360737000063,51,X1.6968 Y1.5641 Z0.0905
16:23:49.928,5,55,1.69562,1.59464,0.08942,90.62988,57.38909,-23.72123,,185.42,0,0,,2,1,"{""sr"":{""mpox"":90.62988,""mpoy"":57.38909,""mpoz"":-23.72123,""mpoa"":0,""posx"":1.69562,""posy"":1.59464,""posz"":0.08942,""posa"":0,""unit"":0,""stat"":5,""coor"":2,""momo"":1,""dist"":0,""home"":1,""mots"":1,""plan"":0,""line"":55,""path"":2,""frmo"":2,""prbe"":1,""safe"":0,""estp"":0,""spc"":1,""hold"":0,""macs"":5,""cycs"":1,""sps"":12000,""feed"":185.42,""mark"":176190722}}",5.1479774434824535,0.1971222078104332,0.1992383373189277,0.208153702997297,5.1479774434824535,0.1971222078104332,0.1992383373189277,0.208153702997297,-0.9891433,0.0387069,-0.0070077599999999,-1.7177091999999998,-1.020159320000002,1.0292278000000004,-32.85648948000001,35.0,-32.14336323999999,100.0,33.53999706,134.49785226000057,58.251295400000245,50.5414174200002,46.25852904000019,147.3413647400006,1839.9393334200004,-1.0097452,-0.07958878,0.0416891,5.097571739999999,1.91384698,2.05769496,-4.957525960000001,16.0,-93.35815412,100.0,32.3175877,87.74769841999965,9.670154479999963,10.744616119999955,7.87938545999997,25.070771139999906,1988.3442955800008,-1.00959608,-0.02556862,0.0134280999999999,-5.1416665,-8.10042784,0.4996587200000002,3.572284420000002,28.38116502,42.95344944,100.0,32.6395345,59.08051283999981,4.573975659999986,3.430481459999989,3.430481459999989,9.91027949999997,3104.56921076,-0.8889452799999997,0.1522182000000002,0.0110142599999999,2.152215239999999,1.4286384399999972,1.1507537,9.716817400000004,-33.50232642000001,24.557013560000023,100.0,40.68527916,82.88140226000004,103.46977612000003,73.37907584000004,55.430237780000034,207.46745992000007,2682.3301718400007,-1.00576732,-0.0143152,-0.00909066,0.4325542799999995,1.90559842,4.71359842,9.0,-15.0,28.8411384,100.0,32.8,72.44728992000006,53.52449022000004,42.17081000000003,46.496021600000034,135.1628540600001,2091.44420836,-0.99279462,0.1182040399999999,-0.0055314199999999,2.9603578,1.80599524,4.15,-24.32216804,35.0,33.0,100.0,33.06,88.9528651399998,1.6396844799999966,1.2297631799999973,1.2297631799999973,3.689289539999992,2124.8130901800005,55,X1.6951 Y1.598 Z0.0893
16:23:50.185,5,59,1.6867,1.6246,0.08831,90.40586,58.15008,-23.74932,,185.42,0,0,,2,1,"{""sr"":{""mpox"":90.40586,""mpoy"":58.15008,""mpoz"":-23.74932,""mpoa"":0,""posx"":1.6867,""posy"":1.6246,""posz"":0.08831,""posa"":0,""unit"":0,""stat"":5,""coor"":2,""momo"":1,""dist"":0,""home"":1,""mots"":1,""plan"":0,""line"":59,""path"":2,""frmo"":2,""prbe"":1,""safe"":0,""estp"":0,""spc"":1,""hold"":0,""macs"":5,""cycs"":1,""sps"":12000,""feed"":185.42,""mark"":176190722}}",5.182734218495335,0.1861152077939374,0.2002730222324786,0.1978427639248454,5.182734218495335,0.1861152077939374,0.2002730222324786,0.1978427639248454,-0.998993,0.03799,-0.015005,-1.465383,-0.610576,0.976936,-33.0,34.001047,-32.0,100.0,33.54001,0.093151,0.071172,0.061752,0.057565,0.180023,2461.065348,-1.013373,-0.079489,0.03456,5.241954,1.860824,2.062259,-5.302215,16.0,-94.0,100.0,32.323022,161.188262,18.142402,20.93354,15.351263,48.844928,1601.528488,-1.009285,-0.022674,0.014663,-5.492369,-7.936231,0.528456,3.336784,28.0,42.336784,100.0,32.643368,101.472104,7.958596,5.968947,5.968947,16.580409,3512.57586,-1.007775,0.167482,-0.019302,3.084566,1.351747,1.282,10.846832,-34.69146,45.461708,100.0,40.69,73.873284,90.494773,64.177415,48.479342,180.989545,2209.271067,-1.008105,-0.018658,-0.010553,0.420572,1.959428,4.720858,9.0,-15.44731,29.44731,100.0,32.804473,97.066177,43.836338,34.442837,38.468623,111.380084,2753.044725,-1.021365,0.128624,-0.018,2.945071,1.808036,4.172964,-25.0,35.0,32.623535,100.0,33.052471,134.683531,2.494139,1.870605,1.870605,5.611814,2403.380173,59,X1.6842 Y1.6301 Z0.0881
16:23:50.442,5,62,1.67055,1.65131,0.08721,89.99299,58.8284,-23.7774,,185.42,0,0,,2,1,"{""sr"":{""mpox"":89.99299,""mpoy"":58.8284,""mpoz"":-23.7774,""mpoa"":0,""posx"":1.67055,""posy"":1.65131,""posz"":0.08721,""posa"":0,""unit"":0,""stat"":5,""coor"":2,""momo"":1,""dist"":0,""home"":1,""mots"":1,""plan"":0,""line"":62,""path"":2,""frmo"":2,""prbe"":1,""safe"":0,""estp"":0,""spc"":1,""hold"":0,""macs"":5,""cycs"":1,""sps"":12000,""feed"":185.42,""mark"":176190722}}",5.26604611365928,0.2003013533437272,0.1874668315584201,0.1911764095794094,5.26604611365928,0.2003013533437272,0.1874668315584201,0.1911764095794094,-0.99413958,0.0378145399999998,-0.0106042,-1.840912740000003,-1.0562876800000025,0.854,-33.0,35.0,-32.72083468000002,100.0,33.5613958,154.87511574000152,58.50837702000058,49.904204040000494,47.322952020000464,147.99177730000147,2557.594203560006,-1.00554872,-0.0770045999999999,0.0075898599999998,5.316514119999998,1.7799369000000005,2.02989194,-5.0,16.0,-93.7394759,100.0,32.32381304,87.90906905999918,9.572362459999916,10.7444290399999,7.879247819999926,25.070333999999765,1789.1611881800009,-0.98571854,-0.0328641,0.0148052799999999,-5.391649400000001,-8.01131196,0.6043003200000003,3.9065620400000056,28.09343796,42.287726760000005,100.0,32.655253720000005,59.67818095999963,4.573973479999967,3.4304801799999742,3.4304801799999742,9.816837579999932,4778.996225360009,-0.9371681800000002,0.4158990200000007,0.0216066200000003,3.196308240000005,1.2971555599999964,1.2741661600000005,11.01409513999999,-16.093194700000016,39.93034498000009,100.0,40.69935782,83.85191900000012,103.60209204000014,73.4729120800001,55.50112094000007,207.2041840800003,2447.856608740004,-1.00647644,-0.015702,-0.0092250199999999,0.5346635000000013,1.8929309599999984,4.915895079999999,8.53926386,-15.0,28.476553520000003,100.0,32.80062706,114.63726220000036,53.324410620000094,41.99987014000007,46.37669064000008,135.22980580000024,3239.0357682600056,-1.0101691199999998,0.1216191599999999,-0.0119249999999999,2.87987356,1.85601976,4.120389759999999,-24.0,35.0,32.872527979999994,100.0,33.060522060000004,89.82456289999953,1.6406312199999913,1.2304735199999934,1.2304735199999934,3.691420419999981,2510.6477671400053,62,X1.6704 Y1.6515 Z0.0872
16:23:50.705,5,66,1.64742,1.67349,0.08608,89.40567,59.39185,-23.80614,,185.42,0,0,,2,1,"{""sr"":{""mpox"":89.40567,""mpoy"":59.39185,""mpoz"":-23.80614,""mpoa"":0,""posx"":1.64742,""posy"":1.67349,""posz"":0.08608,""posa"":0,""unit"":0,""stat"":5,""coor"":2,""momo"":1,""dist"":0,""home"":1,""mots"":1,""plan"":0,""line"":66,""path"":2,""frmo"":2,""prbe"":1,""safe"":0,""estp"":0,""spc"":1,""hold"":0,""macs"":5,""cycs"":1,""sps"":12000,""feed"":185.42,""mark"":176190722}}",5.346203333961562,0.1980716331567283,0.1980788965525146,0.2013073787054702,5.346203333961562,0.1980716331567283,0.1980788965525146,0.2013073787054702,-0.9967591999999996,0.043012,-0.0051927999999999,-1.672252799999999,-0.7559151999999948,0.9029035999999984,-32.39758959999999,34.60241040000001,-31.79517879999997,100.0,33.56,70.7709191999975,27.83126039999901,23.855365999999155,21.86741879999922,69.97573999999751,2292.915861200003,-1.0049058,-0.0707531999999999,0.0320262000000001,5.436306200000002,1.8797010000000007,2.024165200000002,-5.0,16.540468200000007,-93.8182546,100.0,32.3181826,132.41478740000136,14.592649800000151,16.754524200000173,12.43077600000013,38.3732650000004,1963.4751774000028,-0.990477,-0.0037083999999995,0.0193883999999999,-5.497890200000003,-8.1219026,0.4800200000000017,1.394507399999986,13.745363999999856,20.25306699999979,100.0,32.635991600000004,81.88010440000072,6.421969400000057,4.816476800000042,4.816476800000042,13.914265800000123,3534.301041800008,-0.9351574000000002,0.406212399999999,-0.005827999999999,1.8284543999999856,1.2483941999999983,1.1375108000000007,8.605715800000036,-25.85237979999988,23.797578799999872,100.0,40.6918432,78.04777119999983,96.20983079999978,68.72130779999985,51.54098059999988,192.41966219999955,2528.147884000005,-0.9964744,-0.0067751999999998,-6.199999999990408e-05,0.429913599999996,1.8826919999999976,4.8828580000000015,9.0,-15.332557800000007,29.332557800000007,100.0,32.8166742,84.73618719999973,49.47025959999984,39.18436419999987,43.59260519999986,125.8797693999996,2572.7557148000024,-1.0139482000000006,0.1193111999999999,-0.0134183999999999,2.8810532,1.6709889999999978,4.282739,-24.84989760000001,34.849897600000006,33.0,100.0,33.0615012,114.2500712000008,2.094984000000014,1.571237800000011,1.571237800000011,4.713714400000032,2236.909437,66,X1.6457 Y1.6748 Z0.086
16:23:50.963,5,70,1.62024,1.68854,0.08498,88.71523,59.77416,-23.83401,,185.42,0,0,,2,1,"{""sr"":{""mpox"":88.71523,""mpoy"":59.77416,""mpoz"":-23.83401,""mpoa"":0,""posx"":1.62024,""posy"":1.68854,""posz"":0.08498,""posa"":0,""unit"":0,""stat"":5,""coor"":2,""momo"":1,""dist"":0,""home"":1,""mots"":1,""plan"":0,""line"":70,""path"":2,""frmo"":2,""prbe"":1,""safe"":0,""estp"":0,""spc"":1,""hold"":0,""macs"":5,""cycs"":1,""sps"":12000,""feed"":185.42,""mark"":176190722}}",5.362928869460979,0.2025692379834665,0.2064499818020672,0.2078158099735036,5.362928869460979,0.2025692379834665,0.2064499818020672,0.2078158099735036,-0.99785624,0.0517395999999999,0.0008296799999999,-1.7897927199999997,-0.8270692800000001,0.9567656000000002,-32.0,34.44149072,-33.0,100.0,33.56,98.01091519999969,32.6703048799999,27.813908639999912,26.48943647999992,82.55874391999974,1905.1651995199995,-1.00328304,-0.07644572,0.0445460399999999,5.3731778,1.7907843200000004,2.00880932,-5.0,16.47521472,-93.21975872,100.0,32.3369518,126.39001212000014,15.218773160000016,16.79312944000002,12.460181800000012,39.22423240000004,2087.570996,-0.99631752,-0.01781296,0.01522444,-5.41126824,-7.97356628,0.5151441199999999,0.4033681199999978,33.22461996,50.96864436,100.0,32.631474000000004,52.51593692000004,7.124275880000008,5.1940490800000045,5.713453520000005,15.287361200000015,3140.155484199999,-0.98111884,0.208087,0.02007068,1.2682844800000006,0.8834142,1.1287113599999998,10.542849000000004,-26.0302368,20.71894472000001,100.0,40.70258552,74.84943435999998,97.39267167999998,69.89251811999998,52.78042563999999,195.5181486,2437.3608956000003,-1.0084875999999998,-0.0072788,7.092000000000038e-05,0.5485365999999999,1.7258840800000002,4.74445364,9.5065678,-15.0,28.4934322,100.0,32.82,111.9638942,56.27410995999999,45.16807807999999,50.35291987999999,143.64967123999995,2355.09358896,-0.99314724,0.12754628,-0.01329748,2.91923248,1.71772388,4.1539550400000005,-21.79106568,33.79106568,32.79106568,100.0,33.06450308,113.56617808000009,2.5810493200000018,2.0648398800000014,1.5486298800000011,5.162099200000004,1887.50368792,70,X1.6155 Y1.6904 Z0.0848
16:23:51.220,5,74,1.58999,1.69637,0.08387,87.94692,59.97295,-23.86208,,185.42,0,0,,2,1,"{""sr"":{""mpox"":87.94692,""mpoy"":59.97295,""mpoz"":-23.86208,""mpoa"":0,""posx"":1.58999,""posy"":1.69637,""posz"":0.08387,""posa"":0,""unit"":0,""stat"":5,""coor"":2,""momo"":1,""dist"":0,""home"":1,""mots"":1,""plan"":0,""line"":74,""path"":2,""frmo"":2,""prbe"":1,""safe"":0,""estp"":0,""spc"":1,""hold"":0,""macs"":5,""cycs"":1,""sps"":12000,""feed"":185.42,""mark"":176190722}}",5.281756441008843,0.2011425883632747,0.212943860563139,0.2176046280398278,5.281756441008843,0.2011425883632747,0.212943860563139,0.2176046280398278,-0.9949026,0.0373975999999999,-0.0181762000000001,-1.7640200000000013,-0.8057584000000018,0.8666852000000018,-32.0,35.0,-34.0013573,100.0,33.57,134.95598669999865,55.93775179999943,48.9453070999995,47.54681809999951,145.43803409999853,2610.345960600001,-1.0091949,-0.0745224,0.0162090000000001,5.3474444000000005,1.581720200000002,2.0285569,-4.579150299999998,16.0,-93.9088918,100.0,32.3142085,102.26645860000068,13.046338400000083,13.88803780000009,10.521240500000069,32.82627100000022,2567.1789002,-0.9901875,-0.006963,0.0120131,-5.3651318,-8.111091800000002,0.4711465999999991,-2.825034699999988,37.0,58.26053929999999,100.0,32.6253681,54.00258510000029,4.790552000000025,3.9195428000000208,3.9195428000000208,10.887617800000056,3967.466486300001,-0.9479917000000002,0.4241443999999998,0.0115859,1.1320043000000106,1.8014606,1.1087753999999994,11.806515299999996,-11.88279950000006,23.589626900000027,100.0,40.72,77.87696899999992,100.56959589999988,72.20381259999992,54.152859199999945,202.1706749999998,2188.3512554999998,-1.0063786,-0.0063819999999999,-0.0101695999999999,0.3928526000000001,1.7576476999999984,4.8561474,6.174199400000028,-10.290332100000048,18.68868830000009,100.0,32.83,108.66566449999983,68.1110146999999,55.11272939999992,61.35190609999992,174.17702149999977,2881.1246488,-1.0128676,0.1227373,-0.0068155,2.8469454000000005,1.9231403999999988,4.211,-18.925527700000007,32.0,32.0,100.0,33.06,101.8031493000004,2.252282300000009,1.8018253000000075,1.351369300000005,4.504563900000018,2658.016056299997,74,X1.5822 Y1.6971 Z0.0836
16:23:51.477,5,77,1.55869,1.6962,0.08277,87.15183,59.96872,-23.89023,,185.42,0,0,,2,1,"{""sr"":{""mpox"":87.15183,""mpoy"":59.96872,""mpoz"":-23.89023,""mpoa"":0,""posx"":1.55869,""posy"":1.6962,""posz"":0.08277,""posa"":0,""unit"":0,""stat"":5,""coor"":2,""momo"":1,""dist"":0,""home"":1,""mots"":1,""plan"":0,""line"":77,""path"":2,""frmo"":2,""prbe"":1,""safe"":0,""estp"":0,""spc"":1,""hold"":0,""macs"":5,""cycs"":1,""sps"":12000,""feed"":185.42,""mark"":176190722}}",5.191529747316509,0.2028654341280144,0.2124563597204682,0.2151978615022536,5.191529747316509,0.2028654341280144,0.2124563597204682,0.2151978615022536,-0.98579872,0.0368819199999998,-0.01363888,-1.564975680000004,-0.7808793600000048,0.8736475200000019,-32.0,35.0,-34.159736320000015,100.0,33.58,29.710942240002897,14.056789920001377,12.299691200001202,12.139954880001184,36.8990736000036,2247.666805760008,-1.0048861999999998,-0.0863702399999999,0.0298015599999999,5.516362759999997,1.8030658,2.0436917999999986,-4.0,16.583639559999988,-94.2641636,100.0,32.315836319999995,148.9267877199986,21.39390071999978,22.706506719999773,15.802047999999846,50.56655315999951,2365.8214628000087,-1.00375424,-0.0143103600000003,0.01777136,-5.153382880000002,-8.122067199999996,0.2874642400000022,-7.061503839999974,40.0,63.67335055999997,100.0,32.62665888,120.98342659999898,3.059232439999975,3.059232439999975,2.44738655999998,6.784375319999949,2757.3458210800068,-0.7983246400000001,0.6010361199999968,-0.0308893599999998,2.3530672799999994,2.0154713599999994,0.969131880000002,9.12112264000002,-0.7679980400000375,7.907740520000224,100.0,40.72612088,76.09482788000017,93.81459652000024,67.73101016000017,51.606611400000126,188.57768720000047,2140.6756164800017,-1.00108864,-0.0119455199999999,0.0027859599999999,0.5784656400000009,1.7578797200000014,4.90594124,9.0,-15.0,27.0,100.0,32.84911296,90.76757556000042,71.70795956000018,58.78271724000015,65.66577320000016,183.40860148000047,2062.991986800003,-1.01526728,0.1397843999999999,-0.0161501999999999,2.8923946799999984,1.7557712800000032,4.051394679999998,-15.783402960000016,30.416537840000004,34.0,100.0,33.06266924,131.86244987999913,2.917310799999981,2.3338486399999843,1.7503864799999884,5.834621759999962,2529.283158159997,77,X1.5568 Y1.696 Z0.0827
16:23:51.735,5,81,1.52847,1.68804,0.08166,86.38426,59.7615,-23.91838,,185.42,0,0,,2,1,"{""sr"":{""mpox"":86.38426,""mpoy"":59.7615,""mpoz"":-23.91838,""mpoa"":0,""posx"":1.52847,""posy"":1.68804,""posz"":0.08166,""posa"":0,""unit"":0,""stat"":5,""coor"":2,""momo"":1,""dist"":0,""home"":1,""mots"":1,""plan"":0,""line"":81,""path"":2,""frmo"":2,""prbe"":1,""safe"":0,""estp"":0,""spc"":1,""hold"":0,""macs"":5,""cycs"":1,""sps"":12000,""feed"":185.42,""mark"":176190722}}",5.126505458890196,0.1952893272152025,0.2027289834995405,0.2058913464514115,5.126505458890196,0.1952893272152025,0.2027289834995405,0.2058913464514115,-0.991969,0.041988,-0.012982,-1.831746,-0.977746,0.915621,-31.993882,36.0,-36.0,100.0,33.59,165.978332,102.36987,87.461636,92.431047,273.317613,1125.428244,-1.00512,-0.065606,0.018965,5.267472,1.927221,1.897583,-4.0,16.0,-95.302827,100.0,32.316972,64.502098,11.810243,13.324377,7.873496,24.831794,1480.052615,-1.002286,-0.000673,0.018996,-5.432983,-7.994928,0.407076,-10.665323,41.0,65.665323,100.0,32.626694,68.274043,1.338707,1.338707,1.00403,3.01209,1448.483605,-0.919079,0.483382,-0.026869,1.234638,1.314909,1.089364,8.38153,-3.776431,-1.591726,100.0,40.695395,89.015877,101.424151,73.370662,57.185957,207.703713,2108.928534,-1.002343,-0.01337,0.003923,0.826702,1.898404,4.842894,9.0,-15.0,26.447507,100.0,32.845525,89.503848,96.686255,80.111469,90.05634,250.279277,1461.713819,-1.002008,0.118878,-0.008751,2.945186,1.823279,4.233907,-12.624478,30.0,34.375522,100.0,33.073755,81.863857,1.877611,1.502089,1.126567,3.755223,1843.504528,81,X1.5243 Y1.6863 Z0.0815
16:23:51.992,5,85,1.50136,1.67266,0.08066,85.69561,59.37073,-23.94381,,185.42,0,0,,2,1,"{""sr"":{""mpox"":85.69561,""mpoy"":59.37073,""mpoz"":-23.94381,""mpoa"":0,""posx"":1.50136,""posy"":1.67266,""posz"":0.08066,""posa"":0,""unit"":0,""stat"":5,""coor"":2,""momo"":1,""dist"":0,""home"":1,""mots"":1,""plan"":0,""line"":85,""path"":2,""frmo"":2,""prbe"":1,""safe"":0,""estp"":0,""spc"":1,""hold"":0,""macs"":5,""cycs"":1,""sps"":12000,""feed"":185.42,""mark"":176190722}}",5.183943949466182,0.1937715828855906,0.1959534038994727,0.1931982548512171,5.183943949466182,0.1937715828855906,0.1959534038994727,0.1931982548512171,-0.99386306,0.0355746599999999,-0.01272872,-1.5688659799999989,-0.97697928,0.9076321000000002,-31.996936,35.13966134,-38.14033866,100.0,33.60136912,23.79771877999941,17.773849939999558,14.649512239999634,16.210318059999597,47.35492243999883,1301.0354031600002,-1.00520804,-0.08038626,0.02888668,5.3311887,1.7751640199999996,2.0961887000000003,-2.941903299999996,11.767612339999982,-69.0376919999999,100.0,32.29723126,140.4582795800003,33.837676700000074,37.02991010000008,19.15340156000004,64.48311928000014,1564.0249870399996,-1.0017069200000002,-0.0128940599999999,0.02331506,-5.4609911,-8.0084629,0.3943918599999992,-12.093088239999998,39.90691176,66.38218067999999,100.0,32.62671264,124.79948640000023,2.4712767000000047,1.8534572400000036,1.8534572400000036,4.942554260000009,1502.86792118,-1.01394998,0.08242844,-0.00235924,2.183038060000002,1.5508720000000014,1.04561916,9.542284019999991,0.6857105600000037,13.148328559999978,100.0,40.67530246,71.40612685999996,79.86211601999995,57.31281273999996,46.03816109999997,163.95222647999992,1888.09827718,-1.00382592,-0.00914934,-0.00163168,0.7525204800000002,1.8290735000000005,4.763864859999999,9.0,-13.937637280000002,25.47651568,100.0,32.83953052,113.89710139999993,100.06344535999992,83.00193667999994,93.14661733999992,260.0727346199998,1207.9387015399996,-1.00984704,0.11225614,-0.0128146,2.8642289199999995,1.8718581400000005,3.95326104,-8.59159212,30.59159212,35.51337399999999,100.0,33.05644106,127.8363840400002,2.9579606000000043,2.3663684800000038,1.7747763600000028,5.9159210600000085,1424.0359963,85,X1.4957 Y1.6682 Z0.0804
16:23:52.249,5,88,1.479,1.6508,0.07955,85.12773,58.81556,-23.97193,,185.42,0,0,,2,1,"{""sr"":{""mpox"":85.12773,""mpoy"":58.81556,""mpoz"":-23.97193,""mpoa"":0,""posx"":1.479,""posy"":1.6508,""posz"":0.07955,""posa"":0,""unit"":0,""stat"":5,""coor"":2,""momo"":1,""dist"":0,""home"":1,""mots"":1,""plan"":0,""line"":88,""path"":2,""frmo"":2,""prbe"":1,""safe"":0,""estp"":0,""spc"":1,""hold"":0,""macs"":5,""cycs"":1,""sps"":12000,""feed"":185.42,""mark"":176190722}}",5.2768100159335445,0.1999409677059183,0.1841649488317628,0.1945203460018581,5.2768100159335445,0.1999409677059183,0.1841649488317628,0.1945203460018581,-0.99205556,0.0415944400000001,-0.0274274000000003,-1.7296247600000023,-0.8542822400000001,0.8278153599999991,-31.0,36.00455184,-39.9908956,100.0,33.607169760000005,102.523811480001,101.80686140000098,83.88311856000082,93.92041424000092,270.29004788000265,1418.7703098399993,-1.01139792,-0.0767954400000002,0.03623452,5.464489000000001,1.450660919999999,2.00210644,-4.0,16.0,-94.4154886,100.0,32.31051492,76.86534475999949,27.201717599999814,32.772502559999765,14.932041679999893,54.3268193599996,1413.5372882400004,-0.9656003999999998,-0.0553491199999996,-0.0025142399999999,-5.146829160000001,-8.201274119999999,0.2145419199999997,-13.758538639999998,38.0,65.61362643999999,100.0,32.64572424,87.51573235999953,1.7101744399999907,1.282631119999993,1.282631119999993,3.4203485999999814,1563.3002734399984,-1.027726560000001,0.0805560800000003,0.0077721200000001,3.1831357599999994,1.48655152,1.0222235599999996,12.61193680000001,16.44767356000005,14.224318279999938,100.0,40.66,81.86968908000007,83.93898844000009,60.14119152000006,48.63028148000006,172.40471344000017,2054.283799240002,-1.0094776,-0.0051627199999999,0.0056880399999999,0.4625026399999989,1.7051054399999992,4.90973584,8.0,-13.875183560000004,24.12481644,100.0,32.82,116.0822524000001,130.48695076000016,108.99964404000016,122.15036932000014,342.35861916000044,1460.6657607600005,-1.01867712,0.1199365999999999,-0.01237744,2.648951439999998,1.8858992800000005,4.055789840000001,-7.0,30.449997120000003,37.10558464,100.0,33.04994412,97.3276436799996,1.777673839999993,1.777673839999993,1.3332551599999949,3.999765919999984,1635.7904766400009,88,X1.4781 Y1.6497 Z0.0795
16:23:52.505,5,92,1.4629,1.62382,0.07844,84.71879,58.13027,-24.0002,,185.42,0,0,,2,1,"{""sr"":{""mpox"":84.71879,""mpoy"":58.13027,""mpoz"":-24.0002,""mpoa"":0,""posx"":1.4629,""posy"":1.62382,""posz"":0.07844,""posa"":0,""unit"":0,""stat"":5,""coor"":2,""momo"":1,""dist"":0,""home"":1,""mots"":1,""plan"":0,""line"":92,""path"":2,""frmo"":2,""prbe"":1,""safe"":0,""estp"":0,""spc"":1,""hold"":0,""macs"":5,""cycs"":1,""sps"":12000,""feed"":185.42,""mark"":176190722}}",5.381621646432287,0.1985229283871479,0.205672411161083,0.2063134661566248,5.381621646432287,0.1985229283871479,0.205672411161083,0.2063134661566248,-0.9925932,0.0431801999999999,-0.002191,-1.6722996,-0.9153512,0.916,-30.0011358,36.0,-39.6008416,100.0,33.595997,68.82902899999999,58.042663,47.234719,53.23913219999999,153.7129834,1331.7144104,-1.0048728,-0.0781091999999999,0.029412,5.4826466,1.838767,2.0868286,-3.4606022,16.0,-95.3575756,100.0,32.33,99.7885724,36.1396448,44.2306104,19.9577144,73.897483,1340.6867894,-0.9699866,-0.0231288,0.0076302,-5.5943876,-8.114053,0.4353726,-14.0,38.266014,67.4676464,100.0,32.63734,111.2618886,2.1294142,1.5970604,1.5970604,4.7911818,1189.807461,-0.989542,0.2604278,0.0177799999999999,2.0210834,1.465353,1.0867282,6.5353308,7.5440368,4.7929916,100.0,40.66,76.89768260000001,80.34821960000001,58.1661956,46.8287172,165.6257782,1532.161827,-1.0004414,-0.0120772,-0.0149856,0.507283,1.780926,4.851857600000001,9.0,-13.6685864,24.3103568,100.0,32.81,123.8363506,124.3258228,103.7680094,116.494275,326.9671236,1166.4026018,-1.0152564,0.1211672,-0.0058078,2.963765,1.7454018,4.0581364,-6.4762182,30.6264898,37.0,100.0,33.0547622,113.2871464,2.0951274,2.0951274,1.5713452,4.7140366,1534.513664,92,X1.4613 Y1.6203 Z0.0783
16:23:52.764,5,96,1.45416,1.59391,0.07733,84.49668,57.37058,-24.02824,,185.42,0,0,,2,1,"{""sr"":{""mpox"":84.49668,""mpoy"":57.37058,""mpoz"":-24.02824,""mpoa"":0,""posx"":1.45416,""posy"":1.59391,""posz"":0.07733,""posa"":0,""unit"":0,""stat"":5,""coor"":2,""momo"":1,""dist"":0,""home"":1,""mots"":1,""plan"":0,""line"":96,""path"":2,""frmo"":2,""prbe"":1,""safe"":0,""estp"":0,""spc"":1,""hold"":0,""macs"":5,""cycs"":1,""sps"":12000,""feed"":185.42,""mark"":176190722}}",5.343388755076355,0.1999273767583673,0.2091260549386557,0.2165836205224563,5.343388755076355,0.1999273767583673,0.2091260549386557,0.2165836205224563,-0.98896492,0.0431098799999999,-0.0093638799999999,-1.753758620000002,-1.053650439999998,0.8027023600000013,-31.0,36.0,-38.99758794,100.0,33.605771,57.60505151999857,61.389324719998456,49.616029939998754,56.343626979998575,163.56470801999592,1253.1809240600044,-1.00197244,-0.0737241599999999,0.0110234799999999,5.427004119999999,1.6075132000000012,2.0221436799999988,-3.530219360000004,16.127190699999996,-95.27583796000002,100.0,32.33403042,95.94825316000072,39.660720400000336,50.01072694000042,21.887642080000187,87.84786484000077,1409.2440587000008,-0.9772702,-0.0271682199999999,0.0097373399999998,-5.22787888,-8.134730280000003,0.5422993599999991,-7.370895580000051,20.00671556000014,35.66260852000025,100.0,32.65612386,107.93096724000074,2.1059697600000145,1.5794773200000107,1.5794773200000107,4.738432960000033,1292.3012317400012,-1.008555439999999,0.2576651800000002,0.0132560599999996,2.401674319999999,1.2181962800000004,1.0551165400000004,7.665483179999981,-2.4934488599999365,-2.3646176400001035,100.0,40.64960628,75.31785587999993,88.6608236999999,64.25121095999994,51.85432311999994,185.58942275999985,2036.3427406800072,-0.9997107,-0.01304076,-0.01294334,0.3656727399999935,1.8025072000000009,4.903733000000002,9.50762544,-13.741174419999997,24.50762544,100.0,32.81233562,120.34766961999968,112.78511369999966,92.36420679999968,105.42477199999968,294.35100839999905,1359.982173060001,-0.99874756,0.12508732,-0.0113538199999999,2.869,1.8945675000000004,4.00407782,-6.262310159999993,30.0,38.04566739999999,100.0,33.0478337,113.58818928000058,2.084187320000011,2.084187320000011,1.563140240000008,5.210467800000027,1493.4081683000015,96,X1.4533 Y1.5873 Z0.0771
16:23:53.020,5,99,1.45335,1.56262,0.07623,84.47619,56.57578,-24.05637,,185.42,0,0,,2,1,"{""sr"":{""mpox"":84.47619,""mpoy"":56.57578,""mpoz"":-24.05637,""mpoa"":0,""posx"":1.45335,""posy"":1.56262,""posz"":0.07623,""posa"":0,""unit"":0,""stat"":5,""coor"":2,""momo"":1,""dist"":0,""home"":1,""mots"":1,""plan"":0,""line"":99,""path"":2,""frmo"":2,""prbe"":1,""safe"":0,""estp"":0,""spc"":1,""hold"":0,""macs"":5,""cycs"":1,""sps"":12000,""feed"":185.42,""mark"":176190722}}",5.391409052934262,0.2018355940293694,0.2057187122404981,0.2043930434094042,5.391409052934262,0.2018355940293694,0.2057187122404981,0.2043930434094042,-0.9881129,0.0342115999999997,-0.0084022,-1.812202700000001,-0.8723017999999989,0.916,-31.0,36.0,-40.69371030000002,100.0,33.6,91.88091120000227,96.0655034000024,82.03498550000207,89.05024460000224,266.4514398000067,1551.5708986999953,-1.0073659,-0.075851,0.0181195,5.260167799999999,1.8254161,1.871796,-4.4857027000000125,16.422758299999995,-93.93705559999998,100.0,32.3442274,91.3158411999985,36.7799919999994,46.92619629999923,21.13792619999965,90.47032429999852,1417.4196321999962,-1.0146268000000007,-0.0317766000000001,0.0172629,-5.169741100000001,-8.109424899999995,0.4576726000000018,-14.0,38.0,67.13491890000002,100.0,32.6523302,89.10334809999878,1.730161799999976,1.297621799999982,1.297621799999982,3.8928649999999454,1740.6927387999997,-1.0083744,0.1248786999999989,0.0024906000000004,1.921170400000005,1.4337182999999982,0.9969493999999972,10.060244400000006,4.315803700000091,16.11824290000004,100.0,40.6435266,83.43990940000023,97.86162200000028,71.59350260000019,55.11154490000016,200.35879520000057,1658.5488346999948,-1.0036465,-0.0087399,-0.0071329,0.1246654999999989,1.911544100000004,4.8536814,9.0,-13.314881700000008,24.0,100.0,32.8,97.12227570000034,94.52542350000031,77.90556900000028,90.88983040000032,246.18159730000085,1501.0345661000003,-0.9997648000000002,0.1182221,-0.0128687999999998,2.8934949999999984,1.8256134000000013,3.985413499999997,-6.0,31.0,37.18800159999999,100.0,33.0471231,97.682300999999,2.250743999999977,1.800595199999982,1.3504463999999865,4.501488699999955,1527.4569345999969,99,X1.4534 Y1.5619 Z0.0762
16:23:53.277,5,103,1.46054,1.5322,0.07512,84.65885,55.80312,-24.08445,,185.42,0,0,,2,1,"{""sr"":{""mpox"":84.65885,""mpoy"":55.80312,""mpoz"":-24.08445,""mpoa"":0,""posx"":1.46054,""posy"":1.5322,""posz"":0.07512,""posa"":0,""unit"":0,""stat"":5,""coor"":2,""momo"":1,""dist"":0,""home"":1,""mots"":1,""plan"":0,""line"":103,""path"":2,""frmo"":2,""prbe"":1,""safe"":0,""estp"":0,""spc"":1,""hold"":0,""macs"":5,""cycs"":1,""sps"":12000,""feed"":185.42,""mark"":176190722}}",5.472489697686198,0.1986890650145499,0.2009258584558631,0.2052333308656829,5.472489697686198,0.1986890650145499,0.2009258584558631,0.2052333308656829,-0.99081692,0.0404898399999999,-0.0051278799999998,-1.8110901600000016,-0.977,0.9978978800000036,-30.16392615999999,36.0,-39.16344039999999,100.0,33.6,22.39130583999806,21.083784159998185,18.632181359998388,20.10314259999828,60.145988239994814,1251.3501307200013,-1.00348784,-0.07395104,0.0241203200000001,5.415550840000004,1.709,1.9886949600000008,-3.58516752000001,16.0,-94.9510048,100.0,32.345851440000004,117.03173824000092,68.82979788000063,81.61104816000073,40.975619760000384,172.39157556000157,1423.8301955999964,-1.00388468,-0.03117416,0.0193612000000001,-5.147442959999999,-8.1618284,0.488,-14.0,38.0,66.43969311999999,100.0,32.6456028,126.57806584000096,2.455744000000019,2.455744000000019,1.841808000000014,6.139359320000048,1664.9484529599968,-0.9199656400000004,0.3410142799999986,0.0167042399999998,1.7032306399999977,1.565886839999999,1.2294016399999996,9.336528560000003,11.906602240000009,15.677801999999993,100.0,40.66827536,78.38125291999977,93.3417691999998,68.20631747999984,52.16791999999988,192.7626055999996,2513.3151819199984,-1.0029486399999998,-0.0114649599999999,-0.00107676,0.3886009200000071,1.970539880000001,4.852201439999998,8.376225080000006,-13.911315200000008,24.46490988,100.0,32.80376236,100.85303884000028,63.738395359999714,54.63904891999976,64.95575623999972,173.12666471999924,1256.5244267199992,-1.0149038,0.1225017599999999,-0.00753016,2.962501200000001,1.7405093999999992,4.018804400000001,-6.100058079999991,30.89994192000001,37.0,100.0,33.082163640000005,126.03755104000076,2.917536000000017,2.3340288000000142,1.7505216000000108,6.418579200000039,1306.905920839999,103,X1.4617 Y1.529 Z0.075
16:23:53.535,5,107,1.47523,1.50449,0.07401,85.03192,55.09933,-24.11269,,185.42,0,0,,2,1,"{""sr"":{""mpox"":85.03192,""mpoy"":55.09933,""mpoz"":-24.11269,""mpoa"":0,""posx"":1.47523,""posy"":1.50449,""posz"":0.07401,""posa"":0,""unit"":0,""stat"":5,""coor"":2,""momo"":1,""dist"":0,""home"":1,""mots"":1,""plan"":0,""line"":107,""path"":2,""frmo"":2,""prbe"":1,""safe"":0,""estp"":0,""spc"":1,""hold"":0,""macs"":5,""cycs"":1,""sps"":12000,""feed"":185.42,""mark"":176190722}}",5.056536643426803,0.1818196583670467,0.2005267647170788,0.2091543517141996,5.056536643426803,0.1818196583670467,0.2005267647170788,0.2091543517141996,-0.98701,0.033029,-0.006025,-1.891252,-1.03785,0.915698,-31.0,36.0,-40.0,100.0,33.63,146.639626,119.705817,112.722978,117.71072,354.129708,1354.69133,-1.006,-0.075908,0.002303,5.346909,1.623909,1.934545,-4.0,16.0,-95.697464,100.0,32.360924,55.36402,36.00174,41.144846,21.48003,88.945475,1485.085433,-1.027559,-0.023351,0.011321,-5.1484,-8.117543,0.488,-14.0,38.664169,66.671662,100.0,32.646642,69.51701,1.679155,1.343324,1.343324,3.35831,1829.811328,-0.963754,0.258773,-0.013621,1.475096,1.25395,1.028198,10.919658,4.678633,2.839316,100.0,40.684598,90.74871,107.494008,77.784609,59.418798,222.010238,1709.490595,-0.999556,-0.013781,-0.017989,0.399928,1.790566,4.801783,9.0,-14.0,25.443809,100.0,32.834438,67.299052,67.855243,59.512385,70.636195,188.548584,1242.04952,-1.023898,0.118,-0.011376,2.747,1.709,3.867923,-7.0,30.0,37.62421,100.0,33.073758,82.673728,1.878948,1.503159,1.503159,4.133686,1349.585285,107,X1.4787 Y1.4997 Z0.0738
16:23:53.793,5,110,1.49622,1.48156,0.07291,85.56517,54.51682,-24.14063,,185.42,0,0,,2,1,"{""sr"":{""mpox"":85.56517,""mpoy"":54.51682,""mpoz"":-24.14063,""mpoa"":0,""posx"":1.49622,""posy"":1.48156,""posz"":0.07291,""posa"":0,""unit"":0,""stat"":5,""coor"":2,""momo"":1,""dist"":0,""home"":1,""mots"":1,""plan"":0,""line"":110,""path"":2,""frmo"":2,""prbe"":1,""safe"":0,""estp"":0,""spc"":1,""hold"":0,""macs"":5,""cycs"":1,""sps"":12000,""feed"":185.42,""mark"":176190722}}",5.159147039089947,0.1939562776777316,0.204003458038744,0.2077262234036103,5.159147039089947,0.1939562776777316,0.204003458038744,0.2077262234036103,-0.9953578399999998,0.0437342399999997,-0.0017269200000001,-1.5705432000000037,-0.8270474800000028,0.91692988,-31.01524768,36.0,-39.65014271999997,100.0,33.63,26.1325724000023,20.64158772000181,19.76694436000173,20.46665908000179,61.59015424000539,1313.8371050400033,-1.00444484,-0.07399876,0.0260781200000001,5.53811748,1.7924954800000057,2.0976438,-2.964110320000019,11.967281400000088,-70.39761548000047,100.0,32.35,96.41855447999907,76.25258239999927,86.96575463999918,46.00362411999957,189.05598891999816,1686.2424160800028,-0.958793,-0.0280441600000001,0.0096653999999998,-5.351393079999997,-8.19702408,0.3753206800000009,-13.282400439999996,38.0,66.89377759999999,100.0,32.65611368,124.72090187999896,3.0568846399999745,2.4455076399999798,2.4455076399999798,6.113769439999949,1783.2329038800035,-0.8392260799999998,0.4583138400000037,0.0035361199999999,3.2739391999999947,1.569924159999999,1.1821700799999986,10.688886239999942,-5.049816319999937,11.951244799999856,100.0,40.69,75.4122268000002,94.26528400000024,67.87100452000017,52.31723236000013,193.7151582800005,2458.989427960012,-0.99843128,-0.0166010799999999,-0.0158488799999999,0.3747750400000008,1.7919218400000043,4.822,8.928073119999993,-14.464005040000002,25.46406807999999,100.0,32.8607192,99.29701108000036,54.75255800000019,48.25649136000016,58.0005904000002,154.51357328000054,1399.9135422000006,-0.9973762000000002,0.1182683200000002,-0.0129265599999998,2.772103,1.658991200000001,4.045922799999999,-6.411530160000004,30.060061120000004,37.93993887999999,100.0,33.08116868,128.16623627999914,2.94234735999998,2.353878359999984,2.353878359999984,6.473164399999956,1178.7815169599985,110,X1.4964 Y1.4814 Z0.0729
16:23:54.049,5,114,1.52253,1.46473,0.0718,86.23348,54.08947,-24.16878,,185.42,0,0,,2,1,"{""sr"":{""mpox"":86.23348,""mpoy"":54.08947,""mpoz"":-24.16878,""mpoa"":0,""posx"":1.52253,""posy"":1.46473,""posz"":0.0718,""posa"":0,""unit"":0,""stat"":5,""coor"":2,""momo"":1,""dist"":0,""home"":1,""mots"":1,""plan"":0,""line"":114,""path"":2,""frmo"":2,""prbe"":1,""safe"":0,""estp"":0,""spc"":1,""hold"":0,""macs"":5,""cycs"":1,""sps"":12000,""feed"":185.42,""mark"":176190722}}",5.317149873187459,0.2093905312858455,0.2068363117957941,0.2133950467915148,5.317149873187459,0.2093905312858455,0.2068363117957941,0.2133950467915148,-0.9876610800000004,0.03928424,-0.0151920800000004,-1.7452951999999944,-1.0475221999999966,0.9331305200000012,-31.0,36.28111260000002,-38.28139176000002,100.0,33.6500028,127.95585483999672,84.82873831999783,80.51513359999794,83.39096279999787,251.61038547999357,1301.4034533200013,-1.0096848800000002,-0.0676841999999998,0.0218031200000005,5.299324200000001,1.8162864800000016,2.037967719999999,-3.2179007999999945,16.0,-95.0,100.0,32.34825016,77.40088260000131,49.49927364000087,56.511670760001,29.69956436000052,122.72860260000216,1237.708645400006,-1.0147154400000007,0.0255504000000006,0.0167604799999998,-5.075092680000006,-8.139015399999996,0.3967630800000034,-13.66308464,38.0,66.03457884000002,100.0,32.65371504,87.48258908000125,2.1220792000000306,1.6976637600000246,1.6976637600000246,4.244158400000061,1440.7476620400073,-0.9976829199999984,0.1611677200000011,0.0286994399999993,2.872780999999991,1.3371525999999994,1.1383689999999982,11.679644040000005,12.745941639999964,15.645100280000204,100.0,40.6961264,87.4620724799998,103.35144259999971,74.41303859999981,56.84329395999985,212.38721523999945,1564.856343040013,-1.00285628,-0.0176660399999999,-0.0167906399999999,0.488,1.9867704000000008,4.739561920000001,7.876610039999925,-12.252504599999885,21.0042934399998,100.0,32.881248240000005,119.27925295999898,61.67600499999976,54.46852479999979,64.94324091999975,173.23173455999932,1194.33797892,-0.9848336399999996,0.1060167599999999,-0.0023548800000003,2.8750978400000013,1.7903310400000008,4.069683919999999,-6.0,30.0,37.10555244,100.0,33.0844444,96.886059280001,2.222157320000023,1.7777256000000183,1.7777256000000183,4.88874608000005,1043.913385840004,114,X1.5251 Y1.4635 Z0.0717
16:23:54.307,5,118,1.55238,1.45504,0.07069,86.99166,53.84333,-24.19701,,185.42,0,0,,2,1,"{""sr"":{""mpox"":86.99166,""mpoy"":53.84333,""mpoz"":-24.19701,""mpoa"":0,""posx"":1.55238,""posy"":1.45504,""posz"":0.07069,""posa"":0,""unit"":0,""stat"":5,""coor"":2,""momo"":1,""dist"":0,""home"":1,""mots"":1,""plan"":0,""line"":118,""path"":2,""frmo"":2,""prbe"":1,""safe"":0,""estp"":0,""spc"":1,""hold"":0,""macs"":5,""cycs"":1,""sps"":12000,""feed"":185.42,""mark"":176190722}}",5.164089872727147,0.192542247694505,0.2011158280949338,0.2041974682329996,5.164089872727147,0.192542247694505,0.2011158280949338,0.2041974682329996,-0.99673844,0.04157536,-0.011781,-1.7431124800000002,-0.91604752,0.8960188000000002,-30.44133952,36.55866048,-39.87788124,100.0,33.665586559999994,73.57089731999976,51.98612003999983,48.90219751999984,51.10499891999984,153.31633639999953,1699.1781704400005,-1.0124534,-0.0787926399999999,0.01895252,5.353567880000001,1.7612880799999997,1.99606876,-4.17078152,16.0,-94.65843752,100.0,32.34,109.47481996000012,61.808749960000064,71.76100624000007,36.66620752000004,153.99807192000017,1867.72651604,-1.0003854,-0.01176708,0.0095163999999999,-5.11734884,-8.16538188,0.3543681199999999,-13.81395736,38.52092528,67.81395736,100.0,32.651860320000004,107.3106460800001,2.6046272800000025,2.083702000000002,2.083702000000002,5.209254560000005,2113.18718136,-0.83786664,0.2442275999999998,-0.02997944,2.198368840000001,1.5016296399999998,1.04453236,9.2120358,6.6741174400000025,9.303223160000003,100.0,40.70504484,82.26098067999997,99.10961475999996,71.35892255999998,54.51028847999999,203.17471056,2865.5873527599992,-1.0041076,-0.0119180799999999,-0.00411936,0.61617464,1.6932005599999995,4.86485472,8.0,-14.19623912,24.98741596,100.0,32.891962400000004,67.14428055999998,57.763829999999984,50.85191839999998,60.72607731999998,161.93620607999995,1520.6273654399995,-1.0047206400000002,0.12496344,-0.0055434799999999,2.91709396,1.81426216,4.12146764,-7.0,30.65123368,37.69753264,100.0,33.09485968,112.07936528000008,2.5702095600000017,2.0561683600000014,2.0561683600000014,5.654461880000004,1628.1824589999994,118,X1.5576 Y1.4541 Z0.0705
16:23:54.564,5,122,1.58347,1.45325,0.06958,87.78133,53.79779,-24.22509,,185.42,0,0,,2,1,"{""sr"":{""mpox"":87.78133,""mpoy"":53.79779,""mpoz"":-24.22509,""mpoa"":0,""posx"":1.58347,""posy"":1.45325,""posz"":0.06958,""posa"":0,""unit"":0,""stat"":5,""coor"":2,""momo"":1,""dist"":0,""home"":1,""mots"":1,""plan"":0,""line"":122,""path"":2,""frmo"":2,""prbe"":1,""safe"":0,""estp"":0,""spc"":1,""hold"":0,""macs"":5,""cycs"":1,""sps"":12000,""feed"":185.42,""mark"":176190722}}",5.272311478207307,0.2129369824462861,0.2108980686799234,0.2148842045493271,5.272311478207307,0.2129369824462861,0.2108980686799234,0.2148842045493271,-0.98920244,0.0330466600000001,0.00592398,-1.6577195999999987,-0.9568620600000024,0.8027590399999988,-17.96973431999969,20.868078019999643,-22.02741567999962,100.0,33.66419664,65.55993020000155,49.17874592000116,46.23577636000109,48.33743166000114,145.43393070000346,1279.733945559999,-1.00603884,-0.0786830399999999,0.0290982399999998,5.325572600000002,1.8415623600000015,2.08283552,-3.532516979999996,16.128450700000002,-96.0,100.0,32.34404086,89.69847661999948,61.90040881999956,72.42229581999948,36.74366459999973,154.55834649999886,1129.1019347799995,-0.9916895200000002,-0.0427395599999996,0.01872076,-4.985562300000002,-8.210362259999997,0.3208625000000018,-14.0,38.38709026,66.8595625,100.0,32.659449620000004,108.42402141999932,2.6376373799999837,2.1101100399999866,2.1101100399999866,5.275275759999967,1335.368322999998,-1.0019465600000002,0.0994673799999996,-0.0068196399999997,2.2078371399999925,1.4770682800000006,1.0216712600000002,8.746102940000004,0.1666630400000331,-3.588131479999883,100.0,40.69957744,82.79947666000014,98.62112246000017,71.00720828000011,54.241617280000085,202.1733013400003,1601.7059402600016,-1.0046035,-0.0133279399999999,-0.00016438,0.3682661799999984,1.8210128599999984,4.898724379999999,9.0,-13.49051756,24.74222712000001,100.0,32.91,95.50574738000066,56.90006734000013,50.26556250000012,60.333692100000135,160.14155486000035,936.6912314400008,-1.0170557799999995,0.1130534799999998,-0.0081326,2.9195682400000007,1.7410023200000009,4.02265054,-6.478978100000003,30.0,37.78333752,100.0,33.09262332,113.06173797999946,2.605108919999988,2.08408701999999,2.08408701999999,5.731240159999973,1077.3542904400013,122,X1.5915 Y1.4541 Z0.0693
16:23:54.822,5,125,1.61412,1.45943,0.06855,88.55971,53.95479,-24.25129,,185.42,0,0,,2,1,"{""sr"":{""mpox"":88.55971,""mpoy"":53.95479,""mpoz"":-24.25129,""mpoa"":0,""posx"":1.61412,""posy"":1.45943,""posz"":0.06855,""posa"":0,""unit"":0,""stat"":5,""coor"":2,""momo"":1,""dist"":0,""home"":1,""mots"":1,""plan"":0,""line"":125,""path"":2,""frmo"":2,""prbe"":1,""safe"":0,""estp"":0,""spc"":1,""hold"":0,""macs"":5,""cycs"":1,""sps"":12000,""feed"":185.42,""mark"":176190722}}",5.255827901802928,0.189543725684317,0.1911523049191472,0.1980248632267937,5.255827901802928,0.189543725684317,0.1911523049191472,0.1980248632267937,-0.99509824,0.0437241000000001,-0.0303499600000001,-1.4683670399999986,-0.9733687800000016,0.8576312199999986,-31.0,36.0,-38.47239718000001,100.0,33.67,103.06783586000078,86.13526266000066,79.50947298000061,83.92666652000064,253.2523957400019,2223.737424400003,-1.00120138,-0.05837578,0.01205204,5.298418799999999,1.9588813000000012,2.00722906,-4.0,16.0,-94.51606934,100.0,32.34078858,76.55912029999958,46.58359173999975,54.6850859599997,27.54508045999985,115.85136773999938,2480.355345040001,-1.0068795800000006,0.0034745400000003,0.0169480400000001,-4.783320679999999,-8.179,0.4221521800000001,-7.4874773799999454,19.188901779999856,34.16385653999975,100.0,32.65,84.83009133999963,2.0894110399999906,1.6715287799999925,1.6715287799999925,4.178822079999981,2566.5411672200025,-0.8805624200000001,0.2967515000000002,-0.0494381400000001,2.59525152,1.842347720000002,1.2652156799999998,9.559309919999988,0.0212073800000215,16.33866352000001,100.0,40.69,87.89075484000007,102.88388368000008,74.44863928000007,56.87048880000005,211.97182070000017,3593.3978029000004,-1.00806606,-0.0147478399999999,0.00699336,0.4209174200000007,1.6968558599999977,4.83073522,8.670119839999998,-14.0,25.186681260000007,100.0,32.92856792,87.9957315000001,60.59586262000007,53.74589614000006,64.28430720000007,171.24917780000018,1984.2183395600005,-1.0154595,0.0826787999999998,-0.0054577599999999,2.88619738,1.9433294,4.1403294,-6.277614700000003,30.7223853,37.55953846,100.0,33.0939665,95.18772671999967,2.2023066999999927,1.7618451599999942,1.7618451599999942,4.845074679999985,2156.297980260001,125,X1.6162 Y1.4601 Z0.0685
16:23:55.079,5,129,1.6423,1.47335,0.06746,89.27555,54.3083,-24.27894,,185.42,0,0,,2,1,"{""sr"":{""mpox"":89.27555,""mpoy"":54.3083,""mpoz"":-24.27894,""mpoa"":0,""posx"":1.6423,""posy"":1.47335,""posz"":0.06746,""posa"":0,""unit"":0,""stat"":5,""coor"":2,""momo"":1,""dist"":0,""home"":1,""mots"":1,""plan"":0,""line"":129,""path"":2,""frmo"":2,""prbe"":1,""safe"":0,""estp"":0,""spc"":1,""hold"":0,""macs"":5,""cycs"":1,""sps"":12000,""feed"":185.42,""mark"":176190722}}",5.206507305406714,0.2046539657156624,0.2090318770715715,0.200359947699474,5.206507305406714,0.2046539657156624,0.2090318770715715,0.200359947699474,-0.9921272,0.04339948,-0.00902,-1.6935302399999996,-0.7930456,1.0224241599999997,-31.0,36.0,-39.127295440000005,100.0,33.66872684,19.60347740000044,14.893550960000333,13.747893240000304,14.511664760000311,43.66229060000097,1124.7098659200008,-1.00398164,-0.07203108,0.0320968799999999,5.4830108,1.9001099599999995,2.15188672,-4.0,16.0,-95.0,100.0,32.35836208,120.7387608799998,73.30017203999988,86.87931679999986,42.82757571999993,183.48393063999967,1425.9568600799998,-0.98655136,-0.0332938,0.0021052399999999,-5.319357439999999,-7.97455296,0.5418141999999999,-13.95980528,38.0,67.54700903999999,100.0,32.65603644,130.4184359599998,3.136991279999995,2.509592799999996,2.509592799999996,6.273981679999991,1562.7706533199994,-1.01828268,0.3364851999999995,0.0192122799999998,2.99047364,1.8514963200000008,1.1430512400000004,12.277851359999994,12.936011359999982,19.558176360000004,100.0,40.67342164,82.83448296000005,93.68276892000004,67.38408436000003,51.78444536000002,192.60828812000008,2004.5357107199989,-1.00479112,-0.00976928,-0.0049042,0.7091113999999998,1.6882935200000004,4.81391716,9.0,-14.0,24.47195492,100.0,32.943293080000004,109.11364604000006,53.10617988000004,47.10287272000003,56.33872964000004,149.6208884800001,1175.6938279599997,-1.02097216,0.12755948,-0.0079970399999999,2.92101284,1.7227132400000005,4.23433592,-6.6675131200000015,30.33248688,37.92506408,100.0,33.095176679999994,127.99667191999984,2.9628862399999965,2.3703090399999973,2.3703090399999973,6.518348919999992,1384.04489876,129,X1.6461 Y1.4759 Z0.0673
16:23:55.338,5,133,1.66586,1.4937,0.06636,89.87408,54.82529,-24.307,,185.42,0,0,,2,1,"{""sr"":{""mpox"":89.87408,""mpoy"":54.82529,""mpoz"":-24.307,""mpoa"":0,""posx"":1.66586,""posy"":1.4937,""posz"":0.06636,""posa"":0,""unit"":0,""stat"":5,""coor"":2,""momo"":1,""dist"":0,""home"":1,""mots"":1,""plan"":0,""line"":133,""path"":2,""frmo"":2,""prbe"":1,""safe"":0,""estp"":0,""spc"":1,""hold"":0,""macs"":5,""cycs"":1,""sps"":12000,""feed"":185.42,""mark"":176190722}}",5.253561182378337,0.1999642249719977,0.1796699335087938,0.1967699449448538,5.253561182378337,0.1999642249719977,0.1796699335087938,0.1967699449448538,-0.99309814,0.03281228,-0.00252604,-1.5976974800000003,-0.98117244,0.9693744999999998,-31.00426102,36.0,-36.06414,100.0,33.6705988,163.77553567999976,109.49564313999984,100.13704201999984,105.75220307999984,320.0641892999995,2076.1153679799995,-1.00981376,-0.0749037999999999,0.00461228,5.44697714,1.72066846,2.0424937400000003,-4.0,16.04183572,-94.95816428,100.0,32.36041838,63.55494600000008,36.87008834000006,44.07059206000008,21.39781896000004,92.13338648000015,1646.62803464,-0.97497358,-0.0248739599999999,0.01122048,-5.27709134,-8.1893415,0.38766154,-13.35510716,38.0,66.04008402,100.0,32.65065328,72.4819181600001,1.7755349800000024,1.4204278200000018,1.4204278200000018,3.906177180000005,2181.8923257200004,-0.8488243800000003,0.4981430999999998,-0.06992888,3.0860496600000005,1.4532352999999991,1.16169188,9.155150199999998,6.608228479999998,5.762198019999993,100.0,40.65507412,87.75698997999999,106.48561677999996,76.51981463999998,58.86139555999999,218.85737193999995,2401.4423888,-1.00799318,-0.0097525,-0.0020904599999999,0.4447362000000002,1.80835496,4.73489512,8.518395899999998,-14.0,26.0,100.0,32.93,109.90180249999996,62.15510457999999,55.585638119999984,65.97164621999998,176.10613065999996,1913.67046536,-1.02008054,0.1272466,-0.00502244,2.93,1.7117348,3.94453564,-6.413106300000001,31.0,37.60931,100.0,33.07977584,84.38904278000008,1.9534500600000015,1.5627600600000011,1.5627600600000011,4.297590180000004,1483.70468462,133,X1.6706 Y1.4993 Z0.0661
16:23:55.594,5,136,1.68352,1.51955,0.06525,90.32246,55.48181,-24.33515,,185.42,0,0,,2,1,"{""sr"":{""mpox"":90.32246,""mpoy"":55.48181,""mpoz"":-24.33515,""mpoa"":0,""posx"":1.68352,""posy"":1.51955,""posz"":0.06525,""posa"":0,""unit"":0,""stat"":5,""coor"":2,""momo"":1,""dist"":0,""home"":1,""mots"":1,""plan"":0,""line"":136,""path"":2,""frmo"":2,""prbe"":1,""safe"":0,""estp"":0,""spc"":1,""hold"":0,""macs"":5,""cycs"":1,""sps"":12000,""feed"":185.42,""mark"":176190722}}",5.0985314328628295,0.1992193316924337,0.2062127111585454,0.209929326643885,5.0985314328628295,0.1992193316924337,0.2062127111585454,0.209929326643885,-0.9998278,0.0501044199999999,-0.0621607399999996,-1.675209940000002,-0.8372982600000011,0.9437285399999992,-31.0,36.0,-38.81883917999999,100.0,33.68180984,27.836692080000656,21.1486561200005,19.34107860000045,20.42562484000048,61.638390020001445,1290.7920634200009,-1.00501982,-0.0771378399999999,0.0613453199999999,5.40953474,1.5487042399999995,2.04466574,-1.4948976600000066,6.228230860000025,-35.005005700000154,100.0,32.35248624,115.23472109999967,69.51659745999982,83.29466255999978,40.081642259999896,173.47835643999954,1446.6614719600009,-0.99350268,-0.02307682,0.0034467999999999,-5.3989597,-8.06611412,0.4456397999999995,-14.880276779999996,37.88027678,65.39223054,100.0,32.65880282,125.20052305999972,3.0388474799999927,2.4310780199999944,2.4310780199999944,6.685464419999985,1786.0066186000013,-0.9836909,0.1964444000000003,-0.0281332399999997,1.9958787600000008,1.585944480000001,1.0693717000000011,10.371727899999993,-9.69792771999997,4.767128579999976,100.0,40.64,79.88891046000005,94.63031644000006,68.00067962000004,52.30821526000004,194.49145488000013,1668.2228828000011,-1.00711754,-0.0117313799999999,0.0010353799999999,0.5456643400000002,1.69042956,4.7692673,9.0,-14.0,25.0,100.0,32.94080838,96.95263744000007,53.13750324000005,47.07796340000005,56.40033244000006,150.55625842000015,1242.3649741000008,-0.98947384,0.12179438,-0.0142524,2.89042366,1.80303104,4.0831964,-6.486170780000003,30.58130978,37.41869022,100.0,33.0644633,126.52314753999975,2.9065505399999947,2.325239939999996,2.325239939999996,6.394410219999988,1412.9450676800009,136,X1.6842 Y1.5208 Z0.0652
16:23:55.852,5,140,1.69393,1.54887,0.06415,90.58685,56.2265,-24.3632,,185.42,0,0,,2,1,"{""sr"":{""mpox"":90.58685,""mpoy"":56.2265,""mpoz"":-24.3632,""mpoa"":0,""posx"":1.69393,""posy"":1.54887,""posz"":0.06415,""posa"":0,""unit"":0,""stat"":5,""coor"":2,""momo"":1,""dist"":0,""home"":1,""mots"":1,""plan"":0,""line"":140,""path"":2,""frmo"":2,""prbe"":1,""safe"":0,""estp"":0,""spc"":1,""hold"":0,""macs"":5,""cycs"":1,""sps"":12000,""feed"":185.42,""mark"":176190722}}",5.420781846713449,0.2015947043004052,0.2041823207081625,0.2037496461182289,5.420781846713449,0.2015947043004052,0.2041823207081625,0.2037496461182289,-0.99928954,0.0300318199999999,0.03789558,-1.8294854800000029,-0.91616962,0.8752915599999991,-31.0013893,36.0,-38.66070652000001,100.0,33.69659328,94.94165228000224,77.14009256000182,70.54692232000166,73.84350744000174,224.8271081000053,2159.313068479996,-1.00540392,-0.0787802999999999,0.0304292599999999,5.20782532,2.112427520000004,2.0209607599999986,-4.0,16.201814800000005,-94.43864316,100.0,32.36438672,74.33245487999898,48.68935555999932,57.9008552199992,28.073141459999608,121.06542433999832,1822.471997879996,-1.0181007000000004,-0.0398512999999995,0.0222188200000002,-5.195423000000001,-8.091366139999998,0.4009367399999984,-14.0,37.44850188,66.77872113999999,100.0,32.6444253,93.2943762999989,2.242510719999974,1.7940081799999792,1.7940081799999792,4.933522979999943,2215.243758660004,-0.9845637600000006,0.3113547400000002,0.0019717200000004,2.2898611000000053,1.6104626999999982,1.1408413400000008,12.01807540000002,0.57921281999999,17.65192909999997,100.0,40.64,86.95675836000026,101.65115724000024,73.04580646000016,56.18908210000013,208.92122216000047,2126.0952791400027,-1.00722174,-0.0077293,-0.0034050200000005,0.4579114200000011,1.7943506999999974,4.8313194,8.364688280000008,-14.0,24.117846839999988,100.0,32.94,112.60515110000098,58.990958880000186,52.263920040000166,62.61321074000019,167.14105082000052,1655.5377003799988,-1.0176209,0.1232224800000002,-0.0089570199999999,2.818686879999999,1.8338651799999992,3.965308199999998,-7.0,30.128222499999996,37.54062416,100.0,33.07256462,100.14384853999915,2.2968771999999804,1.8375016999999845,1.8375016999999845,5.053129579999958,1901.4001693199968,140,X1.6948 Y1.5529 Z0.064
16:23:56.109,5,144,1.69669,1.58012,0.06303,90.65695,57.02029,-24.3915,,185.42,0,0,,2,1,"{""sr"":{""mpox"":90.65695,""mpoy"":57.02029,""mpoz"":-24.3915,""mpoa"":0,""posx"":1.69669,""posy"":1.58012,""posz"":0.06303,""posa"":0,""unit"":0,""stat"":5,""coor"":2,""momo"":1,""dist"":0,""home"":1,""mots"":1,""plan"":0,""line"":144,""path"":2,""frmo"":2,""prbe"":1,""safe"":0,""estp"":0,""spc"":1,""hold"":0,""macs"":5,""cycs"":1,""sps"":12000,""feed"":185.42,""mark"":176190722}}",5.187775038019786,0.1938412339843254,0.1925104045374648,0.2081862829840147,5.187775038019786,0.1938412339843254,0.1925104045374648,0.2081862829840147,-0.99545544,0.0463673599999998,0.0079085999999999,-1.713818640000006,-1.0108672400000045,0.9497319200000044,-30.480502639999976,35.99907888,-38.44192639999993,100.0,33.69997684,69.21089899999653,56.21881755999719,51.41379023999743,53.81630387999731,163.8514253599918,1446.7972916799904,-1.0038891199999995,-0.0782311199999999,0.03769964,5.350151639999994,1.750517000000002,2.0058221199999946,-4.157633840000007,16.0,-95.01531472000002,100.0,32.35669408,81.22517584000153,56.34996608000105,67.01077048000126,32.49007004000061,140.11342820000263,1575.5604559999974,-1.0213065600000002,-0.03051932,0.0247953199999997,-5.281050280000002,-7.8925392799999985,0.5158785599999975,-14.174871320000008,37.49374683999999,66.68112448000002,100.0,32.6350626,104.79442360000164,2.53126628000004,2.025013120000032,2.025013120000032,5.568785720000087,1665.4270979199985,-0.9185939999999992,0.2040251200000003,0.0009906799999997,2.9290147599999945,1.144821440000013,1.0550700400000008,9.220783199999987,11.079483760000146,18.63818411999983,100.0,40.64,81.8978144799997,99.37600679999964,71.41089947999973,54.93146063999979,204.2451591999992,2226.040751320006,-1.00686476,-0.0090178,0.00912876,0.2874213999999992,1.8964369200000064,4.883,8.78519760000001,-14.0,24.5029786,100.0,32.94711816,121.77016283999936,56.66040227999971,50.19912803999974,60.13955007999969,161.03482755999917,1272.1543615999976,-1.0222611199999996,0.1417818399999997,-0.00683628,2.97174832,1.667753760000001,4.006507000000002,-6.819716800000009,31.0,37.67617155999999,100.0,33.05971464,108.92489384000126,2.52055876000003,2.016447120000024,2.016447120000024,5.545230160000066,1472.2639344800011,144,X1.6963 Y1.5866 Z0.0628
16:23:56.367,5,147,1.69133,1.61104,0.06192,90.52095,57.80558,-24.41981,,185.42,0,0,,2,1,"{""sr"":{""mpox"":90.52095,""mpoy"":57.80558,""mpoz"":-24.41981,""mpoa"":0,""posx"":1.69133,""posy"":1.61104,""posz"":0.06192,""posa"":0,""unit"":0,""stat"":5,""coor"":2,""momo"":1,""dist"":0,""home"":1,""mots"":1,""plan"":0,""line"":147,""path"":2,""frmo"":2,""prbe"":1,""safe"":0,""estp"":0,""spc"":1,""hold"":0,""macs"":5,""cycs"":1,""sps"":12000,""feed"":185.42,""mark"":176190722}}",5.38739875996868,0.2085169582945766,0.2109550017960849,0.2078890193896372,5.38739875996868,0.2085169582945766,0.2109550017960849,0.2078890193896372,-0.98602956,0.0394666800000001,-0.0085928,-1.7261699999999989,-0.9550849999999994,0.775830000000001,-31.64073691999999,35.35926308000001,-39.0,100.0,33.7,57.48209172000136,42.033779640000986,38.44114884000091,40.23746424000095,122.50870812000292,1434.3674561200016,-1.00613892,-0.07615496,0.0285997199999998,5.34386144,1.75605808,1.95963984,-4.0,15.553740279999996,-95.00137012,100.0,32.35555136,87.01310163999933,61.465155239999625,73.64743879999955,35.439368559999785,153.38601859999906,1463.8044580400017,-1.0155154,-0.0216495600000001,0.0195314799999998,-5.253936999999995,-7.970171000000002,0.3728886399999977,-14.879792759999996,37.452259960000006,67.45225996,100.0,32.64452276,113.8097120799994,2.738699919999985,2.1909595199999887,2.1909595199999887,6.025140159999969,1712.6119537999984,-0.861365800000001,0.2793448799999994,-0.0713270399999996,2.266499439999998,1.9438285599999985,1.1339189999999997,8.926915439999986,4.968503040000067,1.3183623599999512,100.0,40.63194292,80.6967929200001,97.55953444000014,70.10559548000009,53.92738116000008,200.51180744000027,2052.0280606799997,-1.00608668,-0.0120344799999999,0.01219236,0.5056376799999983,1.7125398000000012,4.816749720000001,8.484531760000001,-14.0,25.0,100.0,32.96285312,84.48068228000014,55.23663356000011,49.422251440000096,59.11288864000011,157.4728594000003,1579.4247865999982,-0.9725421199999998,0.1280643199999999,-0.0091780399999999,2.954272679999999,1.592265199999999,3.9709768400000014,-6.0,30.2378176,38.0737852,100.0,33.07536888,115.96878079999954,2.684462639999989,2.1475700399999917,2.1475700399999917,5.905817239999976,1391.0979551599978,147,X1.6912 Y1.6115 Z0.0619
16:23:56.624,5,151,1.67841,1.63926,0.06082,90.19277,58.52247,-24.44776,,185.42,0,0,,2,1,"{""sr"":{""mpox"":90.19277,""mpoy"":58.52247,""mpoz"":-24.44776,""mpoa"":0,""posx"":1.67841,""posy"":1.63926,""posz"":0.06082,""posa"":0,""unit"":0,""stat"":5,""coor"":2,""momo"":1,""dist"":0,""home"":1,""mots"":1,""plan"":0,""line"":151,""path"":2,""frmo"":2,""prbe"":1,""safe"":0,""estp"":0,""spc"":1,""hold"":0,""macs"":5,""cycs"":1,""sps"":12000,""feed"":185.42,""mark"":176190722}}",5.155675344429032,0.1919709125417292,0.1918435080406632,0.204286792061141,5.155675344429032,0.1919709125417292,0.1918435080406632,0.204286792061141,-0.98946272,0.03291704,-0.0013229000000004,-1.7493676999999963,-0.9560104999999968,1.024330620000001,-31.21999999999998,36.0,-38.56153428000004,100.0,33.7,130.90779440000313,91.17113382000215,83.37872902000196,88.05417152000207,266.5002367600063,1820.803401620005,-1.00360108,-0.0753247,0.0429561399999996,5.279405039999999,1.9845794000000037,2.0947846,-4.0,16.0,-94.84978015999998,100.0,32.3671569,51.66102423999905,43.8335961399992,52.05239583999904,25.43914051999953,109.192619139998,1581.0932846999997,-0.9746725,-0.0353029600000001,0.00607626,-5.33095548,-8.110662500000002,0.4495817600000015,-14.073480439999994,37.0,66.07348044,100.0,32.6292652,84.32869175999875,2.0468131199999697,1.6374499399999756,1.6374499399999756,4.502988419999933,1838.5154707799977,-0.836752359999998,0.3767681600000003,-0.0140696000000004,1.4435733399999948,1.3643894400000005,1.0626262599999985,11.476848619999998,-8.708971680000092,11.293775600000256,100.0,40.63,88.41256656000026,104.1071047000003,74.81063338000021,57.546640660000165,213.9688731200006,2510.116250900008,-1.0066642800000003,-0.0087784599999999,0.0037426399999997,0.4554274400000009,1.940846120000003,4.747202599999999,9.0,-14.0,24.12220361999999,100.0,32.9687779,76.2350329600003,60.88214456000023,53.99981504000021,64.58801412000025,173.11705492000067,1637.507098400004,-1.01169426,0.13081874,-0.0125529399999999,3.02573468,1.8300309599999995,3.889060839999999,-6.5694226200000045,30.569422620000005,38.0,100.0,33.0627677,93.71114873999898,2.152887339999977,1.7223097399999814,1.7223097399999814,4.736351839999949,1534.5084827599972,151,X1.6767 Y1.6421 Z0.0607
16:23:56.880,5,155,1.6585,1.66363,0.0597,89.68704,59.14153,-24.47612,,185.42,0,0,,2,1,"{""sr"":{""mpox"":89.68704,""mpoy"":59.14153,""mpoz"":-24.47612,""mpoa"":0,""posx"":1.6585,""posy"":1.66363,""posz"":0.0597,""posa"":0,""unit"":0,""stat"":5,""coor"":2,""momo"":1,""dist"":0,""home"":1,""mots"":1,""plan"":0,""line"":155,""path"":2,""frmo"":2,""prbe"":1,""safe"":0,""estp"":0,""spc"":1,""hold"":0,""macs"":5,""cycs"":1,""sps"":12000,""feed"":185.42,""mark"":176190722}}",5.160961661190086,0.2012676535735061,0.2038376050508657,0.2065620633577616,5.160961661190086,0.2012676535735061,0.2038376050508657,0.2065620633577616,-0.991,0.0401995999999999,0.0067042000000004,-1.648,-0.8113663999999962,0.916,-31.0,35.09981759999998,-39.0,100.0,33.7,16.17045439999656,11.678661499997505,10.780302899997697,11.2793909999976,34.237443499992715,1314.0273571000032,-1.009238,-0.0761662,0.0356660000000003,5.458263899999997,1.6083195000000017,2.1130324,-4.0,16.030601399999995,-94.3729412,100.0,32.360306,78.0017121000009,74.31559380000094,88.12645620000112,43.40556790000055,186.02600940000235,1489.156029999998,-0.9780599999999998,-0.0318859999999999,0.0034217999999998,-5.182737000000001,-8.125771499999999,0.5024670000000013,-5.575736299999799,14.735873799999473,26.31931489999905,100.0,32.6610237,133.4077241000015,3.177176900000035,2.5417419000000283,2.5417419000000283,6.989788900000078,1572.9445584999996,-0.9337005000000004,0.130529399999999,0.0023993000000005,2.848106700000018,1.637943399999993,1.102285799999999,11.05232280000012,8.97328320000007,12.71555430000016,100.0,40.63,76.6645231999997,93.46504069999968,67.16332079999977,51.66409319999982,192.09649119999932,2029.592690499994,-1.002111,-0.0111667999999999,-0.010423,0.4392019999999988,1.9882569000000008,4.853172499999999,9.0,-14.0,23.111040699999972,100.0,32.9754452,104.7232249000005,52.38253759999973,46.91653289999976,56.02653979999971,149.80408619999923,1249.391509600001,-1.0200210000000005,0.1278427000000001,-0.0094047,2.933809299999999,1.7451358999999989,4.077187000000001,-5.62531810000008,29.064143300000413,35.62701430000051,100.0,33.0734514,130.47409240000115,3.0063157000000267,2.4050522000000214,2.4050522000000214,6.613894100000058,1483.1396511999997,155,X1.6543 Y1.6675 Z0.0595
16:23:57.139,5,159,1.63328,1.68201,0.05859,89.04652,59.60826,-24.50428,,185.42,0,0,,2,1,"{""sr"":{""mpox"":89.04652,""mpoy"":59.60826,""mpoz"":-24.50428,""mpoa"":0,""posx"":1.63328,""posy"":1.68201,""posz"":0.05859,""posa"":0,""unit"":0,""stat"":5,""coor"":2,""momo"":1,""dist"":0,""home"":1,""mots"":1,""plan"":0,""line"":159,""path"":2,""frmo"":2,""prbe"":1,""safe"":0,""estp"":0,""spc"":1,""hold"":0,""macs"":5,""cycs"":1,""sps"":12000,""feed"":185.42,""mark"":176190722}}",5.266351536063876,0.1994397855817272,0.2007600737065795,0.2019420302924339,5.266351536063876,0.1994397855817272,0.2007600737065795,0.2019420302924339,-0.99191096,0.0371163199999993,-0.0036006400000002,-1.8668302800000136,-0.85411776,0.85411776,-31.0,36.0,-37.845962080000085,100.0,33.709182039999995,149.67238400000738,107.4335522000053,99.16943280000488,104.67884512000516,315.8730077200156,1591.115413559994,-1.00672112,-0.0795088800000005,0.0052604799999998,5.40863132,1.8481138400000008,2.095516559999999,-3.944217120000032,16.0,-95.66365484000002,100.0,32.36944216,41.14563803999776,38.67965767999795,45.4065550799976,22.59088783999877,95.91406547999487,1639.0969540399867,-0.9582150399999994,-0.0548044400000004,0.0113606800000005,-5.188755679999988,-8.080450199999998,0.4204896800000037,-14.307786000000016,37.0,66.05336343999997,100.0,32.64893272,74.91794971999677,1.8057451999999243,1.4445967599999394,1.4445967599999394,3.9726398399998337,1605.5951040399898,-0.920833320000003,0.1357016399999866,-0.0149672799999994,2.520048680000033,1.943174800000008,1.178783440000008,10.936716480000118,15.532439600000224,13.153624120000243,100.0,40.64,92.56142928000074,105.54991276000068,76.37782628000049,58.34417296000037,217.46464392000135,2431.411388079994,-1.0111587999999998,-0.00601608,0.0006205599999998,0.4981177199999907,1.8207702799999987,4.937471920000004,9.0,-14.0,24.458075439999995,100.0,32.97493724,120.70651700000111,62.86326452000055,55.85391664000047,67.19866208000059,179.37707488000157,1152.8716166799966,-0.9870370799999992,0.1158577599999997,-0.0099590800000002,2.9058655600000005,1.8050234800000016,4.111292440000001,-6.0,30.60435864000001,38.39564135999999,100.0,33.064560279999995,86.24988847999755,1.978208799999944,1.5825665199999552,1.5825665199999552,4.352059039999877,1310.7741338399874,159,X1.6259 Y1.6857 Z0.0583
16:23:57.394,5,162,1.60424,1.6932,0.05749,88.3089,59.89252,-24.53236,,185.42,0,0,,2,1,"{""sr"":{""mpox"":88.3089,""mpoy"":59.89252,""mpoz"":-24.53236,""mpoa"":0,""posx"":1.60424,""posy"":1.6932,""posz"":0.05749,""posa"":0,""unit"":0,""stat"":5,""coor"":2,""momo"":1,""dist"":0,""home"":1,""mots"":1,""plan"":0,""line"":162,""path"":2,""frmo"":2,""prbe"":1,""safe"":0,""estp"":0,""spc"":1,""hold"":0,""macs"":5,""cycs"":1,""sps"":12000,""feed"":185.42,""mark"":176190722}}",5.107427840275813,0.1891320598674649,0.1993690746084888,0.2036226624964351,5.107427840275813,0.1891320598674649,0.1993690746084888,0.2036226624964351,-0.99653626,0.0506050399999999,-0.0181310999999999,-1.8086952,-0.9717230599999984,0.9548929399999996,-31.0,36.177405160000006,-38.35946828000001,100.0,33.7199795,25.814563160000603,21.23915020000049,19.78690064000046,20.69455682000048,62.62826448000146,1262.47305694,-1.01238792,-0.0829421799999999,0.0287658999999999,5.4100717000000005,1.73118822,2.05983492,-3.500197779999988,14.000791479999952,-82.88108823999971,100.0,32.387513760000004,75.1725924199998,73.2932774999998,85.19560489999978,43.22424105999988,181.6670984999995,1254.8595437599993,-0.99356964,-0.0105319200000003,0.0311750799999999,-5.54407124,-8.30302874,0.5690816999999999,-14.0,37.0,66.72627006,100.0,32.65153476,126.0548927599997,3.030165779999993,2.4241326599999944,2.4241326599999944,6.666364859999985,1549.4730117399993,-0.98106892,0.2096325799999998,-0.0136534799999999,2.583797199999997,1.86960322,1.038074020000001,8.450151240000004,0.426870400000007,7.729463619999943,100.0,40.62609598,79.53667994000006,94.68652396000007,68.17429704000006,52.07758822000004,194.10737466000012,1768.0403030999992,-1.00908442,-0.0010547599999999,0.0085932,0.5821856000000002,1.80225932,4.804464860000001,9.0,-14.08046018,25.3831037,100.0,32.98,86.22286862000009,54.23696590000006,48.210636020000045,57.94547602000006,154.36674870000013,1464.2673001200003,-0.98628326,0.1377142999999998,-0.01094382,2.89473674,1.7658729599999998,4.093127040000001,-5.421915360000001,30.0,39.0,100.0,33.06932338,125.6473564799998,2.890424019999995,2.312339379999996,2.312339379999996,6.358931679999988,1226.2174212599996,162,X1.6019 Y1.6938 Z0.0574
16:23:57.653,5,166,1.57306,1.69676,0.05637,87.51679,59.98287,-24.56067,,185.42,0,0,,2,1,"{""sr"":{""mpox"":87.51679,""mpoy"":59.98287,""mpoz"":-24.56067,""mpoa"":0,""posx"":1.57306,""posy"":1.69676,""posz"":0.05637,""posa"":0,""unit"":0,""stat"":5,""coor"":2,""momo"":1,""dist"":0,""home"":1,""mots"":1,""plan"":0,""line"":166,""path"":2,""frmo"":2,""prbe"":1,""safe"":0,""estp"":0,""spc"":1,""hold"":0,""macs"":5,""cycs"":1,""sps"":12000,""feed"":185.42,""mark"":176190722}}",5.300656966547408,0.2046673943847164,0.2065785140299079,0.2131689250798778,5.300656966547408,0.2046673943847164,0.2065785140299079,0.2131689250798778,-0.98830952,0.04034876,-0.01594944,-1.814100120000001,-0.91577536,0.837905840000001,-31.0,36.0,-39.63308607999999,100.0,33.72,96.14320727999872,74.49506783999901,70.03809795999906,73.22164767999902,220.93836291999708,1356.7709998400005,-1.00975016,-0.07803704,0.0244591600000001,5.45925924,1.5740389600000009,2.00429572,-4.0,16.0,-94.19701952,100.0,32.39,53.37570488000039,52.9816658400004,61.02550048000045,31.53143964000024,130.98859488000096,1234.1101046399997,-1.0121539600000002,-0.0260905999999999,0.0132376,-5.213395120000002,-7.99442336,0.4139145600000002,-13.240359760000006,36.24035976,67.0,100.0,32.64214528,95.5490584400006,2.274361720000014,1.8194899600000116,1.8194899600000116,5.003596840000031,1355.80317052,-0.9398509599999996,0.2308336400000009,-0.01793396,2.025067160000006,1.6205644400000014,1.1200591999999996,11.179007039999991,-3.4942077200000137,6.0779885200001065,100.0,40.64,86.64268895999986,102.29364503999987,73.65142403999991,56.606742159999925,209.70197131999973,1602.4903561600006,-1.00667708,-0.0083904399999999,0.01512836,0.4962163199999983,1.848692840000001,4.91665512,8.838541799999996,-14.0,24.0,100.0,32.98,96.86405983999958,60.6785959199999,53.95446899999991,64.65506107999988,172.9197821199997,1366.22210136,-1.0153621199999998,0.1354508400000001,-0.00515664,2.816331920000002,1.77,3.975089800000001,-6.0,30.1345194,38.53410532,100.0,33.06333316,101.56503008000044,2.3294727600000105,1.8635787200000085,1.3976840400000063,5.124841200000024,1035.8913014800012,166,X1.5682 Y1.6967 Z0.0562
16:23:57.910,5,170,1.54217,1.69231,0.05537,86.73236,59.87002,-24.58621,,185.42,0,0,,2,1,"{""sr"":{""mpox"":86.73236,""mpoy"":59.87002,""mpoz"":-24.58621,""mpoa"":0,""posx"":1.54217,""posy"":1.69231,""posz"":0.05537,""posa"":0,""unit"":0,""stat"":5,""coor"":2,""momo"":1,""dist"":0,""home"":1,""mots"":1,""plan"":0,""line"":170,""path"":2,""frmo"":2,""prbe"":1,""safe"":0,""estp"":0,""spc"":1,""hold"":0,""macs"":5,""cycs"":1,""sps"":12000,""feed"":185.42,""mark"":176190722}}",5.256001254737404,0.2031253226899035,0.2213651059810548,0.2147272051818319,5.256001254737404,0.2031253226899035,0.2213651059810548,0.2147272051818319,-0.9984894999999996,0.0429769999999994,-0.0150164999999992,-1.7698094999999914,-0.9461920000000108,0.8541905000000001,-31.0,36.0,-38.003082500000005,100.0,33.7199775,81.8920709999942,58.43315249999586,55.43658049999607,57.9328869999959,174.29976399998768,1499.1155495000194,-1.0075340000000004,-0.0718780000000007,0.0319615000000009,5.455733499999991,1.677357500000004,2.006091499999995,-3.839779499999989,16.0,-95.65647600000004,100.0,32.394963000000004,69.97200100000184,59.55063900000157,68.4832350000018,35.73038350000094,147.8840870000039,1776.38849399999,-1.010817499999998,-0.027907499999999,0.0208134999999997,-5.210395000000006,-8.120368000000001,0.3073680000000017,-14.0,36.67342600000002,66.85148800000003,100.0,32.6420765,103.5310660000022,2.476820000000053,1.9814560000000423,1.9814560000000423,5.449003500000116,2013.2626044999995,-0.9456789999999988,0.1842464999999986,0.0310964999999986,2.8244145,1.551679499999996,1.174032499999999,10.504065499999989,8.762116999999797,19.23846149999971,100.0,40.6476995,82.63416749999955,100.16262749999945,72.1170914999996,55.59025799999969,205.83419899999885,2021.1194319999845,-1.0051415,-0.0038624999999997,0.0051205,0.4637599999999939,1.966526499999998,4.909903999999997,8.500407999999997,-13.499592000000003,23.940641999999965,100.0,32.9950045,104.08493549999912,59.0481844999995,52.54287599999956,63.051451499999466,168.13720299999858,1600.780613999991,-0.9634309999999986,0.1598945000000006,-0.0042095000000002,2.9647615000000047,1.77,3.989682999999996,-6.0,30.314017500000023,38.3139055,100.0,33.046861,108.69819050000196,2.500280500000045,2.000224000000036,1.5001680000000273,5.5006160000001,1611.2018560000074,170,X1.535 Y1.6901 Z0.0551
16:23:58.167,5,173,1.51337,1.6801,0.05425,86.00069,59.55985,-24.61451,,185.42,0,0,,2,1,"{""sr"":{""mpox"":86.00069,""mpoy"":59.55985,""mpoz"":-24.61451,""mpoa"":0,""posx"":1.51337,""posy"":1.6801,""posz"":0.05425,""posa"":0,""unit"":0,""stat"":5,""coor"":2,""momo"":1,""dist"":0,""home"":1,""mots"":1,""plan"":0,""line"":173,""path"":2,""frmo"":2,""prbe"":1,""safe"":0,""estp"":0,""spc"":1,""hold"":0,""macs"":5,""cycs"":1,""sps"":12000,""feed"":185.42,""mark"":176190722}}",5.336843850740091,0.2064343754727604,0.2069567871742942,0.2112149858090802,5.336843850740091,0.2064343754727604,0.2069567871742942,0.2112149858090802,-0.98636256,0.0282624,-0.0069123199999999,-1.8142195200000009,-0.942801600000002,0.871417919999999,-31.0,36.36245632000001,-39.63754367999999,100.0,33.71,53.64357568000125,42.40742080000099,40.59513792000095,42.04496448000098,126.859806720003,1425.0934016000017,-1.01053816,-0.075658,0.01711036,5.458849720000002,1.5464819999999988,2.047676960000001,-4.0,16.445976959999996,-95.44597696,100.0,32.37774008,71.05310779999957,68.27329923999959,76.72270931999955,41.03117803999975,167.790436839999,1328.5685537999982,-0.9993786799999996,-0.02774584,0.0112128799999999,-5.178206199999999,-8.31364388,0.366,-13.455945600000003,37.0,66.0,100.0,32.65424896,114.1322654799994,2.720272279999986,2.1762178799999887,2.1762178799999887,5.984599319999969,1639.2367139200005,-0.8535548800000006,0.3343090799999993,-0.0050637199999996,2.1909282799999965,1.5915087599999973,1.13017628,10.22756347999998,12.235072560000043,3.5472582799999945,100.0,40.64704192,79.30656772000009,98.07836276000012,70.4034428000001,54.26932060000007,200.94315964000023,1644.9978551999998,-1.00433408,-0.00859268,-0.0035443600000001,0.5403443199999993,1.8240640000000008,4.77659104,8.801255519999994,-14.0,23.39748896000001,100.0,33.0,99.07374128000042,57.68890136000011,50.901972040000096,61.36840236000011,163.6571274000003,1127.214429439999,-1.00643356,0.12148148,-0.0161339599999999,2.73021632,1.7984578,3.96291624,-6.0,30.224905320000005,38.224905320000005,100.0,33.05708156,115.23058775999954,2.6673747599999893,2.133899919999992,1.6004247999999937,5.868224359999977,1120.7297048800006,173,X1.5121 Y1.6794 Z0.0542
16:23:58.425,5,177,1.48871,1.66101,0.05315,85.37448,59.075,-24.6426,,185.42,0,0,,2,1,"{""sr"":{""mpox"":85.37448,""mpoy"":59.075,""mpoz"":-24.6426,""mpoa"":0,""posx"":1.48871,""posy"":1.66101,""posz"":0.05315,""posa"":0,""unit"":0,""stat"":5,""coor"":2,""momo"":1,""dist"":0,""home"":1,""mots"":1,""plan"":0,""line"":177,""path"":2,""frmo"":2,""prbe"":1,""safe"":0,""estp"":0,""spc"":1,""hold"":0,""macs"":5,""cycs"":1,""sps"":12000,""feed"":185.42,""mark"":176190722}}",5.07120555716671,0.1990572216557621,0.1937584519745599,0.2006144010040725,5.07120555716671,0.1990572216557621,0.1937584519745599,0.2006144010040725,-0.9933948,0.0427817999999995,-0.0097807999999995,-1.745754600000005,-0.8787454000000036,1.0379586,-30.0002246,36.59763659999994,-38.9997754,100.0,33.72,126.22991699999552,93.4748845999967,90.2791619999968,93.4748845999967,281.22358419999,1399.3825935999985,-1.0020718000000002,-0.0722363999999999,0.0353765999999997,5.182404600000004,1.826204400000002,1.9566970000000008,-3.381653600000011,16.0,-94.6789528,100.0,32.3612122,45.798461400001344,47.325076400001386,53.04988380000156,28.624038200000843,116.40442180000342,2012.43571940001,-0.9913408000000008,-0.0393871999999995,0.0145408000000004,-5.037745800000004,-8.052778199999999,0.2846422000000029,-13.46706880000002,37.066399200000006,66.86773920000002,100.0,32.6546656,83.740027600002,2.0033500000000477,1.602680200000038,1.602680200000038,4.407369400000105,1696.5560600000072,-0.8782296000000004,0.2838421999999989,-0.0121082000000009,2.151307800000005,1.5892829999999885,1.1890992,7.7394096000000285,-0.2310222000000005,-5.815621799999558,100.0,40.6510822,85.76626179999963,105.11596699999954,75.30696179999967,58.04911679999975,214.93861999999908,3132.935572800002,-1.0056576000000002,-0.0112071999999999,0.0076405999999995,0.5610757999999969,1.6925362000000053,4.772169999999999,9.0,-14.0,24.5315092,100.0,32.9946846,126.49919559999928,63.24959819999963,56.33997759999967,67.50167159999961,179.65011819999896,1298.4418034000005,-1.0149584000000005,0.1266316000000001,-0.0105277999999997,2.9482855999999997,1.8034596000000012,3.989761000000003,-5.875622799999983,31.0,38.87562279999998,100.0,33.0545148,92.41206440000158,2.120713000000035,1.696570200000028,1.696570200000028,4.665568000000078,2592.7962255999973,177,X1.4858 Y1.6581 Z0.053
16:23:58.682,5,181,1.46964,1.63611,0.05203,84.88999,58.4424,-24.6709,,185.42,0,0,,2,1,"{""sr"":{""mpox"":84.88999,""mpoy"":58.4424,""mpoz"":-24.6709,""mpoa"":0,""posx"":1.46964,""posy"":1.63611,""posz"":0.05203,""posa"":0,""unit"":0,""stat"":5,""coor"":2,""momo"":1,""dist"":0,""home"":1,""mots"":1,""plan"":0,""line"":181,""path"":2,""frmo"":2,""prbe"":1,""safe"":0,""estp"":0,""spc"":1,""hold"":0,""macs"":5,""cycs"":1,""sps"":12000,""feed"":185.42,""mark"":176190722}}",5.233985831180113,0.2048255142514886,0.2185713751986806,0.2123266517996663,5.233985831180113,0.2048255142514886,0.2185713751986806,0.2123266517996663,-0.99711036,0.04787084,-0.0323421599999999,-1.4949816600000003,-0.8543816399999999,1.0266954999999998,-31.0,36.0,-37.18119696,100.0,33.7205988,9.819194120000228,7.188264320000163,7.003949380000151,7.188264320000163,21.687668920000483,1616.4740783400005,-1.0084880200000002,-0.07331606,0.02003522,5.23766452,1.6716932200000003,2.0163897,-4.0,16.0,-95.31007624,100.0,32.36328262,95.39090571999992,83.97086687999993,94.02921491999992,51.05428731999996,206.23245021999983,1681.7122717599996,-1.02336552,-0.0272417999999999,0.02382102,-5.013096600000001,-8.40662464,0.3108653400000001,-13.3720612,38.0,66.35203560000001,100.0,32.65312002,136.68038703999989,3.2398209999999974,2.591856599999998,2.591856599999998,7.1276054599999945,1684.1265659799997,-0.95739348,0.3626535199999999,-0.0177829199999999,2.9044997399999986,1.7723959999999996,1.00525728,12.03238692,4.110951639999987,9.338470719999998,100.0,40.6456619,77.25183860000001,93.69673794000003,67.12602124000001,51.74297512000001,191.58885336000003,2441.98560098,-1.0103057599999998,-0.0093388799999999,0.0082155,0.55706588,1.74051702,4.79049706,8.450447279999999,-13.96688546,25.0,100.0,33.0041736,108.82314278,53.603218460000015,47.747404060000015,57.20679564000002,152.70160470000005,1274.05441366,-1.0216173,0.1190735,-0.00831708,2.85316682,1.76543202,4.00427458,-6.35149608,31.0,40.0,100.0,33.050374399999995,130.76708109999993,3.055305179999998,2.4442447199999986,1.833183319999999,6.721672759999996,1733.9661056799998,181,X1.4664 Y1.6304 Z0.0518
16:23:58.940,5,184,1.45751,1.60739,0.05093,84.582,57.71305,-24.69899,,185.42,0,0,,2,1,"{""sr"":{""mpox"":84.582,""mpoy"":57.71305,""mpoz"":-24.69899,""mpoa"":0,""posx"":1.45751,""posy"":1.60739,""posz"":0.05093,""posa"":0,""unit"":0,""stat"":5,""coor"":2,""momo"":1,""dist"":0,""home"":1,""mots"":1,""plan"":0,""line"":184,""path"":2,""frmo"":2,""prbe"":1,""safe"":0,""estp"":0,""spc"":1,""hold"":0,""macs"":5,""cycs"":1,""sps"":12000,""feed"":185.42,""mark"":176190722}}",5.293558339014711,0.1978628747575781,0.2008650424044341,0.2054306737195087,5.293558339014711,0.1978628747575781,0.2008650424044341,0.2054306737195087,-0.9913947999999998,0.0437011,-0.0053138000000005,-1.8676912000000037,-1.1295144000000044,0.854,-31.0,36.90037400000001,-39.09962599999999,100.0,33.73,139.55796550000218,105.34375460000166,102.6426327000016,105.34375460000166,318.732385700005,1410.0149588000006,-1.0131772,-0.0737254999999999,0.0216214999999999,5.255389599999998,1.9716946000000035,2.0601301000000016,-3.2753109000000045,16.724689099999996,-95.0697032,100.0,32.3737968,59.53758159999919,43.4718156999993,48.30201709999922,26.29079829999957,106.33414099999828,1300.887577099999,-1.0185276,-0.0306692999999997,0.0141899000000001,-5.186422499999996,-7.8990648,0.4856037000000002,-5.1079940999999325,13.864555599999816,24.013616599999693,100.0,32.642979,76.61991249999899,1.824283699999976,1.4594267999999808,1.4594267999999808,4.013424299999947,1518.8525570000004,-0.9015399999999988,0.3610603999999984,-0.0353418000000007,1.930486399999996,1.928559700000002,1.2248201,11.104256599999962,13.226358199999932,19.05053920000015,100.0,40.65,86.11869190000019,106.26270390000022,76.50914630000017,58.49038950000011,217.83854280000045,1728.619662499999,-1.0099790000000002,-0.0061517,0.0093606999999996,0.4530842999999984,1.9149351,4.825149199999999,8.496570500000008,-14.0,25.044769299999995,100.0,33.0149653,129.45790860000096,64.9160371000002,57.38204540000015,68.75018690000019,182.9729380000005,1256.370163099998,-1.0134672000000002,0.1165850000000001,-0.0129731,2.8736087,1.7676956000000004,4.035592600000001,-6.0,30.0,38.07555259999999,100.0,33.0660001,86.79826789999923,1.9999604999999825,1.599967699999986,1.599967699999986,4.399911999999961,1239.1761525999964,184,X1.4573 Y1.6067 Z0.0509
16:23:59.197,5,188,1.45324,1.57642,0.04981,84.47335,56.92631,-24.72729,,185.42,0,0,,2,1,"{""sr"":{""mpox"":84.47335,""mpoy"":56.92631,""mpoz"":-24.72729,""mpoa"":0,""posx"":1.45324,""posy"":1.57642,""posz"":0.04981,""posa"":0,""unit"":0,""stat"":5,""coor"":2,""momo"":1,""dist"":0,""home"":1,""mots"":1,""plan"":0,""line"":188,""path"":2,""frmo"":2,""prbe"":1,""safe"":0,""estp"":0,""spc"":1,""hold"":0,""macs"":5,""cycs"":1,""sps"":12000,""feed"":185.42,""mark"":176190722}}",5.113703364218986,0.1942935622721923,0.2043894638073213,0.2080668779627657,5.113703364218986,0.1942935622721923,0.2043894638073213,0.2080668779627657,-0.9923324800000004,0.0403324800000003,-0.0139032800000006,-1.7583436000000146,-0.9595938399999911,0.947699360000006,-31.0,37.0,-39.0,100.0,33.73,34.065098639993145,27.871444319994385,27.156791759994533,27.871444319994385,84.32898503998302,1418.5655614400025,-1.00670672,-0.07420488,0.0039707999999988,5.075393280000005,1.927787160000008,2.014,-2.498201520000101,13.92617388000056,-79.71214996000322,100.0,32.37397536,100.00372720000315,75.9064430400024,84.34049268000267,46.38727092000146,186.15151528000587,1597.327805080016,-0.9840599199999988,-0.0407823600000001,0.0174948799999995,-5.510265200000009,-8.001665760000003,0.539251440000002,-14.0,37.74730531999998,66.74730531999998,100.0,32.65762452,121.61073032000334,2.9374575600000807,2.3499656000000644,2.3499656000000644,6.462406080000177,1665.3556635600053,-0.994147440000002,0.387918079999992,-0.002343679999998,2.203359000000013,1.8501045200000104,1.0223289199999974,11.367516720000015,10.923101999999822,1.508765360000248,100.0,40.64521852,77.93510475999938,95.62589535999923,68.85064403999944,52.59424195999957,196.0330841199984,2377.9054824400096,-1.0094487200000002,-0.0033585999999995,0.0245488400000009,0.4525580400000016,1.9004769600000109,4.8928839199999965,9.0,-13.581018079999971,24.05440695999997,100.0,33.01688652,82.36964335999913,56.333261119999406,49.70581883999948,60.12037163999937,159.53200931999834,1135.9133506399996,-0.99387332,0.1084047600000001,-0.0121225199999998,2.821425919999999,1.699080159999996,4.006861359999999,-7.0,30.0,38.52703147999997,100.0,33.064729480000004,122.03763856000262,2.8160858400000595,2.252868920000048,2.252868920000048,6.195389360000132,1548.0884790400155,188,X1.4532 Y1.5733 Z0.0497
16:23:59.452,5,192,1.45692,1.54529,0.0487,84.5669,56.13557,-24.75559,,185.42,0,0,,2,1,"{""sr"":{""mpox"":84.5669,""mpoy"":56.13557,""mpoz"":-24.75559,""mpoa"":0,""posx"":1.45692,""posy"":1.54529,""posz"":0.0487,""posa"":0,""unit"":0,""stat"":5,""coor"":2,""momo"":1,""dist"":0,""home"":1,""mots"":1,""plan"":0,""line"":192,""path"":2,""frmo"":2,""prbe"":1,""safe"":0,""estp"":0,""spc"":1,""hold"":0,""macs"":5,""cycs"":1,""sps"":12000,""feed"":185.42,""mark"":176190722}}",5.287378134034072,0.2090684021764351,0.2186882033386942,0.1962421288008537,5.287378134034072,0.2090684021764351,0.2186882033386942,0.1962421288008537,-0.99495718,0.0364472000000001,-0.0214887399999997,-1.747930179999998,-0.957534740000001,0.9367675400000004,-31.0,36.0,-37.340449240000005,100.0,33.7365953,94.9752955999988,77.167427319999,75.18877535999904,77.167427319999,233.48093523999697,1696.89326012,-1.00684516,-0.07574174,0.0365071799999997,5.053533080000002,2.027519699999999,1.9674238200000005,-4.0,16.8004886,-95.1995114,100.0,32.36472906,75.0968996600006,54.93165778000043,61.03517590000048,33.56934684000026,134.71335180000102,1725.3307304000032,-0.9558332600000004,-0.0389689599999999,0.00062356,-5.24962332,-8.092150960000001,0.4875889199999995,-14.0,38.0,67.22035948,100.0,32.64993254,92.4048899000006,2.237324600000014,1.7898600800000113,1.7898600800000113,4.922114720000032,1858.2043507399997,-0.9280651200000004,0.214562060000001,-0.0456816399999997,1.611802759999993,1.3364722200000063,1.0854353599999986,9.934749059999982,-8.105191259999943,3.625836419999985,100.0,40.65512656,82.73489619999988,102.52980731999988,73.8214615999999,56.39139435999993,210.18610533999973,2463.720281040003,-0.99676686,-0.00852506,0.0149539199999999,0.4805205999999996,1.808562459999999,4.822,8.848321239999997,-14.0,24.51453422,100.0,33.03514542,112.62101955999944,61.2295938399999,54.02611179999991,64.83133435999989,172.88355861999972,1346.4793718000003,-1.0125879799999995,0.1484857999999999,-0.0052665799999999,2.7859071000000006,1.7059818799999995,4.111092899999999,-6.4116505799999945,30.461127540000003,38.0,100.0,33.061272280000004,101.44797048000046,2.3056360400000107,1.8445085000000083,1.8445085000000083,5.072398620000024,1502.3564293800007,192,X1.4583 Y1.5399 Z0.0485
16:23:59.711,5,196,1.46835,1.51609,0.04758,84.85726,55.39389,-24.7839,,185.42,0,0,,2,1,"{""sr"":{""mpox"":84.85726,""mpoy"":55.39389,""mpoz"":-24.7839,""mpoa"":0,""posx"":1.46835,""posy"":1.51609,""posz"":0.04758,""posa"":0,""unit"":0,""stat"":5,""coor"":2,""momo"":1,""dist"":0,""home"":1,""mots"":1,""plan"":0,""line"":196,""path"":2,""frmo"":2,""prbe"":1,""safe"":0,""estp"":0,""spc"":1,""hold"":0,""macs"":5,""cycs"":1,""sps"":12000,""feed"":185.42,""mark"":176190722}}",5.211553105941928,0.2004283762732302,0.2022383204600852,0.2123836022661801,5.211553105941928,0.2004283762732302,0.2022383204600852,0.2123836022661801,-0.9928828399999998,0.0357680399999996,-0.0031728799999982,-1.623485360000008,-0.8592699200000062,1.03795296,-31.0,36.51908272000002,-38.9996136,100.0,33.74,81.55387788000401,60.77783448000299,59.21942860000291,60.77783448000299,182.85335844000895,1217.0370912399949,-1.0095146799999997,-0.0776610399999998,0.0456196799999994,5.288339439999991,1.910661960000005,1.9918677599999988,-4.0,15.50819384000001,-94.854632,100.0,32.36016396,87.5415687599982,61.96762699999872,68.85291871999858,37.37729855999923,151.96822855999687,1277.3303840399922,-0.9740861200000002,-0.0251874799999996,0.00417312,-5.2905535599999896,-8.25856756000001,0.4429158399999948,-13.159383519999992,38.0,66.15938351999999,100.0,32.64,102.5021551999982,2.4639943999999567,1.9711955199999656,1.9711955199999656,5.420787159999906,1626.5034607599912,-0.9764591599999984,0.2211504399999999,0.0039285200000005,3.248966360000006,1.2247676399999952,1.0804616000000042,9.118729320000178,-0.4228960000000658,9.224450920000296,100.0,40.6650218,82.35933984000036,100.94041040000045,72.31551808000032,55.74321168000024,205.8983491200009,1600.615690680001,-0.99642356,-0.01326316,0.0116129199999996,0.4914138399999994,1.734826360000003,4.85273924,8.496075559999998,-13.496075559999998,23.264248639999987,100.0,33.04,67.02195932000036,59.46309192000032,52.912073360000285,63.49448832000034,168.31078568000092,1113.2307608000006,-1.01691264,0.1227799200000003,-0.0085274399999999,2.7594339600000017,1.751673600000001,4.076566039999999,-6.195310960000009,30.19531096000001,37.69957040000001,100.0,33.04600864,107.0799415199986,2.478702719999968,1.9829616799999743,1.9829616799999743,5.45314547999993,1486.0153089999976,196,X1.4725 Y1.5093 Z0.0473
16:23:59.968,5,199,1.48683,1.49109,0.04648,85.32672,54.75904,-24.81198,,185.42,0,0,,2,1,"{""sr"":{""mpox"":85.32672,""mpoy"":54.75904,""mpoz"":-24.81198,""mpoa"":0,""posx"":1.48683,""posy"":1.49109,""posz"":0.04648,""posa"":0,""unit"":0,""stat"":5,""coor"":2,""momo"":1,""dist"":0,""home"":1,""mots"":1,""plan"":0,""line"":199,""path"":2,""frmo"":2,""prbe"":1,""safe"":0,""estp"":0,""spc"":1,""hold"":0,""macs"":5,""cycs"":1,""sps"":12000,""feed"":185.42,""mark"":176190722}}",5.4197700573657785,0.2094670186514986,0.208210300726759,0.2069535828020196,5.4197700573657785,0.2094670186514986,0.208210300726759,0.2069535828020196,-0.98836288,0.03471618,-0.00201828,-1.6090809600000022,-0.998816960000002,0.7944649000000015,-31.0,36.65993781999999,-38.99913474,100.0,33.74,51.01969300000127,39.787264060000986,38.42701598000097,39.447201540000975,119.36092724000297,1365.476611800001,-1.00589732,-0.07362324,0.0066449399999999,5.517203020000001,1.72906966,2.096730279999999,-4.102756840000002,16.0,-94.54100828,100.0,32.37123524,98.31282443999946,70.21856811999957,78.64479623999954,42.23389777999975,172.45680269999897,1533.2453961599956,-0.98532948,-0.0402033799999999,0.0043043400000001,-5.1949428,-8.110770859999999,0.427,-13.113816020000003,38.0,66.4454373,100.0,32.64673084,113.35848055999942,2.7728151599999857,2.218251799999989,2.218251799999989,6.100193019999969,1708.8094993399968,-0.9037119000000008,0.3722425400000003,-0.0273839400000001,2.003738259999991,1.1946077200000007,1.1659171599999996,10.96275902000002,16.534865279999984,11.639240960000052,100.0,40.66,79.05281308000009,97.93197840000012,70.1602232600001,54.08183878000007,200.24897096000024,2046.7380595199968,-1.00408896,-0.0107309599999999,0.0018154,0.2779201599999996,1.8854773600000003,4.987005760000001,9.0,-13.811941239999996,24.0,100.0,33.04,86.15210702000034,56.99956610000011,50.23690602000009,60.38089664000011,160.5597200200003,1204.66383534,-0.991624,0.1175193,-0.01571112,2.89716856,1.74183144,3.992902220000001,-6.249466799999997,30.0,38.0,100.0,33.05827,115.17925421999956,2.6911043799999894,2.152882839999992,2.152882839999992,5.920428639999977,1222.9841092599986,199,X1.4883 Y1.4895 Z0.0464
16:24:00.224,5,203,1.51114,1.47144,0.04537,85.9442,54.25993,-24.84019,,185.42,0,0,,2,1,"{""sr"":{""mpox"":85.9442,""mpoy"":54.25993,""mpoz"":-24.84019,""mpoa"":0,""posx"":1.51114,""posy"":1.47144,""posz"":0.04537,""posa"":0,""unit"":0,""stat"":5,""coor"":2,""momo"":1,""dist"":0,""home"":1,""mots"":1,""plan"":0,""line"":203,""path"":2,""frmo"":2,""prbe"":1,""safe"":0,""estp"":0,""spc"":1,""hold"":0,""macs"":5,""cycs"":1,""sps"":12000,""feed"":185.42,""mark"":176190722}}",5.225218011947166,0.1994469626958586,0.2000106076704247,0.1995630228284494,5.225218011947166,0.1994469626958586,0.2000106076704247,0.1995630228284494,-0.99300414,0.04701358,-0.0141206,-1.7626869399999994,-0.8876498199999988,0.8338972999999995,-31.0,36.0,-38.00404252,100.0,33.74778284,115.2376414000004,90.31915586000034,87.20470188000031,90.31915586000034,271.736079960001,1444.9914139800007,-1.0015142,-0.0705600199999999,0.02358978,5.4115488,1.6783738999999998,2.05664462,-3.458300139999998,16.0,-95.54169986,100.0,32.38257122,77.85816193999977,48.123386039999865,54.38333919999985,28.95228155999992,119.33034825999968,1601.7513740200009,-1.0188512,-0.0280809399999999,0.02296318,-4.9961435,-8.21753896,0.4247856799999998,-13.4079451,38.0,65.48185146,100.0,32.65407948,84.03673365999981,2.039726719999996,1.6317816199999964,1.6317816199999964,4.48739797999999,1722.8687979600006,-0.9502207800000004,0.3991905200000002,-0.0120486999999999,3.4037677200000007,1.6170809000000006,1.12350798,9.788926619999993,12.03565758,0.1020538999999835,100.0,40.64118184,85.79213322000004,104.51041728000004,74.87313490000003,57.71470830000003,213.7004046000001,2309.8092207600007,-1.00680616,-0.01161924,0.0067773999999999,0.4371333000000003,1.94289726,4.97635968,9.0,-14.0,24.34805472,100.0,33.05878538,105.56761684000006,62.06739280000004,54.64052554000003,65.78082660000004,175.0618776800001,1093.45784308,-1.01717312,0.12333758,-0.00703358,2.90460814,1.6563536199999995,4.06377392,-6.569828000000001,30.70677382,37.43288196,100.0,33.0513695,93.48433547999986,2.1508612199999964,1.7206892199999972,1.7206892199999972,4.731895439999993,1173.2215178599995,203,X1.5152 Y1.469 Z0.0452
16:24:00.483,5,207,1.53977,1.45862,0.04425,86.67121,53.9341,-24.86855,,185.42,0,0,,2,1,"{""sr"":{""mpox"":86.67121,""mpoy"":53.9341,""mpoz"":-24.86855,""mpoa"":0,""posx"":1.53977,""posy"":1.45862,""posz"":0.04425,""posa"":0,""unit"":0,""stat"":5,""coor"":2,""momo"":1,""dist"":0,""home"":1,""mots"":1,""plan"":0,""line"":207,""path"":2,""frmo"":2,""prbe"":1,""safe"":0,""estp"":0,""spc"":1,""hold"":0,""macs"":5,""cycs"":1,""sps"":12000,""feed"":185.42,""mark"":176190722}}",5.171021676840782,0.1910071450524446,0.1938497911385325,0.2040282721992846,5.171021676840782,0.1910071450524446,0.1938497911385325,0.2040282721992846,-0.9836385999999996,0.0394294399999997,-4.7599999999980266e-05,-1.4799090799999928,-0.6860257999999928,0.9792070799999988,-31.95885288000002,36.0,-39.95761640000002,100.0,33.74960088,6.269230719997001,4.773095399997709,4.567358919997802,4.731948279997731,14.276903599993112,1870.8749688000137,-1.0111744400000002,-0.0841387599999997,0.0194259199999993,5.186336159999995,1.776884160000002,1.936548959999999,-3.3308252799999862,16.012225559999994,-94.68140028,100.0,32.37987776,130.78002840000153,83.13088288000095,94.04551948000106,49.742249480000574,205.11382972000237,1765.1754143200071,-1.0302289599999996,-0.0244642799999999,0.0138069200000004,-5.229888759999999,-8.150177400000004,0.4480665599999996,-13.358699839999987,38.641300160000014,65.71739967999997,100.0,32.64345368,135.4993564000014,3.273253840000033,2.6186030800000264,2.6186030800000264,7.201158440000073,1948.1974048800075,-1.0156561199999987,0.2203627200000007,0.0022715199999994,2.027648080000005,1.6223509999999917,1.228217040000001,9.303883680000004,-6.329664079999908,1.5663007999999408,100.0,40.63091336,78.88924679999984,93.0125756399997,66.96905375999978,51.15691671999984,190.6757792399994,2198.4842237200087,-1.00443168,-0.0094878000000001,0.0018060399999997,0.648135880000001,1.702976999999996,4.810582360000002,9.0,-14.0,24.571360959999996,100.0,33.06,104.21046643999924,52.30048487999974,46.43922403999977,55.45654847999973,147.88413019999928,1564.0162291200024,-0.9837469199999996,0.122179399999999,0.0037238800000001,2.851855680000001,1.7684782800000007,4.064029200000001,-6.975053760000012,30.0,37.0,100.0,33.04049892,131.11933592000105,3.0779183200000246,2.46233464000002,2.46233464000002,6.771421280000054,1745.1784135600049,207,X1.5466 Y1.4567 Z0.044
16:24:00.741,5,210,1.57052,1.45347,0.04324,87.45233,53.80336,-24.89416,,185.42,0,0,,2,1,"{""sr"":{""mpox"":87.45233,""mpoy"":53.80336,""mpoz"":-24.89416,""mpoa"":0,""posx"":1.57052,""posy"":1.45347,""posz"":0.04324,""posa"":0,""unit"":0,""stat"":5,""coor"":2,""momo"":1,""dist"":0,""home"":1,""mots"":1,""plan"":0,""line"":210,""path"":2,""frmo"":2,""prbe"":1,""safe"":0,""estp"":0,""spc"":1,""hold"":0,""macs"":5,""cycs"":1,""sps"":12000,""feed"":185.42,""mark"":176190722}}",5.313959351676799,0.2040940987604197,0.2117375073037064,0.2088025893854324,5.313959351676799,0.2040940987604197,0.2117375073037064,0.2088025893854324,-0.993,0.0337018,-0.0141767999999999,-1.6018262400000003,-1.0767610799999996,0.9620522399999996,-31.0,35.878475439999995,-37.75695175999999,100.0,33.76,146.70546011999951,101.90319351999968,96.63233923999968,100.14624175999968,303.074153239999,1871.0689996800004,-1.00495516,-0.07523764,0.0237048399999999,5.3334722800000005,1.709,1.91839848,-3.083443320000002,16.0,-95.73411944,100.0,32.37734152,67.41959812000022,41.83547808000014,48.20675964000015,25.06790952000008,103.93176804000032,1263.7443543199995,-0.9962824,-0.03683116,0.01297428,-5.3003376,-8.04159684,0.4928904800000001,-14.0,39.0,66.29357064,100.0,32.64706432,76.4037432800002,1.8687106000000049,1.494968680000004,1.494968680000004,4.11116400000001,1531.7900922799995,-1.0119,0.1837526000000001,-0.02689716,1.93615148,2.2990179199999994,1.09932768,15.363959559999996,0.9814676000000272,17.749425999999985,100.0,40.630554880000005,88.05202755999997,106.08678023999995,76.38248203999997,58.34772935999997,216.94746543999992,1756.3793415999996,-1.00404216,-0.0109557599999999,-0.01195992,0.3312437199999998,1.767313920000001,4.8600216,8.53727928,-14.0,23.53727928,100.0,33.050535319999994,113.64544947999988,61.78711839999997,54.802487279999966,65.54807271999996,175.0995171999999,1528.1167191599998,-0.99123508,0.11711892,-0.0136113999999999,2.88936712,1.82823568,4.00881128,-6.549484319999998,30.0,37.0,100.0,33.04450528,87.52286896000015,2.025991920000004,1.6207940400000027,1.6207940400000027,4.457183600000008,1387.9923507199992,210,X1.5717 Y1.4534 Z0.0432
16:24:00.998,5,214,1.60164,1.45643,0.04213,88.24286,53.87853,-24.92243,,185.42,0,0,,2,1,"{""sr"":{""mpox"":88.24286,""mpoy"":53.87853,""mpoz"":-24.92243,""mpoa"":0,""posx"":1.60164,""posy"":1.45643,""posz"":0.04213,""posa"":0,""unit"":0,""stat"":5,""coor"":2,""momo"":1,""dist"":0,""home"":1,""mots"":1,""plan"":0,""line"":214,""path"":2,""frmo"":2,""prbe"":1,""safe"":0,""estp"":0,""spc"":1,""hold"":0,""macs"":5,""cycs"":1,""sps"":12000,""feed"":185.42,""mark"":176190722}}",5.124655905136515,0.2042764337546597,0.2067412348365811,0.2054662132374937,5.124655905136515,0.2042764337546597,0.2067412348365811,0.2054662132374937,-0.9968971599999996,0.0516384599999996,-0.0014643800000007,-1.8857192199999784,-1.019874459999991,0.916,-31.0,36.74141985999997,-38.0,100.0,33.7525857,41.63140514000477,29.99529806000344,28.18523708000324,29.478137780003387,88.95157388001022,1831.9435848799783,-1.0132259199999998,-0.0870875799999991,0.0204493399999997,5.254029859999999,1.831,1.9777674600000008,-3.4060207400000118,16.0,-95.36850126,100.0,32.36955066,113.44998425999778,70.08951923999864,81.37511943999841,41.57852823999918,174.0358398199966,1613.0922373800022,-0.9896103,-0.0497440399999988,0.0042963599999999,-5.374016279999993,-8.010098579999996,0.488,-5.729058420000119,16.269573860000367,27.82695980000065,100.0,32.65908748,120.30291571999794,2.8918970599999505,2.3135178999999604,2.3135178999999604,6.36217327999989,1489.4521890800029,-1.01808786,0.2036324199999968,0.0333918799999993,2.0514404199999925,1.233481900000002,1.0792379000000003,9.157599740000007,6.218988480000219,15.23525731999946,100.0,40.63120744,80.90398494000037,96.31426808000045,69.34627252000031,52.97284720000024,196.9626778600009,2100.1794135000077,-1.0018255,-0.0129721000000002,-0.0078181999999996,0.4169672600000072,1.9012966599999992,4.801421640000002,8.592881600000016,-14.407118399999984,23.63911848000001,100.0,33.07,105.39077300000068,54.364471220000354,48.64189498000032,58.17952170000038,154.509549800001,1512.2284217600031,-1.0000059600000002,0.1654510199999979,-0.0181187399999996,3.0071538999999974,1.7711563199999985,3.974126179999999,-7.0,30.46054417999998,37.36268069999997,100.0,33.03539424,121.43933263999836,2.7920392599999637,2.331495079999982,2.2336318599999707,6.24035039999993,1441.6108015400057,214,X1.6052 Y1.4572 Z0.042
16:24:01.255,5,218,1.63101,1.46724,0.04101,88.9889,54.1532,-24.95074,,185.42,0,0,,2,1,"{""sr"":{""mpox"":88.9889,""mpoy"":54.1532,""mpoz"":-24.95074,""mpoa"":0,""posx"":1.63101,""posy"":1.46724,""posz"":0.04101,""posa"":0,""unit"":0,""stat"":5,""coor"":2,""momo"":1,""dist"":0,""home"":1,""mots"":1,""plan"":0,""line"":218,""path"":2,""frmo"":2,""prbe"":1,""safe"":0,""estp"":0,""spc"":1,""hold"":0,""macs"":5,""cycs"":1,""sps"":12000,""feed"":185.42,""mark"":176190722}}",5.30090065550174,0.1978258526398701,0.1959698933670581,0.2052937124965346,5.30090065550174,0.1978258526398701,0.1959698933670581,0.2052937124965346,-0.9935999999999994,0.0348004000000001,-0.0203993999999983,-1.5503977999999865,-0.9032010000000068,0.8174006000000035,-31.0,36.0,-38.59999119999994,100.0,33.764,99.5986143999906,69.59903219999343,65.39909019999384,67.7990565999936,205.79713759998057,1771.8003924000027,-1.0066465999999996,-0.0789121999999997,0.0361395999999991,5.41747860000001,1.9725425999999957,2.040965199999995,-3.8164636000000174,16.0,-95.27897440000004,100.0,32.3727896,89.71240320000406,53.83478080000257,62.90145880000303,31.634265800001494,134.03267300000638,1863.0626219999951,-0.998586199999999,-0.0238774000000004,0.0115397999999996,-5.139423600000005,-8.243932799999985,0.4028680000000139,-13.0,38.468131600000014,66.0,100.0,32.6506374,96.70257280000396,2.340659400000095,1.872527800000076,1.872527800000076,5.149450800000208,2196.2923061999995,-0.8874806000000021,0.6286413999999949,-0.0283905999999984,2.5135443999999425,1.4673509999999934,1.1930708000000054,7.642704999999939,1.668779799999806,4.3547596000002935,100.0,40.6418484,84.16599679999925,101.05550459999914,72.3868525999994,55.68219459999954,206.85167359999824,2643.8980263999915,-1.0069705999999996,-0.0168297999999998,-0.0171323999999999,0.3176542000000065,1.8482803999999935,4.841598200000004,9.0,-14.0,25.0,100.0,33.07,88.78244499999948,58.05669599999933,51.436195599999415,61.6215811999993,164.49397199999814,1466.8140762000075,-1.0231640000000006,0.1167960000000003,-0.0033941999999998,3.006359800000004,1.7210441999999997,4.143774999999997,-7.0,30.0,36.85025159999998,100.0,33.04,104.2772158000031,2.380758400000071,1.9046068000000569,1.9046068000000569,5.713819800000169,1497.9326004000072,218,X1.6363 Y1.4701 Z0.0408
16:24:01.512,5,221,1.6567,1.4851,0.0399,89.64131,54.60678,-24.97904,,185.42,0,0,,2,1,"{""sr"":{""mpox"":89.64131,""mpoy"":54.60678,""mpoz"":-24.97904,""mpoa"":0,""posx"":1.6567,""posy"":1.4851,""posz"":0.0399,""posa"":0,""unit"":0,""stat"":5,""coor"":2,""momo"":1,""dist"":0,""home"":1,""mots"":1,""plan"":0,""line"":221,""path"":2,""frmo"":2,""prbe"":1,""safe"":0,""estp"":0,""spc"":1,""hold"":0,""macs"":5,""cycs"":1,""sps"":12000,""feed"":185.42,""mark"":176190722}}",5.056192745202811,0.197724295614617,0.208797566375402,0.2071192680123025,5.056192745202811,0.197724295614617,0.208797566375402,0.2071192680123025,-0.99222686,0.03768864,-0.0124531800000001,-1.7279803799999962,-0.9201451600000016,0.977,-31.462231579999987,36.0,-38.0,100.0,33.77,91.42068694000216,62.381174360001474,58.07902462000138,60.76786864000144,183.37914222000435,1365.0990696199983,-1.01120538,-0.07168828,0.0149104599999999,5.378967180000002,1.8619566000000023,2.1039707200000017,-3.623129679999991,16.483723919999992,-94.24625935999998,100.0,32.38483708,88.52146703999908,55.62824457999942,65.30272191999931,32.40949899999966,138.34502533999856,1558.4294538799963,-1.0071249199999994,-0.02410234,0.0197834399999998,-5.045976300000003,-8.15549104,0.369119620000001,-13.152959199999996,38.51278550000001,66.1529592,100.0,32.64719658,100.85338767999912,2.4360720399999787,1.948857539999983,1.948857539999983,5.359358659999953,1626.170857939998,-1.0412916799999996,0.3004912000000012,0.0388499400000002,2.3043802000000126,1.328713859999999,1.068335040000001,8.995799460000036,-3.494875819999986,3.687573060000127,100.0,40.65,86.16942140000018,100.2790344800002,72.05980832000014,55.43062178000011,205.5972159600004,2117.8574148,-1.00169448,-0.0110808399999999,-0.0081862799999999,0.6414885000000002,1.8947074999999975,4.8839025,8.239900940000005,-14.5054012,24.239900940000005,100.0,33.07,119.27473992000031,57.11036296000016,51.04554564000014,61.15357402000017,162.73926364000044,1128.9580625200003,-0.99938308,0.12376376,-0.0127807999999999,2.782238299999999,1.7576096999999995,4.10661892,-6.796882239999995,30.203117760000005,36.30492772,100.0,33.04508072,106.87154341999933,2.459772979999984,1.9678179999999872,1.9678179999999872,5.411500479999964,1181.605564640001,221,X1.6567 Y1.4851 Z0.0399
16:24:01.771,5,225,1.67675,1.50887,0.03879,90.15069,55.2105,-25.00712,,185.42,0,0,,2,1,"{""sr"":{""mpox"":90.15069,""mpoy"":55.2105,""mpoz"":-25.00712,""mpoa"":0,""posx"":1.67675,""posy"":1.50887,""posz"":0.03879,""posa"":0,""unit"":0,""stat"":5,""coor"":2,""momo"":1,""dist"":0,""home"":1,""mots"":1,""plan"":0,""line"":225,""path"":2,""frmo"":2,""prbe"":1,""safe"":0,""estp"":0,""spc"":1,""hold"":0,""macs"":5,""cycs"":1,""sps"":12000,""feed"":185.42,""mark"":176190722}}",5.32410607503693,0.2084686652844838,0.2110261903164603,0.2075249804236292,5.32410607503693,0.2084686652844838,0.2110261903164603,0.2075249804236292,-0.99,0.0471896000000001,-0.0034704800000001,-1.7452753200000053,-1.003710160000002,0.9691390000000042,-31.28106479999998,36.0,-37.28106479999998,100.0,33.77,44.127238959997335,32.60356527999802,30.07397807999819,31.4793040799981,95.56217415999424,1395.4941090399966,-1.0046323999999998,-0.0758271199999999,0.0367817599999997,5.22886772,1.6985740399999991,2.0035740399999997,-3.915502160000005,16.0,-96.0,100.0,32.39330016,105.71493068000125,66.74254356000075,79.03722260000092,38.640419480000446,165.8544326000019,1577.4960509200018,-1.0159923599999996,-0.0268591600000001,0.0231008399999998,-5.318373839999999,-7.888036279999998,0.526112719999999,-13.47777112000001,38.57059504,67.0,100.0,32.65336568,117.9275807600012,2.852976920000028,2.2823811600000226,2.2823811600000226,6.276548160000062,1752.2903600399995,-0.8941875200000003,0.4174816800000021,-0.0296430400000002,2.5123898400000093,1.514429999999999,1.12853592,11.516444719999978,8.13216712000008,13.594746360000036,100.0,40.64,80.94944147999972,96.35450999999972,69.23967295999981,53.261286839999855,197.55095563999947,2458.2684118800034,-1.00507348,-0.0077585199999999,-0.0080971199999999,0.4064940399999979,1.7905059600000022,4.91209488,8.476965239999998,-13.677477439999992,24.0,100.0,33.07,98.83614071999922,53.89707467999981,48.17349139999982,57.71279671999979,153.58281399999942,1277.3715122399992,-0.99783568,0.12480424,-0.0122244399999999,2.839986079999998,1.8250704399999989,4.00018264,-6.271990800000006,30.0,37.82521336000001,100.0,33.043495799999995,121.15579752000092,2.766113680000021,2.766113680000021,2.212891400000017,6.085450640000047,1352.1106988400013,225,X1.6782 Y1.5111 Z0.0387
16:24:02.026,5,229,1.69024,1.5371,0.03768,90.49323,55.92758,-25.03543,,185.42,0,0,,2,1,"{""sr"":{""mpox"":90.49323,""mpoy"":55.92758,""mpoz"":-25.03543,""mpoa"":0,""posx"":1.69024,""posy"":1.5371,""posz"":0.03768,""posa"":0,""unit"":0,""stat"":5,""coor"":2,""momo"":1,""dist"":0,""home"":1,""mots"":1,""plan"":0,""line"":229,""path"":2,""frmo"":2,""prbe"":1,""safe"":0,""estp"":0,""spc"":1,""hold"":0,""macs"":5,""cycs"":1,""sps"":12000,""feed"":185.42,""mark"":176190722}}",5.266444438443141,0.2007002121141022,0.2023049631913693,0.1940255921087003,5.266444438443141,0.2007002121141022,0.2023049631913693,0.1940255921087003,-0.98732834,0.035,-0.0083283399999999,-1.7743501199999987,-1.0308342399999986,0.8158460200000005,-32.0,35.814262459999995,-38.81426246,100.0,33.768142600000004,134.35325095999931,94.4544068199995,87.12604795999954,91.19735861999952,276.0348615999986,1468.5622306599985,-1.00584226,-0.06919548,0.0110628800000001,5.183208740000001,2.075966139999998,1.93856004,-4.0,16.0,-94.6790987,100.0,32.383757,61.61549264000027,42.45457704000019,50.34436534000022,24.79647866000011,106.32429474000048,1596.148457719999,-0.9774725,-0.0378385199999999,0.00502738,-5.079791140000001,-8.06288002,0.3410596800000008,-13.059839020000002,38.0,65.94016098,100.0,32.63783896,81.5286328000003,1.9598224200000072,1.5678585000000058,1.5678585000000058,4.311610580000016,1743.0101885399995,-0.8844621400000001,0.3751601399999992,0.0559830399999998,2.1352461800000007,1.32610354,1.1714198199999997,9.574226600000005,14.128867459999988,8.205449660000042,100.0,40.64522524,89.87494055999996,103.98321649999993,74.72160801999996,57.478159719999965,213.19171983999988,2511.914573779998,-1.00666934,-0.00692554,0.0028121399999999,0.3718961000000006,1.7903626999999998,4.82601892,9.367491199999998,-14.367491199999998,24.3674912,100.0,33.075329180000004,85.27114355999993,60.22274483999995,53.82740971999996,63.953357759999946,171.60817637999986,1410.1038251799991,-1.03765414,0.11884912,-0.0069722599999999,2.81027476,1.7323726600000002,3.99264742,-6.112021740000003,30.0,37.88797826,100.0,33.03420416,91.04011390000022,2.102223840000005,1.681778780000004,1.681778780000004,4.624892100000012,1283.2626624999996,229,X1.6918 Y1.5419 Z0.0375
16:24:02.284,5,233,1.69613,1.56786,0.03657,90.64295,56.70888,-25.06373,,185.42,0,0,,2,1,"{""sr"":{""mpox"":90.64295,""mpoy"":56.70888,""mpoz"":-25.06373,""mpoa"":0,""posx"":1.69613,""posy"":1.56786,""posz"":0.03657,""posa"":0,""unit"":0,""stat"":5,""coor"":2,""momo"":1,""dist"":0,""home"":1,""mots"":1,""plan"":0,""line"":233,""path"":2,""frmo"":2,""prbe"":1,""safe"":0,""estp"":0,""spc"":1,""hold"":0,""macs"":5,""cycs"":1,""sps"":12000,""feed"":185.42,""mark"":176190722}}",5.258791320944522,0.206825566735042,0.2080181858741109,0.2143096536079196,5.258791320944522,0.206825566735042,0.2080181858741109,0.2143096536079196,-0.9851115399999998,0.0405567199999988,0.0067083000000027,-1.8892831400000056,-0.7998130999999857,1.033902780000009,-31.0,36.955468340000095,-37.02226583999996,100.0,33.77977692,3.851996299991936,2.5828417599945817,2.3601824199950467,2.49377743999476,7.525864939984221,1222.3254724399849,-1.0072305200000005,-0.0729572600000001,0.0195467199999993,5.441429120000004,1.68360201999999,1.9961690599999984,-3.689375880000018,15.316729299999968,-94.32283447999995,100.0,32.38006106,114.70507150000242,77.89950658000207,92.37640608000248,44.8094512600012,194.4040785000052,1773.18800837999,-0.9672376799999994,-0.0297552199999997,0.0028380399999995,-5.22493914000001,-8.017469359999996,0.6087781200000029,-14.0,38.0,66.00667695999998,100.0,32.64345262,138.20660616000333,3.3070169400000786,2.645613740000063,2.645613740000063,7.275438040000172,1652.5239256999848,-0.9291482,0.2612613199999987,-0.0178445600000015,1.5909513799999968,1.3482254599999877,0.9085993399999946,9.402218079999964,2.4803763600001605,-1.4862074400003482,100.0,40.62,76.46879411999959,92.30348595999932,66.3286359999995,51.02202807999962,189.2453387999986,2601.243431139991,-1.00238964,-0.01032026,-0.0049535199999997,0.2096785400000012,1.7579327199999952,4.763023759999995,9.0,-14.0,25.551589740000008,100.0,33.07437374,110.4488220200016,50.67039449999943,45.28946737999949,54.2576785999994,144.3882030799984,1361.5540770999924,-1.0231761200000002,0.1030229000000005,-0.0069426599999995,2.913745820000002,1.7768803600000016,4.082119639999998,-6.379246659999988,30.0,37.98752226000003,100.0,33.05229036,134.0826536600025,3.1037647200000587,2.4830123600000467,2.4830123600000467,6.828283740000129,1569.1931866399875,233,X1.6964 Y1.5753 Z0.0363
16:24:02.540,5,236,1.69396,1.59908,0.03545,90.58765,57.5018,-25.09203,,185.42,0,0,,2,1,"{""sr"":{""mpox"":90.58765,""mpoy"":57.5018,""mpoz"":-25.09203,""mpoa"":0,""posx"":1.69396,""posy"":1.59908,""posz"":0.03545,""posa"":0,""unit"":0,""stat"":5,""coor"":2,""momo"":1,""dist"":0,""home"":1,""mots"":1,""plan"":0,""line"":236,""path"":2,""frmo"":2,""prbe"":1,""safe"":0,""estp"":0,""spc"":1,""hold"":0,""macs"":5,""cycs"":1,""sps"":12000,""feed"":185.42,""mark"":176190722}}",5.288754827664528,0.2028072320273963,0.1998760642608528,0.204262733071969,5.288754827664528,0.2028072320273963,0.1998760642608528,0.204262733071969,-0.9928956000000002,0.0381126999999995,0.0291195000000001,-1.666592199999996,-0.854243,0.976919,-31.099831099999975,36.0,-39.0,100.0,33.78,142.9165412000034,104.26615630000246,96.17654060000228,100.6707710000024,304.70885240000723,2171.65590669999,-1.0077522,-0.0782845999999998,0.0304678999999995,5.0956995999999934,2.0593936000000057,1.9459534000000005,-3.2716434000000065,16.0,-95.0,100.0,32.39,57.13886179999837,38.55535409999906,45.72050869999888,22.24741259999944,96.21778699999764,1919.396964499988,-0.9766114999999996,-0.0408534999999998,-0.0024828999999998,-5.441116499999999,-8.104719299999998,0.4435760000000008,-14.0,37.93315560000001,66.43491339999997,100.0,32.665650799999995,75.78839439999847,1.8403458999999645,1.4722768999999716,1.4722768999999716,4.048760699999922,2041.7648190999848,-0.9108268999999998,0.6242408000000019,-0.0294918999999995,2.223182699999986,1.2081295999999957,0.9166753000000007,11.04590379999999,0.6702541000001049,-2.3678898000003192,100.0,40.6146765,89.15482960000035,105.93226240000034,76.12217830000024,58.55552180000019,217.1877547000007,2218.7582727999857,-1.0098625,-0.0113013,0.0344710999999997,0.4321452000000003,1.752065800000002,4.913351600000001,8.457824399999998,-14.497561400000013,24.871034500000004,100.0,33.08,128.59463910000144,61.265828000000255,54.75972230000023,65.60323200000028,175.16729100000074,1985.622069899992,-0.9933790999999996,0.1160432000000001,-0.0132036999999999,2.761550799999999,1.8652801000000008,4.0501119,-7.0,30.037770499999997,38.03777049999999,100.0,33.0411331,87.25550299999885,2.0012726999999737,1.601018499999979,1.601018499999979,4.402800399999943,1763.9191158999893,236,X1.6937 Y1.6005 Z0.0354
16:24:02.798,5,240,1.68379,1.62863,0.03434,90.32943,58.25233,-25.12034,,185.42,0,0,,2,1,"{""sr"":{""mpox"":90.32943,""mpoy"":58.25233,""mpoz"":-25.12034,""mpoa"":0,""posx"":1.68379,""posy"":1.62863,""posz"":0.03434,""posa"":0,""unit"":0,""stat"":5,""coor"":2,""momo"":1,""dist"":0,""home"":1,""mots"":1,""plan"":0,""line"":240,""path"":2,""frmo"":2,""prbe"":1,""safe"":0,""estp"":0,""spc"":1,""hold"":0,""macs"":5,""cycs"":1,""sps"":12000,""feed"":185.42,""mark"":176190722}}",5.0583464141755545,0.1885074919698947,0.1991813324512283,0.2063174649121313,5.0583464141755545,0.1885074919698947,0.1991813324512283,0.2063174649121313,-0.9933787599999996,0.0389044599999997,0.0005126600000022,-1.545074440000009,-0.8410501600000054,0.8223395399999963,-31.26000000000003,36.00048724,-38.73780335999997,100.0,33.77740494,39.43260090000449,30.301787140003444,27.950786960003175,29.256898500003327,88.81387374001011,1448.68811438,-1.0098926399999997,-0.0762951199999999,0.0222724799999991,5.48648502,1.760394039999991,2.05249492,-4.0,16.59416225999999,-94.81938865999996,100.0,32.39,70.11113513999862,67.73448683999867,80.21189233999843,39.21470301999923,168.7420548399967,1495.2227271999968,-1.0252153199999996,-0.0247605,0.0247969399999999,-5.105697219999998,-8.123392520000001,0.3967606400000012,-14.0,38.0,66.42027048000001,100.0,32.661594619999995,121.16337827999794,2.898645599999951,2.318916079999961,2.318916079999961,6.377019979999892,1959.693780279994,-0.9667164399999996,0.2701837800000035,-0.024642719999999,3.308346440000008,1.7287504599999848,1.0843672400000015,12.119942680000014,5.075020600000156,12.085397639999853,100.0,40.60880062,79.1607481800004,95.47265944000048,68.60598182000034,52.773832280000256,195.74294008000095,1832.9749383399835,-1.00841126,-0.0113029399999999,-0.0142918599999993,0.6899377599999967,1.564788239999999,4.879228699999999,8.527174659999996,-13.527174659999996,25.0,100.0,33.09,94.09218328000064,53.90205476000037,48.228154380000326,57.6846552600004,153.66813842000107,1199.8969226199995,-1.0083309399999998,0.1257238599999997,-0.0092672400000001,2.9391448199999983,1.6107840200000028,3.96105406,-6.0,30.0,38.46018749999998,100.0,33.04,120.65029189999842,2.7883178599999634,2.2306545399999704,2.2306545399999704,6.134300039999919,1527.2209124399935,240,X1.6821 Y1.6321 Z0.0342
16:24:03.057,5,244,1.66646,1.65462,0.03322,89.88922,58.91259,-25.14864,,185.42,0,0,,2,1,"{""sr"":{""mpox"":89.88922,""mpoy"":58.91259,""mpoz"":-25.14864,""mpoa"":0,""posx"":1.66646,""posy"":1.65462,""posz"":0.03322,""posa"":0,""unit"":0,""stat"":5,""coor"":2,""momo"":1,""dist"":0,""home"":1,""mots"":1,""plan"":0,""line"":244,""path"":2,""frmo"":2,""prbe"":1,""safe"":0,""estp"":0,""spc"":1,""hold"":0,""macs"":5,""cycs"":1,""sps"":12000,""feed"":185.42,""mark"":176190722}}",5.192033217727518,0.1958152431394878,0.2081352585031743,0.2086894205311,5.192033217727518,0.1958152431394878,0.2081352585031743,0.2086894205311,-0.98756368,0.0397226399999995,-0.0063049200000001,-1.6942880400000082,-0.91605488,0.91605488,-31.559843999999966,36.0,-37.43925552000003,100.0,33.78,89.01518687999459,64.94189751999606,59.90330195999636,62.7025215199962,190.9067849999884,1350.7107563199909,-1.0023684000000002,-0.0731707999999999,0.0267636400000002,5.394811680000004,1.725056400000003,1.9792123599999956,-3.1709999199999896,16.0,-95.0,100.0,32.381710240000004,69.38657616000206,54.978217160001535,64.53964632000181,32.030787120000895,137.03550688000385,1245.272351040003,-1.0154613200000009,-0.0438573599999998,0.0184284800000003,-5.118399359999986,-8.160601800000006,0.4838044399999965,-6.7161136000001616,18.044257800000448,32.141400880000774,100.0,32.645890720000004,100.4471747600024,2.3986120800000577,1.9188894400000465,1.9188894400000465,5.276946800000127,1515.7831283599958,-0.982713640000003,0.1943141999999953,-0.0173477999999996,2.6678948,1.2741361199999814,1.3111583199999954,10.420180719999935,10.637218280000122,10.637151839999524,100.0,40.6,83.34129131999966,100.50641723999948,72.22320419999963,55.55631095999971,206.06340747999892,1854.940900359989,-1.00740768,-0.0081559199999999,0.0092654000000005,0.4888365999999953,1.6720653600000015,4.736971240000003,8.309902319999981,-14.0,25.492839960000005,100.0,33.09690096,103.6864903199995,58.0135223999996,51.73034227999963,62.07080407999958,166.03864911999884,1254.7716557199965,-1.01642212,0.1363369599999998,-0.0068276000000002,2.9726137599999976,1.6781391200000024,3.897660279999998,-6.0,30.34929439999998,38.0,100.0,33.04650728,105.95028204000188,2.4300524000000423,1.9440418800000336,1.9440418800000336,5.346115440000093,1137.832944440002,244,X1.6623 Y1.6593 Z0.033
16:24:03.314,5,247,1.64309,1.67546,0.03211,89.29573,59.44185,-25.17694,,185.42,0,0,,2,1,"{""sr"":{""mpox"":89.29573,""mpoy"":59.44185,""mpoz"":-25.17694,""mpoa"":0,""posx"":1.64309,""posy"":1.67546,""posz"":0.03211,""posa"":0,""unit"":0,""stat"":5,""coor"":2,""momo"":1,""dist"":0,""home"":1,""mots"":1,""plan"":0,""line"":247,""path"":2,""frmo"":2,""prbe"":1,""safe"":0,""estp"":0,""spc"":1,""hold"":0,""macs"":5,""cycs"":1,""sps"":12000,""feed"":185.42,""mark"":176190722}}",5.27386976461793,0.2051329237080368,0.2058852080601353,0.2208179238111797,5.27386976461793,0.2051329237080368,0.2058852080601353,0.2208179238111797,-0.99058558,0.0403220199999999,-0.00300262,-1.824870199999997,-0.8801119200000006,0.9768364,-31.57999999999999,36.0019047,-38.42000000000001,100.0,33.79,99.88262413999831,67.36655391999885,62.72058461999893,65.62431533999889,198.61518417999665,1565.8226202400008,-1.00096172,-0.0773014799999999,0.0152841200000001,5.294493599999999,1.8064119799999985,2.0231923199999997,-3.532002979999996,16.467997020000002,-95.5950991,100.0,32.39,61.30762808000051,54.75566800000046,63.64761392000053,31.82380704000027,135.25117956000113,2169.948376960002,-1.0062920599999996,-0.0331587800000001,0.0121153799999998,-5.133302139999997,-8.248433140000001,0.3981783399999998,-13.612086140000006,37.0,67.0,100.0,32.64472488,100.16685898000073,2.362425660000017,1.8899409600000132,1.8899409600000132,5.197337180000037,2266.7613081199997,-0.8232823999999999,0.542662439999999,0.009433920000001,1.9375551400000068,1.4335786399999972,1.2477057200000008,9.815921519999993,2.867508060000087,4.119035859999919,100.0,40.61267148,89.73261927999987,100.88582671999984,72.49584535999989,55.76603477999991,206.8412923999997,3746.870136980004,-1.00825936,-0.0050618199999999,0.0081741799999999,0.4831913600000018,1.7416420199999991,4.915642019999999,9.0,-14.232441440000006,25.0,100.0,33.11,127.21041243999971,58.51678955999988,52.41068959999989,62.58752291999986,167.40890211999965,1582.4358918200007,-0.99787242,0.1134805,-0.01078194,2.912004900000001,1.8075367199999997,4.009235899999999,-5.782042380000004,30.51926014,37.26278224000001,100.0,33.05217964,104.97444152000052,2.4036994600000123,1.92295960000001,1.92295960000001,5.288139360000027,1893.4064691400013,247,X1.6429 Y1.6756 Z0.0321
16:24:03.577,5,251,1.61451,1.68974,0.03107,88.56958,59.80456,-25.20336,,185.42,0,0,,2,1,"{""sr"":{""mpox"":88.56958,""mpoy"":59.80456,""mpoz"":-25.20336,""mpoa"":0,""posx"":1.61451,""posy"":1.68974,""posz"":0.03107,""posa"":0,""unit"":0,""stat"":5,""coor"":2,""momo"":1,""dist"":0,""home"":1,""mots"":1,""plan"":0,""line"":251,""path"":2,""frmo"":2,""prbe"":1,""safe"":0,""estp"":0,""spc"":1,""hold"":0,""macs"":5,""cycs"":1,""sps"":12000,""feed"":185.42,""mark"":176190722}}",5.195556293710051,0.1818971256129726,0.1843886125702693,0.203118660864199,5.195556293710051,0.1818971256129726,0.1843886125702693,0.203118660864199,-0.9962640399999998,0.0455781599999998,-0.0328022,-1.719005119999999,-0.9673216400000012,0.7519304399999975,-31.0,36.838660560000015,-37.16133943999999,100.0,33.79,23.89573375999705,18.715409039997706,17.586030639997837,18.232732719997752,55.50086887999316,1961.463256880012,-1.00048304,-0.0542575599999994,-0.0036111600000007,5.5543834,1.7261810800000046,2.046297800000002,-4.0,16.36763235999999,-95.4159354,100.0,32.39,76.02898688000093,75.20340840000094,86.63432248000107,44.21740916000056,185.2353216000023,2149.0912856400178,-1.0556568400000013,0.0125365600000008,-0.0052675199999999,-5.138420159999993,-8.268316480000005,0.4240999600000004,-14.0,37.0,67.331351,100.0,32.65438376,128.00607824000136,3.0757836400000333,2.4606266400000267,2.4606266400000267,6.766723600000073,2350.0779130800142,-0.8702814399999999,0.3654730000000032,-0.0508621200000002,2.241079320000011,1.3518467600000006,1.2104657600000015,11.861574000000008,-1.1984681600000615,5.278313280000185,100.0,40.61473928,79.27990055999979,94.79200707999968,68.16389895999978,52.13560387999983,193.84965479999937,2409.733983200016,-1.00970292,-0.0040447600000001,-0.0002248,0.4329531999999984,1.940392399999999,4.862131760000001,8.08793903999999,-14.0,23.539144640000004,100.0,33.11,105.30776508000012,53.45921311999976,47.46809411999978,57.14605515999974,152.9160150799993,1756.1449948400104,-0.9646649599999992,0.1532253999999991,-0.0160819599999998,2.9883696799999995,1.8440877200000008,4.060267440000002,-6.0,30.41428736,37.41428736,100.0,33.05514156,128.85676448000112,2.9285625200000247,2.34285056000002,2.34285056000002,6.442838360000055,1719.5868882000098,251,X1.6127 Y1.6904 Z0.031
16:24:03.834,5,255,1.58382,1.69599,0.02995,87.79016,59.96342,-25.23166,,185.42,0,0,,2,1,"{""sr"":{""mpox"":87.79016,""mpoy"":59.96342,""mpoz"":-25.23166,""mpoa"":0,""posx"":1.58382,""posy"":1.69599,""posz"":0.02995,""posa"":0,""unit"":0,""stat"":5,""coor"":2,""momo"":1,""dist"":0,""home"":1,""mots"":1,""plan"":0,""line"":255,""path"":2,""frmo"":2,""prbe"":1,""safe"":0,""estp"":0,""spc"":1,""hold"":0,""macs"":5,""cycs"":1,""sps"":12000,""feed"":185.42,""mark"":176190722}}",5.075117433711022,0.1971463780155907,0.2119202531969567,0.2107545989119836,5.075117433711022,0.1971463780155907,0.2119202531969567,0.2107545989119836,-0.98905644,0.0390291,-0.01797734,-1.6554389800000089,-0.7371539000000059,0.7946080200000015,-31.0,36.01996920000003,-37.98003079999997,100.0,33.7998,154.5134563599962,113.4403270799972,107.57272355999734,111.48445989999726,337.38717947999174,1157.9551485600018,-1.0071303800000002,-0.082,0.0155016199999999,5.493,1.7685158800000045,2.075,-4.0,16.686953559999992,-94.68695356,100.0,32.386930799999995,41.32218762000125,37.56562538000113,43.20046922000131,22.22632800000067,92.9749226200028,1208.573023200005,-0.9916128600000008,-0.0310907000000001,0.0127535600000001,-5.333216360000003,-8.21925438,0.4497897800000029,-13.659914279999992,37.99336645999999,66.0,100.0,32.64,71.07783472000169,1.7004266000000403,1.3603409000000324,1.3603409000000324,3.740938920000089,1368.8705627000058,-0.9367421200000025,0.387836679999997,-0.0192607599999993,3.1134695999999886,1.1887800399999966,1.109561160000001,11.299726879999996,8.33600579999993,10.695755080000204,100.0,40.630107560000006,88.2161335399997,107.58065053999964,77.45806799999973,59.1693575599998,220.00243057999924,1842.454594800003,-1.00283532,-0.0093614599999999,-0.00335044,0.2728361000000018,1.8491084799999964,4.787817699999999,8.439638779999989,-13.549331699999998,25.0,100.0,33.12439628,97.23166371999956,63.72244639999971,57.13046887999975,68.6664287999997,182.9273675199992,1158.3015285600068,-1.0178440399999995,0.1225977999999999,0.00509282,2.9090187400000027,1.7997302399999997,4.022286180000002,-6.0,30.63117308000001,37.643612260000026,100.0,33.0601244,83.85375372000127,1.9063324400000297,1.5250663400000235,1.5250663400000235,4.193931940000065,1057.6422203000102,255,X1.5795 Y1.6963 Z0.0298
16:24:04.092,5,259,1.55264,1.69426,0.02884,86.99819,59.91944,-25.25996,,185.42,0,0,,2,1,"{""sr"":{""mpox"":86.99819,""mpoy"":59.91944,""mpoz"":-25.25996,""mpoa"":0,""posx"":1.55264,""posy"":1.69426,""posz"":0.02884,""posa"":0,""unit"":0,""stat"":5,""coor"":2,""momo"":1,""dist"":0,""home"":1,""mots"":1,""plan"":0,""line"":259,""path"":2,""frmo"":2,""prbe"":1,""safe"":0,""estp"":0,""spc"":1,""hold"":0,""macs"":5,""cycs"":1,""sps"":12000,""feed"":185.42,""mark"":176190722}}",5.27274468488574,0.1833894104513259,0.1901065299738504,0.205608974130818,5.27274468488574,0.1833894104513259,0.1901065299738504,0.205608974130818,-0.9980318599999995,0.0474864999999993,-0.00042206,-1.7080179800000117,-0.977,0.9245740800000016,-31.0,36.14055674000002,-39.14055674000002,100.0,33.7914052,22.20791356000424,16.16398784000308,15.601762460002975,16.16398784000308,48.77307642000931,1492.1888719599997,-1.0049022799999998,-0.0650056200000005,0.0213758000000001,5.223664259999996,1.7530852199999951,1.9569362799999968,-4.0,16.26006743999999,-94.61790726,100.0,32.4,76.41711861999873,78.34360087999869,89.26033167999852,46.87772811999922,193.93251957999675,1485.057928279993,-0.9797259999999992,0.0030743400000001,0.0303146399999995,-5.486050519999996,-7.737365620000005,0.5857206599999996,-13.710597100000008,37.0,66.42119506000002,100.0,32.6571061,129.68493091999812,3.087736699999956,2.4701888999999646,2.4701888999999646,6.793020479999903,1668.0939517199986,-0.9085501200000018,0.3659319600000008,-0.0280437599999992,2.661573740000002,1.3099726399999876,1.1883679599999992,10.519103239999964,11.227711860000005,8.044718179999757,100.0,40.63534912,79.48621852000036,94.53686260000045,67.72790144000031,52.20692438000024,192.8363869000009,2247.926099059996,-1.00387512,-0.0056274200000001,0.0070360199999996,0.397121220000002,1.9608700399999923,4.827522659999999,9.0,-14.0,25.0,100.0,33.13,83.57659118000052,54.02464706000034,48.48365778000031,58.18038902000037,154.68595576000098,1344.2233520600005,-1.0470421399999992,0.1299121599999999,0.0012516199999999,2.8219087000000016,1.8823700999999984,3.9702099200000007,-6.0,30.538040939999984,37.0,100.0,33.06023492,128.12143311999853,2.953319199999966,2.362655759999973,2.362655759999973,6.497301979999925,1213.3971368000036,259,X1.546 Y1.6929 Z0.0286
16:24:04.350,5,262,1.52287,1.68459,0.02773,86.24199,59.67386,-25.28827,,185.42,0,0,,2,1,"{""sr"":{""mpox"":86.24199,""mpoy"":59.67386,""mpoz"":-25.28827,""mpoa"":0,""posx"":1.52287,""posy"":1.68459,""posz"":0.02773,""posa"":0,""unit"":0,""stat"":5,""coor"":2,""momo"":1,""dist"":0,""home"":1,""mots"":1,""plan"":0,""line"":262,""path"":2,""frmo"":2,""prbe"":1,""safe"":0,""estp"":0,""spc"":1,""hold"":0,""macs"":5,""cycs"":1,""sps"":12000,""feed"":185.42,""mark"":176190722}}",5.2958653220222045,0.2007344821803948,0.2229995456833066,0.2153145282200194,5.2958653220222045,0.2007344821803948,0.2229995456833066,0.2153145282200194,-0.9856013,0.0432936999999999,0.0012720999999997,-1.6117510000000037,-0.9093324000000012,0.916,-31.0,36.3007191,-38.0,100.0,33.8039858,106.29068169999891,80.41729189999919,78.3194498999992,80.41729189999919,243.34971809999757,1405.6633209999995,-1.0081191,-0.0733541,0.0381605999999999,5.419117900000001,1.6992259000000005,1.9304954,-4.0,16.788812800000002,-96.0,100.0,32.398397700000004,52.27442590000035,52.06572820000034,58.57269980000039,31.28018060000021,128.27359390000086,2104.038088199997,-1.0119366,-0.0164428,0.0215633999999999,-5.590744100000001,-7.767648399999998,0.6243282000000013,-14.0,36.7997116,66.39913449999999,100.0,32.6336746,90.84934620000053,2.168638000000012,1.7349101000000091,1.7349101000000091,4.771003200000026,1951.9857875,-0.8590745999999999,0.4126294999999989,0.0084497999999995,2.030067800000009,1.474750199999998,1.1031473999999994,9.143674199999996,3.119827100000012,2.204771899999912,100.0,40.6351577,84.3082327999999,103.66909079999988,74.27039319999993,57.25009529999994,211.9800808999998,2862.7258321000018,-1.0097569,-0.0135606,-0.0001844,0.5722367000000015,1.7853106999999997,4.8477746,9.4811842,-14.0,25.615095200000003,100.0,33.13,93.60635920000014,61.22029519999991,54.47568609999992,65.37082379999991,174.84101249999975,1532.4667618,-1.0064206,0.1375177999999997,-0.0162060999999999,2.8484931,1.7418071999999996,4.0074931,-6.0,30.0,37.56299560000001,100.0,33.0555041,99.35882090000038,2.247937100000009,1.7983499000000072,1.7983499000000072,4.94546180000002,1668.7805791999986,262,X1.5222 Y1.6843 Z0.0277
16:24:04.607,5,266,1.49668,1.66771,0.02661,85.57673,59.24496,-25.31657,,185.42,0,0,,2,1,"{""sr"":{""mpox"":85.57673,""mpoy"":59.24496,""mpoz"":-25.31657,""mpoa"":0,""posx"":1.49668,""posy"":1.66771,""posz"":0.02661,""posa"":0,""unit"":0,""stat"":5,""coor"":2,""momo"":1,""dist"":0,""home"":1,""mots"":1,""plan"":0,""line"":266,""path"":2,""frmo"":2,""prbe"":1,""safe"":0,""estp"":0,""spc"":1,""hold"":0,""macs"":5,""cycs"":1,""sps"":12000,""feed"":185.42,""mark"":176190722}}",5.0698368138769325,0.2011917600048939,0.1982524702166113,0.2038233734562503,5.0698368138769325,0.2011917600048939,0.1982524702166113,0.2038233734562503,-0.99212316,0.0402991600000004,-0.0042991600000004,-1.7549955199999911,-1.0304980399999957,0.916,-31.0,36.0,-38.87701363999993,100.0,33.81,59.63693379999501,50.42828919999578,49.55127555999585,50.86679635999574,153.0388951199872,1367.919450680003,-0.99659432,-0.0759653199999999,0.0373707600000002,5.30893904000001,1.836331079999996,2.0377064800000038,-4.0,16.476025879999984,-95.0,100.0,32.37694332,62.87689344000173,66.02073840000182,73.35637568000202,39.8220328000011,161.90800160000447,1388.5965538399992,-0.9918765599999988,-0.0326929600000003,0.0073267999999994,-5.405911560000009,-7.743664399999989,0.6327951200000016,-14.0,37.0,66.70576188000003,100.0,32.65225624,107.61167556000258,2.5993161200000623,2.07945252000005,2.07945252000005,5.718494840000137,1698.382579800003,-0.9237680799999984,0.4206521199999914,-0.02618096,1.888182519999985,1.3507201599999918,1.1054468800000026,11.616122879999956,-0.3459456400000172,4.461140879999492,100.0,40.6220284,80.38551327999954,99.73758199999943,71.45378951999959,55.07896319999968,203.94102559999885,1944.2038139600115,-1.0062962,-0.0074409999999998,0.0114052799999998,0.5008736800000041,1.6856952800000025,4.7413941999999984,9.0,-13.506216120000005,24.197238359999982,100.0,33.13,116.5329971999991,58.26649859999955,51.8473079999996,62.71055399999951,166.8989544399987,1146.283623640002,-0.9958814000000004,0.12591176,-0.01669664,2.870695840000001,1.7979563999999983,4.037443040000001,-6.0,30.0,38.02779828000002,100.0,33.04862188,111.84742420000194,2.5694959200000453,2.0555970000000365,2.0555970000000365,5.6528916400001,1084.0315659200005,266,X1.4943 Y1.6657 Z0.0265
16:24:04.863,5,270,1.47559,1.6446,0.0255,85.04109,58.65808,-25.34487,,185.42,0,0,,2,1,"{""sr"":{""mpox"":85.04109,""mpoy"":58.65808,""mpoz"":-25.34487,""mpoa"":0,""posx"":1.47559,""posy"":1.6446,""posz"":0.0255,""posa"":0,""unit"":0,""stat"":5,""coor"":2,""momo"":1,""dist"":0,""home"":1,""mots"":1,""plan"":0,""line"":270,""path"":2,""frmo"":2,""prbe"":1,""safe"":0,""estp"":0,""spc"":1,""hold"":0,""macs"":5,""cycs"":1,""sps"":12000,""feed"":185.42,""mark"":176190722}}",5.420142709128671,0.1975529365012637,0.2004589370337641,0.2005432913384886,5.420142709128671,0.1975529365012637,0.2004589370337641,0.2005432913384886,-0.9915775999999996,0.0385775999999996,0.0012310399999998,-1.7371756799999836,-0.908398320000004,0.8885794399999979,-31.0,36.0,-38.55773703999997,100.0,33.82,70.76208760000543,50.8602504800039,49.97572456000384,51.30251344000394,154.7920668000119,1496.6316244800023,-1.0125719200000003,-0.0727056800000001,0.0217097599999995,5.394821279999999,1.674782239999997,1.99313912,-3.4649947599999584,14.335710399999847,-83.24508651999905,100.0,32.38352728,73.1299744399981,66.5819969999983,73.9217450399981,40.36861215999897,163.04725335999584,1434.0186244800016,-0.9765783599999996,-0.0367021999999997,2.5239999999897545e-05,-5.113219439999991,-8.032683399999996,0.4651665600000014,-14.0,37.37432079999998,66.74864159999996,100.0,32.64227036,108.7177787199976,2.607950039999943,2.0863604799999544,2.0863604799999544,5.737490319999875,1774.581765880008,-0.9308474799999972,0.2792349600000035,0.0100774399999998,2.5067789199999995,2.054994760000008,1.2380557599999984,12.24588287999999,7.426160880000133,16.899181559999718,100.0,40.63485752,79.61505996000041,99.37039840000055,71.1907334000004,54.87619044000031,202.9330961600012,1818.0938685200088,-1.0062378,-0.0049799599999998,0.01525444,0.5184721600000018,1.7998108800000023,4.89760208,8.75564819999998,-13.749773520000016,23.50542172,100.0,33.13,105.29466831999964,58.85481384000044,51.93071820000039,62.81143960000047,167.16745416000126,1395.2102941200114,-1.0181839200000005,0.1219699600000003,-0.0067743199999999,2.9535747999999957,1.7689427999999898,4.0467525200000045,-6.0,30.484153280000008,38.0,100.0,33.05,112.45463899999817,2.579234719999957,2.063387999999966,2.063387999999966,5.674316719999907,1320.1801408400102,270,X1.4725 Y1.64 Z0.0253
16:24:05.123,5,274,1.46105,1.61694,0.02438,84.67184,57.95559,-25.37318,,185.42,0,0,,2,1,"{""sr"":{""mpox"":84.67184,""mpoy"":57.95559,""mpoz"":-25.37318,""mpoa"":0,""posx"":1.46105,""posy"":1.61694,""posz"":0.02438,""posa"":0,""unit"":0,""stat"":5,""coor"":2,""momo"":1,""dist"":0,""home"":1,""mots"":1,""plan"":0,""line"":274,""path"":2,""frmo"":2,""prbe"":1,""safe"":0,""estp"":0,""spc"":1,""hold"":0,""macs"":5,""cycs"":1,""sps"":12000,""feed"":185.42,""mark"":176190722}}",5.100128902296949,0.2020725521221267,0.1906322629846899,0.1928294064035798,5.100128902296949,0.2020725521221267,0.1906322629846899,0.1928294064035798,-0.98917396,0.041,-0.01441852,-1.692683800000001,-1.021683800000001,0.8242107999999994,-31.0,36.0,-38.24417316,100.0,33.81,122.44395871999907,86.92009419999935,86.16426735999936,87.67592103999935,265.29524363999803,1933.3851323999995,-0.99802784,-0.07561576,0.0290986,5.020509960000003,1.9547541199999985,1.94858448,-4.0,16.07238448,-95.39869504,100.0,32.38471116,56.21603464000032,51.03299612000029,56.21603464000032,31.098232120000173,124.3929282400007,1958.2729720400016,-0.98867188,-0.0423875599999999,0.00246036,-5.09617288,-7.922059240000001,0.4319092000000001,-12.367933039999976,34.941800719999925,61.60791183999987,100.0,32.64010724,85.73088848000039,2.070794680000009,1.6566356400000075,1.6566356400000075,4.555747640000021,2179.990255079999,-0.8005758400000007,0.5524674399999988,-0.0260230399999996,2.6703450000000024,1.3873263600000014,1.1251570799999997,8.987003600000007,12.922724999999996,2.985389120000037,100.0,40.5925956,87.80045103999993,104.42538795999992,74.81221863999994,57.66775199999995,213.0070106399998,2476.5339758000027,-1.00407904,-0.0099490399999999,0.00741632,0.281337480000001,1.84843708,4.881814520000001,9.0,-14.0,23.81283508,100.0,33.13339796,109.61140591999988,62.71037139999992,55.85965875999994,66.92619507999993,178.1185344399998,1344.4494521200004,-1.00167972,0.12012224,-0.00745168,2.90432812,1.6745728000000002,4.089,-6.0,30.7145098,38.11397819999999,100.0,33.03306852,94.68029976000032,2.178114040000007,1.742491640000006,1.5923589200000023,4.791851480000015,1499.7957850000018,274,X1.4586 Y1.6094 Z0.0241
16:24:05.378,5,277,1.45418,1.58628,0.02326,84.4973,57.17675,-25.4017,,185.42,0,0,,2,1,"{""sr"":{""mpox"":84.4973,""mpoy"":57.17675,""mpoz"":-25.4017,""mpoa"":0,""posx"":1.45418,""posy"":1.58628,""posz"":0.02326,""posa"":0,""unit"":0,""stat"":5,""coor"":2,""momo"":1,""dist"":0,""home"":1,""mots"":1,""plan"":0,""line"":277,""path"":2,""frmo"":2,""prbe"":1,""safe"":0,""estp"":0,""spc"":1,""hold"":0,""macs"":5,""cycs"":1,""sps"":12000,""feed"":185.42,""mark"":176190722}}",5.27979306616439,0.2025078184246046,0.2044173977736624,0.1947704400788447,5.27979306616439,0.2025078184246046,0.2044173977736624,0.1947704400788447,-0.98528648,0.0372984799999998,-0.0325205599999987,-1.5251151200000117,-0.9684256599999984,1.0120673799999949,-31.0,36.14101222000003,-38.859214019999975,100.0,33.81858968,20.69549612000395,16.190354780003094,16.049568800003076,16.33113976000311,49.41577736000946,1379.2830357800212,-1.01157286,-0.07690184,0.0412044199999997,5.366648940000004,1.938148099999996,2.0358096400000005,-4.0,16.042719880000007,-95.40025320000002,100.0,32.39685206,107.37901143999812,82.87817663999863,91.23024019999848,50.112385219999176,201.69175521999665,1508.000056799993,-1.0106561399999996,-0.0373027599999998,0.0085029600000002,-5.156567479999993,-8.438718659999996,0.3306088200000011,-13.046844280000007,38.0,66.04684428000002,100.0,32.63425262,129.39155409999813,3.108121819999955,2.486497539999964,2.486497539999964,6.837868059999901,1685.8282617000018,-0.9651381399999988,0.3995104999999996,0.00787412,2.391912840000004,1.810052000000009,1.132393780000001,10.17488269999984,3.706957819999898,4.220521299999984,100.0,40.58075012,78.22941104000047,94.9593910000004,68.03060902000028,52.44026056000022,193.30083650000083,1892.1701775799984,-1.00599998,-0.0139804199999997,0.0226661000000013,0.3236075999999984,1.7983503399999978,4.803392400000002,9.0,-13.460070280000004,25.15737420000001,100.0,33.143825279999994,73.79863181999974,54.74839982000035,48.30741218000031,58.42896478000038,155.503859420001,1503.7766502600016,-0.99590612,0.1287542399999998,-0.02847736,2.935296539999998,1.8111434600000007,4.114153079999998,-6.0,30.32551773999999,38.32551773999999,100.0,33.03587116,127.98841839999857,2.935514099999967,2.348410879999973,2.348410879999973,6.458131419999927,1164.1479692200046,277,X1.454 Y1.5846 Z0.0232
16:24:05.636,5,281,1.45532,1.55503,0.02215,84.52626,56.38304,-25.43,,185.42,0,0,,2,1,"{""sr"":{""mpox"":84.52626,""mpoy"":56.38304,""mpoz"":-25.43,""mpoa"":0,""posx"":1.45532,""posy"":1.55503,""posz"":0.02215,""posa"":0,""unit"":0,""stat"":5,""coor"":2,""momo"":1,""dist"":0,""home"":1,""mots"":1,""plan"":0,""line"":281,""path"":2,""frmo"":2,""prbe"":1,""safe"":0,""estp"":0,""spc"":1,""hold"":0,""macs"":5,""cycs"":1,""sps"":12000,""feed"":185.42,""mark"":176190722}}",5.29414526922979,0.1949158331618831,0.2040992565466859,0.2029313973820338,5.29414526922979,0.1949158331618831,0.2040992565466859,0.2029313973820338,-0.9891602599999996,0.0438397400000003,0.0100322399999979,-1.5939986999999858,-0.9215991399999888,0.7972224999999914,-31.0,36.0,-38.97705294000004,100.0,33.82,137.76448796000656,111.38405468000532,111.38405468000532,113.3381605600054,342.94564150001634,1512.1207776999938,-0.9950587,-0.0800377000000001,0.0008204199999995,5.285301160000002,1.588696319999996,1.9958494199999992,-4.0,16.688545240000018,-95.29755054000002,100.0,32.39,46.68765195999519,40.17768883999763,44.2266027199974,24.29348615999857,97.78294995999428,1668.8782026399876,-1.0305553800000002,-0.03131336,0.0153815199999998,-4.807780819999984,-8.335328520000017,0.3894250599999914,-13.0,38.0,66.01330497999997,100.0,32.6563159,70.74414083999683,1.7091166399999227,1.367294099999938,1.367294099999938,3.76005777999983,1922.412706379992,-0.8555748199999977,0.3470181000000013,-0.0383546199999999,2.8703521599999955,1.628452760000016,1.0078439999999933,10.327412919999915,-4.325252940000117,5.13142127999969,100.0,40.59,89.06248968000074,108.5387819800008,77.75912724000058,59.939327840000445,220.85752186000164,2394.744174419984,-1.00904106,-0.0111030399999997,0.0018373999999983,0.3810745199999945,1.8241815199999996,4.909550520000002,9.0,-13.0,24.44411062,100.0,33.14,120.56401668000264,66.15087698000065,58.36842070000056,70.04210464000067,187.32598008000184,1384.7072150999884,-0.9950367199999994,0.1167986600000001,-0.0064992799999994,2.892667879999998,1.7923045600000016,4.089,-6.0,30.61199530000003,37.00744983999999,100.0,33.0339544,83.34155695999742,1.902775239999941,1.5222203999999528,1.5222203999999528,4.18610533999987,1407.0433935799776,281,X1.456 Y1.551 Z0.022
16:24:05.893,5,285,1.46442,1.52516,0.02103,84.75747,55.62437,-25.4583,,185.42,0,0,,2,1,"{""sr"":{""mpox"":84.75747,""mpoy"":55.62437,""mpoz"":-25.4583,""mpoa"":0,""posx"":1.46442,""posy"":1.52516,""posz"":0.02103,""posa"":0,""unit"":0,""stat"":5,""coor"":2,""momo"":1,""dist"":0,""home"":1,""mots"":1,""plan"":0,""line"":285,""path"":2,""frmo"":2,""prbe"":1,""safe"":0,""estp"":0,""spc"":1,""hold"":0,""macs"":5,""cycs"":1,""sps"":12000,""feed"":185.42,""mark"":176190722}}",5.315649323060144,0.2029062090030126,0.2048591397913964,0.2030879052424132,5.315649323060144,0.2029062090030126,0.2048591397913964,0.2030879052424132,-0.9885661600000002,0.0358936000000001,-0.0014371600000011,-1.83095968,-1.0184192000000023,0.9671894400000012,-31.15950623999998,36.83983772000002,-37.841149800000025,100.0,33.81999328,23.551691079997084,18.25847383999774,18.25847383999774,18.5787985599977,56.05737459999307,1477.8572481600038,-1.0051112,-0.0774530399999999,0.0351950799999993,5.335705400000003,1.8106609600000023,2.068220320000001,-3.111142559999986,16.744277959999994,-96.11114256,100.0,32.39255696,129.15956900000157,81.04129864000099,89.9051904000011,49.38454116000061,198.1712997200024,2167.4982118800094,-1.028353,-0.0430528000000003,0.0190549599999999,-5.757889000000006,-7.810266919999995,0.6282556400000028,-14.0,38.10707007999999,67.0,100.0,32.64385784,128.9780172400014,3.0709054800000333,2.456723840000026,2.456723840000026,6.755991240000074,2368.522786240008,-0.8210904399999984,0.5242995199999988,-0.0060554400000002,2.8841767200000006,0.8848483199999944,1.1785645999999992,13.722605400000024,12.52328588000012,9.776702039999725,100.0,40.61527928,75.99977431999974,94.88170607999967,67.97495391999976,51.92531211999983,193.0677510799993,3071.463140160017,-1.00096864,-0.0139692799999999,-9.295999999966192e-05,0.4225672800000013,1.7699254800000015,4.883,8.07205023999999,-14.0,25.0,100.0,33.146083680000004,77.07072695999966,54.78521567999976,48.749555919999786,58.49946699999975,155.5342974799993,1288.0100812400028,-1.01786024,0.1286634800000001,-0.0030632,2.883877799999999,1.716337919999999,4.1142926,-6.0,30.0,38.05044436000003,100.0,33.04525252,128.60079032000112,2.926845720000025,2.34147708000002,2.34147708000002,6.439061760000055,1848.8641693200016,285,X1.4672 Y1.5193 Z0.0208
16:24:06.151,5,288,1.48081,1.49858,0.01992,85.17367,54.94924,-25.48661,,185.42,0,0,,2,1,"{""sr"":{""mpox"":85.17367,""mpoy"":54.94924,""mpoz"":-25.48661,""mpoa"":0,""posx"":1.48081,""posy"":1.49858,""posz"":0.01992,""posa"":0,""unit"":0,""stat"":5,""coor"":2,""momo"":1,""dist"":0,""home"":1,""mots"":1,""plan"":0,""line"":288,""path"":2,""frmo"":2,""prbe"":1,""safe"":0,""estp"":0,""spc"":1,""hold"":0,""macs"":5,""cycs"":1,""sps"":12000,""feed"":185.42,""mark"":176190722}}",5.12892072786391,0.1925740206467009,0.1931968923860251,0.2044342709393427,5.12892072786391,0.1925740206467009,0.1931968923860251,0.2044342709393427,-0.9946427999999998,0.0399283999999997,-0.0026786,-1.669792560000005,-0.9573962800000024,0.8303396799999879,-31.32137147999996,36.0,-38.32137147999996,100.0,33.823214,102.47292248000598,77.36366284000452,76.68503464000447,78.72092024000459,236.84138992001385,1186.8237737600016,-1.01321496,-0.07384928,0.0256042400000001,5.400900000000003,1.9510609200000064,2.048580040000001,-4.0,17.0,-95.43311251999998,100.0,32.39222624,75.07387367999685,55.21580987999806,61.06888907999784,33.349676759998815,134.90854435999523,1351.559757759999,-0.9968190799999987,-0.0360793200000002,0.0117247199999993,-5.707533999999973,-7.745120720000019,0.6409863199999911,-13.212575039999974,38.0,66.21257503999998,100.0,32.63212576,91.21773687999736,2.208064199999935,1.7664515599999475,1.7664515599999475,4.857741039999857,1344.7139135600078,-0.9363464800000016,0.2861293999999981,0.0056532000000004,2.4229621600000057,1.2714050399999957,1.079202160000002,10.749943519999954,11.48156940000008,1.4906816000001473,100.0,40.6214736,83.41741072000052,103.49938004000064,74.14880968000045,57.156374160000354,211.11813768000133,1973.0232398000053,-1.00366344,-0.01196984,0.0061734800000006,0.5900757600000016,1.714690759999996,4.897233800000002,9.143325119999982,-14.336688560000011,24.37666152000002,100.0,33.16,107.32775880000298,61.21509920000052,54.07861160000044,64.99833052000052,173.53221524000142,1024.1997346800042,-0.9894422799999996,0.1185801600000002,-0.0126692800000001,2.9188172799999967,1.7422748800000003,3.965102080000001,-6.575234599999975,30.120722239999985,37.545487640000005,100.0,33.04,98.62922175999786,2.272562519999951,1.8180504799999608,1.8180504799999608,4.999638079999892,1368.0923110799995,288,X1.4811 Y1.4982 Z0.0199
16:24:06.407,5,292,1.5035,1.47711,0.01887,85.7501,54.40394,-25.51324,,185.42,0,0,,2,1,"{""sr"":{""mpox"":85.7501,""mpoy"":54.40394,""mpoz"":-25.51324,""mpoa"":0,""posx"":1.5035,""posy"":1.47711,""posz"":0.01887,""posa"":0,""unit"":0,""stat"":5,""coor"":2,""momo"":1,""dist"":0,""home"":1,""mots"":1,""plan"":0,""line"":292,""path"":2,""frmo"":2,""prbe"":1,""safe"":0,""estp"":0,""spc"":1,""hold"":0,""macs"":5,""cycs"":1,""sps"":12000,""feed"":185.42,""mark"":176190722}}",5.263131691359262,0.1974594595133914,0.2014628674344585,0.2086365379337364,5.263131691359262,0.1974594595133914,0.2014628674344585,0.2086365379337364,-0.9901660400000004,0.0379260800000002,-0.0083143199999998,-1.826099400000016,-0.944926240000018,0.9428265599999978,-31.0,36.0,-38.12120912000008,100.0,33.82999608,67.73092375999433,50.1345276799958,49.25497419999587,50.57430391999577,152.6028455999872,1251.809562839992,-1.0061544,-0.0734017200000001,0.0130405999999995,5.427241239999995,1.940839120000004,2.0562529200000017,-4.0,16.0,-95.47675183999998,100.0,32.3938532,97.32415180000272,65.92926440000184,73.77798608000207,39.76685768000111,162.20691944000455,1242.0461482399994,-0.9807003200000012,-0.0359382800000001,0.0123593600000007,-5.257105920000004,-8.073169080000003,0.3595098000000022,-14.0,38.52214660000001,66.70787564000003,100.0,32.64858568,107.04008028000251,2.610733440000061,2.088586840000049,2.088586840000049,5.743614480000136,1384.8978175999991,-0.9526349599999966,0.1504308400000008,-0.0345127600000011,1.765370119999993,1.175553679999982,1.0136614799999966,8.008559560000101,-1.421145239999977,-0.1107595599997589,100.0,40.62,79.88193327999954,99.72837659999944,71.4471949999996,55.07387987999969,203.42604239999883,1464.2857727200085,-1.00301108,-0.01516228,-0.0009512799999995,0.5539407600000008,1.75401515999999,4.85216044,9.0,-14.0,25.885593879999963,100.0,33.1550554,92.45865635999924,57.84846387999953,51.42085675999958,61.3094831199995,163.65676527999867,1092.3760864400003,-0.9991909200000004,0.1199798400000001,-0.0162583999999998,2.994761840000008,1.7393230399999977,3.999027279999999,-7.0,30.0,37.48603291999999,100.0,33.04303472,112.227408000002,2.5698360800000453,2.055868440000036,2.055868440000036,5.6536388000001,1402.9841300400003,292,X1.5058 Y1.4754 Z0.0188
16:24:06.666,5,296,1.53106,1.4621,0.01778,86.45005,54.02258,-25.54089,,185.42,0,0,,2,1,"{""sr"":{""mpox"":86.45005,""mpoy"":54.02258,""mpoz"":-25.54089,""mpoa"":0,""posx"":1.53106,""posy"":1.4621,""posz"":0.01778,""posa"":0,""unit"":0,""stat"":5,""coor"":2,""momo"":1,""dist"":0,""home"":1,""mots"":1,""plan"":0,""line"":296,""path"":2,""frmo"":2,""prbe"":1,""safe"":0,""estp"":0,""spc"":1,""hold"":0,""macs"":5,""cycs"":1,""sps"":12000,""feed"":185.42,""mark"":176190722}}",5.342111575360509,0.2013760572711097,0.2148576702688197,0.215438707495057,5.342111575360509,0.2013760572711097,0.2148576702688197,0.215438707495057,-0.9801091399999998,0.0319206200000001,0.0186660399999998,-1.627384860000014,-0.825257300000008,0.977,-31.0,36.0,-38.0019623,100.0,33.83620836,60.42366826000517,43.71755382000375,42.19694344000361,43.33740138000372,131.53281352001125,1339.0623897400085,-1.00791352,-0.0780634199999995,0.0355872599999994,5.315645379999999,1.91266308,2.0473224999999995,-2.1850906599999487,9.171647039999772,-51.57960021999882,100.0,32.38431272,93.64226009999804,67.85279087999841,76.47816565999821,40.97044593999903,167.82067905999608,1548.8046052400036,-0.9962443000000024,-0.047751379999997,0.0241464600000001,-5.270914239999997,-8.205601440000004,0.4740019199999954,-13.538645799999989,38.0,66.53864579999998,100.0,32.6428387,111.37228085999776,2.6932288599999463,2.154582439999957,2.154582439999957,5.925102519999882,1594.8414649000028,-0.9249318600000036,0.2116350999999974,-0.0467815199999972,2.7913542399999955,1.499748519999998,1.1563824400000016,11.385504279999948,-0.811100700000286,4.680030380000131,100.0,40.59489648,79.48427570000035,98.42087988000053,70.51048096000038,54.35182928000029,200.75900876000108,2238.1755409599946,-1.0030933000000004,-0.01203386,-0.0029543599999998,0.3675311399999996,2.025399099999995,4.927048580000001,9.0,-14.0,23.93166564000003,100.0,33.15487454,80.77521270000051,56.5440157000004,50.20718676000035,60.16571208000043,160.3705275200011,1354.3364714199909,-1.0180047800000007,0.1629598399999986,-0.0096006399999995,2.8219108199999976,1.6908067799999995,4.125118239999998,-7.23684944000002,30.23245101999999,37.0,100.0,33.04236854,116.7539453599982,2.653498939999959,2.653498939999959,2.1227987799999672,6.368396959999902,1406.9782641800016,296,X1.5358 Y1.4603 Z0.0176
16:24:06.923,5,300,1.56136,1.45462,0.01667,87.21968,53.83258,-25.56919,,185.42,0,0,,2,1,"{""sr"":{""mpox"":87.21968,""mpoy"":53.83258,""mpoz"":-25.56919,""mpoa"":0,""posx"":1.56136,""posy"":1.45462,""posz"":0.01667,""posa"":0,""unit"":0,""stat"":5,""coor"":2,""momo"":1,""dist"":0,""home"":1,""mots"":1,""plan"":0,""line"":300,""path"":2,""frmo"":2,""prbe"":1,""safe"":0,""estp"":0,""spc"":1,""hold"":0,""macs"":5,""cycs"":1,""sps"":12000,""feed"":185.42,""mark"":176190722}}",5.359553765608603,0.1965308392360523,0.2034520087120023,0.1993209252080724,5.359553765608603,0.1965308392360523,0.2034520087120023,0.1993209252080724,-0.98623856,0.0502992399999999,-0.01383016,-1.646474440000001,-0.9625954399999996,0.97738304,-7.537409960000173,8.753121440000204,-9.239405880000216,100.0,33.84757244,106.01655707999922,87.08000619999936,84.05113627999937,86.32278903999936,261.24001859999805,1359.695805400002,-1.00339816,-0.0741292399999999,0.02614536,5.41966024,1.7179054400000002,1.98966988,-3.9270049599999983,16.0,-94.54484216000002,100.0,32.38471876,62.22090956000035,49.05879436000027,55.44042580000031,29.51504648000017,121.25100276000067,1897.6455262799996,-1.00536212,-0.0185155199999998,0.023667,-5.9323692400000025,-7.414930439999997,0.7962554400000015,-14.0,38.9200116,67.41388352,100.0,32.63840016,86.08771520000039,2.069416320000009,1.6555328000000076,1.6555328000000076,4.55271564000002,1943.4827593200007,-0.9737494799999996,0.3227270800000008,0.0380325199999998,2.317988519999998,1.3374167200000011,1.2154598,11.818001360000004,6.298982399999998,23.287383319999936,100.0,40.58129792,89.35048175999992,103.89590803999992,74.80505447999994,57.66222903999995,212.4671325599998,2995.668410080002,-1.00543896,-0.0128647199999999,-0.0057319999999999,0.3474975599999992,1.99074528,4.85420472,9.0,-14.0,24.6606638,100.0,33.1652794,121.95509883999986,60.71357727999993,53.85030359999994,64.93713079999992,172.6377372399998,1427.130268520001,-1.0312862799999998,0.12975328,-0.009839,2.86778776,1.7877026800000009,4.00265364,-7.0,30.149094240000004,37.13720156,99.97137004,33.0556462,94.0561806000003,2.176951440000007,1.7415611600000054,1.7415611600000054,5.224682960000017,1551.5901072399995,300,X1.5688 Y1.454 Z0.0164
16:24:07.179,5,303,1.59256,1.45521,0.01555,88.01216,53.84761,-25.59749,,185.42,0,0,,2,1,"{""sr"":{""mpox"":88.01216,""mpoy"":53.84761,""mpoz"":-25.59749,""mpoa"":0,""posx"":1.59256,""posy"":1.45521,""posz"":0.01555,""posa"":0,""unit"":0,""stat"":5,""coor"":2,""momo"":1,""dist"":0,""home"":1,""mots"":1,""plan"":0,""line"":303,""path"":2,""frmo"":2,""prbe"":1,""safe"":0,""estp"":0,""spc"":1,""hold"":0,""macs"":5,""cycs"":1,""sps"":12000,""feed"":185.42,""mark"":176190722}}",5.0755546843495045,0.1978785378955739,0.2016699009147952,0.2013711306118334,5.0755546843495045,0.1978785378955739,0.2016699009147952,0.2013711306118334,-0.99250552,0.03188488,-0.00676976,-1.6858616799999997,-0.8462875199999998,0.9614479999999996,-27.08042567999991,31.448236159999897,-32.321798079999894,100.0,33.84,19.85074952000045,14.540358080000322,13.908168560000306,14.287481920000316,43.36819808000098,1287.3681980800009,-1.01246772,-0.07558952,0.02449272,5.31446928,1.7957572000000002,1.95523464,-4.614379919999998,16.0,-95.38562008,100.0,32.3960402,123.53756711999976,78.80921527999986,90.49081747999983,46.87294139999992,195.34055491999968,1774.9225213199995,-1.00319892,-0.02609348,0.0190157199999999,-5.69476644,-7.98297636,0.6457797599999999,-13.443808399999986,37.07738511999996,64.71144995999994,100.0,32.62840596,128.4493752799998,3.133880719999995,2.507104799999996,2.507104799999996,6.89453747999999,1950.4492178799997,-0.95424544,0.7249947999999996,-0.0141934799999999,0.5875633999999985,1.8659455199999988,1.2057107599999997,8.813978879999997,5.689112480000011,6.142393679999991,100.0,40.54593,75.71759844000005,94.32385072000004,67.50618224000003,51.87811800000002,192.4206550000001,2320.9240267200003,-1.00085184,-0.02120356,-0.01608468,0.5848589199999995,1.7101769200000003,4.82602372,9.0,-13.934037559999998,24.06596244,100.0,33.17785752,85.20157348000002,52.76535248000003,46.80057292000003,55.97715608000004,149.18543548000008,1085.3874091200005,-0.98911716,0.1238952399999999,-0.0220168799999999,2.92543784,1.65712444,4.10063844,-7.0,30.0,37.32981168,100.0,33.034046200000006,129.79664399999984,2.9769876799999966,2.381589719999997,2.381589719999997,7.144769279999991,1211.64600312,303,X1.594 Y1.4554 Z0.0155
16:24:07.438,5,307,1.62258,1.46379,0.01444,88.77467,54.06554,-25.6258,,185.42,0,0,,2,1,"{""sr"":{""mpox"":88.77467,""mpoy"":54.06554,""mpoz"":-25.6258,""mpoa"":0,""posx"":1.62258,""posy"":1.46379,""posz"":0.01444,""posa"":0,""unit"":0,""stat"":5,""coor"":2,""momo"":1,""dist"":0,""home"":1,""mots"":1,""plan"":0,""line"":307,""path"":2,""frmo"":2,""prbe"":1,""safe"":0,""estp"":0,""spc"":1,""hold"":0,""macs"":5,""cycs"":1,""sps"":12000,""feed"":185.42,""mark"":176190722}}",5.211783697225564,0.201016846518823,0.2039357197645586,0.1984849216195947,5.211783697225564,0.201016846518823,0.2039357197645586,0.1984849216195947,-0.98934254,0.0557745999999998,0.0088042399999997,-1.9409860599999988,-0.9193375800000004,1.0302692199999992,-31.0,35.940092699999994,-38.058185220000006,100.0,33.84,151.07765157999907,107.91260811999936,102.28238539999936,106.03586687999936,319.98434193999805,1382.7206460400014,-0.9975826,-0.06801178,0.0011689000000001,5.44677094,1.5494566200000008,1.9992290600000004,-4.0,16.674665179999998,-95.95840512,100.0,32.40633024,62.34686824000045,38.99854810000026,44.89616462000031,23.057156100000157,96.54116376000066,1623.9594702600011,-0.98816296,-0.0579905599999998,-0.0078227599999999,-5.120358800000002,-8.287415139999998,0.275370240000001,-13.314207219999998,37.95998816,66.95998816,100.0,32.64,73.59762158000039,1.7710973000000094,1.4168782400000075,1.4168782400000075,3.896413720000021,1635.7717165600009,-0.97680578,0.2635603600000006,0.00956054,2.716125460000006,1.66801802,1.2443756599999996,7.712616900000009,-2.8672524400000463,-8.366276619999953,100.0,40.55493434,88.10400799999992,106.8261390199999,76.38068925999994,58.75437675999995,217.92532349999985,2146.430446920003,-0.99501594,-0.0125756399999999,0.00224408,0.4292215799999996,1.6567823400000004,4.8519711,9.0,-14.973111719999997,24.97311172,100.0,33.18454892,129.14937801999974,62.14129785999994,55.05500903999994,65.95699085999993,176.5852205399998,1474.6920897399984,-1.0132363,0.0732597000000004,0.0079676999999998,2.8662316,1.8759750799999992,3.908683980000001,-7.0,30.0,37.3906459,99.96093548,33.04586654,85.1607199000003,1.953227680000007,1.5625817800000057,1.5625817800000057,4.687746280000017,1670.1201589999976,307,X1.6261 Y1.4653 Z0.0143
16:24:07.695,5,311,1.6494,1.47981,0.01331,89.45582,54.46868,-25.6541,,185.42,0,0,,2,1,"{""sr"":{""mpox"":89.45582,""mpoy"":54.46868,""mpoz"":-25.6541,""mpoa"":0,""posx"":1.6494,""posy"":1.47981,""posz"":0.01331,""posa"":0,""unit"":0,""stat"":5,""coor"":2,""momo"":1,""dist"":0,""home"":1,""mots"":1,""plan"":0,""line"":311,""path"":2,""frmo"":2,""prbe"":1,""safe"":0,""estp"":0,""spc"":1,""hold"":0,""macs"":5,""cycs"":1,""sps"":12000,""feed"":185.42,""mark"":176190722}}",5.328248192493666,0.2042328162354028,0.2070980101885381,0.2163548894079347,5.328248192493666,0.2042328162354028,0.2070980101885381,0.2163548894079347,-0.9929986,0.0397930000000001,-0.0077974,-1.8919022,-0.9769508,0.8912990000000035,-31.0,36.0,-37.59809600000006,100.0,33.840002600000005,32.17368959999547,23.124839399996745,21.717240799996937,22.52158259999683,68.16800539999039,1361.3981639999986,-1.0116908,-0.0768806,0.0265331999999999,5.414102200000004,1.7657603999999951,1.9970428000000024,-4.0,16.617765600000013,-95.52122719999996,100.0,32.39139,114.90445360000209,72.8963740000013,84.63392580000152,42.62584540000076,180.38763720000324,1434.564252999995,-0.9703704,-0.0259811999999996,0.0122250000000002,-5.252989800000003,-8.0733368,0.4756530000000017,-13.59919600000001,38.0,67.0,100.0,32.6373216,124.03359480000194,2.9959804000000467,2.3967844000000373,2.3967844000000373,6.591157400000103,1590.4831633999977,-1.0145604000000028,0.3115344000000017,0.0084870000000009,2.9158533999999925,1.5265782000000154,1.109860399999997,12.858150400000008,0.0588727999998573,12.09628680000018,100.0,40.5709234,77.46561879999963,94.57458959999956,67.96063499999968,52.27741139999975,193.42642179999908,1852.7651033999937,-1.0057998,-0.008725,0.0028147999999994,0.5819192000000076,1.6859255999999994,4.804393599999998,9.0,-13.557542399999983,24.557542399999985,100.0,33.18,80.9472595999995,52.87306579999967,47.2582263999997,56.61629159999964,150.66484139999903,1026.7058873999974,-1.0170002000000002,0.1276394000000001,-0.0075917999999999,2.7696631999999988,1.7093295999999978,3.997664799999999,-7.0,30.0,36.57808919999997,100.0,33.0407538,124.84480480000153,2.8634128000000345,2.788026800000045,2.290730800000028,6.872191400000084,1239.9754817999992,311,X1.6543 Y1.4836 Z0.0131
16:24:07.951,5,314,1.6715,1.502,0.0122,90.01723,55.03604,-25.68262,,185.42,0,0,,2,1,"{""sr"":{""mpox"":90.01723,""mpoy"":55.03604,""mpoz"":-25.68262,""mpoa"":0,""posx"":1.6715,""posy"":1.502,""posz"":0.0122,""posa"":0,""unit"":0,""stat"":5,""coor"":2,""momo"":1,""dist"":0,""home"":1,""mots"":1,""plan"":0,""line"":314,""path"":2,""frmo"":2,""prbe"":1,""safe"":0,""estp"":0,""spc"":1,""hold"":0,""macs"":5,""cycs"":1,""sps"":12000,""feed"":185.42,""mark"":176190722}}",5.158657050168958,0.2036344117696828,0.2067609456230142,0.2086681335930423,5.158657050168958,0.2036344117696828,0.2067609456230142,0.2086681335930423,-0.98796452,0.0326089999999999,-0.0053193599999999,-1.8966264000000064,-1.020409480000004,0.8911420799999948,-31.0,36.0,-37.32051959999998,100.0,33.84320508,105.99897088000264,77.46078656000194,72.70442212000182,75.42234436000189,228.98495568000573,1505.7209599600037,-1.0006924,-0.07416016,0.0287696399999999,5.560633400000005,1.5827247999999987,2.0224651600000008,-4.0,16.792548999999994,-95.43061548,100.0,32.39808232,74.19161911999872,50.38204623999922,58.7711971599991,29.281873079999546,124.86286259999808,1231.0049525200002,-0.9939243200000004,-0.03342552,0.0121348000000001,-5.075546279999994,-8.185173919999999,0.4266988399999989,-13.558381400000004,38.0,67.32979804,100.0,32.62654696,90.09012339999886,2.208091319999972,1.7664727199999777,1.7664727199999777,4.857800919999939,1511.9948173599998,-1.00394508,0.133160959999999,-0.0099608400000002,2.223625840000002,1.2888128000000028,1.2935624400000008,12.597339960000046,9.283302719999964,20.136739599999988,100.0,40.58,86.10656100000028,102.35510052000024,73.55165488000019,56.57819580000015,209.33932512000047,1655.1483464000023,-1.006233,-0.0078725599999999,0.0042266799999998,0.2866440399999998,1.7108824799999958,4.883,8.0,-14.142902719999991,24.586718879999985,100.0,33.18,103.89859676000005,58.6162570000002,52.39152164000018,62.76608068000022,167.03039612000055,1166.0659698399986,-0.9979879599999998,0.1079912799999999,-0.00970916,2.92462912,1.7203531200000015,4.109537120000001,-7.0,30.42472256000001,37.45597471999999,100.0,33.04,98.94649915999906,2.2798732399999784,2.2798732399999784,1.8238985199999824,5.471695919999949,1106.094704279999,314,X1.6715 Y1.502 Z0.0122
16:24:08.209,5,318,1.68686,1.52917,0.01109,90.40731,55.72619,-25.71092,,185.42,0,0,,2,1,"{""sr"":{""mpox"":90.40731,""mpoy"":55.72619,""mpoz"":-25.71092,""mpoa"":0,""posx"":1.68686,""posy"":1.52917,""posz"":0.01109,""posa"":0,""unit"":0,""stat"":5,""coor"":2,""momo"":1,""dist"":0,""home"":1,""mots"":1,""plan"":0,""line"":318,""path"":2,""frmo"":2,""prbe"":1,""safe"":0,""estp"":0,""spc"":1,""hold"":0,""macs"":5,""cycs"":1,""sps"":12000,""feed"":185.42,""mark"":176190722}}",5.226488686491888,0.1957081660173402,0.2012567438645602,0.2024179204675015,5.226488686491888,0.1957081660173402,0.2012567438645602,0.2024179204675015,-0.99039844,0.0427570399999996,0.0076443200000008,-1.7310845599999891,-0.9131111199999968,0.9178898400000032,-31.0,36.00079392,-37.0,100.0,33.86519828,75.86812627999598,54.7402935599971,50.8988694799973,53.299759719997176,161.33981251999143,1366.9609394400095,-1.00461904,-0.0742891199999999,0.0213967200000003,5.2706682399999965,1.5142327600000005,1.983665400000004,-4.0,16.15737384000001,-94.98470667999996,100.0,32.40492344,85.79224808000171,58.88698708000118,69.03991580000138,34.01231124000068,146.2021746400029,1387.523496360007,-1.0214363199999996,-0.0308463599999997,0.0196097999999999,-5.2023932400000055,-8.09826984,0.4082262000000021,-13.320962079999983,38.50660020000001,66.17243772,100.0,32.6466584,104.35965220000178,2.533001440000043,2.0264007600000347,2.0264007600000347,5.572602600000095,1853.2487422400052,-1.0201455599999991,0.2748118399999981,0.05653112,2.273163959999982,1.5042854399999923,1.1193332000000025,6.276320799999889,11.447339399999835,-0.604432319999943,100.0,40.56500916,81.1410563599997,99.67327291999965,71.62451263999972,55.09577871999979,203.85438247999923,1542.7652309999958,-1.00071064,-0.00236264,0.0120958399999999,0.2877908399999995,1.717192959999997,4.917811680000002,8.711436399999986,-14.0,24.50322248,100.0,33.19,120.71694795999932,56.13586463999969,50.17453399999973,60.11008571999967,159.9623757599991,1131.082948239998,-1.0073624000000003,0.1247056399999997,-0.010325,2.919677760000001,1.728832800000001,4.0566534400000025,-7.0,30.505653440000007,37.18052655999999,100.0,33.03819472,110.08787432000136,2.528267680000032,2.347741120000041,2.022614240000025,5.56218928000007,1433.8066478800026,318,X1.6878 Y1.5314 Z0.011
16:24:08.466,5,322,1.69483,1.55926,0.00997,90.60978,56.49037,-25.73923,,185.42,0,0,,2,1,"{""sr"":{""mpox"":90.60978,""mpoy"":56.49037,""mpoz"":-25.73923,""mpoa"":0,""posx"":1.69483,""posy"":1.55926,""posz"":0.00997,""posa"":0,""unit"":0,""stat"":5,""coor"":2,""momo"":1,""dist"":0,""home"":1,""mots"":1,""plan"":0,""line"":322,""path"":2,""frmo"":2,""prbe"":1,""safe"":0,""estp"":0,""spc"":1,""hold"":0,""macs"":5,""cycs"":1,""sps"":12000,""feed"":185.42,""mark"":176190722}}",5.105885618168556,0.1856620993044976,0.2000225427469609,0.2109227981851341,5.105885618168556,0.1856620993044976,0.2000225427469609,0.2109227981851341,-0.9903306399999998,0.0403749199999999,-0.0170594399999998,-1.8251603999999964,-1.0930053599999965,0.8925043400000007,-31.0,36.38021699999999,-37.38085311999999,100.0,33.86,62.73578681999813,43.3447254799987,40.3029904399988,42.20407533999874,127.3726583999962,1544.822795219995,-0.9961159,-0.0677071799999998,0.0054341800000001,5.311521899999999,1.7180091000000024,1.9283200799999989,-2.1820378600000176,8.844124120000068,-52.36891380000042,100.0,32.39429536,100.70023886000088,62.73359452000051,74.1892943600006,36.5491380000003,156.56123172000127,1646.689594859999,-0.9782884200000004,-0.0435581999999999,0.02547074,-5.210310040000001,-8.12758516,0.4521720000000004,-14.0,38.0,66.54041944000001,100.0,32.6515716,112.8198230800008,2.7020955800000186,2.161676140000015,2.161676140000015,5.9446096000000415,1753.0993552799962,-0.97134972,0.46883018,0.0176856599999996,0.1277690799999786,2.1864433400000123,1.2796627799999996,9.89607796000002,7.356849579999941,-1.6974197399999609,100.0,40.58079984,80.08559673999986,97.91509541999982,70.00929367999987,53.8533025999999,199.2572196999996,2268.423870440006,-1.0082428200000002,-0.0014210399999999,0.00612216,0.3603623199999991,1.5371909799999994,4.74650146,6.867183020000061,-11.052015860000088,19.45987024000015,100.0,33.197894420000004,88.05950898000012,54.96807251999986,49.13075519999988,58.85961793999985,156.9105571799996,1700.9356587400014,-1.0050959399999997,0.1308916799999999,-0.01635312,2.9155387200000007,1.755845799999999,4.028,-6.765447799999996,30.237072119999997,36.76292788000001,100.0,33.04002536,116.7710016400006,2.641877540000014,2.1135024800000117,2.1135024800000117,5.812131760000031,1641.8298470600048,322,X1.6954 Y1.564 Z0.0098
16:24:08.723,5,326,1.69488,1.59062,0.00885,90.61101,57.28706,-25.76775,,185.42,0,0,,2,1,"{""sr"":{""mpox"":90.61101,""mpoy"":57.28706,""mpoz"":-25.76775,""mpoa"":0,""posx"":1.69488,""posy"":1.59062,""posz"":0.00885,""posa"":0,""unit"":0,""stat"":5,""coor"":2,""momo"":1,""dist"":0,""home"":1,""mots"":1,""plan"":0,""line"":326,""path"":2,""frmo"":2,""prbe"":1,""safe"":0,""estp"":0,""spc"":1,""hold"":0,""macs"":5,""cycs"":1,""sps"":12000,""feed"":185.42,""mark"":176190722}}",5.296844450581184,0.2048747825385611,0.2130424197412442,0.2058508637489184,5.296844450581184,0.2048747825385611,0.2130424197412442,0.2058508637489184,-0.9945635600000003,0.0340504400000003,0.0086137600000008,-1.6034083600000089,-0.7468639599999971,1.0393003200000115,-31.0,36.0,-36.4873433999999,100.0,33.87,122.52516352000777,86.22141172000546,80.17078584000508,83.95242720000532,253.36993720001607,1753.705404200015,-1.00265352,-0.0788663199999999,0.0351853599999997,5.495737919999998,1.6023388400000007,1.9611707600000032,-3.530660880000034,16.39671367999998,-96.0,100.0,32.385306320000005,62.68073535999699,45.62205443999781,53.9530385599974,26.57980559999872,113.46006543999452,1453.2526472400125,-0.9883423599999992,-0.0287690000000004,-0.0011557200000003,-5.428973119999984,-7.941783280000012,0.5174042399999941,-13.506845520000033,37.41367223999998,66.17265476000003,100.0,32.65013688,85.63023743999663,2.0683629599999187,1.6546907199999352,1.6546907199999352,4.550398679999821,1740.4813844400055,-0.8933239199999946,0.5627692000000061,-0.020219320000002,3.805967719999907,1.6746947200000362,1.304959119999998,9.597399960000018,2.9486559600001496,-10.365578600000406,100.0,40.57519516,86.75316116000063,103.89600128000076,74.28564092000055,57.14280080000042,211.4283620800016,2312.31059568002,-1.00977492,-0.0113332000000003,0.0186233999999993,0.3936489599999958,1.6111567199999952,4.873842839999997,8.339371920000023,-14.0,25.52862376000001,100.0,33.2,125.2838210400012,59.73447984000057,53.390995480000505,63.963469920000605,170.7454611200016,1491.2336743600083,-1.01748208,0.1126947999999983,-0.0122664,2.911786400000004,1.6745503199999994,3.9761067999999984,-3.046736319999917,13.057442199999644,16.390135599999578,100.0,33.05714012,94.29954219999745,2.1762401599999404,1.7409923199999524,1.7409923199999524,4.7877286399998695,1259.0230352000067,326,X1.6938 Y1.5975 Z0.0086
16:24:08.982,5,329,1.68684,1.6208,0.00773,90.40694,58.05349,-25.79605,,185.42,0,0,,2,1,"{""sr"":{""mpox"":90.40694,""mpoy"":58.05349,""mpoz"":-25.79605,""mpoa"":0,""posx"":1.68684,""posy"":1.6208,""posz"":0.00773,""posa"":0,""unit"":0,""stat"":5,""coor"":2,""momo"":1,""dist"":0,""home"":1,""mots"":1,""plan"":0,""line"":329,""path"":2,""frmo"":2,""prbe"":1,""safe"":0,""estp"":0,""spc"":1,""hold"":0,""macs"":5,""cycs"":1,""sps"":12000,""feed"":185.42,""mark"":176190722}}",5.103517337299095,0.1977302135691703,0.1987407350708011,0.2039620409608941,5.103517337299095,0.1977302135691703,0.1987407350708011,0.2039620409608941,-0.9918699,0.0488274799999999,-0.0141753599999998,-1.831,-1.1029645200000002,0.97699652,-31.0,36.06510372000001,-36.93489627999999,100.0,33.88,10.3514530600009,7.421796940000641,6.900969000000589,7.226486660000623,21.874769320001924,1229.5592696800018,-1.01187334,-0.07435324,0.03219538,5.17242446,1.9496106999999991,1.8376235200000008,-4.0,15.981902979999996,-95.32645105999998,100.0,32.38981904,100.22311115999968,77.98377887999975,91.4292582199997,45.042355539999846,193.61490043999936,1289.24320402,-1.0055413,-0.0254238999999999,0.02501384,-5.6350303399999975,-7.873571400000002,0.5229743799999994,-14.0,37.35165584,66.0,100.0,32.656082739999995,134.2472634999996,3.2417197999999905,2.593376579999992,2.593376579999992,7.131784759999979,1549.221377439999,-0.9950956199999996,0.0247040200000005,-0.00826764,5.494473459999974,1.3633536800000017,1.0545728199999995,10.272563119999989,-3.4416120600000504,-2.9296109599999336,100.0,40.57032304,76.06633436000006,93.45183346000007,66.81806108000006,51.39850818000005,190.17448164000012,1472.901820940001,-1.00538778,-0.0111292199999999,0.00227184,0.33284414,1.6219719399999992,4.7670558000000005,8.456460400000001,-14.42336848,24.4564604,100.0,33.20423376,109.33149604,51.58003896000006,46.102512520000055,55.65509146000007,148.3496697000002,1189.3655848600008,-1.02343328,0.1283584599999999,-0.00492114,2.8679213999999997,1.74850596,4.11049404,-6.9626168199999965,31.0,37.64763818,100.0,33.04779484,133.0356894199997,3.051276879999993,2.4410218799999943,2.4410218799999943,6.712809759999985,1257.0716130200003,329,X1.6865 Y1.6217 Z0.0077
16:24:09.238,5,333,1.67126,1.64801,0.00661,90.01107,58.74473,-25.82457,,185.42,0,0,,2,1,"{""sr"":{""mpox"":90.01107,""mpoy"":58.74473,""mpoz"":-25.82457,""mpoa"":0,""posx"":1.67126,""posy"":1.64801,""posz"":0.00661,""posa"":0,""unit"":0,""stat"":5,""coor"":2,""momo"":1,""dist"":0,""home"":1,""mots"":1,""plan"":0,""line"":333,""path"":2,""frmo"":2,""prbe"":1,""safe"":0,""estp"":0,""spc"":1,""hold"":0,""macs"":5,""cycs"":1,""sps"":12000,""feed"":185.42,""mark"":176190722}}",5.172701634978653,0.1940589952722875,0.2080417197636247,0.2085373712529386,5.172701634978653,0.1940589952722875,0.2080417197636247,0.2085373712529386,-0.9911207,0.0539145999999999,-0.0140343599999999,-2.01759286,-0.9233310800000002,0.91602464,-30.9997086,36.0,-38.9393062,100.0,33.88,145.67271649999978,107.13944341999984,100.56070615999984,104.31998461999984,316.7193432599995,1314.3526806200002,-1.00215012,-0.07643256,0.0283527399999999,5.38848118,1.74140982,2.014,-4.0,16.0,-95.0,100.0,32.39,46.05908684000008,38.42765274000007,44.99648188000008,22.33402056000004,95.28988806000017,1381.1462210999998,-0.98492358,-0.0356719199999999,0.00541594,-5.31634836,-8.01860288,0.46636352,-14.0,37.96003388,66.62946818,100.0,32.64039966,73.7776246400001,1.7735005800000023,1.4188008400000018,1.4188008400000018,3.901700900000005,1530.8809423599998,-0.91711338,0.3129766600000002,-0.04051492,-0.100153159999999,1.8290331999999991,1.13325992,11.946385980000002,-6.021493539999986,16.789458359999983,100.0,40.57027564,86.06929079999999,106.78807641999998,76.37318437999998,58.74860384,217.36983281999997,1888.48250274,-1.00417134,-0.0161412599999999,-0.0098923599999999,0.29558706,2.0345683,4.86407294,8.545302580000001,-14.02690574,24.0,100.0,33.21026904,125.95246069999992,62.16454017999998,55.62090387999999,66.52696439999998,178.31407561999995,1167.50786684,-1.01334154,0.11916276,-0.00809084,2.8543409,1.79663308,4.072870839999999,-6.391194800000001,30.4139006,37.608805200000006,100.0,33.0541391,85.28047062000007,1.9559740600000015,1.5647792600000014,1.5647792600000014,4.303142920000004,1184.93468494,333,X1.6694 Y1.6505 Z0.0065
16:24:09.495,5,337,1.6494,1.67025,0.0056,89.45597,59.30955,-25.85033,,185.42,0,0,,2,1,"{""sr"":{""mpox"":89.45597,""mpoy"":59.30955,""mpoz"":-25.85033,""mpoa"":0,""posx"":1.6494,""posy"":1.67025,""posz"":0.0056,""posa"":0,""unit"":0,""stat"":5,""coor"":2,""momo"":1,""dist"":0,""home"":1,""mots"":1,""plan"":0,""line"":337,""path"":2,""frmo"":2,""prbe"":1,""safe"":0,""estp"":0,""spc"":1,""hold"":0,""macs"":5,""cycs"":1,""sps"":12000,""feed"":185.42,""mark"":176190722}}",5.136197709464873,0.2000766927526173,0.2041124620577009,0.1984736489734955,5.136197709464873,0.2000766927526173,0.2041124620577009,0.1984736489734955,-0.9874078,0.0356297999999998,0.0013438000000003,-1.635765200000007,-0.8912858000000051,1.0242807999999983,-31.0,36.199857200000025,-38.20818280000003,100.0,33.8819986,34.44610560000477,23.258300200003223,22.030016400003053,22.850259400003164,69.15867640000957,1320.697772400004,-1.0114957999999998,-0.0748233999999999,0.0201251999999998,5.339890399999988,1.896644799999997,2.0517151999999994,-3.757939200000009,16.0,-95.7579392,100.0,32.3961826,79.75809599999856,72.95701739999868,84.70433439999846,42.66130719999922,181.1559849999967,1239.691230800004,-0.9701168,-0.0283740000000001,0.0059143999999998,-5.639862799999995,-7.828465200000005,0.5773533999999954,-13.26535919999999,37.26535919999999,66.0,100.0,32.6606788,125.576258999998,3.0042163999999523,2.4033737999999616,2.4033737999999616,6.609276999999894,1350.458454400004,-0.9986315999999984,0.3586759999999996,0.0031232000000003,6.19951759999992,1.6334136000000126,1.3472621999999943,11.801657600000038,-4.396683799999925,24.38336599999997,100.0,40.586599,76.51667240000036,95.05176680000044,67.96201360000032,52.27847200000024,193.4303462000009,1324.420775800012,-1.0030306,-0.0123861999999998,-0.0017703999999999,0.2655271999999982,1.979996799999999,4.902990399999997,8.467763600000003,-13.532236399999997,24.557430400000012,100.0,33.2208966,108.9888796000007,53.79279460000034,48.17963340000031,57.53490180000036,153.89416840000098,1150.5793630000037,-0.9965248000000004,0.1213156,-0.0047021999999998,2.9508177999999954,1.7436125999999974,4.001612599999997,-6.0,30.572728799999997,38.849236599999976,100.0,33.0457802,124.9302931999985,2.863645199999965,2.2909153999999723,2.2909153999999723,6.300018399999924,1012.4061516000064,337,X1.645 Y1.6736 Z0.0054
16:24:09.754,5,341,1.62255,1.68608,0.00448,88.77401,59.7116,-25.87864,,185.42,0,0,,2,1,"{""sr"":{""mpox"":88.77401,""mpoy"":59.7116,""mpoz"":-25.87864,""mpoa"":0,""posx"":1.62255,""posy"":1.68608,""posz"":0.00448,""posa"":0,""unit"":0,""stat"":5,""coor"":2,""momo"":1,""dist"":0,""home"":1,""mots"":1,""plan"":0,""line"":341,""path"":2,""frmo"":2,""prbe"":1,""safe"":0,""estp"":0,""spc"":1,""hold"":0,""macs"":5,""cycs"":1,""sps"":12000,""feed"":185.42,""mark"":176190722}}",5.445579435866069,0.1992897422991982,0.2043411017599281,0.2052343780412325,5.445579435866069,0.1992897422991982,0.2043411017599281,0.2052343780412325,-0.9839044,0.0366589200000002,0.0187939799999996,-1.761672299999994,-0.962384960000004,0.830808019999998,-31.0,36.38020184000003,-38.62061407999997,100.0,33.88,101.64688517999464,70.65698125999629,67.55799093999646,69.41738517999634,211.3511454799889,1202.5932029600044,-0.9995936199999998,-0.0661296999999999,0.0220346999999996,5.398535060000001,1.6539302599999983,1.9864649399999992,-4.0,16.0,-94.6384193,100.0,32.39187054,48.78272598000132,54.16708368000155,62.29214630000178,31.861830660000926,134.14086986000385,1250.4448659200068,-0.9895045599999984,-0.058634500000001,0.0173075799999998,-5.364099080000011,-8.06503004,0.46744348,-13.45766188000001,37.0,66.91532376000002,100.0,32.64290016,95.85665522000224,2.288308780000054,1.830646900000044,1.830646900000044,5.03427944000012,1494.6621090000094,-0.9742663400000028,0.2491623200000026,-0.0126381999999998,3.883015039999928,0.1935603000000037,1.2423081000000051,13.507613780000051,6.019736539999995,12.876662020000127,100.0,40.6,83.77669081999956,101.9736457999995,72.91115627999964,56.08550533999973,208.02623699999896,1866.487314820013,-1.01340716,-0.0076718999999996,0.0112091600000006,0.2962253999999987,1.942477060000002,4.741703460000001,9.0,-13.342886659999982,23.829615219999983,100.0,33.22486748,96.97863414000004,59.19657993999962,52.86694021999965,63.645637019999576,170.06317343999888,1200.9481873799998,-0.9957192000000012,0.1422352600000006,-0.0143047799999998,2.9161404599999976,1.694117020000002,4.0567419000000005,-5.613601120000021,30.47118396000001,38.38639887999998,100.0,33.05671232,103.18930212000176,2.3559200400000404,1.8847360800000328,1.8847360800000328,5.183024040000089,1200.068181399997,341,X1.6152 Y1.689 Z0.0042
16:24:10.011,5,344,1.59236,1.69462,0.00336,88.00708,59.92859,-25.90716,,185.42,0,0,,2,1,"{""sr"":{""mpox"":88.00708,""mpoy"":59.92859,""mpoz"":-25.90716,""mpoa"":0,""posx"":1.59236,""posy"":1.69462,""posz"":0.00336,""posa"":0,""unit"":0,""stat"":5,""coor"":2,""momo"":1,""dist"":0,""home"":1,""mots"":1,""plan"":0,""line"":344,""path"":2,""frmo"":2,""prbe"":1,""safe"":0,""estp"":0,""spc"":1,""hold"":0,""macs"":5,""cycs"":1,""sps"":12000,""feed"":185.42,""mark"":176190722}}",5.296876241352027,0.2010452006883945,0.2217695034208188,0.2152763809474799,5.296876241352027,0.2010452006883945,0.2217695034208188,0.2152763809474799,-0.99440936,0.0407719199999998,-0.0020721999999999,-1.7112096399999983,-0.9476050799999992,0.977,-31.0,36.51811343999999,-37.481886560000014,100.0,33.89,79.27139219999827,59.5830726399987,56.99250439999875,58.54684523999872,177.71299051999608,1690.7607743599997,-1.00401572,-0.0699812399999999,0.0191234,5.31889872,1.7009655999999993,2.049168159999999,-4.0,16.854121279999998,-95.85412128,100.0,32.40361192,56.68571116000051,60.13614532000054,68.51577228000062,35.49018384000032,148.36868728000132,1945.2076641600008,-0.97608036,0.0088100399999996,0.00431252,-5.070614359999997,-8.25730152,0.3466031999999995,-13.158991360000003,37.0,66.6531444,100.0,32.6465316,102.2896699600008,2.4707652800000197,1.9766117200000155,1.9766117200000155,5.435683120000042,1852.290783520001,-0.9704913599999996,0.231841840000001,0.0194194399999999,4.845246280000044,1.7446544800000026,1.2527541600000005,11.02282440000001,21.00906544,7.497733520000001,100.0,40.6050228,84.38073947999986,100.45326151999984,71.82408187999987,55.2492933599999,204.92465339999964,2880.624782200008,-1.00799256,-0.0048495199999999,0.0027541200000001,0.4069764799999983,1.806171680000002,4.823726720000001,9.0,-14.264728160000006,24.0,100.0,33.2273528,86.19819251999981,58.133664479999865,52.11983719999988,62.64403507999985,166.88370947999962,1418.3945552400028,-1.0048467200000002,0.1179352399999997,-0.0166174,2.8016395999999992,1.7517014399999995,4.003597120000001,-6.0,30.50431272,37.599953440000014,100.0,33.05804272,108.65974872000064,2.478435960000014,1.9827481600000112,1.9827481600000112,5.452558200000031,1701.6897272800006,344,X1.5907 Y1.6949 Z0.0033
16:24:10.268,5,348,1.56104,1.69506,0.00224,87.21155,59.93969,-25.93568,,185.42,0,0,,2,1,"{""sr"":{""mpox"":87.21155,""mpoy"":59.93969,""mpoz"":-25.93568,""mpoa"":0,""posx"":1.56104,""posy"":1.69506,""posz"":0.00224,""posa"":0,""unit"":0,""stat"":5,""coor"":2,""momo"":1,""dist"":0,""home"":1,""mots"":1,""plan"":0,""line"":348,""path"":2,""frmo"":2,""prbe"":1,""safe"":0,""estp"":0,""spc"":1,""hold"":0,""macs"":5,""cycs"":1,""sps"":12000,""feed"":185.42,""mark"":176190722}}",5.130419360084364,0.1987784760364852,0.201290949174311,0.2078415955274794,5.130419360084364,0.1987784760364852,0.201290949174311,0.2078415955274794,-0.9907036,0.0437262399999998,-0.0041337799999997,-1.64819482,-0.8751367599999991,1.0155422000000038,-31.0,36.34091079999998,-39.31817840000003,100.0,33.9,54.12024421999752,38.80319421999823,37.78205743999827,38.80319421999823,117.43071843999462,1421.0545760200057,-1.0117581,-0.0664839999999998,0.02840248,5.364674300000001,1.8295782599999988,2.0651920800000028,-1.7242914199999626,8.643152919999826,-51.11132235999897,100.0,32.41252422,67.39924800000081,69.77065270000077,78.89039842000085,41.69921014000045,172.22447048000188,1692.7528868400068,-0.9756059599999996,-0.0006712599999992,0.0121288599999999,-5.114141499999999,-8.25977138,0.3595705799999993,-13.0,37.0,65.89073337999999,100.0,32.63773356,114.82107728000103,2.773166560000026,2.2185335800000208,2.2185335800000208,6.100966760000057,1587.6201036800055,-0.9140412800000006,0.1916478200000013,0.0253296400000006,5.088405459999986,5.927616240000114,1.2010663600000016,10.299895759999972,16.705176240000053,9.905959139999764,100.0,40.61,82.89740935999978,97.61426061999975,70.06382917999983,53.82436775999987,198.8175693199995,1969.0888462200053,-1.0019135,-0.01189756,-0.0050125800000002,0.5421800600000013,1.6299397599999996,4.878339839999999,8.515734080000001,-14.0,24.48426592,100.0,33.22296076,107.7250607999998,56.65911481999981,50.36365779999983,60.53324187999979,162.52515641999946,1164.4764792400006,-1.0012875799999998,0.1430822800000001,-0.02026634,2.7881071200000007,1.6891066199999991,3.94942808,-5.461940399999997,30.4619404,38.211939,100.0,33.06576122,117.29698940000084,2.690297980000019,2.1522387200000157,2.1522387200000157,5.918655560000042,1245.676453940007,348,X1.5572 Y1.6946 Z0.0021
16:24:10.525,5,352,1.53082,1.68748,0.00112,86.44396,59.74716,-25.96398,,185.42,0,0,,2,1,"{""sr"":{""mpox"":86.44396,""mpoy"":59.74716,""mpoz"":-25.96398,""mpoa"":0,""posx"":1.53082,""posy"":1.68748,""posz"":0.00112,""posa"":0,""unit"":0,""stat"":5,""coor"":2,""momo"":1,""dist"":0,""home"":1,""mots"":1,""plan"":0,""line"":352,""path"":2,""frmo"":2,""prbe"":1,""safe"":0,""estp"":0,""spc"":1,""hold"":0,""macs"":5,""cycs"":1,""sps"":12000,""feed"":185.42,""mark"":176190722}}",5.291816720873574,0.2105012873588115,0.2173861757308767,0.2102094791114692,5.291816720873574,0.2105012873588115,0.2173861757308767,0.2102094791114692,-0.9874018,0.0244241999999988,0.0035890000000005,-1.891730000000013,-0.9650161999999896,1.038,-31.0,36.0,-38.0,100.0,33.9,121.46524380000646,91.09893260000484,89.50070640000476,91.09893260000484,276.49325260001467,1769.8611717999972,-0.9994599999999996,-0.0600902000000001,0.0409148000000011,5.307913999999994,1.8616237999999972,1.9725558,-4.0,16.0,-95.55845440000004,100.0,32.397399199999995,46.48989439999794,48.01415299999788,53.730123999997616,28.960917799998715,117.7489947999948,2200.5303193999966,-0.9862315999999952,-0.1051966000000033,0.0095892000000001,-4.911732799999994,-8.361624800000008,0.2645359999999957,-13.599242000000014,37.40075799999999,66.0,100.0,32.6313126,84.55995839999703,2.0037905999999297,1.603032599999944,1.603032599999944,4.408338999999846,2396.9406372,-0.9012607999999952,0.3161532000000002,-0.0400320000000005,2.469454200000116,0.8930776000000439,1.253931199999988,9.52198319999992,9.198702200000154,5.674913999999905,100.0,40.61,86.20172140000055,105.00936940000066,75.23059340000049,57.99024900000037,214.19821720000135,2983.726719799998,-1.0076482000000002,-0.0167731999999997,-0.022244000000001,0.4038259999999933,1.4473639999999994,4.891212000000004,8.355934400000018,-13.0,24.64406559999998,100.0,33.22,109.88252000000097,62.942414400000544,56.008080200000485,67.20969700000057,179.75926860000155,1421.5301631999969,-1.0525005999999977,0.1711872000000035,-0.0341798000000005,2.931478600000003,1.7927461999999952,3.956193999999997,-6.0,31.0,38.751406800000055,100.0,33.057227999999995,93.23584779999771,2.128672599999948,1.7029375999999583,1.7029375999999583,4.683079399999886,2026.0293447999995,352,X1.5251 Y1.6851 Z0.0009
16:24:10.783,5,355,1.5033,1.6724,0.0,85.74495,59.3642,-25.9925,,185.42,0,0,,2,1,"{""sr"":{""mpox"":85.74495,""mpoy"":59.3642,""mpoz"":-25.9925,""mpoa"":0,""posx"":1.5033,""posy"":1.6724,""posz"":0,""posa"":0,""unit"":0,""stat"":5,""coor"":2,""momo"":1,""dist"":0,""home"":1,""mots"":1,""plan"":0,""line"":355,""path"":2,""frmo"":2,""prbe"":1,""safe"":0,""estp"":0,""spc"":1,""hold"":0,""macs"":5,""cycs"":1,""sps"":12000,""feed"":185.42,""mark"":176190722}}",5.253756207971675,0.1950961265950017,0.1931359862719338,0.2017835323908469,5.253756207971675,0.1950961265950017,0.1931359862719338,0.2017835323908469,-0.9967168000000002,0.0426124400000002,-0.0027009200000001,-1.584908400000001,-1.0962229600000013,1.0964514400000014,-31.0,36.04177979999998,-39.91456648000005,100.0,33.889980800000004,6.422889599996527,4.72114603999745,4.679366239997473,4.8047065999973935,14.497679359992144,1250.167079319988,-1.01060176,-0.0740965199999999,0.0153215999999997,5.20754076,1.784955879999999,1.97254076,-3.3324092799999843,15.679656920000008,-95.67965692,100.0,32.38667584,111.68486528000172,86.98401152000115,96.49920760000128,52.333578000000685,212.7205295600028,1587.082514999992,-0.9864366800000002,-0.02560244,0.0099295999999998,-5.409253120000014,-7.805783359999991,0.6413478400000056,-13.655138520000008,37.0,66.01333244,100.0,32.63703052,136.9373457200016,3.275694520000038,2.6205550400000304,2.6205550400000304,7.206526600000084,1376.2490016399945,-1.046791600000004,0.1125975599999972,0.0131350400000015,0.8356183200000104,0.1153723599999553,1.2141401600000012,9.44377056000001,0.9986809200001348,-1.85262400000026,100.0,40.60556192,73.58421671999969,93.99339711999964,67.00519435999975,51.64983687999981,190.77867739999928,1659.9377825599788,-1.00031228,-0.01831676,-0.0286622000000003,0.3803623199999991,1.998089840000001,4.793962959999997,8.56988831999999,-13.977946960000011,24.56988831999999,100.0,33.23,107.96799571999924,53.35540895999972,47.47727071999975,57.40283635999972,152.8315955199992,1111.9088427599936,-1.02407156,0.1182632399999997,-0.0011494799999999,2.686828119999995,1.8465536,4.12651648,-6.0,30.615031640000005,38.0,100.0,33.04254992,133.46177308000122,3.0751562800000283,2.4601246400000227,2.4601246400000227,6.7653432000000615,1474.0604089999888,355,X1.5033 Y1.6724 Z0.
16:24:11.039,5,359,1.48091,1.65086,-0.00111,85.17636,58.81702,-26.0208,,185.42,0,0,,2,1,"{""sr"":{""mpox"":85.17636,""mpoy"":58.81702,""mpoz"":-26.0208,""mpoa"":0,""posx"":1.48091,""posy"":1.65086,""posz"":-0.00111,""posa"":0,""unit"":0,""stat"":5,""coor"":2,""momo"":1,""dist"":0,""home"":1,""mots"":1,""plan"":0,""line"":359,""path"":2,""frmo"":2,""prbe"":1,""safe"":0,""estp"":0,""spc"":1,""hold"":0,""macs"":5,""cycs"":1,""sps"":12000,""feed"":185.42,""mark"":176190722}}",5.26058759249763,0.1913600375546576,0.1930560651331272,0.1979339302269054,5.26058759249763,0.1913600375546576,0.1930560651331272,0.1979339302269054,-0.9963582,0.0424453999999998,-0.0085289999999998,-1.5213212399999985,-0.7369704000000016,0.9304226800000048,-30.99840748,36.99840748,-35.32271876000011,100.0,33.899169,135.02301091999627,103.79319859999713,103.79319859999713,105.63024615999709,319.64631047999114,1263.6690479999954,-1.0007952,-0.0755145999999999,0.0327044799999999,5.270096320000002,1.686217520000002,2.027718319999998,-4.0,16.0,-95.66354151999998,100.0,32.39663524,48.17115964000136,43.45898528000132,47.83295104000144,26.2995809600008,106.04034464000318,1452.0380335999955,-0.9774995599999996,-0.03885744,0.0080888399999998,-5.074850800000009,-8.383178679999993,0.3317656400000021,-13.053506800000015,37.053506800000015,66.0,100.0,32.64946496,75.11426668000179,1.8043451600000429,1.443476480000034,1.443476480000034,3.9695590000000944,1535.2604208400007,-0.8920948800000017,0.2188552400000012,0.017657160000001,2.9152192800000862,1.8997770000000052,1.1017195600000025,4.608702320000147,-5.899736040000119,4.682262160000171,100.0,40.60963224,85.79291431999967,107.1079240799996,76.73403499999971,59.14915163999977,218.4420697599992,1811.79022688,-1.00281908,-0.0155095199999998,-0.0102185199999996,0.2994943200000003,1.8598582399999983,4.83520864,9.0,-14.0,25.49089408000001,100.0,33.23509128,128.39319367999948,64.87020267999968,57.74752019999971,69.23122443999966,184.79830703999912,1082.455570160001,-1.0052359200000005,0.11767428,-0.0072347599999999,2.981757199999997,1.80684628,3.968848560000001,-6.0,30.0,38.54343451999998,100.0,33.044262880000005,86.71471004000136,1.9797878000000315,1.583830560000025,1.583830560000025,4.355533600000069,1316.4763382000024,359,X1.4794 Y1.649 Z-0.0012
16:24:11.298,5,363,1.46455,1.62408,-0.00224,84.76059,58.13687,-26.04932,,185.42,0,0,,2,1,"{""sr"":{""mpox"":84.76059,""mpoy"":58.13687,""mpoz"":-26.04932,""mpoa"":0,""posx"":1.46455,""posy"":1.62408,""posz"":-0.00224,""posa"":0,""unit"":0,""stat"":5,""coor"":2,""momo"":1,""dist"":0,""home"":1,""mots"":1,""plan"":0,""line"":363,""path"":2,""frmo"":2,""prbe"":1,""safe"":0,""estp"":0,""spc"":1,""hold"":0,""macs"":5,""cycs"":1,""sps"":12000,""feed"":185.42,""mark"":176190722}}",5.079387819654946,0.2013423400379665,0.1972549621664859,0.2087321808258897,5.079387819654946,0.2013423400379665,0.1972549621664859,0.2087321808258897,-0.98652144,0.0338242800000002,0.0239660799999985,-1.9503946799999927,-0.8839366199999963,1.022098919999998,-31.0,37.0,-39.0,100.0,33.89,44.31525694000506,29.45661154000336,29.45661154000336,29.977968100003416,90.97661568001038,1504.453557719997,-1.01142258,-0.0780348199999997,0.0368701999999988,5.489527679999996,1.6741638600000044,2.089145999999997,-3.818359319999979,16.181640680000022,-95.55364088000002,100.0,32.39,86.89626491999827,77.96856651999845,85.1107253799983,47.01921151999906,189.26720707999624,2001.8155719999947,-1.0117146599999995,-0.0089230400000001,0.0276637199999996,-5.50995161999999,-8.109320900000004,0.5269761799999951,-13.24833289999999,37.751667100000006,65.82712313999998,100.0,32.64,119.23075825999796,2.8939504599999517,2.315160219999961,2.315160219999961,6.366691419999892,2114.2458516799943,-0.978794099999999,0.2967496600000009,0.001038319999999,4.560706379999986,0.9744143800000494,1.0184718799999972,8.840176020000044,-8.320134960000155,2.641088440000387,100.0,40.58,77.75362090000039,96.47208596000048,69.11432996000033,53.27562930000026,196.30389564000092,2876.490512620001,-1.00889398,-0.0133083400000001,-0.0055671999999996,0.5098244199999994,1.7495586799999991,4.746738739999999,4.272051320000028,-6.645412400000043,11.392135780000071,100.0,33.24591594,114.39603208000074,56.48600732000037,50.31526724000032,60.28338584000039,160.91392058000102,1274.7077415600015,-1.00301442,0.1218834600000004,-0.01412858,2.88998778,1.698121839999997,4.08301948,-6.442102260000008,30.90195971999999,37.45985745999998,100.0,33.053440720000005,121.68941331999837,2.7894889599999635,2.231591219999971,2.231591219999971,6.13687565999992,1872.451799740008,363,X1.4627 Y1.6199 Z-0.0024
16:24:11.555,5,367,1.45566,1.59404,-0.00336,84.53489,57.37386,-26.07785,,185.42,0,0,,2,1,"{""sr"":{""mpox"":84.53489,""mpoy"":57.37386,""mpoz"":-26.07785,""mpoa"":0,""posx"":1.45566,""posy"":1.59404,""posz"":-0.00336,""posa"":0,""unit"":0,""stat"":5,""coor"":2,""momo"":1,""dist"":0,""home"":1,""mots"":1,""plan"":0,""line"":367,""path"":2,""frmo"":2,""prbe"":1,""safe"":0,""estp"":0,""spc"":1,""hold"":0,""macs"":5,""cycs"":1,""sps"":12000,""feed"":185.42,""mark"":176190722}}",5.324426638922771,0.1930617497366409,0.1987643979043778,0.2011485681837531,5.324426638922771,0.1930617497366409,0.1987643979043778,0.2011485681837531,-1.000405,0.0382191999999996,0.0270423999999992,-1.7455482000000009,-1.0259025999999982,1.013548200000001,-31.0,36.0,-39.599157800000015,100.0,33.894008400000004,94.66692700000222,67.10566980000159,68.3039852000016,68.90314300000162,209.1060598000049,1675.133976799991,-0.9926694,-0.074541,0.0016935999999999,5.4819696,1.8139108,2.085925,-4.0,16.0,-96.5407552,100.0,32.3954076,71.00210339999913,60.43947459999926,65.9504113999992,36.73957919999955,146.49906999999823,1636.9614919999883,-1.0118811999999997,-0.0380129999999998,0.0165316,-5.273804199999996,-8.178200800000006,0.4799579999999989,-13.532729400000004,37.73243160000001,65.46486280000002,100.0,32.6353276,97.59170119999902,2.336353199999976,1.8690825999999807,1.8690825999999807,5.139976799999947,2005.8096411999904,-1.0476126,0.3028114,0.0350537999999999,3.930237400000052,2.183429399999981,1.168422800000001,10.540963800000004,3.029927600000081,3.9729163999998423,100.0,40.58,82.4653142000002,102.1467522000002,73.17976300000015,56.40940040000012,207.85085360000045,2456.3886021999974,-1.0077372000000002,-0.0112143999999998,0.0453727999999999,0.4567683999999999,1.5775680000000003,4.781327199999999,8.4880094,-14.0,24.0,100.0,33.2448804,111.19724800000026,60.92686240000018,54.092379200000174,65.0227860000002,173.56475840000053,1379.8083695999978,-0.9966318000000002,0.1102565999999997,-0.0178901999999999,2.869,1.854118599999999,3.980764199999998,-6.475797999999997,30.850031200000004,37.0,100.0,33.0437422,102.77235959999923,2.3789895999999824,1.9031915999999856,1.9031915999999856,5.233777199999961,1648.9166581999953,367,X1.4547 Y1.5874 Z-0.0036
16:24:11.811,5,370,1.45475,1.56292,-0.00447,84.51174,56.5834,-26.10615,,185.42,0,0,,2,1,"{""sr"":{""mpox"":84.51174,""mpoy"":56.5834,""mpoz"":-26.10615,""mpoa"":0,""posx"":1.45475,""posy"":1.56292,""posz"":-0.00447,""posa"":0,""unit"":0,""stat"":5,""coor"":2,""momo"":1,""dist"":0,""home"":1,""mots"":1,""plan"":0,""line"":370,""path"":2,""frmo"":2,""prbe"":1,""safe"":0,""estp"":0,""spc"":1,""hold"":0,""macs"":5,""cycs"":1,""sps"":12000,""feed"":185.42,""mark"":176190722}}",5.201682391989903,0.1969259672608199,0.1899162147570811,0.2041030397810933,5.201682391989903,0.1969259672608199,0.1899162147570811,0.2041030397810933,-0.99139984,0.0507202399999998,-0.0294006399999997,-1.4674411999999988,-0.9452796400000006,0.9477203599999994,-30.52001003999999,36.52001003999999,-39.95997988000003,100.0,33.91,80.08154595999825,58.241124159998726,59.28114475999871,59.80115431999869,181.48350367999603,1090.7998994400002,-1.00110776,-0.07962976,0.0390904799999998,5.603258199999997,1.5846925200000035,1.991055320000001,-4.0,16.145817760000003,-95.0,100.0,32.39507328,85.23376212000078,65.03385284000059,70.94602136000064,39.41445636000036,157.16514464000142,1044.12290272,-0.9872885200000002,-0.0337911599999999,0.0083062800000001,-5.345903640000003,-8.1483152,0.5383307200000003,-14.0,37.34591231999999,66.0,100.0,32.6316104,102.55611916000078,2.465291680000019,1.972232960000015,1.972232960000015,5.4236406000000414,1151.1173226399978,-0.9943577200000012,0.1221015999999997,0.0135203600000004,3.595678559999972,0.7160809199999965,1.2188059999999985,9.986284999999986,10.048766040000018,11.382352999999954,100.0,40.58,81.34563531999986,100.92884419999984,72.30723135999988,55.736824319999904,205.37262303999964,1395.4334213599975,-1.00226652,-0.0132239599999998,0.0038666399999998,0.2639207600000018,1.8292249999999992,4.8201214,8.0,-14.0,24.765824240000004,100.0,33.2426496,95.16169811999978,59.60127395999986,52.58935959999988,63.60808267999985,169.2876526399996,836.0587793599996,-1.01613276,0.0982079600000001,-0.0148672399999999,2.8321355600000016,1.7021417599999995,3.99775484,-7.0,30.0,36.8041264,100.0,33.04,107.99761672000064,2.4791150000000144,1.9832922800000112,1.9832922800000112,5.454053160000031,873.7750118799986,370,X1.4548 Y1.5622 Z-0.0045
16:24:12.069,5,374,1.46189,1.53249,-0.00555,84.69319,55.81047,-26.13357,,185.42,0,0,,2,1,"{""sr"":{""mpox"":84.69319,""mpoy"":55.81047,""mpoz"":-26.13357,""mpoa"":0,""posx"":1.46189,""posy"":1.53249,""posz"":-0.00555,""posa"":0,""unit"":0,""stat"":5,""coor"":2,""momo"":1,""dist"":0,""home"":1,""mots"":1,""plan"":0,""line"":374,""path"":2,""frmo"":2,""prbe"":1,""safe"":0,""estp"":0,""spc"":1,""hold"":0,""macs"":5,""cycs"":1,""sps"":12000,""feed"":185.42,""mark"":176190722}}",5.165393948606639,0.1964335656868374,0.1947805425792562,0.2069819279077396,5.165393948606639,0.1964335656868374,0.1947805425792562,0.2069819279077396,-0.9859247999999998,0.0362117199999996,0.0062881999999998,-1.8482509599999903,-0.8934701599999951,0.976952,-31.0,36.32063547999997,-37.96216855999988,100.0,33.916791159999995,47.45409095999414,35.91120411999555,36.55247575999547,36.87311091999543,111.90187635998618,1221.9764164799974,-1.0084761199999996,-0.0746825599999999,0.0199317199999999,5.315948159999999,1.7929790400000023,2.0579691199999965,-3.902489280000012,16.0,-94.85654379999995,100.0,32.40097504,98.81146788000272,74.99390512000204,81.85464332000222,45.73825632000125,182.38129516000495,1432.173988239982,-1.0081499599999992,-0.0226807199999997,0.0283786799999998,-5.388700280000011,-8.327004159999996,0.4482415200000024,-14.454798280000029,37.56137268000001,66.89342560000001,100.0,32.63561344,117.11381524000282,2.806865080000067,2.2454924000000536,2.2454924000000536,6.175103520000147,1446.898153959977,-0.9616742800000012,0.3558261599999953,-0.0226257199999983,3.2114935999999226,2.9046121600000183,1.2542446800000009,10.997850160000066,18.949767039999976,6.928081880000064,100.0,40.598276160000005,78.42975611999945,97.48498655999936,69.83999043999955,53.83499227999965,198.36497243999872,2083.8663301599768,-0.99864704,-0.0156348000000001,-0.0217902000000004,0.211691840000004,1.9006442399999983,4.8908987600000025,8.482579199999996,-13.306032640000018,24.0,100.0,33.24306,108.6391761199988,57.1209448399995,50.67086267999958,60.805035559999496,162.32330779999862,1212.4042949599996,-1.0073370799999997,0.1180300800000001,-0.0067764000000002,2.8445174399999957,1.7160628800000048,4.066370120000002,-6.257443920000015,30.45699303999999,36.656542159999965,100.0,33.04,118.91855688000211,2.715035480000049,2.172028520000039,2.172028520000039,5.973078240000107,1532.518577440002,374,X1.4634 Y1.5285 Z-0.0057
16:24:12.327,5,378,1.47657,1.50494,-0.00663,85.06609,55.1108,-26.16097,,185.42,0,0,,2,1,"{""sr"":{""mpox"":85.06609,""mpoy"":55.1108,""mpoz"":-26.16097,""mpoa"":0,""posx"":1.47657,""posy"":1.50494,""posz"":-0.00663,""posa"":0,""unit"":0,""stat"":5,""coor"":2,""momo"":1,""dist"":0,""home"":1,""mots"":1,""plan"":0,""line"":378,""path"":2,""frmo"":2,""prbe"":1,""safe"":0,""estp"":0,""spc"":1,""hold"":0,""macs"":5,""cycs"":1,""sps"":12000,""feed"":185.42,""mark"":176190722}}",5.16300309024058,0.2007209088767398,0.2054639290725137,0.2077154623109907,5.16300309024058,0.2007209088767398,0.2054639290725137,0.2077154623109907,-0.9874580799999998,0.0339425999999997,0.0009799200000009,-1.8821638400000007,-1.110593440000006,0.9258859999999988,-30.99793612,36.0,-38.68237604000004,100.0,33.9199968,126.577043240003,93.8838014000022,94.72204968000224,96.39854640000227,290.8724477600069,1210.8043543199897,-1.00542276,-0.07922032,0.03791436,5.114443279999991,2.0116888800000106,1.97241428,-3.632985360000008,16.048746879999992,-95.5354916,100.0,32.3968532,65.6955861999986,48.07889227999898,52.48306575999889,28.994141159999387,116.71059423999752,1275.096617079996,-1.0087600800000005,-0.04262728,0.0154302800000001,-5.4751777199999925,-8.057523000000005,0.4336821199999992,-13.0,37.44149407999999,66.05373311999999,100.0,32.641707600000004,81.42973219999863,1.9388029599999672,1.5510428399999738,1.5510428399999738,4.265366879999927,1436.116996599998,-0.954697279999999,0.2593824399999968,-0.0198296000000009,1.8746903999999536,1.822785919999995,1.2051820800000022,9.412153079999976,15.83116284000002,-1.4172623600001588,100.0,40.58,83.55037468000025,105.62028500000032,75.66826380000023,58.32762008000017,214.91888888000065,1797.7206528400038,-1.0060650800000002,-0.0156759599999999,-0.0122472000000002,0.4119908400000011,1.8171791200000005,4.888399199999999,9.0,-14.0,24.91148912000001,100.0,33.25,102.6269644800004,63.07282224000025,56.12412124000021,67.34894556000026,179.0626724400007,1190.215535159999,-1.01358396,0.1367440400000001,-0.0057447999999998,2.923937120000001,1.7404531599999988,3.95677988,-6.683158719999993,30.31684128000001,36.90060944000001,100.0,33.04,90.32224843999894,2.081157839999976,1.6649259999999806,1.6649259999999806,4.578546839999946,1243.2412836399906,378,X1.4813 Y1.4987 Z-0.0069
16:24:12.584,5,381,1.49791,1.48209,-0.00781,85.608,54.53044,-26.1909,,185.42,0,0,,2,1,"{""sr"":{""mpox"":85.608,""mpoy"":54.53044,""mpoz"":-26.1909,""mpoa"":0,""posx"":1.49791,""posy"":1.48209,""posz"":-0.00781,""posa"":0,""unit"":0,""stat"":5,""coor"":2,""momo"":1,""dist"":0,""home"":1,""mots"":1,""plan"":0,""line"":381,""path"":2,""frmo"":2,""prbe"":1,""safe"":0,""estp"":0,""spc"":1,""hold"":0,""macs"":5,""cycs"":1,""sps"":12000,""feed"":185.42,""mark"":176190722}}",5.24336071923939,0.2007566493684769,0.2073075879146243,0.2107333824809073,5.24336071923939,0.2007566493684769,0.2073075879146243,0.2107333824809073,-0.9948721399999998,0.0487014399999996,0.0027445399999997,-1.4637071799999986,-0.9743710599999972,0.856624000000003,-31.0,37.0,-38.00002692,100.0,33.93,3.596362540004087,2.404668160002718,2.404668160002718,2.447228960002761,7.384246700008366,1623.9627064599886,-1.0118230599999998,-0.0794272799999999,0.02863802,5.557950739999998,1.8699019600000024,2.033264740000001,-4.0,16.30971076000001,-94.99389384,100.0,32.38012212,128.32050787999816,89.73758931999876,98.71134843999864,53.84865993999927,218.137477259997,1466.09281866,-0.9871063600000002,-0.0370058199999999,0.0113884800000001,-5.1908012400000025,-8.19802824,0.3284607000000039,-13.006658100000008,38.0,65.35131544000002,100.0,32.64662716,135.70354831999833,3.31000479999996,2.648004039999968,2.648004039999968,7.282011339999911,1693.8222784399984,-1.029755559999997,0.3311940400000006,-0.0075251600000004,4.747452279999993,1.2018127600000428,1.2166546000000005,8.83600973999998,14.50392369999985,-6.307645879999791,100.0,40.57546358,74.74424742000026,93.80550330000035,66.87125036000026,51.5465881200002,189.93292534000076,2079.2904783199992,-1.00849786,-0.01132498,0.0107225999999995,0.5016363000000018,1.582536040000002,4.703362440000004,9.0,-13.547616939999996,26.0,100.0,33.25,88.73395577999948,52.92879554000028,47.04781880000026,56.54785898000031,150.6434956000008,1204.735326559996,-1.0119850599999995,0.12452902,-0.0047445800000001,2.9153739800000005,1.718320640000002,4.028,-7.0,30.0,36.38011458,100.0,33.05,134.51504497999872,3.09942509999997,2.479539679999976,2.479539679999976,6.818734619999935,1338.4325111999967,381,X1.4999 Y1.4804 Z-0.0079
16:24:12.841,5,385,1.52441,1.46543,-0.00889,86.28125,54.10717,-26.21835,,185.42,0,0,,2,1,"{""sr"":{""mpox"":86.28125,""mpoy"":54.10717,""mpoz"":-26.21835,""mpoa"":0,""posx"":1.52441,""posy"":1.46543,""posz"":-0.00889,""posa"":0,""unit"":0,""stat"":5,""coor"":2,""momo"":1,""dist"":0,""home"":1,""mots"":1,""plan"":0,""line"":385,""path"":2,""frmo"":2,""prbe"":1,""safe"":0,""estp"":0,""spc"":1,""hold"":0,""macs"":5,""cycs"":1,""sps"":12000,""feed"":185.42,""mark"":176190722}}",5.3306586119438775,0.2032854947160693,0.2018977099571724,0.205574096368437,5.3306586119438775,0.2032854947160693,0.2018977099571724,0.205574096368437,-0.99302416,0.0418782399999999,-0.0240241599999999,-1.709,-0.8465576799999993,0.9471089599999972,-31.0,37.0,-39.75599423999998,100.0,33.93,121.16357263999843,99.21364991999872,98.33565279999873,100.0916470399987,302.9089307199961,2150.19392848,-0.99885016,-0.06467908,0.02044988,5.466610839999999,1.6683714400000018,2.06990708,-4.0,16.265628879999994,-94.73437112,100.0,32.38,68.02493276000081,44.687164120000574,49.57482284000064,27.14775088000034,109.5397097600014,2014.0193781200007,-1.0040343599999997,-0.0507565200000002,0.0318135199999999,-4.9522044400000045,-8.276643079999998,0.4213123200000014,-13.919754559999992,38.0,66.83950911999999,100.0,32.6478738,76.49254772000079,1.865672040000019,1.4925370800000153,1.4925370800000153,4.104478160000042,2266.7797295600008,-1.0324813600000005,0.3887631600000024,-0.0049835599999999,3.863720359999996,1.6945347199999816,1.3754645599999995,9.116522319999996,3.1655359200000155,-0.0024628800000731,100.0,40.57529144,86.19310571999985,106.8291977199998,76.19480331999986,58.7334944799999,216.88835799999964,3009.2822206000037,-1.0108752399999998,-0.0017298000000001,0.0245517199999998,0.3325420799999988,1.673620400000001,4.822,9.0,-14.0,24.591046240000004,100.0,33.254838240000005,113.99113519999976,62.827012799999856,55.35644171999988,66.64270571999985,177.8394247199996,1665.765211000002,-0.98674696,0.1153473599999997,-0.0138623199999999,2.79382536,1.8513987199999975,4.053141839999999,-6.954659439999996,30.548176639999998,36.95465943999999,100.0,33.04,89.0196598800006,2.0324121200000143,1.625930200000011,1.625930200000011,4.877789840000034,1529.9307728400022,385,X1.5299 Y1.463 Z-0.0091
16:24:13.099,5,388,1.55417,1.45609,-0.00997,87.03706,53.87004,-26.24568,,185.42,0,0,,2,1,"{""sr"":{""mpox"":87.03706,""mpoy"":53.87004,""mpoz"":-26.24568,""mpoa"":0,""posx"":1.55417,""posy"":1.45609,""posz"":-0.00997,""posa"":0,""unit"":0,""stat"":5,""coor"":2,""momo"":1,""dist"":0,""home"":1,""mots"":1,""plan"":0,""line"":388,""path"":2,""frmo"":2,""prbe"":1,""safe"":0,""estp"":0,""spc"":1,""hold"":0,""macs"":5,""cycs"":1,""sps"":12000,""feed"":185.42,""mark"":176190722}}",5.16530105389066,0.1902247185956013,0.1928723020153334,0.2037778568399689,5.16530105389066,0.1902247185956013,0.1928723020153334,0.2037778568399689,-0.9950894399999988,0.0388753999999983,-0.0128218799999997,-1.6993310000000137,-0.9162418,0.9596844399999954,-31.0,36.28161436000007,-38.715280399999926,100.0,33.9228162,44.232374080011525,31.8224535200083,31.259223800008154,31.8224535200083,96.59617744002516,1678.0804727599889,-1.0093416400000004,-0.0741521600000005,0.0358885600000006,5.312762680000002,1.7208759200000032,1.9915497600000005,-4.0,16.41332392000003,-94.19468512000005,100.0,32.39391968,111.46840795999452,73.92115467999635,82.72129187999592,44.5873632399978,182.456183239991,1380.9009195200051,-1.024098199999998,-0.0680766000000002,0.0009938800000026,-5.289677999999999,-7.841678319999997,0.709231639999994,-12.426669800000024,38.0,66.0,100.0,32.64239904,115.81272539999502,2.8666511599998765,2.293321239999901,2.293321239999901,6.306633239999728,1455.6543793599965,-1.015389159999991,0.1426230800000008,0.0025322799999975,1.6070371600001938,1.8134304399999377,1.2583259999999938,9.963458040000011,-10.260342479999784,7.000804519999858,100.0,40.55,79.96701780000096,96.82753408000116,69.36897964000083,53.47192168000064,196.54544200000237,1797.2419422000128,-1.00629112,-0.0064592000000006,-0.0013943600000014,0.3062594799999915,1.902148080000006,4.729259159999995,8.874926239999967,-13.60412816000004,25.0,100.0,33.256041440000004,111.14061540000176,55.09125380000087,49.34260056000079,58.92368872000094,157.1298361600025,1116.4001989200065,-0.9837646400000007,0.1364159999999974,-0.014707839999999,2.93,1.8114017999999987,4.068006840000005,-7.0,30.550350640000048,36.55035064000005,100.0,33.0266062,121.23240895999608,2.775720599999908,2.3260712399999544,2.220576479999927,6.661729719999781,1190.3436996000166,388,X1.5551 Y1.4559 Z-0.01
16:24:13.356,5,392,1.58545,1.4549,-0.01115,87.83156,53.8397,-26.27571,,185.42,0,0,,2,1,"{""sr"":{""mpox"":87.83156,""mpoy"":53.8397,""mpoz"":-26.27571,""mpoa"":0,""posx"":1.58545,""posy"":1.4549,""posz"":-0.01115,""posa"":0,""unit"":0,""stat"":5,""coor"":2,""momo"":1,""dist"":0,""home"":1,""mots"":1,""plan"":0,""line"":392,""path"":2,""frmo"":2,""prbe"":1,""safe"":0,""estp"":0,""spc"":1,""hold"":0,""macs"":5,""cycs"":1,""sps"":12000,""feed"":185.42,""mark"":176190722}}",5.298216251697332,0.2040626365232672,0.2051971617364207,0.2142222815230126,5.298216251697332,0.2040626365232672,0.2051971617364207,0.2142222815230126,-0.9911069600000002,0.0325281200000002,0.0038930399999998,-1.6222982199999976,-0.8095276600000073,0.9417017800000024,-31.57865497999996,37.57865497999996,-38.42134502000004,100.0,33.93,87.37691995999401,65.38802607999551,63.65206055999563,65.38802607999551,197.90004375998643,1594.623687939999,-1.00840976,-0.0782833800000002,0.0253476000000001,5.274279959999995,1.784171560000005,2.132588339999996,-4.0,16.0,-94.88383989999996,100.0,32.38823158,98.06024088000244,58.442415380001925,65.96055164000218,34.94824068000114,144.13807446000476,1485.8981500799944,-0.9755563200000004,-0.0312581800000005,-0.0012518800000001,-5.2545067800000025,-7.962721339999991,0.449277960000004,-13.279738900000028,38.805735380000016,67.0,100.0,32.63526038,97.92442274000274,2.3700166000000658,1.8960130800000528,1.8960130800000528,5.214036880000145,1742.621831340002,-0.8774288599999985,0.5725079000000062,-0.0589386600000018,7.087205759999985,0.7875565999999603,1.1710799200000015,12.741409459999916,-7.675233640000028,11.190301060000271,100.0,40.54506442,84.41593895999938,101.59319977999938,72.41609073999958,55.70468509999967,206.4192891799988,1945.4406529600076,-1.00065216,-0.00747868,-0.0124769600000003,0.2784551200000033,2.005132359999997,4.79106364,9.0,-13.0,24.0,100.0,33.26304544,102.06800349999916,58.32239935999954,51.72943241999959,62.19133019999949,165.65019461999864,1329.3239595600023,-1.0088095199999998,0.1159075599999995,-0.0151385399999997,2.975965840000006,1.7382384200000005,4.023494119999994,-7.47931768000001,30.47931768000001,36.31795848000003,100.0,33.0415897,104.49118386000212,2.396586820000049,2.396586820000049,1.9172691400000392,5.751808420000117,1351.8767984999886,392,X1.5898 Y1.4553 Z-0.0113
16:24:13.612,5,396,1.61588,1.46157,-0.01222,88.60436,54.00903,-26.30302,,185.42,0,0,,2,1,"{""sr"":{""mpox"":88.60436,""mpoy"":54.00903,""mpoz"":-26.30302,""mpoa"":0,""posx"":1.61588,""posy"":1.46157,""posz"":-0.01222,""posa"":0,""unit"":0,""stat"":5,""coor"":2,""momo"":1,""dist"":0,""home"":1,""mots"":1,""plan"":0,""line"":396,""path"":2,""frmo"":2,""prbe"":1,""safe"":0,""estp"":0,""spc"":1,""hold"":0,""macs"":5,""cycs"":1,""sps"":12000,""feed"":185.42,""mark"":176190722}}",5.267728199107016,0.1969959604917886,0.1817858223707022,0.1922751102832159,5.267728199107016,0.1969959604917886,0.1817858223707022,0.1922751102832159,-0.9980007400000008,0.0466398799999989,-0.0186554400000009,-1.764941039999994,-0.8824247399999968,0.944033759999997,-31.0,36.45999999999995,-39.54000000000005,100.0,33.93,89.50284974000847,60.931917300005765,58.77503496000556,60.39269660000572,182.7963475200173,1230.0931821199936,-1.00724112,-0.0758241199999985,0.0184834199999989,5.276580039999996,2.021351819999985,2.0055189800000006,-4.0,16.0,-95.13903224,100.0,32.39,92.9364026599961,59.05333935999753,67.76612705999716,35.33519461999852,146.66526055999387,1663.7954776000115,-1.0303381800000009,-0.0483354800000028,0.0258964200000006,-5.29952056,-8.021027260000007,0.478709380000001,-13.20791432000005,38.36021618000004,66.72043236000007,100.0,32.64152306,99.93379463999646,2.437409879999914,1.9499279199999315,1.9499279199999315,5.3623012599998106,1740.7547614400005,-0.9288114599999964,0.1384214400000053,0.005060499999999,4.841676980000166,1.8077168799999397,1.174888900000004,10.241783380000015,-4.256168560000177,17.509440560000446,100.0,40.53246974,81.10313282000062,100.74923282000076,72.03570156000055,55.41207852000043,204.5209430600016,2090.1622476800244,-0.9994358,-0.0208190400000001,0.0044161800000006,0.4751173799999924,1.8008209800000003,4.85217902,9.0,-13.254602639999971,23.98946939999999,100.0,33.26,113.68468900000126,57.60024268000063,51.537059240000566,61.642364460000685,164.21121764000182,1501.252028680017,-0.976516639999998,0.1417066199999985,-0.0035333599999997,2.988573080000006,1.7811479199999996,4.010573820000002,-6.79620129999998,30.203798700000014,37.20379870000002,100.0,33.032037960000004,106.50223665999728,2.4473864199999373,2.4473864199999373,1.95790885999995,5.87372649999985,1499.285335400011,396,X1.6233 Y1.4645 Z-0.0125
16:24:13.869,5,399,1.6437,1.476,-0.01331,89.31111,54.37571,-26.33053,,185.42,0,0,,2,1,"{""sr"":{""mpox"":89.31111,""mpoy"":54.37571,""mpoz"":-26.33053,""mpoa"":0,""posx"":1.6437,""posy"":1.476,""posz"":-0.01331,""posa"":0,""unit"":0,""stat"":5,""coor"":2,""momo"":1,""dist"":0,""home"":1,""mots"":1,""plan"":0,""line"":399,""path"":2,""frmo"":2,""prbe"":1,""safe"":0,""estp"":0,""spc"":1,""hold"":0,""macs"":5,""cycs"":1,""sps"":12000,""feed"":185.42,""mark"":176190722}}",5.2330210477874255,0.2058988294974246,0.2093931318599503,0.212553162420733,5.2330210477874255,0.2058988294974246,0.2093931318599503,0.212553162420733,-0.98955456,0.0428265599999997,-0.0046718399999995,-1.869769399999998,-0.8932771199999979,0.9354790399999988,-31.0,36.00103088,-38.31932671999999,100.0,33.92319328,52.23477855999722,36.20040471999808,34.59758611999817,35.559689839998114,107.95946803999428,1749.3237480799949,-1.0064518,-0.0730534399999999,0.0145161599999998,5.342134,1.7726171200000012,2.0395980000000025,-4.0,16.0,-95.0,100.0,32.38612596,118.74823868000152,68.9324600400008,79.18687568000094,40.54444852000047,170.433712160002,2101.5999430400084,-0.9957270000000004,-0.0355897999999998,0.0129327600000002,-5.0624269199999965,-8.140278400000001,0.4111750399999976,-13.557289280000006,38.44271072,66.45149280000001,100.0,32.63894208,115.01316480000116,2.7864457600000283,2.229156480000023,2.229156480000023,6.130180800000063,2046.5628146800047,-0.9412497999999996,0.1728539200000009,0.01868628,4.982920960000052,0.3324215200000036,1.257506400000003,7.365824679999951,8.913103439999897,4.4621036399999054,100.0,40.5217232,81.76690859999978,97.34155767999974,69.59921367999982,53.537856839999854,198.09007015999947,2981.6226967200128,-1.00773276,-0.0084310399999998,0.0125349600000003,0.5861817200000009,1.5893021200000002,4.89375808,9.0,-13.695230119999993,24.82363840000001,100.0,33.27,106.48937199999943,54.544219799999794,48.59428015999982,58.21691035999979,155.88660247999942,1379.254838720001,-1.0066587599999997,0.1307942399999999,-0.01364264,2.9355512800000003,1.8730309599999984,4.019044199999998,-6.744842239999994,30.19934239999999,37.0,100.0,33.04,118.37348272000092,2.727499520000021,2.727499520000021,2.181999680000017,6.545999400000051,1602.664326120007,399,X1.6459 Y1.4775 Z-0.0134
16:24:14.128,5,403,1.66688,1.49715,-0.01449,89.8999,54.91278,-26.36059,,185.42,0,0,,2,1,"{""sr"":{""mpox"":89.8999,""mpoy"":54.91278,""mpoz"":-26.36059,""mpoa"":0,""posx"":1.66688,""posy"":1.49715,""posz"":-0.01449,""posa"":0,""unit"":0,""stat"":5,""coor"":2,""momo"":1,""dist"":0,""home"":1,""mots"":1,""plan"":0,""line"":403,""path"":2,""frmo"":2,""prbe"":1,""safe"":0,""estp"":0,""spc"":1,""hold"":0,""macs"":5,""cycs"":1,""sps"":12000,""feed"":185.42,""mark"":176190722}}",5.237330272484802,0.1987251494682811,0.1883129516065448,0.1901321574048123,5.237330272484802,0.1987251494682811,0.1883129516065448,0.1901321574048123,-0.98729244,0.0328561599999997,-0.0068007599999995,-1.7273000000000105,-0.8903768200000063,0.8712809799999958,-31.00021042,36.0016082,-37.00363724,100.0,33.92141634,131.36637680000518,96.1636787400038,91.87045636000364,95.30486610000378,287.6318026000114,1179.2161948599992,-1.00795744,-0.0782215600000001,0.0349305400000002,5.521695080000003,1.8232207600000017,2.055272119999999,-3.4445693799999657,16.0,-94.64044926,100.0,32.4,70.1124194599974,43.146104039998406,49.61801965999816,25.168560999999062,106.42705627999604,1160.0359202399995,-0.97421306,-0.0401196000000007,0.0018352199999997,-4.890098080000013,-8.250841679999992,0.3371701000000021,-13.046339159999988,38.0,66.6200615,100.0,32.64186116,79.4070632999976,1.8996907799999427,1.519752279999954,1.519752279999954,4.179319339999874,1317.506453419994,-0.9966828600000004,0.2087016999999963,0.0069449200000003,3.0034047599998903,0.8619081799999604,1.1804018799999971,13.183281299999992,21.200664840000236,4.997342359999551,100.0,40.51451336,84.83473064000043,105.38475862000053,75.35010230000037,57.961617340000295,214.45798340000107,1385.0559118199976,-1.008387,-0.00624142,0.0123315600000002,0.1593219199999924,1.915948960000006,4.826699099999999,4.173329679999969,-6.491846839999952,11.128879579999918,100.0,33.283096279999995,71.86375526000046,60.60152552000039,54.16596538000034,64.89189904000041,173.22382880000112,982.8175089999984,-1.01190662,0.1374743400000002,-0.0098791199999999,2.8438662600000004,1.7609274799999968,4.038732520000001,-6.675734419999987,30.58796772000001,37.17593544000002,100.0,33.04851636,89.35008029999807,2.0601623999999576,1.9723956999999788,1.6481301199999658,4.9443893599998985,1058.928693799996,403,X1.6707 Y1.5018 Z-0.0147
16:24:14.385,5,406,1.68377,1.52346,-0.01558,90.32881,55.57565,-26.38789,,185.42,0,0,,2,1,"{""sr"":{""mpox"":90.32881,""mpoy"":55.57565,""mpoz"":-26.38789,""mpoa"":0,""posx"":1.68377,""posy"":1.52346,""posz"":-0.01558,""posa"":0,""unit"":0,""stat"":5,""coor"":2,""momo"":1,""dist"":0,""home"":1,""mots"":1,""plan"":0,""line"":406,""path"":2,""frmo"":2,""prbe"":1,""safe"":0,""estp"":0,""spc"":1,""hold"":0,""macs"":5,""cycs"":1,""sps"":12000,""feed"":185.42,""mark"":176190722}}",5.202370268730896,0.203301568733117,0.2116487395383106,0.2105869122247865,5.202370268730896,0.203301568733117,0.2116487395383106,0.2105869122247865,-0.980003,0.025002,0.048968,-1.709094,-1.099031,0.793063,-31.0,36.999488,-37.000512,100.0,33.93,0.082991,0.057376,0.054303,0.056352,0.171105,1097.986168,-1.006698,-0.07649,0.020719,5.461865,1.934573,2.056573,-4.0,16.302083,-95.302083,100.0,32.393021,125.625091,82.354226,96.31257,48.156285,204.489731,1224.197941,-1.035985,-0.03234,0.020991,-5.310178,-8.118,0.447413,-13.0,37.333658,66.0,100.0,32.65,135.933787,3.33171,2.665368,2.665368,7.329763,1460.283024,-1.027412,0.157981,0.025208,3.565238,2.537951,1.305681,11.074521,7.388218,20.372606,100.0,40.514627,74.963775,92.547871,66.171727,50.901329,188.334917,1416.09367,-1.003076,-0.005105,0.006238,0.351483,1.763607,4.883,9.0,-13.447597,24.0,100.0,33.285524,72.958248,50.578417,45.207258,54.15919,144.573706,1163.027619,-1.019289,0.130984,-0.006818,2.747,1.740417,4.019687,-6.621241,30.621241,37.0,100.0,33.056212,134.809399,3.106207,2.484966,2.484966,7.454898,1275.884107,406,X1.6842 Y1.5241 Z-0.0156
16:24:14.641,5,410,1.6934,1.5531,-0.01665,90.5735,56.33398,-26.41541,,185.42,0,0,,2,1,"{""sr"":{""mpox"":90.5735,""mpoy"":56.33398,""mpoz"":-26.41541,""mpoa"":0,""posx"":1.6934,""posy"":1.5531,""posz"":-0.01665,""posa"":0,""unit"":0,""stat"":5,""coor"":2,""momo"":1,""dist"":0,""home"":1,""mots"":1,""plan"":0,""line"":410,""path"":2,""frmo"":2,""prbe"":1,""safe"":0,""estp"":0,""spc"":1,""hold"":0,""macs"":5,""cycs"":1,""sps"":12000,""feed"":185.42,""mark"":176190722}}",5.1176643773823525,0.2033653539143028,0.2058179378545443,0.2064274184550757,5.1176643773823525,0.2033653539143028,0.2058179378545443,0.2064274184550757,-0.98916832,0.0470993599999999,-0.0222211199999999,-1.587,-0.7468969599999994,0.854,-31.0,37.0,-38.0,100.0,33.93877888,136.9511765600009,98.32392152000064,93.0565688800006,96.56813760000064,292.3380882400019,1428.3520580799943,-1.01670792,-0.0757964399999999,0.0367851599999999,5.31788232,2.048172680000001,2.12493832,-4.0,16.264943360000004,-94.697083,100.0,32.4034856,57.9427771999997,41.127886439999735,48.015116519999694,23.965759879999847,101.77409115999934,1335.7547105199967,-0.98124904,-0.03951768,0.0032743199999999,-5.161023120000001,-8.28734544,0.2617644800000001,-14.0,38.0,67.0,100.0,32.64707048,77.5406419199996,1.8658868399999904,1.4927093199999923,1.4927093199999923,4.104951079999979,1553.6797930799953,-0.97307076,0.1448862799999998,-0.00847848,3.637469399999995,1.0650420799999998,1.1737876799999998,9.365959800000011,9.461211120000044,5.015134039999962,100.0,40.51528892,86.04678492000008,105.78203992000007,75.63415884000007,58.18012252000005,215.26645164000016,1537.7500887999956,-1.00072876,-0.0127020399999999,0.0037440400000001,0.4500640399999999,2.1228619200000005,4.9984926000000005,9.0,-14.0,25.05384436,100.0,33.28053844,73.39228447999977,61.09167224000007,54.60406108000006,65.41674580000007,174.6787123200002,1245.0295221199954,-1.01609648,0.1101825599999999,-0.0047716,2.7804347200000006,1.6927958000000003,3.99181896,-7.0,31.0,37.0,100.0,33.044519359999995,89.1050345999997,2.0343613999999928,2.0343613999999928,1.6274893999999942,4.475595559999985,1210.170255319996,410,X1.6942 Y1.5574 Z-0.0168
16:24:14.900,5,414,1.695,1.58437,-0.01783,90.61413,57.12815,-26.44547,,185.42,0,0,,2,1,"{""sr"":{""mpox"":90.61413,""mpoy"":57.12815,""mpoz"":-26.44547,""mpoa"":0,""posx"":1.695,""posy"":1.58437,""posz"":-0.01783,""posa"":0,""unit"":0,""stat"":5,""coor"":2,""momo"":1,""dist"":0,""home"":1,""mots"":1,""plan"":0,""line"":414,""path"":2,""frmo"":2,""prbe"":1,""safe"":0,""estp"":0,""spc"":1,""hold"":0,""macs"":5,""cycs"":1,""sps"":12000,""feed"":185.42,""mark"":176190722}}",5.376048882428687,0.2055156745756992,0.2038097742647682,0.2056504015938985,5.376048882428687,0.2055156745756992,0.2038097742647682,0.2056504015938985,-0.9922007,0.0433965000000001,-0.0111937000000002,-1.8554000000000015,-0.8910154999999982,1.0678549000000044,-31.0,37.0,-38.69717830000002,100.0,33.9499909,47.86270169999775,33.705333199998414,31.89968979999849,33.10345159999844,99.91223639999528,1728.3620711000017,-1.0016215,-0.0737788999999999,0.0285297999999997,5.303765299999999,1.792578400000001,2.036578400000001,-4.0,16.0,-95.0,100.0,32.4015743,103.591346600001,68.28926730000066,79.28499740000076,39.35313710000037,168.98700110000163,1552.8611035999952,-0.9770416000000002,-0.0327133999999997,0.0065018000000001,-5.3548528000000015,-8.319486200000002,0.2986858000000003,-14.0,38.0,66.7678751,100.0,32.6406457,118.094224000001,2.838803600000024,2.271042500000019,2.271042500000019,6.245367500000053,1720.993371799997,-0.8963849000000005,0.3480210999999996,-0.0314029999999997,2.378932200000005,0.0770095999999703,1.1687276999999978,9.444783300000012,9.717578700000027,-9.824277300000048,100.0,40.5362193,80.23086329999981,96.6636902999998,69.11453849999985,53.16502949999988,196.71061009999957,2275.005396799996,-1.0062391,-0.0110646,0.0138322999999999,0.4141786999999993,1.9105203,4.802390000000002,9.0,-14.0,24.4794077,100.0,33.2838598,97.3197333999997,54.17305359999984,48.42016319999985,58.00831389999982,155.80745499999952,1346.6851940999989,-1.0130989999999995,0.1078834999999998,-0.0098421,2.894916500000001,1.683840799999998,4.108776800000001,-7.0,30.449675499999994,37.56273379999999,100.0,33.04,118.77199240000074,2.751622100000018,2.201297600000014,2.201297600000014,6.053568700000039,1304.4390864999978,414,X1.6942 Y1.5921 Z-0.0181
16:24:15.158,5,417,1.68848,1.61502,-0.01892,90.44847,57.90681,-26.47298,,185.42,0,0,,2,1,"{""sr"":{""mpox"":90.44847,""mpoy"":57.90681,""mpoz"":-26.47298,""mpoa"":0,""posx"":1.68848,""posy"":1.61502,""posz"":-0.01892,""posa"":0,""unit"":0,""stat"":5,""coor"":2,""momo"":1,""dist"":0,""home"":1,""mots"":1,""plan"":0,""line"":417,""path"":2,""frmo"":2,""prbe"":1,""safe"":0,""estp"":0,""spc"":1,""hold"":0,""macs"":5,""cycs"":1,""sps"":12000,""feed"":185.42,""mark"":176190722}}",5.318125689992584,0.1992090517539102,0.1926820521841563,0.1987435421610608,5.318125689992584,0.1992090517539102,0.1926820521841563,0.1987435421610608,-0.97838378,0.0383146199999994,-0.0027756999999994,-1.826267420000003,-0.8211339800000016,0.9722674200000032,-31.538789859999973,37.0,-38.53878985999997,100.0,33.95461188,93.21067115999558,60.34448051999714,57.111740819997294,59.26690079999719,179.41707197999148,1662.767978760006,-1.0108481800000002,-0.069477,0.0066446400000001,5.388304420000004,1.7878043200000022,2.0044618399999985,-4.0,16.83544094000001,-96.15636040000004,100.0,32.3896278,72.81360122000154,57.28648248000118,66.99605526000138,33.4980278600007,142.08068968000296,1555.2104532000017,-1.0216920200000004,-0.0101898800000002,0.0129889999999997,-5.191339339999998,-8.3197013,0.3988351399999984,-13.180661319999992,37.51275971999999,66.38684253999998,100.0,32.6369341,101.22000772000176,2.4361999400000425,1.948960120000034,1.948960120000034,5.359640160000094,1668.3522697399935,-0.8274938399999971,0.5655334999999997,-0.0034588800000007,4.208151859999959,0.3174218200000213,1.2378722799999995,6.432981140000019,2.22455166000018,-2.2966397800002345,100.0,40.52786974,82.7796294999997,100.69096785999962,71.99404201999972,55.38003249999979,204.90611947999923,2582.660443179992,-1.01104102,-0.0068773599999999,0.0263058799999996,0.4205966200000018,1.629046440000001,4.906349459999998,9.0,-13.700255180000015,24.700255180000013,100.0,33.287002460000004,119.4061122999994,57.3255054999997,51.55943481999972,61.66912759999966,164.7879967799991,1523.2419685199995,-0.99882394,0.1175424999999998,-0.0099241799999996,2.866891739999999,1.660755420000002,4.028,-6.0,30.0,37.0,100.0,33.0497812,106.61386014000136,2.445271940000031,1.9562174600000248,1.9562174600000248,5.379598440000069,1368.409599119998,417,X1.6877 Y1.6173 Z-0.019
16:24:15.414,5,421,1.67433,1.64297,-0.02,90.0892,58.6166,-26.5005,,185.42,0,0,,2,1,"{""sr"":{""mpox"":90.0892,""mpoy"":58.6166,""mpoz"":-26.5005,""mpoa"":0,""posx"":1.67433,""posy"":1.64297,""posz"":-0.02,""posa"":0,""unit"":0,""stat"":5,""coor"":2,""momo"":1,""dist"":0,""home"":1,""mots"":1,""plan"":0,""line"":421,""path"":2,""frmo"":2,""prbe"":1,""safe"":0,""estp"":0,""spc"":1,""hold"":0,""macs"":5,""cycs"":1,""sps"":12000,""feed"":185.42,""mark"":176190722}}",5.226729197967281,0.196574136204334,0.2026919188620055,0.1914569166410259,5.226729197967281,0.196574136204334,0.2026919188620055,0.1914569166410259,-0.98946492,0.0350852000000002,0.0130695799999997,-1.3945427599999978,-0.8187713799999988,0.916,-31.0,37.0,-37.57751818000002,100.0,33.96422494,94.71302270000324,64.68206400000221,61.21695376000209,63.527027640002174,192.89115564000664,1284.7020867799888,-1.01035878,-0.0755127199999999,0.0122791199999999,5.245060339999998,1.7275061400000031,1.9853291399999984,-3.873132700000006,16.0,-95.40542464000002,100.0,32.3940542,66.41452193999889,55.65724041999906,64.54369043999891,32.271845719999455,137.50612341999766,1277.4606434799937,-0.9784592800000002,-0.0261229200000001,0.00824374,-5.093446399999997,-8.224594739999999,0.3357362199999975,-13.388261860000013,37.0,67.47303356,100.0,32.64388252,99.33711685999856,2.365169219999966,1.892135659999973,1.892135659999973,5.203372419999926,1578.3248812399868,-0.999626840000002,0.2042742199999999,0.0170653800000005,2.8150703000000306,2.2923858600000164,1.346399900000001,10.239398379999992,-5.15769615999984,5.102438039999828,100.0,40.52267496,81.10515726000024,101.38144718000032,72.48773472000022,55.75979578000016,206.31124434000063,1601.1074446599953,-1.0062014999999995,-0.0049586799999999,0.0129462200000003,0.3827917200000008,1.6180565400000009,4.7,9.0,-13.5069031,25.26146690000001,100.0,33.29,108.47727178000044,57.78695796000023,51.70412002000021,61.842183500000246,166.26423032000065,1151.3062746999958,-0.9932023199999996,0.1175582999999997,-0.01638278,2.9007421200000003,1.706439520000001,4.10739342,-6.0,30.73919596000001,37.47839234000003,100.0,33.04740432,104.56046635999894,2.398176019999976,1.9185407199999809,1.9185407199999809,5.275986599999947,1206.702652059991,421,X1.671 Y1.6477 Z-0.0202
16:24:15.671,5,424,1.65363,1.66621,-0.02117,89.56342,59.20693,-26.53013,,185.42,0,0,,2,1,"{""sr"":{""mpox"":89.56342,""mpoy"":59.20693,""mpoz"":-26.53013,""mpoa"":0,""posx"":1.65363,""posy"":1.66621,""posz"":-0.02117,""posa"":0,""unit"":0,""stat"":5,""coor"":2,""momo"":1,""dist"":0,""home"":1,""mots"":1,""plan"":0,""line"":424,""path"":2,""frmo"":2,""prbe"":1,""safe"":0,""estp"":0,""spc"":1,""hold"":0,""macs"":5,""cycs"":1,""sps"":12000,""feed"":185.42,""mark"":176190722}}",5.182683228023151,0.2012848120423943,0.2051420952664685,0.2093458948495326,5.182683228023151,0.2012848120423943,0.2051420952664685,0.2093458948495326,-0.99156132,0.04127988,-0.0107853199999994,-1.7432871600000042,-0.8008354400000083,1.0037324399999958,-31.0,36.71903879999997,-37.719201199999965,100.0,33.97,44.085424400005344,31.44947448000381,30.045480040003635,30.887877160003736,94.06762564001136,1568.4373332000062,-1.00667104,-0.0770872399999999,0.03025284,5.375888599999995,1.59273332,1.927381880000005,-3.498591280000024,16.0,-94.99718256000004,100.0,32.40330088,67.44761919999871,70.27935183999838,81.32266371999812,41.49769763999903,174.44280527999595,1320.8253464800046,-0.9778841600000008,-0.0327860400000001,0.0076042800000003,-5.34681515999999,-8.036712480000013,0.3953119199999986,-13.573464599999989,37.0,67.0,100.0,32.63907068,120.04004531999765,2.8673239999999427,2.2938593999999544,2.2938593999999544,6.308113599999874,1409.2711781600087,-0.9797440399999996,0.1765274800000056,0.0029845200000005,4.362830880000013,2.0046202799999504,1.319870959999996,11.187427640000012,-4.415788120000061,19.815610319999998,100.0,40.5248172,78.54444880000038,96.33763468000052,68.88140836000039,52.9856990400003,196.0470866800011,1700.5724446400045,-1.0073404,-0.0099277599999998,0.01146508,0.3849179200000023,1.5207118400000008,4.94664408,9.0,-13.323262719999985,26.0,100.0,33.29,92.24864627999838,54.8526692400004,49.26779696000037,58.83435896000044,157.69321604000115,1381.1751862400033,-1.0057976000000004,0.1200223999999997,-0.0138572399999999,2.870917199999996,1.7294171600000017,3.906,-6.0,30.44490380000001,38.17455676000002,100.0,33.04349104,119.90073219999816,2.7754799999999578,2.2203837999999663,2.2203837999999663,6.106055479999907,1149.8886537199992,424,X1.6531 Y1.6667 Z-0.0212
16:24:15.929,5,428,1.62738,1.68331,-0.02226,88.89667,59.6412,-26.55786,,185.42,0,0,,2,1,"{""sr"":{""mpox"":88.89667,""mpoy"":59.6412,""mpoz"":-26.55786,""mpoa"":0,""posx"":1.62738,""posy"":1.68331,""posz"":-0.02226,""posa"":0,""unit"":0,""stat"":5,""coor"":2,""momo"":1,""dist"":0,""home"":1,""mots"":1,""plan"":0,""line"":428,""path"":2,""frmo"":2,""prbe"":1,""safe"":0,""estp"":0,""spc"":1,""hold"":0,""macs"":5,""cycs"":1,""sps"":12000,""feed"":185.42,""mark"":176190722}}",5.20194315358566,0.195094465761893,0.195094465761893,0.2006168712812974,5.20194315358566,0.195094465761893,0.195094465761893,0.2006168712812974,-0.990461,0.0377115599999999,-0.0127399999999999,-1.8015802000000012,-0.8008296399999997,0.9698198000000005,-31.0,36.11982947999999,-39.00195292,100.0,33.97,141.36611580000093,98.34129000000064,94.82893040000064,97.46324292000062,295.9017465600019,1481.9534977200012,-1.0146704800000002,-0.0729806,0.03598228,5.26601208,1.8003551199999994,2.0649492000000005,-3.611744320000004,16.35179956,-96.0,100.0,32.39072912,43.97489091999972,42.91949335999973,48.900078759999694,25.32953683999984,105.89153715999934,1569.83115964,-1.0027475999999995,-0.0357305599999999,0.02113512,-5.46201904,-8.24822548,0.3994024400000003,-13.626969720000002,37.0,66.66666692,100.0,32.64039696,77.2172867199996,1.86515163999999,1.4921213599999923,1.4921213599999923,4.103334439999979,1578.5713085199989,-1.0113492000000004,0.1687676399999993,0.0286045600000002,6.1843072400000025,1.025364759999993,1.3469557999999997,10.935150080000003,-5.618318560000015,24.473275880000056,100.0,40.53406472,87.23809080000007,105.74314060000007,75.60634520000006,58.15872712000005,215.18729076000017,2630.73319296,-1.0055906799999998,-0.01846996,0.0147578799999999,0.5398338000000001,1.6652640399999994,4.83009796,8.608320799999998,-13.933623320000002,25.54194412,100.0,33.29,113.26626656000012,62.32354428000007,55.82021760000006,67.20103872000007,179.92536204000018,1317.2418472400002,-1.02573852,0.12057692,-0.00788672,2.8260082799999995,1.7856666400000003,3.97614496,-6.0,31.0,37.40675504,100.0,33.05850084,89.3361233999997,2.033773319999993,1.6270192799999943,1.6270192799999943,4.474301799999984,1519.232587880001,428,X1.6237 Y1.6851 Z-0.0224
16:24:16.185,5,432,1.59771,1.69321,-0.02334,88.14285,59.89273,-26.58538,,185.42,0,0,,2,1,"{""sr"":{""mpox"":88.14285,""mpoy"":59.89273,""mpoz"":-26.58538,""mpoa"":0,""posx"":1.59771,""posy"":1.69321,""posz"":-0.02334,""posa"":0,""unit"":0,""stat"":5,""coor"":2,""momo"":1,""dist"":0,""home"":1,""mots"":1,""plan"":0,""line"":432,""path"":2,""frmo"":2,""prbe"":1,""safe"":0,""estp"":0,""spc"":1,""hold"":0,""macs"":5,""cycs"":1,""sps"":12000,""feed"":185.42,""mark"":176190722}}",5.241265568679211,0.1963686695396693,0.1920551413607312,0.1951459337393548,5.241265568679211,0.1963686695396693,0.1920551413607312,0.1951459337393548,-0.987011,0.041995,0.006975,-1.587,-0.916152,0.854229,-31.0,36.998754,-37.002492,100.0,33.97,0.198084,0.139531,0.135793,0.139531,0.42233,1999.303978,-1.004906,-0.085906,0.025753,5.315762,1.825238,1.971413,-4.0,16.698155,-96.0,100.0,32.396982,83.080494,86.571271,97.741757,51.6635,213.635555,1990.07489,-0.945612,-0.032334,0.018017,-5.492662,-8.179,0.386258,-13.66605,37.0,67.0,100.0,32.646661,137.872387,3.330251,2.664201,2.664201,7.326552,2198.219041,-0.987917,0.194007,-0.004399,4.988513,2.686,1.164498,10.463135,3.0,22.926269,100.0,40.54,76.417219,92.626932,66.228256,50.944812,188.032671,2203.9117,-1.001623,-0.010897,-0.001139,0.420708,2.068708,4.950292,9.0,-13.551577,25.551577,100.0,33.3,90.58152,52.017111,46.63603,56.052921,150.221828,1755.490589,-0.994372,0.095084,0.013144,2.793247,1.784753,3.958629,-6.0,31.0,38.0,100.0,33.066209,135.982584,3.104625,2.4837,2.4837,6.830175,1735.805232,432,X1.5903 Y1.6945 Z-0.0236
16:24:16.443,5,435,1.56647,1.6951,-0.0245,87.3496,59.94078,-26.6148,,185.42,0,0,,2,1,"{""sr"":{""mpox"":87.3496,""mpoy"":59.94078,""mpoz"":-26.6148,""mpoa"":0,""posx"":1.56647,""posy"":1.6951,""posz"":-0.0245,""posa"":0,""unit"":0,""stat"":5,""coor"":2,""momo"":1,""dist"":0,""home"":1,""mots"":1,""plan"":0,""line"":435,""path"":2,""frmo"":2,""prbe"":1,""safe"":0,""estp"":0,""spc"":1,""hold"":0,""macs"":5,""cycs"":1,""sps"":12000,""feed"":185.42,""mark"":176190722}}",5.259170516015489,0.202639363623611,0.2094760753770991,0.2107890882679271,5.259170516015489,0.202639363623611,0.2094760753770991,0.2107890882679271,-0.9899669599999996,0.0511902000000004,-0.0076153999999992,-1.893929080000029,-0.9276172800000244,0.8640348799999951,-31.00019872,36.16146159999992,-39.0,100.0,33.97,125.8097457600119,93.93853684000888,92.26126132000871,94.77727380000896,286.84823048002715,1160.402967879988,-1.00445796,-0.0774242800000002,0.0221078399999995,5.223820039999991,1.6838200399999914,2.061406560000007,-4.0,16.111421599999943,-95.14152844000007,100.0,32.40494068,42.854358959996205,45.91086319999604,51.37644215999557,27.439316399997587,112.81377035999016,1614.9272228000198,-0.9716373600000012,-0.0113436799999985,0.0157530000000011,-5.011483839999997,-8.148213719999996,0.3767622000000049,-13.0,37.0,66.0,100.0,32.63823544,81.69384595999452,1.9450919199998693,1.5560734399998957,1.5560734399998957,4.279201319999713,1548.5215377200004,-0.9957954000000058,0.5063247199999967,-0.0037796000000006,-1.7517419599999715,1.792047479999996,1.2512442799999963,15.37879452000008,8.04084699999975,16.346080239999868,100.0,40.52474092,85.94519552000092,105.70936680000126,75.27972776000085,58.376814120000695,214.57423684000256,2571.5510553200093,-1.0088274399999997,-0.0080256000000004,-9.34800000005868e-05,0.4051051600000078,2.094468920000007,4.859135559999995,8.927940640000037,-13.072059359999963,24.072059359999965,100.0,33.31,113.1738369200016,62.63528960000094,55.7478723600008,66.99010360000096,179.94776328000268,1146.2005506799906,-1.00067796,0.11068928,-0.0073803200000008,2.779751959999995,1.6973826400000018,3.885077559999992,-5.06004575999997,30.47687739999995,37.89370819999993,100.0,33.06,90.45239407999571,2.0841561999999016,1.6673255599999213,1.6673255599999213,4.585144039999784,1166.4675802399947,435,X1.5643 Y1.695 Z-0.0246
16:24:16.701,5,439,1.53597,1.68893,-0.0256,86.57468,59.78414,-26.64274,,185.42,0,0,,2,1,"{""sr"":{""mpox"":86.57468,""mpoy"":59.78414,""mpoz"":-26.64274,""mpoa"":0,""posx"":1.53597,""posy"":1.68893,""posz"":-0.0256,""posa"":0,""unit"":0,""stat"":5,""coor"":2,""momo"":1,""dist"":0,""home"":1,""mots"":1,""plan"":0,""line"":439,""path"":2,""frmo"":2,""prbe"":1,""safe"":0,""estp"":0,""spc"":1,""hold"":0,""macs"":5,""cycs"":1,""sps"":12000,""feed"":185.42,""mark"":176190722}}",5.153511998231139,0.1953787487781436,0.1997384655467825,0.2005195603640353,5.153511998231139,0.1953787487781436,0.1997384655467825,0.2005195603640353,-0.9878866000000004,0.0412241200000003,-0.0071591600000002,-1.850398039999999,-0.932788359999996,1.0203224800000044,-30.321585999999986,36.00179112,-38.32337711999998,100.0,33.973215759999995,43.7625464399977,36.0176181999981,35.69603251999812,36.33920419999808,110.62554263999417,1521.1263874400076,-1.008821,-0.0574937600000003,0.0174201200000005,5.32919068000001,1.9216846399999956,1.952159000000001,-3.0,16.0,-94.98621044000002,100.0,32.407911719999994,86.98369836000101,72.77067568000085,80.72996784000094,43.77610956000051,178.51556356000208,1531.113161559994,-0.9999585200000012,0.0168946000000003,0.03169544,-5.0642168799999965,-8.2857906,0.3310537599999986,-13.229809400000006,37.0,67.0,100.0,32.64556592,116.89332612000116,2.783174520000028,2.2265394000000227,2.2265394000000227,6.122983800000061,1523.7650212799958,-0.9493539599999992,0.2288169200000015,-0.0146042799999999,1.6568953600000105,3.824356800000004,1.0408560799999975,6.926989760000053,5.842319680000066,3.2712342400000014,100.0,40.51,80.82622471999979,97.76585223999972,69.69446919999982,53.722819559999856,197.95165171999943,1949.5465591199927,-1.01203816,-0.0013553599999998,0.0039480399999996,0.5600570399999998,1.4838805200000014,4.898117679999999,9.0,-13.856968960000009,24.0,100.0,33.31480852,121.66399415999956,56.74447171999979,50.492961719999805,60.59155419999977,162.5392488399994,1599.183089959996,-0.9403319999999998,0.1711508000000004,-0.01545668,2.854283840000001,1.7792173199999988,3.9504246000000016,-6.0,30.120624319999997,38.12062431999999,100.0,33.064244560000006,118.94699612000092,2.725375400000021,2.1803005200000167,2.1803005200000167,5.995826360000046,1491.3231549999991,439,X1.5305 Y1.687 Z-0.0258
16:24:16.958,5,442,1.50791,1.67506,-0.02668,85.86207,59.43165,-26.67026,,185.42,0,0,,2,1,"{""sr"":{""mpox"":85.86207,""mpoy"":59.43165,""mpoz"":-26.67026,""mpoa"":0,""posx"":1.50791,""posy"":1.67506,""posz"":-0.02668,""posa"":0,""unit"":0,""stat"":5,""coor"":2,""momo"":1,""dist"":0,""home"":1,""mots"":1,""plan"":0,""line"":442,""path"":2,""frmo"":2,""prbe"":1,""safe"":0,""estp"":0,""spc"":1,""hold"":0,""macs"":5,""cycs"":1,""sps"":12000,""feed"":185.42,""mark"":176190722}}",5.1792530031474815,0.1862839033419146,0.1948644118129125,0.1986005531601626,5.1792530031474815,0.1862839033419146,0.1948644118129125,0.1986005531601626,-0.985,0.0448372799999991,-0.0036032199999988,-1.6903932800000157,-0.8258784400000031,0.9441215599999968,-30.0,37.0,-39.0,100.0,33.99,77.61513312000736,60.36732576000572,60.36732576000572,61.44531372000582,186.4919176200177,1119.5597592000022,-1.002,-0.0739073599999998,0.03675384,5.251226260000006,1.814813380000007,2.011773739999993,-3.164880360000016,16.51395224000002,-94.80721469999996,100.0,32.41513966,62.05780353999748,63.18618563999738,69.50480367999712,38.2328787999984,153.91220203999362,1162.0532670199957,-1.00226554,-0.0427529800000005,0.0149163200000005,-5.403699699999989,-8.098960420000015,0.5331957199999927,-13.819273339999985,37.0,67.0,100.0,32.63951742,102.34067179999649,2.4396945799999146,1.951755079999932,1.951755079999932,5.367327199999812,1252.9129195799956,-1.0226473000000038,0.1445815800000014,0.0136694600000014,1.1121290400001282,1.4105317600000105,1.2115626799999937,8.013705480000016,14.51713162000002,-5.980968899999823,100.0,40.492904120000006,82.2715219800006,101.69211252000078,72.49338698000055,55.880319000000426,205.90135566000157,1641.3289379199991,-1.014145,-0.0109453000000002,0.0112585599999993,0.6080934000000077,1.5034677399999965,4.857656300000003,4.533368640000044,-6.755933040000041,13.008158540000077,100.0,33.31,111.71465266000033,59.43749494000058,53.393003600000526,63.97086258000063,171.26057832000166,1039.772524140002,-0.99865132,0.1217175999999999,-0.0212718599999999,2.938002699999996,1.77,3.9371582000000007,-6.489206779999988,30.51079322000001,38.33642378000003,100.0,33.06165126,105.6687339999973,2.4460354399999376,1.95682865999995,1.95682865999995,5.381278119999863,1089.316782559995,442,X1.5075 Y1.6748 Z-0.0267
16:24:17.216,5,446,1.48443,1.65433,-0.02782,85.26574,58.90531,-26.69919,,185.42,0,0,,2,1,"{""sr"":{""mpox"":85.26574,""mpoy"":58.90531,""mpoz"":-26.69919,""mpoa"":0,""posx"":1.48443,""posy"":1.65433,""posz"":-0.02782,""posa"":0,""unit"":0,""stat"":5,""coor"":2,""momo"":1,""dist"":0,""home"":1,""mots"":1,""plan"":0,""line"":446,""path"":2,""frmo"":2,""prbe"":1,""safe"":0,""estp"":0,""spc"":1,""hold"":0,""macs"":5,""cycs"":1,""sps"":12000,""feed"":185.42,""mark"":176190722}}",5.351468150227589,0.2047502360847553,0.2086240892779594,0.2061617378393965,5.351468150227589,0.2047502360847553,0.2086240892779594,0.2061617378393965,-0.99204044,0.0402832399999999,-0.0053933200000002,-1.76985522,-0.985485739999998,0.9537976800000008,-31.0,36.62003040000001,-40.619634820000016,100.0,33.99,97.9608185400018,68.82375010000126,70.06341470000127,70.6834454800013,215.1504865800039,1359.92699252,-1.007745,-0.07428936,0.01644732,5.3445725,1.8438895200000005,2.03454936,-3.885056460000004,16.451819679999996,-94.56676322,100.0,32.41,60.54385409999939,59.640214359999405,65.06205217999936,36.14558435999964,144.58233881999857,1143.2832906800004,-0.9780173799999996,-0.02860122,0.0137286399999998,-5.0994413000000005,-8.48894118,0.2619289400000007,-14.0,37.0,66.87284972,100.0,32.64414532,95.7863255399992,2.291538859999981,1.8332314399999847,1.8332314399999847,5.041385519999958,1217.146703320001,-1.0046853000000002,0.1180435200000001,-0.0004711799999998,5.634116720000034,1.1750885399999884,1.3317392400000003,9.325973679999978,0.392128040000023,9.235202299999957,100.0,40.49286192,80.53728412000014,102.96538810000015,73.40106884000012,56.57999064000009,208.47942484000035,1323.0196534199993,-1.0051743,-0.0068071000000001,0.0094668599999997,0.4904881600000005,1.746123980000001,4.77541924,9.790734380000009,-13.722824659999995,24.790734380000007,100.0,33.30790734,115.03729804000028,61.113564920000144,54.43729316000013,65.22203948000015,175.1237438800004,988.6493754800013,-1.012444,0.1167858599999999,-0.01527236,2.91571892,1.7407508600000023,4.092532380000001,-6.0,30.0,38.0,100.0,33.057630700000004,102.92777567999936,2.355230199999986,1.8841839599999888,1.8841839599999888,5.181506019999969,1068.586572600001,446,X1.4819 Y1.6514 Z-0.028
16:24:17.474,5,450,1.4671,1.62852,-0.02894,84.82547,58.24956,-26.72762,,185.42,0,0,,2,1,"{""sr"":{""mpox"":84.82547,""mpoy"":58.24956,""mpoz"":-26.72762,""mpoa"":0,""posx"":1.4671,""posy"":1.62852,""posz"":-0.02894,""posa"":0,""unit"":0,""stat"":5,""coor"":2,""momo"":1,""dist"":0,""home"":1,""mots"":1,""plan"":0,""line"":450,""path"":2,""frmo"":2,""prbe"":1,""safe"":0,""estp"":0,""spc"":1,""hold"":0,""macs"":5,""cycs"":1,""sps"":12000,""feed"":185.42,""mark"":176190722}}",5.257486267200311,0.1857771704741034,0.1952454696491798,0.2016093948726887,5.257486267200311,0.1857771704741034,0.1952454696491798,0.2016093948726887,-0.9927761,0.0442238999999999,-0.0440413800000036,-1.4449268999999865,-0.7456422999999955,0.9296422999999956,-31.0,36.0,-40.0,100.0,33.97,34.66489081998861,24.82453529999184,25.271823619991697,25.719112719991536,77.82827141997443,1505.1212435800053,-1.0003380799999997,-0.0721049199999999,0.0115938199999995,5.329910800000017,1.7130380999999988,1.9570380999999988,-3.3904336199999707,16.0,-95.0,100.0,32.41,88.66565910000438,81.07229412000389,88.32088880000425,49.37485546000237,196.21409176000944,1631.2621367200145,-1.0223332399999998,-0.0273560999999992,0.0293797200000005,-4.689842899999949,-8.572824960000045,0.0990673999999805,-13.926663000000024,37.0,67.0383843600001,100.0,32.64445842,123.69188904000518,2.962644680000123,2.3701157200000984,2.3701157200000984,6.51781932000027,1682.7096683200073,-0.9209010399999914,0.3974448600000063,-0.0561833400000065,3.133696259999895,-0.1336719999999793,1.267137959999986,10.282587979999931,-9.091407840000024,4.8274880600001655,100.0,40.4947717,77.65670127999908,96.38392081999883,68.70932965999916,52.96344169999936,194.67643401999763,1866.322519500026,-0.9983533799999994,-0.0163772000000003,-0.0115299000000016,0.338304519999991,1.7406113400000056,4.830483799999988,9.528923980000007,-13.12203069999996,25.0,100.0,33.31122034,78.5906906999951,56.05804565999905,49.93405705999916,59.826653379999,160.6369203199973,1236.5318385200096,-1.01826418,0.1173069400000005,-0.0042996800000001,2.910169739999994,1.8059508000000084,4.055600920000011,-5.706953999999972,30.70695399999997,38.0,100.0,33.0642993,124.27588672000395,2.850364320000091,2.280291680000073,2.280291680000073,6.270801840000201,1701.771775660024,450,X1.464 Y1.6218 Z-0.0292
16:24:17.729,5,453,1.45698,1.59892,-0.03002,84.5683,57.49794,-26.75514,,185.42,0,0,,2,1,"{""sr"":{""mpox"":84.5683,""mpoy"":57.49794,""mpoz"":-26.75514,""mpoa"":0,""posx"":1.45698,""posy"":1.59892,""posz"":-0.03002,""posa"":0,""unit"":0,""stat"":5,""coor"":2,""momo"":1,""dist"":0,""home"":1,""mots"":1,""plan"":0,""line"":453,""path"":2,""frmo"":2,""prbe"":1,""safe"":0,""estp"":0,""spc"":1,""hold"":0,""macs"":5,""cycs"":1,""sps"":12000,""feed"":185.42,""mark"":176190722}}",5.143878558928602,0.2002995457920471,0.2122700899311833,0.2106550452273436,5.143878558928602,0.2002995457920471,0.2122700899311833,0.2106550452273436,-0.99151472,0.03612188,-0.0060924400000001,-1.799607680000003,-0.91600612,0.8689251600000014,-31.0,36.99996652,-37.24272096000002,100.0,33.96999964,132.6795795199983,96.65408111999876,99.29006651999872,101.0474133999987,305.77825895999604,1831.5336003200027,-1.0137214,-0.0755837999999999,0.0283776799999999,5.378328999999999,1.9575126000000005,2.08982548,-3.852044199999986,16.017172879999936,-91.48605007999969,100.0,32.41,53.81024688000067,47.43798088000059,51.33214388000063,28.675197880000358,114.3467756400014,2428.932129200004,-1.0232194799999996,-0.0389599199999999,0.0169044399999999,-5.129701799999999,-8.3111704,0.2389147999999995,-13.0,38.0,66.45455392000001,100.0,32.65625508,77.88958640000078,1.8723458800000188,1.4978770800000152,1.4978770800000152,4.119160560000042,2043.8978200800036,-0.9163793999999984,0.2145020399999991,0.0070653999999994,0.897242199999982,0.2849672000000088,1.2080658800000017,13.204481319999967,-4.032197480000033,14.87320819999987,100.0,40.49935164,87.22576875999985,106.78548719999982,76.12430779999987,58.67915331999991,216.21417875999964,3138.222316000016,-0.99713216,-0.0165622,-0.0149422399999999,0.301457279999999,1.843111720000001,4.764022319999999,9.066183960000004,-13.603325920000003,25.470957999999992,100.0,33.31537116,76.81136435999984,63.91994703999986,56.93709515999988,68.21708559999986,183.1655615999996,1507.6152638000024,-1.0264890799999995,0.12108324,-0.00395832,2.9251471999999987,1.749477359999999,4.05280664,-6.0,30.0,38.0,100.0,33.06738412,89.6502048800006,2.033368320000014,1.6266950800000113,1.6266950800000113,4.473410000000031,2630.102742160004,453,X1.4565 Y1.5968 Z-0.0301
16:24:17.986,5,457,1.45482,1.56776,-0.03114,84.51347,56.7063,-26.78357,,185.42,0,0,,2,1,"{""sr"":{""mpox"":84.51347,""mpoy"":56.7063,""mpoz"":-26.78357,""mpoa"":0,""posx"":1.45482,""posy"":1.56776,""posz"":-0.03114,""posa"":0,""unit"":0,""stat"":5,""coor"":2,""momo"":1,""dist"":0,""home"":1,""mots"":1,""plan"":0,""line"":457,""path"":2,""frmo"":2,""prbe"":1,""safe"":0,""estp"":0,""spc"":1,""hold"":0,""macs"":5,""cycs"":1,""sps"":12000,""feed"":185.42,""mark"":176190722}}",5.374840889293797,0.1997183794656853,0.2130351092587219,0.2111924061576193,5.374840889293797,0.1997183794656853,0.2130351092587219,0.2111924061576193,-0.9919584399999998,0.0508399599999992,-0.01001712,-1.9537804200000055,-1.0952674799999829,1.095047959999983,-31.01995894000009,36.99995894,-39.020000000000095,100.0,33.9702,3.1505274200139293,2.326773540010284,2.390231260010564,2.4325364200107504,7.361066000032532,1241.1820448599958,-1.0116584199999998,-0.0770703799999996,0.0175787400000006,5.233254620000014,1.77,1.952152199999996,-3.986101719999935,16.700191540000027,-95.0,100.0,32.41414236000001,113.238434539994,91.96333435999512,99.5125632599947,56.27607063999701,221.67281323998824,1303.217243179973,-0.9926705999999984,-0.0262541399999996,0.017471839999999,-5.18150085999997,-7.955396080000003,0.5872650199999886,-13.0,37.66015489999997,67.0,100.0,32.64646828,137.3122383599935,3.300774479999844,2.640619599999875,2.640619599999875,7.261704859999657,1245.0418574999878,-0.939449780000007,0.1288899799999997,-0.0359871799999964,2.8326804399997485,1.8167259799999345,1.1969818399999987,11.359820320000209,-3.935393159999697,17.02768864000013,100.0,40.49464608,78.97867596000121,93.84524972000142,66.89958436000101,51.56842958000079,190.0134015400029,1303.4376985199829,-1.0021941600000002,-0.0053529199999992,0.0007443000000009,0.3055481200000026,1.936278499999992,4.81174478000001,9.0,-13.0,24.46920074000009,100.0,33.31460216,90.69708818000193,53.69628582000113,47.83030480000101,57.30612028000121,153.41796018000323,864.4526577199902,-1.0095062,0.1353460799999998,-0.0110787399999998,2.968484940000003,1.783665659999995,4.1729761,-6.384209880000023,30.00755802000004,37.61579011999998,100.0,33.07984884,134.82773911999487,3.078948639999886,2.4631594999999087,2.4631594999999087,6.77368835999975,1080.4338788799855,457,X1.4552 Y1.5622 Z-0.0314
16:24:18.245,5,460,1.46073,1.53703,-0.03229,84.66369,55.92581,-26.81271,,185.42,0,0,,2,1,"{""sr"":{""mpox"":84.66369,""mpoy"":55.92581,""mpoz"":-26.81271,""mpoa"":0,""posx"":1.46073,""posy"":1.53703,""posz"":-0.03229,""posa"":0,""unit"":0,""stat"":5,""coor"":2,""momo"":1,""dist"":0,""home"":1,""mots"":1,""plan"":0,""line"":460,""path"":2,""frmo"":2,""prbe"":1,""safe"":0,""estp"":0,""spc"":1,""hold"":0,""macs"":5,""cycs"":1,""sps"":12000,""feed"":185.42,""mark"":176190722}}",5.286110515767249,0.2006526695616487,0.2031042270445099,0.2036227882934719,5.286110515767249,0.2006526695616487,0.2031042270445099,0.2036227882934719,-0.9975998000000011,0.0296229999999995,0.005190000000001,-1.6965624000000037,-0.9888591999999964,0.8907419999999895,-31.599579200000115,36.0010512,-38.9989488,100.0,33.9820072,116.69252120000829,87.91902280000623,90.3168142000064,91.91534220000652,278.1438170000197,1485.8980680000077,-1.0050345999999997,-0.0779814,0.0185771999999984,5.369383200000004,1.921114400000004,1.9997319999999967,-3.0,16.61695400000002,-94.38304599999998,100.0,32.41,62.85553119999623,51.328177199997,55.54168479999675,31.409780199998163,123.72389099999276,1470.9714083999988,-1.040699800000002,-0.0430566000000002,0.0272542000000003,-5.02941559999997,-8.130452800000015,0.2806565999999837,-13.13379599999996,38.0,66.26701200000002,100.0,32.6552998,83.501786999996,2.0040381999999046,1.6032303999999238,1.6032303999999238,4.40888379999979,1388.183189999988,-0.9590767999999986,0.2036656000000015,-0.0108545999999997,5.337690000000034,-0.3865474000000088,1.2087259999999955,14.47628400000004,7.919132799999782,17.737970399999703,100.0,40.51,89.54742060000088,105.5983820000009,75.27805500000065,58.02683420000049,213.71857760000185,1977.019875800028,-0.9945903999999992,-0.0009021999999994,0.0062737999999993,0.3985318000000003,1.752451399999997,4.934476600000001,8.533307000000006,-13.556198399999968,24.443801600000032,100.0,33.3346666,109.17132500000037,63.46356240000072,56.44106300000067,67.73002000000076,180.7016512000021,1468.5749388000156,-0.9874387999999992,0.1164083999999995,-0.0102662000000004,2.9606303999999977,1.7485403999999996,4.011125799999999,-6.0,30.0,37.0,100.0,33.0692482,92.22599059999698,2.13486059999993,1.707888799999944,1.707888799999944,4.696693999999846,1273.5534788000036,460,X1.4608 Y1.5368 Z-0.0323
16:24:18.503,5,464,1.47444,1.50894,-0.03337,85.01195,55.21236,-26.84023,,185.42,0,0,,2,1,"{""sr"":{""mpox"":85.01195,""mpoy"":55.21236,""mpoz"":-26.84023,""mpoa"":0,""posx"":1.47444,""posy"":1.50894,""posz"":-0.03337,""posa"":0,""unit"":0,""stat"":5,""coor"":2,""momo"":1,""dist"":0,""home"":1,""mots"":1,""plan"":0,""line"":464,""path"":2,""frmo"":2,""prbe"":1,""safe"":0,""estp"":0,""spc"":1,""hold"":0,""macs"":5,""cycs"":1,""sps"":12000,""feed"":185.42,""mark"":176190722}}",5.237066018869176,0.2027465969806559,0.218750782713499,0.2179580488899377,5.237066018869176,0.2027465969806559,0.218750782713499,0.2179580488899377,-0.99827488,0.045924,-0.0434395200000012,-1.847963400000002,-0.815227759999999,1.015815840000001,-31.639301760000016,36.360698239999984,-38.35982667999998,100.0,34.0,53.61070323999746,39.580948799998126,40.66042947999808,41.02025615999806,124.85990351999408,1315.04078352,-1.00268124,-0.07070336,0.0025410000000001,5.3699317599999965,1.7068908800000016,1.9733791199999988,-3.4446962799999934,16.0,-95.19308544,100.0,32.4,97.7334298000012,74.41067936000091,80.51901892000099,44.97958972000055,179.3630558000022,1547.7281476800042,-1.00007916,-0.0396838,0.0101880799999997,-5.931421240000006,-7.677942119999995,0.6578900800000045,-14.0,38.0,67.54691532000001,100.0,32.6378688,114.30531532000118,2.7345766000000284,2.187661280000023,2.187661280000023,6.016069520000063,1779.6065873200057,-0.9730863599999984,0.1225748800000013,-0.0026393600000005,1.5048777200000805,0.717393559999981,1.1186226800000003,10.462288199999948,8.300621640000077,18.137760199999867,100.0,40.51,81.01576403999978,98.58544819999972,70.27873535999981,54.173191799999856,199.12308367999947,1650.694274680004,-1.0106558800000005,-0.0142403199999999,-0.0171708800000001,0.5525664000000017,1.514382759999999,4.820287799999998,9.0,-13.352821120000009,24.456732159999973,100.0,33.34484808,89.68885495999967,57.2069453199998,50.904485439999824,61.08538243999978,163.37915779999943,1071.651255960002,-1.0158627999999998,0.13687868,-0.0150392399999999,2.85642348,1.579729719999997,4.089,-6.600721919999989,30.464848199999995,36.86412628000001,100.0,33.055351599999995,115.32939968000088,2.675759560000021,2.140607760000017,2.140607760000017,5.886670560000046,1566.1530337600034,464,X1.4764 Y1.5059 Z-0.0335
16:24:18.760,5,468,1.49488,1.48529,-0.03448,85.53117,54.61165,-26.86824,,185.42,0,0,,2,1,"{""sr"":{""mpox"":85.53117,""mpoy"":54.61165,""mpoz"":-26.86824,""mpoa"":0,""posx"":1.49488,""posy"":1.48529,""posz"":-0.03448,""posa"":0,""unit"":0,""stat"":5,""coor"":2,""momo"":1,""dist"":0,""home"":1,""mots"":1,""plan"":0,""line"":468,""path"":2,""frmo"":2,""prbe"":1,""safe"":0,""estp"":0,""spc"":1,""hold"":0,""macs"":5,""cycs"":1,""sps"":12000,""feed"":185.42,""mark"":176190722}}",5.333323451974736,0.1996646791125102,0.2026457249859109,0.1924579617335051,5.333323451974736,0.1996646791125102,0.2026457249859109,0.1924579617335051,-0.9935039999999996,0.0430034999999997,-0.0065039999999996,-1.3735494999999958,-0.8545999999999913,0.9465494999999956,-31.0,36.50081399999993,-38.49918600000007,100.0,34.0,77.37384000001096,55.40965300000784,56.40802500000798,56.90721100000806,172.71837800002444,1285.704297999982,-1.0006965,-0.0752374999999996,0.0302684999999991,5.24854099999999,1.8828199999999984,1.9926034999999995,-3.498745499999972,15.849508499999978,-95.50125450000004,100.0,32.39454,94.20695599999448,65.98490099999631,71.96984749999598,40.05013399999777,160.247805999991,1427.675348500001,-0.9989190000000004,-0.0258159999999994,0.0033189999999997,-5.156004500000021,-7.884812999999996,0.47704450000001,-13.497433499999977,38.16503250000002,66.50256650000003,100.0,32.651725,102.473649499995,2.487167999999881,1.989734499999905,1.989734499999905,5.471769499999739,1382.685809500003,-1.031738000000006,0.1918180000000067,0.0082670000000053,1.831181500000016,1.837189500000039,1.237448000000003,10.194294499999897,14.99919949999999,-4.651820999999756,100.0,40.5223155,80.52717400000078,101.08085550000106,72.05763950000076,55.54443050000059,204.16331200000215,1690.6425460000055,-1.008017000000001,-0.0161264999999994,-0.0088914999999983,0.6603300000000054,1.6447204999999947,4.805264499999998,8.72362449999996,-13.498988499999992,24.0,100.0,33.35,83.85946550000081,59.119336000000864,52.38155300000081,62.90279050000096,167.83879350000245,1012.9722904999952,-1.0017465000000008,0.1225009999999995,-0.0124830000000002,2.9069865000000057,1.6901294999999994,4.089123000000002,-6.688636499999956,30.0,37.18762849999994,100.0,33.064989999999995,108.78030299999622,2.4949609999999134,1.9959689999999308,1.9959689999999308,5.488913999999809,1024.6403499999942,468,X1.5002 Y1.4807 Z-0.0348
16:24:19.017,5,471,1.52072,1.4677,-0.03564,86.18747,54.16475,-26.8978,,185.42,0,0,,2,1,"{""sr"":{""mpox"":86.18747,""mpoy"":54.16475,""mpoz"":-26.8978,""mpoa"":0,""posx"":1.52072,""posy"":1.4677,""posz"":-0.03564,""posa"":0,""unit"":0,""stat"":5,""coor"":2,""momo"":1,""dist"":0,""home"":1,""mots"":1,""plan"":0,""line"":471,""path"":2,""frmo"":2,""prbe"":1,""safe"":0,""estp"":0,""spc"":1,""hold"":0,""macs"":5,""cycs"":1,""sps"":12000,""feed"":185.42,""mark"":176190722}}",5.147134309742202,0.1983965123968492,0.2146129331806569,0.21175400910561,5.147134309742202,0.1983965123968492,0.2146129331806569,0.21175400910561,-0.99263552,0.0499177599999998,-0.0085408,-1.864008000000004,-0.932139520000002,0.9211084799999968,-19.69362688000052,23.505296640000623,-25.411131520000676,100.0,34.01,95.29174400000254,70.51589056000188,71.1511686400019,71.78644672000192,218.53573248000583,1442.8143603199971,-1.0042023999999998,-0.07465416,0.02589024,5.283351000000001,1.8032618400000016,1.9801609600000007,-4.0,16.445525519999993,-95.10948671999998,100.0,32.39890496,82.42226559999875,58.36387503999912,64.15570991999904,35.19653515999947,142.12271747999785,1259.196295919999,-1.01086136,-0.04452928,0.0214889600000003,-5.14743416,-8.04974492,0.44743416,-13.33498952,38.0,66.881065,100.0,32.64145728,93.05453159999882,2.269622959999971,1.815698079999977,1.815698079999977,4.9931700799999374,1569.8179833200018,-0.9536073600000012,0.3841921999999994,-0.0182188399999998,4.81452451999997,2.124956080000031,1.0844689200000002,8.033691719999961,15.816963440000087,1.8189571999998484,100.0,40.52806752,82.30980360000021,103.27068548000024,73.61870644000018,56.74775292000014,209.0975754800005,1898.999948199998,-1.0012532,-0.0180005199999999,-0.0197440799999999,0.5086816400000013,1.6512966800000008,4.844339399999998,9.0,-13.284995840000008,23.769049360000007,100.0,33.341990440000004,117.1197924400004,60.36570836000022,53.65840756000019,64.49327784000023,171.81009260000062,1311.5463101999994,-0.9950033999999994,0.1107932799999999,-0.0150261200000001,2.83638408,1.7373840799999998,4.0078869999999975,-6.241884800000007,30.223426799999988,36.53468840000001,100.0,33.07069356,101.1960355199991,2.3265577199999794,2.3265577199999794,1.8612461199999837,5.58373863999995,1141.579201960002,471,X1.5222 Y1.4669 Z-0.0357
16:24:19.274,5,475,1.55024,1.45739,-0.03673,86.93727,53.90299,-26.92532,,185.42,0,0,,2,1,"{""sr"":{""mpox"":86.93727,""mpoy"":53.90299,""mpoz"":-26.92532,""mpoa"":0,""posx"":1.55024,""posy"":1.45739,""posz"":-0.03673,""posa"":0,""unit"":0,""stat"":5,""coor"":2,""momo"":1,""dist"":0,""home"":1,""mots"":1,""plan"":0,""line"":475,""path"":2,""frmo"":2,""prbe"":1,""safe"":0,""estp"":0,""spc"":1,""hold"":0,""macs"":5,""cycs"":1,""sps"":12000,""feed"":185.42,""mark"":176190722}}",5.095540037732269,0.1849435700217533,0.1998405414993443,0.2060047963960208,5.095540037732269,0.1849435700217533,0.1998405414993443,0.2060047963960208,-0.99300924,0.0423495599999998,-0.0046606799999989,-1.6138109400000045,-0.9705770399999888,0.9636301199999978,-31.0,36.78081671999996,-39.77850935999996,100.0,34.01780832,33.31583112000559,24.329323920004075,24.329323920004075,24.767690700004152,74.96062038001256,2031.7516342399997,-1.0079682600000002,-0.0626685600000003,0.0238407399999994,5.298848300000008,1.762634500000002,1.9990178200000053,-3.6115893999999855,17.0,-95.06691696,100.0,32.40866174,115.96239021999683,78.96199173999813,87.45733071999791,47.70399823999887,193.3292698599954,2133.062331980001,-1.0247029599999995,-0.0491491799999974,0.0139994800000003,-5.29773813999998,-7.913454760000017,0.5821284999999917,-13.477814960000025,38.522185039999975,66.47781496000003,100.0,32.6452221,121.36967153999744,2.9765388999999374,2.3812309199999504,2.3812309199999504,6.548385779999864,2499.6342851800014,-0.9090389800000006,0.6829572199999946,-0.0672146199999998,0.841839060000152,1.7340626800000087,1.1744504800000024,9.522734159999995,3.5606754999997987,2.393856400000207,100.0,40.52522752,77.79431888000047,96.4076828000006,68.72626884000042,52.97649906000032,194.7244296200012,3047.942537639991,-1.01035326,-0.00583106,0.0030256999999998,0.3917088600000032,1.992659200000001,4.862490000000006,9.0,-13.0,25.0,100.0,33.34529016,87.23250596000192,54.63643306000044,48.51338468000039,58.40446278000047,155.90223594000125,2096.834105179996,-1.0172449200000018,0.153433619999999,-0.0078104799999991,2.867977520000001,1.7268916399999992,4.123760019999999,-7.0,30.0,36.13685738000002,100.0,33.06430142,123.08544257999804,2.8491997799999544,2.279359779999964,2.279359779999964,6.838080339999891,1838.6016405599903,475,X1.5552 Y1.4564 Z-0.0369
16:24:19.532,5,479,1.58144,1.45502,-0.03781,87.72967,53.84273,-26.9529,,185.42,0,0,,2,1,"{""sr"":{""mpox"":87.72967,""mpoy"":53.84273,""mpoz"":-26.9529,""mpoa"":0,""posx"":1.58144,""posy"":1.45502,""posz"":-0.03781,""posa"":0,""unit"":0,""stat"":5,""coor"":2,""momo"":1,""dist"":0,""home"":1,""mots"":1,""plan"":0,""line"":479,""path"":2,""frmo"":2,""prbe"":1,""safe"":0,""estp"":0,""spc"":1,""hold"":0,""macs"":5,""cycs"":1,""sps"":12000,""feed"":185.42,""mark"":176190722}}",5.159010407067598,0.188977573214448,0.198236772356792,0.2012660879872661,5.159010407067598,0.188977573214448,0.198236772356792,0.2012660879872661,-0.98609074,0.0390613,-0.0131472,-1.70862082,-0.9154001,0.8005689999999996,-31.0,36.00344724,-39.059772,100.0,34.02,148.94738750000047,103.98261594000031,103.0458361200003,104.91939664000031,317.56864438000093,1634.8117071799998,-1.00536094,-0.0759201799999999,0.0302262199999999,5.3342304,1.9313702600000004,1.9732352600000005,-3.6027859000000046,16.036790500000013,-93.61311716000009,100.0,32.4163219,57.8730566599998,41.61658019999986,46.16839339999984,24.70984497999991,102.09067383999964,1847.1201559200003,-0.9732786,-0.0402517199999999,0.0038445399999999,-5.237141040000001,-8.255547020000002,0.4090329999999998,-13.62743308,38.0,67.0,100.0,32.64352714,72.3098031599998,1.763653439999995,1.410923339999996,1.410923339999996,3.880037979999989,1898.2818486600008,-0.9015746999999996,0.2943916600000005,0.01232404,2.2315618600000007,3.405094400000005,1.0683919399999997,11.53299458,-8.894159159999997,8.406930760000018,100.0,40.504993680000005,88.47707300000003,107.13187776000004,76.75119554000003,59.16237988000002,216.9287274200001,2610.6134745000013,-1.00369926,-0.0136707399999999,-0.0007817399999999,0.3583,2.17136056,4.8143,9.0,-13.0,24.966851740000003,100.0,33.34,128.98348064000007,62.85211946000004,56.29363802000003,67.22444140000003,179.8117165000001,1193.01455242,-1.04204046,0.13026946,-0.0109784,2.82735432,1.7282475599999998,4.10900688,-7.0,30.0,37.03743466,100.0,33.063921900000004,85.56595331999985,1.9608047199999965,1.9608047199999965,1.5686441399999973,4.705931539999992,1361.97590224,479,X1.5898 Y1.4557 Z-0.0382
16:24:19.789,5,482,1.6121,1.46076,-0.03899,88.50855,53.98857,-26.98289,,185.42,0,0,,2,1,"{""sr"":{""mpox"":88.50855,""mpoy"":53.98857,""mpoz"":-26.98289,""mpoa"":0,""posx"":1.6121,""posy"":1.46076,""posz"":-0.03899,""posa"":0,""unit"":0,""stat"":5,""coor"":2,""momo"":1,""dist"":0,""home"":1,""mots"":1,""plan"":0,""line"":482,""path"":2,""frmo"":2,""prbe"":1,""safe"":0,""estp"":0,""spc"":1,""hold"":0,""macs"":5,""cycs"":1,""sps"":12000,""feed"":185.42,""mark"":176190722}}",5.3277243783217845,0.2056404076215774,0.2122622634034593,0.2022967073165207,5.3277243783217845,0.2056404076215774,0.2122622634034593,0.2022967073165207,-0.9944772399999996,0.0494772399999997,-0.0014345599999992,-1.718732319999995,-1.0477405999999951,1.1038081599999976,-31.07984179999996,36.99985556,-38.92030264000004,100.0,34.03840332,11.974597999994057,8.8624889199956,8.62310695999572,8.8624889199956,26.82713759998668,1696.7883454399794,-1.0121680000000002,-0.0961537200000005,0.0191960799999994,5.2585331200000125,1.8579691999999983,2.061421120000007,-3.0556510399999723,16.721055999999987,-96.33080992000004,100.0,32.40334592,127.09230808000298,83.17559440000196,93.8220703200022,49.90535664000117,205.6100694400048,2108.767418320007,-1.0079602000000014,-0.0698746000000006,0.0114831999999984,-5.4687970800000025,-8.381430200000002,0.541292000000004,-13.053399839999974,38.053399839999976,65.41105295999996,100.0,32.64695756,132.32346404000276,3.211734640000067,2.569387760000054,2.569387760000054,7.065816320000147,2152.016656720013,-0.8408253199999957,0.6957657599999975,-0.0337643199999999,4.356671360000059,2.215142760000024,1.1132313199999972,8.049304639999939,-5.567544199999984,-2.977086240000388,100.0,40.48,76.0321853599995,94.3362296799994,67.11482995999957,51.62679211999967,190.5497969599988,2976.2419090000394,-1.0043095600000005,-0.0021696399999996,-0.0045119599999998,0.2826918399999943,2.125204439999999,4.862774999999999,9.187178000000182,-13.500107680000248,24.054554760000418,100.0,33.3456284,80.66889759999926,51.95623903999952,46.48716095999957,55.60229111999948,149.03236995999862,1829.5489701200052,-1.030663640000001,0.1183481999999998,-0.0067221600000002,2.9629792800000025,1.7650405199999952,4.078850760000001,-6.6011292400000094,30.030238879999985,36.06047775999997,100.0,33.0654062,129.87409908000208,3.005645280000048,3.005645280000048,2.4045160400000385,7.213548120000115,2438.084060280029,482,X1.6151 Y1.4617 Z-0.0391
16:24:20.046,5,486,1.6403,1.47422,-0.04008,89.22475,54.33055,-27.01041,,185.42,0,0,,2,1,"{""sr"":{""mpox"":89.22475,""mpoy"":54.33055,""mpoz"":-27.01041,""mpoa"":0,""posx"":1.6403,""posy"":1.47422,""posz"":-0.04008,""posa"":0,""unit"":0,""stat"":5,""coor"":2,""momo"":1,""dist"":0,""home"":1,""mots"":1,""plan"":0,""line"":486,""path"":2,""frmo"":2,""prbe"":1,""safe"":0,""estp"":0,""spc"":1,""hold"":0,""macs"":5,""cycs"":1,""sps"":12000,""feed"":185.42,""mark"":176190722}}",5.186808479987587,0.1887829943876619,0.1926861578549673,0.2008751771862105,5.186808479987587,0.1887829943876619,0.1926861578549673,0.2008751771862105,-0.9905559800000002,0.0452234800000012,0.0038895000000003,-1.6750999999999912,-0.8404500000000045,0.9905499999999956,-31.777868620000078,37.0,-38.444262539999855,100.0,34.03,130.68193934001238,86.34342472000816,84.00981864000794,85.56555610000808,259.80814222002454,1554.5426461999896,-1.00130712,-0.0730493999999997,0.0195491599999996,5.326487740000011,1.5595247999999808,2.0883129800000035,-3.3908749199999706,16.237308760000023,-95.84643384000006,100.0,32.41218228,70.94389817999415,48.31491407999644,54.959785599995946,28.533862899997875,119.45413453999114,1173.5731214399957,-0.9679401199999976,-0.0307259400000003,-0.0012747200000009,-5.570284840000015,-8.234849059999975,0.4770582200000106,-13.259190880000023,38.14723697999995,66.40642785999998,100.0,32.63888052,84.94339583999479,2.0321385199998754,1.6257106599999005,1.6257106599999005,4.470705119999726,1272.1776165399997,-0.9446454199999974,0.2268828000000038,0.0049263800000028,2.912623039999757,0.5270320800000453,1.1635549399999972,9.536469959999948,6.446925360000161,8.018919879999657,100.0,40.47898118,87.25608250000107,104.36148842000112,74.61846478000079,57.39881866000061,211.33201504000223,1695.9339573600046,-1.0042985800000004,-0.0216364600000003,-0.0173700799999995,0.500096699999996,1.8451253400000067,4.830555919999995,9.099153999999968,-13.470977079999992,25.529022920000006,100.0,33.36099154,128.35539628000296,60.30857766000084,53.96030584000076,64.54075824000091,172.46137070000242,1374.1022966199916,-1.02775184,0.1350517000000015,-0.0011654399999999,2.8985908600000028,1.735634140000001,4.161229640000004,-7.0,30.08270283999997,37.56780512000002,100.0,33.06485082,94.65077161999602,2.160976399999909,2.160976399999909,1.7287815199999272,5.186343559999782,1153.141530239995,486,X1.6457 Y1.4779 Z-0.0403
16:24:20.303,5,489,1.66407,1.49453,-0.04116,89.82843,54.84617,-27.03792,,185.42,0,0,,2,1,"{""sr"":{""mpox"":89.82843,""mpoy"":54.84617,""mpoz"":-27.03792,""mpoa"":0,""posx"":1.66407,""posy"":1.49453,""posz"":-0.04116,""posa"":0,""unit"":0,""stat"":5,""coor"":2,""momo"":1,""dist"":0,""home"":1,""mots"":1,""plan"":0,""line"":489,""path"":2,""frmo"":2,""prbe"":1,""safe"":0,""estp"":0,""spc"":1,""hold"":0,""macs"":5,""cycs"":1,""sps"":12000,""feed"":185.42,""mark"":176190722}}",5.19218456592523,0.203542151255102,0.2079236462079282,0.2066351171741661,5.19218456592523,0.203542151255102,0.2079236462079282,0.2066351171741661,-0.9894842399999998,0.0397649599999996,-0.00499872,-1.8625094000000144,-1.059918240000002,0.998929760000002,-31.359506800000037,36.35969560000004,-37.71920240000007,100.0,34.03,52.16018460000494,39.566503800003744,38.48741664000365,39.566503800003744,119.4190897600113,1370.5188935200044,-1.00753368,-0.0778245999999999,0.0260016000000001,5.405965839999997,1.8628906399999905,2.0631075200000004,-3.251407080000024,16.0,-94.44636580000002,100.0,32.42912292,104.08327543999748,67.54340231999836,77.50882203999812,39.86168023999903,167.75123643999592,1393.504070960003,-0.9939157999999996,-0.0274049999999999,0.0107134799999996,-5.232534400000004,-8.282844839999996,0.3912060000000062,-13.240312960000022,38.0,66.54803199999999,100.0,32.63788352,113.44265475999762,2.7401607199999427,2.192128719999954,2.192128719999954,6.0283537999998735,1594.9035679200067,-0.9974624799999984,0.1991110799999988,0.018641360000002,-0.59890279999994,1.2143978400000597,1.1720215999999917,12.62843363999998,5.327901360000232,14.07276631999984,100.0,40.40687168,80.39400408000041,98.04146792000051,70.09964976000036,53.92280740000028,199.02418036000105,2076.4200517600098,-1.00258496,-0.0148688799999998,-0.0046767199999999,0.5095795199999988,1.7151190400000045,4.873141759999999,8.515378399999996,-13.0,25.0,100.0,33.35646208,104.19355368000076,55.2468142400004,49.43136040000036,59.12378368000044,157.50188352000114,1241.3289000799962,-1.00617016,0.1324958000000001,-0.0087335199999999,2.82061352,1.766024359999998,4.088656240000003,-6.464596960000009,30.46459696000001,36.46459696000001,99.98640208,33.06399424,117.38075459999811,2.677015559999958,2.677015559999958,2.1416125199999665,6.424837839999899,1327.334523519997,489,X1.6649 Y1.4954 Z-0.0412
16:24:20.561,5,493,1.68174,1.52028,-0.04234,90.27737,55.50043,-27.06798,,185.42,0,0,,2,1,"{""sr"":{""mpox"":90.27737,""mpoy"":55.50043,""mpoz"":-27.06798,""mpoa"":0,""posx"":1.68174,""posy"":1.52028,""posz"":-0.04234,""posa"":0,""unit"":0,""stat"":5,""coor"":2,""momo"":1,""dist"":0,""home"":1,""mots"":1,""plan"":0,""line"":493,""path"":2,""frmo"":2,""prbe"":1,""safe"":0,""estp"":0,""spc"":1,""hold"":0,""macs"":5,""cycs"":1,""sps"":12000,""feed"":185.42,""mark"":176190722}}",5.110804940221415,0.2010429942043493,0.2034225715644333,0.2072062017863169,5.110804940221415,0.2010429942043493,0.2034225715644333,0.2072062017863169,-0.9836039599999996,0.0313960400000002,0.0097920800000004,-1.6213106799999917,-0.8862912799999972,1.0087703999999973,-31.0,36.0,-37.95835316000009,100.0,34.03,75.70989816000716,52.70942280000497,50.7927164800048,52.230246480004936,158.60744524001495,1919.646239520002,-1.01240116,-0.0756480399999997,0.025653999999999,5.1502901999999935,1.934089720000003,1.953,-3.1444862400000138,16.360771839999966,-96.85551376,100.0,32.4128896,93.1846633599968,61.13623003999784,70.73613295999749,35.873324799998734,151.21665707999466,1926.9511379200208,-1.0136364799999995,-0.0158646400000003,0.0219803999999996,-4.9502752800000085,-8.272691879999995,0.2854347199999981,-13.839629119999984,38.492813040000016,67.49281304000002,100.0,32.64160368,105.36065091999676,2.5359363199999243,2.02874883999994,2.02874883999994,5.5790600799998336,1894.661785160012,-0.8140765199999963,0.6105279200000239,-0.0406957600000015,-0.5961735599999441,2.3067328400000324,1.0844108800000012,11.717507959999937,5.626034879999777,24.512067799999983,100.0,40.417415680000005,81.62340844000063,100.01485540000073,71.1548474000005,54.73449788000039,202.51764300000144,2836.900494880029,-1.0031300800000005,-0.0104275600000002,-0.0052048000000009,0.5615171199999954,1.609738639999989,4.866838879999999,8.767523080000021,-13.23247691999998,24.502589479999997,100.0,33.36264912,98.86618348000216,56.20737860000054,50.73586384000048,60.186662280000576,161.65839048000154,1429.4618130400056,-1.00161024,0.1117380399999996,-0.0121370799999999,2.77786268,1.8372870000000028,4.009787839999998,-6.494055120000011,30.29855904000003,37.31044880000001,100.0,33.06609012,109.79009367999755,2.529725359999944,2.529725359999944,2.0237804799999557,6.071341959999866,1922.6343135200095,493,X1.6838 Y1.5244 Z-0.0425
16:24:20.819,5,497,1.69223,1.54971,-0.04342,90.54386,56.24783,-27.0955,,185.42,0,0,,2,1,"{""sr"":{""mpox"":90.54386,""mpoy"":56.24783,""mpoz"":-27.0955,""mpoa"":0,""posx"":1.69223,""posy"":1.54971,""posz"":-0.04342,""posa"":0,""unit"":0,""stat"":5,""coor"":2,""momo"":1,""dist"":0,""home"":1,""mots"":1,""plan"":0,""line"":497,""path"":2,""frmo"":2,""prbe"":1,""safe"":0,""estp"":0,""spc"":1,""hold"":0,""macs"":5,""cycs"":1,""sps"":12000,""feed"":185.42,""mark"":176190722}}",5.262705945682292,0.20865433915019,0.2154890694674541,0.2090949300317933,5.262705945682292,0.20865433915019,0.2154890694674541,0.2090949300317933,-0.99007524,0.04771596,0.00267836,-2.055417160000001,-1.0204110000000042,0.8961163200000011,-31.679164960000016,36.99993536,-39.0,100.0,34.03,101.88490416000256,74.71526520000187,71.99834676000181,74.03603592000185,224.1458602400056,1998.8042195199864,-1.0006778,-0.08009884,0.0518552799999994,5.264025679999998,1.876863600000002,1.9963385600000008,-4.0,16.0,-95.33272716,100.0,32.40570196,74.79246051999884,51.5810072799992,59.74799987999907,30.08892063999953,128.092834399998,2188.8838797200096,-0.9892660000000004,-0.0398613599999999,0.0010765199999998,-5.07246144,-8.18440864,0.427,-13.0,38.0,66.89407424000001,100.0,32.64684796,91.1888978799988,2.192041079999971,1.753632799999977,1.753632799999977,4.822489759999936,2275.264826600003,-0.8608796399999995,0.4443371599999982,0.0017151600000006,0.1965130799999623,1.5808134800000002,1.3101255999999997,11.288312360000004,8.214716159999906,22.816562840000067,100.0,40.42,82.58862356000022,103.10753676000029,73.35511352000019,56.42701012000015,208.77993808000053,3346.4103512400125,-1.0060192,-0.01132896,0.0040252800000003,0.4006509199999984,1.8201836800000009,4.790399359999999,8.481952999999999,-14.0,25.65927075999999,100.0,33.36,112.9342490400004,58.5393121600002,52.84079488000018,62.68368880000022,168.36527924000058,1731.9063113199977,-0.9989388399999996,0.1100947999999997,-0.0126869599999999,2.88654064,1.855470080000002,3.982641360000001,-5.205076079999955,22.85143399999981,27.51254547999976,100.0,33.03712472,99.0164581599991,2.280176319999979,2.280176319999979,1.8241409199999832,5.216005639999943,1993.3612056800057,497,X1.6937 Y1.5575 Z-0.0437
16:24:21.075,5,500,1.69479,1.58084,-0.04451,90.60884,57.03862,-27.12301,,185.42,0,0,,2,1,"{""sr"":{""mpox"":90.60884,""mpoy"":57.03862,""mpoz"":-27.12301,""mpoa"":0,""posx"":1.69479,""posy"":1.58084,""posz"":-0.04451,""posa"":0,""unit"":0,""stat"":5,""coor"":2,""momo"":1,""dist"":0,""home"":1,""mots"":1,""plan"":0,""line"":500,""path"":2,""frmo"":2,""prbe"":1,""safe"":0,""estp"":0,""spc"":1,""hold"":0,""macs"":5,""cycs"":1,""sps"":12000,""feed"":185.42,""mark"":176190722}}",5.41503511508655,0.2038916173957403,0.2048259250047266,0.2053000583920317,5.41503511508655,0.2038916173957403,0.2048259250047266,0.2053000583920317,-0.9923956,0.0375965999999993,-0.0092182000000001,-1.587,-0.8418344000000018,1.0133696000000034,-31.0,37.0,-38.20106059999997,100.0,34.0380056,29.98077859999578,22.11667499999689,21.111371199997023,21.915613599996917,66.35002399999065,1498.550319199998,-1.0024191999999998,-0.0743346,0.024254,5.159886400000002,1.9572463999999925,2.016253000000004,-3.6195604000000112,17.0,-94.82175159999996,100.0,32.417609,96.14283080000162,74.34728760000134,86.11894180000156,43.36925100000078,184.62909880000333,1717.4427524000018,-0.9804593999999992,-0.0284290000000004,0.0163555999999995,-4.877900399999995,-8.325427799999996,0.2355735999999982,-14.0,37.53569760000001,67.0,100.0,32.654643199999995,124.70507820000198,3.012200200000048,2.409760200000038,2.409760200000038,6.626839600000104,1716.6980949999995,-0.904949800000002,0.2958206000000025,-0.0394663999999998,1.9997255999999977,2.290933999999937,1.2370338000000016,8.737147199999972,10.403219799999857,-5.753508399999893,100.0,40.43,77.19601039999964,96.10636759999956,68.3741811999997,52.59552439999977,194.6034401999991,2436.8439098000117,-1.0026186,-0.0114711999999999,0.0040414000000008,0.3402443999999988,1.6544793999999972,4.873511200000002,9.0,-14.0,25.0,100.0,33.374222200000006,98.41663160000064,52.79467819999966,47.65537339999969,56.99956379999963,152.310309999999,1313.0735983999994,-0.9951177999999996,0.1063271999999995,-0.015966,2.9114727999999994,1.7733288000000027,4.001873600000001,-6.875422800000018,30.0,38.30373120000001,100.0,33.061603600000005,124.0570998000015,2.8584582000000345,2.8584582000000345,2.2867666000000275,6.288608600000076,1455.1237591999998,500,X1.6947 Y1.5835 Z-0.0446
16:24:21.334,5,504,1.6891,1.61173,-0.0457,90.46427,57.82326,-27.15328,,185.42,0,0,,2,1,"{""sr"":{""mpox"":90.46427,""mpoy"":57.82326,""mpoz"":-27.15328,""mpoa"":0,""posx"":1.6891,""posy"":1.61173,""posz"":-0.0457,""posa"":0,""unit"":0,""stat"":5,""coor"":2,""momo"":1,""dist"":0,""home"":1,""mots"":1,""plan"":0,""line"":504,""path"":2,""frmo"":2,""prbe"":1,""safe"":0,""estp"":0,""spc"":1,""hold"":0,""macs"":5,""cycs"":1,""sps"":12000,""feed"":185.42,""mark"":176190722}}",5.131494446958152,0.1948950372659449,0.2015491663363577,0.207255809854025,5.131494446958152,0.1948950372659449,0.2015491663363577,0.207255809854025,-0.9803201999999992,0.0411397399999996,0.0062415400000017,-1.7687770200000028,-0.9123259600000084,0.9220910599999862,-31.0,36.98002436000005,-37.98000000000005,100.0,34.04,150.923434980007,107.802679780005,103.88255796000482,106.82265542000496,324.388039340015,2012.748428240005,-1.0083986,-0.0737699600000002,0.0331587599999996,5.480468320000012,1.679059359999987,1.99547332,-2.7667881600000577,11.042728300000286,-66.25026498000173,100.0,32.403159599999995,47.09407863999728,37.17953623999785,43.06629593999752,21.688062799998747,92.32918123999468,1723.8120687199928,-1.0118679999999995,-0.0293041600000007,0.0371509800000004,-5.370309460000001,-8.096807600000002,0.3261923999999981,-14.0,38.0,67.3340227,100.0,32.62026784,71.21029193999685,1.7035953599999247,1.3628764799999398,1.3628764799999398,3.7479105599998346,2061.445063140002,-0.9698991199999988,0.2910998800000035,-0.0488836200000009,2.741048679999971,2.28270396000004,1.4033449600000014,8.59046213999988,14.389176959999986,-10.869510500000471,100.0,40.44536796,90.17736134000056,107.89077212000068,76.75811144000049,59.04470066000037,218.4653938200014,2156.4771359999995,-1.0008085199999996,-0.0128911,-0.0147653000000025,0.3868421600000006,2.101156980000003,4.857517459999996,9.0,-14.0,25.011056399999976,100.0,33.36011056,128.48720496000112,62.59633040000054,56.00724304000048,66.98905596000057,179.55263224000154,1771.3571181399975,-1.006276259999999,0.1280646799999994,-0.0057511,2.808,1.731500800000001,4.003986340000003,-6.0,30.0,37.98759948000003,100.0,33.06,83.51104315999754,1.9063615999999448,1.5250890799999557,1.5250890799999557,4.193995699999879,1602.9251607599997,504,X1.6873 Y1.6172 Z-0.0459
16:24:21.590,5,507,1.67584,1.63999,-0.04678,90.12758,58.54096,-27.1808,,185.42,0,0,,2,1,"{""sr"":{""mpox"":90.12758,""mpoy"":58.54096,""mpoz"":-27.1808,""mpoa"":0,""posx"":1.67584,""posy"":1.63999,""posz"":-0.04678,""posa"":0,""unit"":0,""stat"":5,""coor"":2,""momo"":1,""dist"":0,""home"":1,""mots"":1,""plan"":0,""line"":507,""path"":2,""frmo"":2,""prbe"":1,""safe"":0,""estp"":0,""spc"":1,""hold"":0,""macs"":5,""cycs"":1,""sps"":12000,""feed"":185.42,""mark"":176190722}}",5.426830103489247,0.2068983781974001,0.2036058959841353,0.2085704819879676,5.426830103489247,0.2068983781974001,0.2036058959841353,0.2085704819879676,-0.9910115000000004,0.0355172000000008,-0.0181013,-1.831,-0.7381685000000034,1.0193922999999896,-31.0,37.0,-40.0,100.0,34.04,15.371596700008585,11.124181900006212,10.719666400005988,11.023053000006156,33.47367540001869,1370.2027326000052,-1.0081509000000002,-0.0785247999999998,0.0642928999999994,5.434235199999987,1.6389637000000117,2.0165574999999984,-3.3425477000000225,16.0,-94.0,100.0,32.412087,89.41354149999697,79.5517536999973,92.04335149999687,46.67912799999842,197.2357530999933,1432.7415999999946,-0.9621091000000006,-0.0280322999999998,0.0043816000000002,-5.242486599999985,-8.342143400000012,0.3842402999999988,-14.63434309999998,37.0,66.59803829999996,100.0,32.6483429,132.57776569999604,3.171716599999905,2.5373733999999244,2.5373733999999244,6.977777199999791,1732.043500999982,-1.0483364999999982,0.2294636999999953,0.0107757999999995,-0.022360099999923,2.624395000000072,1.1001161999999978,6.7170935000001,-1.9268030000001408,-11.145200900000049,100.0,40.45514,76.71027150000073,94.01685730000088,66.88761490000063,51.45201120000049,190.3724429000018,1453.1933847999987,-1.0040843,-0.0155747999999995,-0.0145062999999998,0.3577829999999953,2.091962499999994,4.971603599999996,9.0,-14.0,25.542316999999997,100.0,33.37,107.09787030000138,52.17588580000067,47.1413704000006,56.29503430000072,150.57777510000193,1231.608537399996,-1.0269246999999997,0.1294384,-0.0049456000000003,2.9444231999999992,1.811366400000006,4.023394099999997,-6.962246599999979,30.561590099999965,37.96224659999998,100.0,33.0496225,130.6191793999969,2.99671819999993,2.397374799999944,2.397374799999944,6.592780899999847,1481.4449636999952,507,X1.6756 Y1.6404 Z-0.0468
16:24:21.849,5,511,1.6556,1.66372,-0.04787,89.61338,59.14378,-27.20831,,185.42,0,0,,2,1,"{""sr"":{""mpox"":89.61338,""mpoy"":59.14378,""mpoz"":-27.20831,""mpoa"":0,""posx"":1.6556,""posy"":1.66372,""posz"":-0.04787,""posa"":0,""unit"":0,""stat"":5,""coor"":2,""momo"":1,""dist"":0,""home"":1,""mots"":1,""plan"":0,""line"":511,""path"":2,""frmo"":2,""prbe"":1,""safe"":0,""estp"":0,""spc"":1,""hold"":0,""macs"":5,""cycs"":1,""sps"":12000,""feed"":185.42,""mark"":176190722}}",5.200928187153169,0.1966834524976821,0.1732963556690947,0.1958683049837031,5.200928187153169,0.1966834524976821,0.1732963556690947,0.1958683049837031,-0.9943122799999996,0.0444375199999998,-0.0076259200000014,-1.7528403599999955,-0.8813998399999909,0.8985594799999954,-31.71869571999993,37.0,-40.0,100.0,34.04281296,109.96045099998874,79.0565337199919,76.1817501199922,79.0565337199919,238.6069915999756,1306.524794919991,-1.0086554399999998,-0.07275768,0.0210688399999995,5.653827439999994,1.606235000000003,2.086850679999992,-3.4145794800000293,16.58542051999997,-94.78099688000005,100.0,32.41242396,51.85405064000421,50.774299400003606,58.04115752000408,29.849738080002098,125.39864452000884,1159.4939669200005,-0.989097279999998,-0.0248620000000004,0.0191225599999993,-5.428827320000021,-7.983493719999981,0.3442477200000105,-14.0,37.0,67.0,100.0,32.651862,88.54864092000517,2.118388800000124,1.6947108400000992,1.6947108400000992,4.6604548400002725,1382.255404479998,-0.9663485200000016,0.1204979199999953,-0.0308998799999995,2.687960000000008,1.1417412399999791,1.3313683599999944,7.036067560000131,-2.004398359999637,-3.742929200000865,100.0,40.42517156,86.49838007999897,103.95473491999888,73.9578461199992,56.89065095999939,209.97822031999772,1665.4092494799895,-1.0030363200000003,-0.0130436399999997,-0.0090728799999989,0.2828853200000064,2.0839637199999936,4.756118159999997,9.0,-13.522592879999992,24.0,100.0,33.37,85.3244926399995,60.09820287999912,53.8270857199992,64.40416475999909,173.10352267999747,1115.2520613599886,-1.0184172000000002,0.1280547600000004,-0.00456964,2.799932960000012,1.6816565600000029,4.008892479999988,-6.0,30.0,38.10626252000003,100.0,33.04657988,96.66920044000388,2.22740068000009,1.781920800000072,1.781920800000072,4.900282240000197,1164.3172387999837,511,X1.6528 Y1.6663 Z-0.048
16:24:22.105,5,515,1.63,1.68153,-0.04905,88.96314,59.59619,-27.23837,,185.42,0,0,,2,1,"{""sr"":{""mpox"":88.96314,""mpoy"":59.59619,""mpoz"":-27.23837,""mpoa"":0,""posx"":1.63,""posy"":1.68153,""posz"":-0.04905,""posa"":0,""unit"":0,""stat"":5,""coor"":2,""momo"":1,""dist"":0,""home"":1,""mots"":1,""plan"":0,""line"":515,""path"":2,""frmo"":2,""prbe"":1,""safe"":0,""estp"":0,""spc"":1,""hold"":0,""macs"":5,""cycs"":1,""sps"":12000,""feed"":185.42,""mark"":176190722}}",5.268122774673762,0.2035509938501092,0.2081217814938,0.2061011128432357,5.268122774673762,0.2035509938501092,0.2081217814938,0.2061011128432357,-0.9891980000000002,0.0405972000000003,-0.0076043999999994,-1.7577176000000103,-0.977,0.9645241999999844,-31.0,36.39932300000009,-38.0,100.0,34.0620134,63.89162560001354,43.92549300000931,42.72752460000907,43.92549300000931,133.3737688000283,1386.8121919999985,-1.008457,-0.0735048000000002,0.0299435999999994,5.3428945999999975,1.6989468000000136,2.05437720000001,-3.460741000000034,16.0,-94.92148240000007,100.0,32.405393,77.65326739999512,66.8680909999958,76.03549079999523,39.365892799997525,165.01319319998964,1350.7580714000012,-1.0306467999999982,-0.0191260000000008,0.0291560000000001,-4.849160000000028,-8.268981999999992,0.3943538000000104,-14.0,37.0,66.53467239999998,100.0,32.654658399999995,111.211789999994,2.673360399999856,2.138688599999885,2.138688599999885,5.881392799999684,1262.4151066000054,-0.9674367999999962,0.1504949999999889,-0.0244216000000003,0.0339589999999572,0.7695520000000006,1.245177400000013,11.23171239999987,0.724899800000653,13.490810399999232,100.0,40.4032394,80.19582740000111,98.39978860000136,70.35584900000097,54.11988380000074,199.25957160000277,1575.0794180000134,-1.0058906,-0.0110193999999998,0.0070906000000013,0.4363933999999948,1.9719453999999983,4.701334599999999,8.667535200000048,-14.0,24.51094079999999,100.0,33.3682152,82.65096980000156,56.73084320000107,50.86213480000096,60.643315000001145,162.85664380000307,1079.8153138000032,-0.9859420000000017,0.1149898000000004,-0.0102789999999995,2.8200783999999994,1.7530053999999982,4.038623799999997,-5.523391399999979,29.84877599999997,38.52339139999997,100.0,33.0532538,113.50616279999564,2.616955599999897,2.093564599999917,2.093564599999917,5.757302599999773,1250.8794347999824,515,X1.6235 Y1.6847 Z-0.0493
16:24:22.363,5,518,1.60043,1.69221,-0.05014,88.21214,59.8674,-27.2661,,185.42,0,0,,2,1,"{""sr"":{""mpox"":88.21214,""mpoy"":59.8674,""mpoz"":-27.2661,""mpoa"":0,""posx"":1.60043,""posy"":1.69221,""posz"":-0.05014,""posa"":0,""unit"":0,""stat"":5,""coor"":2,""momo"":1,""dist"":0,""home"":1,""mots"":1,""plan"":0,""line"":518,""path"":2,""frmo"":2,""prbe"":1,""safe"":0,""estp"":0,""spc"":1,""hold"":0,""macs"":5,""cycs"":1,""sps"":12000,""feed"":185.42,""mark"":176190722}}",5.205865392893004,0.1890577567865799,0.1927776056481857,0.1889201366603105,5.205865392893004,0.1890577567865799,0.1927776056481857,0.1889201366603105,-0.985,0.04072188,-0.02136088,-1.655339640000001,-0.9228994000000008,1.018509240000001,-31.560161560000008,37.0,-38.43983844,100.0,34.06,71.25383407999908,48.382233199999376,47.5025557599994,48.82207163999937,147.7857299199981,2338.4559900000004,-1.00544184,-0.0838367599999999,0.0314662799999998,5.58587408,1.6637225600000003,2.0588484800000004,-3.8676110400000017,16.390136880000004,-95.73522164,100.0,32.41132396,63.22565368000027,65.83828332000029,74.19870064000031,39.18945440000017,162.2408263600007,1795.7088429200016,-0.94919868,0.0135773600000001,0.0050484400000001,-5.28198372,-8.267310759999999,0.3284196800000002,-14.0,37.0,65.77286115999999,100.0,32.64145244,108.5481042000004,2.5879365200000093,2.0703488400000074,2.0703488400000074,5.6934602800000205,2313.531029040001,-0.8699079999999999,0.5174221599999999,-0.04758996,0.1863294799999983,2.0166791200000045,1.216449159999999,13.059422000000012,-4.481185199999995,20.53399796000001,100.0,40.40022452,82.13767163999992,99.76995755999992,70.98061671999994,54.60047407999996,201.52538655999984,2466.711316480001,-1.00693736,-0.00559936,0.00416332,0.3043829200000002,1.95299248,4.8374176,8.747377839999999,-13.0,24.49488,100.0,33.37747384,89.42686608000022,57.658689199999934,51.720130239999946,61.85998611999993,166.03738499999983,1945.68332776,-1.04086508,0.1509497599999996,-0.0305874399999999,3.0301394,1.6460844,3.9503042,-6.0,30.0,38.72629932,100.0,33.06305144,112.4235918400003,2.578522880000007,2.062817840000005,2.062817840000005,5.672749920000015,2029.2366085199997,518,X1.5988 Y1.6926 Z-0.0502
16:24:22.621,5,522,1.56932,1.69479,-0.05123,87.42177,59.93294,-27.29362,,185.42,0,0,,2,1,"{""sr"":{""mpox"":87.42177,""mpoy"":59.93294,""mpoz"":-27.29362,""mpoa"":0,""posx"":1.56932,""posy"":1.69479,""posz"":-0.05123,""posa"":0,""unit"":0,""stat"":5,""coor"":2,""momo"":1,""dist"":0,""home"":1,""mots"":1,""plan"":0,""line"":522,""path"":2,""frmo"":2,""prbe"":1,""safe"":0,""estp"":0,""spc"":1,""hold"":0,""macs"":5,""cycs"":1,""sps"":12000,""feed"":185.42,""mark"":176190722}}",5.252088716606798,0.2032541881379509,0.2081700009901619,0.2152519790843124,5.252088716606798,0.2032541881379509,0.2081700009901619,0.2152519790843124,-0.9925858000000004,0.044474080000001,-0.0008885600000007,-1.813745720000004,-1.0817457200000042,0.959745720000004,-31.28285523999993,37.0,-39.0,100.0,34.06,105.42028560000996,78.88592776000745,78.16878300000738,79.6030725200075,242.3949420800229,1487.170768399977,-1.00491292,-0.0732541200000004,0.0414731600000003,5.207847919999988,1.9271268800000063,2.013879199999994,-3.4990081599999523,16.0,-95.3293486,100.0,32.39668676,40.58951203999737,53.01487307999657,59.227553959996165,31.891759439997934,130.0521107599916,1754.8254226399608,-0.998253239999999,-0.03357624,0.0224905999999996,-5.183912960000021,-8.239323919999991,0.3586496400000167,-13.092532439999978,36.90746756000002,66.48047904000005,100.0,32.6409254,88.81364951999522,2.134943599999885,1.707955079999908,1.707955079999908,4.696875719999747,1706.6898355599667,-0.9265487999999994,0.2456436399999901,-0.0212189200000018,2.4356590800001374,2.250480119999937,1.169405959999992,6.00437900000011,3.648551679999785,9.865550840000068,100.0,40.41482664,85.36332276000086,103.98804768000105,73.98154608000075,57.42623516000058,210.5628628400021,2656.2727069199577,-1.0052541199999998,-0.00873384,0.010325679999999,0.4927679200000024,1.6975429200000078,4.810542920000008,8.522266680000008,-13.84474532000004,24.522266680000005,100.0,33.39322488,61.10520600000085,61.10520600000085,54.83800544000077,65.80560624000091,176.52615076000245,1442.3544826799905,-0.9948906799999993,0.1140376799999996,-0.0184758400000001,2.902174720000003,1.7818630800000084,4.07892628,-6.0,30.17468555999996,38.0,100.0,33.07728056,97.63319847999637,2.233056799999916,1.7864452399999329,1.7864452399999329,4.912725159999815,1820.614447039972,522,X1.5643 Y1.6945 Z-0.0514
16:24:22.878,5,526,1.53857,1.68932,-0.05241,86.64087,59.79395,-27.32367,,185.42,0,0,,2,1,"{""sr"":{""mpox"":86.64087,""mpoy"":59.79395,""mpoz"":-27.32367,""mpoa"":0,""posx"":1.53857,""posy"":1.68932,""posz"":-0.05241,""posa"":0,""unit"":0,""stat"":5,""coor"":2,""momo"":1,""dist"":0,""home"":1,""mots"":1,""plan"":0,""line"":526,""path"":2,""frmo"":2,""prbe"":1,""safe"":0,""estp"":0,""spc"":1,""hold"":0,""macs"":5,""cycs"":1,""sps"":12000,""feed"":185.42,""mark"":176190722}}",5.352488549837747,0.2023043745770359,0.2105228245072871,0.2053458237501079,5.352488549837747,0.2023043745770359,0.2105228245072871,0.2053458237501079,-1.00543552,0.0438587,-0.0187296000000003,-1.839607619999998,-0.907251080000002,1.0207847600000042,-31.0,37.0,-40.141111939999966,100.0,34.058589160000004,22.436809779994608,15.522321279996266,15.522321279996266,15.80454515999619,47.97808309998845,2049.814246500008,-1.0030320199999998,-0.0761171399999997,0.0358409599999998,5.153930459999998,1.741459240000004,1.9555974199999997,-3.601096140000024,16.398903859999976,-95.60109614000002,100.0,32.3932993,80.80517748000177,84.27904382000177,92.68941944000191,50.80786452000108,205.24764996000437,1656.3592025199994,-1.0124233600000003,0.0255273800000009,0.0240010800000003,-5.128727820000015,-7.681853099999982,0.5763264000000083,-14.0,37.0,66.37771452,100.0,32.64284594,128.90622798000234,3.1114284000000576,2.489142920000046,2.489142920000046,6.845143140000126,1950.4567609000007,-0.947901640000001,0.6982229200000061,0.1136179800000033,0.952500219999914,-0.1138006600000201,1.31426832,8.528990780000003,10.002696319999814,10.898702280000151,100.0,40.41679662,80.76867095999948,95.14394609999948,67.82538745999962,52.282069039999705,192.5675988799989,2379.4361929200136,-0.9970115199999998,-0.0100774199999999,-0.0069013400000005,0.6475427199999975,1.6761790600000013,4.91109916,8.616759919999986,-14.0,24.07740627999998,100.0,33.4,101.38935264000006,54.356311259999565,48.75114493999963,58.424725939999554,156.54247387999877,1811.4287449800047,-1.0269567999999991,0.1264359800000006,-0.01313204,2.7417844399999978,1.830899340000004,3.9365498999999984,-6.087149999999979,30.08714999999998,37.41367136,100.0,33.0708715,128.99225558000182,2.931642480000041,2.345313840000033,2.345313840000033,6.449612880000091,1589.2893513000029,526,X1.5306 Y1.6865 Z-0.0527
16:24:23.135,5,529,1.51037,1.67606,-0.05349,85.92459,59.45719,-27.35119,,185.42,0,0,,2,1,"{""sr"":{""mpox"":85.92459,""mpoy"":59.45719,""mpoz"":-27.35119,""mpoa"":0,""posx"":1.51037,""posy"":1.67606,""posz"":-0.05349,""posa"":0,""unit"":0,""stat"":5,""coor"":2,""momo"":1,""dist"":0,""home"":1,""mots"":1,""plan"":0,""line"":529,""path"":2,""frmo"":2,""prbe"":1,""safe"":0,""estp"":0,""spc"":1,""hold"":0,""macs"":5,""cycs"":1,""sps"":12000,""feed"":185.42,""mark"":176190722}}",5.15989887064172,0.1925766814581256,0.192404813924926,0.2000886273015098,5.15989887064172,0.1925766814581256,0.192404813924926,0.2000886273015098,-0.987,0.036032,-0.010846,-1.526,-0.854,1.09803,-31.0,36.994702,-40.005298,100.0,34.07,152.189364,108.422488,110.411892,112.401295,341.182693,1133.874215,-1.006872,-0.072743,0.019047,5.328548,1.862742,1.868097,-0.912214,4.865141,-28.582702,100.0,32.4,38.008913,40.441483,44.090339,24.325704,97.910959,1244.036906,-0.998313,-0.040647,0.010981,-4.901773,-8.159469,0.385814,-13.665893,36.334107,66.99768,100.0,32.630023,69.160087,1.670534,1.336427,1.336427,3.675174,1334.315546,-0.938938,0.262423,-0.025666,5.628697,1.867524,1.155434,12.074845,19.925155,-6.387732,100.0,40.41,88.674736,108.559374,77.38886,59.653913,219.80586,1481.27237,-0.99037,-0.019632,-0.015131,0.725573,1.614286,4.849286,8.447317,-14.0,24.0,100.0,33.404473,101.141077,65.769334,58.584449,70.190802,188.465067,1152.719609,-1.043049,0.131354,-0.001268,3.022249,1.793062,3.929062,-6.621929,30.0,38.378071,100.0,33.066219,82.041405,1.890355,1.512284,1.512284,4.158781,1058.585988,529,X1.5077 Y1.6744 Z-0.0536
16:24:23.393,5,533,1.48639,1.65579,-0.05458,85.31541,58.94242,-27.37892,,185.42,0,0,,2,1,"{""sr"":{""mpox"":85.31541,""mpoy"":58.94242,""mpoz"":-27.37892,""mpoa"":0,""posx"":1.48639,""posy"":1.65579,""posz"":-0.05458,""posa"":0,""unit"":0,""stat"":5,""coor"":2,""momo"":1,""dist"":0,""home"":1,""mots"":1,""plan"":0,""line"":533,""path"":2,""frmo"":2,""prbe"":1,""safe"":0,""estp"":0,""spc"":1,""hold"":0,""macs"":5,""cycs"":1,""sps"":12000,""feed"":185.42,""mark"":176190722}}",5.370124721689945,0.2068754846921107,0.2009556721709083,0.2034555602376365,5.370124721689945,0.2068754846921107,0.2009556721709083,0.2034555602376365,-0.9867632800000004,0.0372896000000003,-0.0066435600000001,-2.1258220799999976,-1.078911399999995,1.03785164,-31.001857320000003,36.16128100000004,-39.83871899999996,100.0,34.07839316,25.048119200006177,17.516782760004315,17.99889612000443,18.159600800004476,55.441748280013655,1467.9084637999997,-1.00694136,-0.07384596,0.0238665200000002,5.446213680000002,1.754404560000001,2.059404560000001,-3.3671129200000154,16.888551999999972,-95.63288708,100.0,32.38367136,84.17397847999793,85.43975279999789,92.40151063999772,51.89673875999872,205.6882937999949,1135.9435423200036,-1.0187149999999994,-0.0353007599999999,0.0299911599999997,-5.286847639999994,-8.16204124,0.4413744799999936,-13.615193879999987,36.72198604000001,66.72198604000002,100.0,32.63876380000001,128.5755764799972,3.075971079999933,2.4607763599999464,2.4607763599999464,6.767135879999853,1376.4644221199965,-1.0108685999999956,0.0978057999999999,0.0218730799999978,5.631630839999915,0.1518063600000736,1.0715152000000012,8.351713719999935,14.68639323999977,-8.30272199999994,100.0,40.41623344,77.50719888000049,96.0518660000006,68.47261760000042,52.78097600000033,194.0057485600012,1606.362744759998,-1.0040693200000002,-0.0099332399999997,-0.0074009199999991,0.6427073599999997,1.691519399999994,4.859014680000004,9.0,-13.536192279999996,24.464401559999978,100.0,33.40536228,104.82053440000094,55.193113360000496,49.16361348000044,59.367382360000526,159.08603148000142,1134.4104725200002,-1.0122940399999996,0.1199701999999999,-0.0045803600000003,2.8756208399999976,1.7134266800000049,3.992347880000001,-6.0,30.415544120000007,38.93963103999999,100.0,33.06818896,127.41140939999784,2.9222797199999517,2.337823839999961,2.337823839999961,6.429016159999892,1066.84727384,533,X1.4822 Y1.6511 Z-0.0548
16:24:23.648,5,536,1.46847,1.63024,-0.05577,84.86019,58.29345,-27.40897,,185.42,0,0,,2,1,"{""sr"":{""mpox"":84.86019,""mpoy"":58.29345,""mpoz"":-27.40897,""mpoa"":0,""posx"":1.46847,""posy"":1.63024,""posz"":-0.05577,""posa"":0,""unit"":0,""stat"":5,""coor"":2,""momo"":1,""dist"":0,""home"":1,""mots"":1,""plan"":0,""line"":536,""path"":2,""frmo"":2,""prbe"":1,""safe"":0,""estp"":0,""spc"":1,""hold"":0,""macs"":5,""cycs"":1,""sps"":12000,""feed"":185.42,""mark"":176190722}}",5.35069603101605,0.2126555419742714,0.2110447194954434,0.2055357371891178,5.35069603101605,0.2126555419742714,0.2110447194954434,0.2055357371891178,-0.99668968,0.0457023000000002,-0.0066896799999999,-1.49719308000001,-0.8537632,0.88669332000001,-31.00388056,37.0,-39.00388056,100.0,34.08736152,110.41874111998769,80.23761883999106,83.18211865999073,83.91824329999065,254.69922945997163,1282.7472705000107,-1.0039465400000005,-0.0745220000000001,0.0024064800000004,5.390320039999981,1.8032433400000103,2.030369099999993,-4.0,16.225005139999976,-96.0,100.0,32.38449994,59.467678800004975,55.30609166000442,59.55437392000481,33.52797736000272,132.97861740001065,2008.588908939994,-1.0099709600000006,-0.0293027000000003,0.0198121200000006,-5.357626819999963,-7.940191780000008,0.5277963399999865,-13.579171719999971,37.0,67.82667359999995,100.0,32.63915832,88.12642198000577,2.104140660000137,1.6833131200001097,1.6833131200001097,4.629110340000301,1995.1665219999904,-0.9175112600000058,0.3738013799999926,-0.0140234599999995,0.9461263199996242,0.7946774200001061,1.3116219999999916,9.281858159999771,3.323432460000127,-2.359070920000114,100.0,40.43278442,82.85108911999897,104.5995000999987,74.56598025999908,57.477943179999286,211.27027685999735,2868.2239807999918,-1.0087480399999993,-0.0089207200000006,0.0203002199999994,0.551628579999986,1.6652116000000037,4.940968280000001,8.475152480000009,-14.0,24.408617639999957,100.0,33.404086279999994,103.17333523999716,62.98167557999896,56.15866125999907,67.18045425999888,180.02262381999702,1206.8986402199912,-1.0136851999999996,0.1160560199999999,-0.0093561799999998,2.8838336199999977,1.570944220000007,4.11230005999999,-6.0,30.53934260000005,38.92131405999989,100.0,33.06,95.61431890000432,2.2030951200001,1.76247560000008,1.76247560000008,4.84680876000022,1668.2678928800417,536,X1.468 Y1.6294 Z-0.0558
16:24:23.907,5,540,1.45795,1.60095,-0.05685,84.59306,57.54937,-27.43649,,185.42,0,0,,2,1,"{""sr"":{""mpox"":84.59306,""mpoy"":57.54937,""mpoz"":-27.43649,""mpoa"":0,""posx"":1.45795,""posy"":1.60095,""posz"":-0.05685,""posa"":0,""unit"":0,""stat"":5,""coor"":2,""momo"":1,""dist"":0,""home"":1,""mots"":1,""plan"":0,""line"":540,""path"":2,""frmo"":2,""prbe"":1,""safe"":0,""estp"":0,""spc"":1,""hold"":0,""macs"":5,""cycs"":1,""sps"":12000,""feed"":185.42,""mark"":176190722}}",5.130832610058111,0.2017516312002692,0.2044490371867575,0.2143369245606863,5.130832610058111,0.2017516312002692,0.2044490371867575,0.2143369245606863,-0.9886892799999998,0.0437443199999984,-0.0108335600000006,-1.89179056,-0.8542890399999999,1.0109947999999955,-31.438284440000075,37.11900823999985,-38.563431119999926,100.0,34.08998992,64.5765993200108,47.44283756000793,49.6382278000083,50.077504000008375,151.9896168000254,1654.9714784000012,-1.0121397600000006,-0.0745854400000002,0.0207803600000005,5.364379799999989,1.7483755600000006,2.066538119999996,-3.476575320000029,16.0,-95.69234979999996,100.0,32.385234,72.7560247199959,71.70917491999597,76.94342135999568,43.44424455999756,172.20670487999033,1534.4838466000049,-0.9850916800000016,-0.0340966000000004,0.0040233600000001,-5.305982919999993,-8.17757183999999,0.4203938799999955,-13.0,37.18524351999998,66.77231748000008,100.0,32.64814752,108.9349008399948,2.606098279999876,2.0848785599999005,2.0848785599999005,5.733415719999726,1465.822678279984,-0.967074879999994,0.2958166800000069,0.0088515199999961,-0.1674524799998759,1.498688079999942,1.3181619999999958,8.91798891999987,-5.666985959999504,2.7489970399996357,100.0,40.42203588,80.56238188000093,99.83804424000115,71.17167472000082,54.86149944000063,201.65307872000236,2034.8441543600209,-1.0012711999999997,-0.0098515200000006,0.0021252399999979,0.5961292399999999,1.7570509199999989,4.876093360000004,9.0,-13.31039119999996,24.674496640000054,100.0,33.40689592,88.63992428000141,59.09328256000094,52.19906624000083,63.032834800001005,168.90830004000267,1284.4674732000035,-1.001403519999999,0.1185752800000005,-0.0056419199999994,2.93,1.6777154400000012,4.089,-6.165775280000028,30.0,38.14004872000006,100.0,33.07124528,110.59712931999618,2.5643159599999104,2.051452679999928,2.051452679999928,5.641494639999802,1468.1575108799957,540,X1.457 Y1.5967 Z-0.057
16:24:24.165,5,544,1.45518,1.56969,-0.05794,84.52278,56.75541,-27.46422,,185.42,0,0,,2,1,"{""sr"":{""mpox"":84.52278,""mpoy"":56.75541,""mpoz"":-27.46422,""mpoa"":0,""posx"":1.45518,""posy"":1.56969,""posz"":-0.05794,""posa"":0,""unit"":0,""stat"":5,""coor"":2,""momo"":1,""dist"":0,""home"":1,""mots"":1,""plan"":0,""line"":544,""path"":2,""frmo"":2,""prbe"":1,""safe"":0,""estp"":0,""spc"":1,""hold"":0,""macs"":5,""cycs"":1,""sps"":12000,""feed"":185.42,""mark"":176190722}}",5.010141237119267,0.1983295148543433,0.2005124399923581,0.2057905036150769,5.010141237119267,0.1983295148543433,0.2005124399923581,0.2057905036150769,-0.9883964,0.0388408000000002,-0.0055776000000001,-1.526,-0.9644630000000036,1.001106399999993,-31.40003480000003,37.0,-39.20178439999994,100.0,34.0899816,57.33805280000407,43.003539800003054,44.9944440000032,45.392625200003216,137.7705998000098,1685.704857399999,-0.9988704,-0.0765728,0.0429447999999996,5.513248000000002,1.6258074,1.9771373999999988,-4.0,15.51593759999999,-95.4840624,100.0,32.388797600000004,84.52846019999828,71.19938139999859,75.8428189999985,43.33875399999914,170.13914259999663,2033.4214507999916,-1.0091868000000002,-0.0202882,0.0245984,-5.351107799999999,-8.206110199999994,0.4501677999999989,-14.0,37.0,66.62020000000003,100.0,32.6535296,106.52490439999822,2.5671191999999574,2.053695199999966,2.053695199999966,5.647661799999907,1989.8939539999983,-0.9787889999999984,0.2195681999999967,0.0255873999999983,0.8548228000000113,1.7714907999999838,1.2039061999999996,8.301391799999982,-8.473999600000043,19.109431200000003,100.0,40.4294618,76.63570600000043,98.18618340000052,69.64931240000037,53.688011400000285,197.33971820000104,2731.4213293999915,-0.998923,-0.0157235999999996,-0.0152305999999998,0.4428519999999992,1.6861422000000037,4.8108771999999975,9.0,-13.519021599999997,24.22110640000001,100.0,33.4022112,80.7727503999999,57.49627960000039,50.983691200000365,61.56521220000044,164.49455040000117,1470.824217400001,-1.0024347999999996,0.1311053999999994,-0.0118658,2.741434799999999,1.6821536000000012,4.180669199999998,-6.248612800000018,30.248612800000014,38.468664,100.0,33.0649724,116.8939185999984,2.656680199999964,2.125344199999971,2.125344199999971,5.84469579999992,1831.096969199999,544,X1.4557 Y1.5622 Z-0.0582
16:24:24.422,5,547,1.46067,1.53898,-0.05912,84.66227,55.9752,-27.49427,,185.42,0,0,,2,1,"{""sr"":{""mpox"":84.66227,""mpoy"":55.9752,""mpoz"":-27.49427,""mpoa"":0,""posx"":1.46067,""posy"":1.53898,""posz"":-0.05912,""posa"":0,""unit"":0,""stat"":5,""coor"":2,""momo"":1,""dist"":0,""home"":1,""mots"":1,""plan"":0,""line"":547,""path"":2,""frmo"":2,""prbe"":1,""safe"":0,""estp"":0,""spc"":1,""hold"":0,""macs"":5,""cycs"":1,""sps"":12000,""feed"":185.42,""mark"":176190722}}",5.276125356139389,0.2037498668649769,0.2241912635047216,0.2100051346724446,5.276125356139389,0.2037498668649769,0.2241912635047216,0.2100051346724446,-0.9751738399999992,0.0455075000000012,-0.0161207800000022,-1.8608379000000077,-0.9930287199999964,1.0538082599999965,-31.00318818,36.74042354000006,-40.25319961999994,100.0,34.09,106.9626065200086,79.66712270000642,83.35541546000672,84.09307436000677,255.2298562000205,1714.5553721600145,-1.0118165800000007,-0.0680443599999993,-0.00479898,5.184322839999989,1.946340500000008,2.012161419999995,-4.0,16.515069600000043,-94.40605991999998,100.0,32.39078858,69.84230755999597,56.036269519996765,59.69080923999656,34.10903345999803,133.99977583999225,1789.1049220400091,-1.0010131400000015,-0.0291505799999995,0.0240600600000012,-5.26793048000001,-8.10810516,0.400655800000006,-14.0,37.91406922000002,67.42000377999999,100.0,32.65840018,87.3608529199958,2.1000203799998998,1.6800165999999197,1.6800165999999197,4.620045279999778,1908.6876735800167,-1.0070250399999991,0.4382012199999963,0.0059992399999986,0.5851481399999306,1.269141119999973,1.1846763600000072,10.860482180000032,-5.279035379999936,22.048717820000302,100.0,40.442022900000005,81.9548740200007,105.2964515800009,74.69304926000063,57.575892520000494,211.63030684000185,2165.9789801600173,-1.00570346,-0.0157345399999998,-0.0011632600000011,0.4622785800000011,1.6040114200000009,4.822,8.142783419999967,-13.331102640000026,24.0,100.0,33.39857208,122.05845760000142,62.60757088000072,55.76808788000064,66.81648292000078,179.40488756000207,1374.5489289600123,-1.0033218399999997,0.116427579999999,-0.0170026400000001,2.861887359999998,1.774330200000006,4.062056320000001,-6.720510879999978,30.558300000000013,36.44169999999998,100.0,33.06,95.1277570399968,2.2085012599999265,1.7668012599999412,1.7668012599999412,4.858702039999838,1381.2719969000184,547,X1.4613 Y1.5369 Z-0.0592
16:24:24.678,5,551,1.47383,1.51076,-0.06021,84.9965,55.25864,-27.52179,,185.42,0,0,,2,1,"{""sr"":{""mpox"":84.9965,""mpoy"":55.25864,""mpoz"":-27.52179,""mpoa"":0,""posx"":1.47383,""posy"":1.51076,""posz"":-0.06021,""posa"":0,""unit"":0,""stat"":5,""coor"":2,""momo"":1,""dist"":0,""home"":1,""mots"":1,""plan"":0,""line"":551,""path"":2,""frmo"":2,""prbe"":1,""safe"":0,""estp"":0,""spc"":1,""hold"":0,""macs"":5,""cycs"":1,""sps"":12000,""feed"":185.42,""mark"":176190722}}",5.449827605046234,0.2032549522684376,0.2047117423907767,0.2003633291094375,5.449827605046234,0.2032549522684376,0.2047117423907767,0.2003633291094375,-0.9888337399999996,0.0386910799999997,0.0359609200000023,-1.4821608799999937,-0.6882018999999934,0.9855193199999968,-31.0,36.14032937999995,-39.00066248,100.0,34.09859656,22.62608581999131,15.084056879994186,15.782393099993936,15.922059999993865,48.18518241998144,1679.3897370999937,-0.9996500999999997,-0.0743530599999998,0.03139946,5.35184456,1.9724266000000112,1.9896540600000023,-3.0,16.0,-95.60089060000004,100.0,32.396008820000006,114.91453730000364,88.15074942000292,94.58511002000314,53.40519866000177,211.690485360007,1544.8029326600033,-0.9828133600000007,-0.0340200599999996,0.0035766,-5.485054860000012,-8.065751280000004,0.5141004799999978,-13.426355919999963,38.0,67.04676587999998,100.0,32.6518552,127.85116324000369,3.1020486600000896,2.481638840000072,2.481638840000072,6.824506560000198,1774.624679159998,-0.9822698800000016,0.2117792400000024,0.002732880000001,2.3810685000000635,1.2334068400000329,1.1127815999999946,10.092781859999937,4.374795079999647,16.694930560000707,100.0,40.45,75.65503815999905,95.23375331999912,67.8357223599994,52.290035699999535,192.2012136399983,1686.681927099996,-1.0058678800000005,-0.0006366599999996,0.0183545600000009,0.3939489400000021,1.868759259999996,4.9156572800000005,8.464639459999994,-13.612545059999976,23.54182411999997,100.0,33.41,73.72631129999954,55.29205333999935,49.25174495999942,59.00916599999931,157.5898404399981,1177.3163400999988,-0.9997383199999996,0.1159289599999992,-0.0157561600000001,2.8040133799999927,1.7184231399999996,4.058438720000003,-6.326739800000021,30.0,38.0,100.0,33.05760422,127.77644876000284,2.9306521000000654,2.3445218800000527,2.3445218800000527,6.447435280000144,1468.0713554800004,551,X1.4769 Y1.5061 Z-0.0604
16:24:24.936,5,554,1.49383,1.48687,-0.06129,85.50436,54.65166,-27.54931,,185.42,0,0,,2,1,"{""sr"":{""mpox"":85.50436,""mpoy"":54.65166,""mpoz"":-27.54931,""mpoa"":0,""posx"":1.49383,""posy"":1.48687,""posz"":-0.06129,""posa"":0,""unit"":0,""stat"":5,""coor"":2,""momo"":1,""dist"":0,""home"":1,""mots"":1,""plan"":0,""line"":554,""path"":2,""frmo"":2,""prbe"":1,""safe"":0,""estp"":0,""spc"":1,""hold"":0,""macs"":5,""cycs"":1,""sps"":12000,""feed"":185.42,""mark"":176190722}}",5.166636046789487,0.199273601568913,0.2050136120270834,0.2051395004391761,5.166636046789487,0.199273601568913,0.2050136120270834,0.2051395004391761,-0.9927621000000004,0.0408815400000002,0.0028815400000002,-1.8891013200000053,-1.093179720000011,0.9784493399999972,-31.0,37.0,-39.023757859999954,100.0,34.09,133.7451686600062,105.43414770000489,109.33911526000506,110.31535740000513,334.8510417200156,1405.2246633600091,-1.0066192799999996,-0.0750138999999999,0.02966302,5.440257679999996,1.730033160000008,1.987878880000004,-0.9341330399999144,4.907899659999711,-29.12675129999832,100.0,32.397210779999995,57.27675461999615,41.70324313999758,44.78458231999737,25.445826299998537,100.3051935199941,1132.539998999996,-0.9872879399999992,-0.012411299999999,0.0177054200000006,-5.408262000000008,-8.00069807999999,0.4255693000000028,-13.325512880000014,38.32551288000001,66.64770532000004,100.0,32.646777959999994,70.77738195999692,1.6945198799999233,1.3556160999999385,1.3556160999999385,3.7279444999998312,1257.1307472799936,-0.9240450999999994,0.3695739000000025,-0.045373760000002,2.8683580199999814,2.3704686599999887,1.038,10.16328135999997,12.369320500000187,5.543365519999496,100.0,40.44473054,88.44269102000061,108.30934516000067,77.21062204000049,59.51652136000037,218.22724564000137,1414.01114137998,-1.0082358400000002,-0.0054396999999997,0.0147124400000004,0.3149736600000061,1.9859936600000012,4.86216152,9.0,-13.450185559999996,23.54981444000001,100.0,33.41549802,127.19942144000191,64.87815386000055,57.7305611400005,69.2766733800006,185.82848484000164,1050.090707160001,-1.0100099000000005,0.1138134199999998,-0.02099248,2.859416500000003,1.7933745199999993,3.98991552,-6.992475580000017,30.00752441999998,37.00752441999998,100.0,33.05164678,84.30306155999754,1.915978299999944,1.5327834199999557,1.5327834199999557,4.598349279999867,1104.600903040001,554,X1.494 Y1.4867 Z-0.0613
16:24:25.193,5,558,1.51951,1.46889,-0.06248,86.15657,54.19515,-27.57958,,185.42,0,0,,2,1,"{""sr"":{""mpox"":86.15657,""mpoy"":54.19515,""mpoz"":-27.57958,""mpoa"":0,""posx"":1.51951,""posy"":1.46889,""posz"":-0.06248,""posa"":0,""unit"":0,""stat"":5,""coor"":2,""momo"":1,""dist"":0,""home"":1,""mots"":1,""plan"":0,""line"":558,""path"":2,""frmo"":2,""prbe"":1,""safe"":0,""estp"":0,""spc"":1,""hold"":0,""macs"":5,""cycs"":1,""sps"":12000,""feed"":185.42,""mark"":176190722}}",5.396107984257442,0.202455734553999,0.2059816651655146,0.2023675126822836,5.396107984257442,0.202455734553999,0.2059816651655146,0.2023675126822836,-0.9875204800000004,0.0344385599999992,-0.0017620800000011,-1.526,-0.7417507199999951,0.9060894400000048,-31.159854239999923,36.84014576000008,-39.15985423999992,100.0,34.0915984,23.17887547998847,17.264265719991418,17.743828599991172,17.903682999991098,54.51032051997289,1614.0663698400144,-1.0155962400000005,-0.0766315600000005,0.0295500400000001,5.511297640000012,1.909363239999976,1.974474399999996,-3.2544654000000244,16.111393599999946,-95.0,100.0,32.402682600000006,121.12099172000596,84.9749362000042,92.58463204000456,51.365446520002536,206.09592792001015,1992.1165071600049,-0.9886809199999989,-0.0383872399999993,0.004813799999999,-5.109932039999999,-8.008088839999983,0.5164734400000162,-13.0,38.27979812000002,66.61355756000002,100.0,32.6410664,128.23357684000555,3.0677888000001325,2.454231240000106,2.454231240000106,6.749135320000292,2098.4312783600017,-0.8885198000000027,0.3209752000000074,-0.0106985199999969,1.950105799999997,0.1932834799999452,1.3035044000000011,9.196889319999938,14.344754279999863,2.3158914400007515,100.0,40.42,77.98002707999903,96.0485698799988,68.47026743999915,52.77916475999935,193.5236027199976,2877.860297160014,-1.0072859200000004,-0.007663559999999,0.0126592400000015,0.1894561599999799,2.018636840000004,4.883,9.0,-13.071410239999963,24.859484480000123,100.0,33.42069112,85.68133907999841,54.187657639999,48.6299493599991,57.89279699999893,155.15269587999714,1284.446306040001,-1.027623960000001,0.1203455200000012,-0.0104683599999994,2.904638080000001,1.677053119999997,3.974382399999997,-6.0,30.0,37.93948816000003,100.0,33.06584252,127.7041679200044,2.9211466400000976,2.397429320000048,2.336917480000078,7.010751760000234,1986.2314443200275,558,X1.5225 Y1.4673 Z-0.0626
16:24:25.451,5,562,1.54892,1.45817,-0.06358,86.90383,53.92288,-27.60731,,185.42,0,0,,2,1,"{""sr"":{""mpox"":86.90383,""mpoy"":53.92288,""mpoz"":-27.60731,""mpoa"":0,""posx"":1.54892,""posy"":1.45817,""posz"":-0.06358,""posa"":0,""unit"":0,""stat"":5,""coor"":2,""momo"":1,""dist"":0,""home"":1,""mots"":1,""plan"":0,""line"":562,""path"":2,""frmo"":2,""prbe"":1,""safe"":0,""estp"":0,""spc"":1,""hold"":0,""macs"":5,""cycs"":1,""sps"":12000,""feed"":185.42,""mark"":176190722}}",5.089855490483646,0.1957168487377513,0.2046961641314347,0.2083523689569847,5.089855490483646,0.1957168487377513,0.2046961641314347,0.2083523689569847,-0.9895366799999998,0.0443950799999996,0.0014988000000002,-1.772160000000003,-0.959225160000004,0.8935479599999979,-31.0,37.0,-39.678469360000015,100.0,34.09,106.51969324000264,73.27469312000183,74.63163184000187,75.9885708800019,230.00112004000576,1607.8497956400013,-1.0063524,-0.07554764,0.0132551999999995,5.34781344,1.7614857599999991,2.014,-3.430211119999993,16.206631600000005,-95.0,100.0,32.39793348,84.87341319999877,56.99445351999912,62.38056211999902,34.41686143999946,138.73450027999783,1385.931024439996,-0.9751119599999998,-0.0676614799999995,0.0141251600000002,-5.165237519999997,-8.37655248,0.3317819999999996,-10.002804120000144,29.899200000000437,52.71701024000076,100.0,32.655736319999995,91.0835828799988,2.1952434799999714,1.7561951199999772,1.7561951199999772,4.829535999999938,1878.4741855600016,-1.0027321600000003,0.1821482399999997,0.0421718000000003,4.064794240000049,1.1998092799999804,1.2812977199999962,5.053476119999988,3.098149399999892,5.0957459200001285,100.0,40.42,83.85201184000016,103.44793096000024,73.74505992000017,56.845150400000136,208.94433608000048,2096.843316880001,-0.9991362,-0.01274936,0.0034138400000001,0.380056440000001,2.071458680000002,4.91465452,9.0,-13.0,24.37468340000001,100.0,33.43,90.14929088000032,60.57037328000021,53.968549720000176,64.72180072000022,172.8031462800006,1650.861106679998,-0.99803928,0.0995377999999988,-0.0018399199999994,2.83576716,1.7809832400000014,3.972466040000001,-6.878417600000007,30.0,36.24316479999999,100.0,33.064552,97.86743255999912,2.275986799999979,2.275986799999979,1.8207896399999837,5.46236859999995,1612.3378812799972,562,X1.5553 Y1.4569 Z-0.0638
16:24:25.709,5,565,1.57999,1.45539,-0.06466,87.69291,53.85205,-27.63482,,185.42,0,0,,2,1,"{""sr"":{""mpox"":87.69291,""mpoy"":53.85205,""mpoz"":-27.63482,""mpoa"":0,""posx"":1.57999,""posy"":1.45539,""posz"":-0.06466,""posa"":0,""unit"":0,""stat"":5,""coor"":2,""momo"":1,""dist"":0,""home"":1,""mots"":1,""plan"":0,""line"":565,""path"":2,""frmo"":2,""prbe"":1,""safe"":0,""estp"":0,""spc"":1,""hold"":0,""macs"":5,""cycs"":1,""sps"":12000,""feed"":185.42,""mark"":176190722}}",5.383885965007715,0.2073047155977276,0.2073210912229283,0.205992288212675,5.383885965007715,0.2073047155977276,0.2073210912229283,0.205992288212675,-0.9930819199999998,0.0423976000000002,-0.0103271999999992,-1.6772527200000027,-0.9745059200000056,0.8570145599999944,-31.0,37.0,-39.0,100.0,34.09,79.12651548000751,51.7919006400049,52.27145540000495,53.23056492000504,161.13035852001525,1602.8477686400115,-1.00481264,-0.080127,0.0125084799999997,5.256292999999998,1.8483528799999889,2.0021658399999995,-3.664337919999968,16.156779479999987,-95.19399948,100.0,32.39477332,95.92856811999656,66.49017111999763,73.0884323199974,39.58956779999858,162.4187387199942,1196.0495630399976,-0.9904040399999992,-0.0750227599999993,0.0245474399999995,-5.220667119999995,-8.464544639999998,0.2651556799999981,-13.0,39.0,66.68105871999997,100.0,32.6347704,104.5761127599969,2.5382549599999247,2.03060375999994,2.03060375999994,5.584161599999835,1471.5458147599993,-0.9905227600000044,0.1851870800000002,-5.303999999745473e-05,2.561161000000133,1.2108188000000308,1.1262481600000025,7.618919600000103,-1.474593599999832,8.423471119999872,100.0,40.3905548,86.62017220000057,100.55905064000063,71.68565988000046,55.25769600000036,202.6115523200013,1701.6088201199975,-1.0089158,-0.0041526799999997,-0.0002731999999997,0.4140916399999981,1.7570916399999983,4.834908360000002,6.91656244000023,-9.983657280000353,17.1148406800006,100.0,33.43,122.63041204000118,57.82572216000055,51.34525356000049,61.81370364000059,165.00270840000158,1224.8425762399936,-1.04164588,0.1128902800000006,-0.0006094000000002,3.0313657200000046,1.699917560000004,4.059222919999998,-6.503948559999989,30.322469679999973,37.49605144000001,100.0,33.06173556,110.04233587999762,2.519744279999945,2.519744279999945,2.015795719999956,6.047386159999868,1082.7829359999953,565,X1.5812 Y1.4554 Z-0.0647
16:24:25.966,5,569,1.61062,1.46083,-0.06584,88.47087,53.99026,-27.66488,,185.42,0,0,,2,1,"{""sr"":{""mpox"":88.47087,""mpoy"":53.99026,""mpoz"":-27.66488,""mpoa"":0,""posx"":1.61062,""posy"":1.46083,""posz"":-0.06584,""posa"":0,""unit"":0,""stat"":5,""coor"":2,""momo"":1,""dist"":0,""home"":1,""mots"":1,""plan"":0,""line"":569,""path"":2,""frmo"":2,""prbe"":1,""safe"":0,""estp"":0,""spc"":1,""hold"":0,""macs"":5,""cycs"":1,""sps"":12000,""feed"":185.42,""mark"":176190722}}",5.16609552497734,0.1980824672876077,0.2034994515981017,0.1971147742635521,5.16609552497734,0.1980824672876077,0.2034994515981017,0.1971147742635521,-0.9910720799999998,0.0447591999999999,0.0017591999999999,-1.8078496000000008,-1.0086005999999972,0.9916995800000016,-31.0,37.0,-38.62048862000001,100.0,34.1024099,66.03493003999803,40.98719801999878,40.98719801999878,41.74622015999877,126.75670461999624,1770.5646181599973,-1.01277162,-0.09445774,0.03893086,5.298680039999999,1.825535599999999,1.9863301800000004,-3.0,16.567809159999992,-93.66059744,100.0,32.40021406,103.92905304000084,70.05262836000058,78.24853746000065,41.64014332000034,172.34249960000142,1796.9109669400077,-0.9708556800000004,-0.0121892400000001,0.00294704,-5.810010780000008,-8.232726859999994,0.5233775600000014,-12.541135660000004,38.41555934000001,66.08227132,100.0,32.6483111,112.72064380000084,2.705678680000019,2.1645430200000155,2.1645430200000155,5.952493020000042,1960.0233057000048,-0.8820837799999982,0.4565268999999988,-0.0520454800000006,1.2475943200000148,1.4341975600000112,1.2035854399999997,8.917369180000025,-8.465544740000063,2.5460416000000694,100.0,40.4,80.67769043999982,98.47752495999984,70.06112453999987,53.89317275999991,198.62931597999963,2638.72122096001,-1.0045925,-0.0062983199999999,0.0078238600000002,0.4397231599999996,1.536252999999999,4.887939320000001,9.0,-13.277304300000004,24.76318262,100.0,33.43,107.85304811999994,55.875993079999866,50.04545513999988,59.76301849999986,160.06250241999962,1724.4229699000005,-1.0078065400000005,0.1036325,-0.00075232,2.8834092199999994,1.7017758799999985,3.967,-6.763784020000007,30.0,36.46971294,100.0,33.057637920000005,115.6025045400006,2.651433920000014,2.651433920000014,2.121146860000011,6.363440960000034,1706.2036711000055,569,X1.615 Y1.4622 Z-0.066
16:24:26.224,5,573,1.63909,1.47403,-0.06693,89.19399,54.32569,-27.69261,,185.42,0,0,,2,1,"{""sr"":{""mpox"":89.19399,""mpoy"":54.32569,""mpoz"":-27.69261,""mpoa"":0,""posx"":1.63909,""posy"":1.47403,""posz"":-0.06693,""posa"":0,""unit"":0,""stat"":5,""coor"":2,""momo"":1,""dist"":0,""home"":1,""mots"":1,""plan"":0,""line"":573,""path"":2,""frmo"":2,""prbe"":1,""safe"":0,""estp"":0,""spc"":1,""hold"":0,""macs"":5,""cycs"":1,""sps"":12000,""feed"":185.42,""mark"":176190722}}",5.284186894964189,0.2021291312207853,0.2011476380883331,0.1996430254799549,5.284186894964189,0.2021291312207853,0.2011476380883331,0.1996430254799549,-0.9919205200000012,0.0291543199999979,-0.0172667600000025,-1.777460220000018,-1.010908260000009,0.91596256,-31.219999999999928,36.99854932,-37.78265266000008,100.0,34.10000624,130.39900982001225,84.33177508000793,83.55237568000786,85.11407506000799,259.2421229800243,1440.4075284999944,-1.0023910000000005,-0.0688996400000006,0.014251079999999,5.027424299999972,1.987349180000011,1.9831226599999945,-3.066639319999977,16.609885920000032,-94.71358905999998,100.0,32.404567300000004,78.02282713999419,49.5444952599963,55.78632107999584,29.258560259997815,121.71560987999092,1261.007051219994,-0.9580979600000002,-0.0588918599999983,0.0127611199999991,-5.212778359999985,-8.16121302000002,0.415679859999997,-13.407214199999975,38.0,66.92685176000002,100.0,32.63039272,84.2933047199949,2.0360697799998766,1.6288565799999013,1.6288565799999013,4.479354539999729,1369.8994002799789,-0.951784740000006,0.1385815599999988,0.0007252800000037,5.195344820000156,2.17170643999988,1.1477979600000012,8.795098159999863,-5.978804120000604,5.634006940001109,100.0,40.39479674,86.37538616000094,104.58706350000114,74.40771202000082,57.23670164000063,210.7351284400023,1630.105491399998,-1.0104486,-0.0162042199999996,0.0034332199999997,0.5741620199999977,1.6192293200000003,4.793704039999996,9.0,-13.471646919999992,25.229275120000075,100.0,33.4247163,132.08816066000188,60.76055370000086,53.89196978000077,64.45902248000091,173.29966720000246,1310.666093859993,-0.9850745600000008,0.0922282000000037,-0.0135631200000003,2.867670339999998,1.5274069199999971,4.08188470000001,-6.705126459999972,30.70512645999997,37.0,100.0,33.0586283,93.75444257999608,2.160240459999909,2.160240459999909,1.7281920799999273,5.184577239999783,1108.0899065199876,573,X1.6454 Y1.4783 Z-0.0672
16:24:26.481,5,576,1.66293,1.49405,-0.06802,89.79964,54.83411,-27.72012,,185.42,0,0,,2,1,"{""sr"":{""mpox"":89.79964,""mpoy"":54.83411,""mpoz"":-27.72012,""mpoa"":0,""posx"":1.66293,""posy"":1.49405,""posz"":-0.06802,""posa"":0,""unit"":0,""stat"":5,""coor"":2,""momo"":1,""dist"":0,""home"":1,""mots"":1,""plan"":0,""line"":576,""path"":2,""frmo"":2,""prbe"":1,""safe"":0,""estp"":0,""spc"":1,""hold"":0,""macs"":5,""cycs"":1,""sps"":12000,""feed"":185.42,""mark"":176190722}}",5.2275139294602,0.1983375465768101,0.2036225133257805,0.1765848410665953,5.2275139294602,0.1983375465768101,0.2036225133257805,0.1765848410665953,-0.9915965600000002,0.03883792,-0.0052421999999998,-1.6017853599999927,-0.7517873999999902,0.85400344,-31.99994512,36.00005488,-40.83835812000008,100.0,34.10919228,11.222634039994489,8.800482839995675,8.639005599995755,8.800482839995675,26.724401839986868,1637.5261045200032,-1.0108528,-0.0750256,0.0205479999999997,5.266533520000007,1.9893498800000065,1.9907334000000023,-3.024318079999988,16.642896000000025,-94.66721408000002,100.0,32.41308464,120.19575044000278,83.40172148000195,94.74435500000224,49.37381924000116,205.5504770800048,1937.8485225199963,-1.0078751999999993,-0.0279858399999998,0.02494772,-4.829522799999986,-8.518742520000012,0.2620468799999911,-13.026652639999988,38.053305279999975,65.66622124,100.0,32.64053304,133.03024296000277,3.1978420000000662,2.558274320000053,2.558274320000053,7.035253520000146,2071.5191188000017,-0.831218839999996,0.3081253199999985,-0.0303226000000018,2.2072962800001013,1.0427718800000425,1.2310545599999994,10.580503319999906,2.89219523999986,5.5952951200001655,100.0,40.39512548,76.5776254799995,94.37708695999942,67.14389739999959,51.64915219999968,190.58935219999884,2806.1382490799915,-1.00806536,-0.0090391600000001,0.0126531999999999,0.3871997599999988,1.7755470399999942,4.841900120000001,9.0,-13.41253720000002,25.543152560000006,100.0,33.4245684,114.74059899999936,52.08064879999952,46.59847531999957,55.73543083999949,149.38922983999865,1252.7266822799986,-0.9927497599999996,0.11675208,-0.0160497599999999,2.9545356400000027,1.64175848,4.089046479999996,-6.399444239999991,30.0,37.0,100.0,33.053006159999995,129.11939684000205,3.002776960000048,3.002776960000048,2.4022212000000387,7.206663680000116,1774.202781800005,576,X1.6646 Y1.4958 Z-0.0681
16:24:26.736,5,580,1.68091,1.51968,-0.06921,90.25621,55.48512,-27.75039,,185.42,0,0,,2,1,"{""sr"":{""mpox"":90.25621,""mpoy"":55.48512,""mpoz"":-27.75039,""mpoa"":0,""posx"":1.68091,""posy"":1.51968,""posz"":-0.06921,""posa"":0,""unit"":0,""stat"":5,""coor"":2,""momo"":1,""dist"":0,""home"":1,""mots"":1,""plan"":0,""line"":580,""path"":2,""frmo"":2,""prbe"":1,""safe"":0,""estp"":0,""spc"":1,""hold"":0,""macs"":5,""cycs"":1,""sps"":12000,""feed"":185.42,""mark"":176190722}}",5.231535312124814,0.2005099251982756,0.1856060273434477,0.1906414289194145,5.231535312124814,0.2005099251982756,0.1856060273434477,0.1906414289194145,-0.993,0.0401605800000006,-0.0047789800000031,-1.831,-0.854,0.9131822999999883,-31.02290668000009,37.0,-38.97709331999991,100.0,34.1,151.4494126599855,106.5031356199898,103.57185663999007,106.5031356199898,322.4406848599691,1341.75838876004,-1.0099337199999991,-0.0760338799999996,0.0461400999999974,5.264146600000013,1.711566380000012,1.8703565000000129,-2.957928039999803,16.07016405999892,-92.9762932399938,100.0,32.39705412,55.23426682000673,38.26284402000466,43.5085558800053,22.525706480002743,94.4228243000115,1331.8221027400116,-1.013915799999998,-0.0154117200000019,0.025581679999998,-5.1595429399999615,-7.900079060000027,0.4647993999999866,-13.986600959999937,38.65986601999997,66.65346987999993,100.0,32.64340132,71.04782240000641,1.7006698600001575,1.3605358800001264,1.3605358800001264,3.741474660000348,1443.1589349000035,-1.0398955799999925,0.2609332000000043,0.0053544799999983,-0.2588626000000642,2.024325979999852,1.138982340000012,13.163544859999696,9.462787599999649,15.19964011999951,100.0,40.4,87.44420965999882,107.82997629999856,76.71485869999896,59.011430299999205,217.80582317999705,1684.078577479999,-1.0009878199999998,-0.0135815199999998,-0.001897139999999,0.3310108799999929,2.0812489600000017,4.822545660000003,8.54675065999999,-13.54675065999999,25.53780537999995,100.0,33.44008946,119.424249719999,62.32959051999892,55.76858067999903,66.70359675999885,178.7875077999969,1218.4699298000005,-0.9988824999999985,0.1244829799999998,-0.0192244599999998,2.8788056800000086,1.6857025599999984,4.1625784199999885,-6.618075459999977,30.381924540000025,37.38941100000006,100.0,33.0576385,83.25956792000508,1.9096227000001165,1.9096227000001165,1.5276981600000934,4.58309544000028,1181.3188563000274,580,X1.6834 Y1.5246 Z-0.0694
16:24:26.996,5,583,1.6917,1.5491,-0.0703,90.53031,56.23238,-27.77812,,185.42,0,0,,2,1,"{""sr"":{""mpox"":90.53031,""mpoy"":56.23238,""mpoz"":-27.77812,""mpoa"":0,""posx"":1.6917,""posy"":1.5491,""posz"":-0.0703,""posa"":0,""unit"":0,""stat"":5,""coor"":2,""momo"":1,""dist"":0,""home"":1,""mots"":1,""plan"":0,""line"":583,""path"":2,""frmo"":2,""prbe"":1,""safe"":0,""estp"":0,""spc"":1,""hold"":0,""macs"":5,""cycs"":1,""sps"":12000,""feed"":185.42,""mark"":176190722}}",5.280128267538943,0.2082169441741903,0.2071738377704667,0.2092338696774515,5.280128267538943,0.2082169441741903,0.2071738377704667,0.2092338696774515,-0.98744966,0.0416915199999997,-0.0118436600000008,-1.762477380000009,-0.97686456,1.0111061799999954,-32.0,36.999120940000005,-39.34111303999989,100.0,34.10778482,32.38216514000541,24.003443020004013,23.342797940003894,23.784106980003973,72.67097392001213,1373.420858039995,-1.0057360399999995,-0.07502568,0.0123529999999997,5.479389259999994,1.848782540000002,2.093577619999996,-3.8469039799999742,16.610741819999983,-94.76383784,100.0,32.40083086,107.49060867999744,75.12127787999822,86.11463541999795,43.97343093999896,185.6655966599956,1287.854355439996,-0.9948869399999988,-0.0187052000000001,0.0159060999999997,-5.194685620000011,-7.885566819999985,0.5059317600000031,-13.0,37.0,65.85301843999997,100.0,32.64146982,122.09545071999744,2.977937979999937,2.3823499599999503,2.3823499599999503,6.551463199999862,1535.5418722399957,-0.9528374200000032,0.2899461599999956,-0.0185826599999987,4.757485620000104,1.406718539999955,1.231499119999997,13.364261279999956,11.85929856000013,22.4193791399996,100.0,40.40796477999999,78.29425180000047,95.95819872000057,68.2687682200004,52.51443680000031,193.82601294000116,1527.3045664799872,-1.00782534,-0.0122753599999998,0.0080525800000008,0.3861662199999977,2.0522588000000006,4.807864640000004,8.901133979999983,-13.42945551999998,23.57054448000002,100.0,33.45,98.10906536000078,53.77131476000042,48.11117682000038,57.54474020000046,154.23877152000122,1090.487092100001,-1.0109383199999993,0.1186933399999999,-0.0098206599999998,2.8130729800000007,1.6191428400000003,3.9966373200000063,-6.0,31.0,37.48619661999997,100.0,33.0808316,123.06511135999806,2.846804659999955,2.846804659999955,2.277443639999964,6.832330139999892,1150.7207343600028,583,X1.6917 Y1.5491 Z-0.0703
16:24:27.253,5,587,1.69432,1.58012,-0.07138,90.59677,57.0202,-27.80564,,185.42,0,0,,2,1,"{""sr"":{""mpox"":90.59677,""mpoy"":57.0202,""mpoz"":-27.80564,""mpoa"":0,""posx"":1.69432,""posy"":1.58012,""posz"":-0.07138,""posa"":0,""unit"":0,""stat"":5,""coor"":2,""momo"":1,""dist"":0,""home"":1,""mots"":1,""plan"":0,""line"":587,""path"":2,""frmo"":2,""prbe"":1,""safe"":0,""estp"":0,""spc"":1,""hold"":0,""macs"":5,""cycs"":1,""sps"":12000,""feed"":185.42,""mark"":176190722}}",5.01213738647215,0.1955431874119607,0.1974082730368292,0.2154800245006802,5.01213738647215,0.1955431874119607,0.1974082730368292,0.2154800245006802,-0.98592576,0.0326248399999996,0.0248886000000007,-1.786352400000002,-0.932543160000002,0.955043240000001,-31.00300992,37.0,-37.64306428000002,100.0,34.1,97.4678673200026,69.43789232000185,67.5267576400018,68.80084752000184,210.2248115600056,1652.074168480012,-1.01428292,-0.0703839199999999,0.04034668,5.526003600000001,1.866676800000001,2.02397784,-3.251565479999988,16.446521639999993,-95.0,100.0,32.38610112,70.66998871999877,54.92216179999917,62.95955115999906,32.14955835999952,135.74257815999795,1623.4936823200042,-1.0113464800000005,-0.0208376800000005,0.0316525199999999,-5.056874960000006,-8.309729279999999,0.4611268800000042,-14.0,37.24009011999999,66.24009011999999,100.0,32.64,93.61440223999882,2.271566399999972,1.8172529199999767,1.8172529199999767,4.9974459199999375,1715.9968368000043,-1.0243503600000017,0.2229634399999983,0.0415026800000004,-0.1648710400000024,1.7834346000000003,1.1492194399999989,13.520447600000026,5.885549840000039,21.353467360000035,100.0,40.37854392,83.25290084000022,102.64952572000026,73.02926476000019,56.17635760000014,207.3418278000005,1707.2455647999986,-1.01200104,-0.0113879199999999,0.0244209200000002,0.3778154000000011,1.80147932,4.80231128,8.838821880000008,-13.483943159999995,24.129064439999983,100.0,33.46161172,96.31182276000058,58.83049632000021,52.63781216000019,62.95895240000021,169.26669140000058,1422.6282095200022,-1.0178659200000002,0.1216565199999997,-0.00666852,2.89736552,1.7173483999999997,3.93863448,-7.0,30.4650088,37.863143840000006,100.0,33.07398144,102.30191543999908,2.3250439199999797,2.3250439199999797,1.8600344799999835,5.580104439999951,1321.2865657200025,587,X1.6942 Y1.5835 Z-0.0715
16:24:27.510,5,591,1.6889,1.61095,-0.07257,90.4592,57.80337,-27.83591,,185.42,0,0,,2,1,"{""sr"":{""mpox"":90.4592,""mpoy"":57.80337,""mpoz"":-27.83591,""mpoa"":0,""posx"":1.6889,""posy"":1.61095,""posz"":-0.07257,""posa"":0,""unit"":0,""stat"":5,""coor"":2,""momo"":1,""dist"":0,""home"":1,""mots"":1,""plan"":0,""line"":591,""path"":2,""frmo"":2,""prbe"":1,""safe"":0,""estp"":0,""spc"":1,""hold"":0,""macs"":5,""cycs"":1,""sps"":12000,""feed"":185.42,""mark"":176190722}}",5.233812959584499,0.1936697102452845,0.1946278494686423,0.2083017798434207,5.233812959584499,0.1936697102452845,0.1946278494686423,0.2083017798434207,-0.9954714999999996,0.0390349999999998,0.0104060000000047,-1.7086844999999913,-0.8544529999999914,0.9457069999999868,-31.49800449999993,36.50199550000007,-38.50080999999993,100.0,34.11,82.79834499998827,54.3707789999923,52.87433599999252,54.3707789999923,164.6087814999767,1999.6514285000303,-0.9948039999999996,-0.0748994999999997,0.0090725000000012,5.273517000000017,1.7637854999999931,2.0018495000000045,-3.500255999999972,16.499744000000028,-94.84946749999996,100.0,32.3969945,78.45981600000444,61.46851850000348,70.46391150000399,35.98157200000204,152.42193600000863,2036.616419000003,-1.0028999999999988,-0.0419084999999985,0.0247599999999983,-5.11626600000001,-8.402554500000004,0.3153639999999955,-8.798730500000644,25.236266000001816,44.33025050000318,100.0,32.65,103.260168500005,2.494207000000121,1.995365500000097,1.995365500000097,5.487255500000267,2724.228476000005,-0.8577095000000037,0.5435980000000084,-0.0166149999999996,2.668767000000149,1.3567450000000427,1.279828999999995,8.99666950000002,5.142357500000326,1.4743369999994438,100.0,40.3749915,81.13489349999914,100.66736799999894,71.61907249999925,55.09159399999942,203.33806599999784,2312.1069440000238,-1.0064629999999994,-0.0019854999999996,0.0245134999999993,0.4633685000000074,1.695235000000002,4.832866499999994,8.225654499999967,-13.72447349999996,24.0,100.0,33.47,97.26965999999862,56.86533949999919,51.37833299999927,61.35470849999913,164.11137449999765,1569.7654329999984,-1.0137134999999984,0.1441069999999992,-0.0055974999999993,2.906820000000005,1.7280030000000006,4.108003000000001,-6.499237000000017,30.50076299999998,38.0,100.0,33.0681075,108.0929715000036,2.4961865000000856,2.4961865000000856,1.9969495000000688,5.491610000000189,1961.1926845000155,591,X1.6868 Y1.6171 Z-0.0728
16:24:27.767,5,594,1.6756,1.63938,-0.07367,90.12138,58.52543,-27.86363,,185.42,0,0,,2,1,"{""sr"":{""mpox"":90.12138,""mpoy"":58.52543,""mpoz"":-27.86363,""mpoa"":0,""posx"":1.6756,""posy"":1.63938,""posz"":-0.07367,""posa"":0,""unit"":0,""stat"":5,""coor"":2,""momo"":1,""dist"":0,""home"":1,""mots"":1,""plan"":0,""line"":594,""path"":2,""frmo"":2,""prbe"":1,""safe"":0,""estp"":0,""spc"":1,""hold"":0,""macs"":5,""cycs"":1,""sps"":12000,""feed"":185.42,""mark"":176190722}}",5.250800080220723,0.2020587250352544,0.2082525277979481,0.2116294418814637,5.250800080220723,0.2020587250352544,0.2082525277979481,0.2116294418814637,-0.99280208,0.0466903999999997,-0.0183724400000001,-1.736438399999996,-0.91579444,0.85410368,-31.360779639999983,36.72323147999997,-39.0,100.0,34.10998344,57.724741239997314,39.32497967999816,38.24264075999821,39.32497967999816,119.4180578799944,1393.5660382400056,-1.00308212,-0.0710799199999998,-0.0115778400000004,5.500355839999998,1.7907020800000055,2.0205969999999995,-3.0,16.0,-94.10814904,100.0,32.396623680000005,74.2293266400008,68.72732220000084,78.59571964000097,40.460439640000494,170.0473991200021,1235.1111253199997,-0.99872668,-0.0234437599999999,0.0216200799999999,-5.407801879999994,-7.658239079999999,0.5956064400000006,-14.0,37.0,67.11995811999999,100.0,32.64,114.5376750000012,2.740135560000029,2.1921089600000228,2.1921089600000228,6.028299000000063,1556.698658039999,-0.9686009199999996,0.2183328399999989,0.0017019599999994,3.6792693599999446,0.217472799999983,1.3477327600000009,6.728761319999995,11.257063600000082,-2.893144960000104,100.0,40.38,79.20549739999981,98.14819687999972,69.82682679999981,53.71294347999985,198.24959239999947,1349.8883373999993,-1.00586848,-0.0140092,0.0146780799999998,0.3919427199999991,2.0123454,4.968288119999999,9.0,-13.80091748000001,23.574705920000014,100.0,33.4628736,89.05519344000035,55.9400743599998,50.10284911999982,59.83155839999978,161.01012823999943,1154.9396316800016,-1.0031813200000002,0.1210509999999998,-0.0063007599999999,2.855348080000001,1.8963128400000004,3.98169184,-6.223799399999989,30.0,38.0,100.0,33.064646440000004,115.6358183600009,2.6767554000000207,2.141403720000017,2.141403720000017,5.888861120000046,1312.4405921200007,594,X1.6751 Y1.6402 Z-0.0737
16:24:28.023,5,598,1.6556,1.6631,-0.07475,89.61338,59.12798,-27.89115,,185.42,0,0,,2,1,"{""sr"":{""mpox"":89.61338,""mpoy"":59.12798,""mpoz"":-27.89115,""mpoa"":0,""posx"":1.6556,""posy"":1.6631,""posz"":-0.07475,""posa"":0,""unit"":0,""stat"":5,""coor"":2,""momo"":1,""dist"":0,""home"":1,""mots"":1,""plan"":0,""line"":598,""path"":2,""frmo"":2,""prbe"":1,""safe"":0,""estp"":0,""spc"":1,""hold"":0,""macs"":5,""cycs"":1,""sps"":12000,""feed"":185.42,""mark"":176190722}}",5.301580072418842,0.197187163718292,0.2005899423320862,0.2032207842152791,5.301580072418842,0.197187163718292,0.2005899423320862,0.2032207842152791,-0.991,0.0338858399999998,-0.0056789999999999,-1.7530157599999978,-0.9770144,0.85402928,-31.0,36.24052515999999,-38.48081319999998,100.0,34.1199976,133.704352240002,82.04914640000122,80.5294853600012,82.80862124000124,251.46471204000375,1365.2180362799995,-1.0053848,-0.0783256,0.03053736,5.3728111999999975,1.646784959999998,1.99857232,-3.398348959999996,16.398348959999996,-95.92728312,100.0,32.41195036,52.9803732399994,49.79358411999944,56.565511559999365,29.477801759999668,123.0897399599986,1676.788293480001,-1.0144748400000003,-0.0241040399999999,0.0192237600000001,-5.009077559999999,-8.14891224,0.4114721999999997,-13.587102120000004,37.0,66.50675204000001,100.0,32.65680932,86.2955856799992,2.064487879999981,1.6515899999999848,1.6515899999999848,4.541872639999959,1667.5480833199993,-0.9165919200000006,0.596841959999998,0.0020881200000003,2.6614607600000197,2.232505519999984,1.1814411200000003,8.259927400000013,-4.740947120000012,11.09736271999999,100.0,40.4,86.66971352000014,104.31504440000018,74.21418616000012,57.087835320000096,210.70601040000037,2741.297278320003,-1.00535432,-0.01434428,0.0065305599999998,0.3957029200000008,2.180819440000001,4.89918056,9.0,-13.132626639999994,24.4712036,100.0,33.46132624,121.62315824000028,60.81157912000014,54.99481944000013,65.57074600000016,176.0891807600004,1089.5892489599994,-0.99305972,0.12637436,-0.0119000799999999,2.973491040000001,1.6846287999999985,4.028,-6.150117599999993,30.150117599999994,38.562185160000006,100.0,33.0601258,96.1691018399994,2.189072919999986,1.7512588399999889,1.7512588399999889,4.815960919999969,1274.4311054800012,598,X1.6524 Y1.666 Z-0.0749
16:24:28.282,5,602,1.62992,1.68103,-0.07594,88.96101,59.58334,-27.92142,,185.42,0,0,,2,1,"{""sr"":{""mpox"":88.96101,""mpoy"":59.58334,""mpoz"":-27.92142,""mpoa"":0,""posx"":1.62992,""posy"":1.68103,""posz"":-0.07594,""posa"":0,""unit"":0,""stat"":5,""coor"":2,""momo"":1,""dist"":0,""home"":1,""mots"":1,""plan"":0,""line"":602,""path"":2,""frmo"":2,""prbe"":1,""safe"":0,""estp"":0,""spc"":1,""hold"":0,""macs"":5,""cycs"":1,""sps"":12000,""feed"":185.42,""mark"":176190722}}",5.417638360888709,0.2019969796124146,0.2036418835215797,0.2039007940837538,5.417638360888709,0.2019969796124146,0.2036418835215797,0.2039007940837538,-0.98524474,0.03487766,0.00922436,-1.6056700799999992,-0.9844678199999995,1.0305321800000005,-31.0,36.93878518,-39.06121482,100.0,34.13,9.549463079999564,6.611166159999709,6.549952279999703,6.6723809799996845,20.32321627999906,1040.67335938,-1.00696352,-0.07689728,0.03018164,5.28975742,1.8913082000000003,2.0941303,-3.675042780000001,16.981766240000002,-95.32495722,100.0,32.41343222,86.80659962000011,85.73041424000014,96.53109672000016,50.62819762000008,211.2518761600004,1098.07926046,-0.9846651600000002,-0.0336577999999999,0.00265232,-5.5223953,-7.982327499999999,0.5061555800000002,-13.6488186,37.0,66.6488186,100.0,32.65960106,134.3453720800002,3.244094060000005,2.595274520000004,2.595274520000004,7.137005780000011,1237.9201190400004,-0.98999944,0.1581833800000002,0.0036773999999999,1.0926125599999963,-0.0305325800000049,1.11769552,3.951385419999991,-7.612734519999996,-0.0155868599999742,100.0,40.40499954,76.20981459999997,94.01625855999995,66.88718907999997,51.45168345999998,189.46797095999992,1430.72751254,-1.00955618,-0.0111534799999999,0.01098352,0.3897351000000001,2.1244854600000003,4.811793819999999,8.577872319999999,-14.0,25.0,100.0,33.45577846,83.58520321999984,52.79736027999997,47.335564799999965,56.86068527999996,152.8642421399999,930.06012066,-1.00115878,0.1166526599999999,-0.0139009999999999,2.84265372,1.67599486,3.97593502,-6.0,30.6054035,38.6054035,100.0,33.06357294,130.76720256000016,3.0270183800000035,2.4216149400000027,2.4216149400000027,6.659441260000008,1027.67364816,602,X1.6232 Y1.6843 Z-0.0762
16:24:28.538,5,605,1.60047,1.69166,-0.07703,88.21298,59.85329,-27.94915,,185.42,0,0,,2,1,"{""sr"":{""mpox"":88.21298,""mpoy"":59.85329,""mpoz"":-27.94915,""mpoa"":0,""posx"":1.60047,""posy"":1.69166,""posz"":-0.07703,""posa"":0,""unit"":0,""stat"":5,""coor"":2,""momo"":1,""dist"":0,""home"":1,""mots"":1,""plan"":0,""line"":605,""path"":2,""frmo"":2,""prbe"":1,""safe"":0,""estp"":0,""spc"":1,""hold"":0,""macs"":5,""cycs"":1,""sps"":12000,""feed"":185.42,""mark"":176190722}}",5.077386547451918,0.1866881261441099,0.1962286871662562,0.2052122047598393,5.077386547451918,0.1866881261441099,0.1962286871662562,0.2052122047598393,-0.99047732,0.04240158,0.0081942599999998,-1.70904888,-1.03790318,0.8004024200000007,-31.0,36.94021521999999,-39.06058002000001,100.0,34.13938618,140.91296419999915,101.4573347799994,101.4573347799994,103.33617385999938,312.8267815199981,1837.0954168400049,-1.01050432,-0.0597732,-0.00812536,5.158616240000001,2.027762399999999,1.99003538,-3.041812320000004,16.28265988,-96.0,100.0,32.40675528,40.10912072000027,41.85691868000029,46.44134280000032,24.98436234000017,102.57504022000072,1781.4814345600032,-0.96108552,0.0203509999999996,-0.0145694599999999,-5.109910379999998,-8.168321060000002,0.3766789399999991,-13.312411819999998,36.95997742,66.31241182,100.0,32.64375182,73.0340181000004,1.7621728800000096,1.4097385400000075,1.4097385400000075,3.876781160000021,1828.3079202400036,-0.9432234600000002,0.1743746399999994,-0.0044556599999999,6.528932140000001,0.8957510799999981,1.2484871799999997,11.434689159999982,3.751377639999976,-8.924628639999971,100.0,40.41,87.01237117999995,107.22933415999992,76.28753547999993,58.68271969999995,216.59258475999985,2127.170498440003,-1.0123222,0.0044083599999999,0.023544,0.3993925,2.105956559999999,4.79853256,4.406253879999999,-7.143318679999995,13.685322179999986,100.0,33.46,122.44863169999977,64.04730969999994,57.47835545999994,68.45356357999992,184.5051000799998,1668.3191990200032,-1.0157385,0.1370412000000002,-0.01789586,2.9512198999999995,1.74740292,4.07457228,-6.0,30.60697374,37.39302626,100.0,33.0543818,85.2866343200003,1.9651293600000068,1.5721040400000057,1.5721040400000057,4.323285860000016,1545.6150287200044,605,X1.5986 Y1.6921 Z-0.0771
16:24:28.796,5,609,1.56932,1.69429,-0.07813,87.42177,59.92024,-27.97688,,185.42,0,0,,2,1,"{""sr"":{""mpox"":87.42177,""mpoy"":59.92024,""mpoz"":-27.97688,""mpoa"":0,""posx"":1.56932,""posy"":1.69429,""posz"":-0.07813,""posa"":0,""unit"":0,""stat"":5,""coor"":2,""momo"":1,""dist"":0,""home"":1,""mots"":1,""plan"":0,""line"":609,""path"":2,""frmo"":2,""prbe"":1,""safe"":0,""estp"":0,""spc"":1,""hold"":0,""macs"":5,""cycs"":1,""sps"":12000,""feed"":185.42,""mark"":176190722}}",5.366240509287618,0.2004901504912545,0.2020901435062698,0.2067732325628839,5.366240509287618,0.2004901504912545,0.2020901435062698,0.2067732325628839,-0.9941113400000005,0.0553729400000022,-0.0096084599999991,-1.857877619999991,-0.9904572599999956,1.0447607600000182,-31.0,36.21938267999992,-40.21999999999993,100.0,34.12001864,32.42936325998919,23.60717837999213,24.047177699991977,24.487176239991832,74.12584555997529,1438.0955757999989,-1.0068449400000004,-0.0729778199999997,0.042191440000001,5.265569280000027,1.9770015799999696,2.0054717800000152,-3.1531281399999487,17.0,-94.6937435000001,100.0,32.4176366,75.7041112400036,79.9777306400038,88.52496922000421,48.23084538000229,195.97596572000933,1985.1174674400145,-1.0168348999999988,-0.0055830799999997,0.013623539999999,-4.775983219999988,-8.251504500000003,0.2798065399999879,-13.258954540000024,37.0,66.85325186000006,100.0,32.6574104,123.61384796000516,2.971486260000124,2.377189720000099,2.377189720000099,6.537270840000272,2017.75608466002,-0.8035284199999888,0.4869702600000148,-0.0475938600000013,1.8713977999999925,0.8795583399999746,1.053885919999993,10.580979220000192,0.7378944799998804,14.15370744000044,100.0,40.40681106,78.30513565999908,96.44900839999886,68.27825809999919,52.99920759999937,194.3304274199977,3245.604787760046,-1.0069360800000002,-0.0048834799999999,0.0079572399999997,0.2934936000000079,2.097869760000002,4.939142299999992,9.0,-14.0,24.526662500000008,100.0,33.46,117.38775737999812,55.85385207999911,49.70046135999921,59.64055429999905,160.93482857999746,1342.175727879991,-1.0058657000000022,0.1125671399999996,-0.0097214799999999,2.814715139999993,1.6581384799999963,4.044115620000002,-5.430391359999982,30.486506280000047,37.51349371999996,100.0,33.05513514,124.9814550800041,2.8480424200000907,2.2784337800000727,2.2784337800000727,6.2656932600002,1858.1160792200108,609,X1.5643 Y1.694 Z-0.0783
16:24:29.054,5,613,1.53867,1.68882,-0.07931,86.64347,59.78133,-28.00693,,185.42,0,0,,2,1,"{""sr"":{""mpox"":86.64347,""mpoy"":59.78133,""mpoz"":-28.00693,""mpoa"":0,""posx"":1.53867,""posy"":1.68882,""posz"":-0.07931,""posa"":0,""unit"":0,""stat"":5,""coor"":2,""momo"":1,""dist"":0,""home"":1,""mots"":1,""plan"":0,""line"":613,""path"":2,""frmo"":2,""prbe"":1,""safe"":0,""estp"":0,""spc"":1,""hold"":0,""macs"":5,""cycs"":1,""sps"":12000,""feed"":185.42,""mark"":176190722}}",5.177706350535861,0.1974866299703074,0.2012429831381044,0.1904739489054729,5.177706350535861,0.1974866299703074,0.2012429831381044,0.1904739489054729,-0.99372166,0.0349955000000003,-0.0188818200000002,-1.6248717400000008,-0.97694606,0.9303105400000014,-31.0,36.37959035999999,-40.61952924000001,100.0,34.13,96.09524270000176,66.33671562000121,68.19662394000125,68.81659338000127,208.92965652000385,1764.6241529999982,-1.01293936,-0.0864949600000001,0.03961978,5.3824886,1.651792279999998,2.054092460000001,-3.265541719999992,16.0,-95.54612336,100.0,32.41154438,52.80406575999945,60.6310904199994,66.07760623999934,36.57564603999963,146.86758905999855,2405.5701523800003,-0.9787571599999996,-0.0655184399999994,0.0008100800000001,-5.087814379999997,-8.08245484,0.3407368599999995,-13.746441580000008,36.46063532,67.0,100.0,32.6579292,96.2728406399992,2.303177979999981,1.8425426599999848,1.8425426599999848,5.066991659999959,2382.8169676400034,-0.874300559999999,0.4284120999999983,-0.0296911000000005,-0.8232242200000081,2.16064286000002,1.2424703000000004,11.685148960000014,-4.257531440000018,24.04372268000002,100.0,40.40823794,88.47815424000014,102.89823306000018,73.35319618000011,56.54308854000009,207.83405520000036,3684.82208864,-1.01057478,-0.0117056199999999,0.0051527000000002,0.2455620800000001,2.10315626,4.964817740000001,9.0,-13.51280662,23.85408376000001,100.0,33.46171532,88.09897239999957,60.68271550000013,54.35750614000012,65.12644532000014,175.0386001800004,1601.678243619999,-1.00087986,0.08239702,-0.0071285999999999,2.8454648,1.8406049800000013,4.00815124,-6.0,30.0,38.32539212,100.0,33.06758574,102.4133393599994,2.348929679999986,1.879144019999989,1.879144019999989,5.167645399999969,2239.465115599996,613,X1.5308 Y1.6861 Z-0.0796
16:24:29.311,5,616,1.51043,1.6755,-0.0804,85.92614,59.44294,-28.03466,,185.42,0,0,,2,1,"{""sr"":{""mpox"":85.92614,""mpoy"":59.44294,""mpoz"":-28.03466,""mpoa"":0,""posx"":1.51043,""posy"":1.6755,""posz"":-0.0804,""posa"":0,""unit"":0,""stat"":5,""coor"":2,""momo"":1,""dist"":0,""home"":1,""mots"":1,""plan"":0,""line"":616,""path"":2,""frmo"":2,""prbe"":1,""safe"":0,""estp"":0,""spc"":1,""hold"":0,""macs"":5,""cycs"":1,""sps"":12000,""feed"":185.42,""mark"":176190722}}",5.16095660539906,0.2026735064415307,0.2080336092066107,0.2139669877811828,5.16095660539906,0.2026735064415307,0.2080336092066107,0.2139669877811828,-0.98653612,0.0307259199999995,-0.0019087999999978,-1.713892679999989,-0.8224142000000028,0.8816111200000083,-31.0,36.51941227999996,-40.474823720000046,100.0,34.13,78.44561371999318,55.57708459999515,57.13532043999502,58.173344319994925,176.08066927998465,1384.8096105600143,-1.00484408,-0.0709099199999997,0.0193343199999989,5.285757040000006,1.854216439999996,2.0253110800000016,-3.3637581999999684,16.0,-94.0,100.0,32.39855328,61.939359440002285,66.36359936000244,72.26258608000266,40.309742080001485,160.74738504000592,1566.9409761999973,-0.9809900800000004,-0.0438977200000011,0.014495520000001,-5.06141456000001,-8.221415359999996,0.3882759999999963,-14.0,37.0,66.15870480000001,100.0,32.66,102.96883276000324,2.463368920000077,1.970695240000062,1.970695240000062,5.41941252000017,1688.583668079996,-0.9275140800000032,0.1968100399999998,0.0078206400000017,2.6324410399999025,0.7789120800000627,1.277826759999989,11.961141479999917,5.510122520000055,18.38260943999968,100.0,40.39,87.90718455999942,101.47000727999932,72.33505483999951,55.75827111999963,204.44699479999863,2091.397165680008,-1.0106033600000002,-0.0158341199999996,0.0068504000000005,0.1164471999999916,2.0285057999999982,4.775505799999999,8.735820479999974,-13.0,24.030344880000047,100.0,33.46233844,68.27008091999937,59.73632099999945,53.21050395999952,64.25419363999941,172.18116007999842,1170.5744551600033,-1.00504988,0.1238927600000004,-0.0134230399999996,2.8878450800000004,1.8549725199999976,4.077676159999999,-6.0,30.0,38.19649811999999,100.0,33.08505412,107.91129884000236,2.472852720000055,1.978282280000044,1.978282280000044,5.440275880000121,1382.380850279997,616,X1.508 Y1.674 Z-0.0805
16:24:29.569,5,620,1.48656,1.65531,-0.08149,85.31971,58.93021,-28.06239,,185.42,0,0,,2,1,"{""sr"":{""mpox"":85.31971,""mpoy"":58.93021,""mpoz"":-28.06239,""mpoa"":0,""posx"":1.48656,""posy"":1.65531,""posz"":-0.08149,""posa"":0,""unit"":0,""stat"":5,""coor"":2,""momo"":1,""dist"":0,""home"":1,""mots"":1,""plan"":0,""line"":620,""path"":2,""frmo"":2,""prbe"":1,""safe"":0,""estp"":0,""spc"":1,""hold"":0,""macs"":5,""cycs"":1,""sps"":12000,""feed"":185.42,""mark"":176190722}}",5.153369337497104,0.1956763910742393,0.2039881131942071,0.2075677851248205,5.153369337497104,0.1956763910742393,0.2039881131942071,0.2075677851248205,-0.99067772,0.0431142400000001,-0.0159217999999998,-2.0115865999999967,-0.955098999999998,0.896136680000001,-31.0,36.0,-40.32059839999999,100.0,34.12999776,49.33729043999739,33.9594341199982,35.56129383999811,35.881666319998104,109.24685835999418,1292.3963020800006,-1.00028832,-0.07688836,0.0306531999999999,5.300744000000002,1.7553822399999996,1.9359182399999983,-3.0,16.431769359999993,-94.9039328,100.0,32.39863556,65.93923072000067,78.31971144000093,83.52985136000098,47.16311372000056,187.4199260400022,1397.7711203199997,-0.9993777200000004,-0.03864368,0.0070401200000001,-5.379464440000002,-7.973679599999998,0.4741440399999996,-7.186588319999846,20.15383231999958,36.93396323999923,100.0,32.64894496,117.45442140000124,2.804070720000029,2.243256240000023,2.243256240000023,6.168955240000064,1231.8109713999986,-0.9934535200000012,0.1086861599999995,0.0248667600000005,4.104423079999967,0.7404225999999952,1.2191014400000015,13.404901279999958,20.806644079999973,7.768795080000004,100.0,40.3831314,82.8018687999998,98.01605299999972,69.87283003999981,53.86030651999985,197.48779031999945,1684.7172471999902,-1.00559488,-0.0102419199999999,-0.0043633599999999,0.3790258399999996,1.9989630000000016,4.89937276,8.0,-13.82257344000001,23.51805788,100.0,33.46518056,104.17882267999984,57.83310087999978,51.567847999999806,61.68864115999977,166.27016451999938,1027.07071132,-1.0124846800000002,0.1294755600000001,-0.0068544399999999,2.87959048,1.7369106399999996,4.06108936,-6.258511520000006,30.0,38.258511520000006,100.0,33.0822446,119.88122600000092,2.7122447200000206,2.1697959200000168,2.1697959200000168,5.966938920000046,1240.1153802,620,X1.4826 Y1.6508 Z-0.0817
16:24:29.826,5,623,1.46863,1.62962,-0.08268,84.86442,58.2775,-28.09252,,185.42,0,0,,2,1,"{""sr"":{""mpox"":84.86442,""mpoy"":58.2775,""mpoz"":-28.09252,""mpoa"":0,""posx"":1.46863,""posy"":1.62962,""posz"":-0.08268,""posa"":0,""unit"":0,""stat"":5,""coor"":2,""momo"":1,""dist"":0,""home"":1,""mots"":1,""plan"":0,""line"":623,""path"":2,""frmo"":2,""prbe"":1,""safe"":0,""estp"":0,""spc"":1,""hold"":0,""macs"":5,""cycs"":1,""sps"":12000,""feed"":185.42,""mark"":176190722}}",5.36547828233378,0.2067781764906159,0.2172778319576337,0.1950622151407522,5.36547828233378,0.2067781764906159,0.2172778319576337,0.1950622151407522,-0.99237624,0.03276616,0.0020409199999998,-1.459455140000005,-0.9439109599999967,0.9048246999999988,-31.0,36.00227468,-39.17974782000002,100.0,34.130022960000005,130.8738825199973,86.7056180599982,90.79550555999812,92.43146073999807,279.74831553999417,1696.6231525400042,-1.0048918800000002,-0.0710631400000001,-0.0020370999999994,5.346271540000002,1.7275165400000028,2.086925759999999,-3.570273099999988,16.374763180000006,-95.51530937999998,100.0,32.38945028,52.09214498000093,52.09214498000093,55.46501824000099,31.48014506000056,124.4215265200022,1827.3323917199948,-0.9744793600000003,-0.0361092799999997,-0.0006476999999997,-5.062509940000004,-7.95516864,0.4510759400000003,-13.545318039999987,37.0,67.54531803999998,100.0,32.6475597,82.09422796000118,1.9734184600000284,1.5787354600000223,1.5787354600000223,4.341521740000062,1687.2251879200005,-0.8839214000000007,0.3881429600000002,-0.0362862199999997,2.6051389599999246,2.4446001200000174,1.2613866799999984,9.05542226000004,14.94457773999996,8.33919682000004,100.0,40.38,92.63055219999976,106.23730029999972,75.36044907999981,58.090346599999855,213.52127275999945,2482.3332972199946,-1.00827064,-0.00343652,0.0022384999999998,0.47295812,1.8076107399999997,4.862717000000001,9.0,-13.630019280000008,24.270810079999983,100.0,33.46900838,97.14533971999968,63.7018621999998,56.80082723999982,67.94865295999979,183.1428527199994,1353.421992960001,-1.0152097399999995,0.1375994399999997,-0.0074762600000001,2.928515799999998,1.722608720000001,4.011522320000001,-6.0,30.11154672000001,37.37938874000001,100.0,33.07776908,92.36135640000086,2.109262520000021,1.6874097600000166,1.6874097600000166,4.640377160000045,1834.5291240799927,623,X1.4684 Y1.6292 Z-0.0827
16:24:30.083,5,627,1.45819,1.6001,-0.08377,84.5992,57.52778,-28.12038,,185.42,0,0,,2,1,"{""sr"":{""mpox"":84.5992,""mpoy"":57.52778,""mpoz"":-28.12038,""mpoa"":0,""posx"":1.45819,""posy"":1.6001,""posz"":-0.08377,""posa"":0,""unit"":0,""stat"":5,""coor"":2,""momo"":1,""dist"":0,""home"":1,""mots"":1,""plan"":0,""line"":627,""path"":2,""frmo"":2,""prbe"":1,""safe"":0,""estp"":0,""spc"":1,""hold"":0,""macs"":5,""cycs"":1,""sps"":12000,""feed"":185.42,""mark"":176190722}}",5.064993957702296,0.2005268656441066,0.1939093440083403,0.199814488380858,5.064993957702296,0.2005268656441066,0.1939093440083403,0.199814488380858,-0.997224199999999,0.0475095999999993,0.0057943999999997,-2.0139884,-0.9745149199999968,0.9134681999999968,-31.95913503999995,36.00003168,-38.04089664000005,100.0,34.13000032,6.451645040008077,4.328318880005407,4.57331768000572,4.6141509600057695,14.00578600001752,1545.564912360012,-1.0058429999999998,-0.0739766799999998,0.024741399999999,5.108362280000008,1.7067775599999973,2.0356009599999965,-3.987855479999984,17.0,-95.68313075999998,100.0,32.396709439999995,106.56847039999684,95.62622575999715,101.103420359997,58.06615351999828,227.47055123999328,1420.8057101600164,-0.9847778400000018,-0.0224296000000009,0.0189880800000004,-5.290479360000001,-8.31318331999999,0.4456970799999979,-13.360078400000036,37.639921599999965,66.63992159999997,100.0,32.65653328,135.86229339999645,3.266564719999915,2.613251199999932,2.613251199999932,7.186441079999813,1640.3977576000216,-1.0213951999999933,0.4266935999999995,0.0157721599999984,4.9014000399999045,-0.6313577599999826,1.1885964399999946,9.08803436000002,18.277422919999577,-2.520969039999665,100.0,40.38423756,84.39197716000058,94.74598512000075,67.67570420000055,51.806917840000416,190.42542860000157,1836.012938800008,-1.0072997199999998,-0.0047988399999998,0.0191484399999995,0.3548984400000012,1.8323447600000016,4.787379839999998,9.0,-13.454502400000004,24.97795455999997,100.0,33.47977956,103.8217086399997,54.540321080000616,48.63178588000055,58.63084472000066,156.80342324000176,1291.3087371200058,-0.9963792000000006,0.1287622799999996,-0.0073992400000003,2.9197823199999964,1.827968479999996,4.069978400000005,-6.613621319999988,30.361530239999983,37.63846976000002,100.0,33.06638464,133.15572839999726,3.068104599999937,2.45448331999995,2.45448331999995,6.749829559999863,1240.3061766000094,627,X1.4574 Y1.5966 Z-0.0839
16:24:30.341,5,631,1.45573,1.56889,-0.08487,84.53676,56.73502,-28.14811,,185.42,0,0,,2,1,"{""sr"":{""mpox"":84.53676,""mpoy"":56.73502,""mpoz"":-28.14811,""mpoa"":0,""posx"":1.45573,""posy"":1.56889,""posz"":-0.08487,""posa"":0,""unit"":0,""stat"":5,""coor"":2,""momo"":1,""dist"":0,""home"":1,""mots"":1,""plan"":0,""line"":631,""path"":2,""frmo"":2,""prbe"":1,""safe"":0,""estp"":0,""spc"":1,""hold"":0,""macs"":5,""cycs"":1,""sps"":12000,""feed"":185.42,""mark"":176190722}}",5.261052744509945,0.2034847311591874,0.2069794241956837,0.2065720268434115,5.261052744509945,0.2034847311591874,0.2069794241956837,0.2065720268434115,-0.99331356,0.0500685999999999,-0.0131444399999997,-1.6943616799999988,-0.91574128,0.977,-31.87584171999999,36.004172080000004,-40.119986200000014,100.0,34.14,129.62457707999832,92.8392242799988,98.09427471999872,98.97011655999871,300.41371567999613,1530.5491002799995,-1.00139564,-0.0782607999999999,0.0193731599999998,5.261877680000002,2.005987719999997,1.9107905600000008,-3.916336719999992,16.264263999999997,-95.0,100.0,32.40652072,54.72553552000086,48.70981624000064,51.57689776000068,29.573817200000384,115.94344124000152,1602.603858080003,-0.99684604,-0.03114084,0.0203540399999998,-5.151400200000002,-8.175294599999999,0.4852888799999998,-13.0,37.0,66.08000064000001,100.0,32.645896,77.50688524000077,1.8740791200000189,1.4992634000000151,1.4992634000000151,4.122974720000041,1599.4890571200028,-0.8887414400000001,0.2617245599999991,0.0078645200000001,2.3730291600000446,2.15258068,1.2786283599999997,9.524740640000012,2.6275629200000514,8.598629799999875,100.0,40.39,91.55853819999986,107.30602811999982,76.17383351999987,58.6747245999999,215.66925835999965,2138.569408440007,-1.00205432,-0.00662052,0.0267087999999999,0.366,1.8293339999999996,4.91757716,8.540251199999998,-14.0,24.486344319999997,100.0,33.48486376,103.1832318,64.83013099999987,57.80686743999988,69.15214019999985,185.8463765999996,1311.4192769200008,-1.00789696,0.10968772,-0.0118106399999999,2.7853614800000006,1.7234501999999972,4.102979280000001,-6.547095119999993,30.592779,36.86012500000001,100.0,33.054529040000006,89.1813342400006,2.0361040000000137,1.628883000000011,1.628883000000011,4.47942800000003,1529.3978886800007,631,X1.4562 Y1.5622 Z-0.0851
16:24:30.598,5,634,1.46137,1.53815,-0.08604,84.67984,55.95432,-28.17803,,185.42,0,0,,2,1,"{""sr"":{""mpox"":84.67984,""mpoy"":55.95432,""mpoz"":-28.17803,""mpoa"":0,""posx"":1.46137,""posy"":1.53815,""posz"":-0.08604,""posa"":0,""unit"":0,""stat"":5,""coor"":2,""momo"":1,""dist"":0,""home"":1,""mots"":1,""plan"":0,""line"":634,""path"":2,""frmo"":2,""prbe"":1,""safe"":0,""estp"":0,""spc"":1,""hold"":0,""macs"":5,""cycs"":1,""sps"":12000,""feed"":185.42,""mark"":176190722}}",5.225571620367601,0.1865908422739446,0.1861437507109075,0.2029039689463825,5.225571620367601,0.1865908422739446,0.1861437507109075,0.2029039689463825,-0.9927787200000006,0.0393317799999998,0.0271447800000013,-1.7882396799999931,-1.0086504399999972,0.8998800000000015,-32.0,36.25999999999998,-39.00128846,100.0,34.15,37.73424985999673,27.31573351999762,28.876632339997485,29.396932279997447,88.97238423999227,1335.761495779988,-1.01305624,-0.07622348,0.0073182000000003,5.355879920000002,1.831879220000004,1.892,-4.0,16.0,-94.95716111999998,100.0,32.41638028,105.34872162000158,83.32667200000125,88.68338742000134,50.59119428000077,198.793632520003,1390.2358731599888,-0.9825068600000004,-0.0374897999999996,0.0194502800000005,-5.1066343,-8.295047540000002,0.417180939999999,-13.753377239999994,37.41951782,66.75337723999999,100.0,32.64407558,119.57939866000154,2.9024123800000377,2.3219302000000304,2.3219302000000304,6.385307940000083,1384.2798501999869,-0.9500868400000012,0.280580080000001,-0.0406265800000002,2.601714640000077,-0.0043195600000201,1.2477083400000035,10.519609260000005,-7.276942480000144,6.158080740000074,100.0,40.39879724,84.5487071999997,97.51924781999963,69.65660583999976,53.323332739999806,195.9992758999993,1544.5533253799877,-0.9958279,-0.00905378,-0.0364657400000005,0.4303085599999967,1.9240033400000005,4.874142679999999,9.0,-14.0,25.0,100.0,33.49475372,78.43289313999959,57.04210461999971,50.86254295999974,60.84491113999969,163.04534767999914,1216.9363273799952,-0.9783456799999996,0.1303067200000004,-0.0079348199999998,2.7749823600000005,1.8340045400000016,4.060051039999998,-6.541278439999986,29.557125320000004,36.55712532,100.0,33.0609841,121.4532988000012,2.785625860000028,2.228500540000022,2.228500540000022,6.12837730000006,1265.4125066799904,634,X1.4617 Y1.537 Z-0.0861
16:24:30.856,5,638,1.47485,1.51,-0.08715,85.02233,55.23924,-28.20611,,185.42,0,0,,2,1,"{""sr"":{""mpox"":85.02233,""mpoy"":55.23924,""mpoz"":-28.20611,""mpoa"":0,""posx"":1.47485,""posy"":1.51,""posz"":-0.08715,""posa"":0,""unit"":0,""stat"":5,""coor"":2,""momo"":1,""dist"":0,""home"":1,""mots"":1,""plan"":0,""line"":638,""path"":2,""frmo"":2,""prbe"":1,""safe"":0,""estp"":0,""spc"":1,""hold"":0,""macs"":5,""cycs"":1,""sps"":12000,""feed"":185.42,""mark"":176190722}}",5.411577433180202,0.1982362976094709,0.2062952472629949,0.2113180615379917,5.411577433180202,0.1982362976094709,0.2062952472629949,0.2113180615379917,-0.9966713,0.0364259400000007,-0.026427440000002,-1.9880331599999976,-0.9676011200000048,0.9253483999999952,-31.42284316000004,36.42284316000004,-40.57999999999996,100.0,34.15417158,88.88972721999389,60.60631695999584,64.0695350399956,65.22389491999553,196.8262292799865,1229.1619562600108,-1.0008360399999996,-0.0773507800000001,0.052149479999999,5.090802140000009,1.8274920799999943,2.006704560000005,-3.823523400000012,16.0,-95.0,100.0,32.415300519999995,84.2388603800027,65.7920900600022,69.55163824000232,39.94519732000133,156.49118604000523,1570.4637106400105,-1.0293074999999996,-0.0371486599999996,0.02655976,-4.738950119999975,-8.264633180000008,0.3521313799999968,-14.0,37.47455290000001,67.28139202000003,100.0,32.65037298,97.8627621200027,2.372763080000067,1.8982101800000537,1.8982101800000537,5.220078480000147,1840.3125404000104,-1.0373853600000025,0.0918674400000014,-0.0014322599999982,4.162632799999932,1.2895900000000105,1.2922957600000018,9.467341800000096,-7.532338380000079,6.142121180000376,100.0,40.39194754,88.28582475999961,102.8185797399994,73.24707565999955,56.22099669999968,206.6501502799988,1549.103251260001,-1.0079033600000005,-0.0105856599999999,-0.00707332,0.5349184999999949,1.8000198600000004,4.936990680000002,9.0,-13.319258099999978,25.680741900000022,100.0,33.5,76.26706335999982,60.43657083999952,53.834256499999576,64.49953387999949,173.5030451199986,954.8001357599976,-0.9941861,0.1192250399999999,-0.01524202,2.90842694,1.7819197799999995,4.006020320000001,-6.48142346000001,30.15825096000001,37.36032557999997,100.0,33.06,104.46888434000212,2.407117040000049,1.925693580000039,1.925693580000039,5.295657700000107,1525.610330820001,638,X1.4772 Y1.5064 Z-0.0873
16:24:31.113,5,642,1.49503,1.48638,-0.08823,85.53498,54.63923,-28.23363,,185.42,0,0,,2,1,"{""sr"":{""mpox"":85.53498,""mpoy"":54.63923,""mpoz"":-28.23363,""mpoa"":0,""posx"":1.49503,""posy"":1.48638,""posz"":-0.08823,""posa"":0,""unit"":0,""stat"":5,""coor"":2,""momo"":1,""dist"":0,""home"":1,""mots"":1,""plan"":0,""line"":642,""path"":2,""frmo"":2,""prbe"":1,""safe"":0,""estp"":0,""spc"":1,""hold"":0,""macs"":5,""cycs"":1,""sps"":12000,""feed"":185.42,""mark"":176190722}}",5.433313929313368,0.1995756175892893,0.2004471038894364,0.2022253138125643,5.433313929313368,0.1995756175892893,0.2004471038894364,0.2022253138125643,-0.99279912,0.0456400000000001,-4.6160000000051566e-05,-1.9262559200000005,-0.9276879599999982,0.854,-31.0,36.99921416,-39.56078584000001,100.0,34.16,78.51863676000079,58.8824960400006,62.24720976000062,62.80799560000064,190.66712928000197,1372.7413522400025,-1.0118004,-0.0747655999999999,0.0157607199999999,5.3731382,1.70720672,1.9820136,-3.5243631600000023,16.0,-94.60813888,100.0,32.41902536,86.5659182799996,66.11353127999969,70.39426383999967,39.95350075999981,157.91145579999926,1279.5683428800016,-1.0023180800000002,-0.0284289999999999,0.01870884,-5.557088799999998,-7.64069232,0.6750588399999994,-13.852868840000005,37.85286884,66.85286884,100.0,32.64852864,98.8493803999996,2.3992569199999907,1.9194051999999924,1.9194051999999924,5.278364879999979,1476.3333916800004,-0.99384776,0.3059483599999996,0.00505512,5.590695279999999,1.0687058400000016,1.4074317200000008,12.17765963999998,5.703766079999983,0.943744559999988,100.0,40.38258832,89.92938404000007,102.55991568000007,72.75186096000006,56.07955944000005,206.13027324000015,1690.4999532000008,-1.0088006,-0.0027160399999999,0.0111602,0.4258641200000002,1.86063796,4.92791924,8.49344844,-13.757065880000004,24.250514320000004,100.0,33.5,111.44135616000014,60.27964276000007,53.69447144000007,63.82550392000008,171.7209993600002,1141.1099794399995,-1.00698344,0.1256735599999999,-0.0134128,2.869,1.7591881599999994,3.906,-7.0,30.0,36.78829424,100.0,33.06090652,106.2131732799997,2.429791439999993,2.429791439999993,1.9438332399999945,5.831500279999983,1195.855424440001,642,X1.5009 Y1.4814 Z-0.0885
16:24:31.369,5,645,1.5208,1.4687,-0.0894,86.18946,54.19021,-28.26326,,185.42,0,0,,2,1,"{""sr"":{""mpox"":86.18946,""mpoy"":54.19021,""mpoz"":-28.26326,""mpoa"":0,""posx"":1.5208,""posy"":1.4687,""posz"":-0.0894,""posa"":0,""unit"":0,""stat"":5,""coor"":2,""momo"":1,""dist"":0,""home"":1,""mots"":1,""plan"":0,""line"":645,""path"":2,""frmo"":2,""prbe"":1,""safe"":0,""estp"":0,""spc"":1,""hold"":0,""macs"":5,""cycs"":1,""sps"":12000,""feed"":185.42,""mark"":176190722}}",5.110573274922582,0.1930564498452295,0.2042824487389563,0.2059316756755755,5.110573274922582,0.1930564498452295,0.2042824487389563,0.2059316756755755,-0.99398164,0.0507488400000001,0.0031793199999998,-1.523440959999997,-0.7275800399999938,0.916,-31.0,36.68065024000002,-40.679098480000015,100.0,34.16,52.60772379999722,33.69624299999821,35.299200159998136,35.62010199999811,108.46326315999428,1363.579018400005,-1.00543556,-0.07423656,0.0204887999999999,5.147768439999997,1.9557528400000008,1.921387519999998,-3.903831360000005,16.096168639999995,-94.57019256,100.0,32.4190384,105.29333316000124,78.21258440000092,83.91451228000098,47.32600344000056,188.2597972800022,1129.154965640001,-1.0047179999999998,-0.0245857599999997,0.03301064,-5.1247782799999975,-8.122073440000003,0.527525199999999,-13.106219199999996,38.0,67.0,100.0,32.6498334,117.02596444000122,2.8072878400000287,2.245830400000023,2.245830400000023,6.176032440000063,1208.916092359999,-1.007005160000001,0.0970967599999971,0.0129612399999997,4.15675296000004,2.317315559999983,1.1877141600000014,12.282098040000037,-3.4150750799998675,23.31107680000004,100.0,40.38,83.02232407999976,98.07315435999972,69.91353563999981,53.89168411999985,197.60284075999945,1443.0579719199986,-1.00629432,-0.0027140799999999,0.0259280799999999,0.3744712399999992,1.7881488000000023,4.9016660000000005,6.07033867999994,-9.0219401599999,17.525504239999798,100.0,33.5,107.41287663999942,56.8316768399998,50.57056003999982,60.684671639999785,162.48303583999942,971.2576330800006,-1.02342488,0.13500576,-0.0079892000000001,2.875859119999999,1.8224806000000016,4.211,-6.80117632000001,30.0,36.80117632000001,100.0,33.04801184,118.4150106400009,2.715940640000021,2.1727522400000168,2.1727522400000168,6.51825772000005,942.6009788800004,645,X1.5227 Y1.4677 Z-0.0895
16:24:31.627,5,649,1.55027,1.45834,-0.09052,86.93791,53.92705,-28.29162,,185.42,0,0,,2,1,"{""sr"":{""mpox"":86.93791,""mpoy"":53.92705,""mpoz"":-28.29162,""mpoa"":0,""posx"":1.55027,""posy"":1.45834,""posz"":-0.09052,""posa"":0,""unit"":0,""stat"":5,""coor"":2,""momo"":1,""dist"":0,""home"":1,""mots"":1,""plan"":0,""line"":649,""path"":2,""frmo"":2,""prbe"":1,""safe"":0,""estp"":0,""spc"":1,""hold"":0,""macs"":5,""cycs"":1,""sps"":12000,""feed"":185.42,""mark"":176190722}}",5.280935046348612,0.2123589874841701,0.219610745882865,0.2119711905776631,5.280935046348612,0.2123589874841701,0.219610745882865,0.2119711905776631,-0.9909603599999997,0.0395991199999992,0.0079980800000019,-1.6797080400000144,-1.0184694000000096,0.8639211999999951,-31.16002675999992,36.16014195999992,-40.32005419999984,100.0,34.15160168,128.51599820001218,89.03714744000841,91.55718268000868,93.23701312000884,282.2309592400267,1916.7718533200543,-1.0043184,-0.0880587200000024,0.047858320000003,5.153997599999981,1.93802272000001,1.9335877200000005,-3.0,16.366703119999972,-95.58482312000004,100.0,32.42218096,65.6398337599944,49.87160543999575,53.905338719995406,30.069644679997435,120.27857787998974,2809.886074000101,-1.0127834799999995,-0.0058934800000022,0.0253684800000021,-5.245868480000002,-7.983021440000006,0.497756479999995,-5.71308735999931,16.699794079997982,29.39155379999647,100.0,32.64492284,79.64957523999448,1.9332424799998655,1.5465934799998926,1.5465934799998926,4.253132279999705,2588.858290040081,-0.9140805999999954,0.4509091600000189,-0.0575533999999985,-0.071183679999937,0.3145889599999342,1.0590567999999896,11.122483759999902,9.54004759999962,9.662073720000434,100.0,40.38913696,91.88488192000106,106.06140684000124,75.60813140000087,57.75621156000067,213.6979830000025,4176.505061280126,-1.0040273999999998,-0.0052438000000006,-0.0136750800000029,0.422829999999999,1.643829999999999,5.005,8.377656440000036,-13.465819799999991,25.911836640000043,100.0,33.503776640000005,124.9980809600019,62.49904048000095,55.55470276000084,66.772478880001,178.9502438000027,1872.364436720035,-0.9958415999999974,0.1913149600000028,-0.0183396000000012,2.8904312799999934,1.8726312799999985,4.063550000000001,-7.0,30.0,36.41721227999998,100.0,33.06,91.46912683999568,2.0860597199999025,2.0860597199999025,1.668848279999922,5.006544159999766,2225.344553880069,649,X1.5554 Y1.4573 Z-0.0907
16:24:31.885,5,653,1.58144,1.45592,-0.09161,87.72967,53.86566,-28.31935,,185.42,0,0,,2,1,"{""sr"":{""mpox"":87.72967,""mpoy"":53.86566,""mpoz"":-28.31935,""mpoa"":0,""posx"":1.58144,""posy"":1.45592,""posz"":-0.09161,""posa"":0,""unit"":0,""stat"":5,""coor"":2,""momo"":1,""dist"":0,""home"":1,""mots"":1,""plan"":0,""line"":653,""path"":2,""frmo"":2,""prbe"":1,""safe"":0,""estp"":0,""spc"":1,""hold"":0,""macs"":5,""cycs"":1,""sps"":12000,""feed"":185.42,""mark"":176190722}}",5.10513223602671,0.1981362240529531,0.204676377315857,0.2042059097786995,5.10513223602671,0.1981362240529531,0.204676377315857,0.2042059097786995,-0.987009,0.027052,0.004,-1.892576,-0.854,0.854293,-31.0,36.995278,-38.009444,100.0,34.15,0.698873,0.500544,0.514711,0.519433,1.577187,1424.42499,-1.005399,-0.074306,0.030503,5.304002,1.782336,2.056666,-4.0,16.0,-94.398888,100.0,32.41,127.998247,93.026048,102.11882,55.955518,227.319291,1374.495166,-0.98367,-0.036658,0.005666,-5.33031,-8.09783,0.42693,-12.0,38.0,67.3341,100.0,32.64667,137.412296,3.33525,2.6682,2.6682,7.33755,1427.270853,-1.023196,0.06267,-0.004969,2.889661,3.302925,1.201507,10.0,18.144357,5.463911,100.0,40.374639,80.720454,93.709953,66.339224,51.494083,188.347727,1613.414068,-1.009688,-0.002656,-0.011416,0.311344,1.850031,4.815656,8.0,-14.0,24.448003,100.0,33.5,86.016511,51.968309,46.592277,55.55233,149.184886,1096.294808,-1.022541,0.117912,-0.002673,2.953211,1.784578,4.051211,-6.619496,30.0,36.0,100.0,33.06,135.669535,3.097478,3.097478,2.477982,7.433947,1315.767013,653,X1.5898 Y1.4567 Z-0.0919
16:24:32.142,5,656,1.61217,1.46183,-0.09277,88.51016,54.0158,-28.34877,,185.42,0,0,,2,1,"{""sr"":{""mpox"":88.51016,""mpoy"":54.0158,""mpoz"":-28.34877,""mpoa"":0,""posx"":1.61217,""posy"":1.46183,""posz"":-0.09277,""posa"":0,""unit"":0,""stat"":5,""coor"":2,""momo"":1,""dist"":0,""home"":1,""mots"":1,""plan"":0,""line"":656,""path"":2,""frmo"":2,""prbe"":1,""safe"":0,""estp"":0,""spc"":1,""hold"":0,""macs"":5,""cycs"":1,""sps"":12000,""feed"":185.42,""mark"":176190722}}",5.199079759448632,0.2037189999990685,0.2115565392702852,0.2175642524204587,5.199079759448632,0.2037189999990685,0.2115565392702852,0.2175642524204587,-0.9862542600000008,0.0443937000000008,-0.0035330000000009,-1.6919972799999894,-0.8271447400000215,0.8711420200000107,-31.0,37.0,-38.13936636000009,100.0,34.16,128.23442229998693,91.2271729799907,92.94844039999052,93.80907403999043,285.73039073997086,1664.5937121799816,-1.0029107599999998,-0.0598526599999999,0.0166906000000003,5.362984280000003,1.7816080399999918,2.061030639999999,-4.0,16.258452359999975,-95.0,100.0,32.413560239999995,69.93637766000562,46.90141634000455,51.62770772000506,28.0305990400027,114.5515162600112,1462.3350903400208,-0.9980129200000006,-0.044305480000001,0.0296791799999993,-5.248357600000025,-8.022404539999991,0.4616717000000089,-13.093435580000058,38.0,65.66708482,100.0,32.65526318,78.240135480006,1.901300420000147,1.5210402200001176,1.5210402200001176,4.182860320000324,1586.7096566200116,-1.0394182199999888,0.3329078599999924,0.001410659999999,4.197641219999888,1.4146972799999162,1.245273559999995,11.677578879999798,13.65548652000036,9.441774019999174,100.0,40.37935516,88.37925081999911,105.90695473999864,75.34673927999903,57.95902963999925,213.8570259599972,1628.4633652800237,-1.0121669,-0.0060810199999994,0.005711800000001,0.406490739999995,1.6838857000000054,4.940874559999994,8.46294830000001,-14.0,24.474379439999957,100.0,33.50462946,108.94150903999947,62.298018359998935,55.316343399999056,66.53176055999883,178.2385516199969,1325.2448441999877,-0.9916719200000016,0.1226048800000038,-0.00691872,2.900637500000005,1.7447996999999986,4.013398099999996,-7.0,30.0,36.87901332000008,100.0,33.0748138,89.64813754000467,2.065625460000108,2.065625460000108,1.6525005400000858,4.957500900000258,1245.3523503000026,656,X1.6149 Y1.4627 Z-0.0929
16:24:32.400,5,660,1.64027,1.47537,-0.09389,89.22398,54.35955,-28.37735,,185.42,0,0,,2,1,"{""sr"":{""mpox"":89.22398,""mpoy"":54.35955,""mpoz"":-28.37735,""mpoa"":0,""posx"":1.64027,""posy"":1.47537,""posz"":-0.09389,""posa"":0,""unit"":0,""stat"":5,""coor"":2,""momo"":1,""dist"":0,""home"":1,""mots"":1,""plan"":0,""line"":660,""path"":2,""frmo"":2,""prbe"":1,""safe"":0,""estp"":0,""spc"":1,""hold"":0,""macs"":5,""cycs"":1,""sps"":12000,""feed"":185.42,""mark"":176190722}}",5.091065638299931,0.1965404220567145,0.2047602423011847,0.2008811309852296,5.091065638299931,0.1965404220567145,0.2047602423011847,0.2008811309852296,-0.9985971000000002,0.0478957000000001,-0.0169019000000002,-1.7090322,-1.038,0.9827487000000026,-31.69954130000001,36.9994666,-39.299925299999984,100.0,34.163005,47.47196679999776,32.149098199998484,32.149098199998484,32.750015599998456,99.4518832999953,1405.1000944999985,-1.0068381000000002,-0.0766792,0.0379062999999997,5.345702300000002,1.7215563999999983,1.9528150999999991,-3.788097399999996,16.0,-95.0,100.0,32.4173462,100.20551670000096,75.29894270000074,83.4080598000008,44.60014350000044,184.19279850000177,1337.7185514000012,-1.0183247999999998,-0.0258768999999998,0.0113272999999997,-5.3460980000000005,-8.127641999999998,0.4681425,-13.799543300000009,38.7688439,66.79954330000001,100.0,32.6636794,115.95104200000098,2.841937400000024,2.273549500000019,2.273549500000019,6.252262300000052,1347.851824300001,-0.9692145999999991,0.0768145999999993,-0.0374706000000004,-0.967403400000012,3.1600903999999943,1.0864375999999991,9.5164006,3.7597443999999713,11.828370200000004,100.0,40.3748358,80.76110339999983,97.20348369999978,69.15471769999984,53.19593649999988,195.85776629999955,1685.2207646999982,-1.0112095,-0.0037403999999999,0.0207545,0.4996522999999981,1.7372511000000015,4.8690582,8.519938100000001,-14.0,25.4800619,100.0,33.506142999999994,102.73329819999968,55.20714639999983,49.44640069999985,59.04764389999982,158.42050679999952,1175.515810599999,-0.9967842,0.1371718,-0.0182360000000001,2.821857899999999,1.7966105000000006,4.109786999999999,-6.450170399999997,30.88641040000001,36.8864104,100.0,33.0643624,119.74921650000076,2.7491466000000173,2.7491466000000173,2.199317700000014,6.597952700000042,1214.5977233,660,X1.6452 Y1.4787 Z-0.0941
16:24:32.657,5,663,1.66404,1.49593,-0.09499,89.82765,54.8818,-28.40529,,185.42,0,0,,2,1,"{""sr"":{""mpox"":89.82765,""mpoy"":54.8818,""mpoz"":-28.40529,""mpoa"":0,""posx"":1.66404,""posy"":1.49593,""posz"":-0.09499,""posa"":0,""unit"":0,""stat"":5,""coor"":2,""momo"":1,""dist"":0,""home"":1,""mots"":1,""plan"":0,""line"":663,""path"":2,""frmo"":2,""prbe"":1,""safe"":0,""estp"":0,""spc"":1,""hold"":0,""macs"":5,""cycs"":1,""sps"":12000,""feed"":185.42,""mark"":176190722}}",5.20171051062538,0.1993584062581618,0.2131625014834457,0.2142418657174656,5.20171051062538,0.1993584062581618,0.2131625014834457,0.2142418657174656,-0.9918083599999996,0.0401812799999991,-0.0061476799999991,-1.884159240000009,-1.0038949600000044,1.0181550799999866,-31.561684759999928,36.0,-39.99482952,100.0,34.16,86.66041107998865,59.82363879999216,59.82363879999216,60.94183739999201,185.06190983997573,1510.6293590399976,-1.0124419999999998,-0.0730034400000002,0.0238781600000002,5.592071399999994,1.8228183600000107,2.1387273999999965,-4.0,16.829998000000025,-95.64764816,100.0,32.40692352,98.549065520007,61.13865960000374,68.47334820000415,35.99343532000217,150.15077572000914,1714.7285779199767,-0.9697276800000004,-0.0333203200000002,0.0031357999999996,-5.2491368000000005,-8.162850440000007,0.4132250400000045,-13.186879279999976,38.0,66.70634531999995,100.0,32.65186872,98.69634756000502,2.4026698000001234,1.9221358400000983,1.9221358400000983,5.285874120000272,1510.305514999993,-0.9358126399999948,0.3032566400000089,-0.0279322400000046,0.1948837999999452,0.8213557200000265,1.1120141599999895,6.234570120000195,6.881331279999516,0.3327003200005073,100.0,40.37096716,82.81372883999911,101.49731423999891,72.20953187999923,55.545793839999405,204.5095129199978,2176.8096018799715,-1.0045467199999998,-0.0078952800000004,0.0119335199999982,0.549682839999999,1.683227320000007,4.906939960000004,8.505599199999992,-14.0,25.185031040000048,100.0,33.51,82.7927771600025,57.94767039999906,52.07670987999919,61.992463119999,166.3421123199974,1315.308094160001,-0.98446064,0.1169076400000005,-0.0154975199999999,2.961458839999999,1.7625105199999898,3.9827881600000143,-6.515719239999982,30.167483800000028,37.31679739999999,100.0,33.07303528,105.08897280000387,2.421404680000089,2.421404680000089,1.9371239200000712,5.811371880000214,1762.2581982400125,663,X1.6642 Y1.4961 Z-0.095
16:24:32.921,5,667,1.68181,1.52248,-0.09618,90.27906,55.55617,-28.43542,,185.42,0,0,,2,1,"{""sr"":{""mpox"":90.27906,""mpoy"":55.55617,""mpoz"":-28.43542,""mpoa"":0,""posx"":1.68181,""posy"":1.52248,""posz"":-0.09618,""posa"":0,""unit"":0,""stat"":5,""coor"":2,""momo"":1,""dist"":0,""home"":1,""mots"":1,""plan"":0,""line"":667,""path"":2,""frmo"":2,""prbe"":1,""safe"":0,""estp"":0,""spc"":1,""hold"":0,""macs"":5,""cycs"":1,""sps"":12000,""feed"":185.42,""mark"":176190722}}",5.174859458489808,0.1981621508905516,0.2009051130612555,0.2081400820816514,5.174859458489808,0.1981621508905516,0.2009051130612555,0.2081400820816514,-0.9884050400000002,0.04101108,-0.0191299999999992,-1.6749970799999958,-0.8369199999999979,1.081631279999998,-31.0,36.00028224,-38.9994348,100.0,34.1628,114.6423660399946,77.86853735999634,77.14753215999637,77.86853735999634,238.6526464399888,1262.3951597999971,-0.99562052,-0.0702850799999999,0.0099749200000004,5.360257440000002,1.9162045600000068,1.97298848,-3.0,16.411944280000014,-95.49621168000002,100.0,32.40588064,74.14998796000245,52.31693568000173,58.90804612000194,30.89582796000102,128.93859016000425,1357.4705351599985,-0.992489200000001,-0.0273824400000003,0.0207112800000001,-4.733439519999997,-8.440976079999997,0.1781670400000069,-13.575389959999988,38.0,67.48296951999997,100.0,32.658492200000005,87.4696250000024,2.1230494800000583,1.6984394400000464,1.6984394400000464,4.670708000000127,1418.2846268400008,-0.982130119999998,0.1330473999999966,-0.0228541600000013,2.992856119999902,3.4042466800000115,1.078611599999998,7.781896719999992,3.0182623600001803,-5.681294680000054,100.0,40.36332856,84.27004339999958,104.43281439999949,73.93016079999964,56.86935443999972,209.89961719999897,1459.553913440002,-1.00361404,-0.0103402,0.0114936400000001,0.578958199999997,1.7448539199999962,4.916990520000002,9.0,-14.0,24.47583416,100.0,33.51,125.27556211999918,59.75487079999961,53.98904999999965,63.94819479999958,172.45046063999885,1137.617204520002,-0.9924398000000004,0.1125797599999999,-0.0136530799999999,2.8287792400000016,1.802129000000005,4.061740159999999,-5.086131280000091,22.35082384000038,26.88383512000048,100.0,33.07379668,97.07288900000177,2.234400000000041,2.234400000000041,1.7875200000000329,5.362559280000098,1320.4133478799968,667,X1.683 Y1.5248 Z-0.0963
16:24:33.176,5,671,1.69173,1.5521,-0.0973,90.53116,56.30858,-28.46392,,185.42,0,0,,2,1,"{""sr"":{""mpox"":90.53116,""mpoy"":56.30858,""mpoz"":-28.46392,""mpoa"":0,""posx"":1.69173,""posy"":1.5521,""posz"":-0.0973,""posa"":0,""unit"":0,""stat"":5,""coor"":2,""momo"":1,""dist"":0,""home"":1,""mots"":1,""plan"":0,""line"":671,""path"":2,""frmo"":2,""prbe"":1,""safe"":0,""estp"":0,""spc"":1,""hold"":0,""macs"":5,""cycs"":1,""sps"":12000,""feed"":185.42,""mark"":176190722}}",5.316507237534681,0.2053145936915569,0.2050587416909781,0.2115132293143756,5.316507237534681,0.2053145936915569,0.2050587416909781,0.2115132293143756,-0.99045826,0.0460932,-0.0021412799999997,-1.6369317800000005,-0.8650792999999994,0.9438273800000015,-31.99930718,36.81924970000001,-38.18144311999999,100.0,34.18819262,28.809230819998632,19.44623045999909,19.266172979999094,19.44623045999909,59.5990961999972,1397.5242256399977,-1.00473816,-0.0725017399999999,0.0190541799999999,5.197898739999999,1.7210241800000006,2.014,-3.9459087400000015,16.0,-93.8028845,100.0,32.419459100000005,107.19457000000055,78.82604562000043,89.46130616000049,46.29466162000025,194.56270026000104,1726.022735080004,-0.9766912600000002,-0.03538312,0.01051426,-5.494064400000002,-7.885246499999998,0.6673424000000002,-14.0,38.0599607,66.45066642,100.0,32.6427851,127.16252848000065,3.0464694000000145,2.437175120000012,2.437175120000012,6.702232260000032,1664.9776077200008,-0.858833279999999,0.3152383199999999,-0.0155110999999997,1.0177808800000183,3.213738740000004,1.1512841800000002,8.380453760000004,-4.533642259999941,3.3515252999998912,100.0,40.380962100000005,79.88739663999992,96.28645059999988,68.63984609999991,52.81366967999994,193.90668625999976,2253.783619760005,-1.0031879,-0.0050406199999999,0.00110946,0.7440950999999995,1.7579049000000009,4.8581695400000005,9.099140579999997,-13.46901716,25.431842260000003,100.0,33.52,69.78443235999987,53.46796867999991,48.30877863999991,57.22010641999989,154.30668021999972,1255.1801892199996,-0.9970453599999998,0.12349012,-0.01305572,2.9515901800000006,1.7632075200000004,4.012870379999999,-2.9635180999999857,13.124151299999935,15.976315999999928,100.0,33.06888652,125.13094054000044,2.88320150000001,2.88320150000001,2.306560800000008,6.919683400000024,1293.7218282599986,671,X1.6928 Y1.5577 Z-0.0975
16:24:33.435,5,674,1.69371,1.58326,-0.09839,90.58133,57.10007,-28.49165,,185.42,0,0,,2,1,"{""sr"":{""mpox"":90.58133,""mpoy"":57.10007,""mpoz"":-28.49165,""mpoa"":0,""posx"":1.69371,""posy"":1.58326,""posz"":-0.09839,""posa"":0,""unit"":0,""stat"":5,""coor"":2,""momo"":1,""dist"":0,""home"":1,""mots"":1,""plan"":0,""line"":674,""path"":2,""frmo"":2,""prbe"":1,""safe"":0,""estp"":0,""spc"":1,""hold"":0,""macs"":5,""cycs"":1,""sps"":12000,""feed"":185.42,""mark"":176190722}}",5.200918646681688,0.1892517978246775,0.1803826799552985,0.2044521105403758,5.200918646681688,0.1892517978246775,0.1803826799552985,0.2044521105403758,-0.986018,0.04298,-0.029866,-1.891586,-0.853724,0.793554,-32.0,36.997737,-39.0,100.0,34.189977,153.651507,108.753339,105.760128,107.755602,330.250965,1154.420908,-1.01391,-0.080303,0.031607,5.262029,1.836479,1.910507,-3.0,16.303396,-95.0,100.0,32.413932,51.273857,38.227846,43.385571,22.451275,94.356032,1708.551946,-0.980298,-0.04171,-0.000668,-5.35024,-7.996256,0.609744,-14.0,38.0,66.0,100.0,32.653319,69.042349,1.659672,1.327737,1.327737,3.651278,1761.003437,-0.942481,0.356523,0.052152,3.970397,0.705303,1.225527,13.0,3.240271,14.222625,100.0,40.390742,88.622192,108.495047,77.343004,59.618565,218.601406,2294.00628,-1.011203,-0.004,0.004012,0.61,2.068805,4.965207,9.0,-14.449219,26.0,100.0,33.52,79.863194,62.788994,56.730406,67.746019,181.757613,1126.109445,-1.002134,0.129161,0.002567,2.831083,1.8145,3.990083,-6.378415,30.621585,37.756831,100.0,33.066216,82.494529,1.892076,1.892076,1.513661,4.540983,1455.077849,674,X1.6937 Y1.5835 Z-0.0984
16:24:33.693,5,678,1.68745,1.61381,-0.09954,90.42237,57.87604,-28.52093,,185.42,0,0,,2,1,"{""sr"":{""mpox"":90.42237,""mpoy"":57.87604,""mpoz"":-28.52093,""mpoa"":0,""posx"":1.68745,""posy"":1.61381,""posz"":-0.09954,""posa"":0,""unit"":0,""stat"":5,""coor"":2,""momo"":1,""dist"":0,""home"":1,""mots"":1,""plan"":0,""line"":678,""path"":2,""frmo"":2,""prbe"":1,""safe"":0,""estp"":0,""spc"":1,""hold"":0,""macs"":5,""cycs"":1,""sps"":12000,""feed"":185.42,""mark"":176190722}}",5.374005941057231,0.1994001031404008,0.2041732779332477,0.1982057866710394,5.374005941057231,0.1994001031404008,0.2041732779332477,0.1982057866710394,-0.9920502000000004,0.0400747199999989,-0.0014761599999997,-1.8309538,-1.0988152,1.0596061600000195,-31.84014832000008,36.16060431999992,-39.31970351999984,100.0,34.18999244,23.940608599988167,17.346038039991424,17.1846810799915,17.345285399991422,53.160087759973706,2461.518060720023,-1.0079460800000002,-0.0878002799999995,0.0480515200000014,5.430944240000028,1.9249498399999772,2.014,-3.365710639999969,16.0,-95.25426632000004,100.0,32.41254268,99.58336452000492,79.92040736000395,90.70331948000448,46.93738164000232,197.26386196000976,1977.428891840043,-1.020013440000003,-0.0120089199999989,0.0066440799999993,-5.278603560000026,-7.997501279999979,0.3931855600000064,-5.257747879999675,14.561193919998974,25.397398639998165,100.0,32.65509916,127.67981008000558,3.0840530400001347,2.467243000000108,2.467243000000108,6.784917120000297,2232.456207960028,-0.9135442399999898,0.5174161600000022,-0.0434030800000034,4.202901759999958,3.717733840000037,1.1204107200000075,11.974630320000047,-3.1798170000001416,27.389280840000016,100.0,40.36,83.24742423999898,96.0913122799988,68.50073727999916,52.80265235999935,193.6097237599976,2277.879967680048,-1.0076305600000013,-0.0044388799999992,0.0814598400000032,0.4552776400000058,2.083753519999999,5.020157160000006,9.464204399999993,-14.463886640000045,25.535795600000007,100.0,33.53,99.33967935999826,53.38347235999906,47.81302375999916,57.09710603999899,153.6515605199973,1995.528162160024,-1.0228371600000004,0.1324651200000009,-0.02526672,2.993419160000006,1.804129160000009,3.941409200000001,-6.51982980000005,30.06064383999997,37.0,100.0,33.06519792,127.0630915600042,2.902368200000095,2.3218945600000764,2.3218945600000764,6.38521020000021,1939.9135370800293,678,X1.6864 Y1.617 Z-0.0997
16:24:33.949,5,682,1.67348,1.64175,-0.10068,90.0674,58.58569,-28.54965,,185.42,0,0,,2,1,"{""sr"":{""mpox"":90.0674,""mpoy"":58.58569,""mpoz"":-28.54965,""mpoa"":0,""posx"":1.67348,""posy"":1.64175,""posz"":-0.10068,""posa"":0,""unit"":0,""stat"":5,""coor"":2,""momo"":1,""dist"":0,""home"":1,""mots"":1,""plan"":0,""line"":682,""path"":2,""frmo"":2,""prbe"":1,""safe"":0,""estp"":0,""spc"":1,""hold"":0,""macs"":5,""cycs"":1,""sps"":12000,""feed"":185.42,""mark"":176190722}}",5.400532876860538,0.2012515698153369,0.2056051060217429,0.1925724257346696,5.400532876860538,0.2012515698153369,0.2056051060217429,0.1925724257346696,-0.982571,0.0325743599999998,0.0418365600000002,-1.70904116,-0.933011559999996,0.9424066000000084,-31.281585439999933,36.71908740000007,-39.43817408000014,100.0,34.19282256,120.8059594000114,77.66140604000732,76.94231936000728,77.66140604000732,238.01850132002247,1482.391178479996,-1.0170727199999996,-0.0701417999999997,-0.0043636000000008,5.329035999999998,1.8401861199999887,2.016856559999998,-3.414210439999973,16.0,-94.63261884,100.0,32.40781624,65.56593339999674,52.60472391999657,59.23209123999614,30.847373399997952,129.23365303999157,1700.818853239988,-0.9830927599999992,-0.0342874400000015,0.0078584799999992,-5.362671120000007,-7.864019399999988,0.4854322400000055,-14.0,37.0,66.42730691999998,100.0,32.663328480000004,89.49468311999514,2.136536319999885,1.709228679999908,1.709228679999908,4.887856639999702,1816.8362855599987,-0.893581320000003,0.3869340000000058,-0.0070311599999983,2.772049640000024,0.2695916800000268,1.2721606399999934,11.93547911999985,4.064352919999554,19.74170311999954,100.0,40.36,85.67468460000075,104.25482052000106,74.19125676000078,57.15952908000062,209.92896856000215,2201.222686839977,-1.00302068,-0.0115429599999995,0.0143408800000001,0.4575785199999925,2.1068646400000004,4.936355440000002,9.0,-13.602947359999964,23.874678440000032,100.0,33.5460292,91.6872379600013,60.07304744000081,54.32692996000073,64.77441624000087,173.95065036000236,1305.9580807199886,-1.0092349200000006,0.1215584399999994,-0.0110816799999995,2.8352764800000023,1.7491621199999958,4.000715080000001,-6.0,30.894451200000027,37.0,100.0,33.0644712,97.51159243999636,2.236504239999917,2.236504239999917,1.7892032799999331,4.920309879999817,1387.870625239986,682,X1.6698 Y1.647 Z-0.1009
16:24:34.207,5,685,1.65263,1.66522,-0.10177,89.53781,59.18174,-28.57759,,185.42,0,0,,2,1,"{""sr"":{""mpox"":89.53781,""mpoy"":59.18174,""mpoz"":-28.57759,""mpoa"":0,""posx"":1.65263,""posy"":1.66522,""posz"":-0.10177,""posa"":0,""unit"":0,""stat"":5,""coor"":2,""momo"":1,""dist"":0,""home"":1,""mots"":1,""plan"":0,""line"":685,""path"":2,""frmo"":2,""prbe"":1,""safe"":0,""estp"":0,""spc"":1,""hold"":0,""macs"":5,""cycs"":1,""sps"":12000,""feed"":185.42,""mark"":176190722}}",5.211703954605207,0.2018462125399673,0.2182995620851865,0.2152459157915436,5.211703954605207,0.2018462125399673,0.2182995620851865,0.2152459157915436,-0.9910682,0.0434420399999999,0.0026099999999999,-1.628582080000001,-0.9157354,0.8398778399999985,-31.561359440000007,36.0016764,-39.99633068,100.0,34.19880336,75.00439659999903,47.37320011999939,46.93455955999939,47.81152371999938,145.6287255999981,1667.083796559999,-1.00651844,-0.07766456,0.04186632,5.26220232,1.83826624,1.99521816,-3.021005919999997,13.623512159999969,-79.36935823999984,100.0,32.399513320000004,69.7356436400003,67.11400284000028,75.50325356000033,39.84893932000017,165.1633670800007,1846.612711,-0.98221972,-0.0230071199999999,0.01142172,-5.10200652,-8.01855008,0.40655356,-13.775107599999997,37.0,67.29513616,100.0,32.62959916,108.1659431200004,2.60014292000001,2.080114240000008,2.080114240000008,6.240342840000023,1822.86686052,-0.93872028,0.3697059599999999,0.0007606399999997,-0.8586117599999967,1.21245408,1.20266616,6.586294359999975,15.066846679999944,2.0407578399999737,100.0,40.35495376,84.70806731999993,99.56913175999992,70.83774067999994,54.49056975999995,201.11973955999983,2648.159682839997,-1.0053681200000002,-0.01039316,-0.0048193599999999,0.4390379599999998,2.1668596800000004,4.98698892,8.310060240000004,-13.689939759999996,25.19734088,100.0,33.54,119.20897715999983,57.14149323999993,51.23030423999994,61.08228571999993,165.0206918399998,1307.3141404000005,-1.01338932,0.1250101599999999,-0.00801736,2.8671342,1.71824988,3.99656688,-6.0,30.0,37.65124096,100.0,33.07484692,112.1515780800003,2.576463320000007,2.0611703200000058,2.0611703200000058,5.668219520000016,1812.1454397199973,685,X1.6521 Y1.6657 Z-0.1018
16:24:34.465,5,689,1.62647,1.68226,-0.10292,88.87339,59.61453,-28.60672,,185.42,0,0,,2,1,"{""sr"":{""mpox"":88.87339,""mpoy"":59.61453,""mpoz"":-28.60672,""mpoa"":0,""posx"":1.62647,""posy"":1.68226,""posz"":-0.10292,""posa"":0,""unit"":0,""stat"":5,""coor"":2,""momo"":1,""dist"":0,""home"":1,""mots"":1,""plan"":0,""line"":689,""path"":2,""frmo"":2,""prbe"":1,""safe"":0,""estp"":0,""spc"":1,""hold"":0,""macs"":5,""cycs"":1,""sps"":12000,""feed"":185.42,""mark"":176190722}}",5.16244957558274,0.1878011257938924,0.2004937138960605,0.2016437212580733,5.16244957558274,0.1878011257938924,0.2004937138960605,0.2016437212580733,-0.9965832000000004,0.0407968000000001,-0.0116058000000011,-1.6476955999999827,-0.854093,0.989138600000007,-31.400503199999942,36.39900199999994,-39.0015012,100.0,34.204004999999995,58.87846899999168,42.85383859999395,42.85533979999396,43.65484499999384,132.96705079998122,1101.9065443999937,-1.0074054,-0.0792898000000002,0.0393042,5.476877200000003,1.6761473999999985,1.974958399999997,-3.119990399999983,16.0,-94.46143339999998,100.0,32.409143,67.62216340000269,69.89363860000296,77.9721342000033,41.46961100000174,171.56269440000725,1293.7638839999886,-1.0145621999999983,-0.0355594000000005,0.0252716000000001,-5.224806400000009,-8.113530199999992,0.4150602000000046,-14.0,37.59786499999996,67.13312519999998,100.0,32.6507048,111.869372000004,2.676300600000096,2.141040600000077,2.141040600000077,6.42312160000023,1400.7267849999928,-0.9475612000000018,0.104082199999998,-0.0085912000000016,4.997685999999969,1.7430495999999944,1.2261269999999913,10.606246600000102,6.148874599999913,21.505349599999978,100.0,40.36,87.18485299999935,98.9329211999992,70.38511259999943,54.14239459999956,199.3424529999984,1647.586490599995,-1.0059046000000005,-0.0109225999999995,0.0023266000000007,0.5117565999999928,1.746243400000007,4.955915799999997,9.0,-14.0,24.75662220000002,100.0,33.5373138,78.96911959999755,56.87571979999936,51.23917599999941,60.99901919999928,164.7219853999981,999.7768116000028,-1.009361400000001,0.1327282000000006,-0.0063151999999993,2.852576800000006,1.743406199999994,3.936345599999996,-5.476966399999986,30.0,38.751265200000034,100.0,33.0852304,114.544401600003,2.615168800000069,2.092135200000055,2.092135200000055,5.753372200000151,1177.904039199989,689,X1.623 Y1.6839 Z-0.1031
16:24:34.723,5,693,1.59685,1.69197,-0.10406,88.12105,59.86133,-28.63558,,185.42,0,0,,2,1,"{""sr"":{""mpox"":88.12105,""mpoy"":59.86133,""mpoz"":-28.63558,""mpoa"":0,""posx"":1.59685,""posy"":1.69197,""posz"":-0.10406,""posa"":0,""unit"":0,""stat"":5,""coor"":2,""momo"":1,""dist"":0,""home"":1,""mots"":1,""plan"":0,""line"":693,""path"":2,""frmo"":2,""prbe"":1,""safe"":0,""estp"":0,""spc"":1,""hold"":0,""macs"":5,""cycs"":1,""sps"":12000,""feed"":185.42,""mark"":176190722}}",5.31078138555647,0.2068056320194363,0.2068873694754968,0.2062078034029215,5.31078138555647,0.2068056320194363,0.2068873694754968,0.2062078034029215,-0.99620732,0.0450643999999998,-0.0256485600000002,-1.6794574399999973,-0.9639118799999932,0.8690642000000014,-31.758013679999976,36.24198632000002,-38.48463676000004,100.0,34.202420200000006,117.4907527999965,80.34942211999761,81.86544895999755,82.62346263999753,252.4184676799925,2073.842415079986,-1.00757672,-0.0806231999999998,0.0415427999999993,5.3204735199999975,1.690699480000007,2.11010308,-3.395846360000009,16.0,-95.39584636,100.0,32.39927928,48.68908336000112,51.8558530000012,57.39769980000131,30.87600388000071,127.06663228000292,2019.8860043999823,-1.0113169199999985,-0.0423419999999987,0.0005166400000004,-5.403946679999995,-7.984358800000002,0.5539232400000005,-14.0,36.49227592000001,66.82610700000001,100.0,32.6490534,86.3281519600016,2.0652668800000384,1.6522130000000308,1.6522130000000308,4.543586880000085,2345.37878843998,-1.0136896400000008,0.3000463999999972,0.0080011600000001,6.715314639999857,0.2617559999999979,1.1487532000000011,8.388258560000036,14.98040220000013,0.0219274000001783,100.0,40.33777756,90.81260591999968,104.82369359999964,74.20687179999976,57.08220943999981,210.6852446799993,2273.490568999989,-1.00642372,-0.0103220000000001,0.0165077999999994,0.5313302000000003,1.7635020399999974,4.960111920000002,8.867935919999988,-14.0,24.0,100.0,33.5347392,98.37838151999956,61.552249279999735,55.23919847999976,66.28703807999972,178.86978447999925,1756.5013592399926,-1.0367699999999995,0.0662946399999997,0.0019174799999996,2.904150759999999,1.7265757599999996,4.019726519999998,-6.0,30.0,38.0,100.0,33.07851392,94.77950888000125,2.1836506000000275,1.7469204800000218,1.7469204800000218,4.80403056000006,1674.7199267999947,693,X1.59 Y1.6931 Z-0.1043
16:24:34.980,5,696,1.56549,1.69366,-0.10516,87.32469,59.90409,-28.66352,,185.42,0,0,,2,1,"{""sr"":{""mpox"":87.32469,""mpoy"":59.90409,""mpoz"":-28.66352,""mpoa"":0,""posx"":1.56549,""posy"":1.69366,""posz"":-0.10516,""posa"":0,""unit"":0,""stat"":5,""coor"":2,""momo"":1,""dist"":0,""home"":1,""mots"":1,""plan"":0,""line"":696,""path"":2,""frmo"":2,""prbe"":1,""safe"":0,""estp"":0,""spc"":1,""hold"":0,""macs"":5,""cycs"":1,""sps"":12000,""feed"":185.42,""mark"":176190722}}",5.338377871407579,0.2034348640598861,0.207370808760201,0.2054057435841493,5.338377871407579,0.2034348640598861,0.207370808760201,0.2054057435841493,-0.9840099,0.0369061999999992,-0.005105799999999,-1.5389243999999898,-0.9772502,0.9161251,-31.0,36.9979516,-38.80246330000017,100.0,34.218981400000004,15.565317099986991,10.693327499991094,10.998851199990836,11.202533999990663,33.91517399997174,1179.029411399976,-1.0027552999999991,-0.0731918000000001,0.0325847000000011,5.409502300000009,1.6498298999999983,1.9775339999999948,-3.62779950000006,16.029998299999974,-95.02999829999996,100.0,32.4125559,76.39451860000386,88.11488190000458,96.03845160000496,52.62380930000271,213.75422640001105,1407.3140874999544,-1.0041385999999994,-0.0216547000000008,0.0267336999999999,-5.07834599999999,-7.998034299999999,0.3923889999999947,-14.0,37.0,66.39926259999994,100.0,32.652682000000006,131.28902390000584,3.1704271000001425,2.536341300000114,2.536341300000114,7.609024800000341,1361.584466399969,-1.0406391000000097,0.1592097999999818,0.0343132000000027,2.367362899999861,0.2548856999999923,1.2532605000000003,9.528864400000009,7.157097400000385,9.23083429999947,100.0,40.32,83.33735489999894,95.16943739999874,67.37242349999912,52.29607649999931,191.28114599999748,1715.075426499906,-1.0059720000000003,-0.0060994,0.0032883999999996,0.5641814999999925,1.9870161000000124,4.841557200000001,8.403263000000038,-14.0,23.0,100.0,33.5359671,101.3234884000011,54.12330149999893,48.61923709999904,58.25134969999885,156.81043099999695,1133.360393699984,-0.983220699999997,0.1306928000000016,-0.0040462999999996,2.775922200000001,1.8196093000000095,4.105038899999999,-6.0,30.93775590000005,38.39965409999998,100.0,33.08,130.8753615000046,3.0017286000001056,2.4013827000000845,2.4013827000000845,6.603802300000232,1337.4342788999477,696,X1.5643 Y1.6936 Z-0.1052
16:24:35.235,5,700,1.53495,1.68705,-0.1063,86.54886,59.73631,-28.69252,,185.42,0,0,,2,1,"{""sr"":{""mpox"":86.54886,""mpoy"":59.73631,""mpoz"":-28.69252,""mpoa"":0,""posx"":1.53495,""posy"":1.68705,""posz"":-0.1063,""posa"":0,""unit"":0,""stat"":5,""coor"":2,""momo"":1,""dist"":0,""home"":1,""mots"":1,""plan"":0,""line"":700,""path"":2,""frmo"":2,""prbe"":1,""safe"":0,""estp"":0,""spc"":1,""hold"":0,""macs"":5,""cycs"":1,""sps"":12000,""feed"":185.42,""mark"":176190722}}",5.1620212006881685,0.1966460582589785,0.1865556950074331,0.1915570693959044,5.1620212006881685,0.1966460582589785,0.1865556950074331,0.1915570693959044,-0.986,0.031,0.011,-1.831,-0.977,0.977,-31.0,37.0,-39.0,100.0,34.22,165.0,105.0,109.0,110.0,335.0,1921.0,-1.004968,-0.072819,0.022426,5.237981,2.330019,2.075,-3.0,17.0,-95.696772,100.0,32.42,44.877746,41.23901,44.574518,24.864697,99.458789,2425.068006,-1.007635,-0.069754,0.018107,-4.944723,-8.158185,0.345908,-14.0,37.0,67.0,100.0,32.646588,69.170706,1.646922,1.317537,1.317537,3.623227,2411.03033,-0.858773,0.559338,-0.005293,3.643021,1.317311,1.268175,8.311138,-2.311138,8.311138,100.0,40.34,93.034631,108.630032,77.43923,59.69274,218.873381,3522.827776,-1.0,-0.007552,0.006794,0.549,2.020295,4.937705,9.0,-14.0,23.551602,100.0,33.53,123.558744,65.640583,59.021364,70.604997,189.750929,1953.850449,-0.974028,0.153837,-0.018378,2.93,1.883742,3.958742,-6.0,30.0,38.621543,100.0,33.086215,82.503574,1.892284,1.513827,1.513827,4.163024,2010.424655,700,X1.5309 Y1.6856 Z-0.1065
16:24:35.493,5,704,1.50724,1.67281,-0.10744,85.84507,59.3745,-28.72152,,185.42,0,0,,2,1,"{""sr"":{""mpox"":85.84507,""mpoy"":59.3745,""mpoz"":-28.72152,""mpoa"":0,""posx"":1.50724,""posy"":1.67281,""posz"":-0.10744,""posa"":0,""unit"":0,""stat"":5,""coor"":2,""momo"":1,""dist"":0,""home"":1,""mots"":1,""plan"":0,""line"":704,""path"":2,""frmo"":2,""prbe"":1,""safe"":0,""estp"":0,""spc"":1,""hold"":0,""macs"":5,""cycs"":1,""sps"":12000,""feed"":185.42,""mark"":176190722}}",5.178242423062209,0.2033554026968907,0.2079885291421071,0.208372645139258,5.178242423062209,0.2033554026968907,0.2079885291421071,0.208372645139258,-0.99351444,0.0422191199999995,-0.0243806399999996,-1.5852676800000145,-0.8441217999999976,0.854,-32.0,36.83806755999996,-39.83806755999996,100.0,34.21,25.74731896000631,16.841014040004126,17.65067824000432,17.974543960004404,54.57136180001337,1504.500177120007,-1.0078503200000002,-0.0731404400000001,0.0122997999999999,5.4234370000000025,1.6645479599999982,1.9615629999999973,-3.0,16.747635440000014,-94.88800415999997,100.0,32.42223984,101.70226811999746,87.7182057599978,94.07459775999764,53.393690879998665,211.0322055999947,1523.5685517200054,-1.0134075200000006,-0.0155071600000003,0.0032009200000007,-5.345988959999998,-7.749145240000005,0.6525358799999951,-13.723169600000013,36.72316960000001,67.0,100.0,32.65339412,127.5571658399972,3.081091319999933,2.464872919999946,2.464872919999946,6.778400199999852,1694.6749348800051,-0.97476748,0.2224261199999985,-0.0395509599999976,-1.083676719999856,2.505637439999956,1.159177680000003,7.897333160000088,-7.966316760000031,-8.388852599999616,100.0,40.33526924,77.10869160000048,95.5580104400006,68.12056192000044,52.50959988000033,192.5352002800012,2015.0005304800063,-1.00679372,-0.0092616399999997,-0.0063457999999996,0.3723607199999948,2.1597296800000008,4.939623519999999,9.0,-14.0,25.463004800000004,100.0,33.53465276,109.269170080001,55.56059540000051,49.541530640000445,59.26463464000054,160.19971596000144,1262.24450052,-1.0021266399999995,0.1312886799999996,-0.0224402799999998,2.7836351600000038,1.768820839999996,4.053543,-6.0,30.41874292000001,38.520644599999976,100.0,33.08460024,127.17413999999788,2.906287079999952,2.325029159999962,2.325029159999962,6.393831079999894,1477.2873878799985,704,X1.5013 Y1.6685 Z-0.1077
16:24:35.750,5,707,1.48401,1.65166,-0.10854,85.25495,58.8375,-28.74946,,185.42,0,0,,2,1,"{""sr"":{""mpox"":85.25495,""mpoy"":58.8375,""mpoz"":-28.74946,""mpoa"":0,""posx"":1.48401,""posy"":1.65166,""posz"":-0.10854,""posa"":0,""unit"":0,""stat"":5,""coor"":2,""momo"":1,""dist"":0,""home"":1,""mots"":1,""plan"":0,""line"":707,""path"":2,""frmo"":2,""prbe"":1,""safe"":0,""estp"":0,""spc"":1,""hold"":0,""macs"":5,""cycs"":1,""sps"":12000,""feed"":185.42,""mark"":176190722}}",5.143240433118332,0.1889017952154366,0.1996162251173214,0.2038796267751691,5.143240433118332,0.1889017952154366,0.1996162251173214,0.2038796267751691,-0.9879015,0.0435023000000002,-0.0131006,-1.5625775999999982,-0.8664558999999965,0.916,-31.0,36.29981909999999,-39.700180900000014,100.0,34.2129979,107.12770740000217,72.81883390000148,77.01992000000156,77.72010160000158,236.6612096000048,1621.8912715000072,-0.9979387,-0.0746937,0.0231615,5.5195052,1.6312327999999985,1.9884286000000004,-3.0,16.580800200000006,-95.2092719,100.0,32.4237086,50.93702919999941,58.8972331999992,62.46075869999916,35.63197629999952,140.6411787999981,1410.4475985000015,-1.0219715,-0.0269418,0.0306129,-5.332629200000004,-7.919027100000002,0.5995829999999985,-6.010691699999932,15.885400499999824,28.965404799999668,100.0,32.6480005,89.16063169999903,2.146675599999976,1.7173404999999808,1.7173404999999808,4.722686999999947,1510.6128278000022,-0.9212083999999984,0.2670127000000008,-0.0173411000000001,-0.5185582000000554,-3.542425000000117,1.1219222000000004,6.139264199999993,-0.7564714999999711,-1.4367575999999656,100.0,40.3262424,83.19955280000015,104.1768234000002,74.16538870000015,57.16915370000012,209.7594937000004,1764.720782500006,-1.0062011,-0.0096746000000001,-0.0008943000000003,0.4034239999999995,2.099201900000004,4.824491200000001,9.345653800000004,-14.0,25.0,100.0,33.54,66.4797703000002,62.45034110000018,55.68488750000016,67.13411650000019,180.5855687000005,1193.4065795000022,-1.0153719,0.1328509000000001,-0.0115050999999999,2.9103844999999997,1.8044853999999997,3.9659283000000007,-5.565334999999991,30.56533499999999,38.11309909999999,100.0,33.0701757,99.03966379999925,2.2611794999999826,1.808943599999986,1.808943599999986,4.974594899999962,1069.9179309000035,707,X1.4829 Y1.6504 Z-0.1086
16:24:36.014,5,711,1.4672,1.62543,-0.10968,84.82801,58.17124,-28.77832,,185.42,0,0,,2,1,"{""sr"":{""mpox"":84.82801,""mpoy"":58.17124,""mpoz"":-28.77832,""mpoa"":0,""posx"":1.4672,""posy"":1.62543,""posz"":-0.10968,""posa"":0,""unit"":0,""stat"":5,""coor"":2,""momo"":1,""dist"":0,""home"":1,""mots"":1,""plan"":0,""line"":711,""path"":2,""frmo"":2,""prbe"":1,""safe"":0,""estp"":0,""spc"":1,""hold"":0,""macs"":5,""cycs"":1,""sps"":12000,""feed"":185.42,""mark"":176190722}}",5.354281337078389,0.2047249951114982,0.2051968310861617,0.1947035794131061,5.354281337078389,0.2047249951114982,0.2051968310861617,0.1947035794131061,-0.9878060200000002,0.0426455000000001,-0.01058026,-1.7798381800000025,-0.9608382400000036,0.9055811399999976,-31.41935905999998,36.0,-39.419359059999984,100.0,34.21,78.38654758000267,59.80603262000205,63.87052046000218,65.03180276000222,196.83733036000672,1399.9370257399924,-1.01427064,-0.0747272,0.0144495600000002,5.2261796599999935,2.066941520000008,2.0062804,-2.0034391200000377,8.92591404000014,-50.58731896000075,100.0,32.41720604,65.91776837999889,66.38527049999887,70.1252861399988,40.20516369999931,157.54814185999732,1560.9727296200022,-1.0015660000000004,-0.0239671399999997,0.0197020000000002,-5.186362020000002,-8.197650700000002,0.488,-14.0,37.4723308,66.94466101999998,100.0,32.6522193,99.18941607999858,2.3616528399999663,1.889322039999973,1.889322039999973,5.195636319999926,1841.20538996,-0.9275716800000002,0.4044057199999966,0.0303596199999997,4.942604139999924,1.707977460000008,1.1264625399999988,11.04311848000002,-0.7775060599997766,12.28723707999979,100.0,40.31268192,82.58845002000024,102.85555444000028,72.96157508000022,56.24121440000016,206.7244640000006,2400.156299499998,-1.0089028599999998,-0.00505836,0.0198213200000002,0.6052308599999974,1.877942180000001,4.98915904,8.230454419999989,-14.0,24.23045441999999,100.0,33.54,111.14830756000045,61.18255460000024,55.064299140000216,65.77124588000027,176.9195534400007,1165.4197483999956,-1.01821616,0.1249696,-0.0077038000000001,2.921500739999999,1.8065373799999995,3.9829629399999993,-6.0,30.21941110000001,38.0,100.0,33.0696219,104.66085917999894,2.405510799999976,1.9244086199999808,1.9244086199999808,5.2921239399999465,1437.7130684800038,711,X1.4652 Y1.6211 Z-0.1099
16:24:36.266,5,715,1.45777,1.59556,-0.11083,84.58841,57.41235,-28.80767,,185.42,0,0,,2,1,"{""sr"":{""mpox"":84.58841,""mpoy"":57.41235,""mpoz"":-28.80767,""mpoa"":0,""posx"":1.45777,""posy"":1.59556,""posz"":-0.11083,""posa"":0,""unit"":0,""stat"":5,""coor"":2,""momo"":1,""dist"":0,""home"":1,""mots"":1,""plan"":0,""line"":715,""path"":2,""frmo"":2,""prbe"":1,""safe"":0,""estp"":0,""spc"":1,""hold"":0,""macs"":5,""cycs"":1,""sps"":12000,""feed"":185.42,""mark"":176190722}}",5.274102863683211,0.1936577857129683,0.192800096643647,0.2002475475495619,5.274102863683211,0.1936577857129683,0.192800096643647,0.2002475475495619,-0.9927982999999992,0.0399438799999993,-0.0046181399999999,-1.9153009000000047,-0.9626018000000094,0.9536990999999954,-31.0,37.0,-40.23603819999985,100.0,34.21618016,56.15120966001124,39.34404510000788,42.01791202000842,42.78187382000857,129.49156478002595,1300.259751339977,-1.0134619799999995,-0.0725551199999995,0.0182099599999979,5.352975680000013,2.2327741400000045,2.0680513199999986,-3.0,16.45357210000003,-95.0,100.0,32.42113924,83.12470327999509,78.13918925999563,81.96418493999542,47.53922695999734,185.12514741998964,1328.7033302200216,-0.9645163600000008,-0.0220439000000002,0.00525572,-4.870431500000002,-8.20110243999998,0.3511494800000093,-14.458227300000027,37.0,66.54177269999998,100.0,32.65126084,113.64612003999451,2.70886263999987,2.167089559999896,2.167089559999896,5.959496979999715,1368.2941102800364,-0.9499278999999944,0.3035301600000046,-0.0064943000000022,2.123331180000146,-0.2500264800000532,1.3205028199999935,13.54949875999997,-2.0409000599997285,14.919700079999362,100.0,40.31,80.37644510000096,99.4903552000012,71.06453934000085,54.40113048000065,199.9609118000024,1639.2043478000237,-1.0037135600000004,-0.0087093999999994,0.0127313200000012,0.4427336999999988,1.8480741799999976,4.908510540000005,9.0,-14.0,25.07080521999992,100.0,33.53510956,89.95775612000303,58.89017118000096,52.81296254000082,63.08214906000098,169.6860923200026,1132.0510177599958,-1.0138939800000004,0.127531759999999,-0.0034666799999994,2.8977159199999964,1.6982102000000088,4.031486919999998,-6.0,30.47141674000002,38.23604118000005,100.0,33.064720740000006,114.70255935999596,2.6429165399999075,2.114332659999926,2.114332659999926,5.814415339999797,1284.4501560400054,715,X1.4567 Y1.588 Z-0.1111
16:24:36.526,5,718,1.45653,1.56435,-0.11192,84.55687,56.61973,-28.83539,,185.42,0,0,,2,1,"{""sr"":{""mpox"":84.55687,""mpoy"":56.61973,""mpoz"":-28.83539,""mpoa"":0,""posx"":1.45653,""posy"":1.56435,""posz"":-0.11192,""posa"":0,""unit"":0,""stat"":5,""coor"":2,""momo"":1,""dist"":0,""home"":1,""mots"":1,""plan"":0,""line"":718,""path"":2,""frmo"":2,""prbe"":1,""safe"":0,""estp"":0,""spc"":1,""hold"":0,""macs"":5,""cycs"":1,""sps"":12000,""feed"":185.42,""mark"":176190722}}",5.201077479883892,0.2010544620580411,0.2084907073144381,0.2097665402411357,5.201077479883892,0.2010544620580411,0.2084907073144381,0.2097665402411357,-0.9885402,0.0462598599999999,-0.0173997000000001,-1.7370561000000015,-0.8871241799999984,0.7870868999999974,-31.0,37.0,-39.18002245999999,100.0,34.22,114.7969107000012,83.63774936000085,90.19757268000092,91.83752876000096,277.9725199000029,1407.2832220599987,-1.0013878399999998,-0.0771036199999999,0.0292151799999997,5.3386103600000006,1.9450975400000012,1.95631938,-3.0,16.374322359999997,-95.48315359999998,100.0,32.40734536,61.388881899999454,53.52811005999953,56.52268957999949,32.56605315999971,127.26963293999886,1493.741187899995,-0.9958228,-0.0280096199999999,0.0114784599999998,-5.715267099999996,-7.663946740000002,0.815063259999999,-14.451995639999994,38.0,67.54800436,100.0,32.64725806,81.66161437999939,1.9630192399999853,1.5704153199999884,1.5704153199999884,4.3186430399999685,1674.779632339997,-0.9477021999999996,0.2536109999999994,-0.0211103400000001,5.805768900000003,0.8135620399999852,1.3079971400000003,10.008455579999978,10.865161839999974,8.894499580000026,100.0,40.31,85.2866389600001,106.21587614000012,75.8684831800001,58.07863156000007,213.47821368000027,1969.7934273599965,-1.0053267,-0.01240366,0.0111351599999998,0.4612219199999987,1.7146742199999987,4.927967980000001,9.0,-13.368590000000005,25.09939798,100.0,33.5263141,95.76213048000017,63.8414202600001,56.92526656000009,68.62952734000011,184.6081079000003,1172.8506517599983,-1.0231007399999998,0.12782148,-0.0039304799999998,2.9205585,1.6101749999999997,3.865512979999999,-6.0,30.112092659999995,37.42260944,100.0,33.062668460000005,91.50775789999952,2.1130453799999898,1.6904367599999917,1.6904367599999917,4.648700839999977,1502.4070601,718,X1.4567 Y1.5622 Z-0.112
16:24:36.781,5,722,1.46337,1.53399,-0.11306,84.73065,55.84856,-28.86411,,185.42,0,0,,2,1,"{""sr"":{""mpox"":84.73065,""mpoy"":55.84856,""mpoz"":-28.86411,""mpoa"":0,""posx"":1.46337,""posy"":1.53399,""posz"":-0.11306,""posa"":0,""unit"":0,""stat"":5,""coor"":2,""momo"":1,""dist"":0,""home"":1,""mots"":1,""plan"":0,""line"":722,""path"":2,""frmo"":2,""prbe"":1,""safe"":0,""estp"":0,""spc"":1,""hold"":0,""macs"":5,""cycs"":1,""sps"":12000,""feed"":185.42,""mark"":176190722}}",5.261313099713036,0.2035525024875514,0.17970745814376,0.192648799108878,5.261313099713036,0.2035525024875514,0.17970745814376,0.192648799108878,-0.9841319600000012,0.0392427600000002,-0.0760482399999921,-1.83099944,-1.1452061999999832,0.9209311200000057,-31.0,36.91916095999991,-40.08083584000009,100.0,34.22,12.28708396001381,8.245280200009267,8.891968520009996,9.05364112001018,27.40343172003081,1396.5931857599903,-1.0035609200000004,-0.0706926000000006,0.0132150399999995,5.148773960000003,2.128596879999992,2.053226039999996,-3.0,16.0,-95.64304687999994,100.0,32.400951240000005,113.4562859999931,95.42669535999484,100.76525207999455,58.05680047999687,226.88864695998777,1952.4421903199604,-0.9985172799999984,-0.0199872000000011,0.0100880799999993,-5.320692919999965,-8.010560400000017,0.5551558399999833,-14.0,37.35671852000003,66.38324028000007,100.0,32.63643288,134.3927315599935,3.216406319999846,2.5731248399998767,2.5731248399998767,7.076093199999661,2056.601166679945,-1.0170199199999952,0.6182736399999755,0.0088231599999999,4.072346279999847,2.6587844000000613,1.1526987200000016,10.128798560000146,18.562852279999746,12.44715324000055,100.0,40.31,77.47649536000098,95.42520768000134,68.16086276000095,52.17831544000073,191.79056444000267,2548.762986639946,-1.0022483200000003,-0.0078648400000004,0.0082842399999999,0.6431820399999995,1.788814160000014,4.982545119999998,9.0,-13.95590127999995,24.49986527999994,100.0,33.52588024,86.82216860000351,54.72430924000113,48.795841600001005,58.41669436000125,157.3764867200033,1341.8572223599851,-0.98395236,0.1195545199999993,-0.0067460800000004,2.8324156399999847,1.6510320800000031,3.982251320000008,-6.0,30.04970584000005,37.04970584000006,100.0,33.07,131.3772699599952,2.9994808399998907,2.3995852399999125,2.3995852399999125,6.59885819999976,1512.350607559984,722,X1.4652 Y1.5291 Z-0.1133
16:24:37.039,5,726,1.47784,1.50641,-0.11421,85.09838,55.14808,-28.89339,,185.42,0,0,,2,1,"{""sr"":{""mpox"":85.09838,""mpoy"":55.14808,""mpoz"":-28.89339,""mpoa"":0,""posx"":1.47784,""posy"":1.50641,""posz"":-0.11421,""posa"":0,""unit"":0,""stat"":5,""coor"":2,""momo"":1,""dist"":0,""home"":1,""mots"":1,""plan"":0,""line"":726,""path"":2,""frmo"":2,""prbe"":1,""safe"":0,""estp"":0,""spc"":1,""hold"":0,""macs"":5,""cycs"":1,""sps"":12000,""feed"":185.42,""mark"":176190722}}",5.470319459587483,0.1997310252063352,0.2049167117222156,0.2038884147803175,5.470319459587483,0.1997310252063352,0.2049167117222156,0.2038884147803175,-0.9905821600000002,0.0357473200000005,-0.0394781600000045,-1.820809600000005,-0.977,1.099,-31.0,36.0,-38.83294844000008,100.0,34.21,142.96995056000617,93.48035288000403,100.81214480000436,102.64509324000444,309.7682271600134,1762.4922223600186,-0.9997371200000004,-0.0737239999999999,0.0270796000000001,5.326835080000001,1.881973959999996,1.9766441199999971,-3.275990800000012,16.331802399999987,-95.2759908,100.0,32.42944192,63.814570279997056,47.391896959997766,49.77032319999763,28.81097559999865,112.48093119999464,1709.6244901200032,-0.9929978400000004,-0.0283037999999998,0.0115232000000004,-5.204707320000002,-8.10165392000001,0.4945383999999967,-13.641330640000014,37.0,66.0,100.0,32.64305072,74.29819547999719,1.7933476399999326,1.434678279999946,1.434678279999946,3.945365559999852,1841.9554180800103,-1.009750439999997,0.3275685200000036,0.001719439999999,3.196617279999891,0.4523242799999769,1.2852479599999964,5.78202824000005,2.756314519999959,13.336524760000016,100.0,40.30962912,88.23349596000054,107.38913700000056,76.17751556000042,58.72016848000032,215.8362944800012,1863.385904279999,-1.00832028,0.0004465999999999,0.0031999999999992,0.6295264799999977,1.707707400000004,4.947078600000002,8.543146040000003,-14.0,25.543146040000003,100.0,33.52492712,133.01055060000158,65.14170576000052,58.11663608000044,69.52270436000053,186.80643916000145,1130.8902583600018,-0.9830265599999995,0.1112634799999997,-0.0197740000000001,2.947327560000006,1.8011506000000033,3.906,-6.0,30.60118972000001,38.0,100.0,33.073686040000005,85.74420219999791,1.994051319999952,1.994051319999952,1.5952410399999613,4.785723199999883,1601.8486246000036,726,X1.4829 Y1.4998 Z-0.1145
16:24:37.295,5,729,1.49918,1.48348,-0.11531,85.64038,54.56565,-28.92133,,185.42,0,0,,2,1,"{""sr"":{""mpox"":85.64038,""mpoy"":54.56565,""mpoz"":-28.92133,""mpoa"":0,""posx"":1.49918,""posy"":1.48348,""posz"":-0.11531,""posa"":0,""unit"":0,""stat"":5,""coor"":2,""momo"":1,""dist"":0,""home"":1,""mots"":1,""plan"":0,""line"":729,""path"":2,""frmo"":2,""prbe"":1,""safe"":0,""estp"":0,""spc"":1,""hold"":0,""macs"":5,""cycs"":1,""sps"":12000,""feed"":185.42,""mark"":176190722}}",5.226707294587031,0.2069325351245199,0.2112310298086696,0.2099713023686363,5.226707294587031,0.2069325351245199,0.2112310298086696,0.2099713023686363,-0.9909987999999996,0.0371993999999996,2.000000001419536e-07,-1.9408046000000017,-1.16,1.172220200000007,-31.80008160000003,37.0,-38.19991839999997,100.0,34.2219988,31.187219999995577,20.59156199999708,21.791070399996904,22.190906599996847,67.17247339999047,1281.6198256000068,-1.0045246,-0.0777989999999999,0.0293735999999996,5.353997200000003,1.792729200000001,2.0432436000000016,-3.0,16.0,-95.10248820000002,100.0,32.4275816,133.6555704000024,87.86616180000159,92.81636800000167,53.21471800000096,208.5274404000038,1295.1002985999994,-1.0182592000000006,-0.0244671999999998,0.0264656000000001,-5.362978399999995,-7.775767799999999,0.5652874000000006,-13.26643680000001,37.266436800000015,66.26643680000001,100.0,32.646672,123.59181440000197,2.999801200000048,2.399840800000038,2.399840800000038,6.599562600000104,1353.9685248000028,-0.9836424000000008,0.3940327999999992,-0.0855491999999996,6.0768519999999615,2.6744670000000434,1.2793381999999998,7.857308000000031,11.777092800000217,2.378545999999926,100.0,40.2818632,76.50928679999967,97.0711569999996,68.85835799999971,53.07831779999978,194.6204973999992,1764.9672809999945,-1.0079944,-0.0053891999999998,0.0221930000000004,0.4339607999999981,1.7915442000000017,4.892464,8.557056799999984,-13.532696600000005,25.0,100.0,33.52,84.11456739999947,55.60907479999965,49.53413439999968,59.34750059999962,159.350374599999,1102.9728779999998,-0.9957082000000002,0.1115129999999998,-0.0187622000000001,2.9423192,1.8829623999999991,4.027788800000002,-6.924190000000011,30.0,37.84838020000002,100.0,33.0757756,125.14870100000152,2.8703832000000347,2.372116000000017,2.296306200000028,6.888919200000084,1095.9701919999948,729,X1.5012 Y1.4818 Z-0.1154
16:24:37.554,5,733,1.5256,1.46693,-0.11643,86.31137,54.14535,-28.94991,,185.42,0,0,,2,1,"{""sr"":{""mpox"":86.31137,""mpoy"":54.14535,""mpoz"":-28.94991,""mpoa"":0,""posx"":1.5256,""posy"":1.46693,""posz"":-0.11643,""posa"":0,""unit"":0,""stat"":5,""coor"":2,""momo"":1,""dist"":0,""home"":1,""mots"":1,""plan"":0,""line"":733,""path"":2,""frmo"":2,""prbe"":1,""safe"":0,""estp"":0,""spc"":1,""hold"":0,""macs"":5,""cycs"":1,""sps"":12000,""feed"":185.42,""mark"":176190722}}",5.18315153970969,0.1971096622624658,0.2022217667652701,0.1850318125078882,5.18315153970969,0.1971096622624658,0.2022217667652701,0.1850318125078882,-0.9944726,0.0456733199999999,-0.0024915599999998,-1.8975325000000036,-1.1278258000000028,0.985880519999998,-31.0,37.0,-39.0,100.0,34.22,90.24842334000164,63.66840848000116,67.37724806000124,68.61352746000125,207.07686178000375,1389.9976938800007,-1.01078236,-0.07465552,0.0134834400000001,5.481142759999999,1.7710419400000006,2.075,-3.0,16.0,-96.0,100.0,32.4228382,87.94687009999902,63.142869519999365,67.20205381999934,38.336742299999614,151.27770615999847,1352.1685571799983,-0.97960152,-0.0193064399999998,0.0059451800000002,-5.061113139999999,-8.063776120000002,0.4376403199999991,-13.0,38.0,65.45994476,100.0,32.65205406,94.2886115999992,2.2997221799999807,1.8397780399999848,1.8397780399999848,5.0593887399999575,1355.849655619999,-0.9969889400000004,0.1969480200000016,0.0126987400000004,6.517492260000008,1.6815892399999997,1.2317669199999997,11.29396342000002,8.910237039999938,4.8331678400000255,100.0,40.29507838,83.63891076000012,102.58384310000017,73.12907660000012,56.37032958000009,206.51469946000032,1799.9181116999998,-1.00666066,-0.0073929999999999,0.0131342,0.5190433399999991,2.0417785399999966,4.933652220000001,9.0,-14.0,24.830364580000005,100.0,33.5365776,95.69938786000009,60.40290720000014,54.26023862000013,64.49801930000015,173.8726392400004,1098.0767015399992,-0.9985185,0.1125395599999999,-0.0175463399999999,2.84030554,1.7376944599999995,3.99569446,-7.0,30.47040278,37.47040277999999,100.0,33.09615166,102.5478324199994,2.352014379999986,2.352014379999986,1.881611979999989,5.644834939999967,1229.89150432,733,X1.5308 Y1.4646 Z-0.1167
16:24:37.810,5,736,1.5556,1.4578,-0.1176,87.07337,53.91336,-28.97954,,185.42,0,0,,2,1,"{""sr"":{""mpox"":87.07337,""mpoy"":53.91336,""mpoz"":-28.97954,""mpoa"":0,""posx"":1.5556,""posy"":1.4578,""posz"":-0.1176,""posa"":0,""unit"":0,""stat"":5,""coor"":2,""momo"":1,""dist"":0,""home"":1,""mots"":1,""plan"":0,""line"":736,""path"":2,""frmo"":2,""prbe"":1,""safe"":0,""estp"":0,""spc"":1,""hold"":0,""macs"":5,""cycs"":1,""sps"":12000,""feed"":185.42,""mark"":176190722}}",5.2919882268837775,0.2026278980631942,0.2063511011705175,0.2086669981441023,5.2919882268837775,0.2026278980631942,0.2063511011705175,0.2086669981441023,-0.9930015,0.053002,-0.0104985,-1.800527,-0.8235290000000001,0.8850745,-31.5004055,36.000037,-38.999963,100.0,34.224996,72.94611350000001,51.46203649999999,53.9602305,54.9594565,166.37730000000002,1834.0195045,-1.0037765,-0.085272,0.0515255,5.1795935,1.836713,1.9899305,-1.4973310000000002,8.1362305,-47.764131000000006,100.0,32.41,95.1690305,69.623659,74.63255550000001,42.074729,166.796248,1748.7269925,-0.948698,-0.00691,0.0228505,-5.371939,-8.1075605,0.40681,-6.4818965,18.947082,33.242597,100.0,32.653373,102.2840855,2.506963,2.00557,2.00557,5.515318499999999,1803.062109,-0.91371,0.253736,-0.0596305,3.97448,1.922201,1.200098,8.9245035,-1.8815455,8.685918,100.0,40.263072,83.30834899999999,100.768183,71.3358915,54.8737625,202.5340705,2451.3032925,-1.008563,-0.0015025,-0.0082365,0.6604075,2.099027,4.9882725,9.0,-15.0,24.949713000000003,100.0,33.55,69.7567975,58.716153,52.6939835,63.2327805,169.12259500000002,1477.7793515,-1.039604,0.1411965,-0.0157495,2.8994525,1.74696,4.0584525,-6.6904075,30.499221,37.1896285,100.0,33.0962075,109.4493745,2.496105,2.496105,1.996884,5.990653,1989.473369,736,X1.5556 Y1.4578 Z-0.1176
16:24:38.070,5,740,1.58669,1.45685,-0.11869,87.86317,53.88916,-29.00727,,185.42,0,0,,2,1,"{""sr"":{""mpox"":87.86317,""mpoy"":53.88916,""mpoz"":-29.00727,""mpoa"":0,""posx"":1.58669,""posy"":1.45685,""posz"":-0.11869,""posa"":0,""unit"":0,""stat"":5,""coor"":2,""momo"":1,""dist"":0,""home"":1,""mots"":1,""plan"":0,""line"":740,""path"":2,""frmo"":2,""prbe"":1,""safe"":0,""estp"":0,""spc"":1,""hold"":0,""macs"":5,""cycs"":1,""sps"":12000,""feed"":185.42,""mark"":176190722}}",5.122661721325306,0.1912270050888889,0.1995354236065144,0.2025493423440935,5.122661721325306,0.1912270050888889,0.1995354236065144,0.2025493423440935,-0.9871203000000002,0.0437600999999996,-0.0069084,-1.6110520999999964,-1.038,0.9822756999999948,-31.0,36.0,-40.0,100.0,34.23,46.03321530000431,31.496410800002938,32.70781100000306,33.01066070000308,100.5462334000094,1576.2374371000103,-1.009357,-0.0755249,0.0224481000000001,5.403799099999994,1.8271780000000049,2.029360699999999,-3.0,16.09105330000001,-94.81789369999998,100.0,32.4202133,111.12574809999788,79.02273979999848,85.89624659999834,47.59116369999908,191.6164683999963,1782.4246883000123,-1.0293926999999994,-0.0338465999999997,0.0133929999999997,-5.275297300000001,-8.116561899999995,0.3457849,-12.63053250000003,38.0,66.09971100000001,100.0,32.6509972,117.29089209999802,2.844446199999952,2.2755569999999614,2.2755569999999614,6.257781499999894,1720.1809826000094,-0.824336000000002,0.4779555999999984,-0.0274805999999991,1.258838800000028,0.0504260999999888,1.2704559999999994,9.189251600000013,-6.632146599999803,-1.5341920000002156,100.0,40.263248,84.22465510000038,98.15515100000042,69.4860726000003,53.61190980000024,197.28213540000084,2706.8818348000154,-1.0077215,-0.0010608999999999,0.0101860999999995,0.5435354999999984,2.119909700000003,5.001817899999997,9.0,-14.0,25.315944299999988,100.0,33.5551894,65.46661320000098,56.28944820000033,50.03506480000029,60.13829890000035,161.33580360000096,1469.7664246000068,-1.0243544000000009,0.1208729000000001,-0.0100012999999997,2.862420799999997,1.8244207999999973,3.917352900000002,-7.0,31.0,37.0,100.0,33.087149,119.79386329999848,2.7475653999999654,2.7475653999999654,2.1980527999999726,6.594157699999917,1699.179615100001,740,X1.5898 Y1.4571 Z-0.1188
16:24:38.324,5,744,1.61714,1.46408,-0.11982,88.6366,54.07281,-29.03599,,185.42,0,0,,2,1,"{""sr"":{""mpox"":88.6366,""mpoy"":54.07281,""mpoz"":-29.03599,""mpoa"":0,""posx"":1.61714,""posy"":1.46408,""posz"":-0.11982,""posa"":0,""unit"":0,""stat"":5,""coor"":2,""momo"":1,""dist"":0,""home"":1,""mots"":1,""plan"":0,""line"":744,""path"":2,""frmo"":2,""prbe"":1,""safe"":0,""estp"":0,""spc"":1,""hold"":0,""macs"":5,""cycs"":1,""sps"":12000,""feed"":185.42,""mark"":176190722}}",5.1214517680869065,0.20313001381514,0.2021383850931188,0.2078185998560775,5.1214517680869065,0.20313001381514,0.2021383850931188,0.2078185998560775,-0.98844078,0.042829179999998,0.0068978799999996,-2.000555239999996,-0.9974457199999874,0.8335542800000125,-31.0,36.220402520000064,-40.55919439999987,100.0,34.23,134.09072895998827,81.85771245999284,84.19650433999264,84.97610125999257,258.8262913999773,1509.5943779000193,-1.0058275599999995,-0.0635986400000001,0.0370618799999991,5.31,1.8624004999999944,2.0220680600000023,-3.0661317800000205,16.0,-94.77568318000006,100.0,32.398417900000005,74.85340668000526,51.970759340003646,57.012698560004,31.02731850000218,126.82416602000892,1746.3182317799806,-1.0042469999999994,0.002884120000001,0.0033672600000001,-5.1845663600000185,-8.033653799999973,0.5710341600000071,-13.927188359999978,38.0,66.0,100.0,32.643611740000004,83.47055724000475,2.025984580000116,1.6207878200000925,1.6207878200000925,4.457165700000254,1990.074622819988,-0.973152720000002,0.299400039999998,0.0001097200000005,2.854383100000152,1.1740762799999416,1.2281907000000023,8.228426120000215,0.0699457600002625,-2.3812770800003817,100.0,40.29,86.51129651999916,105.272782139999,74.52479117999928,57.326762779999456,211.066717019998,2416.459508179991,-1.00803506,-0.0051915999999999,0.0140094800000002,0.330610580000006,2.1112137600000027,4.994396820000004,9.0,-14.0,24.64920514000003,100.0,33.5512144,124.55334067999836,61.22113373999919,54.88791279999927,65.44328069999914,175.74687551999767,1549.2341930400073,-0.9982010600000024,0.1423604200000023,-0.0049848599999998,2.7650367199999986,1.649463219999998,4.095890620000005,-7.0,30.0,37.86305307999996,100.0,33.069782020000005,94.47149408000357,2.458817080000057,2.1631370200000832,1.7305092600000664,5.191528340000199,1762.768200099985,744,X1.6227 Y1.4663 Z-0.1201
16:24:38.585,5,747,1.6448,1.47897,-0.12099,89.33912,54.45099,-29.06569,,185.42,0,0,,2,1,"{""sr"":{""mpox"":89.33912,""mpoy"":54.45099,""mpoz"":-29.06569,""mpoa"":0,""posx"":1.6448,""posy"":1.47897,""posz"":-0.12099,""posa"":0,""unit"":0,""stat"":5,""coor"":2,""momo"":1,""dist"":0,""home"":1,""mots"":1,""plan"":0,""line"":747,""path"":2,""frmo"":2,""prbe"":1,""safe"":0,""estp"":0,""spc"":1,""hold"":0,""macs"":5,""cycs"":1,""sps"":12000,""feed"":185.42,""mark"":176190722}}",5.238389851714561,0.1939819337621204,0.2011792524002206,0.2038499856748782,5.238389851714561,0.1939819337621204,0.2011792524002206,0.2038499856748782,-0.998991,0.039032,-0.02797,-1.770132,-0.793397,0.916,-31.0,36.00216,-38.99784,100.0,34.23,0.343361,0.228908,0.233227,0.233227,0.716956,1609.760295,-1.004302,-0.075791,0.023302,5.297235,1.928883,1.995559,-3.0,16.0,-95.395365,100.0,32.396046,135.350435,92.094111,101.861668,55.11693,225.351498,1748.883424,-1.039807,-0.019761,0.023375,-5.228897,-8.261487,0.386103,-13.329551,37.329551,65.659103,100.0,32.643409,137.441992,3.352244,2.681795,2.681795,7.374936,1667.18205,-0.997342,0.219665,-0.003916,1.799645,1.593266,1.389757,12.844337,3.305421,7.544821,100.0,40.304611,76.078899,93.139016,65.935046,50.719266,187.2002,2009.425655,-1.001,-0.008507,0.010255,0.305,1.953,4.916689,9.0,-15.0,26.447727,100.0,33.56,98.947557,51.488548,46.11583,55.07036,148.645199,1225.565881,-1.017138,0.1379,-0.006956,2.808,1.78449,4.056979,-6.618767,30.618767,36.381233,100.0,33.08,133.653639,3.712601,3.093834,2.475067,7.425202,1426.803235,747,X1.645 Y1.4791 Z-0.121
16:24:38.865,5,751,1.66915,1.50291,-0.12219,89.95755,55.05925,-29.09617,,185.42,0,0,,2,1,"{""sr"":{""mpox"":89.95755,""mpoy"":55.05925,""mpoz"":-29.09617,""mpoa"":0,""posx"":1.66915,""posy"":1.50291,""posz"":-0.12219,""posa"":0,""unit"":0,""stat"":5,""coor"":2,""momo"":1,""dist"":0,""home"":1,""mots"":1,""plan"":0,""line"":751,""path"":2,""frmo"":2,""prbe"":1,""safe"":0,""estp"":0,""spc"":1,""hold"":0,""macs"":5,""cycs"":1,""sps"":12000,""feed"":185.42,""mark"":176190722}}",5.2589410184779295,0.198641309980303,0.1846713169660181,0.2023596303201933,5.2589410184779295,0.198641309980303,0.1846713169660181,0.2023596303201933,-0.9915949999999994,0.0401983999999998,-0.0058072000000007,-1.6723669999999964,-1.0136330000000036,0.9892660000000068,-31.0,36.39945659999994,-38.600543400000056,100.0,34.23,57.52179079999185,42.74188639999394,42.74188639999394,43.141343399993886,132.61968439998122,1419.6901578000093,-1.0140296000000002,-0.0770387999999999,0.0295223999999993,5.321685000000002,1.6675163999999902,1.960397999999999,-3.878723200000018,16.0,-95.0,100.0,32.4142,95.98326580000278,70.48912780000292,78.48721840000326,41.80069620000173,173.3344490000072,1669.0642928000168,-1.012985200000001,-0.0286063999999991,0.0138360000000006,-5.152593400000014,-8.297419800000009,0.4067696,-13.53538600000002,38.40241640000004,66.0,100.0,32.6426592,109.48468400000388,2.676930400000096,2.1415444000000767,2.1415444000000767,5.889245800000212,1738.2154532000145,-0.905258599999998,0.2735379999999984,-0.0261194000000036,2.800174199999768,0.1794544000000702,1.532963799999992,11.516243399999796,-0.7078957999997323,20.990612599999974,100.0,40.32,82.57735399999927,99.13114619999916,70.52613859999941,54.25087599999955,199.74186079999836,1795.8730389999962,-1.0047362,-0.0088239999999997,-0.0039114000000003,0.3496085999999984,2.1146318000000086,4.862694999999996,9.0,-14.510693600000009,25.268711200000027,100.0,33.56,84.37680000000098,56.27020999999933,50.398536399999394,60.18465959999928,161.96034419999805,1239.1628633999949,-1.0136476000000003,0.1314808000000002,-0.0098772000000002,2.8068126000000038,1.7432531999999938,3.950276999999997,-6.248439999999965,31.0,36.47740959999999,100.0,33.07,113.92473300000296,2.612952600000068,2.612952600000068,2.0903622000000546,6.271086000000163,1282.3971314000023,751,X1.6693 Y1.5031 Z-0.1222
16:24:39.146,5,755,1.68581,1.53278,-0.12349,90.38066,55.81787,-29.12912,,185.42,0,0,,2,1,"{""sr"":{""mpox"":90.38066,""mpoy"":55.81787,""mpoz"":-29.12912,""mpoa"":0,""posx"":1.68581,""posy"":1.53278,""posz"":-0.12349,""posa"":0,""unit"":0,""stat"":5,""coor"":2,""momo"":1,""dist"":0,""home"":1,""mots"":1,""plan"":0,""line"":755,""path"":2,""frmo"":2,""prbe"":1,""safe"":0,""estp"":0,""spc"":1,""hold"":0,""macs"":5,""cycs"":1,""sps"":12000,""feed"":185.42,""mark"":176190722}}",5.354231816784356,0.2035245111819242,0.2047508081026856,0.2130040041204666,5.354231816784356,0.2035245111819242,0.2047508081026856,0.2130040041204666,-0.99078088,0.02852794,-0.00626592,-1.8516795599999931,-0.8947610800000068,0.9903674200000022,-31.0,36.0,-39.55814891999992,100.0,34.23219142,127.474786699994,83.16952485999609,83.16952485999609,83.94681049999605,257.28142831998787,1559.7576328399996,-1.00955826,-0.0762017399999999,0.0281016799999997,5.382112559999997,1.826643659999996,2.0223432400000005,-3.846076999999974,16.0,-95.76356484000002,100.0,32.41071428,65.61828784000282,50.35621070000189,56.60194238000212,29.667224640001116,123.97999214000464,1671.3674804399934,-0.9720099400000014,-0.0357868200000001,-0.0075355799999993,-5.630621379999993,-7.597438860000001,0.7363322600000007,-14.0,38.0,67.59383475999998,100.0,32.62812306,84.7410721000026,2.0308266400000625,1.62466118000005,1.62466118000005,4.467817740000138,1881.0245970399965,-0.8911218199999992,0.4445219799999975,-0.0257968200000013,1.189065959999853,0.9455286399999596,1.2769933000000009,12.14246260000001,0.8030915400000823,20.62787988000013,100.0,40.3220284,89.22514441999947,105.14500841999944,74.4343373399996,57.25718297999969,210.91195923999888,1714.2882753599897,-1.0077013,-0.0089398599999997,0.0142997000000005,0.4103127600000018,2.1383527800000013,4.918964319999999,8.901710599999983,-14.568430680000022,25.56843068000002,100.0,33.560982960000004,93.74656023999938,60.933739139999545,54.5754355999996,65.17260801999952,175.3831974399987,1171.9692817000002,-1.0302504199999998,0.1324306999999996,-0.00494886,2.846470060000005,1.7518016199999984,3.925396519999997,-6.515859460000023,30.56722111999999,37.65030192,100.0,33.08916928,93.04749572000192,2.163895520000045,2.163895520000045,1.7311158600000358,5.193348360000108,1479.0717931999995,755,X1.6859 Y1.533 Z-0.1235
16:24:39.427,5,759,1.69327,1.56616,-0.12469,90.57025,56.6658,-29.15967,,185.42,0,0,,2,1,"{""sr"":{""mpox"":90.57025,""mpoy"":56.6658,""mpoz"":-29.15967,""mpoa"":0,""posx"":1.69327,""posy"":1.56616,""posz"":-0.12469,""posa"":0,""unit"":0,""stat"":5,""coor"":2,""momo"":1,""dist"":0,""home"":1,""mots"":1,""plan"":0,""line"":759,""path"":2,""frmo"":2,""prbe"":1,""safe"":0,""estp"":0,""spc"":1,""hold"":0,""macs"":5,""cycs"":1,""sps"":12000,""feed"":185.42,""mark"":176190722}}",5.255623685402186,0.2018106360954473,0.207661956716799,0.2221418693244833,5.255623685402186,0.2018106360954473,0.207661956716799,0.2221418693244833,-0.9976414399999992,0.0358625600000007,0.0245934399999994,-1.8530483199999903,-1.0477600000000025,0.9866268800000024,-31.0,36.0,-38.15927632000004,100.0,34.24,126.11505823999408,89.95742911999577,89.95742911999577,90.79815279999572,278.2795236799869,1507.6668508800062,-0.9975303200000004,-0.0742306800000001,0.0074921200000002,5.256820239999996,1.7824156800000108,1.9888772399999983,-3.636256639999984,16.0,-95.95189792,100.0,32.40951904,62.927644720002746,46.55918228000204,52.37907956000229,27.64451448000121,114.942980920005,1548.3923510800057,-1.03286676,-0.0322985199999996,0.0295104399999997,-5.029799479999996,-8.401415080000005,0.3436739199999942,-13.052695520000013,37.94730447999999,65.6671454,100.0,32.65685292,80.57994808000282,1.9277502400000677,1.542200120000054,1.542200120000054,4.241049920000149,1658.7418491200008,-1.0325829999999976,0.400332399999995,0.0047793200000001,1.5516527600000427,1.8354692400000123,1.0775154800000029,9.381807880000114,18.22171900000004,8.265986599999934,100.0,40.33,88.13974495999949,105.9775501199994,75.54835267999957,57.71054751999967,213.0043839199988,1905.320715520004,-1.0086648,-0.0124412799999998,0.0525506799999987,0.6426941599999997,1.9159175200000007,4.945893080000004,9.0,-14.623764840000018,27.0,100.0,33.57288444,128.63319047999903,61.63673695999954,55.20507799999959,65.9245104399995,177.40660867999867,1503.6790472399928,-1.01868784,0.1228285200000005,-0.0073282399999998,2.800734920000004,1.6868399199999982,3.886580040000001,-6.0,30.0,37.318359999999984,100.0,33.0831836,90.06692836000214,2.0899461600000486,2.0899461600000486,1.6719565600000388,5.015869680000116,1347.0265088000062,759,X1.6933 Y1.5664 Z-0.1247
16:24:39.692,5,761,1.69111,1.59807,-0.125,90.51538,57.47618,-29.1675,,185.42,0,0,,2,3,"{""sr"":{""mpox"":90.51538,""mpoy"":57.47618,""mpoz"":-29.1675,""mpoa"":0,""posx"":1.69111,""posy"":1.59807,""posz"":-0.125,""posa"":0,""unit"":0,""stat"":5,""coor"":2,""momo"":3,""dist"":0,""home"":1,""mots"":1,""plan"":0,""line"":761,""path"":2,""frmo"":2,""prbe"":1,""safe"":0,""estp"":0,""spc"":1,""hold"":0,""macs"":5,""cycs"":1,""sps"":12000,""feed"":185.42,""mark"":176190722}}",5.293308200201217,0.2048165716716104,0.2175998226491245,0.2072936783075387,5.293308200201217,0.2048165716716104,0.2175998226491245,0.2072936783075387,-0.9915536199999998,0.0449035800000005,0.0030972999999997,-1.700593880000002,-0.9598464000000042,1.0818245400000042,-31.0,36.99948056,-38.139999999999965,100.0,34.2400056,20.72369103999497,15.115867599996337,14.975906059996367,15.115867599996337,46.32733443998876,1608.113654560004,-1.0088538399999998,-0.0751288000000002,0.0285358199999999,5.153144879999989,2.061576520000016,2.0080501400000013,-2.3164455599999454,12.476267339999849,-70.16784893999903,100.0,32.41260322,103.37759204000216,82.18839656000172,92.46194572000194,48.157263560001006,202.90260354000424,1732.7409052800049,-0.9955781399999998,-0.0268457199999999,0.0168845799999997,-4.972505399999993,-8.129402159999998,0.4444244600000007,-13.285643840000011,37.0,65.90653964000002,100.0,32.65285606,128.52542828000236,3.1044792800000574,2.483583480000046,2.483583480000046,6.829853640000126,1697.690373620003,-0.9533875600000006,0.2022270399999983,0.0380582399999998,4.657284180000152,2.470047579999973,1.2578459599999978,9.686067500000146,17.238997700000105,11.64865032000012,100.0,40.33064792,82.07937465999957,95.8383454599995,68.32040399999966,52.66364475999972,192.62558463999895,2063.432677219997,-1.00645828,-0.0120933800000003,-0.0022854799999993,0.5037032999999976,1.7581202400000016,4.858030739999998,9.0,-14.0,25.937318780000016,100.0,33.57534732,72.12268531999946,53.51037947999961,48.39199491999964,57.69814819999957,154.94744581999885,1455.8083564000003,-1.01565026,0.12334102,-0.0088540200000002,2.753483399999998,1.7810931000000043,3.937778419999998,-6.053142879999987,30.46782167999998,37.58532120000001,100.0,33.09361544,126.53573062000174,2.926607580000041,2.926607580000041,2.3412863800000325,7.0238582800000975,1522.5212722999963,761,G3 X1.5748 Y1.6937 R0.1188
16:24:39.948,5,761,1.68099,1.62789,-0.125,90.25828,58.23369,-29.1675,,185.42,0,0,,2,3,"{""sr"":{""mpox"":90.25828,""mpoy"":58.23369,""mpoz"":-29.1675,""mpoa"":0,""posx"":1.68099,""posy"":1.62789,""posz"":-0.125,""posa"":0,""unit"":0,""stat"":5,""coor"":2,""momo"":3,""dist"":0,""home"":1,""mots"":1,""plan"":0,""line"":761,""path"":2,""frmo"":2,""prbe"":1,""safe"":0,""estp"":0,""spc"":1,""hold"":0,""macs"":5,""cycs"":1,""sps"":12000,""feed"":185.42,""mark"":176190722}}",5.327860107894414,0.2067209660372632,0.2079551376269492,0.2089570991203062,5.327860107894414,0.2067209660372632,0.2079551376269492,0.2089570991203062,-0.9882627,0.0354746,0.0042626999999999,-1.786022179999999,-0.8090221799999986,0.8702848799999986,-31.0,36.73734288000002,-38.0,100.0,34.24,113.55078290000348,78.89567370000242,78.89567370000242,79.63301658000245,244.7977913400075,1429.9364836399948,-1.00563626,-0.07326396,0.0257197999999998,5.432671880000004,1.9367187199999985,2.0365272,-3.224402040000007,16.0,-94.95749421999996,100.0,32.417756319999995,63.049332919998754,52.412448019998834,58.9132164199987,30.878651279999318,128.97837587999717,1768.2089683000036,-0.9745711399999996,-0.0339704199999997,0.00547046,-5.3078129399999945,-7.966805799999997,0.5845328600000005,-13.417488379999993,37.0,66.24368644,100.0,32.64765086,86.90749799999843,2.0874428599999617,1.669953999999969,1.669953999999969,4.7661752999999,1753.0506296799988,-0.93925962,0.247644379999999,-0.01050946,2.589994939999998,1.9809804000000235,1.1579131199999972,6.193554480000019,2.4943840000000623,2.4780043999998767,100.0,40.32879516,86.88229658000016,104.25817354000031,74.32265798000023,57.169903740000194,209.54860666000064,2162.544005680012,-1.00793148,-0.0043067000000001,0.0206987400000002,0.4896895200000015,1.700625500000002,4.89012582,8.88318356000001,-13.592730639999989,25.59273063999999,100.0,33.57116818,125.48384790000073,60.26989716000026,54.50495010000024,64.9866716200003,175.04474342000077,1555.3816309200051,-1.00410718,0.1273864800000001,-0.0067082799999998,2.752954259999999,1.6749686599999996,3.967,-6.0,30.557885500000005,37.637332899999976,100.0,33.0846028,96.82305893999876,2.210572499999972,1.7684579999999774,1.7684579999999774,4.863258499999938,1786.1569053400033,761,G3 X1.5748 Y1.6937 R0.1188
16:24:40.206,5,761,1.66355,1.65385,-0.125,89.81534,58.89305,-29.1675,,185.42,0,0,,2,3,"{""sr"":{""mpox"":89.81534,""mpoy"":58.89305,""mpoz"":-29.1675,""mpoa"":0,""posx"":1.66355,""posy"":1.65385,""posz"":-0.125,""posa"":0,""unit"":0,""stat"":5,""coor"":2,""momo"":3,""dist"":0,""home"":1,""mots"":1,""plan"":0,""line"":761,""path"":2,""frmo"":2,""prbe"":1,""safe"":0,""estp"":0,""spc"":1,""hold"":0,""macs"":5,""cycs"":1,""sps"":12000,""feed"":185.42,""mark"":176190722}}",5.177772634405033,0.2068551456780144,0.2067700028459844,0.2061157708521932,5.177772634405033,0.2068551456780144,0.2067700028459844,0.2061157708521932,-0.9882944800000004,0.034707480000001,0.0055281599999991,-1.6731210400000025,-0.8938961800000096,0.9981038199999904,-31.0,36.0,-39.41182050000004,100.0,34.25,64.65582438000614,44.06479728000417,44.06479728000417,44.47661778000421,136.72441818001298,1678.8416742600127,-1.00618642,-0.0747059999999999,0.0140522199999994,5.392045319999991,1.8379016400000088,2.046442879999999,-3.0,16.0,-96.0,100.0,32.41762362,80.84035505999758,69.13977685999794,77.1174438999977,40.95202211999877,169.65837657999492,1514.5886862200014,-1.0113994800000004,-0.0249544999999994,0.0311937199999999,-5.349065859999996,-8.08106086,0.4352343000000008,-14.0,37.0,67.72328383999997,100.0,32.6491714,109.59225377999734,2.647155939999936,2.117724919999948,2.117724919999948,6.353174339999845,1748.3360021199992,-0.9561950199999992,0.1735283400000029,0.0096948600000005,5.251970380000015,1.6313232600000231,1.1158232600000046,8.59954866000005,11.666910400000113,-3.2987364400003263,100.0,40.31195552,81.93137644000046,99.69962654000057,70.57943902000041,54.29187602000031,200.38637822000115,1922.1170700200137,-1.0085882,-0.0059614,0.0095286999999999,0.5075918199999987,1.641073820000002,4.91408596,9.0,-14.0,25.321174419999977,100.0,33.57,117.205339020001,56.88627348000048,51.00148628000044,61.29986388000052,164.7740332400014,1337.089553859999,-0.9919084800000002,0.125238880000001,-0.0171298799999998,2.834670780000004,1.806512420000003,3.976712500000001,-6.0,30.159220320000017,38.88121591999996,100.0,33.07437238,113.92773813999789,2.6010895999999515,2.4418692799999366,2.0808720599999613,5.722397899999894,1498.4482695200008,761,G3 X1.5748 Y1.6937 R0.1188
16:24:40.462,5,761,1.63979,1.67418,-0.125,89.21178,59.40941,-29.1675,,185.42,0,0,,2,3,"{""sr"":{""mpox"":89.21178,""mpoy"":59.40941,""mpoz"":-29.1675,""mpoa"":0,""posx"":1.63979,""posy"":1.67418,""posz"":-0.125,""posa"":0,""unit"":0,""stat"":5,""coor"":2,""momo"":3,""dist"":0,""home"":1,""mots"":1,""plan"":0,""line"":761,""path"":2,""frmo"":2,""prbe"":1,""safe"":0,""estp"":0,""spc"":1,""hold"":0,""macs"":5,""cycs"":1,""sps"":12000,""feed"":185.42,""mark"":176190722}}",5.319130602415086,0.2069140431495706,0.2063487871428061,0.204147932208682,5.319130602415086,0.2069140431495706,0.2063487871428061,0.204147932208682,-0.9936246,0.0454156400000005,-0.0032899000000009,-1.864035680000003,-1.0430709000000062,0.854,-31.0,36.0,-39.458434159999946,100.0,34.245415640000004,71.974195779992,49.05247719999454,49.51091181999449,49.51091181999449,152.65864473998303,1576.726357800012,-1.0107627,-0.0752639,0.0185429200000003,5.485305519999994,1.6827213000000234,2.0072055800000035,-3.1378573999999846,16.0,-94.1378574,100.0,32.41651078,69.24862032000281,67.60924918000268,74.93240516000296,40.03238120000158,165.12402302000652,1407.3659402199912,-0.9908731800000016,-0.0363819600000002,0.0035055600000002,-5.219374160000001,-8.206340220000008,0.3346258399999989,-13.637949439999966,37.48566643999998,66.0,100.0,32.65,106.77155458000357,2.5716663400000868,2.057333240000069,2.057333240000069,6.1719992600002085,1503.1890117399969,-0.878538700000001,0.376357019999998,-0.0455897400000017,3.1595331999998555,1.2314803000000212,1.190150699999997,8.996146100000095,-1.4981874399996544,6.733878079999518,100.0,40.32503794,80.62363033999924,99.98013573999924,70.95297127999945,54.82824551999959,200.95072279999843,1843.0665617599764,-1.0033056199999997,-0.0089321600000003,0.0069342199999993,0.3520836199999955,1.664095259999999,4.911621660000006,8.504923480000006,-14.0,25.76877737999999,100.0,33.56495068,100.5004984199989,57.6699263799994,51.98301683999943,62.125613219999344,167.57687553999818,1083.8811931399948,-0.9923409999999996,0.1174754200000004,-0.0180344,2.8853714799999963,1.682845459999996,4.032870739999997,-5.794233539999981,30.79423353999998,38.714382320000034,100.0,33.095086460000005,109.86101864000264,2.5430793000000613,2.034463440000049,2.034463440000049,5.594773920000135,1293.4976889200002,761,G3 X1.5748 Y1.6937 R0.1188
16:24:40.721,5,761,1.61136,1.68772,-0.125,88.48957,59.75323,-29.1675,,185.42,0,0,,2,3,"{""sr"":{""mpox"":88.48957,""mpoy"":59.75323,""mpoz"":-29.1675,""mpoa"":0,""posx"":1.61136,""posy"":1.68772,""posz"":-0.125,""posa"":0,""unit"":0,""stat"":5,""coor"":2,""momo"":3,""dist"":0,""home"":1,""mots"":1,""plan"":0,""line"":761,""path"":2,""frmo"":2,""prbe"":1,""safe"":0,""estp"":0,""spc"":1,""hold"":0,""macs"":5,""cycs"":1,""sps"":12000,""feed"":185.42,""mark"":176190722}}",5.155831502792855,0.1858224304615229,0.1899471260222206,0.2077989883182285,5.155831502792855,0.1858224304615229,0.1899471260222206,0.2077989883182285,-0.9961575600000002,0.0493758399999996,-0.0240952000000009,-1.6576515600000123,-0.8984906000000042,0.9329151999999958,-31.00012488,36.0,-38.55759127999986,100.0,34.24284536,106.24098908001004,76.0911617200072,77.52684380000734,78.24468484000741,239.04110148002263,1634.3601712800034,-1.0022538000000003,-0.0750941600000002,0.0275202000000002,5.4970097999999865,1.8256441199999955,2.013806479999994,-3.0846285999999794,16.08462859999998,-94.91537140000004,100.0,32.4283074,49.65391223999677,55.03308563999642,60.41225975999608,32.688825239997875,134.47934507999125,1557.6643871599906,-0.9613935999999982,-0.0459418800000008,0.0037745199999988,-5.184390639999996,-8.336119600000002,0.4359930400000027,-14.0,37.0,66.42427439999997,100.0,32.6551652,88.24911035999514,2.1213731599998837,1.6970980399999067,1.6970980399999067,5.091295119999719,1714.3588845199888,-0.9724243999999982,0.3718150399999971,-0.0140315200000001,2.974343759999907,1.647614919999959,1.1580611199999935,8.69754159999998,-8.215825920000363,2.6062825200002324,100.0,40.31666424,83.51933296000084,104.14139044000105,74.23940720000074,57.22620948000058,209.3138836400021,2003.7290799199668,-1.00597724,-0.01546352,0.0023499199999986,0.5022709599999929,1.9258341600000133,4.819079759999999,9.0,-14.0,25.0,100.0,33.56476068,127.84034716000168,61.3004938000008,55.537199680000725,66.01591652000086,178.13818828000234,1196.0514834400003,-0.9980784799999992,0.1203148799999998,-0.0192801999999999,2.808,1.6695540399999926,3.9226723200000015,-6.0,30.553402960000017,38.553402960000014,100.0,33.081068200000004,97.45822835999653,2.2329864799999184,1.9596730399998925,1.7863891599999346,4.91256999999982,1600.9648070400096,761,G3 X1.5748 Y1.6937 R0.1188
16:24:40.979,5,761,1.58063,1.69335,-0.125,87.70901,59.89627,-29.1675,,185.42,0,0,,2,3,"{""sr"":{""mpox"":87.70901,""mpoy"":59.89627,""mpoz"":-29.1675,""mpoa"":0,""posx"":1.58063,""posy"":1.69335,""posz"":-0.125,""posa"":0,""unit"":0,""stat"":5,""coor"":2,""momo"":3,""dist"":0,""home"":1,""mots"":1,""plan"":0,""line"":761,""path"":2,""frmo"":2,""prbe"":1,""safe"":0,""estp"":0,""spc"":1,""hold"":0,""macs"":5,""cycs"":1,""sps"":12000,""feed"":185.42,""mark"":176190722}}",5.416560927665917,0.2123323708049634,0.2060595007113004,0.2042471556342207,5.416560927665917,0.2123323708049634,0.2060595007113004,0.2042471556342207,-0.98309312,0.0341082,-0.0019765600000004,-1.4483417200000042,-0.7395797600000006,0.8614151600000007,-30.241529280000023,36.87806979999999,-38.12193020000001,100.0,34.25997712,17.947006800001674,12.800310480001183,13.168431200001216,13.290361400001222,40.60266252000377,1403.0825775200135,-1.00497176,-0.0899936799999997,0.0235933599999997,5.611323439999998,1.7983892800000014,2.01350852,-3.0,16.651847839999995,-95.96360304,100.0,32.409636039999995,78.6584724399995,88.61487375999938,95.82159407999934,52.799653399999634,214.4214557199985,1555.6974677200076,-0.9862551600000004,-0.0312899599999996,0.0295943999999998,-5.479563400000001,-8.06429984,0.549,-14.0,36.9601102,66.59019135999999,100.0,32.648196559999995,132.23718035999917,3.150403919999981,2.5203227599999845,2.5203227599999845,6.9707779199999615,1671.4291879200107,-0.95081728,0.4015539599999999,0.0154884799999997,3.784450879999983,-0.0766888799999969,1.22431524,9.581516679999998,2.4084079999999948,-6.388258119999979,100.0,40.31064416,79.30620512000013,95.51118328000015,67.67877192000013,52.48386832000009,191.96802240000036,2203.404341760007,-1.00940448,-0.01328592,-9.592000000008458e-05,0.3333686800000001,2.123921639999999,4.834078360000001,8.465066840000002,-14.0,25.600934960000007,100.0,33.5653492,108.30678184000008,54.87788256000013,49.29708096000012,59.06348376000014,159.45191212000037,1443.8876070400083,-1.0322084000000002,0.1029336000000004,-0.0196172400000001,2.8441912,1.7137405600000013,3.957916959999999,-6.0,30.0,37.59330236,100.0,33.07,128.7465804399994,2.966510679999986,2.3732091999999887,2.3732091999999887,6.5263245999999695,1342.96224332001,761,G3 X1.5748 Y1.6937 R0.1188
16:24:41.235,5,762,1.54949,1.6908,-0.125,86.91828,59.83155,-29.1675,,185.42,0,0,,2,3,"{""sr"":{""mpox"":86.91828,""mpoy"":59.83155,""mpoz"":-29.1675,""mpoa"":0,""posx"":1.54949,""posy"":1.6908,""posz"":-0.125,""posa"":0,""unit"":0,""stat"":5,""coor"":2,""momo"":3,""dist"":0,""home"":1,""mots"":1,""plan"":0,""line"":762,""path"":2,""frmo"":2,""prbe"":1,""safe"":0,""estp"":0,""spc"":1,""hold"":0,""macs"":5,""cycs"":1,""sps"":12000,""feed"":185.42,""mark"":176190722}}",5.346883622090261,0.2056380332638979,0.2050732985355353,0.204569861193285,5.346883622090261,0.2056380332638979,0.2050732985355353,0.204569861193285,-0.988996,0.037998,-0.004014,-1.830827,-0.853884,0.976883,-31.000947,36.999053,-39.0,100.0,34.26,145.861692,102.902426,107.89769,108.896743,333.683596,1254.865481,-1.005802,-0.0717,0.017704,5.236663,1.654169,2.032277,-3.0,16.0,-95.299624,100.0,32.41,36.853811,41.048554,44.344424,24.569208,99.475328,1471.224521,-0.967658,-0.031315,0.00163,-4.984114,-7.934171,0.426171,-14.0,37.0,67.0,100.0,32.646576,69.048237,1.644006,1.315205,1.315205,3.616812,1355.412863,-0.920283,0.2403,0.01161,-0.671,2.323548,1.164548,12.611839,-7.53728,21.239042,100.0,40.295373,89.725714,108.530504,76.831,59.638049,218.135567,2126.435616,-1.008448,-0.009862,0.012138,0.420682,2.154953,4.944,8.448217,-14.551783,24.896434,100.0,33.58,108.701249,65.662176,59.04078,70.628223,190.365132,1093.658762,-1.014753,0.135108,-0.005759,2.77015,1.74685,3.91445,-6.0,30.620491,38.0,100.0,33.073795,82.732971,1.897545,1.518036,1.518036,4.174599,1376.874497,762,X1.4561 Y1.5749 R0.1188
16:24:41.492,5,762,1.51985,1.68016,-0.125,86.16535,59.5613,-29.1675,,185.42,0,0,,2,3,"{""sr"":{""mpox"":86.16535,""mpoy"":59.5613,""mpoz"":-29.1675,""mpoa"":0,""posx"":1.51985,""posy"":1.68016,""posz"":-0.125,""posa"":0,""unit"":0,""stat"":5,""coor"":2,""momo"":3,""dist"":0,""home"":1,""mots"":1,""plan"":0,""line"":762,""path"":2,""frmo"":2,""prbe"":1,""safe"":0,""estp"":0,""spc"":1,""hold"":0,""macs"":5,""cycs"":1,""sps"":12000,""feed"":185.42,""mark"":176190722}}",5.085131032612444,0.1992654524682725,0.1952790869968063,0.2027726090983759,5.085131032612444,0.1992654524682725,0.1952790869968063,0.2027726090983759,-0.9882783999999996,0.0485579599999994,-0.0239537999999977,-1.822387840000003,-0.9856810399999968,0.9246580799999968,-31.0,36.14193951999994,-39.141563059999946,100.0,34.26,20.58121781999221,14.47782231999452,15.3294584399942,15.613337479994092,47.40777065998206,1509.0044722199932,-1.0061768800000004,-0.0806826400000005,0.0228243999999989,5.286871439999997,2.081852500000004,1.9686330800000007,-1.0621074599999352,5.920850959999671,-33.98743049999793,100.0,32.42,63.95046276000215,90.43499760000304,96.24867580000324,54.26099876000181,217.04399404000725,1620.6492427200012,-1.0486627200000058,0.0116993600000052,0.0107428800000005,-5.312396280000007,-8.011024440000002,0.3394088999999944,-14.0,37.0,66.62315380000001,100.0,32.642462820000006,130.23912046000382,3.115768140000092,2.492615200000073,2.492615200000073,6.854690800000201,1652.1086710000006,-0.8774476199999961,0.1779280999999986,-0.0209350599999997,-0.7548577400000391,-0.0674076800000626,1.2180525599999974,9.53656663999997,-6.463433360000029,21.43052399999968,100.0,40.29064862,78.77493233999931,95.28464839999916,67.92569035999941,52.35938635999955,191.51270985999832,2636.296325660021,-1.0099466800000003,-0.0120456199999997,0.0195471400000009,0.3789425200000055,1.892697940000002,4.886126299999996,8.937308280000025,-14.011437700000036,26.47437256000003,100.0,33.57462932,75.92140829999909,55.55224973999933,49.5340896599994,59.71866893999928,160.63858899999806,1622.9351221799975,-1.0388518000000024,0.0561872599999993,0.0039484200000002,2.802796019999999,1.6914600599999956,4.092237779999999,-6.0,30.467925739999966,38.585153020000014,100.0,33.08308682,126.0202166000027,2.925765100000065,2.340612080000052,2.340612080000052,6.436683360000142,1807.2996727800207,762,X1.4561 Y1.5749 R0.1188
16:24:41.755,5,762,1.49385,1.66155,-0.125,85.50486,59.08868,-29.1675,,185.42,0,0,,2,3,"{""sr"":{""mpox"":85.50486,""mpoy"":59.08868,""mpoz"":-29.1675,""mpoa"":0,""posx"":1.49385,""posy"":1.66155,""posz"":-0.125,""posa"":0,""unit"":0,""stat"":5,""coor"":2,""momo"":3,""dist"":0,""home"":1,""mots"":1,""plan"":0,""line"":762,""path"":2,""frmo"":2,""prbe"":1,""safe"":0,""estp"":0,""spc"":1,""hold"":0,""macs"":5,""cycs"":1,""sps"":12000,""feed"":185.42,""mark"":176190722}}",5.339742112890328,0.2003658349935957,0.2059466430731049,0.2040749602342473,5.339742112890328,0.2003658349935957,0.2059466430731049,0.2040749602342473,-0.9910043999999996,0.0378033999999997,-0.0154025999999997,-1.7700318000000002,-0.8056874000000053,0.879117199999993,-31.0,36.000521400000004,-40.19939439999994,100.0,34.26,77.36092819999634,60.56940919999713,64.76728899999694,65.96668339999688,200.8985349999905,1310.7832950000034,-1.0089452,-0.0768807999999999,0.0247983999999998,5.415402999999998,1.839853199999998,1.9581337999999977,-3.0,16.0,-95.461786,100.0,32.42,58.562637000001466,65.5735766000016,69.54766880000172,39.71357480000097,156.36339060000384,1350.2364794000164,-1.0195885999999994,-0.0351319999999999,0.029934,-5.346910000000013,-7.893935999999994,0.5409852000000052,-13.80018800000001,36.73289439999999,67.26710560000002,100.0,32.6453308,97.25136600000194,2.3345878000000475,1.867670000000038,1.867670000000038,5.136092600000104,1337.7775572000105,-0.9450108000000016,0.2686552000000028,-0.0533096000000003,3.674160599999969,1.7098973999999791,1.2840644000000028,11.594864799999929,10.496391799999843,13.605149800000293,100.0,40.3050772,83.21268599999962,102.55431899999958,73.1080291999997,56.35410579999977,206.63172199999917,1681.9027156000266,-1.0056446,-0.0116522,0.0124539999999996,0.427,1.9621319999999984,5.023263799999997,8.508086199999997,-14.0,24.687276600000008,100.0,33.58,83.0652765999987,60.97031799999966,54.87328639999969,65.54309199999963,176.99311339999903,980.2404166000036,-1.0093362000000003,0.1163486,-0.0061373999999999,2.940666399999999,1.7118275999999992,4.0159624,-5.476822600000007,30.84901879999999,38.32584179999999,100.0,33.07,104.42412760000153,2.3841126000000346,1.907290000000028,1.907290000000028,5.245047600000076,1146.3681240000117,762,X1.4561 Y1.5749 R0.1188
16:24:42.013,5,762,1.47397,1.63715,-0.125,84.99987,58.46896,-29.1675,,185.42,0,0,,2,3,"{""sr"":{""mpox"":84.99987,""mpoy"":58.46896,""mpoz"":-29.1675,""mpoa"":0,""posx"":1.47397,""posy"":1.63715,""posz"":-0.125,""posa"":0,""unit"":0,""stat"":5,""coor"":2,""momo"":3,""dist"":0,""home"":1,""mots"":1,""plan"":0,""line"":762,""path"":2,""frmo"":2,""prbe"":1,""safe"":0,""estp"":0,""spc"":1,""hold"":0,""macs"":5,""cycs"":1,""sps"":12000,""feed"":185.42,""mark"":176190722}}",5.076006812848631,0.1927180735227383,0.2051814632432069,0.2092286408153178,5.076006812848631,0.1927180735227383,0.2051814632432069,0.2092286408153178,-0.98557252,0.0350112,0.0033545200000007,-1.6063008800000136,-0.854196,0.908265920000009,-31.559604839999924,36.561196359999926,-38.00159152,100.0,34.2544038,76.10622991999,56.52006759999257,60.43729979999207,62.11611419999185,188.0271555599753,1282.8374087600043,-1.00213908,-0.0808673599999999,0.0416513599999998,5.372699920000001,1.8313823600000072,2.0669035599999988,-3.132728640000022,16.47535088000003,-95.39192047999995,100.0,32.41265452,64.647730200004,68.45053800000424,71.77799448000444,41.35553328000256,162.09467632001002,1626.2597673599996,-0.9793432000000007,-0.0352209999999995,0.0039870000000006,-5.829701999999998,-7.607720560000013,0.6620816399999985,-13.520846479999976,37.0,66.62535496000005,100.0,32.64520852,99.66394828000516,2.3957679200001247,1.9166144000001,1.9166144000001,5.270689360000274,1776.1121718799943,-1.0036831999999984,0.2990745599999999,0.0219522399999996,4.263296199999851,1.0369225600001266,1.2373243999999972,11.240428719999995,16.404224919999532,12.908812200000318,100.0,40.31260792,82.05389975999915,101.68642723999896,72.48933451999926,55.877195079999424,205.3864473999979,1759.6788096000205,-1.00471244,-0.0120469999999999,0.007953,0.5349523999999967,1.906874480000006,4.97414132,9.0,-14.0,26.0,100.0,33.57747944,58.177044479999154,61.21236847999911,54.6358329199992,65.76535503999904,176.55468287999742,1252.1622744399956,-1.0011019199999998,0.12613804,-0.0107320000000003,2.802562919999998,1.8201080800000085,4.094437080000002,-6.0,30.273814640000044,37.96620507999989,100.0,33.07787648,105.6488839200038,2.4308289600000896,1.944663880000072,1.944663880000072,5.3478245600001975,1367.269377920004,762,X1.4561 Y1.5749 R0.1188
16:24:42.271,5,762,1.46121,1.60865,-0.125,84.67587,57.74501,-29.1675,,185.42,0,0,,2,3,"{""sr"":{""mpox"":84.67587,""mpoy"":57.74501,""mpoz"":-29.1675,""mpoa"":0,""posx"":1.46121,""posy"":1.60865,""posz"":-0.125,""posa"":0,""unit"":0,""stat"":5,""coor"":2,""momo"":3,""dist"":0,""home"":1,""mots"":1,""plan"":0,""line"":762,""path"":2,""frmo"":2,""prbe"":1,""safe"":0,""estp"":0,""spc"":1,""hold"":0,""macs"":5,""cycs"":1,""sps"":12000,""feed"":185.42,""mark"":176190722}}",5.275343275796295,0.2018000339800869,0.2230761555315885,0.2175117174939564,5.275343275796295,0.2018000339800869,0.2230761555315885,0.2175117174939564,-0.9940757999999996,0.0366365199999995,-0.0300724399999995,-1.7699832,-0.9769748,0.977,-31.00013776,36.28022152000003,-39.71977847999997,100.0,34.2671964,39.5112142000048,28.02213732000341,30.26390860000368,31.10457272000378,94.15438184001148,1716.3846416399977,-1.00250424,-0.07591476,0.0234909600000001,5.386782039999996,1.637991080000001,2.014074719999997,-3.08382640000001,16.500611679999977,-94.9161736,100.0,32.40831104,95.5054792399975,84.74350263999804,88.83456791999795,51.43053971999881,200.46221671999535,2237.600654839999,-1.0012402000000002,-0.0252828400000005,0.02319016,-4.959209240000012,-8.24191751999999,0.2544590800000062,-13.093589440000011,37.0,65.6677102,100.0,32.66906424,121.0459376799976,2.8706046399999434,2.2964835999999544,2.2964835999999544,6.315331039999875,2357.1040553199964,-0.9441781999999987,0.5132509600000026,0.0174697199999997,3.806985519999941,0.9457613199999984,1.2005057599999982,12.402278839999974,7.818404040000034,21.07026307999999,100.0,40.31,77.30870396000049,97.60211528000056,69.47051608000038,53.550189320000285,196.83312888000103,2923.580394720007,-1.01159812,-0.008443,-0.0039063600000008,0.6777506800000016,1.7672920000000003,4.946708,8.632863160000023,-14.0,26.044395399999992,100.0,33.57844936,87.64699776000113,57.81409416000044,51.60266288000039,62.11431652000047,167.23085092000127,1396.986770320003,-1.00354376,0.1196605999999992,-0.0104386400000003,2.9803958399999986,1.818716800000004,4.0596549200000025,-6.173839400000021,30.551636839999997,38.27452375999999,100.0,33.07448388,119.70522763999824,2.758185079999959,2.206547799999967,2.206547799999967,6.06800727999991,2222.5371516799883,762,X1.4561 Y1.5749 R0.1188
16:24:42.528,5,762,1.45628,1.57781,-0.125,84.55054,56.96163,-29.1675,,185.42,0,0,,2,3,"{""sr"":{""mpox"":84.55054,""mpoy"":56.96163,""mpoz"":-29.1675,""mpoa"":0,""posx"":1.45628,""posy"":1.57781,""posz"":-0.125,""posa"":0,""unit"":0,""stat"":5,""coor"":2,""momo"":3,""dist"":0,""home"":1,""mots"":1,""plan"":0,""line"":762,""path"":2,""frmo"":2,""prbe"":1,""safe"":0,""estp"":0,""spc"":1,""hold"":0,""macs"":5,""cycs"":1,""sps"":12000,""feed"":185.42,""mark"":176190722}}",5.178509405803484,0.1991682894691679,0.202531346606942,0.2062450505071962,5.178509405803484,0.1991682894691679,0.202531346606942,0.2062450505071962,-1.004867639999998,0.0221251600000031,0.0093158599999946,-1.865947579999984,-1.0206317199999893,0.8278787200000215,-31.857639939999917,36.85763993999991,-39.85763993999991,100.0,34.27142388,131.2188466399866,85.76395273999124,92.62506867999056,95.19798677999027,289.02451923997046,1516.2292766399846,-1.0080521600000008,-0.0716092199999998,0.0084048400000002,4.933464340000034,2.414793459999954,1.9748572000000024,-3.0423071600000267,16.0,-95.35831240000005,100.0,32.4159942,52.31357106000508,52.31357106000508,54.46344330000529,31.889779820003096,123.25937208001196,1684.997914099979,-1.0090853599999985,-0.0131339000000011,0.0405716399999978,-5.1970478599999925,-8.235254380000036,0.2650381199999874,-14.0,37.0,67.52762637999992,100.0,32.64813856,79.6532852800062,1.8965064400001477,1.517205240000118,1.517205240000118,4.172314800000325,1648.871964239992,-0.9118976200000024,0.170708040000027,-0.0474513799999975,1.4886829399999284,0.0449440599999836,1.367567360000006,8.959379320000076,9.835533580000526,-2.1872521400002203,100.0,40.31529124,85.72142119999882,106.88720457999852,76.19681855999895,58.73504773999919,215.36184247999705,2012.4919656399893,-1.0136795199999995,-0.0050901800000003,0.0508289799999983,0.5633500800000131,1.9296648199999933,4.915626819999996,9.0,-13.92245105999995,25.0,100.0,33.59537518,116.09415363999798,65.03422463999887,58.04707681999899,69.87148163999878,187.57805317999677,1274.0423802799855,-0.9844692999999992,0.1129739799999993,-0.0118913200000001,2.6769092800000087,1.705653340000003,4.067366499999996,-5.913172699999945,30.409507040000022,37.67732026000004,100.0,33.08,89.91780706000463,2.047533480000108,1.6380264400000863,1.6380264400000863,4.504573140000238,1341.7104643799903,762,X1.4561 Y1.5749 R0.1188
16:24:42.786,5,763,1.45957,1.5465,-0.125,84.63417,56.16638,-29.1675,,185.42,0,0,,2,3,"{""sr"":{""mpox"":84.63417,""mpoy"":56.16638,""mpoz"":-29.1675,""mpoa"":0,""posx"":1.45957,""posy"":1.5465,""posz"":-0.125,""posa"":0,""unit"":0,""stat"":5,""coor"":2,""momo"":3,""dist"":0,""home"":1,""mots"":1,""plan"":0,""line"":763,""path"":2,""frmo"":2,""prbe"":1,""safe"":0,""estp"":0,""spc"":1,""hold"":0,""macs"":5,""cycs"":1,""sps"":12000,""feed"":185.42,""mark"":176190722}}",5.301553141101479,0.201698360485079,0.1997696709741018,0.2002806924308959,5.301553141101479,0.201698360485079,0.1997696709741018,0.2002806924308959,-0.9891199999999996,0.0252878399999993,0.0025492200000009,-1.8285600200000056,-1.0343200200000084,0.9135096400000056,-31.0,36.0,-39.9995051,100.0,34.28,3.1352712799930464,2.0495208399954548,2.213482239995091,2.2749676399949545,6.886389279984728,1428.5333330600054,-1.00386806,-0.07519196,0.0248509799999998,5.593710780000007,1.6739187399999964,2.151405200000007,-3.0,16.01400597999997,-95.69143836000002,100.0,32.413226,116.16167348000306,100.95002556000266,105.09865674000277,61.53802906000162,238.54629322000625,1623.416372260012,-0.97873884,-0.0359200600000001,-0.00368162,-5.428472120000007,-8.136334760000006,0.4863683200000037,-14.0,38.0,66.67703119999999,100.0,32.65013374,139.36789250000322,3.318282960000077,2.654626180000062,2.654626180000062,7.3002227200001695,1455.796325140005,-0.9259292200000018,0.2279110400000014,0.0089395200000027,6.204075880000082,1.9145730399999736,1.2482584400000023,8.044983880000224,18.596560860000515,-3.616733160000143,100.0,40.31,74.0118812199995,94.02767323999936,67.02962863999954,51.668672339999645,189.45179659999872,2224.8056749400307,-1.008512,-0.0056119999999995,0.00694194,0.3601326399999994,1.922140880000008,5.033115119999999,8.539092120000024,-13.99100326000002,25.91281803999997,100.0,33.59,94.90124663999904,54.681195059999446,48.80635523999951,58.29648019999941,157.2649240999984,1254.6988407000074,-1.00610638,0.1165807199999991,-0.0113937000000002,2.944323060000001,1.7466615200000006,4.089,-6.0,30.61740474000001,38.60223466000004,100.0,33.08757634,135.20411400000242,3.0870246600000555,2.4696199200000444,2.4696199200000444,6.7914550400001215,1484.6919880600117,763,X1.5748 Y1.4562 R0.1188
16:24:43.042,5,763,1.47111,1.51747,-0.125,84.92729,55.42899,-29.1675,,185.42,0,0,,2,3,"{""sr"":{""mpox"":84.92729,""mpoy"":55.42899,""mpoz"":-29.1675,""mpoa"":0,""posx"":1.47111,""posy"":1.51747,""posz"":-0.125,""posa"":0,""unit"":0,""stat"":5,""coor"":2,""momo"":3,""dist"":0,""home"":1,""mots"":1,""plan"":0,""line"":763,""path"":2,""frmo"":2,""prbe"":1,""safe"":0,""estp"":0,""spc"":1,""hold"":0,""macs"":5,""cycs"":1,""sps"":12000,""feed"":185.42,""mark"":176190722}}",5.316996019906028,0.2123527382582239,0.2097196507355779,0.2038062807831267,5.316996019906028,0.2123527382582239,0.2097196507355779,0.2038062807831267,-0.9958458999999996,0.0511452800000002,0.0021683400000006,-1.813722320000004,-0.907231060000002,0.8985586200000042,-31.858199440000032,36.0003675,-39.85783194000003,100.0,34.2785785,128.73362396000508,85.81996616000339,92.68556312000366,95.26016216000376,288.3547183000114,1279.2219077199998,-1.0031686199999998,-0.0765431000000001,0.0256137000000007,5.591249000000005,1.7423685600000025,2.181064800000005,-3.0,16.64470842000001,-94.87051844,100.0,32.44417548,60.91474835999772,51.872529919998016,54.00427809999793,31.523247839998817,122.22020773999532,1418.674524919998,-1.0244077399999998,-0.03860638,0.0224201799999998,-5.116752499999973,-8.072934580000027,0.5773539199999882,-13.906770640000024,38.09322935999997,67.53098914000005,100.0,32.64624264,78.4479365399977,1.8789067799999424,1.503125279999954,1.503125279999954,4.133595059999874,1566.1575585199987,-0.977667959999998,0.1390427799999964,-0.0456782400000009,-1.068267179999996,2.298055019999996,1.3217448200000006,12.072443560000114,0.3220079400000709,4.140322039999948,100.0,40.32,82.98271814000034,106.5167542600005,75.93273558000035,58.53148376000028,214.61544074000105,1672.3777869200085,-1.00735812,-0.0189864200000002,0.0030822800000005,0.5777738800000012,1.9246138,4.944,9.0,-14.0,24.94339678000004,100.0,33.59,85.10473002000012,64.62945868000043,57.74198386000037,68.96959204000044,185.5228568800012,1217.024564960007,-1.00860644,0.1165083799999996,-0.0051105599999997,2.7754231999999988,1.587,4.0605768000000015,-6.053366879999987,30.94663312000001,37.89326610000003,100.0,33.07587428,89.53121927999823,2.062931539999959,1.6503446599999674,1.6503446599999674,4.951034839999902,1238.0035598399968,763,X1.5748 Y1.4562 R0.1188
16:24:43.300,5,763,1.48976,1.49244,-0.125,85.40105,54.79312,-29.1675,,185.42,0,0,,2,3,"{""sr"":{""mpox"":85.40105,""mpoy"":54.79312,""mpoz"":-29.1675,""mpoa"":0,""posx"":1.48976,""posy"":1.49244,""posz"":-0.125,""posa"":0,""unit"":0,""stat"":5,""coor"":2,""momo"":3,""dist"":0,""home"":1,""mots"":1,""plan"":0,""line"":763,""path"":2,""frmo"":2,""prbe"":1,""safe"":0,""estp"":0,""spc"":1,""hold"":0,""macs"":5,""cycs"":1,""sps"":12000,""feed"":185.42,""mark"":176190722}}",5.21591226094456,0.1989342664618357,0.1812340478184933,0.1874904842939291,5.21591226094456,0.1989342664618357,0.1812340478184933,0.1874904842939291,-0.9895174,0.0439925,-0.0027809999999998,-1.7459397000000034,-0.9211380999999949,1.0195510999999984,-10.306540300000956,11.215941300001044,-12.12534130000113,100.0,34.28,48.19823260000448,30.313354100002822,32.73842220000304,33.344689300003104,101.54973570000946,2019.958322799981,-1.0045834000000002,-0.0747345999999999,0.0078904000000008,5.454441699999998,1.7122233000000044,2.0235483999999984,-3.1585245999999203,12.63409809999968,-75.22632269999811,100.0,32.4357824,105.82259569999792,83.84850429999835,87.89636299999827,50.887367999999,198.34508339999613,1449.6470277000003,-0.9827025000000008,-0.0329040999999998,0.0047641000000003,-5.560448599999996,-7.542647800000015,0.5919233999999924,-13.200614800000018,38.20061480000002,66.40122960000004,100.0,32.6463166,115.48970979999804,2.844574499999952,2.2756593999999613,2.2756593999999613,6.258063399999894,1822.8979718999983,-0.9317336000000008,0.4927957999999963,-0.0076007000000004,2.070335999999971,2.1524102000000447,1.1195855999999955,9.446791899999948,1.973694099999736,-11.08010999999984,100.0,40.3362382,78.16706160000034,98.07295980000043,69.91339690000031,53.89157700000024,197.60244840000087,1755.0538530000006,-1.0040022000000002,-0.0097427999999998,0.0075275000000001,0.4719576000000086,1.892,4.8854699,9.0,-14.0,24.0,100.0,33.59,70.04456040000044,57.57087170000036,51.33402680000032,61.40892970000039,165.51625580000103,1441.0748262000004,-0.9948094,0.1120421,-0.0179601999999999,2.8205262999999974,1.8435262999999973,3.9808945000000016,-6.0,31.0,38.43312219999999,100.0,33.0701987,118.58736919999852,2.735052099999966,2.735052099999966,2.188041799999973,6.564124399999918,1354.7753471999974,763,X1.5748 Y1.4562 R0.1188
16:24:43.557,5,763,1.51446,1.47297,-0.125,86.02845,54.29863,-29.1675,,185.42,0,0,,2,3,"{""sr"":{""mpox"":86.02845,""mpoy"":54.29863,""mpoz"":-29.1675,""mpoa"":0,""posx"":1.51446,""posy"":1.47297,""posz"":-0.125,""posa"":0,""unit"":0,""stat"":5,""coor"":2,""momo"":3,""dist"":0,""home"":1,""mots"":1,""plan"":0,""line"":763,""path"":2,""frmo"":2,""prbe"":1,""safe"":0,""estp"":0,""spc"":1,""hold"":0,""macs"":5,""cycs"":1,""sps"":12000,""feed"":185.42,""mark"":176190722}}",5.087381348133486,0.196404123596257,0.1978271888765038,0.203770229787689,5.087381348133486,0.196404123596257,0.1978271888765038,0.203770229787689,-0.989,0.03958928,-0.00592844,-1.506270480000001,-0.7859309999999993,1.018137160000001,-31.0,36.44041968,-38.00217052,100.0,34.27441512,87.29345684000089,55.95803972000056,60.434682600000606,61.55384368000063,186.89876716000188,1764.2291234799986,-1.00723284,-0.0725426399999999,0.0372909999999999,5.56792232,1.90995024,2.0327792,-3.0,16.47749536,-94.16963968,100.0,32.426156920000004,88.78274975999958,68.75935971999968,72.10182911999965,41.542113399999806,162.9956245599992,1611.5920805199992,-0.9766332,-0.03218272,0.00371288,-5.226801760000001,-8.102326920000001,0.4113874400000004,-13.705028400000003,38.2949716,66.4100568,100.0,32.64333016,99.4868662399996,2.4049255999999906,1.9239404799999924,1.9239404799999924,5.290836439999979,1794.31703044,-1.0319354800000002,0.4599385200000002,0.0252998000000001,0.853526919999995,3.072806280000003,1.1973854799999994,8.978281719999998,1.870074239999962,-4.063507639999958,100.0,40.34,84.21305732000006,102.09677988000008,72.78186288000006,56.10268576000005,205.70984864000016,2320.4513138800007,-1.00705076,-0.0063896,0.0143889599999999,0.2994478399999998,2.0787712799999998,4.932023640000001,8.803664960000003,-14.196335039999996,24.69089848,100.0,33.5969088,113.80285104000008,60.14699400000007,53.88541568000007,64.19048948000007,173.16852956000022,1304.3232118,-1.00323924,0.11994448,-0.0110800399999999,2.8300900000000007,1.758211,3.9872796,-6.347292960000003,31.0,36.83377284,100.0,33.091392,106.05261263999972,2.432399399999993,2.432399399999993,1.9459195199999944,5.837758559999983,1398.145868999999,763,X1.5748 Y1.4562 R0.1188
16:24:43.815,5,763,1.54316,1.46068,-0.125,86.7573,53.98656,-29.1675,,185.42,0,0,,2,3,"{""sr"":{""mpox"":86.7573,""mpoy"":53.98656,""mpoz"":-29.1675,""mpoa"":0,""posx"":1.54316,""posy"":1.46068,""posz"":-0.125,""posa"":0,""unit"":0,""stat"":5,""coor"":2,""momo"":3,""dist"":0,""home"":1,""mots"":1,""plan"":0,""line"":763,""path"":2,""frmo"":2,""prbe"":1,""safe"":0,""estp"":0,""spc"":1,""hold"":0,""macs"":5,""cycs"":1,""sps"":12000,""feed"":185.42,""mark"":176190722}}",5.378346919938971,0.2004439834810834,0.2079611695457354,0.2123407803893361,5.378346919938971,0.2004439834810834,0.2079611695457354,0.2123407803893361,-0.9856002000000008,0.0304047999999992,-0.001398600000003,-1.7212033999999896,-1.0258265999999845,0.976353000000026,-31.0001652,36.60016519999992,-38.80022119999975,100.0,34.2839984,93.6152427999867,60.61115159999139,64.81192479999079,65.4122001999907,199.83676679997163,1323.2005242000082,-1.0101425999999998,-0.0721412000000003,0.0280786000000004,5.4038316000000135,1.6089772000000049,1.9932896,-3.0,16.120094800000025,-95.0,100.0,32.436211799999995,85.94639240000637,65.26410540000485,69.40056260000516,39.52614840000293,155.80656160001158,1462.863885200013,-1.0268303999999984,-0.011765200000002,0.019427999999998,-4.822280799999974,-8.236051399999996,0.3254843999999825,-13.533580999999971,38.40079219999994,66.86721119999997,100.0,32.648672,96.54880220000594,2.3320966000001437,1.8656776000001147,1.8656776000001147,5.130612800000315,1416.827222000003,-0.9078261999999976,0.3202562000000231,-0.0145890000000003,2.726815200000263,0.2370758000001266,1.225797799999994,11.463564400000068,-5.549150800000248,19.24866840000002,100.0,40.3449154,84.90999359999893,102.7055011999987,73.21580279999907,56.43718099999928,206.42788879999736,2243.8780938000286,-1.0045913999999998,0.0056510000000002,0.0273602000000002,0.3555437999999919,2.1803166000000056,4.945344399999999,9.0,-13.731148400000038,24.779869199999958,100.0,33.5926886,94.0272917999984,60.81112899999896,54.16789599999908,64.89927219999889,174.25710039999703,1376.6319267999995,-1.015091600000001,0.1239423999999986,-0.0129339999999988,2.833207599999986,1.756388999999989,4.165460399999991,-6.751150399999947,30.0,37.24884960000005,100.0,33.0872544,103.2118540000046,2.3829144000001032,2.3829144000001032,1.9063312000000827,5.718993600000248,1552.3995967999988,763,X1.5748 Y1.4562 R0.1188
16:24:44.072,5,763,1.57407,1.45624,-0.125,87.54258,53.87385,-29.1675,,185.42,0,0,,2,3,"{""sr"":{""mpox"":87.54258,""mpoy"":53.87385,""mpoz"":-29.1675,""mpoa"":0,""posx"":1.57407,""posy"":1.45624,""posz"":-0.125,""posa"":0,""unit"":0,""stat"":5,""coor"":2,""momo"":3,""dist"":0,""home"":1,""mots"":1,""plan"":0,""line"":763,""path"":2,""frmo"":2,""prbe"":1,""safe"":0,""estp"":0,""spc"":1,""hold"":0,""macs"":5,""cycs"":1,""sps"":12000,""feed"":185.42,""mark"":176190722}}",5.071745836783152,0.1993106512860476,0.1966320938066679,0.200689547672004,5.071745836783152,0.1993106512860476,0.1966320938066679,0.200689547672004,-0.98727476,0.03304144,0.0052763799999998,-1.5100635800000015,-0.8704398399999985,0.9475087599999972,-31.00198246,36.99801754,-38.99603508,100.0,34.28742726,39.71123403999656,26.648327599997696,28.215876939997564,28.47713503999753,86.99697025999247,1666.4358197200058,-1.01952718,-0.0853828399999999,0.0184508999999997,5.155168999999993,1.7987853200000037,2.1512398000000004,-3.516582900000016,16.0,-94.67230626,100.0,32.42811098,122.68171346000204,83.30012328000126,89.16670840000135,50.01121884000075,199.88915052000303,1371.3341259799986,-0.9558712200000004,-0.0709724200000001,0.0003884999999998,-5.546991680000006,-7.866013699999992,0.558858880000001,-13.914455060000009,38.0,66.50473501999998,100.0,32.64495282,119.23712940000158,2.904049860000039,2.3232399400000308,2.3232399400000308,6.388909640000085,1475.7357102199987,-0.8603317199999975,0.4912056200000029,-0.0618669600000012,4.736897619999926,0.797290059999988,1.160700019999995,10.242223259999973,4.6211117599999865,2.527022139999973,100.0,40.33342546,86.50011287999985,97.32614111999966,68.89919913999977,52.99938393999982,195.6159074399993,1805.9168985200013,-0.9998693199999998,-0.0164107400000001,0.0015310599999995,0.4384642000000013,1.6509487200000004,5.03402564,8.33188186000001,-14.0,24.143946659999987,100.0,33.58475826,70.106610139999,56.14772897999972,49.96196247999975,59.954354619999705,160.97388227999917,1394.0778243,-1.0415781399999997,0.1084814000000003,-0.0084552600000002,2.947226460000001,1.8988765600000008,4.013731259999998,-6.717593799999992,30.71759379999999,37.16122781999999,100.0,33.08161226,121.28776664000118,2.781829160000027,2.781829160000027,2.225463180000022,6.676390540000065,1425.195474820002,763,X1.5748 Y1.4562 R0.1188
16:24:44.330,5,764,1.6053,1.4603,-0.125,88.33586,53.97683,-29.1675,,185.42,0,0,,2,3,"{""sr"":{""mpox"":88.33586,""mpoy"":53.97683,""mpoz"":-29.1675,""mpoa"":0,""posx"":1.6053,""posy"":1.4603,""posz"":-0.125,""posa"":0,""unit"":0,""stat"":5,""coor"":2,""momo"":3,""dist"":0,""home"":1,""mots"":1,""plan"":0,""line"":764,""path"":2,""frmo"":2,""prbe"":1,""safe"":0,""estp"":0,""spc"":1,""hold"":0,""macs"":5,""cycs"":1,""sps"":12000,""feed"":185.42,""mark"":176190722}}",5.215379079912419,0.1979792303535345,0.2031364125317351,0.1776120345987962,5.215379079912419,0.1979792303535345,0.2031364125317351,0.1776120345987962,-0.9929079,0.0476836999999998,-0.0115006999999997,-1.8178409999999927,-1.1407477999999895,0.9644623999999932,-31.89999999999994,36.0040132,-39.09208440000005,100.0,34.291,120.9896622999924,92.30960869999416,96.7906577999939,97.68686799999384,297.5417638999812,1388.4907806000306,-0.9944645,-0.0808142999999998,0.0304289000000002,5.453045100000005,1.771868900000001,2.075,-3.0,15.656088499999978,-94.68782200000004,100.0,32.4237459,67.75050870000435,47.45974770000306,51.242770200003285,28.544630700001832,114.86634500000736,1290.542162800018,-0.9898554000000024,-0.0120542999999991,0.0236765,-4.938261800000007,-8.4434491,0.3799454999999965,-13.0,38.0,65.03363640000002,100.0,32.6522866,76.35635000000386,1.8443564000000927,1.4754848000000744,1.4754848000000744,4.057583600000205,1251.9753835000083,-1.0204884999999966,0.2418118000000046,0.0399091999999966,3.63015639999993,-0.2097539999999507,1.3464643999999997,10.271160100000117,2.607739499999594,20.55624060000046,100.0,40.334716400000005,87.18602049999933,106.7368251999992,75.56121809999942,58.65241419999955,214.53045049999835,1537.5283909000134,-1.0060400999999997,-0.0101427000000001,-0.0015163999999998,0.5372893999999968,1.8143282999999977,5.005,9.0,-14.0,25.40401359999997,100.0,33.59,134.08614639999854,63.258383099999314,56.77034429999937,67.58374289999927,181.665101699998,1220.4530531000055,-1.0180349999999998,0.1077732000000011,0.0005342999999999,2.8246663000000045,1.8218802,4.033346599999998,-6.341928899999979,30.938143899999965,37.59621499999999,100.0,33.0865809,88.02512100000295,2.018924900000068,2.018924900000068,1.615139900000054,4.845419800000163,1182.9452954000108,764,X1.6936 Y1.5749 R0.1188
16:24:44.587,5,764,1.63414,1.47231,-0.125,89.06834,54.28183,-29.1675,,185.42,0,0,,2,3,"{""sr"":{""mpox"":89.06834,""mpoy"":54.28183,""mpoz"":-29.1675,""mpoa"":0,""posx"":1.63414,""posy"":1.47231,""posz"":-0.125,""posa"":0,""unit"":0,""stat"":5,""coor"":2,""momo"":3,""dist"":0,""home"":1,""mots"":1,""plan"":0,""line"":764,""path"":2,""frmo"":2,""prbe"":1,""safe"":0,""estp"":0,""spc"":1,""hold"":0,""macs"":5,""cycs"":1,""sps"":12000,""feed"":185.42,""mark"":176190722}}",5.311155026497833,0.2139042631278726,0.207006699994425,0.2118789566497713,5.311155026497833,0.2139042631278726,0.207006699994425,0.2118789566497713,-0.9981874800000016,0.0433589200000013,-0.0382214400000058,-1.7830374799999724,-1.1016071199999944,1.093784840000011,-31.0,36.042747319999904,-38.0,100.0,34.29,7.096010399984951,4.445693439990571,4.616680759990209,4.616680759990209,14.1920198399699,2321.376295000063,-0.9844193199999992,-0.0726154799999988,0.0407147200000008,5.279969999999985,1.9413179200000128,1.9964214399999984,-4.0,16.0,-95.0,100.0,32.42316216,129.9216576400069,92.99655464000494,101.2021336400054,55.38765448000295,225.653405920012,2180.8522100400287,-0.9747755199999938,-0.0098552400000036,0.0208106800000002,-5.6259225200000245,-8.177466120000002,0.4863681200000037,-13.02675187999994,38.0,65.34278675999998,100.0,32.65630464,136.0431548800064,3.286066240000155,2.628853000000124,2.628853000000124,7.22934668000034,2137.813804880041,-0.9773808400000022,0.1096177999999896,-0.0070719199999987,5.949885719999815,0.3174765599999468,1.3714967999999996,13.39156595999984,4.372987639999883,16.567415919999277,100.0,40.34504308,78.01675843999892,94.3675767199987,67.27193523999907,51.85544995999928,189.66948547999735,3165.4630242400426,-1.01559412,-0.00436992,-0.0131567200000018,0.2773202800000006,1.892,4.942902120000002,9.0,-13.47175903999995,25.45376123999999,100.0,33.59035996,95.74353655999808,52.63625699999894,47.19112687999905,56.26634403999887,152.00988059999693,2635.594406400051,-0.9963343200000002,0.0312523599999987,0.0209667200000016,2.819826719999992,1.699025720000004,4.062563200000008,-6.0,30.984815880000035,38.0,100.0,33.07790864,132.8239181200048,3.672970280000132,3.0608092000001106,2.4486472000000883,7.345941560000265,2642.575649960057,764,X1.6936 Y1.5749 R0.1188
16:24:44.844,5,764,1.65887,1.49137,-0.125,89.69653,54.76607,-29.1675,,185.42,0,0,,2,3,"{""sr"":{""mpox"":89.69653,""mpoy"":54.76607,""mpoz"":-29.1675,""mpoa"":0,""posx"":1.65887,""posy"":1.49137,""posz"":-0.125,""posa"":0,""unit"":0,""stat"":5,""coor"":2,""momo"":3,""dist"":0,""home"":1,""mots"":1,""plan"":0,""line"":764,""path"":2,""frmo"":2,""prbe"":1,""safe"":0,""estp"":0,""spc"":1,""hold"":0,""macs"":5,""cycs"":1,""sps"":12000,""feed"":185.42,""mark"":176190722}}",5.319587968045089,0.212176693324133,0.2134224368027813,0.2098110258309525,5.319587968045089,0.212176693324133,0.2134224368027813,0.2098110258309525,-0.988,0.03272046,-0.0107581599999996,-1.8370671599999948,-0.8938464799999979,0.8938464799999979,-31.180108540000017,37.0,-38.36021808000004,100.0,34.29180074,132.00246907999727,86.08856685999821,88.54824023999817,88.54824023999817,272.20384939999434,1222.5809062000033,-1.00826972,-0.07347292,0.0201434800000001,5.132470780000002,2.0757324399999995,1.9076901000000035,-3.754460840000005,17.0,-95.38323236,100.0,32.42880186,60.4254638800013,49.74464448000092,54.57061790000101,29.698295660000543,121.6373223400022,1664.73388808,-0.9768247199999998,-0.0351671999999998,0.0042167199999998,-5.210342839999998,-8.275226880000002,0.4585478599999972,-13.607689559999995,38.12070512000001,66.27160531999999,100.0,32.65728416,79.85030014000122,1.9615540200000288,1.5692427600000232,1.5692427600000232,4.315418660000064,1488.6882279600022,-0.941613419999999,0.0571224200000018,0.0206342999999994,2.9028035400000154,1.560822500000001,1.231197720000001,9.980066020000049,16.895683319999932,9.334352880000033,100.0,40.35394936,83.60127145999982,104.81408211999975,74.56922219999983,57.36094067999987,211.19255313999952,2163.066757640001,-1.00361334,-0.00669392,0.0155650199999998,0.3679711400000013,1.9018380800000008,5.034519040000001,9.080640000000008,-13.45160023999999,25.61288024000001,100.0,33.5991936,103.38359293999962,61.7398357599998,55.35295597999982,65.99775603999979,177.7681486599994,1060.24272132,-1.00921074,0.1318115199999999,-0.0089766599999999,2.7832822799999986,1.6085901,4.090062519999998,-6.0,30.57738352,37.0,100.0,33.08508728,92.1304067600009,2.11308304000002,2.11308304000002,1.6904657400000165,5.071398220000049,1545.198644500001,764,X1.6936 Y1.5749 R0.1188
16:24:45.100,5,764,1.67795,1.5164,-0.125,90.18098,55.40188,-29.1675,,185.42,0,0,,2,3,"{""sr"":{""mpox"":90.18098,""mpoy"":55.40188,""mpoz"":-29.1675,""mpoa"":0,""posx"":1.67795,""posy"":1.5164,""posz"":-0.125,""posa"":0,""unit"":0,""stat"":5,""coor"":2,""momo"":3,""dist"":0,""home"":1,""mots"":1,""plan"":0,""line"":764,""path"":2,""frmo"":2,""prbe"":1,""safe"":0,""estp"":0,""spc"":1,""hold"":0,""macs"":5,""cycs"":1,""sps"":12000,""feed"":185.42,""mark"":176190722}}",5.328615751016819,0.2053606714099196,0.2075486009513178,0.2188981474290762,5.328615751016819,0.2053606714099196,0.2075486009513178,0.2188981474290762,-0.9896014,0.0362028000000001,-0.0003007,-1.5016851000000035,-0.7020133000000087,0.9826717999999948,-31.300696800000026,36.69930319999997,-38.601394600000056,100.0,34.3,49.01364760000463,31.87390560000301,32.17460240000304,32.47530020000306,99.5307809000094,1530.8666365000067,-1.0050771,-0.0786358,0.0266409999999996,5.437008900000003,1.868593400000007,2.061366000000004,-3.7863537000000087,16.213646299999994,-95.57763919999998,100.0,32.43,105.13035079999798,76.82602539999853,84.91297519999837,45.63350419999912,187.7327690999964,1455.3247633000058,-1.0144014,-0.0228644999999997,0.0253311,-5.7777821999999945,-7.704938900000005,0.7546718999999983,-14.56631499999999,38.0,67.0,100.0,32.646337700000004,117.79345619999803,2.831573699999953,2.265258699999962,2.265258699999962,6.229461399999896,1637.034200900001,-0.9280967999999992,0.353040499999996,-0.0012581999999994,1.9484158999999357,1.1713591000000494,1.2565998999999977,10.569890500000025,16.458655800000006,0.6100496999998006,100.0,40.35,79.25360870000034,97.72991070000042,69.5292395000003,53.48403040000023,196.91847650000085,2152.849087099994,-1.0029088999999998,-0.0079567000000001,0.0050416999999996,0.2686273000000042,2.065871299999996,4.8748022,9.0,-14.387914799999985,26.13439160000001,100.0,33.6,91.71708020000058,54.93470980000035,49.68008490000031,59.23394820000037,159.07181160000098,1306.215720299998,-1.0035557,0.1188515000000004,-0.0116307999999999,2.8235552000000044,1.697147400000004,4.073444799999995,-2.695839500000041,13.928502200000214,17.073648100000263,100.0,33.0755069,119.17867619999852,2.7534675999999654,2.7534675999999654,2.2027739999999727,6.608321699999918,1274.0857117000053,764,X1.6936 Y1.5749 R0.1188
16:24:45.358,5,764,1.68977,1.54533,-0.125,90.48117,56.13655,-29.1675,,185.42,0,0,,2,3,"{""sr"":{""mpox"":90.48117,""mpoy"":56.13655,""mpoz"":-29.1675,""mpoa"":0,""posx"":1.68977,""posy"":1.54533,""posz"":-0.125,""posa"":0,""unit"":0,""stat"":5,""coor"":2,""momo"":3,""dist"":0,""home"":1,""mots"":1,""plan"":0,""line"":764,""path"":2,""frmo"":2,""prbe"":1,""safe"":0,""estp"":0,""spc"":1,""hold"":0,""macs"":5,""cycs"":1,""sps"":12000,""feed"":185.42,""mark"":176190722}}",5.088570295215809,0.1986402125719759,0.202687781469256,0.1994897299687441,5.088570295215809,0.1986402125719759,0.202687781469256,0.1994897299687441,-0.9932287200000004,0.0431526600000002,-0.0224508400000019,-1.7981715799999969,-0.9671475599999876,0.9389764399999908,-31.0,36.53817306000005,-39.0,100.0,34.31,88.7985453000084,57.04633860000539,57.58451120000544,57.58451120000544,178.13526412001684,1653.97991869999,-1.00012916,-0.0693909200000001,0.0157058800000005,5.231589459999985,1.864167100000004,2.023977580000001,-3.5145730800000203,16.0,-94.67813800000005,100.0,32.42519842,84.48527513999673,64.07629329999732,70.87226371999704,37.86326445999842,156.47088595999347,1516.4530316800049,-0.9868825999999998,-0.0315536800000017,0.0113814799999992,-5.701340279999968,-7.906490640000028,0.4948025799999834,-13.821047779999985,38.0,67.82104777999999,100.0,32.6512699,100.7340664599965,2.4245449199999145,1.939636119999932,1.939636119999932,5.3339986399998125,1820.132642919998,-0.931454979999998,0.2104067599999917,-0.033308940000001,4.248274579999765,0.9430741200000098,1.2643041999999984,10.938803600000126,4.831842339999882,12.4115763200001,100.0,40.34213808,81.76762086000052,101.28182182000074,72.05622154000054,55.4278624200004,204.0753124400015,1771.2393307599868,-1.00422074,-0.0118242200000004,-0.0089685199999998,0.1955699599999986,2.092703580000001,4.969139459999997,9.496279219999996,-14.0,26.297658260000027,100.0,33.60496272,109.07829844000018,57.92791562000061,52.38698488000055,62.46140480000066,167.73909534000177,1221.6693254999898,-0.9958754599999994,0.1179170799999998,-0.0160771600000002,2.85734438,1.6779752999999993,4.098556819999997,-6.491396939999987,30.508603060000013,38.0,100.0,33.08982802,106.63313079999732,2.4569845399999384,2.4569845399999384,1.9655875999999504,5.896762879999852,1430.6746933600032,764,X1.6936 Y1.5749 R0.1188
16:24:45.616,5,766,1.69442,1.58813,-0.125,90.59941,57.22386,-29.1675,,558.8,0,0,,2,1,"{""sr"":{""mpox"":90.59941,""mpoy"":57.22386,""mpoz"":-29.1675,""mpoa"":0,""posx"":1.69442,""posy"":1.58813,""posz"":-0.125,""posa"":0,""unit"":0,""stat"":5,""coor"":2,""momo"":1,""dist"":0,""home"":1,""mots"":1,""plan"":0,""line"":766,""path"":2,""frmo"":2,""prbe"":1,""safe"":0,""estp"":0,""spc"":1,""hold"":0,""macs"":5,""cycs"":1,""sps"":12000,""feed"":558.8,""mark"":176190722}}",5.1010479157321855,0.1981360711688959,0.2017556686769239,0.2098360640087234,5.1010479157321855,0.1981360711688959,0.2017556686769239,0.2098360640087234,-0.9901043000000008,0.0446042599999989,-0.0140869600000072,-1.6771262400000375,-0.7175341999999812,0.8775388999999906,-31.377990939999847,36.00284916,-38.9991599,100.0,34.31378854,93.80658770002302,65.84392964001617,66.4650986000163,66.4650986000163,204.98581920005037,1927.276977400048,-1.006235799999999,-0.0765233400000003,0.0399354999999986,5.17713507999997,1.943350860000031,1.925475320000004,-3.0,15.663708720000017,-94.56615251999987,100.0,32.43017398,85.28087567998847,59.110024919992014,65.8783485599911,34.74406075999531,145.29334377998038,1882.6513227999408,-1.0050498399999956,-0.0400061200000025,0.0244563199999982,-5.291558279999951,-8.003443419999996,0.5113582399999906,-14.0,37.53902604000005,67.12623561999995,100.0,32.65460968,96.80452315998924,2.304869659999744,1.8438956999997955,1.8438956999997955,5.070712899999436,1980.5869405999729,-0.9500965799999956,0.5241712199999958,0.0126039000000032,3.156726519999706,0.7670923800000895,1.19618904000001,10.117379219999764,13.106415359999284,-8.381228559999334,100.0,40.33406752,84.20727726000175,101.96182320000212,73.04727652000152,55.80000284000116,205.95273754000428,2271.99186851992,-1.00248828,-0.0092701599999982,-0.0141368600000015,0.5883669200000198,1.9305578399999843,4.986630239999994,9.0,-14.0,25.72254627999993,100.0,33.6,91.10880970000292,58.86243306000189,53.232113700001705,63.469058580002034,170.95697982000547,1928.6324479400128,-0.9899524799999996,0.1103507600000009,-0.0127061800000001,2.944353620000004,1.691186119999992,3.981416439999994,-6.0,30.471637279999964,38.52836272000004,100.0,33.0876471,103.52392605999192,2.358187639999814,2.358187639999814,1.8865503599998512,5.659650459999553,1642.9265289400291,766,X1.6999 Y1.6196
16:24:45.874,5,775,1.6975,1.6781,-0.125,90.67763,59.50898,-29.1675,,558.8,0,0,,2,1,"{""sr"":{""mpox"":90.67763,""mpoy"":59.50898,""mpoz"":-29.1675,""mpoa"":0,""posx"":1.6975,""posy"":1.6781,""posz"":-0.125,""posa"":0,""unit"":0,""stat"":5,""coor"":2,""momo"":1,""dist"":0,""home"":1,""mots"":1,""plan"":0,""line"":775,""path"":2,""frmo"":2,""prbe"":1,""safe"":0,""estp"":0,""spc"":1,""hold"":0,""macs"":5,""cycs"":1,""sps"":12000,""feed"":558.8,""mark"":176190722}}",5.267864088520581,0.1959834295056492,0.201795225682098,0.2054533421076949,5.267864088520581,0.1959834295056492,0.201795225682098,0.2054533421076949,-0.9877839799999996,0.0412228999999999,-0.0233313000000002,-1.526,-0.793,0.9633980800000044,-31.222989219999924,37.0,-37.22298921999993,100.0,34.31777022,34.34031893998867,23.6368428399922,23.859832059992133,23.859832059992133,73.58639837997575,1367.588530779997,-1.00008888,-0.0811062000000003,0.0299886600000002,5.470089619999992,1.9879283599999824,2.0987678599999984,-3.5444813400000514,16.38963459999997,-96.0,100.0,32.433237240000004,96.22270422000447,79.95789336000385,89.1133778000043,46.99815122000226,196.53772348000948,1183.721980680006,-1.0018052200000007,-0.0293797999999991,0.0219609400000006,-5.371082500000021,-7.893466679999986,0.5154562000000045,-14.073110399999976,37.073110399999976,66.59632270000002,100.0,32.65284116,123.88890340000526,2.981613720000125,2.3852910200001,2.3852910200001,7.082762220000324,1077.2885710999967,-1.0380983600000029,0.2385795399999844,-0.0108336199999984,1.276679860000144,3.060818919999952,1.1749680200000046,4.561206219999875,-0.9613156199999896,0.8436730400000292,100.0,40.30117634,79.56401207999939,96.61223707999898,69.21473725999927,52.87236861999944,195.14710505999795,1188.9563390399885,-1.0003961799999996,-0.0065930999999998,0.0043645799999994,0.6452533800000065,1.7589850200000017,4.865407059999995,8.443150480000373,-11.960146200000535,22.511133140001014,100.0,33.6047012,85.40529143999764,54.53044859999913,48.88936765999922,58.29116929999908,157.4801750799975,1032.697953180003,-0.9960760599999988,0.1253127800000003,-0.0103166999999998,2.8788281800000046,1.7417209999999987,4.15,-6.297636300000028,30.56584270000001,38.13652099999995,100.0,33.088634680000006,124.48533900000388,2.8292125000000885,2.8292125000000885,2.2633698000000706,6.790109400000212,969.1451632199934,775,X1.6975 Y1.6781
16:24:46.131,5,785,1.63179,1.74375,-0.125,89.00856,61.17656,-29.1675,,558.8,0,0,,2,1,"{""sr"":{""mpox"":89.00856,""mpoy"":61.17656,""mpoz"":-29.1675,""mpoa"":0,""posx"":1.63179,""posy"":1.74375,""posz"":-0.125,""posa"":0,""unit"":0,""stat"":5,""coor"":2,""momo"":1,""dist"":0,""home"":1,""mots"":1,""plan"":0,""line"":785,""path"":2,""frmo"":2,""prbe"":1,""safe"":0,""estp"":0,""spc"":1,""hold"":0,""macs"":5,""cycs"":1,""sps"":12000,""feed"":558.8,""mark"":176190722}}",5.223593345716957,0.2079043240906542,0.2104017857080587,0.2107743138196317,5.223593345716957,0.2079043240906542,0.2104017857080587,0.2107743138196317,-0.9910934399999998,0.033417119999999,-0.0132289600000018,-1.8910149600000004,-1.028304640000022,0.9675092800000225,-31.0005296,36.9994704,-38.08259347999982,100.0,34.31,127.60479880002502,97.3012487600191,98.21918496001928,98.21918496001928,303.83691900005965,1597.183240839989,-1.0056748399999984,-0.0735678400000007,0.0200628800000017,5.455378679999988,1.6157439600000314,2.0922018400000155,-3.6652514000000713,16.640996200000128,-95.35900379999988,100.0,32.419757440000005,50.54702887998919,44.18680659999056,48.873285719989546,26.110385559994416,108.12377647997688,1971.1373642799824,-0.9824396400000034,-0.0345022000000018,0.005515760000001,-5.337921480000029,-8.096779519999956,0.4799315200000183,-14.0,36.97354592000006,66.02645407999994,100.0,32.65277708,75.11560391998732,1.8056631599996955,1.4445308799997565,1.4445308799997565,3.9724594399993296,2017.7504368399927,-0.8586831199999939,0.4345129600000076,-0.0002614400000057,-0.3619024800007043,0.7205451999997711,1.0744060000000026,9.747538559999876,-11.16628344000032,4.498670680001315,100.0,40.3153224,86.76036280000228,106.98670524000282,76.64719204000203,58.54993800000154,216.10249888000567,2295.8475087199554,-1.0047020799999988,-0.0123420800000012,0.0107567599999976,0.5463259200000061,1.772674079999994,4.872255159999996,8.956162240000099,-14.0438377599999,26.0,100.0,33.605878399999995,136.00942620000455,63.1083735200021,56.579921160001895,68.00471352000227,182.7966692000061,1345.4336871599603,-1.02007104,0.1417464399999982,-0.0133565200000021,2.81076503999998,1.7150137200000055,4.058615080000017,-6.0,30.39917223999996,38.0,100.0,33.08,88.11817999999064,1.9958622799997836,1.9958622799997836,1.5966899599998263,4.79006995999948,1772.7262542400472,785,X1.6233 Y1.7475
16:24:46.388,5,792,1.53986,1.75665,-0.125,86.67352,61.50421,-29.1675,,558.8,0,0,,2,1,"{""sr"":{""mpox"":86.67352,""mpoy"":61.50421,""mpoz"":-29.1675,""mpoa"":0,""posx"":1.53986,""posy"":1.75665,""posz"":-0.125,""posa"":0,""unit"":0,""stat"":5,""coor"":2,""momo"":1,""dist"":0,""home"":1,""mots"":1,""plan"":0,""line"":792,""path"":2,""frmo"":2,""prbe"":1,""safe"":0,""estp"":0,""spc"":1,""hold"":0,""macs"":5,""cycs"":1,""sps"":12000,""feed"":558.8,""mark"":176190722}}",5.018738812461659,0.1957566148410724,0.1977526782260955,0.2036386529908253,5.018738812461659,0.1957566148410724,0.1977526782260955,0.2036386529908253,-0.99406282,0.04125028,0.0004365599999999,-1.5908212000000004,-0.8501787999999997,1.026472699999999,-31.0,36.93735083999999,-38.125297320000016,100.0,34.31937374,8.582890080000777,6.578127200000594,6.703425460000608,6.766073620000612,20.79941302000188,1418.0697925400002,-1.00615576,-0.0809875799999999,0.0322242999999999,5.409703439999999,1.7922965600000016,2.23825678,-3.0,16.28159392,-95.39475122,100.0,32.41,95.36474821999968,89.9539823999997,99.42282281999968,53.43131293999982,219.81236371999924,2030.922031019997,-1.01350832,-0.0289027999999999,0.0214892,-5.0278886400000005,-8.081974140000002,0.3874933000000001,-14.687607920000003,37.0,66.31239208,100.0,32.6503996,134.7106601999996,3.2382367399999903,2.590589779999992,2.590589779999992,7.771769279999977,1889.0567349399987,-0.8460949599999997,0.2725053799999996,0.0286822599999998,3.729678839999996,1.188806220000002,1.1633882000000002,10.096686379999996,-3.435460540000031,-9.279100659999925,100.0,40.3150337,75.95943586000007,94.24596666000008,67.05061258000006,51.57739450000005,189.89858874000012,2994.264935459998,-1.00142924,-0.0174972399999999,-0.01012842,0.57681508,1.7094476999999997,4.853095880000001,8.973108299999998,-14.0,25.51711844,100.0,33.61,69.7664799200001,53.35083742000007,47.87895692000006,56.99875742000008,154.1246409000002,1530.2735769199992,-1.02012462,0.1392983599999999,-0.00899006,2.87982086,1.66389814,4.001280939999999,-6.0,30.415238220000003,38.6075358,100.0,33.1,132.39720637999972,3.037678119999993,2.4301423199999945,2.4301423199999945,6.6828911599999845,1749.5799608999982,792,X1.5327 Y1.7556
16:24:46.645,5,799,1.45429,1.71925,-0.125,84.5001,60.55419,-29.1675,,558.8,0,0,,2,1,"{""sr"":{""mpox"":84.5001,""mpoy"":60.55419,""mpoz"":-29.1675,""mpoa"":0,""posx"":1.45429,""posy"":1.71925,""posz"":-0.125,""posa"":0,""unit"":0,""stat"":5,""coor"":2,""momo"":1,""dist"":0,""home"":1,""mots"":1,""plan"":0,""line"":799,""path"":2,""frmo"":2,""prbe"":1,""safe"":0,""estp"":0,""spc"":1,""hold"":0,""macs"":5,""cycs"":1,""sps"":12000,""feed"":558.8,""mark"":176190722}}",5.302921781843201,0.1987128611370214,0.1971914573670702,0.1938014383791463,5.302921781843201,0.1987128611370214,0.1971914573670702,0.1938014383791463,-0.9941425999999997,0.0431425999999995,-0.0046430000000003,-1.768688,-0.8535624,0.9648033999999932,-31.0,37.0,-39.77854259999989,100.0,34.3180006,117.34689899998332,83.25286759998818,85.63152079998784,85.63152079998784,263.2376385999626,1179.056609199995,-1.0033722,-0.0739671999999998,0.0311793999999989,5.237120200000021,1.9041699999999824,2.0602496000000023,-3.2418063999999656,16.758193600000034,-95.75819360000004,100.0,32.402418399999995,47.76578980000413,51.11787680000603,56.07707360000662,30.276328400003635,124.8825482000148,1674.00560339997,-1.000237200000003,-0.0304096000000008,0.0044816000000012,-5.1066542,-8.114052800000009,0.3415729999999976,-14.0,37.0,66.26617599999996,100.0,32.665972,83.2940208000082,2.0022032000001926,1.601763200000154,1.601763200000154,4.805288800000461,1597.8965881999627,-0.9315534000000052,0.3038731999999999,-0.0185841999999954,0.5798235999996694,0.3341920000000833,1.2528644000000049,9.8923932000002,1.213943600000516,7.231484399999256,100.0,40.3156896,85.63700119999845,105.18372499999823,74.9244749999988,57.65550519999909,212.0296287999965,1647.618968399991,-1.0018786000000004,-0.0161827999999994,-0.012265999999998,0.4921083999999985,1.6778356000000052,4.749047200000009,8.466328400000013,-13.533671599999987,24.556456000000065,100.0,33.61,98.56323119999836,62.43961099999861,56.56922039999875,67.24265779999851,181.53856999999604,1052.2161485999968,-1.0167041999999995,0.1302729999999999,-0.0074796,2.8739220000000114,1.7300425999999904,4.023077999999988,-6.0,30.92353579999996,38.574351399999976,100.0,33.099193,91.9400644000059,2.128242200000136,1.7025936000001092,1.7025936000001092,4.6821332000003,1190.3559928000154,799,X1.4443 Y1.7107
16:24:46.903,5,805,1.39873,1.64398,-0.125,83.08896,58.64236,-29.1675,,558.8,0,0,,2,1,"{""sr"":{""mpox"":83.08896,""mpoy"":58.64236,""mpoz"":-29.1675,""mpoa"":0,""posx"":1.39873,""posy"":1.64398,""posz"":-0.125,""posa"":0,""unit"":0,""stat"":5,""coor"":2,""momo"":1,""dist"":0,""home"":1,""mots"":1,""plan"":0,""line"":805,""path"":2,""frmo"":2,""prbe"":1,""safe"":0,""estp"":0,""spc"":1,""hold"":0,""macs"":5,""cycs"":1,""sps"":12000,""feed"":558.8,""mark"":176190722}}",5.306582220773729,0.1976842624830883,0.1995517478922971,0.2031102380529918,5.306582220773729,0.1976842624830883,0.1995517478922971,0.2031102380529918,-0.9906125999999996,0.0430424799999996,-0.0183700399999988,-1.5648879999999978,-0.8321891199999979,0.998960000000002,-31.0,37.0,-38.99745552,100.0,34.31639424,59.27940388000561,37.37148992000353,38.80822432000367,39.1669517200037,119.6586908800113,1323.162273960001,-1.00713196,-0.0644035199999997,0.0129057199999998,5.477691719999999,1.775006640000001,1.9836165600000029,-4.0,16.250956000000023,-94.80661184,100.0,32.41,83.90404267999797,75.56920463999816,82.237075159998,45.0081286799989,183.3664511199956,1425.5350072799938,-1.00249312,0.0075727599999999,0.0055573999999994,-5.316207919999998,-8.100044599999995,0.469581480000002,-14.0,37.0,65.90436420000002,100.0,32.63787584,114.49396055999762,2.739089639999943,2.1912722399999542,2.1912722399999542,6.573816079999864,1401.993071079999,-1.0239151599999985,0.1335633599999984,0.0262298799999987,0.2612727999999905,2.69806688,1.1992267199999984,11.310494080000035,-5.332569359999937,26.39119511999997,100.0,40.3216686,83.02621048000043,98.65467356000052,70.32808368000036,54.211231720000285,198.28612588000104,1872.6047962799992,-0.99506792,-0.0118424799999999,0.0078932800000007,0.366,2.157555199999999,5.0032966000000005,8.646633600000019,-14.486034000000004,24.160599600000012,100.0,33.61,96.72074924000071,57.352002000000425,51.51959520000038,61.72630744000046,166.70963256000124,1172.1101813599978,-1.0010996000000008,0.1380183599999998,-0.01115968,2.8207081600000024,1.7533114799999985,3.962636279999998,-5.532626879999992,31.0,38.53262688,100.0,33.097264,114.6370325999982,2.6631347599999597,2.2672992399999803,2.1305078799999677,5.858895759999911,1223.925406439998,805,X1.3958 Y1.6367
16:24:47.161,5,811,1.38664,1.551,-0.125,82.78186,56.28052,-29.1675,,558.8,0,0,,2,1,"{""sr"":{""mpox"":82.78186,""mpoy"":56.28052,""mpoz"":-29.1675,""mpoa"":0,""posx"":1.38664,""posy"":1.551,""posz"":-0.125,""posa"":0,""unit"":0,""stat"":5,""coor"":2,""momo"":1,""dist"":0,""home"":1,""mots"":1,""plan"":0,""line"":811,""path"":2,""frmo"":2,""prbe"":1,""safe"":0,""estp"":0,""spc"":1,""hold"":0,""macs"":5,""cycs"":1,""sps"":12000,""feed"":558.8,""mark"":176190722}}",5.248597275932598,0.2005292317351503,0.206619757233243,0.2095319121500388,5.248597275932598,0.2005292317351503,0.206619757233243,0.2095319121500388,-0.9859296000000002,0.0320984799999998,-0.0106155200000008,-1.501616319999986,-0.8569469199999944,1.0086671999999972,-31.0,36.47933232000005,-37.96020068000009,100.0,34.31520672,69.24348416000653,49.529424160004666,51.933764560004896,52.41463344000494,160.60997648001512,1416.1657854399998,-1.0011801999999996,-0.0687571999999992,0.0165392399999992,5.2369776,1.7256284399999908,1.955302999999996,-3.490561400000018,16.146736000000015,-96.36270259999998,100.0,32.42,60.63143507999802,70.6651923599975,75.75957591999733,42.13664587999851,169.85893171999402,1474.3219218000045,-0.9835694000000008,-0.0610832000000011,0.0236924400000006,-5.378586840000005,-7.925138039999999,0.4278006399999982,-13.69690399999994,37.0,66.84039327999999,100.0,32.64651548,105.16817643999684,2.540294079999923,2.0322353599999388,2.0322353599999388,6.096705599999816,1700.2321617600007,-1.0641557999999984,0.0774603200000006,0.0281775199999979,2.2151420399999515,1.3500613599999578,1.3114652799999975,10.225590959999934,6.754353560000034,7.766155600000093,100.0,40.3524154,83.32771224000055,100.79160412000066,71.85144024000047,55.38548576000037,203.0801133200013,1572.5788202799897,-1.0039863200000003,0.0002870800000006,0.0067334000000006,0.3943316799999975,1.8023294400000032,4.945999120000002,9.0,-14.264996480000026,24.967231879999957,100.0,33.61734992,96.3775779199991,59.16975572000057,53.20305756000051,63.64477932000061,171.54256900000166,1257.42435372,-1.0030381599999991,0.1579590000000024,-0.0117916000000002,2.9978818400000016,1.6531057199999974,4.0643124800000034,-6.0,30.505842439999988,39.50584243999999,100.0,33.07892944,109.7677825199976,2.529211759999945,2.023369319999956,2.023369319999956,5.564265479999879,1347.8606779600073,811,X1.387 Y1.5474
16:24:47.418,5,817,1.4208,1.4636,-0.125,83.64945,54.06068,-29.1675,,558.8,0,0,,2,1,"{""sr"":{""mpox"":83.64945,""mpoy"":54.06068,""mpoz"":-29.1675,""mpoa"":0,""posx"":1.4208,""posy"":1.4636,""posz"":-0.125,""posa"":0,""unit"":0,""stat"":5,""coor"":2,""momo"":1,""dist"":0,""home"":1,""mots"":1,""plan"":0,""line"":817,""path"":2,""frmo"":2,""prbe"":1,""safe"":0,""estp"":0,""spc"":1,""hold"":0,""macs"":5,""cycs"":1,""sps"":12000,""feed"":558.8,""mark"":176190722}}",5.422918002753377,0.2132419056252345,0.201576185200964,0.2042312649059265,5.422918002753377,0.2132419056252345,0.201576185200964,0.2042312649059265,-0.9919529200000003,0.0342870800000005,0.0072134800000008,-1.7893981000000077,-0.8528411800000228,0.8951280800000039,-31.0,36.66000000000006,-38.342153539999934,100.0,34.32338762,109.08635194001027,67.44566522000633,71.41305700000672,72.07428952000679,220.8514918600208,1449.6563144599922,-1.00556188,-0.070114459999999,0.0283785200000007,5.403222280000014,1.8436357599999975,2.059553239999994,-3.5402644599999564,16.563306000000026,-96.33312354,100.0,32.41103564,49.78312135999721,61.13716669999657,65.50410769999633,36.68230001999794,147.16589507999174,1473.227392020007,-0.9487024799999992,-0.0443252400000043,-0.0033098400000007,-5.133419660000015,-8.050580339999986,0.4200652200000051,-13.88800366000002,37.0,67.0,100.0,32.655534960000004,92.52798879999555,2.224230639999893,1.7793846399999145,1.7793846399999145,5.338153259999744,1433.109606619997,-0.975370379999998,0.2333919600000015,-0.0142349399999999,6.097266979999919,1.3007136599999745,1.1584839199999994,14.10823021999992,20.08102878000028,7.829129119999551,100.0,40.35817964,92.74931452000082,102.99785776000093,73.27708310000064,56.3669868200005,208.04542364000184,1914.3538082199943,-0.9994941599999996,-0.0185454400000002,0.0018122599999989,0.472149239999999,1.9144168400000032,4.853701840000002,8.704271819999972,-14.517938900000006,24.890604739999937,100.0,33.62,109.28506288000132,61.63470328000074,55.93737836000068,66.8140906200008,179.72472382000217,1305.9289406800108,-0.9897044000000008,0.1175369600000015,-0.0112070599999997,2.8161344999999898,1.767617619999996,3.955340899999993,-5.461980879999985,30.21146401999996,38.74948313999997,100.0,33.07537984,101.2518613799968,2.309902739999924,1.8479228599999395,1.8479228599999395,5.081786699999833,1463.1481704600037,817,X1.4208 Y1.4636
16:24:47.674,5,824,1.49245,1.40372,-0.125,85.4693,52.5397,-29.1675,,558.8,0,0,,2,1,"{""sr"":{""mpox"":85.4693,""mpoy"":52.5397,""mpoz"":-29.1675,""mpoa"":0,""posx"":1.49245,""posy"":1.40372,""posz"":-0.125,""posa"":0,""unit"":0,""stat"":5,""coor"":2,""momo"":1,""dist"":0,""home"":1,""mots"":1,""plan"":0,""line"":824,""path"":2,""frmo"":2,""prbe"":1,""safe"":0,""estp"":0,""spc"":1,""hold"":0,""macs"":5,""cycs"":1,""sps"":12000,""feed"":558.8,""mark"":176190722}}",5.424190362936858,0.2093994379093294,0.2074746170620112,0.2071065145813513,5.424190362936858,0.2093994379093294,0.2074746170620112,0.2071065145813513,-0.988,0.0423622000000008,0.0040556999999983,-1.926184420000009,-0.9294078999999956,0.9975558400000136,-31.0,37.78019676000008,-37.0,100.0,34.32,35.168534859988235,22.20013735999257,23.73876081999205,24.17836751999192,73.41431607997542,1685.4817297799707,-1.0127907400000005,-0.0622587000000011,0.025867320000001,5.225788160000006,1.832516840000008,1.9944162000000003,-2.9085288399998963,17.0,-94.13322187999997,100.0,32.407753140000004,76.5176089600032,87.49892994000422,92.39770210000444,52.66179370000252,208.13117900001,1689.9727924199549,-0.9268750199999972,-0.0271053800000029,0.0373853399999992,-4.791347239999968,-8.138701880000001,0.3429692199999939,-13.47638365999995,36.92696462000003,66.35611481999987,100.0,32.65596654,124.48116216000533,2.9832597200001256,2.3866082200001,2.3866082200001,6.563171940000276,1827.0390361799527,-0.9871428799999956,0.0641586600000017,-0.0246778400000042,3.3463092000001184,3.458003520000004,1.0671653599999995,12.483878660000148,14.413643840000583,14.449372559999228,100.0,40.36118096,79.72926371999911,96.10370595999888,68.73232179999924,52.95410199999942,194.11992393999776,1909.4457818799929,-1.0005898200000003,-0.0105627799999996,-0.0027995799999999,0.6026170200000025,1.8236170200000024,4.786407319999993,8.352262040000033,-14.0,24.768769199999927,100.0,33.62,90.06835283999827,56.79515261999913,51.115637479999215,61.05478891999906,165.17923677999744,1535.2589926999874,-0.9941610600000036,0.1218456599999963,-0.02473608,2.8856493799999945,1.842969040000002,4.10534358,-6.0,30.434270599999984,38.702200679999976,100.0,33.0643427,123.32902298000384,2.828647440000088,2.2629180400000704,2.2629180400000704,6.223024500000194,1505.979617859962,824,X1.5037 Y1.3987
16:24:47.933,5,830,1.58403,1.38514,-0.125,87.79546,52.06787,-29.1675,,558.8,0,0,,2,1,"{""sr"":{""mpox"":87.79546,""mpoy"":52.06787,""mpoz"":-29.1675,""mpoa"":0,""posx"":1.58403,""posy"":1.38514,""posz"":-0.125,""posa"":0,""unit"":0,""stat"":5,""coor"":2,""momo"":1,""dist"":0,""home"":1,""mots"":1,""plan"":0,""line"":830,""path"":2,""frmo"":2,""prbe"":1,""safe"":0,""estp"":0,""spc"":1,""hold"":0,""macs"":5,""cycs"":1,""sps"":12000,""feed"":558.8,""mark"":176190722}}",5.031509540872057,0.1994662420309765,0.2024252972415786,0.2001525614009074,5.031509540872057,0.1994662420309765,0.2024252972415786,0.2001525614009074,-0.9891196399999996,0.033838439999998,-0.0111196399999997,-1.648,-1.033127000000011,0.916,-31.0,36.96005700000009,-39.96005700000009,100.0,34.33,150.72891608001424,96.00567904000906,103.6861330800098,105.60624704000998,320.6589672000303,1383.494935160024,-1.00030392,-0.0757140000000002,0.03558284,5.59208344000001,1.3191100399999705,2.0510248799999986,-3.0,16.32754975999994,-95.98796552000005,100.0,32.40975932,42.91013963999506,45.434265759994766,47.95839191999448,27.449868439996838,108.22189635998754,1774.0474923600248,-1.0209038799999994,-0.0293201200000008,0.0251269600000004,-5.026268279999997,-8.220537919999998,0.4653076400000056,-13.64123296000006,37.0,67.0,100.0,32.64039716,71.52432779999366,1.7276411999998469,1.3821121999998771,1.3821121999998771,3.800809519999663,1712.7619078000182,-0.92831124,0.2462525200000085,0.020110080000003,3.0582980400001603,2.31842120000006,1.221,9.466579799999993,5.352208719999756,1.7339441600000476,100.0,40.3502154,85.88071528000108,107.75095900000136,76.81256452000098,59.20968512000076,216.56875928000275,2283.780202160028,-1.0024771200000002,-0.0115695999999995,-0.0076463999999996,0.4656961599999883,1.6355847199999936,5.003653160000003,8.97792080000005,-14.0,26.54604752000001,100.0,33.614319040000005,105.9332596000018,66.07177560000112,58.973155200001,70.98620504000121,191.11670548000325,1160.6574934400082,-0.9934165199999986,0.1131409599999995,-0.0135812400000004,2.793042920000001,1.728482599999989,3.947749799999991,-5.389761879999979,30.024729559999944,38.38976187999998,100.0,33.07024728,84.96816215999527,1.948811399999892,1.5590485199999131,1.5590485199999131,4.287384679999762,1459.6709340800314,830,X1.5935 Y1.3857
16:24:48.190,5,836,1.67349,1.41256,-0.125,90.06767,52.76419,-29.1675,,558.8,0,0,,2,1,"{""sr"":{""mpox"":90.06767,""mpoy"":52.76419,""mpoz"":-29.1675,""mpoa"":0,""posx"":1.67349,""posy"":1.41256,""posz"":-0.125,""posa"":0,""unit"":0,""stat"":5,""coor"":2,""momo"":1,""dist"":0,""home"":1,""mots"":1,""plan"":0,""line"":836,""path"":2,""frmo"":2,""prbe"":1,""safe"":0,""estp"":0,""spc"":1,""hold"":0,""macs"":5,""cycs"":1,""sps"":12000,""feed"":558.8,""mark"":176190722}}",5.246908787974014,0.200837566375618,0.2003305105244629,0.2063257955516242,5.246908787974014,0.200837566375618,0.2003305105244629,0.2063257955516242,-0.9844064000000008,0.0324133000000006,-0.0011211000000001,-1.4590341999999898,-0.866272800000021,0.8976101999999688,-31.0,36.0003509,-38.0011411,100.0,34.3400035,13.571937800022916,9.943484000016808,10.746997800018168,11.048315800018674,33.64635280005688,1229.530880000066,-1.0159673999999992,-0.0774916999999994,0.0149362000000017,5.460984199999987,1.865856300000006,2.119380600000003,-3.069732600000119,16.0,-95.65782389999993,100.0,32.4165784,98.01576499998995,96.04229259999018,100.6470604999897,58.54632929999401,226.9492538999768,1490.780880300062,-0.9753962,-0.0349028999999992,-0.0019692000000005,-5.5707902999999925,-7.949509600000024,0.4697786000000034,-13.865988699999772,37.0,66.63427989999994,100.0,32.6556728,130.66156439998812,3.171397499999712,2.537117699999769,2.537117699999769,6.977073999999365,1449.6498870000423,-0.9478725999999884,0.2609604000000065,0.0148361999999997,1.0960046000000303,2.939598000000057,1.221,9.891344499999452,14.97233479999904,-6.768383699999605,100.0,40.35,77.37290960000202,95.3007785000025,67.93718850000177,52.36824940000137,192.016915500005,2147.120842600081,-1.0045637999999997,-0.0105189000000003,0.0020267000000031,0.4471602999999985,1.7498397000000014,4.849967900000001,9.0,-14.0,25.083012599999968,100.0,33.62,104.99506510000396,55.4777417000021,49.97581710000189,59.604185100002255,160.9313005000061,1143.3499074000383,-0.9948495,0.1152297000000005,-0.0187714999999991,2.729785200000009,1.8034502000000183,3.922157300000016,-6.565701299999892,30.56570129999989,38.96197799999994,100.0,33.0743426,132.10134249999052,3.018616699999788,2.4148933999998308,2.4148933999998308,6.640956799999534,1423.956225600112,836,X1.6791 Y1.4159
16:24:48.447,5,842,1.7392,1.47963,-0.125,91.73671,54.46773,-29.1675,,558.8,0,0,,2,1,"{""sr"":{""mpox"":91.73671,""mpoy"":54.46773,""mpoz"":-29.1675,""mpoa"":0,""posx"":1.7392,""posy"":1.47963,""posz"":-0.125,""posa"":0,""unit"":0,""stat"":5,""coor"":2,""momo"":1,""dist"":0,""home"":1,""mots"":1,""plan"":0,""line"":842,""path"":2,""frmo"":2,""prbe"":1,""safe"":0,""estp"":0,""spc"":1,""hold"":0,""macs"":5,""cycs"":1,""sps"":12000,""feed"":558.8,""mark"":176190722}}",5.3467114303247,0.2016701841630018,0.2030502744480007,0.1998039152670312,5.3467114303247,0.2016701841630018,0.2030502744480007,0.1998039152670312,-0.9926961599999996,0.0356088799999991,-0.001434880000001,-1.816321520000003,-1.100804480000011,0.8229066799999945,-31.24278539999996,37.0,-39.27308376000013,100.0,34.347571880000004,120.5007933600072,75.03480304000448,81.09900068000483,84.13073900000501,253.90808592001517,1401.495739200007,-1.0169677600000009,-0.0715133599999999,0.0235254400000003,5.33428252,1.6328996800000053,1.902246079999998,-3.0,16.601927520000018,-95.60192752000002,100.0,32.41707796,51.282430239998085,58.51669995999735,60.90513687999724,35.42847851999839,138.13125819999374,1719.952032120023,-1.0102354800000015,-0.0288920800000006,0.0211392000000004,-5.106185719999986,-8.098420160000012,0.3801933199999898,-14.588654640000016,37.74982927999999,68.16117463999997,100.0,32.64,85.39863179999679,2.056725799999922,1.645381199999938,1.645381199999938,4.524797479999829,1892.037236280028,-0.9635521999999996,0.3192270000000043,-0.0032324400000003,3.588286839999888,1.914865319999986,1.3045968400000012,10.297364280000044,4.73805423999992,-0.2180539999997691,100.0,40.360731,85.27451100000063,104.8033631200007,74.7113081600005,57.58996692000038,211.16321204000135,2020.991644840016,-1.0083938400000003,-0.0103365599999998,0.0099903200000005,0.4236972799999994,1.667757039999996,4.826060119999992,9.0,-14.0,25.580890399999976,100.0,33.62,99.73125687999992,63.77570780000055,57.450844480000505,68.5193558400006,185.00225932000163,1115.094300480004,-1.0094182000000005,0.1117062800000008,-0.01199904,2.884466720000001,1.7124801599999966,4.018928800000005,-6.091657679999982,30.52852487999997,39.0,100.0,33.08873756,94.80016867999764,2.184335719999946,1.747468519999957,1.747468519999957,4.80553887999988,1757.9513137200154,842,X1.7429 Y1.4857
16:24:48.705,5,846,1.77618,1.56604,-0.125,92.67604,56.66277,-29.1675,,558.8,0,0,,2,1,"{""sr"":{""mpox"":92.67604,""mpoy"":56.66277,""mpoz"":-29.1675,""mpoa"":0,""posx"":1.77618,""posy"":1.56604,""posz"":-0.125,""posa"":0,""unit"":0,""stat"":5,""coor"":2,""momo"":1,""dist"":0,""home"":1,""mots"":1,""plan"":0,""line"":846,""path"":2,""frmo"":2,""prbe"":1,""safe"":0,""estp"":0,""spc"":1,""hold"":0,""macs"":5,""cycs"":1,""sps"":12000,""feed"":558.8,""mark"":176190722}}",5.327730916322105,0.2038352923031084,0.2036839003858013,0.2134796507773214,5.327730916322105,0.2038352923031084,0.2036839003858013,0.2134796507773214,-0.9909708000000012,0.0471776000000003,-0.0306263999999953,-1.7700848,-0.940486600000007,1.001317000000007,-31.0,37.0,-38.20133779999978,100.0,34.340014000000004,58.99826600001676,39.0664196000111,42.65415160001213,44.248699400012576,133.54337260003794,1364.680363000005,-1.0027259999999996,-0.0748987999999988,0.0170675999999979,5.229424999999966,1.8895952000000376,1.9188151999999905,-3.180161399999966,17.0,-95.71979599999992,100.0,32.4274058,85.26225899999281,79.86591399999327,82.56408619999304,48.5671099999959,187.79282379998415,1407.577724999967,-1.0126050000000004,-0.0465632000000024,0.0221654000000015,-5.118753999999997,-8.480261599999993,0.2154142000000209,-14.0,37.73291839999992,67.0,100.0,32.63,111.00364359999206,2.668356599999809,2.134685399999847,2.134685399999847,5.87038479999958,1355.9081477999582,-1.0062866000000017,0.0863461999999895,0.013363800000002,2.857262999999804,3.9429414000000462,1.122903999999967,4.122109400000102,-1.1026345999997027,-2.917707800000066,100.0,40.35,79.5576748000013,99.20154520000162,70.71793320000116,54.511740200000894,199.87638040000328,1558.1621743999872,-0.9984277999999992,-0.017198,-0.0313362000000024,0.3378464000000093,1.841948800000003,4.8624615999999925,6.0151476000005655,-9.35689640000088,17.377093400001634,100.0,33.625111600000004,89.95065800000218,59.152334600001424,53.28598780000129,63.552095600001536,171.10179480000414,1288.589598599976,-1.005840799999998,0.1463469999999996,-0.0227011999999996,2.8566684000000007,1.6375844000000035,4.03117460000001,-6.152116800000044,30.52501919999997,38.322863599999984,100.0,33.086271,114.82716039999396,2.6250979999998627,2.10007779999989,2.10007779999989,5.775214799999698,1387.9527937999526,846,X1.7796 Y1.5809
16:24:48.962,5,851,1.78006,1.65971,-0.125,92.77468,59.04195,-29.1675,,558.8,0,0,,2,1,"{""sr"":{""mpox"":92.77468,""mpoy"":59.04195,""mpoz"":-29.1675,""mpoa"":0,""posx"":1.78006,""posy"":1.65971,""posz"":-0.125,""posa"":0,""unit"":0,""stat"":5,""coor"":2,""momo"":1,""dist"":0,""home"":1,""mots"":1,""plan"":0,""line"":851,""path"":2,""frmo"":2,""prbe"":1,""safe"":0,""estp"":0,""spc"":1,""hold"":0,""macs"":5,""cycs"":1,""sps"":12000,""feed"":558.8,""mark"":176190722}}",5.31937184966093,0.2016161425906164,0.2020273153977878,0.2063200643325951,5.31937184966093,0.2016161425906164,0.2020273153977878,0.2063200643325951,-0.986190940000002,0.0454990600000012,-0.0328508199999926,-1.737055360000006,-0.9386252400000188,0.8874849399999937,-32.0,36.99848152,-38.5431151399999,100.0,34.35,59.36180512001311,45.072338280009966,49.21163436001089,51.05132172001129,154.07380880003407,1580.8104186600012,-1.0112425799999991,-0.0742040000000001,0.0149302399999988,5.389624939999998,1.9291675199999745,2.0515855399999894,-3.0,17.0,-95.0,100.0,32.44245998,86.45474865999299,76.19468075999396,78.76882503999376,46.33460347999633,179.1604657599858,1826.6570776599997,-0.9924953399999984,-0.0316494800000008,-0.0012849999999988,-5.52621347999989,-7.909717640000089,0.6689300599999544,-13.488223720000034,38.0,67.48822372000004,100.0,32.66,105.67622431999315,2.558879399999829,2.047104119999863,2.047104119999863,5.629535619999624,1858.4012799800064,-0.8003460799999955,0.6555821800000278,-0.0321865799999992,1.2138350799998143,1.25998871999998,1.0981107400000027,9.753932260000033,-3.216075860000684,3.943150060001156,100.0,40.3550241,81.10821934000109,100.50917050000147,71.65010162000105,55.23028668000081,202.51105154000297,2907.701403040049,-1.0075784199999986,-0.01701832,0.008946919999995,0.4724676399999965,1.8772207400000027,4.898155559999996,9.0,-13.757719280000046,25.75771928000005,100.0,33.63,122.91809846000208,60.12650446000129,53.66663238000116,64.35644324000144,173.1804477800038,1519.511858080021,-1.0179505999999994,0.1301185200000003,-0.0096594799999989,2.991,1.6853744799999928,4.059153659999998,-6.204231239999961,31.0,38.20423123999996,100.0,33.07,109.80547581999468,2.5536153799998766,2.042892519999901,2.042892519999901,5.617954159999728,1694.5957445400131,851,X1.7788 Y1.6668
16:24:49.218,5,857,1.74247,1.74605,-0.125,91.81975,61.23485,-29.1675,,558.8,0,0,,2,1,"{""sr"":{""mpox"":91.81975,""mpoy"":61.23485,""mpoz"":-29.1675,""mpoa"":0,""posx"":1.74247,""posy"":1.74605,""posz"":-0.125,""posa"":0,""unit"":0,""stat"":5,""coor"":2,""momo"":1,""dist"":0,""home"":1,""mots"":1,""plan"":0,""line"":857,""path"":2,""frmo"":2,""prbe"":1,""safe"":0,""estp"":0,""spc"":1,""hold"":0,""macs"":5,""cycs"":1,""sps"":12000,""feed"":558.8,""mark"":176190722}}",5.340691508257169,0.2017086299195383,0.2125673097986933,0.2153187350102573,5.340691508257169,0.2017086299195383,0.2125673097986933,0.2153187350102573,-0.9880395000000004,0.0336709399999998,0.0054866199999983,-1.9933620799999925,-1.1184924599999846,0.8958200000000154,-31.0,36.9975448,-38.99977526,100.0,34.35,99.97805675998106,64.46141989998779,70.38134603998667,72.3547668399863,219.6951552399584,1483.3629156200393,-0.9926603400000004,-0.0706482800000006,0.0135065400000011,5.289816880000001,2.060472919999968,2.0154137599999915,-3.0,16.53969158000009,-94.5396915800001,100.0,32.43516504,78.24572758000886,64.25766448000728,66.88042656000756,38.904300700004406,151.68305884001717,2056.008028699971,-1.0131920999999988,-0.0284497199999996,0.0283211999999996,-5.241698739999983,-8.003391000000025,0.5350907199999875,-12.555324839999956,37.88788363999996,66.0,100.0,32.66,92.4923636000089,2.2233738000002137,1.778699640000171,1.778699640000171,4.89142276000047,2044.645165039963,-0.9823086399999988,0.2174911399999858,-0.0099395599999955,3.262734940000404,1.3423568199999591,1.219495000000001,10.040700459999702,-5.420388079999589,7.881476619998879,100.0,40.36512352,82.48607889999856,103.49185031999818,73.7763683799987,56.869284139999,208.52070741999637,2409.6721036999784,-0.99526506,-0.0089605800000008,0.0106216199999963,0.5470931600000015,1.7814736400000042,4.8630203800000045,9.18809038000007,-14.0,25.48437296000001,100.0,33.62515638,80.43784681999797,61.87526687999844,55.687740459998594,66.51591219999831,178.92264685999547,1327.9063225199916,-1.0166986400000029,0.1363120399999992,-0.0063078600000003,2.7985800400000187,1.8789185400000068,4.010487819999999,-6.749236300000048,31.0,37.32645003999989,100.0,33.06749266,100.36673770000633,2.3107833200001515,1.848626320000121,1.848626320000121,5.545879960000363,1846.725950919928,857,X1.7353 Y1.7553
16:24:49.477,5,862,1.67097,1.80729,-0.125,90.00373,62.79035,-29.1675,,558.8,0,0,,2,1,"{""sr"":{""mpox"":90.00373,""mpoy"":62.79035,""mpoz"":-29.1675,""mpoa"":0,""posx"":1.67097,""posy"":1.80729,""posz"":-0.125,""posa"":0,""unit"":0,""stat"":5,""coor"":2,""momo"":1,""dist"":0,""home"":1,""mots"":1,""plan"":0,""line"":862,""path"":2,""frmo"":2,""prbe"":1,""safe"":0,""estp"":0,""spc"":1,""hold"":0,""macs"":5,""cycs"":1,""sps"":12000,""feed"":558.8,""mark"":176190722}}",5.347081992947801,0.1965539036403714,0.2031841614563153,0.2068647889657733,5.347081992947801,0.1965539036403714,0.2031841614563153,0.2068647889657733,-0.9902027199999992,0.035043359999999,-7.280000000206089e-05,-1.6895479999999807,-1.069822079999971,0.9867259200000096,-31.15944240000016,36.15944240000016,-39.84055759999984,100.0,34.35,22.800257920022677,15.784793920015698,17.060332800016972,17.538659840017445,53.25374912005298,1378.442596320056,-1.0043735200000006,-0.0800208799999991,0.0351285999999984,5.4653535599999845,1.8584460399999787,2.080283759999975,-3.3633064800000634,16.04842304000005,-94.04842304000005,100.0,32.43588252,113.47677387998888,93.0057249599908,97.41415839999031,56.66575271999437,220.2960713199781,1806.4264577599845,-0.9733385999999984,-0.0352925199999992,0.0048548799999988,-5.170622200000004,-8.135377799999997,0.5425342399999936,-13.437056360000106,38.0,66.43705636000011,100.0,32.66,126.37386887998905,3.0797043999997302,2.4637633199997846,2.4637633199997846,6.775349719999406,1915.444767719955,-0.9729729599999988,0.4102633599999868,0.010480879999999,6.28777012000009,1.0669308400000803,1.1363556800000043,11.588414800000354,5.59934511999983,10.281742759999974,100.0,40.3791408,78.09096428000149,95.65369304000244,68.18877084000172,52.56217808000134,192.7279852400049,1881.2230868800352,-1.0028801599999997,-0.01038764,0.0110108,0.4641497199999969,1.9987976399999916,4.877615199999995,9.0,-14.0,25.911725439999916,100.0,33.62,89.0886418800055,55.26432972000208,49.61208336000178,59.349033760002136,159.58880356000583,1232.3611479600158,-1.02098508,0.1337576399999989,-0.0013291200000005,2.8019513599999937,1.755035079999977,4.140770679999999,-6.099156960000099,30.900843039999906,38.0,100.0,33.06416840000001,126.55046075999168,2.915909079999808,2.3327271599998465,2.3327271599998465,6.998182159999539,1439.2949322400425,862,X1.6672 Y1.8094
16:24:49.734,5,867,1.58114,1.83381,-0.125,87.72202,63.46404,-29.1675,,558.8,0,0,,2,1,"{""sr"":{""mpox"":87.72202,""mpoy"":63.46404,""mpoz"":-29.1675,""mpoa"":0,""posx"":1.58114,""posy"":1.83381,""posz"":-0.125,""posa"":0,""unit"":0,""stat"":5,""coor"":2,""momo"":1,""dist"":0,""home"":1,""mots"":1,""plan"":0,""line"":867,""path"":2,""frmo"":2,""prbe"":1,""safe"":0,""estp"":0,""spc"":1,""hold"":0,""macs"":5,""cycs"":1,""sps"":12000,""feed"":558.8,""mark"":176190722}}",5.297421161899876,0.2025811064746881,0.206763628938175,0.2108417438027355,5.297421161899876,0.2025811064746881,0.206763628938175,0.2108417438027355,-0.9938937199999994,0.0468359999999992,-0.0001909600000006,-1.8302212599999943,-0.8571119600000113,1.0924644799999723,-30.980421959999912,36.02000000000009,-39.016175480000086,100.0,34.35,150.42590363998616,97.68059115999104,104.51845815999042,107.44888243999011,325.2770706599701,1872.541890239956,-1.0167939199999996,-0.0752180200000001,0.0155589399999997,5.183255560000007,1.932783619999991,1.991236460000008,-3.9939964799999728,16.99399647999997,-94.69258955999996,100.0,32.42698596,57.17825642000677,44.57444724000528,46.72631734000554,27.05207800000321,105.74903342001252,1879.516365720002,-0.9720721000000022,-0.0357738999999988,0.0025846400000014,-5.941951980000019,-7.890684419999974,0.6916975000000057,-13.65693515999994,38.32046299999991,66.66352783999997,100.0,32.66336514,68.64030564000632,1.682360760000155,1.345888620000124,1.345888620000124,3.701192720000341,1952.113796059995,-0.8111230800000073,0.3810699599999961,-0.0118755599999967,0.8179538800003214,1.9555307999999816,1.2715360599999928,11.40634764000007,-2.8923111999995097,18.00500087999969,100.0,40.38534806,88.24318305999888,108.03104797999865,77.01223239999902,59.36359577999925,217.6665172199972,2712.252863840004,-1.0017247600000003,-0.0157199799999992,-0.0050248999999985,0.4225597600000104,1.9873998600000025,4.935527199999992,8.563938220000042,-14.0,24.56393822000004,100.0,33.62,87.91428491999848,65.79748385999886,58.60952293999898,70.22084327999877,189.0986500799967,1189.8937138800052,-1.014705799999999,0.1265979799999997,-0.0057721600000008,2.9284817599999933,1.6729134000000083,3.974668219999997,-6.383530460000022,30.987555359999945,37.0,100.0,33.06628874,83.96829220000474,1.917652260000111,1.917652260000111,1.534121800000089,4.602366380000266,1844.2475527399884,867,X1.5776 Y1.8342
16:24:49.991,5,872,1.48784,1.82358,-0.125,85.35234,63.20413,-29.1675,,558.8,0,0,,2,1,"{""sr"":{""mpox"":85.35234,""mpoy"":63.20413,""mpoz"":-29.1675,""mpoa"":0,""posx"":1.48784,""posy"":1.82358,""posz"":-0.125,""posa"":0,""unit"":0,""stat"":5,""coor"":2,""momo"":1,""dist"":0,""home"":1,""mots"":1,""plan"":0,""line"":872,""path"":2,""frmo"":2,""prbe"":1,""safe"":0,""estp"":0,""spc"":1,""hold"":0,""macs"":5,""cycs"":1,""sps"":12000,""feed"":558.8,""mark"":176190722}}",5.229840124235528,0.2040926060853546,0.2210195771151687,0.214509500839468,5.229840124235528,0.2040926060853546,0.2210195771151687,0.214509500839468,-0.99002348,0.0474361599999997,-0.0053194000000002,-1.9916625199999975,-0.9234460800000008,0.977,-31.87793507999999,37.0,-38.75586927999998,100.0,34.35,17.69945344000164,12.32858500000114,13.060975400001206,13.30510612000123,40.64770952000376,1438.699339320004,-1.00453448,-0.0841805600000001,0.05932268,5.304004280000002,1.600293039999999,1.8758000800000003,-3.2655787199999966,16.349219560000005,-96.18193788,100.0,32.41782088,123.64823127999917,93.06156323999936,98.26780435999932,55.96709407999962,221.91603563999848,1658.663547640003,-0.9847340399999996,-0.0376493199999997,0.0254921600000002,-5.477669519999998,-7.957503440000001,0.6574947599999985,-12.869145799999892,34.93053859999971,61.87751323999949,100.0,32.64,130.99144319999917,3.148832319999981,2.5190660799999844,2.5190660799999844,6.927431879999957,1779.0269588800031,-0.87540856,0.4952560000000014,-0.0754144400000001,5.72050247999997,1.6622684799999807,1.2821191600000004,12.53266616000002,16.611136159999962,-1.2778243999999317,100.0,40.38,78.07833620000014,95.11360956000016,67.66789168000012,52.05222384000009,191.64682564000037,2459.231257000003,-1.0067857999999998,-0.009058,-0.0176698799999998,0.4509018800000002,2.04558336,4.827515639999999,9.0,-13.46394256,24.463942560000003,100.0,33.6248224,71.44713828000017,54.74520968000013,48.71395800000012,58.45674980000015,157.2764923600004,1380.0654779600015,-0.9780905200000002,0.0996543200000004,-0.0085868,2.8167576000000016,1.7396038000000007,3.9976038000000007,-7.0,30.5895312,37.54391655999999,100.0,33.06091224,128.5178365199994,2.9476571199999864,2.9476571199999864,2.358125799999989,7.074376639999968,1660.0532818800027,872,X1.4803 Y1.8213
16:24:50.249,5,877,1.40474,1.77969,-0.125,83.24147,62.08935,-29.1675,,558.8,0,0,,2,1,"{""sr"":{""mpox"":83.24147,""mpoy"":62.08935,""mpoz"":-29.1675,""mpoa"":0,""posx"":1.40474,""posy"":1.77969,""posz"":-0.125,""posa"":0,""unit"":0,""stat"":5,""coor"":2,""momo"":1,""dist"":0,""home"":1,""mots"":1,""plan"":0,""line"":877,""path"":2,""frmo"":2,""prbe"":1,""safe"":0,""estp"":0,""spc"":1,""hold"":0,""macs"":5,""cycs"":1,""sps"":12000,""feed"":558.8,""mark"":176190722}}",5.173567591175814,0.1956610398880933,0.1916361592238521,0.2039768126543152,5.173567591175814,0.1956610398880933,0.1916361592238521,0.2039768126543152,-0.9931536400000002,0.0232332399999989,-0.0043312400000008,-1.909216839999996,-0.9250671600000124,0.9676509599999876,-31.28224467999993,36.71775532000007,-37.28224467999993,100.0,34.3528224,113.40532512001072,73.21103272000693,77.51756408000733,78.23531940000741,239.0124891200226,1900.581230120003,-1.01194372,-0.0782572800000004,0.035157400000001,5.381516119999993,1.6094246000000054,2.0154373600000044,-3.0,16.21952224000002,-94.02356648000008,100.0,32.43,81.52796515999499,58.38644987999625,62.32170835999596,35.11967899999776,140.45514907999095,1934.086787719992,-0.9642125999999988,-0.0803040400000017,0.0036854000000003,-5.114010480000028,-8.187433119999993,0.5672008000000154,-13.0,38.0,66.23985720000002,100.0,32.64812204,88.14799055999532,2.1382505999998846,1.710600479999908,1.710600479999908,4.704151039999747,2053.4791574399824,-0.9457122399999998,0.1703557599999907,0.0223675600000006,-0.0300169599998916,0.5347559999999622,1.338882720000011,12.90344315999991,3.003624279999607,26.67160980000051,100.0,40.38,91.6692776800012,103.66284740000104,73.75018484000074,56.73091160000057,209.00213816000203,2044.246555199988,-1.00110364,-0.0046823999999998,0.0049039200000004,0.488,1.845949960000008,4.889076880000002,9.0,-14.601575759999962,24.47509639999999,100.0,33.62601552,114.94745508000058,61.41371656000081,55.11487448000073,65.61294552000088,176.76602204000238,1624.3924776400063,-1.0116425200000003,0.1345382000000013,-0.0137064800000001,2.848780240000003,1.7760013599999949,3.9463542,-7.0,30.54918999999996,37.44382403999998,100.0,33.06654572,97.64126415999624,2.219119759999915,2.219119759999915,1.7752957199999315,5.325886879999795,1833.314411159996,877,X1.3926 Y1.7696
16:24:50.506,5,881,1.34298,1.70892,-0.125,81.67281,60.29182,-29.1675,,558.8,0,0,,2,1,"{""sr"":{""mpox"":81.67281,""mpoy"":60.29182,""mpoz"":-29.1675,""mpoa"":0,""posx"":1.34298,""posy"":1.70892,""posz"":-0.125,""posa"":0,""unit"":0,""stat"":5,""coor"":2,""momo"":1,""dist"":0,""home"":1,""mots"":1,""plan"":0,""line"":881,""path"":2,""frmo"":2,""prbe"":1,""safe"":0,""estp"":0,""spc"":1,""hold"":0,""macs"":5,""cycs"":1,""sps"":12000,""feed"":558.8,""mark"":176190722}}",5.316180934967533,0.2050543897444655,0.2055088361990845,0.2061451698234953,5.316180934967533,0.2050543897444655,0.2055088361990845,0.2061451698234953,-0.98226018,0.0342601800000001,0.0176202400000004,-1.9176207200000024,-0.9253384999999952,0.9672414400000048,-32.0,36.57998661999997,-38.42001338000004,100.0,34.355799819999994,65.10203478000612,43.26135206000407,45.36141812000427,45.36141812000427,139.44435882001312,1437.3805120400016,-1.01576916,-0.0810797399999998,0.0123340400000005,5.173167239999987,1.913585820000013,1.9026186399999991,-3.825921700000012,16.0,-95.23745465999995,100.0,32.43120194,100.489103379997,73.90468453999779,79.22156833999763,44.13013519999868,178.11560675999465,1538.076702520019,-1.0212379000000005,-0.0372769599999967,0.0218346999999998,-5.41102039999999,-8.14684366,0.5405817599999991,-13.08825954000004,37.80770332000001,67.0,100.0,32.65334842,109.11949391999724,2.635736499999933,2.1085893999999463,2.1085893999999463,5.7986206799998525,1513.7723330600145,-1.0412286399999984,0.1168612200000027,0.01112788,6.031546779999964,0.361509739999976,1.404,10.48029048000009,16.486380639999915,10.777214599999994,100.0,40.36492942,82.32540886000051,99.5792376600006,70.98717900000042,54.71928392000033,200.1444078800012,1841.4637841800293,-1.00632094,-0.01145416,0.0031262800000002,0.5547298600000026,1.5270918799999995,4.824454220000004,9.0,-14.0,25.319921619999977,100.0,33.626800720000006,77.58597436000065,56.96185454000047,51.06924878000042,60.890258240000506,164.50190794000136,1093.3076212600122,-0.9950511599999998,0.1420490000000001,-0.0158427799999998,2.9592782200000007,1.709,3.9352782200000007,-7.0,30.0,36.63951840000003,100.0,33.07840442,113.40773801999784,2.759693579999967,2.600146079999952,2.080116399999961,6.240349359999885,1392.3603216600125,881,X1.3403 Y1.7046
16:24:50.763,5,886,1.31003,1.62038,-0.125,80.83589,58.04281,-29.1675,,558.8,0,0,,2,1,"{""sr"":{""mpox"":80.83589,""mpoy"":58.04281,""mpoz"":-29.1675,""mpoa"":0,""posx"":1.31003,""posy"":1.62038,""posz"":-0.125,""posa"":0,""unit"":0,""stat"":5,""coor"":2,""momo"":1,""dist"":0,""home"":1,""mots"":1,""plan"":0,""line"":886,""path"":2,""frmo"":2,""prbe"":1,""safe"":0,""estp"":0,""spc"":1,""hold"":0,""macs"":5,""cycs"":1,""sps"":12000,""feed"":558.8,""mark"":176190722}}",5.372274593489619,0.2037674144678419,0.2071919967004717,0.2057694615895346,5.372274593489619,0.2037674144678419,0.2071919967004717,0.2057694615895346,-0.992586400000002,0.0462188399999972,-0.0093910800000013,-2.021432559999984,-0.8272162799999917,0.8887770399999916,-31.0,36.43907852000014,-39.0,100.0,34.364391080000004,69.37437648002147,45.66414648001413,47.42046000001467,47.42046000001467,145.7740060400451,1803.7828530800675,-1.0157768000000005,-0.0813861999999996,0.0311270800000015,5.7339203200000295,1.4627958799999974,2.0960680800000007,-3.4726661599998367,13.890664199999346,-83.34398563999608,100.0,32.42218072,104.96262203998968,71.23129675999265,77.504778799992,42.47783699999564,173.17538031998205,2033.868432080085,-0.9696595599999944,-0.0460797199999991,0.0283151599999996,-5.294788079999945,-8.111506160000037,0.4320950799999891,-13.33307788,37.14565716000004,66.47873460000005,100.0,32.65042564,108.6531758399902,2.6063272399997683,2.085062279999814,2.085062279999814,5.7339208799994905,1975.697267640078,-0.9851950799999936,0.2885616000000083,0.0024881999999959,1.5369847600003448,2.1381003600001875,1.2091110799999802,11.94241352000037,15.275751199999895,9.910295640000529,100.0,40.37764116,82.30772640000188,99.72076796000196,71.4417440800014,54.573554760001066,201.16578528000403,2348.92039028008,-0.99819356,-0.0107401200000001,0.0080030000000044,0.3799686800000063,1.6627774000000046,5.005,8.25111687999994,-14.0,24.757747439999925,100.0,33.63484484,100.83046916000764,57.23084040000162,51.31040860000145,61.17779468000173,164.78535120000467,1513.247631160046,-0.9755670399999994,0.106607480000004,-0.0237646400000008,2.850740319999999,1.6724800799999977,4.151615359999996,-7.0,30.0,37.0,100.0,33.08427784,110.860023119993,2.5662039599998376,2.5662039599998376,2.05296331999987,6.15889007999961,1883.6617924000475,886,X1.3075 Y1.6042
16:24:51.021,5,890,1.31012,1.52657,-0.125,80.83809,55.6602,-29.1675,,558.8,0,0,,2,1,"{""sr"":{""mpox"":80.83809,""mpoy"":55.6602,""mpoz"":-29.1675,""mpoa"":0,""posx"":1.31012,""posy"":1.52657,""posz"":-0.125,""posa"":0,""unit"":0,""stat"":5,""coor"":2,""momo"":1,""dist"":0,""home"":1,""mots"":1,""plan"":0,""line"":890,""path"":2,""frmo"":2,""prbe"":1,""safe"":0,""estp"":0,""spc"":1,""hold"":0,""macs"":5,""cycs"":1,""sps"":12000,""feed"":558.8,""mark"":176190722}}",5.310165972498012,0.1975948522705496,0.1982381475352571,0.1975515867457409,5.310165972498012,0.1975948522705496,0.1982381475352571,0.1975515867457409,-0.9917164,0.044,-0.0035827200000003,-1.7964152000000084,-0.8984240000000042,0.9234531999999832,-31.0,37.0,-39.0,100.0,34.36716544,110.34356040001045,75.23424576000713,77.38379568000732,77.38379568000732,237.1670035200225,1303.2678668799997,-1.0034167200000004,-0.0745104799999999,0.0160931999999999,5.2060535999999695,1.9120696,2.0137546399999944,-4.0,17.0,-95.50201136000004,100.0,32.42501984,67.81447847999557,55.82289375999636,61.19843207999601,33.08023327999784,136.04246007999114,1216.541485680004,-1.0039367599999989,-0.0309099199999996,0.0208929199999994,-4.768401520000018,-8.297618319999996,0.2834573200000154,-13.0,38.0,67.38835216000007,100.0,32.65333212,88.18924979999525,2.130175039999885,1.704140319999908,1.704140319999908,4.686385239999748,1442.0035395200102,-0.9530895999999972,0.188040320000002,-0.0157878800000012,-0.8022842400001627,0.3849555200000766,1.311459399999994,10.666534879999968,2.915038479999516,7.884238720000236,100.0,40.38666568,87.31569612000084,103.848846080001,73.8825122000007,56.83270200000054,209.247674600002,1591.3935953600355,-1.0032220000000005,-0.0128246399999997,-0.0092720799999996,0.4428136800000058,2.129357240000003,4.879436159999992,9.0,-14.0,25.32216832000003,100.0,33.642008319999995,118.19350960000163,60.14271492000083,54.38993384000075,64.8495361600009,174.15238420000242,1049.9787045600087,-1.0044279999999994,0.1248994399999999,-0.0164754400000001,2.807676360000002,1.843949880000004,4.124484280000012,-6.446926319999983,31.0,37.44692631999998,100.0,33.07446928,97.15597599999644,2.6815556399999028,2.234629599999919,1.7877039999999351,5.3631112799998055,1079.3419946800022,890,X1.3114 Y1.5188
16:24:51.278,5,895,1.34259,1.4381,-0.125,81.66284,53.4129,-29.1675,,558.8,0,0,,2,1,"{""sr"":{""mpox"":81.66284,""mpoy"":53.4129,""mpoz"":-29.1675,""mpoa"":0,""posx"":1.34259,""posy"":1.4381,""posz"":-0.125,""posa"":0,""unit"":0,""stat"":5,""coor"":2,""momo"":1,""dist"":0,""home"":1,""mots"":1,""plan"":0,""line"":895,""path"":2,""frmo"":2,""prbe"":1,""safe"":0,""estp"":0,""spc"":1,""hold"":0,""macs"":5,""cycs"":1,""sps"":12000,""feed"":558.8,""mark"":176190722}}",5.329777321424388,0.2081858489275062,0.2071125094066585,0.2036941592796937,5.329777321424388,0.2081858489275062,0.2071125094066585,0.2036941592796937,-0.998,0.0434393799999995,-0.0078777599999991,-2.005443399999993,-0.8712535000000131,0.9684433999999934,-31.0,36.85972923999989,-39.0,100.0,34.37,21.321174900016363,14.728443340011276,15.008985000011508,15.149255760011608,46.42966374003563,1491.2580118199833,-1.0102121000000002,-0.0719908600000003,0.0282560599999981,5.457896139999978,1.8475298599999987,2.0331169200000008,-4.0,17.0,-94.60178327999992,100.0,32.41754024,116.47163355999216,85.67761761999431,94.69631387999372,50.28943355999669,209.4050082399861,1444.2502358600193,-1.0076119799999992,-0.0259015200000001,0.0225184799999991,-4.811891740000087,-8.624405359999919,0.2740603400000393,-13.424722780000073,38.0,65.47077620000012,100.0,32.65621314,127.51086439999258,3.106651339999816,2.485320699999853,2.485320699999853,6.834633179999596,1660.1370045600186,-0.9756107199999954,0.201587660000018,-0.0168897599999961,0.4536267599999657,-0.3824834999999837,1.346401659999999,11.718759999999842,15.075157600000058,-5.398739339999536,100.0,40.38924848,76.95498932000132,94.89541626000164,67.51265916000116,51.93281508000089,190.7350651800033,1745.9003644000445,-1.0069540399999994,-0.0071116600000008,-0.0030506800000009,0.3540589599999877,1.8776978400000104,4.9203035600000025,9.0,-14.53452671999999,25.46547328000001,100.0,33.64923,97.41371942000475,53.52944938000122,48.40924114000111,57.2532370600013,154.53719162000354,1254.797173080014,-1.0119152400000009,0.125971139999999,-0.0110189399999993,2.9538136999999827,1.6547573600000116,4.0318260799999965,-7.0,30.412072540000025,38.26260408000001,100.0,33.08761406,127.58018273999434,2.93963529999987,2.93963529999987,2.351708699999896,7.055125379999687,1402.498111660011,895,X1.3538 Y1.4206
16:24:51.535,5,899,1.40362,1.36686,-0.125,83.21308,51.60348,-29.1675,,558.8,0,0,,2,1,"{""sr"":{""mpox"":83.21308,""mpoy"":51.60348,""mpoz"":-29.1675,""mpoa"":0,""posx"":1.40362,""posy"":1.36686,""posz"":-0.125,""posa"":0,""unit"":0,""stat"":5,""coor"":2,""momo"":1,""dist"":0,""home"":1,""mots"":1,""plan"":0,""line"":899,""path"":2,""frmo"":2,""prbe"":1,""safe"":0,""estp"":0,""spc"":1,""hold"":0,""macs"":5,""cycs"":1,""sps"":12000,""feed"":558.8,""mark"":176190722}}",5.308224003920569,0.1997517829908731,0.2020963152133757,0.2026164989185131,5.308224003920569,0.1997517829908731,0.2020963152133757,0.2026164989185131,-0.991019,0.037027,-0.01508,-2.075,-1.099,1.037533,-31.0,36.996168,-37.003832,100.0,34.37,145.440537,105.593815,106.589983,106.589983,328.735461,1317.279731,-1.002299,-0.076393,0.038564,5.456503,1.678759,2.014,-4.0,16.700848,-95.299152,100.0,32.437008,58.933029,39.488121,43.676255,23.33389,96.925388,1660.062668,-0.988692,-0.034667,0.003667,-5.33002,-8.09798,0.426866,-14.0,38.0,67.0,100.0,32.65,68.848328,1.663003,1.330402,1.330402,3.658607,1818.289319,-0.937929,0.444765,-0.00671,7.483129,0.647129,1.366871,10.072447,3.898457,3.34798,100.0,40.395362,86.868182,107.780893,76.679939,58.984568,217.170455,2051.74944,-1.004941,-0.012804,-0.005215,0.66144,1.626474,4.977491,4.058648,-6.313453,11.724984,100.0,33.65,112.55301,63.139494,57.100064,67.531806,182.830012,1342.27303,-1.017901,0.130141,-0.009141,2.831191,1.831,4.051191,-7.0,31.0,37.0,100.0,33.076198,83.261067,1.900938,1.900938,1.52075,4.56225,1692.115124,899,X1.4137 Y1.3587
16:24:51.791,5,903,1.48536,1.32057,-0.125,85.28936,50.4278,-29.1675,,558.8,0,0,,2,1,"{""sr"":{""mpox"":85.28936,""mpoy"":50.4278,""mpoz"":-29.1675,""mpoa"":0,""posx"":1.48536,""posy"":1.32057,""posz"":-0.125,""posa"":0,""unit"":0,""stat"":5,""coor"":2,""momo"":1,""dist"":0,""home"":1,""mots"":1,""plan"":0,""line"":903,""path"":2,""frmo"":2,""prbe"":1,""safe"":0,""estp"":0,""spc"":1,""hold"":0,""macs"":5,""cycs"":1,""sps"":12000,""feed"":558.8,""mark"":176190722}}",5.147232963840955,0.2012021293544386,0.2039357197645586,0.2121981937214119,5.147232963840955,0.2012021293544386,0.2039357197645586,0.2121981937214119,-0.9809228800000002,0.0352989199999999,0.0027018000000002,-1.931010479999998,-1.0525944400000014,0.9622996399999986,-31.87929071999999,36.12022460000001,-38.11951532000001,100.0,34.35880972,19.1050463200018,12.743788000001198,12.86401260000121,12.86401260000121,39.67405704000373,1799.3372251599994,-1.01077908,-0.06816392,0.0173772799999998,5.342378719999999,1.8731161599999973,1.99270596,-3.083683800000008,16.916316199999994,-94.34908388,100.0,32.40349096,117.1649529999992,85.2700485199994,95.03379455999936,50.12056319999965,209.59508195999857,1512.075740799998,-1.0087246799999998,-0.0016315199999999,0.02580244,-5.373339519999998,-8.2015822,0.3610820399999995,-14.0,38.0,66.34021032000001,100.0,32.65629764,130.36725955999918,3.148967759999981,2.5191740799999844,2.5191740799999844,6.9277284399999575,1696.022007439998,-0.8804679999999998,0.1970489200000024,-0.0505331599999998,1.4999774800000183,1.384391040000014,1.19534112,9.57667563999999,2.322793920000004,4.549941079999944,100.0,40.39529112,77.66178724000014,95.18304372000016,67.71729020000011,52.09022320000009,191.78673056000036,1791.7007225200005,-1.00456752,-0.01438524,0.0197152799999995,0.4485705999999994,1.772208400000002,4.91113376,9.0,-14.0,25.46120332,100.0,33.64538764,81.63299812000021,53.03838816000013,47.96515152000012,57.18921904000015,153.5807245200004,1525.1399381600002,-1.0140931999999998,0.1041216000000004,0.0034634399999999,2.7667078000000007,1.7672146799999997,4.022429479999999,-6.589413999999997,31.0,37.04566024,100.0,33.08,127.45042943999944,2.9470708799999863,2.9470708799999863,2.3576568799999893,7.072969759999968,1569.3265985199982,903,X1.4901 Y1.3188
16:24:52.050,5,908,1.57818,1.30522,-0.125,87.6469,50.03783,-29.1675,,558.8,0,0,,2,1,"{""sr"":{""mpox"":87.6469,""mpoy"":50.03783,""mpoz"":-29.1675,""mpoa"":0,""posx"":1.57818,""posy"":1.30522,""posz"":-0.125,""posa"":0,""unit"":0,""stat"":5,""coor"":2,""momo"":1,""dist"":0,""home"":1,""mots"":1,""plan"":0,""line"":908,""path"":2,""frmo"":2,""prbe"":1,""safe"":0,""estp"":0,""spc"":1,""hold"":0,""macs"":5,""cycs"":1,""sps"":12000,""feed"":558.8,""mark"":176190722}}",5.21002891793432,0.1925762638201908,0.1962781790374224,0.2010964811401664,5.21002891793432,0.1925762638201908,0.1962781790374224,0.2010964811401664,-0.9899031,0.0389577000000006,0.0014394999999983,-1.7698325,-0.9824645999999948,0.9951052000000016,-31.9999109,36.9971608,-38.29423180000003,100.0,34.3600287,109.46942959999556,73.908454999997,74.60570459999697,74.60570459999697,230.09236049999063,1595.2648912000109,-1.0117072999999996,-0.0701197000000001,0.0017627,5.400145600000001,1.8696675000000005,2.0747649000000035,-3.21001230000002,16.21001230000002,-94.84197520000004,100.0,32.4121196,59.51048840000136,55.27556950000148,61.60483330000165,32.49022060000087,135.44624230000363,1816.269131600008,-0.9923171000000012,-0.0158983999999989,0.0124300000000004,-5.134991000000005,-8.313114699999996,0.3577739000000011,-10.627674999999744,29.5870521999993,53.344329399998735,100.0,32.6529769,89.97543840000199,2.162871300000048,1.7302971000000382,1.7302971000000382,5.190891000000115,1949.1613846000064,-0.9869527999999976,0.2248870999999986,-0.0576594999999996,3.0735717999999728,2.5702158999999543,1.1589535000000035,8.0,-1.754684800000238,-8.787973899999756,100.0,40.3913848,83.81775919999966,103.35809589999955,74.04759119999969,57.07835139999976,208.77306929999912,2325.5023178000115,-0.9931746,-0.0065719999999997,-0.0171207999999999,0.427,2.1900177000000025,4.988595999999999,9.0,-14.383382299999983,26.86554089999999,100.0,33.65,100.09227669999916,59.686184099999686,53.8554733999997,64.34675389999965,173.61122349999906,1641.5226513999996,-1.0181508,0.0983295999999996,0.0035205999999997,2.808,1.7159279000000007,4.036108700000002,-6.0,30.56646410000001,37.54710899999999,100.0,33.07,97.82443490000148,2.2644543000000343,2.2644543000000343,1.8115633000000275,5.434690600000082,1575.6775707000031,908,X1.5969 Y1.306
16:24:52.307,5,912,1.67055,1.32285,-0.125,89.99311,50.48563,-29.1675,,558.8,0,0,,2,1,"{""sr"":{""mpox"":89.99311,""mpoy"":50.48563,""mpoz"":-29.1675,""mpoa"":0,""posx"":1.67055,""posy"":1.32285,""posz"":-0.125,""posa"":0,""unit"":0,""stat"":5,""coor"":2,""momo"":1,""dist"":0,""home"":1,""mots"":1,""plan"":0,""line"":912,""path"":2,""frmo"":2,""prbe"":1,""safe"":0,""estp"":0,""spc"":1,""hold"":0,""macs"":5,""cycs"":1,""sps"":12000,""feed"":558.8,""mark"":176190722}}",5.080434320537896,0.2014828341532449,0.2026544068619624,0.2019694920408488,5.080434320537896,0.2014828341532449,0.2026544068619624,0.2019694920408488,-0.9938703999999996,0.0353392799999972,0.0030700000000013,-1.918776159999991,-1.011211440000009,0.8813443999999908,-31.00052472,36.56136684000015,-38.439999999999856,100.0,34.36559496,68.86692319997692,46.05696831998456,47.37181791998412,47.37234207998413,146.06367335995105,1636.7214389999074,-1.0036559999999997,-0.0853493600000008,0.0352021599999942,5.272455760000043,1.98774263999998,2.02712840000001,-3.832031919999956,16.691595640000106,-95.21522364000016,100.0,32.413083959999994,55.50455340000628,69.64250628000788,76.97329600000872,41.36660152000468,170.7026841200193,1550.5724421200105,-0.9685385999999944,-0.0236127600000006,0.0144142800000035,-5.018184999999982,-8.172390320000009,0.4425635999999879,-14.0,36.7058529600001,67.33314664,100.0,32.65813632,109.09493560001042,2.597498840000248,2.0779987600001983,2.0779987600001983,6.233996280000596,2078.378768240013,-0.9859517999999956,0.3354203199999733,-0.0487456800000021,6.310574319999803,1.3011292400002177,1.2400594400000062,9.002065600000387,-3.294692680000831,-2.510222079998873,100.0,40.3789358,79.12429783999823,99.39989899999776,70.71734099999841,54.39795475999878,200.28337867999556,2308.637604040063,-1.0021358799999989,-0.0076576400000019,0.008256759999999,0.3894564799999901,1.96653776,5.016366159999994,9.494067679999985,-14.0,26.0,100.0,33.64,84.4856271999975,57.80595583999829,52.37120791999845,62.25256739999816,168.477186279995,1542.07516612003,-1.0092901199999988,0.1440669200000056,-0.0138572000000017,2.93,1.6794274800000022,3.97450907999998,-5.832818480000056,31.0,38.83281848000006,100.0,33.06682396,112.14817436000784,2.5760405200001784,2.0608324400001425,2.0608324400001425,5.667288680000392,1743.07262564003,912,X1.6807 Y1.3267
16:24:52.564,5,916,1.75149,1.37103,-0.125,92.04907,51.70929,-29.1675,,558.8,0,0,,2,1,"{""sr"":{""mpox"":92.04907,""mpoy"":51.70929,""mpoz"":-29.1675,""mpoa"":0,""posx"":1.75149,""posy"":1.37103,""posz"":-0.125,""posa"":0,""unit"":0,""stat"":5,""coor"":2,""momo"":1,""dist"":0,""home"":1,""mots"":1,""plan"":0,""line"":916,""path"":2,""frmo"":2,""prbe"":1,""safe"":0,""estp"":0,""spc"":1,""hold"":0,""macs"":5,""cycs"":1,""sps"":12000,""feed"":558.8,""mark"":176190722}}",5.329140281022389,0.2001737834841685,0.2006440809185903,0.1992704689794844,5.329140281022389,0.2001737834841685,0.2006440809185903,0.1992704689794844,-0.9894913999999996,0.0451369400000011,-0.0012898400000018,-1.7251264600000074,-0.9867124399999952,0.9611029199999928,-31.57974247999996,36.58162749999996,-38.83674500000008,100.0,34.37000232,61.120804980005786,43.11866882000408,45.21207860000428,45.63070862000432,139.82253858001326,1956.4444424399903,-1.0198227399999995,-0.0842166600000001,0.0521176399999989,5.346305340000002,1.8767850600000031,2.075,-1.7185745399999643,9.024476979999733,-50.83572995999847,100.0,32.40747958,46.25656433999876,74.06717851999775,79.50171443999761,44.33949069999864,178.3928963199946,2078.044936379988,-1.0104737199999998,0.0139092200000004,0.0164660600000005,-5.275533259999987,-8.367524980000011,0.3215940399999919,-14.33379098,36.473071380000015,66.86071959999998,100.0,32.652484,111.18194485999716,2.634643099999933,2.1077144799999465,2.1077144799999465,6.323143859999839,2232.8164715399853,-0.9165405399999988,0.4044882200000058,-0.0364291999999994,3.719886899999933,1.1474852000000793,1.172295640000003,9.900947040000084,-8.6249149399999,3.825995659999713,100.0,40.35764414,86.45483124000017,99.6855807800006,70.98558104000043,54.65627066000033,200.89999792000117,2474.6026558600065,-1.0096413000000002,-0.0138109799999999,0.0541436599999994,0.6367782200000079,1.7450404799999926,4.777759939999998,9.0,-14.0,25.27475409999997,100.0,33.64492774,72.93266336000062,58.90213432000048,52.98867500000043,63.33722856000052,171.28573230000137,1674.414021419989,-1.0441537799999994,0.0887322000000012,-0.0121165200000001,2.776772460000008,1.7201518399999969,3.980337139999995,-5.0,30.51791351999999,39.03881684000004,100.0,33.07739558,113.94095819999792,2.5895671799999525,2.0716536599999618,2.0716536599999618,5.697047459999896,2027.4398697999964,916,X1.7543 Y1.3733
16:24:52.821,5,920,1.81327,1.44258,-0.125,93.61817,53.52669,-29.1675,,558.8,0,0,,2,1,"{""sr"":{""mpox"":93.61817,""mpoy"":53.52669,""mpoz"":-29.1675,""mpoa"":0,""posx"":1.81327,""posy"":1.44258,""posz"":-0.125,""posa"":0,""unit"":0,""stat"":5,""coor"":2,""momo"":1,""dist"":0,""home"":1,""mots"":1,""plan"":0,""line"":920,""path"":2,""frmo"":2,""prbe"":1,""safe"":0,""estp"":0,""spc"":1,""hold"":0,""macs"":5,""cycs"":1,""sps"":12000,""feed"":558.8,""mark"":176190722}}",5.08060565529993,0.1890551146826114,0.1994458024955597,0.2059671720355211,5.08060565529993,0.1890551146826114,0.1994458024955597,0.2059671720355211,-0.986227879999999,0.03602924,-0.009385480000003,-1.8236648800000168,-0.9421654400000083,1.0548762399999958,-31.99691336,36.72024948000007,-37.8459237999998,100.0,34.37,105.42318384000995,70.99936832000672,76.73667148000727,78.88791024000747,240.2495442000228,1483.4239309199932,-1.0111727600000002,-0.0694887600000004,-0.0051031199999992,5.407807760000003,1.7497635599999946,2.0394273600000044,-3.0,16.08509395999998,-94.50193864000003,100.0,32.40331728,32.62442967999788,59.88028219999612,62.77105411999592,36.34113639999764,142.06080699999077,1814.65777592,-0.9833466800000008,-0.0222646399999979,-0.0069058000000003,-5.073682639999993,-8.045890760000002,0.3999115999999916,-13.481358160000044,36.0,65.57481012000002,100.0,32.64962712,88.43951791999525,2.125949839999886,1.7007599599999088,1.7007599599999088,5.102280159999726,1810.4952735999627,-1.0065276000000016,0.3020856400000077,-0.0018749199999984,5.869942640000331,1.1910925999999848,1.359265519999995,11.398578199999957,4.600812720000394,6.013546279999545,100.0,40.3451648,84.7046406400008,104.331325600001,74.3748066800007,57.33058028000055,210.212126360002,2303.640034040001,-1.00960164,-0.0131080800000001,0.0142265199999983,0.1463004799999979,2.0106518000000104,4.933523639999996,9.0,-13.674292159999968,25.84603332000004,100.0,33.65,91.57726736000116,62.9593717200008,56.715466800000726,68.16262568000087,183.67486020000237,1391.8153352400006,-1.0116684400000029,0.0883242000000005,-0.0086042799999998,2.923905679999996,1.7472592799999942,3.899905679999996,-5.172984559999958,30.827015440000043,38.272890080000025,100.0,33.07172984,96.75476183999646,2.2293726399999185,1.783497999999935,1.783497999999935,4.9046191999998205,1747.1149122799784,920,X1.8225 Y1.4571
16:24:53.078,5,923,1.85318,1.52786,-0.125,94.63185,55.69277,-29.1675,,558.8,0,0,,2,1,"{""sr"":{""mpox"":94.63185,""mpoy"":55.69277,""mpoz"":-29.1675,""mpoa"":0,""posx"":1.85318,""posy"":1.52786,""posz"":-0.125,""posa"":0,""unit"":0,""stat"":5,""coor"":2,""momo"":1,""dist"":0,""home"":1,""mots"":1,""plan"":0,""line"":923,""path"":2,""frmo"":2,""prbe"":1,""safe"":0,""estp"":0,""spc"":1,""hold"":0,""macs"":5,""cycs"":1,""sps"":12000,""feed"":558.8,""mark"":176190722}}",5.173643766276719,0.1987506245683074,0.2065241436285848,0.2185917721605891,5.173643766276719,0.1987506245683074,0.2065241436285848,0.2185917721605891,-0.9904355399999996,0.0384482999999995,0.0073046999999986,-1.7785322800000067,-0.9769643,1.0294956999999936,-31.0,36.86058491999989,-37.42013134000032,100.0,34.37,20.836169120016024,13.565333080010427,14.963821000011505,15.66306532001204,47.26889300003634,2109.6513462800003,-1.0002443199999986,-0.0687165400000004,0.0311393800000017,5.382133779999984,1.9124610600000067,2.048177699999993,-3.0,17.0,-94.95765601999996,100.0,32.40644952,80.76808661999365,97.30600275999343,99.92823241999332,58.65005921999605,226.9029223799848,1661.397687800003,-1.0173414000000045,-0.0613644399999961,0.0151280799999995,-5.6016429999999735,-7.658972160000055,0.649321639999967,-13.621198279999964,37.0,67.04642330000003,100.0,32.65471686,129.34845193999254,3.1059898199998184,2.4847923999998547,2.4847923999998547,6.833177919999599,2042.949110000044,-0.9085866999999872,0.449944420000007,-0.0047336200000053,3.2748511399997704,1.2685116199998083,1.246127020000012,12.285668659999985,-5.016741979999836,13.720738659999428,100.0,40.32,78.82977862000169,95.37676320000163,67.99135590000117,52.4100037400009,192.1700131400033,2171.111117120035,-0.9992711000000012,-0.0154895999999987,-0.0353805999999951,0.5852752599999931,1.9243555000000203,4.990171340000005,8.61128774000005,-13.92303891999994,25.07696108000006,100.0,33.65,95.13949484000332,57.20081802000124,51.22402998000116,61.468835720001394,165.70262710000372,1780.025914619996,-1.0535915600000003,0.1006581799999985,-0.0121315400000004,2.8331521600000014,1.6838478399999983,4.008138300000002,-5.913271119999933,30.58766393999997,38.32560717999996,100.0,33.08325596,127.52302355999436,2.93831869999987,2.350654759999896,2.350654759999896,6.464300339999713,1787.6953919999992,923,X1.8541 Y1.5306
16:24:53.336,5,927,1.86637,1.62094,-0.125,94.96687,58.05707,-29.1675,,558.8,0,0,,2,1,"{""sr"":{""mpox"":94.96687,""mpoy"":58.05707,""mpoz"":-29.1675,""mpoa"":0,""posx"":1.86637,""posy"":1.62094,""posz"":-0.125,""posa"":0,""unit"":0,""stat"":5,""coor"":2,""momo"":1,""dist"":0,""home"":1,""mots"":1,""plan"":0,""line"":927,""path"":2,""frmo"":2,""prbe"":1,""safe"":0,""estp"":0,""spc"":1,""hold"":0,""macs"":5,""cycs"":1,""sps"":12000,""feed"":558.8,""mark"":176190722}}",5.284032077503019,0.1994366241757957,0.1971553320000468,0.2002877145287037,5.284032077503019,0.1994366241757957,0.1971553320000468,0.2002877145287037,-1.0006673199999985,0.0365468400000022,-0.0082380600000009,-1.6436482799999823,-0.855474160000006,0.8569253800000118,-32.0,37.0,-38.04756314000019,100.0,34.37,133.74191017998683,93.71695847999077,104.45536021998971,109.33645237998924,330.93801045996736,1899.7680310399787,-0.9997489000000002,-0.0713206999999987,0.0257068799999988,5.6181151399999845,1.6675787000000064,2.0562735399999976,-3.693001939999961,16.013971200000068,-95.57208153999989,100.0,32.40427932,53.18007148000557,46.66363440000587,47.89162464000602,28.24377868000355,108.67714886001367,1720.727063500043,-0.9928232800000024,-0.0600187799999935,0.0270527600000003,-5.198295660000049,-8.293731279999967,0.4698866000000098,-14.0,37.01335930000006,67.0,100.0,32.6598664,71.16091920000662,1.7030535400001614,1.362442820000129,1.362442820000129,3.7467177800003553,1908.4602746400465,-0.8610104000000051,0.3112616800000026,-0.0206203000000002,1.940211820000012,1.8497730600001288,1.2873724800000048,12.37718167999993,7.657495620000442,12.472169259999486,100.0,40.32060152,87.68818335999882,107.48288857999862,77.002666719999,59.356222499999234,217.6394818199972,2615.5510017000065,-1.0105209199999998,-0.0112330199999996,-0.0021514599999966,0.5050156400000082,1.8304486599999972,4.943448659999997,8.461212660000053,-13.54782585999999,26.0,100.0,33.64470234,106.65426849999731,67.38255389999884,60.25178207999891,72.3039461999987,194.46002645999656,1525.3633187199953,-1.0050008600000002,0.1121624599999991,-0.0216936199999987,2.830999979999999,1.9136012199999923,4.0190685399999975,-5.992356559999963,30.99235655999996,38.60767153999994,100.0,33.07777058,83.861379580005,1.923426040000115,1.538741020000092,1.538741020000092,4.231537080000253,1578.6496248600067,927,X1.8664 Y1.6288
16:24:53.594,5,931,1.85043,1.71372,-0.125,94.56198,60.41368,-29.1675,,558.8,0,0,,2,1,"{""sr"":{""mpox"":94.56198,""mpoy"":60.41368,""mpoz"":-29.1675,""mpoa"":0,""posx"":1.85043,""posy"":1.71372,""posz"":-0.125,""posa"":0,""unit"":0,""stat"":5,""coor"":2,""momo"":1,""dist"":0,""home"":1,""mots"":1,""plan"":0,""line"":931,""path"":2,""frmo"":2,""prbe"":1,""safe"":0,""estp"":0,""spc"":1,""hold"":0,""macs"":5,""cycs"":1,""sps"":12000,""feed"":558.8,""mark"":176190722}}",5.192036454568257,0.2031474319020457,0.2144460815991559,0.2148765124102676,5.192036454568257,0.2031474319020457,0.2144460815991559,0.2148765124102676,-0.99691772,0.0433760799999998,-0.0003760799999998,-1.4319823999999968,-0.7709886599999979,1.026993919999999,-31.0,37.639153959999966,-39.18042302000002,100.0,34.38180456,23.09416976000218,17.501050500001654,19.305281700001824,20.20739780000191,60.80261788000575,1520.2745927800022,-1.0059652999999995,-0.0746407399999997,0.0091171999999998,5.295390960000003,1.8370529799999964,1.953,-3.0,16.247193919999997,-94.75280608,100.0,32.411255319999995,110.40150939999882,94.71947641999898,97.22860215999896,57.70987961999938,221.4302996199976,1432.5266195399993,-0.9936681199999996,-0.0427203799999993,0.0116401799999996,-5.733801939999991,-7.73101982,0.6502601799999979,-13.730489780000006,37.730489780000006,66.12048840000001,100.0,32.65581506,125.6602901399988,3.050006719999971,2.440005339999977,2.440005339999977,6.710015459999936,1496.4428274000022,-1.0089134599999994,0.2528789400000006,-0.0112626399999997,4.401272019999986,1.3946909800000031,1.1532286400000034,13.355496999999984,5.833236479999984,18.77231642000012,100.0,40.29561136,77.8715491800002,96.50339218000023,68.79449742000018,53.02909130000013,194.44000262000048,1802.4806150999975,-1.00876548,-0.0006409200000001,0.0173748400000001,0.1081330799999992,2.008032679999997,4.900744339999998,8.532972659999999,-13.46702734,25.838613079999984,100.0,33.663863,85.46594660000032,56.51027094000021,50.43891944000019,60.71351390000023,162.9924338000006,1339.448897559999,-1.02861496,0.1197807599999998,-0.0142047999999998,2.7645549600000003,1.7658203999999995,3.9185389800000014,-6.0,30.49314734000001,37.424628000000006,100.0,33.06493158,124.99276471999914,2.8768598199999795,2.301487819999984,2.301487819999984,6.904464279999951,1544.885375759995,931,X1.8477 Y1.7219
16:24:53.850,5,935,1.80633,1.79648,-0.125,93.442,62.51572,-29.1675,,558.8,0,0,,2,1,"{""sr"":{""mpox"":93.442,""mpoy"":62.51572,""mpoz"":-29.1675,""mpoa"":0,""posx"":1.80633,""posy"":1.79648,""posz"":-0.125,""posa"":0,""unit"":0,""stat"":5,""coor"":2,""momo"":1,""dist"":0,""home"":1,""mots"":1,""plan"":0,""line"":935,""path"":2,""frmo"":2,""prbe"":1,""safe"":0,""estp"":0,""spc"":1,""hold"":0,""macs"":5,""cycs"":1,""sps"":12000,""feed"":558.8,""mark"":176190722}}",5.358042921624532,0.1985224991090231,0.2017034675870151,0.196549481711233,5.358042921624532,0.1985224991090231,0.2017034675870151,0.196549481711233,-0.9858832999999998,0.0256974999999999,-0.0090480000000005,-1.7515537999999982,-0.9213588999999948,0.9344462000000016,-31.69760269999997,37.0,-39.0,100.0,34.39,101.15238409999588,68.36505919999723,74.64348289999697,76.73629099999688,232.99928419999057,1962.3318276999933,-0.9917471,-0.0616918999999999,0.0161045000000003,5.386880100000007,1.895113399999992,2.0045534,-3.0,16.788305300000008,-95.4217493,100.0,32.4257988,83.92803970000224,61.99873430000164,64.73928260000173,37.747350400001,146.56021800000389,1799.683292300017,-1.0222953999999995,-0.048175599999999,0.0264301000000002,-5.113001700000007,-8.24,0.3416060000000034,-13.22964129999999,38.0,67.17025849999996,100.0,32.6620004,88.97220860000196,2.148372100000048,1.7186974000000383,1.7186974000000383,4.726418200000106,2273.9582784000127,-0.9666618000000008,0.3499367000000045,-0.0006183999999986,2.0350435999999164,2.6516358999999934,1.1503508000000084,10.971586900000004,15.380813300000163,12.463485199999884,100.0,40.3062424,84.4287340999996,103.86970239999955,74.04572819999969,57.07691529999976,208.9062612999992,2169.192226400017,-1.0036461,-0.0087922000000002,0.0196150999999997,0.5391780999999974,1.621436600000005,4.9755983,8.0,-13.616507800000017,24.5179987,100.0,33.675179799999995,111.85335229999964,62.02533909999965,55.29135589999969,66.16932939999963,177.788038999999,1428.7642464000055,-1.0290364,0.0876859000000011,-0.0201136000000001,2.9576106,1.790794500000002,4.021068499999999,-6.5662660000000175,30.886368699999988,36.67989730000003,100.0,33.0833903,98.22175220000148,2.263174200000034,2.263174200000034,1.8105395000000275,5.431617800000082,1787.5603932000126,935,X1.8007 Y1.804
16:24:54.108,5,939,1.73816,1.86181,-0.125,91.71037,64.17527,-29.1675,,558.8,0,0,,2,1,"{""sr"":{""mpox"":91.71037,""mpoy"":64.17527,""mpoz"":-29.1675,""mpoa"":0,""posx"":1.73816,""posy"":1.86181,""posz"":-0.125,""posa"":0,""unit"":0,""stat"":5,""coor"":2,""momo"":1,""dist"":0,""home"":1,""mots"":1,""plan"":0,""line"":939,""path"":2,""frmo"":2,""prbe"":1,""safe"":0,""estp"":0,""spc"":1,""hold"":0,""macs"":5,""cycs"":1,""sps"":12000,""feed"":558.8,""mark"":176190722}}",5.265330707671689,0.1967373151193525,0.1885976219480208,0.1938990126494157,5.265330707671689,0.1967373151193525,0.1885976219480208,0.1938990126494157,-0.9899371400000004,0.0300457999999987,-0.0113127599999971,-1.7748510800000064,-1.070925540000003,0.916,-31.53976046000005,36.53976046000005,-38.53976046000005,100.0,34.39,75.01906515999167,46.94444583999479,49.70588353999448,50.16612307999444,152.799568019983,1797.2957566999753,-1.0110843799999991,-0.0765442999999996,0.0296406599999988,5.186059799999997,1.982722640000007,2.013903919999996,-3.0,16.51590292000002,-94.67779438000004,100.0,32.41161892,104.21240812000414,73.25822762000291,77.9013543600031,43.85175588000174,174.89112068000696,2156.354459419994,-0.9661872999999996,-0.0134029400000034,0.0001449199999999,-5.331638340000001,-8.256160779999993,0.4502008800000042,-9.149570040000466,26.22644766000131,45.72856272000229,100.0,32.656901899999994,105.12520138000362,2.5640290200000884,2.0512233400000706,2.0512233400000706,5.640864260000194,2091.756352319995,-0.8690205600000008,0.3159497000000128,-0.0662356199999997,6.107375639999932,0.1646285199999572,1.3347054200000046,11.52030478000002,10.710063640000314,20.86324725999973,100.0,40.30290736,86.78933363999933,99.68374847999924,70.91928345999946,54.55329561999958,200.85531431999848,2744.320770600011,-1.00517022,-0.0159277199999999,0.0213115200000004,0.5321277599999901,1.6184846599999916,4.8098490200000015,9.0,-14.0,24.800808420000035,100.0,33.667927240000004,81.83387823999917,58.02765895999941,52.07610413999947,61.995362839999366,166.6435341999983,1741.1541588399791,-0.9777915199999994,0.1299246799999999,-0.0167732000000006,2.97906934,1.7426597600000038,4.087736279999998,-6.5103602000000125,30.48963979999999,37.0,100.0,33.07664498,110.39841686000273,3.062160580000074,2.551800920000062,2.041440720000049,6.1243221600001485,2156.835597479989,939,X1.7287 Y1.8684
16:24:54.374,5,943,1.65376,1.90306,-0.125,89.56671,65.22304,-29.1675,,558.8,0,0,,2,1,"{""sr"":{""mpox"":89.56671,""mpoy"":65.22304,""mpoz"":-29.1675,""mpoa"":0,""posx"":1.65376,""posy"":1.90306,""posz"":-0.125,""posa"":0,""unit"":0,""stat"":5,""coor"":2,""momo"":1,""dist"":0,""home"":1,""mots"":1,""plan"":0,""line"":943,""path"":2,""frmo"":2,""prbe"":1,""safe"":0,""estp"":0,""spc"":1,""hold"":0,""macs"":5,""cycs"":1,""sps"":12000,""feed"":558.8,""mark"":176190722}}",5.199058043975214,0.1935578196290021,0.1998619243497745,0.2008716192862913,5.199058043975214,0.1935578196290021,0.1998619243497745,0.2008716192862913,-1.0039916400000013,0.0446552600000017,-8.359999998674628e-06,-1.8784154200000045,-0.8404154200000045,0.9905845799999956,-31.777297300000075,36.77729730000007,-36.668108099999785,100.0,34.392227299999995,33.62811939998889,23.161088599992357,24.05190017999204,24.05190017999204,73.71461943997562,1497.406480460006,-1.0090922000000009,-0.0710247200000005,0.0177092400000001,5.410227660000009,1.7936763400000086,2.0709867600000016,-1.3569229799998443,7.302714419999148,-43.03502709999505,100.0,32.4206578,127.88896938000632,82.40407810000393,90.8612568600044,49.21021144000234,201.48554746000968,1810.3895661199867,-1.0185809000000003,-0.0174250399999981,0.0119744999999985,-5.60973100000001,-8.058785960000028,0.5556057599999911,-13.522927600000047,38.40405219999997,67.92697980000003,100.0,32.64550106,123.21514308000522,2.979738660000125,2.3837906400001,2.3837906400001,6.555425120000275,2064.874799919981,-0.9408042400000012,0.2153074600000055,-0.0587983599999992,5.314083120000079,0.3066115199999732,1.3059488199999931,9.559819399999943,12.010507860000082,14.415410919999523,100.0,40.29244758,78.45066459999896,96.7231545599989,68.72907549999925,52.86851987999942,194.77022725999785,2033.1554284599797,-1.0049039199999998,-0.009407759999999,0.0102702399999986,0.2403157200000137,1.9498220999999991,4.883,5.829874859999699,-8.542648299999525,15.66805055999916,100.0,33.67121726,90.82032961999786,54.626433239999095,48.93898499999919,58.29634753999908,156.64827169999745,1350.5045688399937,-1.0084285200000005,0.1168501200000012,-0.0064096800000008,2.9500664600000044,1.716989080000002,4.080352680000008,-7.0,30.434512459999983,36.298148760000025,100.0,33.0783824,122.1452729000038,3.392924120000105,2.827437360000088,2.26194960000007,6.7858482400002105,1628.5487464799917,943,X1.6371 Y1.908
16:24:54.626,5,946,1.5606,1.9178,-0.125,87.20037,65.59736,-29.1675,,558.8,0,0,,2,1,"{""sr"":{""mpox"":87.20037,""mpoy"":65.59736,""mpoz"":-29.1675,""mpoa"":0,""posx"":1.5606,""posy"":1.9178,""posz"":-0.125,""posa"":0,""unit"":0,""stat"":5,""coor"":2,""momo"":1,""dist"":0,""home"":1,""mots"":1,""plan"":0,""line"":946,""path"":2,""frmo"":2,""prbe"":1,""safe"":0,""estp"":0,""spc"":1,""hold"":0,""macs"":5,""cycs"":1,""sps"":12000,""feed"":558.8,""mark"":176190722}}",5.08315933722518,0.1959214081843719,0.203872635134584,0.2038215123452414,5.08315933722518,0.1959214081843719,0.203872635134584,0.2038215123452414,-0.99828018,0.0362606400000001,0.0223184399999995,-1.798051359999997,-0.8938542999999979,0.916,-31.180046060000016,37.0,-37.0,100.0,34.39,121.35321631999749,86.91514141999818,86.91514141999818,87.73509617999818,268.9449663999944,2143.2213295200004,-1.00550324,-0.0669059199999998,0.0287018000000001,5.613857379999997,1.411511920000008,1.961536800000004,-3.626262419999993,16.054250920000005,-94.62626242,100.0,32.42891496,72.87883186000131,48.58588736000088,54.565689000000994,28.404057420000512,119.96976872000218,1649.0203630000049,-1.0177194599999986,-0.0346442999999988,-0.0065618799999995,-4.864672140000008,-8.3081688,0.4496166199999982,-13.0,38.0,67.4520555,100.0,32.64119322,80.44060872000117,1.9619658200000287,1.569573220000023,1.569573220000023,4.316325240000063,2015.6728610399991,-0.8750854400000007,0.3912959999999986,-0.0146114400000007,4.692606179999948,0.4198081399999895,1.2294083399999978,9.240042860000017,14.863736900000054,-5.856392499999994,100.0,40.31,85.3445379399998,105.76439653999977,75.39640155999982,57.59447371999986,212.57596603999949,2138.543909360004,-1.01290914,-0.00315062,0.02107928,0.3375533999999979,2.221113939999998,4.856447160000001,8.633878200000007,-14.90070731999999,25.09929268000001,100.0,33.67900712,101.03664193999964,60.942736219999794,54.52771135999981,65.21941945999977,175.3440132199994,1990.4116993399955,-1.0393609799999994,0.0995464400000007,-0.0138976199999999,2.8270313799999998,1.7186627200000002,4.030878339999999,-7.0,30.0,37.04719192,100.0,33.077352420000004,91.6355847600009,2.5392541000000244,2.11604528000002,1.6928364600000163,5.078508380000049,1804.834145520001,946,X1.5606 Y1.9178
16:24:54.879,5,950,1.46708,1.90452,-0.125,84.82492,65.26003,-29.1675,,558.8,0,0,,2,1,"{""sr"":{""mpox"":84.82492,""mpoy"":65.26003,""mpoz"":-29.1675,""mpoa"":0,""posx"":1.46708,""posy"":1.90452,""posz"":-0.125,""posa"":0,""unit"":0,""stat"":5,""coor"":2,""momo"":1,""dist"":0,""home"":1,""mots"":1,""plan"":0,""line"":950,""path"":2,""frmo"":2,""prbe"":1,""safe"":0,""estp"":0,""spc"":1,""hold"":0,""macs"":5,""cycs"":1,""sps"":12000,""feed"":558.8,""mark"":176190722}}",5.4167807504414975,0.2136413133053384,0.207567538856616,0.202016022965331,5.4167807504414975,0.2136413133053384,0.207567538856616,0.202016022965331,-0.99467584,0.0495185199999999,0.0044078399999989,-1.709,-0.8078052000000014,0.9306848000000012,-31.0,37.0,-36.120366120000014,100.0,34.39,18.054871560001697,12.879142080001214,12.638409840001191,12.758775960001204,39.3596202000037,1754.9055927600043,-1.00686,-0.0860290799999999,0.0059032400000004,5.448092599999998,1.8101433200000003,2.0374011200000006,-3.616373999999992,17.0,-94.0363876,100.0,32.42616352,121.52287863999918,82.93715071999944,94.03410271999934,47.68800751999967,203.7708792799986,1789.4856481999975,-0.9392715200000004,-0.0218882400000004,0.0139101599999999,-5.314063440000003,-8.064995719999999,0.4660418799999997,-13.960331839999997,38.0,67.59058912,100.0,32.65181136,129.24240771999922,3.1512865199999807,2.5210292399999847,2.5210292399999847,6.932830319999957,1938.3652638399967,-0.9472614,0.3014163599999999,-0.0276360399999997,2.8105024400000302,1.499630159999981,1.1182836000000014,10.748268599999983,6.993075519999934,4.70252460000006,100.0,40.31406296,78.20606920000016,95.08805620000015,67.78554520000013,52.2513577600001,191.58831104000035,1968.7706898000013,-1.00639212,-0.0052228799999999,0.0118073600000001,0.321726240000001,1.77,4.99419228,8.604130240000005,-14.538188559999998,25.46181144,100.0,33.67395912,85.03907964000025,52.18472516000013,47.10479668000011,56.34103076000014,151.4742470000004,1482.9225941200018,-1.01363936,0.1651787600000002,-0.01933276,2.9255337200000007,1.5757578800000012,4.016757880000001,-6.0,30.332962079999994,37.40729248,100.0,33.0859268,129.8029900799994,3.5562461199999835,2.9635385999999864,2.370831079999989,7.112492239999967,1492.7288764000004,950,X1.4567 Y1.9016
16:24:55.136,5,954,1.38113,1.86599,-0.125,82.64187,64.28137,-29.1675,,558.8,0,0,,2,1,"{""sr"":{""mpox"":82.64187,""mpoy"":64.28137,""mpoz"":-29.1675,""mpoa"":0,""posx"":1.38113,""posy"":1.86599,""posz"":-0.125,""posa"":0,""unit"":0,""stat"":5,""coor"":2,""momo"":1,""dist"":0,""home"":1,""mots"":1,""plan"":0,""line"":954,""path"":2,""frmo"":2,""prbe"":1,""safe"":0,""estp"":0,""spc"":1,""hold"":0,""macs"":5,""cycs"":1,""sps"":12000,""feed"":558.8,""mark"":176190722}}",5.2724583280757145,0.1982452256212507,0.1956690901745638,0.1959805260442258,5.2724583280757145,0.1982452256212507,0.1956690901745638,0.1959805260442258,-0.9929999,0.0605970999999981,0.0351103199999959,-1.5895820400000118,-0.978292520000006,0.8566070600000119,-31.32322267999692,36.21744385999643,-39.15389625999615,100.0,34.39,155.63762955998467,104.73702695998968,102.77932541998987,103.7581766799898,320.0841864999685,2164.4476118599614,-1.02208006,-0.0956201399999995,0.0240967600000004,5.267734120000003,1.8221749200000152,2.014,-3.9860316599999326,17.0,-95.69287935999996,100.0,32.42986032,50.59097034000451,38.404091200004885,43.91830132000552,22.112710980002777,95.20750600001196,2021.1640081599612,-1.0392477999999954,-0.011420940000005,0.0076300799999991,-5.4537696200000045,-7.909436139999982,0.4122651800000255,-13.678437500000031,37.32156249999997,66.98666429999993,100.0,32.67008616,70.32866896000688,1.6744919600001635,1.3395937600001309,1.3395937600001309,4.018781280000392,2000.1848927599697,-0.9434521200000012,0.3771927799999739,-0.0336155800000009,3.250067059999757,1.803856400000177,1.2198657799999946,9.4319330400002,2.065964759999613,0.863865100000401,100.0,40.3252577,87.23745355999897,108.0871758599986,77.052243879999,59.39443811999923,217.7796074199972,2397.309346439931,-1.0017569,-0.0144343799999986,0.0400923199999986,0.2802784400000127,1.816681599999992,4.844508640000007,9.0,-14.450325380000011,26.009009600000045,100.0,33.6799099,105.83486981999688,62.66286989999888,56.616452939998986,67.06927353999885,181.40152771999684,1986.860771359964,-0.99741642,0.1109763999999995,-0.0018791399999992,2.7479324600000044,1.7465455199999986,4.064146819999992,-5.992356879999963,30.0,37.61549301999997,100.0,33.08607894,84.59143832000507,1.922532940000115,1.922532940000115,1.538025960000092,4.614078840000277,1613.2827459399984,954,X1.361 Y1.8523
16:24:55.394,5,957,1.30948,1.80507,-0.125,80.82183,62.73405,-29.1675,,558.8,0,0,,2,1,"{""sr"":{""mpox"":80.82183,""mpoy"":62.73405,""mpoz"":-29.1675,""mpoa"":0,""posx"":1.30948,""posy"":1.80507,""posz"":-0.125,""posa"":0,""unit"":0,""stat"":5,""coor"":2,""momo"":1,""dist"":0,""home"":1,""mots"":1,""plan"":0,""line"":957,""path"":2,""frmo"":2,""prbe"":1,""safe"":0,""estp"":0,""spc"":1,""hold"":0,""macs"":5,""cycs"":1,""sps"":12000,""feed"":558.8,""mark"":176190722}}",5.15965020854214,0.1995249663620227,0.197898718239268,0.2061191194971346,5.15965020854214,0.1995249663620227,0.197898718239268,0.2061191194971346,-0.9998164200000006,0.0529194599999999,-0.0100199999999998,-2.0530013799999978,-0.793,0.893896979999998,-32.0,37.179387280000014,-37.0,100.0,34.39000612,30.49582630000289,19.194431520001817,19.015044880001803,19.015044880001803,58.83900570000557,1615.727906939999,-1.0017904,-0.0831468999999998,0.0311590999999999,5.2724354400000015,1.938451760000008,2.029775360000001,-3.627293759999993,16.372706240000007,-94.75287004,100.0,32.42498302,63.98398745999931,79.66633773999914,90.33033529999904,45.79246131999951,196.34302069999788,1139.8522967800036,-1.014645919999999,-0.0139331,0.0037027799999998,-5.417890679999992,-7.904652920000005,0.5061635999999979,-13.730644760000006,36.87952581999999,66.14888105999998,100.0,32.65951024,127.52572961999878,3.050854719999971,2.440683959999977,2.440683959999977,7.32205123999993,1360.62847916,-0.9552091800000008,0.2327172599999994,-0.0689902799999995,6.239054839999987,2.2884222399999987,1.2552384800000005,7.328525220000044,7.094961379999985,-16.61281140000009,100.0,40.32522094,79.8060431600002,96.53186014000023,68.81479130000017,53.04473528000013,194.4973625400005,1466.1557055000033,-1.0030456,-0.00801514,-0.0206686599999998,0.732,1.5977263200000016,4.962704659999999,9.0,-14.0,24.54773392000001,100.0,33.6791963,93.94071066000036,53.74717322000021,48.606138680000186,57.95347352000022,156.56785110000058,1200.554649760002,-0.9849010600000004,0.0841892800000003,0.0103140999999999,2.8047304799999986,1.825926880000001,3.914342640000001,-5.0,31.0,38.50739139999999,100.0,33.07068382,125.65559055999913,2.87887231999998,2.810489419999973,2.303098019999984,6.333518759999955,1173.8607869399996,957,X1.3012 Y1.7959
16:24:55.652,5,960,1.25645,1.72674,-0.125,79.47489,60.74456,-29.1675,,558.8,0,0,,2,1,"{""sr"":{""mpox"":79.47489,""mpoy"":60.74456,""mpoz"":-29.1675,""mpoa"":0,""posx"":1.25645,""posy"":1.72674,""posz"":-0.125,""posa"":0,""unit"":0,""stat"":5,""coor"":2,""momo"":1,""dist"":0,""home"":1,""mots"":1,""plan"":0,""line"":960,""path"":2,""frmo"":2,""prbe"":1,""safe"":0,""estp"":0,""spc"":1,""hold"":0,""macs"":5,""cycs"":1,""sps"":12000,""feed"":558.8,""mark"":176190722}}",5.409948405523922,0.2008597773948362,0.2006453113909401,0.2026687154952244,5.409948405523922,0.2008597773948362,0.2006453113909401,0.2026687154952244,-0.9939397000000004,0.0386866599999998,-0.0046443600000002,-1.8294640400000115,-1.058707059999996,0.9367651999999962,-31.34237335999994,36.00097036,-37.65762664000006,100.0,34.39657624,102.08348668000964,69.81126922000658,70.46986622000665,70.47083658000665,217.9965380400205,1905.7780828600296,-1.0031194599999995,-0.0648185199999999,0.0322276200000006,5.579027860000012,2.092602860000002,2.028529899999997,-3.800629179999981,17.0,-94.43756495999996,100.0,32.41761796,29.24969645999912,57.160429519996654,63.88444741999636,33.73130585999802,140.29772381999192,1850.8314424000089,-1.0164166000000023,-0.0407576400000014,0.0231543000000005,-5.139267420000008,-8.30884887999999,0.3045796600000038,-13.0,36.0,65.22022286000002,100.0,32.66,94.16745011999558,2.2366748399998952,1.7893397999999163,1.7893397999999163,5.3680190799997485,2086.842473060012,-0.9133742000000046,0.1838819599999884,-0.0174949999999987,-0.6005508200001496,2.7854983000000937,1.260397539999998,11.197094700000063,-13.695815939999818,10.090005679999942,100.0,40.31157046,84.02933922000084,103.09975054000095,73.4517616400007,56.58307818000055,207.5359229600019,2551.023450699979,-1.0075773400000003,-0.0120215399999994,0.0169382799999994,0.3789438400000038,2.216978360000005,4.914484720000001,8.516147400000007,-14.151975239999972,26.0,100.0,33.6715198,116.42852268000294,60.02504050000073,54.34742208000066,65.1865115200008,175.42979722000214,1633.745537159998,-1.0297514999999982,0.1349991800000013,-0.0116368000000001,2.7858500800000097,1.660253120000002,3.929328079999997,-5.460807459999985,30.40922244000004,38.59077755999997,100.0,33.08512404,101.83850097999672,2.3040382999999256,1.8432308399999404,1.8432308399999404,5.068885059999836,1920.297074639996,960,X1.2561 Y1.7261
16:24:55.915,5,964,1.22671,1.63483,-0.125,78.71951,58.40981,-29.1675,,558.8,0,0,,2,1,"{""sr"":{""mpox"":78.71951,""mpoy"":58.40981,""mpoz"":-29.1675,""mpoa"":0,""posx"":1.22671,""posy"":1.63483,""posz"":-0.125,""posa"":0,""unit"":0,""stat"":5,""coor"":2,""momo"":1,""dist"":0,""home"":1,""mots"":1,""plan"":0,""line"":964,""path"":2,""frmo"":2,""prbe"":1,""safe"":0,""estp"":0,""spc"":1,""hold"":0,""macs"":5,""cycs"":1,""sps"":12000,""feed"":558.8,""mark"":176190722}}",5.267850472459335,0.2099120396609881,0.2044107400738509,0.2149664022883001,5.267850472459335,0.2099120396609881,0.2044107400738509,0.2149664022883001,-0.9894188,0.0390010000000008,-0.0049695999999985,-1.8921114,-0.9645774000000104,0.9403999999999966,-32.0,36.9997312,-37.0044628,100.0,34.3900028,93.31422440000884,62.21010920000589,64.6025268000061,65.20042980000616,199.78902780001889,2591.630803200041,-1.0177507999999995,-0.0799724000000008,0.0381772000000014,5.275671599999989,1.8639756000000012,2.006685200000001,-3.880085200000017,17.0,-94.57933219999995,100.0,32.4057934,26.64621679999868,62.48078379999689,67.99379419999663,37.21282019999815,151.60778439999245,1845.666799600003,-1.035273599999999,-0.0284809999999993,0.0217577999999994,-5.54645839999999,-7.881171800000016,0.6142777999999908,-13.399818400000038,36.0,66.39981840000004,100.0,32.6560176,99.09737479999596,2.804642599999886,1.869761799999924,1.869761799999924,5.609285599999772,2160.1440622000105,-0.9834290000000008,0.4604092000000095,0.0121134000000005,0.0090701999998248,1.1186987999999067,1.0341449999999963,9.050508400000048,-1.0505084000000486,-4.0,100.0,40.33,87.09097860000072,102.28126540000083,72.9133776000006,56.20406180000047,205.5752170000017,2130.0144520000035,-1.0011489999999996,-0.0066145999999999,0.0006844000000006,0.5382471999999868,1.639092600000006,4.957372799999998,9.0,-14.219224799999967,26.0,100.0,33.67,115.63365020000128,60.88674540000068,54.746905200000604,66.00327860000073,178.05535580000196,1879.4680432000168,-1.0223102000000022,0.1322713999999998,-0.0152555999999994,2.9021389999999974,1.77,3.9338610000000025,-5.0,31.0,39.01876839999994,100.0,33.0727736,103.39375499999716,2.3775151999999324,1.902011799999946,1.902011799999946,5.230533199999852,1524.9190980000135,964,X1.224 Y1.6192
16:24:56.173,5,967,1.22269,1.54058,-0.125,78.61745,56.01609,-29.1675,,558.8,0,0,,2,1,"{""sr"":{""mpox"":78.61745,""mpoy"":56.01609,""mpoz"":-29.1675,""mpoa"":0,""posx"":1.22269,""posy"":1.54058,""posz"":-0.125,""posa"":0,""unit"":0,""stat"":5,""coor"":2,""momo"":1,""dist"":0,""home"":1,""mots"":1,""plan"":0,""line"":967,""path"":2,""frmo"":2,""prbe"":1,""safe"":0,""estp"":0,""spc"":1,""hold"":0,""macs"":5,""cycs"":1,""sps"":12000,""feed"":558.8,""mark"":176190722}}",5.176587233001335,0.1951231787807927,0.199783845466783,0.1923709190444536,5.176587233001335,0.1951231787807927,0.199783845466783,0.1923709190444536,-0.98834932,0.0415216799999999,-0.0071356400000012,-1.8921292,-0.8717312399999959,0.9304581200000014,-32.0,36.24129228000002,-38.00211812,100.0,34.39241312,36.18325160000338,24.368402640002284,26.059566960002435,26.542151520002477,80.83291496000759,1990.2266543600056,-0.9915494399999998,-0.0680663199999996,0.0190530000000003,5.415939159999998,1.851163200000008,2.0793754400000006,-4.0,16.468919600000017,-95.92827024,100.0,32.405310879999995,33.54217747999947,86.58946815999867,90.95259855999862,52.3010212399992,205.34306187999687,2442.0779770400013,-0.9764227599999998,-0.0272029999999999,0.02277144,-5.500074119999984,-7.868865560000014,0.5626303199999954,-7.665572919999898,21.22773959999972,39.42855327999946,100.0,32.6630968,124.33951195999836,2.9482976399999608,2.3586377599999686,2.3586377599999686,7.075913279999905,2495.198700200003,-0.862657919999997,0.1685020400000052,-0.0350960000000016,2.0597694000000053,3.7903589200000014,1.0911519999999992,11.317571079999992,-7.890923840000089,16.846932880000015,100.0,40.316466,82.5636824800003,97.25072912000032,69.29031160000022,53.51045484000018,196.07634464000063,3180.8696415200134,-0.99506344,-0.0149963599999998,-0.0310675599999994,0.4411976399999999,1.853153119999997,4.831428839999999,9.0,-14.0,26.0,100.0,33.671321920000004,79.99366552000124,57.57250828000027,51.55584392000025,61.9616104800003,167.6468386800008,1671.438116560003,-1.0172830799999997,0.12351088,-0.0122347199999999,2.850684800000001,1.7186436400000031,3.924889680000001,-5.0,30.28789635999999,39.57579347999999,100.0,33.06287888,122.8303813199988,2.8172107599999725,2.253768159999978,2.253768159999978,6.19786311999994,2376.4274744400045,967,X1.2231 Y1.5348
16:24:56.429,5,971,1.24378,1.44904,-0.125,79.15326,53.69088,-29.1675,,558.8,0,0,,2,1,"{""sr"":{""mpox"":79.15326,""mpoy"":53.69088,""mpoz"":-29.1675,""mpoa"":0,""posx"":1.24378,""posy"":1.44904,""posz"":-0.125,""posa"":0,""unit"":0,""stat"":5,""coor"":2,""momo"":1,""dist"":0,""home"":1,""mots"":1,""plan"":0,""line"":971,""path"":2,""frmo"":2,""prbe"":1,""safe"":0,""estp"":0,""spc"":1,""hold"":0,""macs"":5,""cycs"":1,""sps"":12000,""feed"":558.8,""mark"":176190722}}",5.183988530899965,0.2017567501807585,0.2062129263792476,0.2042752233573318,5.183988530899965,0.2017567501807585,0.2062129263792476,0.2042752233573318,-0.98892036,0.0461597599999999,-0.01124016,-1.5943204800000006,-0.8320393199999979,1.038,-31.0,37.87999799999999,-39.0,100.0,34.41,132.87968507999827,86.2397957199989,94.15977671999876,97.67976871999876,297.4392953999962,1507.7996661999982,-1.00935204,-0.07513548,0.0339006399999999,5.370336120000002,1.8794781200000008,1.997895720000001,-3.963839679999997,16.650082639999994,-95.65008264,100.0,32.40386112,34.991713720000455,52.137653160000674,53.88723844000069,31.492542160000404,122.12107972000156,2140.8616088399976,-1.0312724,-0.0345923599999999,0.03266692,-5.275448039999999,-8.043221519999998,0.4423003599999995,-12.408624160000008,36.039450120000005,66.22220091999999,100.0,32.66039456,77.89579984000082,1.8458719600000195,1.4766979200000157,1.4766979200000157,4.430092760000046,1949.660537679996,-0.8621729600000005,0.2694209199999989,-0.0444778799999999,4.309824359999969,2.299309599999982,1.2351343599999995,11.145226320000036,6.368700880000022,-0.0336612400000492,100.0,40.29592208,88.17224559999985,106.65145923999984,76.02876303999987,58.60550507999991,214.88685087999968,2686.2576501199983,-1.00435876,-0.0122998,-0.00262352,0.2660674399999986,2.13195132,4.88704868,9.0,-13.604667920000004,24.604667920000004,100.0,33.67604704,121.65511343999974,66.21052627999985,59.750962679999866,71.59349583999985,193.2486101599996,1401.7607937199984,-0.9852512,0.1150069599999996,-0.01662572,2.778524439999999,1.62304184,3.953447559999999,-5.0,30.0,39.07405692,100.0,33.06074052,90.01233016000059,2.045734840000013,1.6365881200000107,1.227441280000008,4.50061652000003,1959.243545199997,971,X1.2532 Y1.4262
16:24:56.689,5,974,1.28865,1.36613,-0.125,80.29294,51.58496,-29.1675,,558.8,0,0,,2,1,"{""sr"":{""mpox"":80.29294,""mpoy"":51.58496,""mpoz"":-29.1675,""mpoa"":0,""posx"":1.28865,""posy"":1.36613,""posz"":-0.125,""posa"":0,""unit"":0,""stat"":5,""coor"":2,""momo"":1,""dist"":0,""home"":1,""mots"":1,""plan"":0,""line"":974,""path"":2,""frmo"":2,""prbe"":1,""safe"":0,""estp"":0,""spc"":1,""hold"":0,""macs"":5,""cycs"":1,""sps"":12000,""feed"":558.8,""mark"":176190722}}",5.214154673491589,0.1952581360739603,0.1997525003957562,0.1998432691323372,5.214154673491589,0.1952581360739603,0.1997525003957562,0.1998432691323372,-0.98591756,0.0403405599999993,-0.0143405599999993,-1.5769430799999904,-0.8641393600000097,0.8031393600000097,-32.0,37.0,-39.91756975999992,100.0,34.42,11.292957040010824,7.830882160007506,8.820046640008455,9.314628920008929,28.19117740002702,1449.5553405600024,-1.000219,-0.0773072399999991,0.0470882799999987,5.507068520000008,1.803191880000003,2.1123698399999946,-3.0,17.0,-95.0,100.0,32.41,70.21647807999665,102.98416791999507,104.99035275999498,62.86046627999698,238.7360256799886,1593.9878845599997,-0.977411080000002,0.0194021999999964,0.0330669200000012,-5.370473159999976,-7.90312968000001,0.4204668799999935,-13.644002519999972,36.64400251999997,67.0,100.0,32.65946448,135.88452335999426,3.2200126799998645,2.576010159999892,2.576010159999892,7.084026959999702,1898.4275766399653,-0.9982605999999994,0.1558466800000127,0.0081772400000009,2.339180119999769,1.7767807999999088,1.2271836400000016,12.017154839999868,9.269785880000343,10.828774319999376,100.0,40.31037112,81.87810136000104,93.57497364000118,66.90610576000084,51.934110240000656,189.4893211200024,1674.8934903200045,-1.0054720399999992,0.0013466399999994,0.0219171600000001,0.4280852799999946,1.9420415199999888,4.906382239999996,8.0,-14.0,26.0,100.0,33.6845522,76.92499068000139,56.89718252000104,50.97987568000092,60.99377972000111,164.774240640003,1311.3518628000124,-1.0212457599999956,0.1050336000000006,-0.0207084399999988,2.855294799999995,1.8098727199999876,3.933993960000005,-5.0,30.42850520000005,39.0,100.0,33.04428496,129.47220523999593,3.009566479999904,2.4076535199999234,2.4076535199999234,6.621046759999789,1346.1786279200255,974,X1.2977 Y1.3538
16:24:56.945,5,977,1.35375,1.29783,-0.125,81.94635,49.8502,-29.1675,,558.8,0,0,,2,1,"{""sr"":{""mpox"":81.94635,""mpoy"":49.8502,""mpoz"":-29.1675,""mpoa"":0,""posx"":1.35375,""posy"":1.29783,""posz"":-0.125,""posa"":0,""unit"":0,""stat"":5,""coor"":2,""momo"":1,""dist"":0,""home"":1,""mots"":1,""plan"":0,""line"":977,""path"":2,""frmo"":2,""prbe"":1,""safe"":0,""estp"":0,""spc"":1,""hold"":0,""macs"":5,""cycs"":1,""sps"":12000,""feed"":558.8,""mark"":176190722}}",5.177252569502157,0.1981185757698139,0.204693887408243,0.2057514233754054,5.177252569502157,0.1981185757698139,0.204693887408243,0.2057514233754054,-0.9804016,0.0308022000000005,-0.0063969999999995,-1.4283970000000068,-0.6466029999999932,0.8298290000000105,-31.799749999999943,37.0,-39.799749999999946,100.0,34.4179978,110.36554619999217,75.17653159999466,84.77353519999397,91.17153779999352,275.1141147999804,1689.3922587999864,-0.9997836000000002,-0.079089,0.0373932000000004,5.3187372,1.911722400000009,1.999420000000001,-3.239022399999983,16.86029459999996,-95.13970540000004,100.0,32.421397,51.09112980000357,59.46021120000356,59.97864380000363,35.97910840000216,137.23904560000827,1609.048924400019,-1.0042819999999977,-0.0025858000000026,0.0033560000000001,-5.335562600000031,-8.083701599999975,0.4723698000000128,-14.0,36.13424300000004,67.47119360000003,100.0,32.654712,84.11438480000409,1.9932320000000967,1.5945858000000774,1.5945858000000774,4.385110200000213,1632.890387400005,-0.9656306000000036,0.2391447999999901,0.0302169999999984,2.421994400000185,1.3566616000001095,1.2184431999999874,10.043627399999991,5.93914539999988,16.079795000000153,100.0,40.33093,90.73874199999943,103.8409115999992,74.61934899999942,57.49249619999959,210.8127051999984,2303.384354200012,-1.0084581999999995,-0.0003566000000003,0.0180823999999988,0.6546407999999954,2.075,4.967177999999999,8.089394000000025,-14.0,25.97187959999997,100.0,33.6753068,95.86647559999886,66.32960199999926,59.43132359999933,71.1053335999992,192.0011327999978,1378.6103160000027,-1.0197149999999984,0.1241859999999992,-0.0103912000000001,2.777760800000002,1.6666618000000053,4.020566400000004,-5.076482600000022,30.923517399999977,39.42779500000001,100.0,33.0607648,93.25939140000294,2.1389766000000674,1.711181600000054,1.711181600000054,4.705749200000149,1585.6703102000158,977,X1.3582 Y1.2941
16:24:57.202,5,981,1.43412,1.24942,-0.125,83.98773,48.62059,-29.1675,,558.8,0,0,,2,1,"{""sr"":{""mpox"":83.98773,""mpoy"":48.62059,""mpoz"":-29.1675,""mpoa"":0,""posx"":1.43412,""posy"":1.24942,""posz"":-0.125,""posa"":0,""unit"":0,""stat"":5,""coor"":2,""momo"":1,""dist"":0,""home"":1,""mots"":1,""plan"":0,""line"":981,""path"":2,""frmo"":2,""prbe"":1,""safe"":0,""estp"":0,""spc"":1,""hold"":0,""macs"":5,""cycs"":1,""sps"":12000,""feed"":558.8,""mark"":176190722}}",5.339235925790492,0.2009343420237806,0.2024759222704227,0.2053375502985849,5.339235925790492,0.2009343420237806,0.2024759222704227,0.2053375502985849,-0.9884267400000016,0.0340642600000011,0.0068499599999973,-1.5662297799999925,-0.61,1.057459899999985,-31.0,38.0,-39.0,100.0,34.41,46.98804070001714,31.665853620011557,36.092263120013165,38.81620710001416,117.12960904004272,1633.5042738400666,-1.0020319600000007,-0.0566988800000007,0.0069171999999971,5.224371939999993,1.8341272399999784,2.0018758000000023,-3.0,17.0,-95.43593770000004,100.0,32.41762816,101.53116425999109,89.12179991999217,89.68586155999212,53.58589247999529,205.31857639998196,1610.7114666799896,-1.003230640000003,0.0059174400000057,0.0342722200000009,-5.24870174,-8.050223159999998,0.5419248999999975,-13.552309039999958,37.0,66.66829794,100.0,32.64779362,115.43252305999128,2.7615431999997915,2.209235159999833,2.209235159999833,6.075395779999541,1901.2931812800016,-0.9719454599999884,0.3672634600000351,0.0207694399999994,0.5680166399999635,3.1597862199997997,1.344291159999999,9.66822492000005,19.35761734000008,11.112983099999452,100.0,40.34489408,83.69015864000151,97.39381026000176,69.98650702000127,53.83577432000098,197.7241170200036,1890.447341560041,-1.0026062999999998,-0.0101869200000004,-0.0169577199999979,0.3309437400000118,1.919690799999983,4.944,7.629468839999496,-11.020343879999272,21.1929686599986,100.0,33.68152286,79.89825686000212,60.528982080001605,53.74973592000143,64.40283750000171,173.83923706000462,1511.750720620017,-1.019393879999999,0.1201536600000001,-0.0110266400000007,2.8159230200000027,1.7076966800000102,4.109270319999999,-2.773121520000177,14.327794660000915,17.56310326000112,100.0,33.05592054,117.3731330399936,2.6890652399998523,2.1512523199998816,2.1512523199998816,5.915943719999675,1702.659340059996,981,X1.4579 Y1.24
16:24:57.459,5,984,1.52519,1.2239,-0.125,86.30101,47.9723,-29.1675,,558.8,0,0,,2,1,"{""sr"":{""mpox"":86.30101,""mpoy"":47.9723,""mpoz"":-29.1675,""mpoa"":0,""posx"":1.52519,""posy"":1.2239,""posz"":-0.125,""posa"":0,""unit"":0,""stat"":5,""coor"":2,""momo"":1,""dist"":0,""home"":1,""mots"":1,""plan"":0,""line"":984,""path"":2,""frmo"":2,""prbe"":1,""safe"":0,""estp"":0,""spc"":1,""hold"":0,""macs"":5,""cycs"":1,""sps"":12000,""feed"":558.8,""mark"":176190722}}",5.082890406573831,0.1982164053729732,0.2062147544181904,0.210962513616494,5.082890406573831,0.1982164053729732,0.2062147544181904,0.210962513616494,-0.9923883599999996,0.0419102799999996,0.0139107999999996,-1.4067030400000111,-0.91597452,0.9478198000000057,-31.0,37.47794607999991,-39.99979252,100.0,34.41521856,70.44930744001222,49.05359160000851,55.31575196000959,58.96867908001023,178.47157760003094,1831.4555673599937,-1.0027554399999998,-0.07636284,0.0022185199999998,5.3606078799999946,1.8834861200000188,2.0331822800000032,-3.0,16.157232400000026,-95.15723240000004,100.0,32.43676932,94.8747991599932,77.13291635999438,78.1197843599943,46.87621827999656,178.44409287998698,2568.034544400014,-0.9373247600000016,-0.0601655600000023,0.001882519999998,-5.075238199999998,-8.099767520000011,0.5190816800000019,-13.14944539999991,37.82948939999997,66.0,100.0,32.65810396,101.20662987999368,2.452333039999846,1.9618664399998769,1.9618664399998769,5.395132159999661,2285.040492920027,-0.8924584399999903,0.3048435600000009,0.0257420799999994,0.6436114799999771,2.170189079999921,1.062144280000015,6.931097719999476,4.8240993199997,16.74555107999876,100.0,40.35720864,86.66944692000158,99.9077406000013,71.41186132000102,55.10279604000075,202.3775417200028,2816.0812802800538,-1.0044665599999991,-0.0200288800000009,0.0051634399999971,0.4438380399999997,1.7835631199999995,4.956595640000016,8.498377999999992,-14.0,25.71423399999995,100.0,33.68784144,99.59464532000248,61.98525728000117,55.178407360001,65.99823224000124,177.6440559200033,1602.540567400017,-0.9940983200000024,0.113537320000005,-0.0018373600000008,2.879629879999995,1.6893606399999963,3.986639360000004,-6.174266559999921,30.818184640000037,37.0,100.0,33.07321984,109.16958999999518,2.4811269999998906,2.4811269999998906,1.9849013999999128,5.954704719999738,2429.07403964,984,X1.5411 Y1.2217
16:24:57.717,5,987,1.61912,1.22313,-0.125,88.68672,47.95276,-29.1675,,558.8,0,0,,2,1,"{""sr"":{""mpox"":88.68672,""mpoy"":47.95276,""mpoz"":-29.1675,""mpoa"":0,""posx"":1.61912,""posy"":1.22313,""posz"":-0.125,""posa"":0,""unit"":0,""stat"":5,""coor"":2,""momo"":1,""dist"":0,""home"":1,""mots"":1,""plan"":0,""line"":987,""path"":2,""frmo"":2,""prbe"":1,""safe"":0,""estp"":0,""spc"":1,""hold"":0,""macs"":5,""cycs"":1,""sps"":12000,""feed"":558.8,""mark"":176190722}}",5.3805571191012085,0.212958976013789,0.2063206001083112,0.2064911706899817,5.3805571191012085,0.212958976013789,0.2063206001083112,0.2064911706899817,-0.9898134399999996,0.0457350400000006,-0.0008332800000011,-1.503872960000004,-0.6488729600000042,1.0212547199999915,-31.0,37.63725888000007,-39.63725888000007,100.0,34.42362752,92.40255040000986,61.17686144000652,68.18670976000728,71.3730048000076,215.39353216002291,1711.8120454399718,-1.0070452000000003,-0.0815351600000012,0.029037239999999,5.494102440000002,1.5568704399999722,2.061505919999998,-3.0,16.551239679999952,-95.0,100.0,32.4255666,90.4416379999944,68.27456999999579,69.6045939599957,41.23074651999745,158.27286679999025,1907.764120319988,-0.9565933599999988,-0.0015778399999962,0.0264489999999986,-5.505122200000005,-7.899233879999984,0.5563794399999985,-13.881841880000025,38.0,66.68874563999992,100.0,32.64547592,92.7480770799952,2.262148359999883,1.8097189599999064,1.8097189599999064,4.976726479999742,1998.702432839983,-0.91146244,0.2277977199999982,-0.0066490000000009,2.262975639999859,0.054799160000128,1.152557119999995,9.387338399999926,17.612661600000074,-0.2138053200004734,100.0,40.3519368,83.02459896000082,102.38002664000102,72.83753124000073,56.53822376000056,206.79746644000207,2994.440237439998,-1.0092226000000006,-0.0016061199999988,0.0294828400000013,0.3248035600000158,1.7821017599999978,4.918002240000003,8.801613000000037,-14.0,26.0,100.0,33.69286912,75.66238368000103,62.79463116000086,55.58868996000076,66.3976017200009,179.11911216000246,1522.1459987199753,-1.0577896000000009,0.1517116799999981,-0.0053173199999989,2.8216335599999973,1.7687804399999958,3.9617541599999937,-7.0,30.75650687999997,37.22350347999996,100.0,33.07710464,101.35820687999652,2.334981639999918,2.334981639999918,1.8679853999999343,5.603956479999804,2075.5594347599745,987,X1.6264 Y1.2239
16:24:57.974,5,991,1.71066,1.24719,-0.125,91.01184,48.56393,-29.1675,,558.8,0,0,,2,1,"{""sr"":{""mpox"":91.01184,""mpoy"":48.56393,""mpoz"":-29.1675,""mpoa"":0,""posx"":1.71066,""posy"":1.24719,""posz"":-0.125,""posa"":0,""unit"":0,""stat"":5,""coor"":2,""momo"":1,""dist"":0,""home"":1,""mots"":1,""plan"":0,""line"":991,""path"":2,""frmo"":2,""prbe"":1,""safe"":0,""estp"":0,""spc"":1,""hold"":0,""macs"":5,""cycs"":1,""sps"":12000,""feed"":558.8,""mark"":176190722}}",5.191510118225774,0.1915264284180962,0.1936170555495005,0.1999799088770878,5.191510118225774,0.1915264284180962,0.1936170555495005,0.1999799088770878,-0.99,0.0361328800000033,-0.0174462400000002,-1.675226140000018,-0.91600154,0.956841140000027,-31.0,36.22319176000015,-38.99994962,100.0,34.42776824,30.796978840020305,21.870318020014423,23.878816820015757,24.77148288001633,74.76078156004928,1505.4387686400155,-1.0050549999999998,-0.0729940599999977,0.0159641999999998,5.322034220000008,1.9971261800000253,1.9705471599999955,-3.065760200000044,16.065760200000042,-94.61094509999994,100.0,32.435205380000006,128.64638755998735,90.55140355999134,94.15131473999094,55.05082443999473,213.41714033997948,1833.1276740400451,-1.0107326400000014,-0.014931839999997,0.0136771600000024,-5.69252633999997,-7.601619360000009,0.7390552799999911,-13.0,39.5197958999999,68.0,100.0,32.65,120.39171533999,2.963516959999753,2.370814279999802,2.370814279999802,5.927034919999506,1914.422899639998,-1.0543644599999944,0.2300850400000026,0.0634212999999959,4.532965579999836,0.6629479600002891,1.2604309799999855,9.28365857999983,4.195404920000038,10.939229959999286,100.0,40.29628106,78.32186582000232,97.0841597000021,69.20851036000151,53.34822676000116,195.49230054000415,1877.2611857800052,-1.0062582999999992,-0.0113295400000013,0.0141938199999972,0.635679980000013,1.379032760000006,4.997650899999995,8.120476620000082,-13.879523379999918,26.0,100.0,33.69120472,96.34966028000176,56.07739946000183,49.96445848000163,59.36898298000192,159.76812644000523,1158.6393882600228,-1.0243602399999967,0.1044255199999994,-0.0076590599999998,2.7450834200000047,1.7616857599999944,4.073060380000008,-6.8637014199999085,30.701625820000057,37.0,100.0,33.0916206,122.11074517999243,3.3919648799997897,2.826637419999825,2.26131017999986,6.78393031999958,1584.9886154200503,991,X1.7348 Y1.2582
16:24:58.232,5,994,1.79194,1.29405,-0.125,93.07632,49.75423,-29.1675,,558.8,0,0,,2,1,"{""sr"":{""mpox"":93.07632,""mpoy"":49.75423,""mpoz"":-29.1675,""mpoa"":0,""posx"":1.79194,""posy"":1.29405,""posz"":-0.125,""posa"":0,""unit"":0,""stat"":5,""coor"":2,""momo"":1,""dist"":0,""home"":1,""mots"":1,""plan"":0,""line"":994,""path"":2,""frmo"":2,""prbe"":1,""safe"":0,""estp"":0,""spc"":1,""hold"":0,""macs"":5,""cycs"":1,""sps"":12000,""feed"":558.8,""mark"":176190722}}",5.290631537847015,0.1926881982892055,0.2163075278416345,0.2150415415501652,5.290631537847015,0.1926881982892055,0.2163075278416345,0.2150415415501652,-0.98581924,0.0364828199999999,-0.0340258599999998,-1.83100234,-0.9233626199999986,1.0268932600000025,-31.93964906000001,36.93964906000001,-39.0,100.0,34.42,143.76653980000174,94.90457772000114,100.54248762000122,102.42178662000124,311.9636059800037,1646.6931021999958,-1.00678464,-0.0761100599999999,0.0511773599999999,5.22885886,1.731922699999998,2.0529175400000006,-3.3258785199999954,16.0,-94.34394392,100.0,32.42710224,69.73801881999903,46.60063869999936,49.20766767999932,28.02555949999961,111.45047913999844,1862.073820759999,-1.079478980000001,0.0462512400000008,0.0065776999999998,-5.296392439999998,-8.10227344,0.522770660000001,-9.059939720000058,25.273461520000158,44.71005548000027,100.0,32.64702922,71.69766337999921,1.7572958399999807,1.4058366599999843,1.4058366599999843,3.866050859999957,2167.160807460002,-1.0903053800000004,0.3163501000000018,0.0458213599999999,4.855279279999995,1.0982380400000038,1.1846256199999998,8.692569039999984,14.59627857999999,-9.192604620000004,100.0,40.261604260000006,92.05342352000014,106.95224430000016,76.09040218000013,58.53107856000008,215.50078994000037,2230.4033415399995,-0.99553774,-0.00999076,0.0060146399999998,0.4407359799999986,1.4639104600000004,4.883,8.033031919999994,-13.966968080000006,25.033031919999992,100.0,33.70420462,109.30594928000023,63.94397970000014,56.83909340000012,67.76968858000015,182.5409345400004,1775.687977720003,-1.0556372800000005,0.0576396399999998,0.0252734400000001,2.9322593,1.8482993999999997,3.910518599999999,-7.0,30.358205800000004,36.64179419999999,100.0,33.08395272,86.48417843999943,2.371458659999984,1.9762160399999864,1.5809724199999893,4.742918259999969,1984.5006733400016,994,X1.8111 Y1.3092
16:24:58.508,5,997,1.8646,1.36505,-0.125,94.92202,51.5574,-29.1675,,558.8,0,0,,2,1,"{""sr"":{""mpox"":94.92202,""mpoy"":51.5574,""mpoz"":-29.1675,""mpoa"":0,""posx"":1.8646,""posy"":1.36505,""posz"":-0.125,""posa"":0,""unit"":0,""stat"":5,""coor"":2,""momo"":1,""dist"":0,""home"":1,""mots"":1,""plan"":0,""line"":997,""path"":2,""frmo"":2,""prbe"":1,""safe"":0,""estp"":0,""spc"":1,""hold"":0,""macs"":5,""cycs"":1,""sps"":12000,""feed"":558.8,""mark"":176190722}}",5.151801920430726,0.1987067215412742,0.2040838125443619,0.1873096355398307,5.151801920430726,0.1987067215412742,0.2040838125443619,0.1873096355398307,-0.9887313399999996,0.0449986,0.0055983199999978,-1.6430534999999935,-0.7040247800000031,0.9439983999999968,-31.54146762000005,37.0,-37.46092231999995,100.0,34.42,78.3984460799913,48.14544815999466,49.06343569999455,49.06343569999455,151.31617665998317,1738.0425108599927,-1.012890159999999,-0.0801252999999995,0.0304184599999984,5.3434200800000085,1.7602365600000072,1.9962848000000089,-3.0,16.677397400000036,-94.51568036000002,100.0,32.43484328,109.83988652000438,69.61682924000277,76.32067230000304,41.25441746000165,170.17447198000676,2298.5379951400078,-1.01352054,-0.0137397600000015,0.0222363400000008,-5.694987679999983,-7.902555620000013,0.7200140199999969,-13.0,38.17746560000002,67.30916691999997,100.0,32.64868278,104.72694294000358,2.566836860000088,2.0534693800000703,2.0534693800000703,5.647041200000194,2143.9322596400043,-0.8744369399999973,0.1558195199999948,-0.0514497600000012,0.3698956999999774,2.7618810000000287,1.2219692400000008,9.733359679999994,-2.480137359999981,8.687237000000113,100.0,40.26,84.32467817999937,99.70153119999924,70.93193527999945,54.56302723999959,200.89114573999848,2841.7672588199844,-0.9972093199999996,-0.0046200600000003,-0.0478988400000015,0.4388795799999974,1.953,4.924497460000007,8.207276919999977,-14.0,25.0,100.0,33.70295866,98.37978071999902,56.64290367999944,50.68049329999949,60.6178447799994,162.97256605999837,1597.6356422799968,-1.0168268000000005,0.10729942,0.0109764200000005,2.951727700000004,1.8215895600000027,4.10817514,-7.664729659999968,30.664729659999967,37.31434536,100.0,33.09,111.1207783200026,3.062776100000074,2.552312840000061,2.041850580000049,6.125551740000147,2056.038246459985,997,X1.8774 Y1.3815
16:24:58.784,5,1000,1.91736,1.45139,-0.125,96.26197,53.75052,-29.1675,,558.8,0,0,,2,1,"{""sr"":{""mpox"":96.26197,""mpoy"":53.75052,""mpoz"":-29.1675,""mpoa"":0,""posx"":1.91736,""posy"":1.45139,""posz"":-0.125,""posa"":0,""unit"":0,""stat"":5,""coor"":2,""momo"":1,""dist"":0,""home"":1,""mots"":1,""plan"":0,""line"":1000,""path"":2,""frmo"":2,""prbe"":1,""safe"":0,""estp"":0,""spc"":1,""hold"":0,""macs"":5,""cycs"":1,""sps"":12000,""feed"":558.8,""mark"":176190722}}",5.407612301913613,0.2064272067218553,0.2062080768724755,0.2028160245246812,5.407612301913613,0.2064272067218553,0.2062080768724755,0.2028160245246812,-0.9988505399999994,0.0360410400000001,0.0240685399999956,-1.5296448000000176,-0.73209114,0.91610128,-31.99917308,36.0207438200001,-37.98082691999991,100.0,34.41020784,2.946435240013655,2.1907586200101927,2.190014800010199,2.190014800010199,6.77590690003156,1597.6298568400084,-1.0094488000000006,-0.0793576000000011,0.0289459200000002,5.484532660000016,1.774051799999991,2.075364700000002,-3.6848200799999327,16.315179920000066,-95.30920118000004,100.0,32.4163633,157.3585899599905,89.12497693999508,100.1717755199944,51.82185197999716,219.00707003998787,1282.6601209400387,-1.0083856599999987,-0.0232552799999996,0.0138596199999992,-5.651683679999981,-7.8748084200000035,0.5899516600000021,-12.345608920000066,38.0,66.69121784000012,100.0,32.66654346,134.84751861999337,3.3050864799998374,2.64406899999987,2.64406899999987,7.271189479999642,1523.6970421999904,-0.9563453799999968,0.4023262400000011,-0.0587174800000045,0.830750660000161,0.7596650000000578,1.0942860799999976,8.933431840000013,-6.1836109199993095,-3.104825740000841,100.0,40.26088012,76.97601868000096,94.27665090000136,67.20711780000097,51.794774480000704,189.4760224800027,1527.1086891400153,-1.0054190599999997,-0.0106966799999997,0.0124093600000003,0.3639926799999903,2.168740199999996,5.031252479999994,8.558660920000044,-14.0,25.989031039999947,100.0,33.71,63.86902110000614,51.11083242000107,45.69410202000101,54.28795860000119,146.11750270000317,1359.9260431800133,-1.0522585799999975,0.114972720000002,-0.0107237600000005,3.026861759999992,1.8668617599999917,4.111871239999998,-7.0,30.625053960000034,37.0,100.0,33.076374400000006,132.33589773999506,3.675997079999863,3.0633310599998853,2.4506650399999086,7.351994159999726,1558.267442460031,1000,X1.9248 Y1.468
16:24:59.066,5,1006,1.9469,1.5474,-0.125,97.01239,56.1892,-29.1675,,558.8,0,0,,2,1,"{""sr"":{""mpox"":97.01239,""mpoy"":56.1892,""mpoz"":-29.1675,""mpoa"":0,""posx"":1.9469,""posy"":1.5474,""posz"":-0.125,""posa"":0,""unit"":0,""stat"":5,""coor"":2,""momo"":1,""dist"":0,""home"":1,""mots"":1,""plan"":0,""line"":1006,""path"":2,""frmo"":2,""prbe"":1,""safe"":0,""estp"":0,""spc"":1,""hold"":0,""macs"":5,""cycs"":1,""sps"":12000,""feed"":558.8,""mark"":176190722}}",5.368830773030847,0.2078309045501526,0.2107499231303934,0.207389420061753,5.368830773030847,0.2078309045501526,0.2107499231303934,0.207389420061753,-0.9856146999999998,0.0423939800000001,-0.0112005999999966,-1.95268008,-0.900893200000016,1.023193560000016,-31.61961879999987,36.37863466000013,-37.99825346,100.0,34.41623104,58.20187112001987,40.70257290001391,39.55968176001351,39.94006296001363,123.62225796004222,2586.4693768400048,-1.0003925799999995,-0.0869981000000008,0.0478591000000015,5.242523220000004,1.7820109399999873,1.9600068200000025,-3.450773800000052,16.549226199999946,-95.54922619999996,100.0,32.42213328,103.17918559998944,68.21887473999358,78.53930241999255,39.10990203999634,168.4077146799842,2512.0993833799225,-1.0168700000000064,-0.0264502199999936,0.0190812199999982,-4.939227480000005,-8.128202640000012,0.4600117599999973,-13.0,38.0,66.87313775999995,100.0,32.65585654,110.94135371999104,2.7058866799997814,2.1647091999998254,2.1647091999998254,5.952950599999519,2980.580060579931,-0.938910179999995,0.3559200799999963,0.0098126599999981,4.370450719999621,1.6677426999999154,1.2446841400000097,11.67525845999973,1.2681153999992192,-3.7203165399988976,100.0,40.2708277,78.78217774000181,99.05251400000196,70.6116927600014,54.42984628000107,199.289520680004,3493.185741919892,-1.0020391399999995,-0.0172334599999999,-0.0328689599999962,0.2751891799999991,2.1103564599999918,4.941210700000006,8.488703500000012,-14.0,25.511296499999983,100.0,33.70278504,105.08173492000384,54.734800840001526,49.35906138000137,58.644429560001626,157.57274400000443,2834.7330797199616,-1.007312479999991,0.1557730799999965,-0.0213571599999961,2.869004060000008,1.737688980000002,4.063934059999994,-6.76487926000005,30.76487926000005,37.23512073999995,100.0,33.08764818,115.47324939999318,3.178162999999812,2.6484689199998432,2.1187754599998745,6.356325999999624,2459.8190258199365,1006,X1.9469 Y1.5474
16:24:59.316,5,1011,1.94307,1.64207,-0.125,96.91503,58.59373,-29.1675,,558.8,0,0,,2,1,"{""sr"":{""mpox"":96.91503,""mpoy"":58.59373,""mpoz"":-29.1675,""mpoa"":0,""posx"":1.94307,""posy"":1.64207,""posz"":-0.125,""posa"":0,""unit"":0,""stat"":5,""coor"":2,""momo"":1,""dist"":0,""home"":1,""mots"":1,""plan"":0,""line"":1011,""path"":2,""frmo"":2,""prbe"":1,""safe"":0,""estp"":0,""spc"":1,""hold"":0,""macs"":5,""cycs"":1,""sps"":12000,""feed"":558.8,""mark"":176190722}}",5.243052943245456,0.2041635321492088,0.2069710665902447,0.206194782723128,5.243052943245456,0.2041635321492088,0.2069710665902447,0.206194782723128,-0.99200792,0.0365262000000005,-0.023196419999997,-1.52562994,-1.089940699999976,0.924163580000024,-31.00008436,36.0021905,-38.75772514000026,100.0,34.4262,111.23412743997656,66.74164161998593,63.651835119986586,64.88770695998633,199.60703137995796,1369.1483937600162,-1.0005350800000008,-0.0855298800000018,0.0294599800000006,5.519518019999995,1.8773179999999927,2.103564160000012,-3.0,16.451491020000052,-95.56527708000009,100.0,32.42130574,82.62284552000962,55.0818972200064,63.66022542000741,31.152876560003623,135.44728840001576,1510.80742146001,-0.9658975399999962,-0.0870352599999994,0.0138207999999994,-5.233004760000073,-8.300718339999978,0.3989469799999973,-13.415121619999912,37.87500887999996,66.58487838000009,100.0,32.6570983,95.65650224000926,2.299435300000223,1.839548040000178,1.839548040000178,5.518644500000534,1671.355802759989,-1.038678620000003,0.36476975999996,0.0426568000000028,0.0226323799998068,2.7747216600000804,1.0421622799999932,11.742821240000024,-3.13681959999937,-2.990556200000796,100.0,40.29,84.7852914999984,102.55466407999806,73.10827551999861,56.35429541999893,206.1247208799961,1879.0276671999852,-1.0075180600000002,-0.0052089999999999,0.0010937800000016,0.6002963199999892,1.6791531599999994,4.9610989799999965,8.489289960000011,-14.0,26.0,100.0,33.70280302,94.99200441999764,56.68877677999858,51.58167985999871,61.28516427999846,164.95923365999587,1491.830697060018,-0.9807867999999956,0.1273815999999965,-0.0111349800000001,2.8943561800000217,1.7665717799999958,3.967000799999992,-6.0,31.0,37.23595215999995,100.0,33.08,102.16553530000688,2.831377780000188,2.359481340000157,1.8875849000001257,5.662754940000378,1399.0418687200277,1011,X1.9424 Y1.6448
16:24:59.573,5,1015,1.91349,1.73152,-0.125,96.16374,60.86577,-29.1675,,558.8,0,0,,2,1,"{""sr"":{""mpox"":96.16374,""mpoy"":60.86577,""mpoz"":-29.1675,""mpoa"":0,""posx"":1.91349,""posy"":1.73152,""posz"":-0.125,""posa"":0,""unit"":0,""stat"":5,""coor"":2,""momo"":1,""dist"":0,""home"":1,""mots"":1,""plan"":0,""line"":1015,""path"":2,""frmo"":2,""prbe"":1,""safe"":0,""estp"":0,""spc"":1,""hold"":0,""macs"":5,""cycs"":1,""sps"":12000,""feed"":558.8,""mark"":176190722}}",5.263623569372843,0.1939691657154965,0.1998870534589514,0.1994565323705701,5.263623569372843,0.1939691657154965,0.1998870534589514,0.1994565323705701,-0.987,0.042,0.0031738400000006,-1.5405869600000013,-0.8834132000000028,0.8688262400000014,-31.0,36.76086903999997,-36.239130960000026,100.0,34.43,43.04358720000408,25.82615232000245,24.630497040002325,24.86962824000236,77.23932600000732,1688.7177829600146,-1.00442496,-0.06144432,0.0112276799999995,5.345037319999992,2.158502520000006,2.0251042799999994,-3.397172400000009,16.39717240000001,-95.60282759999998,100.0,32.426028,90.78268275999868,72.41100963999892,84.39584683999873,40.99226859999938,178.5086454799973,1810.8335441200063,-0.9821238000000008,-0.0566618799999995,0.0050600799999995,-5.109713479999995,-8.171137440000004,0.4280045999999982,-13.920523039999992,37.0,66.92052303999999,100.0,32.670165,121.14846483999844,2.9385676799999616,2.350854399999969,2.350854399999969,7.052562679999908,1679.6250194400027,-0.9746162000000016,0.3879799600000011,0.0035110800000008,-0.396731999999983,0.1177498000000339,1.1501802799999965,12.139862440000035,0.9465081599999308,12.735851600000077,100.0,40.31,85.45672348000012,97.38109356000032,69.42018560000022,53.511393280000185,196.20844068000065,2217.427261920001,-1.00088016,-0.00910184,-0.0035412000000002,0.637081480000002,1.7558559599999966,4.960086480000002,8.868142799999987,-14.0,26.868142799999987,100.0,33.70475832,83.03710652000105,53.290240600000246,48.05637756000022,57.09668636000026,154.50500180000068,1667.2437398799973,-0.9931746000000002,0.0729597600000001,-0.0108760800000001,2.7647536,1.749591040000002,4.06218016,-6.0,31.0,37.43967208000001,100.0,33.07170404,121.03084171999885,2.8016401199999734,2.8016401199999734,2.241312199999978,6.723935839999935,1545.8028722000051,1015,X1.9073 Y1.7448
16:24:59.831,5,1020,1.86406,1.81206,-0.125,94.90818,62.91149,-29.1675,,558.8,0,0,,2,1,"{""sr"":{""mpox"":94.90818,""mpoy"":62.91149,""mpoz"":-29.1675,""mpoa"":0,""posx"":1.86406,""posy"":1.81206,""posz"":-0.125,""posa"":0,""unit"":0,""stat"":5,""coor"":2,""momo"":1,""dist"":0,""home"":1,""mots"":1,""plan"":0,""line"":1020,""path"":2,""frmo"":2,""prbe"":1,""safe"":0,""estp"":0,""spc"":1,""hold"":0,""macs"":5,""cycs"":1,""sps"":12000,""feed"":558.8,""mark"":176190722}}",5.143218346382516,0.2036510052306189,0.2068682557707153,0.2088852185047794,5.143218346382516,0.2036510052306189,0.2068682557707153,0.2088852185047794,-0.9919539599999988,0.0525056799999968,-0.0160481599999924,-1.5968152400000124,-0.8589867200000063,0.9209094400000062,-31.00002232,36.00002232,-36.16095680000021,100.0,34.43,161.83954131998198,99.31073735998896,94.71301791998948,96.55210567998924,297.9322112399669,1296.8608646800135,-1.0119686399999992,-0.0780603600000011,0.0378805599999999,5.424652399999991,1.6336001200000123,2.012530479999998,-3.0,16.0,-95.02409040000003,100.0,32.41024088,35.715254280004345,40.38827768000491,47.06402584000572,22.69754420000276,99.13486340001208,1579.644839359989,-0.995369720000003,-0.0437751200000009,0.0238819999999998,-5.041213400000023,-8.250366839999986,0.4559488800000126,-13.355479600000036,36.38180416000007,66.97367543999997,100.0,32.65644568,75.0061956400074,1.7773978400001755,1.4219182400001404,1.4219182400001404,4.265754800000422,1709.1211402400097,-0.9329516399999994,0.2467942799999946,0.0006379999999984,2.841631400000338,2.2256939199998405,1.2507475599999962,12.68900759999988,1.3724662000001602,0.4207962799998134,100.0,40.30957216,90.17512927999876,107.14927151999854,76.38363911999896,58.8790548399992,215.88986815999704,1625.63882084,-1.0091564800000006,-0.0158076800000008,-0.0040812400000005,0.0438966400000131,2.0566306400000003,4.982336679999998,9.0,-14.0,26.044197200000056,100.0,33.719558,93.36577875999818,61.3391452799988,55.36807791999892,65.68173979999872,178.0463683999965,1284.7802433599963,-1.0174570799999982,0.1007836399999956,-0.0158687600000001,2.798575079999996,1.8126226799999956,4.024990079999996,-6.0,31.0,39.0,100.0,33.07448012,87.51777344000509,1.9935258800001212,1.9935258800001212,1.594820840000097,4.435099960000329,1372.2942432800048,1020,X1.8602 Y1.8172
16:25:00.087,5,1023,1.7951,1.8762,-0.125,93.15667,64.54073,-29.1675,,558.8,0,0,,2,1,"{""sr"":{""mpox"":93.15667,""mpoy"":64.54073,""mpoz"":-29.1675,""mpoa"":0,""posx"":1.7951,""posy"":1.8762,""posz"":-0.125,""posa"":0,""unit"":0,""stat"":5,""coor"":2,""momo"":1,""dist"":0,""home"":1,""mots"":1,""plan"":0,""line"":1023,""path"":2,""frmo"":2,""prbe"":1,""safe"":0,""estp"":0,""spc"":1,""hold"":0,""macs"":5,""cycs"":1,""sps"":12000,""feed"":558.8,""mark"":176190722}}",5.343575172361802,0.2044750717315591,0.2060481114095156,0.204226435989008,5.343575172361802,0.2044750717315591,0.2060481114095156,0.204226435989008,-0.9957028800000006,0.0426601600000007,0.0339879600000064,-1.5947640799999836,-0.8033954399999779,0.9795877199999944,-31.95757052000009,37.0,-37.04242947999991,100.0,34.43,7.000814639985094,4.582351119990244,4.455063599990514,4.497493079990424,13.87434179997046,2623.732138760022,-1.0013211199999992,-0.0556464799999971,0.0002159199999976,5.284863720000002,1.6746825600000084,1.893710959999996,-3.7125145599999727,16.712514559999974,-95.02804839999992,100.0,32.415468960000005,54.07283208000288,84.87381252000453,97.1942045200052,48.5971027200026,208.76220048001116,2655.643715319994,-0.9550493599999936,-0.0403407199999967,0.0168931200000001,-5.234651599999987,-8.219117520000001,0.3901355999999926,-14.0,36.3421036,66.0,100.0,32.66342332,138.1090423200065,3.2883105600001548,2.630648280000124,2.630648280000124,7.891945760000373,2788.0967325599845,-0.8788470799999929,0.3533349200000027,-0.0082640000000003,4.181769239999781,3.009448840000102,1.0363280399999828,14.088016599999971,-1.6753366800003957,21.61298112000034,100.0,40.32,75.37553143999892,93.98677351999866,67.00047207999904,51.64619751999926,189.36939023999727,2880.3401731599943,-1.00522444,-0.0044078800000001,-0.0190073200000026,0.4880525999999864,1.6126114000000042,5.003907800000002,4.898948160000082,-7.094163280000078,14.678940560000289,100.0,33.72455632,82.02103327999835,51.94665395999896,47.38993063999904,56.04770579999887,152.19458339999696,2694.304299079982,-0.9615153199999994,0.0741742399999967,0.0011041600000014,2.990071520000002,1.759223839999991,3.9916476799999967,-5.984778840000034,30.98477884000004,38.77767827999996,100.0,33.0820706,132.62193364000473,3.0558047600001093,2.444644360000088,2.444644360000088,6.722770840000241,2553.8064884399887,1023,X1.7677 Y1.8954
16:25:00.345,5,1027,1.71328,1.92205,-0.125,91.07836,65.70539,-29.1675,,558.8,0,0,,2,1,"{""sr"":{""mpox"":91.07836,""mpoy"":65.70539,""mpoz"":-29.1675,""mpoa"":0,""posx"":1.71328,""posy"":1.92205,""posz"":-0.125,""posa"":0,""unit"":0,""stat"":5,""coor"":2,""momo"":1,""dist"":0,""home"":1,""mots"":1,""plan"":0,""line"":1027,""path"":2,""frmo"":2,""prbe"":1,""safe"":0,""estp"":0,""spc"":1,""hold"":0,""macs"":5,""cycs"":1,""sps"":12000,""feed"":558.8,""mark"":176190722}}",5.200212444598328,0.1775133623946377,0.1855336130488145,0.201954162454805,5.200212444598328,0.1775133623946377,0.1855336130488145,0.201954162454805,-0.986609600000001,0.0431689999999995,-0.0071211999999967,-1.697234999999993,-0.988803199999972,0.9155684,-31.796545599999885,36.79999999999988,-37.9929802,100.0,34.4399656,125.07621799998223,85.24212719998789,84.44547159998801,85.24212719998789,262.0997341999628,1952.2113335999013,-1.0117046000000005,-0.0722544000000007,0.0261437999999989,5.4757623999999945,1.858100799999977,2.022522800000005,-3.0,17.0,-94.52172480000009,100.0,32.4113972,18.00504120000191,48.01521120000588,54.69488980000662,27.93587700000348,118.52260660001453,1673.4365687999943,-0.9702512000000016,-0.0387353999999996,0.0049077999999988,-5.101886199999987,-8.085725200000017,0.4188373999999953,-13.734428000000037,36.0,67.60061519999996,100.0,32.6646888,84.00251080000793,2.39630740000023,1.5975378000001532,1.5975378000001532,4.926427000000536,1581.520225999997,-0.9390461999999988,0.3657856000000163,-0.0124962000000021,1.8966500000000808,-0.6743907999999627,1.3373309999999967,5.254167400000599,2.4638822000006044,0.3717354000002113,100.0,40.3205402,85.00613939999862,104.93161899999843,74.80273839999889,57.660443799999136,211.42162759999684,1826.447097200005,-1.0054512000000004,-0.0118455999999984,-0.0048733999999989,0.3884469999999677,2.044472800000005,4.850652800000001,8.909586399999949,-14.0,26.439871999999937,100.0,33.7209042,100.50233420000056,61.51310199999871,55.77037639999889,66.37608359999867,179.94756439999634,1514.0964213999837,-0.9988966000000014,0.1207523999999981,-0.0156444000000002,2.895104200000002,1.8826595999999949,4.0535553999999925,-5.495499199999929,30.427940600000028,39.0,100.0,33.084189599999995,94.57486680000596,2.1397030000001345,1.7117624000001077,1.7117624000001077,4.707346000000296,1499.9579558000091,1027,X1.7093 Y1.9239
16:25:00.604,5,1033,1.62184,1.94539,-0.125,88.75595,66.29817,-29.1675,,558.8,0,0,,2,1,"{""sr"":{""mpox"":88.75595,""mpoy"":66.29817,""mpoz"":-29.1675,""mpoa"":0,""posx"":1.62184,""posy"":1.94539,""posz"":-0.125,""posa"":0,""unit"":0,""stat"":5,""coor"":2,""momo"":1,""dist"":0,""home"":1,""mots"":1,""plan"":0,""line"":1033,""path"":2,""frmo"":2,""prbe"":1,""safe"":0,""estp"":0,""spc"":1,""hold"":0,""macs"":5,""cycs"":1,""sps"":12000,""feed"":558.8,""mark"":176190722}}",5.415867976454552,0.2156262326669915,0.206120437968235,0.207610763943158,5.415867976454552,0.2156262326669915,0.206120437968235,0.207610763943158,-0.9817627400000004,0.0355740200000015,-0.0241629799999966,-1.83134102,-1.029480799999976,0.954161019999992,-31.38000000000013,36.38000000000013,-38.37783030000013,100.0,34.45,59.08725446002029,39.76887568001365,40.904199680014045,40.90465786001404,126.12223586004328,1450.4855586400165,-1.0002927199999985,-0.0691799799999998,0.0180611999999986,5.220626839999942,2.066557140000029,1.9092520599999916,-3.5480114199999484,16.54801141999995,-94.26519250000008,100.0,32.41452008,9.864203459999066,72.33749225999316,80.00965027999243,42.74488149999596,177.00765137998326,1629.2407696199962,-1.0338884200000014,-0.0180403999999993,0.0245233999999977,-5.227046220000013,-8.20955935999999,0.3589827200000188,-13.0,35.25417782000009,66.79530948000004,100.0,32.65828068,114.17881637999064,3.246790719999734,2.7056590599997787,2.1645273999998227,7.034714099999424,1721.899062380005,-0.9682679799999968,0.242222479999996,0.0144116599999987,2.925877319999992,-0.4029162999999692,1.3717391399999888,14.0,4.4004470600007135,21.101667999999066,100.0,40.3184483,80.2375782800015,98.94327142000184,70.39247620000133,54.64031392000103,199.36330758000372,1977.0610326600008,-1.006894040000002,-0.0086003399999987,-0.0034114999999963,0.2529852600000051,1.9140515599999708,4.893441260000004,9.0,-14.0,26.511931699999987,100.0,33.73659248,61.98468462000165,57.59206896000153,52.22331670000139,62.47275292000166,169.3597285400045,1341.5776692399922,-0.9915871000000012,0.1165651200000034,-0.0169731800000008,2.973316699999994,1.827636280000004,3.958158159999997,-5.0,30.0,38.61737444000008,100.0,33.07147868,115.1032373799931,2.637855719999846,2.110284479999877,1.5827134799999076,5.658336379999611,1448.6574947799886,1033,X1.5789 Y1.9492
16:25:00.875,5,1035,1.52776,1.94539,-0.125,86.36616,66.29817,-29.1675,,558.8,0,0,,2,1,"{""sr"":{""mpox"":86.36616,""mpoy"":66.29817,""mpoz"":-29.1675,""mpoa"":0,""posx"":1.52776,""posy"":1.94539,""posz"":-0.125,""posa"":0,""unit"":0,""stat"":5,""coor"":2,""momo"":1,""dist"":0,""home"":1,""mots"":1,""plan"":0,""line"":1035,""path"":2,""frmo"":2,""prbe"":1,""safe"":0,""estp"":0,""spc"":1,""hold"":0,""macs"":5,""cycs"":1,""sps"":12000,""feed"":558.8,""mark"":176190722}}",5.345425670784372,0.2036452716184822,0.2037113702971352,0.205870433661184,5.345425670784372,0.2036452716184822,0.2037113702971352,0.205870433661184,-0.988195999999999,0.0541748000000006,-0.0367454000000035,-1.648144,-0.8911932000000209,1.062236400000031,-31.0023616,36.80067980000017,-39.9952776,100.0,34.4480068,33.20423459997201,20.77082499998255,21.7815929999817,21.985635399981525,67.56327479994324,1661.0587736000114,-0.998107600000001,-0.0582742000000016,0.0032404000000018,5.566008999999984,1.8338560000000657,2.094420999999999,-3.378810999999932,17.0,-95.06043139999994,100.0,32.4243928,3.7538143999991895,86.78517000000967,92.4967334000102,52.05901560000582,207.85659900002295,1924.7929043999309,-0.9769830000000008,-0.043291599999988,0.0119473999999982,-5.227786399999983,-8.21634720000002,0.3740559999999931,-13.0,35.06603259999994,65.13206519999989,100.0,32.6693396,127.32803460001227,3.6207020000003496,2.9512192000003474,2.413801600000233,7.2414048000007,1984.6403277999352,-0.910264400000009,0.2252044000000209,0.0149176000000014,2.7830632000005537,0.4002764000000848,1.3071961999999864,13.09402020000038,21.877007800000232,4.296885600000215,100.0,40.3447712,83.27509919999879,96.01305279999738,68.33872939999812,52.59299419999853,193.8274697999948,2338.964154999931,-1.0059947999999983,-0.0119252000000005,0.0568222,0.6520613999999875,1.780227000000038,5.005,8.110127999999905,-14.0,25.889872000000093,100.0,33.7346924,96.13418399999269,56.67226119999799,51.15107819999811,61.36502099999782,166.26257659999413,1508.824481799975,-0.9939369999999956,0.1052474000000044,0.0011041999999987,2.842939400000003,1.7501591999999848,3.994390200000009,-5.0,30.42722759999996,38.247519199999786,100.0,33.075728,124.8644124000089,2.8638626000002043,2.291090200000163,1.7183178000001225,5.727725200000409,1991.4358381999689,1035,X1.5132 Y1.9441
16:25:01.118,5,1041,1.43631,1.92204,-0.125,84.04353,65.70514,-29.1675,,558.8,0,0,,2,1,"{""sr"":{""mpox"":84.04353,""mpoy"":65.70514,""mpoz"":-29.1675,""mpoa"":0,""posx"":1.43631,""posy"":1.92204,""posz"":-0.125,""posa"":0,""unit"":0,""stat"":5,""coor"":2,""momo"":1,""dist"":0,""home"":1,""mots"":1,""plan"":0,""line"":1041,""path"":2,""frmo"":2,""prbe"":1,""safe"":0,""estp"":0,""spc"":1,""hold"":0,""macs"":5,""cycs"":1,""sps"":12000,""feed"":558.8,""mark"":176190722}}",5.279736456645005,0.2048870259896054,0.2069650853808762,0.2150678787726609,5.279736456645005,0.2048870259896054,0.2069650853808762,0.2150678787726609,-0.9897697199999989,0.0529272000000007,-0.041569600000001,-1.5674053199999924,-0.8949580200000038,0.8949580200000038,-31.0,36.66061018000006,-38.01816911999981,100.0,34.46,101.07337806000956,65.40042128000619,71.34591424000673,73.32774512000692,221.96506656002097,1742.4963868399914,-1.0200035399999998,-0.0909619399999997,0.0333199200000015,5.6308170400000055,1.7434405400000017,1.998182959999995,-3.435402939999975,16.435402939999975,-95.02742668000006,100.0,32.4250973,13.49749813999922,63.13345829999636,66.18128053999618,38.315478379997785,148.90788113999142,1892.2947096400023,-0.9820047599999996,-0.0575134800000008,0.0344593999999999,-5.50769391999999,-7.777978780000002,0.5424623199999974,-13.441972960000042,35.553588500000025,66.55358850000003,100.0,32.656652460000004,94.1928779199955,2.678470659999872,1.7856469999999147,1.7856469999999147,5.356941319999744,2027.5802354200064,-0.8993169399999961,0.527699520000004,-0.0440447800000036,0.5348722000001198,0.4154233200000402,1.094072940000005,11.876473319999937,11.106999500000178,17.752873420000007,100.0,40.35,83.75597980000076,103.16285318000094,73.54183600000066,56.68849882000051,208.36853512000187,2459.250343700012,-0.9940408,-0.0131399200000004,-0.0119619600000002,0.366,1.8224130399999956,4.80646968,8.0,-13.187942819999966,26.0,100.0,33.73516632,107.46592734000136,63.54956262000081,57.349605840000734,68.71619382000088,185.9987206000024,1555.094354400005,-1.008074079999999,0.0827118999999994,0.0147030399999998,2.846961419999998,1.7065399999999962,3.957836199999997,-5.0,30.74861523999997,39.32649776000005,100.0,33.07788928,102.20009147999669,2.312219159999925,1.84977565999994,1.387331499999955,4.62443831999985,1622.8884210800006,1041,X1.4051 Y1.9075
16:25:01.373,5,1045,1.35437,1.87613,-0.125,81.96205,64.53903,-29.1675,,558.8,0,0,,2,1,"{""sr"":{""mpox"":81.96205,""mpoy"":64.53903,""mpoz"":-29.1675,""mpoa"":0,""posx"":1.35437,""posy"":1.87613,""posz"":-0.125,""posa"":0,""unit"":0,""stat"":5,""coor"":2,""momo"":1,""dist"":0,""home"":1,""mots"":1,""plan"":0,""line"":1045,""path"":2,""frmo"":2,""prbe"":1,""safe"":0,""estp"":0,""spc"":1,""hold"":0,""macs"":5,""cycs"":1,""sps"":12000,""feed"":558.8,""mark"":176190722}}",5.252682048338323,0.2098031529210471,0.2136101245010568,0.2066190530803617,5.252682048338323,0.2098031529210471,0.2136101245010568,0.2066190530803617,-0.98547908,0.0388344400000003,-0.0156778000000001,-1.633381359999999,-0.7173813599999986,1.0233813599999986,-31.0,37.0,-38.239647680000026,100.0,34.45520688,38.58324672000363,23.245807000002188,25.642282000002417,26.84051988000253,81.2405009200077,2110.9269383199817,-1.00180748,-0.0723720799999999,0.0279001199999998,5.302361319999991,1.8065052800000043,1.9611651599999984,-3.397243280000009,17.0,-95.54056552000004,100.0,32.41531088,21.366386239999905,91.4756935999986,93.88672047999856,55.381953559999154,213.0892216799968,1793.7026295999965,-1.0245736799999994,-0.0144481199999997,0.0249301999999996,-5.913968159999989,-7.704124040000002,0.6653780400000013,-12.489663800000017,35.51033619999998,66.58957675999999,100.0,32.664310920000005,126.01098675999832,3.0271255999999687,2.358308039999969,2.358308039999969,7.074923359999908,1923.8344345199948,-0.9815419200000002,0.5165642399999947,0.0292382399999991,0.7440330400000567,2.3625056800000115,1.2490604399999987,10.588516439999992,19.58273987999992,-5.156033799999808,100.0,40.3416392,78.48586724000025,97.07016048000033,69.45073636000023,53.53494292000018,196.42329704000065,2230.9793536399907,-1.0033042399999996,-0.01051164,-0.0070452000000008,0.3961564800000017,1.6798175599999967,4.916850599999998,8.868075119999988,-13.131924880000012,26.868075119999983,100.0,33.73343444,102.38936864000011,59.41910716000028,53.23951996000025,64.1726356000003,173.37186816000082,1476.8439967599904,-1.0219971600000002,0.0960922000000008,-0.0078583199999997,2.8348204000000004,1.8132448800000005,3.9938204000000006,-5.0,30.70893596000001,39.29106403999999,100.0,33.08439688,122.71089419999883,2.801618239999973,2.2412945999999785,1.680971199999984,5.603237239999946,1507.6367214799957,1045,X1.3406 Y1.8665
16:25:01.631,5,1048,1.28527,1.81173,-0.125,80.2069,62.90327,-29.1675,,558.8,0,0,,2,1,"{""sr"":{""mpox"":80.2069,""mpoy"":62.90327,""mpoz"":-29.1675,""mpoa"":0,""posx"":1.28527,""posy"":1.81173,""posz"":-0.125,""posa"":0,""unit"":0,""stat"":5,""coor"":2,""momo"":1,""dist"":0,""home"":1,""mots"":1,""plan"":0,""line"":1048,""path"":2,""frmo"":2,""prbe"":1,""safe"":0,""estp"":0,""spc"":1,""hold"":0,""macs"":5,""cycs"":1,""sps"":12000,""feed"":558.8,""mark"":176190722}}",5.21335437609281,0.2054929634477999,0.2082197460692981,0.2102128841671907,5.21335437609281,0.2054929634477999,0.2082197460692981,0.2102128841671907,-0.9846658399999986,0.0311668799999996,-0.0005832399999987,-1.8411605199999777,-1.088839480000022,0.936321039999956,-31.0,37.0,-38.08328343999983,100.0,34.46,122.84004196002422,86.17137228001698,97.17197368001916,104.5057070800206,316.26727192006234,2009.425427360032,-1.0100367199999984,-0.0815780399999989,0.0316215599999997,5.433468879999997,1.60767191999994,2.0559919600000143,-3.0,16.0,-94.97591984000006,100.0,32.41,21.036978239995456,52.09156563998874,52.7594063999886,31.722428159993143,120.21130535997402,2046.016649999997,-1.0279932,-0.0978661600000034,0.0153984799999982,-5.122194160000011,-8.341240359999953,0.3943758400000297,-13.616293280000122,36.0,66.0,100.0,32.65642572,75.4209748399869,1.7872265999996897,1.4297810799997517,1.4297810799997517,4.289344079999254,2411.7858972400445,-0.958470480000006,0.356053999999994,-0.0058144400000093,2.2855532000003493,1.6289632400000775,1.1744880800000217,10.018179840000125,8.189253039999734,22.00455816000177,100.0,40.33,90.7110782000022,105.56435420000255,75.85780220000184,58.352155840001416,214.3115528800052,3182.285548200004,-1.0049658800000014,-0.0059267999999978,0.0053562800000025,0.5213345999999867,1.7339850000000194,4.885372760000008,8.0439402399999,-13.9560597600001,25.043940239999905,100.0,33.73458588,106.65892136000352,68.21839676000225,61.17999052000202,73.63255488000244,199.2410311600066,1587.051848599999,-1.0086153999999945,0.1186256400000041,-0.0110051600000007,2.8873660000000108,1.7058631199999872,4.064608080000003,-5.6495259999999305,30.35047400000007,38.35047400000007,100.0,33.08399912,87.82256271999087,1.999335479999785,1.599467679999828,1.1996007199998708,4.34914403999964,2190.773223400003,1048,X1.2832 Y1.809
16:25:01.889,5,1053,1.23606,1.73141,-0.125,78.95703,60.86295,-29.1675,,558.8,0,0,,2,1,"{""sr"":{""mpox"":78.95703,""mpoy"":60.86295,""mpoz"":-29.1675,""mpoa"":0,""posx"":1.23606,""posy"":1.73141,""posz"":-0.125,""posa"":0,""unit"":0,""stat"":5,""coor"":2,""momo"":1,""dist"":0,""home"":1,""mots"":1,""plan"":0,""line"":1053,""path"":2,""frmo"":2,""prbe"":1,""safe"":0,""estp"":0,""spc"":1,""hold"":0,""macs"":5,""cycs"":1,""sps"":12000,""feed"":558.8,""mark"":176190722}}",5.408516046539415,0.202029951124036,0.2051814632432069,0.2039427136268672,5.408516046539415,0.202029951124036,0.2051814632432069,0.2039427136268672,-0.9946005599999996,0.0340830000000001,0.0065719999999956,-1.4112092800000873,-0.7613479200000375,0.9720611199999938,-31.0,37.0,-38.0808216400001,100.0,34.46,11.936617400015171,7.293274400009268,8.414761320010692,9.216167440011713,27.888442440035437,1897.7892777199831,-1.014270639999999,-0.0737921600000002,0.0488186799999949,5.503566520000006,2.0473208399999723,2.102377680000004,-3.2755942799999693,16.0,-94.72440572000004,100.0,32.39056104,69.50303071999572,106.92774051999342,107.59603843999338,64.824942599996,245.9338020399849,1761.607742120005,-0.9870816799999996,-0.0011740400000061,0.0005938000000032,-5.510953359999968,-8.01377004,0.5472705999999955,-13.34173696,36.697653040000034,67.5905147999999,100.0,32.660535679999995,135.25763563999266,3.220419599999825,2.5763356799998607,2.5763356799998607,7.084924039999616,1544.742853880055,-0.9681078400000012,0.4790133200000064,0.0087808000000012,2.7515296800000058,2.22692911999999,1.0374200799999933,9.634244960000023,19.569500760000043,4.963791120000345,100.0,40.29925744,74.82042992000122,93.52553692000151,66.87075932000108,51.43904544000084,188.92158468000304,1726.8195600800375,-1.00153024,-0.0079780800000006,-0.0123238000000011,0.6195615599999849,1.6420554400000045,4.854356920000007,8.036214720000046,-14.0,26.0,100.0,33.74,97.0987910800021,58.16767156000126,52.213501040001134,62.74780360000136,169.00685768000366,1598.627801280005,-1.007486319999997,0.099925759999999,0.0022950399999982,2.842835799999996,1.6704522799999992,4.005547720000001,-5.0,30.428914600000063,38.96957471999996,100.0,33.08796972,130.52772827999468,3.007551559999877,2.406040879999902,1.804531119999926,6.6166127999997295,1519.4904335200238,1053,X1.2259 Y1.7096
16:25:02.146,5,1057,1.20637,1.64138,-0.125,78.20708,58.59373,-29.1675,,558.8,0,0,,2,1,"{""sr"":{""mpox"":78.20708,""mpoy"":58.59373,""mpoz"":-29.1675,""mpoa"":0,""posx"":1.20637,""posy"":1.64138,""posz"":-0.125,""posa"":0,""unit"":0,""stat"":5,""coor"":2,""momo"":1,""dist"":0,""home"":1,""mots"":1,""plan"":0,""line"":1057,""path"":2,""frmo"":2,""prbe"":1,""safe"":0,""estp"":0,""spc"":1,""hold"":0,""macs"":5,""cycs"":1,""sps"":12000,""feed"":558.8,""mark"":176190722}}",5.14113033814794,0.2042948205616344,0.2054552676022575,0.2039457531813608,5.14113033814794,0.2042948205616344,0.2054552676022575,0.2039457531813608,-0.9925143800000016,0.033195780000004,-0.0092957000000012,-1.4942551800000252,-0.7673957399999741,1.1185779599999617,-31.0,37.0,-39.77726967999979,100.0,34.46999802,103.34876825997216,69.93620919998116,80.81497419997824,89.36293399997594,270.4200083599272,1643.8445777800137,-1.0014675600000005,-0.0634026000000035,-0.0123861799999975,5.380379040000009,1.6304726000000014,2.098484059999964,-3.2330725799999374,17.0,-95.0,100.0,32.424594199999994,56.12529338001709,62.66598356001364,62.81973782001378,37.909051920008245,144.05341944003146,1568.8683982200594,-0.9994862599999964,-0.0209591000000078,0.0152612399999992,-5.316486620000026,-8.165809339999987,0.4154607000000088,-14.0,37.0,67.25766051999993,100.0,32.655531380000006,85.35679506001465,2.027070640000358,1.6216568000002871,1.6216568000002871,4.45955612000079,1652.6279210600317,-0.9904000400000028,0.0742984400000105,-0.019457619999994,0.9415626400001292,1.673854139999933,1.0574333600000063,12.703775460000024,5.8680218400002495,24.1698394999989,100.0,40.25938158,83.13336791999805,104.15745907999715,74.39936833999788,57.75055853999836,210.8138962799941,1467.6320385000429,-1.003332840000002,-0.0109950799999974,0.0050267200000025,0.3727599799999562,2.1871823799999888,4.906781339999984,8.529377259999977,-13.0,24.0,100.0,33.75569752,114.19056457998684,67.2308943399973,59.8196151599976,71.99528855999712,194.7116440399921,1303.396280560014,-1.00065898,0.1210528400000067,-0.0132457000000027,2.964312180000002,1.806673600000013,3.9742083200000207,-5.43273946000005,30.56726053999995,37.91576771999992,100.0,33.06949732,94.33723188001083,2.1636977400002486,1.7309582800001988,1.2982186000001492,4.760135940000547,1420.7444609600311,1057,X1.2062 Y1.6407
16:25:02.406,5,1061,1.20267,1.54761,-0.125,78.10885,56.19451,-29.1675,,558.8,0,0,,2,1,"{""sr"":{""mpox"":78.10885,""mpoy"":56.19451,""mpoz"":-29.1675,""mpoa"":0,""posx"":1.20267,""posy"":1.54761,""posz"":-0.125,""posa"":0,""unit"":0,""stat"":5,""coor"":2,""momo"":1,""dist"":0,""home"":1,""mots"":1,""plan"":0,""line"":1061,""path"":2,""frmo"":2,""prbe"":1,""safe"":0,""estp"":0,""spc"":1,""hold"":0,""macs"":5,""cycs"":1,""sps"":12000,""feed"":558.8,""mark"":176190722}}",5.30697877420017,0.2047949337857447,0.2072353616527955,0.2060701526349691,5.30697877420017,0.2047949337857447,0.2072353616527955,0.2060701526349691,-0.9800237799999996,0.0477626000000003,0.0007205199999983,-1.7985816799999854,-0.8798094200000024,0.8704006600000074,-31.00187404,37.0,-38.58374807999997,100.0,34.47996196,58.78187978000554,37.38303776000352,43.26351542000406,48.30392476000454,146.17187676001373,2503.4834357799773,-1.0096566599999997,-0.07387096,0.0102162400000002,5.554760999999986,1.5612315600000022,2.0431764799999947,-3.0,16.29316546000003,-94.53231717999998,100.0,32.4229316,85.70303051999745,86.76766429999742,86.76766429999742,52.16706229999845,199.0865428599941,2801.793134459985,-0.9665369999999992,-0.0434653400000016,0.0110509399999998,-5.271902660000004,-7.862870559999995,0.65089688,-13.719124999999972,37.0,66.80804726000002,100.0,32.64842646,109.6518439999972,2.6358620399999326,2.1086891999999464,2.1086891999999464,5.798895339999852,2731.585429959995,-0.8492290800000024,0.7202553800000013,0.0031138399999987,2.2460893999999847,1.3550465200000057,1.2560352400000037,8.620352919999958,9.914034939999688,10.907993580000207,100.0,40.26300392,80.70475384000046,99.51935950000056,70.8023301000004,54.95845222000031,201.0192033800012,4053.8325496599937,-1.0011574,-0.0153979600000002,0.022865240000001,0.4143583200000083,1.6909146399999864,4.832546960000002,8.319602619999978,-13.507494659999995,23.69538670000001,100.0,33.74492512,120.171292280001,62.54817234000053,55.65309858000047,66.48821506000056,179.7644330000015,1924.3490892200064,-0.9999638999999996,0.1240378199999999,-0.0135028200000004,2.8809812,1.8040017199999936,4.142446159999998,-5.641980500000025,30.51814239999999,37.83987709999999,100.0,33.07358034,111.95659917999792,2.590713579999953,2.0725707599999623,2.0725707599999623,5.6995697199998965,2641.436575939991,1061,X1.2057 Y1.5134
16:25:02.660,5,1065,1.22059,1.45522,-0.125,78.56416,53.84774,-29.1675,,558.8,0,0,,2,1,"{""sr"":{""mpox"":78.56416,""mpoy"":53.84774,""mpoz"":-29.1675,""mpoa"":0,""posx"":1.22059,""posy"":1.45522,""posz"":-0.125,""posa"":0,""unit"":0,""stat"":5,""coor"":2,""momo"":1,""dist"":0,""home"":1,""mots"":1,""plan"":0,""line"":1065,""path"":2,""frmo"":2,""prbe"":1,""safe"":0,""estp"":0,""spc"":1,""hold"":0,""macs"":5,""cycs"":1,""sps"":12000,""feed"":558.8,""mark"":176190722}}",5.208183567274899,0.1879482174716137,0.1907511402985725,0.2079781084056358,5.208183567274899,0.1879482174716137,0.1907511402985725,0.2079781084056358,-0.9954795000000004,0.0389904999999988,-0.0064864999999998,-1.9517310000000003,-0.9767255,0.976878,-31.0,37.0,-38.502467500000144,100.0,34.474979999999995,67.29701799998092,44.86234649998728,51.840394999985286,57.32351349998373,172.96700399995092,1766.584481000014,-1.0023489999999993,-0.0714639999999995,0.0469770000000007,5.426366000000035,2.0161709999999835,2.0538095000000007,-4.0,16.3506765000001,-94.50164400000006,100.0,32.411509499999994,94.40654300001104,81.26631800000919,81.41728550000916,49.16110600000556,186.76251200002108,1626.430141500031,-0.9985365000000006,-0.0412205000000026,0.0270034999999993,-5.066416500000029,-8.16906050000002,0.366,-12.0,37.333642500000096,66.3336425000001,100.0,32.665025,102.15350900000983,2.487552000000241,1.990041500000193,1.990041500000193,5.4726150000005305,1648.5409495000542,-0.9285014999999978,0.5342254999999947,-0.0171974999999997,3.481849500000086,1.64718299999994,1.230862500000025,11.072556999999694,-3.004755500000063,11.111212999999571,100.0,40.225008,84.47726249999779,99.84147849999788,71.3866569999985,54.91281299999884,201.94792549999568,2055.7264820000123,-1.0018485000000004,-0.0134669999999986,-0.0012390000000003,0.6575449999999997,1.7907470000000214,4.863012500000013,8.275636999999922,-14.0,24.27563699999992,100.0,33.7449925,119.66196699999688,62.68087749999808,55.69149049999828,66.67481299999795,179.77912549999454,1416.8064685000018,-1.0111750000000008,0.1012080000000035,-0.0104840000000013,2.833965499999977,1.6902285000000097,4.065844499999994,-6.189800000000054,30.18980000000005,37.500822500000034,100.0,33.075008,108.67850250000738,2.50411300000017,2.003290500000136,2.003290500000136,5.5090485000003735,1658.4999395000357,1065,X1.2227 Y1.4477
16:25:02.917,5,1071,1.26239,1.3707,-0.125,79.62573,51.70102,-29.1675,,558.8,0,0,,2,1,"{""sr"":{""mpox"":79.62573,""mpoy"":51.70102,""mpoz"":-29.1675,""mpoa"":0,""posx"":1.26239,""posy"":1.3707,""posz"":-0.125,""posa"":0,""unit"":0,""stat"":5,""coor"":2,""momo"":1,""dist"":0,""home"":1,""mots"":1,""plan"":0,""line"":1071,""path"":2,""frmo"":2,""prbe"":1,""safe"":0,""estp"":0,""spc"":1,""hold"":0,""macs"":5,""cycs"":1,""sps"":12000,""feed"":558.8,""mark"":176190722}}",5.311221417720202,0.2012545856678715,0.2206627651742498,0.2115284873447293,5.311221417720202,0.2012545856678715,0.2206627651742498,0.2115284873447293,-0.99327756,0.0387573599999996,0.0181135600000014,-1.665080879999996,-1.0277944399999874,0.9769874,-31.640007239999967,36.63980095999997,-39.00020628,100.0,34.47000216,93.43897179999502,58.88044459999686,67.20053663999643,72.96080699999612,220.1628470399883,2497.679804879993,-0.9998552,-0.0681308400000003,0.04055312,5.328566720000006,1.9134832799999928,2.020232640000003,-3.5565268399999863,16.551085440000023,-95.0,100.0,32.41892396,94.0163832800029,70.9557609600022,71.3992341200022,43.016929880001335,163.19824960000506,2603.076230879985,-1.0210984,-0.0398450799999995,-0.0041052399999998,-4.669493639999997,-8.457215280000009,0.3074298799999942,-13.0,38.0,67.0,100.0,32.65881884,94.25411220000242,2.2657239200000583,1.8125791200000467,1.8125791200000467,4.531447480000117,2681.6167624799887,-0.9676936,0.4155880800000048,0.0040254399999992,0.995974000000019,1.0650776000000066,1.278390319999996,12.225336879999926,-0.666410960000026,15.891747839999953,100.0,40.24,83.99902879999959,101.81700423999948,72.79915775999963,55.99935219999972,205.67034923999896,3369.58227483999,-1.0052027999999995,-0.0012124400000003,-0.0162150800000005,0.212471400000005,1.9932301999999968,4.830226880000003,5.692967040000123,-9.44889928000022,17.276729040000387,100.0,33.7419782,105.32759167999932,63.71034843999959,56.51724431999963,67.30689999999956,181.8827676799988,2284.5789658799827,-1.0083454400000005,0.1336711999999989,-0.0200933199999988,2.93,1.7173826400000043,4.062981919999996,-7.223420680000021,31.0,37.75626688000001,100.0,33.08289096,101.5958556000018,2.3357702800000406,1.8686164800000329,1.8686164800000329,5.605849080000098,2480.524276839973,1071,X1.2834 Y1.3407
16:25:03.175,5,1073,1.32334,1.29886,-0.125,81.17404,49.87621,-29.1675,,558.8,0,0,,2,1,"{""sr"":{""mpox"":81.17404,""mpoy"":49.87621,""mpoz"":-29.1675,""mpoa"":0,""posx"":1.32334,""posy"":1.29886,""posz"":-0.125,""posa"":0,""unit"":0,""stat"":5,""coor"":2,""momo"":1,""dist"":0,""home"":1,""mots"":1,""plan"":0,""line"":1073,""path"":2,""frmo"":2,""prbe"":1,""safe"":0,""estp"":0,""spc"":1,""hold"":0,""macs"":5,""cycs"":1,""sps"":12000,""feed"":558.8,""mark"":176190722}}",5.205848138392505,0.1827642078587111,0.1893066953049196,0.1905518552377418,5.205848138392505,0.1827642078587111,0.1893066953049196,0.1905518552377418,-1.0007688,0.0537726000000018,0.013532599999996,-1.843423400000093,-0.953145400000021,1.061868600000031,-32.0,37.19929299999983,-39.9973016,100.0,34.47,29.6684087999751,18.989861999984075,21.411057799982043,22.82229699998086,68.87357119994225,2140.728504999977,-1.0203530000000014,-0.1020448000000004,0.0502270000000003,5.103826999999984,1.913100999999972,1.9515646000000064,-3.059771199999949,16.05977119999995,-94.67874820000002,100.0,32.4138102,131.12076300001337,96.62013800001058,97.85809100001072,58.24358200000636,223.0109296000244,2225.0066112000272,-0.9984696000000018,0.0003244000000031,0.0269675999999986,-4.421625199999768,-8.627372400000139,0.3168293999999202,-13.533782400000112,38.46621759999989,66.59931220000006,100.0,32.6646824,121.72595500001172,2.9965622000002896,2.3972500000002315,2.3972500000002315,5.993124400000579,2173.9117806000204,-0.8848433999999935,0.6474338000000103,-0.0518968000000021,2.5109063999995445,1.991479800000056,1.2558548000000225,7.001696999999505,2.697204400000438,-8.642168400000388,100.0,40.27,81.22095399999813,95.69903519999768,68.39427179999836,52.69340359999867,193.4213459999952,3287.579312600035,-1.0015677999999997,-0.0032462000000011,0.0194564000000025,0.3759461999999864,1.8429055999999768,4.8880568000000135,8.0,-13.639034399999924,24.528753400000017,100.0,33.7436096,90.18882019999889,57.13110959999784,50.89462419999816,60.42983519999772,163.2718577999939,1895.76646100003,-1.0403370000000078,0.090557199999994,-0.0183969999999996,2.8174642000000163,1.712587000000017,4.132262800000007,-7.0,31.0,36.26330299999997,100.0,33.0961288,123.63404160000871,2.8487108000002013,2.8487108000002013,2.278968600000161,6.836905200000484,2007.7838378000677,1073,X1.3326 Y1.2896
16:25:03.432,5,1078,1.40082,1.2445,-0.125,83.14204,48.49554,-29.1675,,558.8,0,0,,2,1,"{""sr"":{""mpox"":83.14204,""mpoy"":48.49554,""mpoz"":-29.1675,""mpoa"":0,""posx"":1.40082,""posy"":1.2445,""posz"":-0.125,""posa"":0,""unit"":0,""stat"":5,""coor"":2,""momo"":1,""dist"":0,""home"":1,""mots"":1,""plan"":0,""line"":1078,""path"":2,""frmo"":2,""prbe"":1,""safe"":0,""estp"":0,""spc"":1,""hold"":0,""macs"":5,""cycs"":1,""sps"":12000,""feed"":558.8,""mark"":176190722}}",5.23389318963391,0.2092190624753711,0.2142771285890193,0.2116060972671382,5.23389318963391,0.2092190624753711,0.2142771285890193,0.2116060972671382,-0.99366188,0.0458571799999998,-0.0130752999999998,-1.7846780600000014,-0.9843392000000007,0.73200036,-31.0,37.0,-38.93984394,100.0,34.470601880000004,124.9992004399992,91.16483115999944,100.56326947999938,104.32264615999937,314.8476224999981,1682.4457555800016,-1.00315444,-0.0800307,-0.0085741,5.167509140000001,1.6355308000000013,1.91406352,-3.018048240000001,16.343646880000005,-94.32559864,100.0,32.41,72.28279710000051,49.49092400000034,50.46771892000035,29.955033300000206,115.58735494000082,2559.9060995599984,-1.00839826,-0.0478387799999999,-0.0076296999999998,-5.251409880000002,-7.974611,0.4697770000000002,-12.350633120000005,38.370317500000006,67.35063312,100.0,32.65350608,70.8279569800004,1.7531674200000098,1.4025333600000078,1.4025333600000078,3.50633484000002,2451.7193161999985,-0.9652383,0.2281299800000002,0.0142464800000002,1.8279576000000035,0.8634899999999994,1.2514894399999998,10.032075940000004,-7.859742159999962,3.7874223800000033,100.0,40.25967924,88.29469097999993,107.44293719999992,76.59298481999994,59.040426519999954,215.94966665999985,3164.892162699999,-0.9997371,-0.0104005,-0.0037956399999999,0.4307174199999988,1.8461398400000009,4.8570513,8.032985120000003,-14.0,24.850762979999995,100.0,33.75541662,116.45115527999988,64.99599365999993,57.41312731999994,68.24579293999993,184.1553143599998,1698.6304059400018,-0.9733528,0.14190438,-0.01319842,2.83677856,1.6306355800000003,4.12360366,-7.395705880000001,30.60429412,36.0,100.0,33.09358704,85.5464766800003,2.374234460000008,1.978528520000007,1.5828226400000054,4.748468860000016,1979.9750469400003,1078,X1.4065 Y1.2418
16:25:03.689,5,1082,1.48883,1.21174,-0.125,85.37753,47.66336,-29.1675,,558.8,0,0,,2,1,"{""sr"":{""mpox"":85.37753,""mpoy"":47.66336,""mpoz"":-29.1675,""mpoa"":0,""posx"":1.48883,""posy"":1.21174,""posz"":-0.125,""posa"":0,""unit"":0,""stat"":5,""coor"":2,""momo"":1,""dist"":0,""home"":1,""mots"":1,""plan"":0,""line"":1082,""path"":2,""frmo"":2,""prbe"":1,""safe"":0,""estp"":0,""spc"":1,""hold"":0,""macs"":5,""cycs"":1,""sps"":12000,""feed"":558.8,""mark"":176190722}}",5.361234623476538,0.2006543965559078,0.1967533724183487,0.201469896772075,5.361234623476538,0.2006543965559078,0.1967533724183487,0.201469896772075,-0.9895018399999996,0.0493232000000012,-0.0307390399999997,-1.4495974400000435,-0.85402736,0.9719458399999952,-31.0,37.0,-39.916920759999925,100.0,34.47083036,12.428592320011862,8.28572796000791,8.865729480008463,9.031444400008622,27.425761040026178,1788.5755788399977,-1.0074125599999992,-0.0708630799999989,0.0249711199999974,5.347438639999995,2.074138920000016,2.1227088800000047,-2.177967120000071,11.61582280000038,-68.96894776000225,100.0,32.40604164,149.38041959999285,96.46089887999538,101.81983763999511,58.2784596399972,230.43436947998896,1904.8597852000075,-1.0223708399999991,-0.0163609600000023,0.0166375200000015,-5.468261920000015,-7.794372360000003,0.6772307999999854,-12.641809759999973,39.0,67.28361951999995,100.0,32.6535816,129.0037857199946,3.209049799999866,2.5672391199998925,2.5672391199998925,6.418098679999732,2046.5943936800184,-1.0320227599999932,0.4039178000000071,0.0321296799999935,1.4115665599999696,1.744307399999938,1.2732903600000096,5.212236800000136,1.0850933600001595,-12.989936559999306,100.0,40.25579744,75.38249016000094,94.57927328000116,67.42284808000083,51.50356476000064,190.0949739600024,2443.626989480036,-1.0117128799999997,-0.0109206800000007,0.0325395199999958,0.6703663999999872,1.8859388000000248,4.736664240000009,9.0,-14.0,26.012711159999917,100.0,33.75457824,72.3386764800013,53.56724780000096,47.61533132000085,56.31428604000101,152.0027886800027,1690.4873552800193,-1.0199593200000006,0.1133336800000026,0.0072421199999995,2.989139119999998,1.674177080000003,4.214064199999989,-8.0,30.03050592000003,36.57087195999996,100.0,33.0942914,129.41817639999604,3.608264439999886,3.006887479999905,2.405509599999924,7.216529799999772,1761.5885062800005,1082,X1.505 Y1.2074
16:25:03.947,5,1087,1.58254,1.20112,-0.125,87.75763,47.39376,-29.1675,,558.8,0,0,,2,1,"{""sr"":{""mpox"":87.75763,""mpoy"":47.39376,""mpoz"":-29.1675,""mpoa"":0,""posx"":1.58254,""posy"":1.20112,""posz"":-0.125,""posa"":0,""unit"":0,""stat"":5,""coor"":2,""momo"":1,""dist"":0,""home"":1,""mots"":1,""plan"":0,""line"":1087,""path"":2,""frmo"":2,""prbe"":1,""safe"":0,""estp"":0,""spc"":1,""hold"":0,""macs"":5,""cycs"":1,""sps"":12000,""feed"":558.8,""mark"":176190722}}",5.211793705779861,0.196742041739956,0.1756476243963428,0.1916353817177439,5.211793705779861,0.196742041739956,0.1756476243963428,0.1916353817177439,-0.99048,0.0503190000000003,-0.0191973199999986,-1.989581520000028,-0.9159886,0.9306363199999972,-31.239963279999955,37.75990704000005,-37.24009295999996,100.0,34.470000760000005,112.47730236000676,78.27809412000468,82.0779246000049,82.0779246000049,251.55363868001504,1651.9842187999625,-1.01619264,-0.0766505600000008,0.0385881200000026,5.297122319999998,1.77,2.038061279999999,-4.0,16.226679880000013,-95.75774672,100.0,32.39956644,86.66934523999606,54.49251091999753,58.60474019999732,32.40351495999855,131.862909559994,2129.24517183998,-0.92472016,-0.0283702800000009,0.0067904800000001,-5.297814799999991,-7.9955779600000065,0.6297365599999927,-12.249135600000017,39.0,67.59081608000001,100.0,32.65409184,82.06777607999682,2.045919319999923,1.6367353999999383,1.6367353999999383,4.091838119999846,2108.4792897199777,-1.0485539200000031,0.3290272799999988,0.0124751600000016,1.4285946800000306,1.7297728799999748,1.223270239999998,11.332433000000051,1.8937616799998307,-1.2261681999998424,100.0,40.28593096,85.27785704000047,104.65042660000066,74.16330168000046,57.04869412000035,210.0429179200013,2332.0910339999928,-1.0140298799999998,-0.01519432,0.0060354799999988,0.6680403199999995,1.999622520000009,4.918642599999998,9.0,-13.524260360000005,25.58430507999997,100.0,33.75475704,121.95420628000096,60.18142856000052,53.47460356000044,63.85125384000054,171.21615588000145,1823.2519935999744,-1.0607902399999978,0.1022189600000005,0.0173021599999998,2.7618927999999943,1.6859465199999972,4.044834079999997,-8.469917880000029,30.53008211999997,36.469917880000025,100.0,33.08469908,95.06612907999768,2.628556759999936,2.1904637599999464,1.7523709999999573,5.257113519999872,1750.6977945199794,1087,X1.6364 Y1.2059
16:25:04.209,5,1090,1.67553,1.2157,-0.125,90.11949,47.76395,-29.1675,,558.8,0,0,,2,1,"{""sr"":{""mpox"":90.11949,""mpoy"":47.76395,""mpoz"":-29.1675,""mpoa"":0,""posx"":1.67553,""posy"":1.2157,""posz"":-0.125,""posa"":0,""unit"":0,""stat"":5,""coor"":2,""momo"":1,""dist"":0,""home"":1,""mots"":1,""plan"":0,""line"":1090,""path"":2,""frmo"":2,""prbe"":1,""safe"":0,""estp"":0,""spc"":1,""hold"":0,""macs"":5,""cycs"":1,""sps"":12000,""feed"":558.8,""mark"":176190722}}",5.342809136995935,0.1989811958967482,0.200691821212461,0.2013558533770075,5.342809136995935,0.1989811958967482,0.200691821212461,0.2013558533770075,-1.0015662400000005,0.0443964800000016,-0.0041254399999984,-1.7991561599999946,-0.8809460799999833,0.9500539200000166,-31.0,37.0,-37.95593535999982,100.0,34.47522016,74.08499471998596,50.6645769599904,50.6645769599904,51.14254463999031,156.7734081599703,1862.5930680000083,-1.0087909600000018,-0.0857055199999996,0.0436289599999999,5.463666399999979,1.8303513600000232,2.053847519999988,-3.335105279999937,17.0,-95.35207364,100.0,32.40161728,112.88346296000802,67.11989736000477,74.23867396000527,39.15327296000278,164.7488378000117,1824.5548959600128,-1.0031318399999989,-0.0155285999999974,0.0189604399999997,-5.065044639999996,-8.424202400000008,0.3371803200000092,-12.82937291999997,39.0,66.17062708000003,100.0,32.66,102.07386976000625,2.5391511200001555,2.0313210800001245,2.0313210800001245,5.5861322400003415,2135.6059284800044,-0.9530089199999846,0.5126202400000232,0.0376245199999963,1.96285991999969,1.0514736800000222,1.2275689999999846,7.835046680000146,11.222247040000337,1.8866040799998047,100.0,40.28943884,81.90683239999892,100.38581227999867,71.41876247999906,54.93750919999928,202.26992075999732,1978.751883560012,-1.0052019199999993,-0.0085585600000003,-0.0022156000000002,0.5487417199999989,1.8128089600000363,4.991800480000003,9.0,-14.0,25.21638639999996,100.0,33.76,114.01542647999794,55.76300347999899,50.28627987999909,59.74607503999893,159.8207507999971,1585.8205026400017,-1.0245692399999986,0.1557442799999988,-0.0095360000000008,2.8494339599999967,1.773250679999995,4.049867919999993,-8.0,30.49611083999998,36.679244759999946,100.0,33.08679264,108.51931836000456,3.0233355600001284,2.519445880000107,2.0155572000000856,6.550559800000277,1835.3807284800007,1090,X1.6938 Y1.2206
16:25:04.461,5,1096,1.76275,1.25176,-0.125,92.3351,48.68004,-29.1675,,558.8,0,0,,2,1,"{""sr"":{""mpox"":92.3351,""mpoy"":48.68004,""mpoz"":-29.1675,""mpoa"":0,""posx"":1.76275,""posy"":1.25176,""posz"":-0.125,""posa"":0,""unit"":0,""stat"":5,""coor"":2,""momo"":1,""dist"":0,""home"":1,""mots"":1,""plan"":0,""line"":1096,""path"":2,""frmo"":2,""prbe"":1,""safe"":0,""estp"":0,""spc"":1,""hold"":0,""macs"":5,""cycs"":1,""sps"":12000,""feed"":558.8,""mark"":176190722}}",5.157208463376061,0.1977777598387756,0.1975805722689551,0.1908374253761584,5.157208463376061,0.1977777598387756,0.1975805722689551,0.1908374253761584,-0.9848757199999996,0.0450646000000003,-0.025161800000003,-1.772843000000011,-0.7591577199999833,0.8864418800000056,-31.00003952,37.0,-38.03992096000018,100.0,34.4700168,73.19177523998613,51.18644455999031,50.22960995999049,50.7079872399904,155.47268571997054,2401.351328599966,-1.0003503200000003,-0.0838598400000012,0.0416402400000001,5.381340120000019,1.837958160000016,1.945351080000006,-3.0,16.509768240000035,-94.14492687999996,100.0,32.41490256,112.7388613600084,64.0109094000045,73.04181428000517,36.99318232000256,158.75285288001112,1875.467605959972,-0.9943838799999968,-0.0352327599999996,0.0301945600000001,-5.230581240000007,-8.327046920000022,0.5151343199999869,-12.66715612,39.0,67.15906527999996,100.0,32.64477216,103.33241908000636,2.5404547200001546,2.032363360000124,2.032363360000124,5.58900024000034,2039.414963599968,-0.975549400000009,0.3680711199999768,-0.0043685599999999,3.901660280000092,2.005819279999965,1.329370439999992,8.522571919999784,6.21889612000012,-4.20193996000021,100.0,40.29257328,79.86055531999905,100.54186787999863,71.67341083999904,54.990910119999306,202.0791993199973,2085.3427733599674,-1.00318576,-0.0139838000000008,-0.0026459200000007,0.569212639999987,1.7333526800000136,4.929754599999997,8.499014719999991,-14.0,26.23550256000006,100.0,33.75734512,104.99463139999814,55.39061255999895,49.90145275999905,59.149196719998834,158.95210227999695,1855.025840039984,-1.008423440000002,0.1331434799999976,-0.0083091599999997,2.838852920000001,1.9227878000000145,4.045396439999994,-7.802524799999966,30.49421935999998,36.0,100.0,33.08,109.7543917600047,3.0346834400001304,2.528903280000109,2.0231226400000866,6.575148040000282,1807.720589119985,1096,X1.7677 Y1.2546
16:25:04.722,5,1099,1.83706,1.30966,-0.125,94.22238,50.15053,-29.1675,,558.8,0,0,,2,1,"{""sr"":{""mpox"":94.22238,""mpoy"":50.15053,""mpoz"":-29.1675,""mpoa"":0,""posx"":1.83706,""posy"":1.30966,""posz"":-0.125,""posa"":0,""unit"":0,""stat"":5,""coor"":2,""momo"":1,""dist"":0,""home"":1,""mots"":1,""plan"":0,""line"":1099,""path"":2,""frmo"":2,""prbe"":1,""safe"":0,""estp"":0,""spc"":1,""hold"":0,""macs"":5,""cycs"":1,""sps"":12000,""feed"":558.8,""mark"":176190722}}",5.321393236473618,0.2034678378628924,0.2062814176703725,0.2085568852955754,5.321393236473618,0.2034678378628924,0.2062814176703725,0.2085568852955754,-0.9919655999999998,0.056490859999999,-0.0096885199999995,-1.965294439999992,-1.0061287799999945,0.8858734000000056,-32.0,36.99789544,-37.47962729999991,100.0,34.47,118.20179411999275,79.78621123999513,76.09240525999535,76.83116649999529,237.88111123998544,1523.0620366400246,-1.0074526200000002,-0.0904164799999996,0.0299595399999995,5.234801000000006,1.9893918199999905,1.982321340000002,-3.9222464799999854,16.519316459999967,-94.51931645999996,100.0,32.41558434,87.43572812000397,49.15741424000223,56.81307666000258,27.802143800001264,121.28181626000551,1511.5288150000135,-0.998983580000001,-0.0626874800000011,-0.0045293000000006,-5.068512840000016,-8.250454000000003,0.3410609800000028,-13.0,39.0,66.98970041999995,100.0,32.66,86.34095728000317,2.095654500000077,1.6765232600000617,1.6765232600000617,4.610439760000169,1731.6239229999985,-1.043782239999999,0.2203410000000029,-0.0134542200000001,2.7539419800000697,0.8816729600000243,1.200240140000005,10.717310599999896,5.7931699799999885,24.317051019999656,100.0,40.30343434,84.74928909999944,104.38631991999932,74.41400959999952,57.36079957999963,209.80616701999864,2020.3942766999949,-0.99841868,-0.0141133800000001,-0.0049912400000002,0.1950300600000041,2.107152259999996,5.001987519999994,9.0,-14.0,26.142881960000025,100.0,33.75,107.5601989399991,57.43505805999951,51.69155157999956,61.61215283999948,165.5173933199986,1499.204503399985,-0.9625282600000004,0.1785850199999984,-0.0133210799999995,2.8837355399999947,1.8068794600000024,4.062409999999997,-7.161266560000028,30.16126656000003,36.0,100.0,33.08161278,96.40152682000246,2.659901920000065,2.2165851000000543,1.7732675400000435,5.763120180000142,1289.4094291600145,1099,X1.8602 Y1.3328
16:25:04.976,5,1102,1.89591,1.38334,-0.125,95.71723,52.02198,-29.1675,,558.8,0,0,,2,1,"{""sr"":{""mpox"":95.71723,""mpoy"":52.02198,""mpoz"":-29.1675,""mpoa"":0,""posx"":1.89591,""posy"":1.38334,""posz"":-0.125,""posa"":0,""unit"":0,""stat"":5,""coor"":2,""momo"":1,""dist"":0,""home"":1,""mots"":1,""plan"":0,""line"":1102,""path"":2,""frmo"":2,""prbe"":1,""safe"":0,""estp"":0,""spc"":1,""hold"":0,""macs"":5,""cycs"":1,""sps"":12000,""feed"":558.8,""mark"":176190722}}",5.071429006106114,0.1978790850596452,0.2027850160536375,0.2068389687593407,5.071429006106114,0.1978790850596452,0.2027850160536375,0.2068389687593407,-0.99235864,0.0379027399999998,0.0105727399999989,-1.9151762600000188,-0.8430838200000021,1.0048987000000065,-32.0,37.0,-37.81978762000004,100.0,34.47179946,30.62491819999419,19.45799131999632,18.37699169999652,18.73732529999646,57.83326203998904,2204.977816699978,-1.0142329000000003,-0.0698163999999998,0.0252301799999992,5.520576540000007,1.757081079999999,2.0196919400000035,-3.6271767400000137,17.0,-95.62717674000002,100.0,32.41319122,126.1331794000026,74.06052316000161,87.23123206000189,41.44733878000089,182.04226504000397,2477.3286347599865,-1.022503099999999,-0.0307746799999993,0.0259419799999996,-6.183030760000024,-7.570174959999992,0.8297107400000049,-13.059397839999988,38.05939783999999,66.61012378000001,100.0,32.65898576,126.3550854000024,3.050620360000058,2.4404965800000467,2.4404965800000467,6.711365140000128,2391.1972394999816,-0.8960011999999975,0.3118467200000005,-0.028471420000002,4.141627120000114,2.044318100000005,1.2501573199999998,10.955975459999996,17.430046900000082,5.249032259999852,100.0,40.31859546,84.69625495999965,96.55347775999952,68.83020243999965,53.05661403999974,194.54091911999905,2856.324717319974,-1.00471908,-0.0108581799999999,0.0190960200000002,0.2935075000000062,2.038511419999989,4.9153943,8.630261999999984,-14.0,26.369738000000016,100.0,33.75,94.0143173999992,51.58385075999962,46.425465119999664,54.8664588199996,148.18633415999892,2317.94829913999,-1.0275642999999994,0.1297134400000003,-0.0205082000000006,2.91981256,1.8479784799999983,4.145432240000003,-7.0,30.685220039999987,37.0,100.0,33.07426128,123.96006566000172,3.443335200000048,2.86944606000004,2.295556740000032,6.886670400000096,2592.3720663199942,1102,X1.8991 Y1.3889
16:25:05.233,5,1108,1.93297,1.46999,-0.125,96.6586,54.22287,-29.1675,,558.8,0,0,,2,1,"{""sr"":{""mpox"":96.6586,""mpoy"":54.22287,""mpoz"":-29.1675,""mpoa"":0,""posx"":1.93297,""posy"":1.46999,""posz"":-0.125,""posa"":0,""unit"":0,""stat"":5,""coor"":2,""momo"":1,""dist"":0,""home"":1,""mots"":1,""plan"":0,""line"":1108,""path"":2,""frmo"":2,""prbe"":1,""safe"":0,""estp"":0,""spc"":1,""hold"":0,""macs"":5,""cycs"":1,""sps"":12000,""feed"":558.8,""mark"":176190722}}",5.405983369267327,0.202067104546586,0.2030497115714246,0.2075857959010955,5.405983369267327,0.202067104546586,0.2030497115714246,0.2075857959010955,-0.9978040399999992,0.0349231199999996,0.0048961199999949,-1.534042240000033,-0.7395224000000333,0.7427033200000442,-31.960129479999814,36.0,-36.042927160000175,100.0,34.48003072,145.47505343997253,103.36385423998048,96.66434531998176,98.57849003998138,305.3061985199423,1550.7276157600331,-1.0075078399999997,-0.0679354800000015,0.0249349199999971,5.248312960000023,1.856146279999978,2.031217000000021,-3.0,17.0,-94.67041887999989,100.0,32.40987972,52.39640504001193,36.83626084000839,43.50489476000991,20.32345404000463,90.5028826000206,1812.570699400008,-0.9934476799999924,-0.0085821200000124,0.0074320000000004,-5.455922120000019,-8.140306040000011,0.5473839199999927,-13.64202303999988,37.01324652000006,66.70270836000019,100.0,32.669867520000004,71.01454136001264,1.723654080000307,1.3789226800002456,1.3789226800002456,4.136769000000736,1853.924786239988,-0.9159323600000048,0.1844012000000014,-0.0314789199999984,2.148558519999889,1.169620079999949,1.1692720800000225,12.087866040000073,-0.6875989200000331,28.79448788000052,100.0,40.34423968,93.85098807999776,107.71533835999742,76.78717207999816,59.190111439998574,217.0304095999948,2071.9169991599565,-0.9987407200000008,-0.0182653199999996,0.0018553600000004,0.6192503599999831,1.8377260400000304,4.945345200000006,8.0,-14.0,27.0,100.0,33.75,112.53231031999611,59.83425267999793,54.34487195999812,64.77469555999775,174.01337823999398,1339.5936909199952,-0.9947931600000028,0.1206945600000032,-0.0120109199999993,2.913674559999992,1.9856413199999767,4.117134799999996,-6.0,30.975322039999888,36.97532203999989,100.0,33.0675706,84.13410960000967,2.345173600000257,1.9543113200002145,1.5634490800001717,4.690348160000514,1640.1890832000015,1108,X1.9424 Y1.5052
16:25:05.490,5,1112,1.94613,1.55506,-0.125,96.99283,56.38381,-29.1675,,558.8,0,0,,2,3,"{""sr"":{""mpox"":96.99283,""mpoy"":56.38381,""mpoz"":-29.1675,""mpoa"":0,""posx"":1.94613,""posy"":1.55506,""posz"":-0.125,""posa"":0,""unit"":0,""stat"":5,""coor"":2,""momo"":3,""dist"":0,""home"":1,""mots"":1,""plan"":0,""line"":1112,""path"":2,""frmo"":2,""prbe"":1,""safe"":0,""estp"":0,""spc"":1,""hold"":0,""macs"":5,""cycs"":1,""sps"":12000,""feed"":558.8,""mark"":176190722}}",5.305703272321089,0.1976873927457902,0.2046941435229327,0.2050055793925947,5.305703272321089,0.1976873927457902,0.2046941435229327,0.2050055793925947,-0.9905996000000004,0.0362006999999998,-0.0004015999999996,-1.9895122000000207,-0.9404632999999792,0.9708820000000052,-31.0,36.0,-37.0000573,100.0,34.4910027,17.54277789998509,10.8264004999908,10.124689099991397,10.325177599991225,32.07822269997274,1566.7610665000154,-0.9984301000000004,-0.0711932999999995,0.034423500000001,5.370344000000016,1.7461800999999997,1.912728999999998,-1.0895547999998376,5.507126899999393,-32.012561799996725,100.0,32.4092989,101.00856930000523,76.58166100000398,89.78539560000465,42.25195060000219,186.8328448000097,1712.5855645000056,-0.9962286999999947,-0.0107107000000036,0.0292730000000009,-5.098208300000007,-8.490261300000013,0.4635148000000034,-13.933189700000057,37.29929860000003,66.29929860000003,100.0,32.6513362,129.94774280000587,3.169457400000143,2.5355654000001144,2.5355654000001144,7.606697000000343,1712.2590514,-1.0242516000000006,0.2878993000000083,0.0445786999999996,4.84050700000014,0.9951973000000244,1.1875429000000084,11.516157299999954,11.594937899999824,3.8384288000004583,100.0,40.3453031,84.54423669999889,94.87742099999876,67.63538919999911,52.13561269999931,191.16391299999745,1893.3099890000133,-1.0063717000000003,-0.0139711999999998,0.006091800000001,0.6537731000000199,1.9234842999999917,4.950972800000004,9.0,-14.494621100000046,26.49462110000005,100.0,33.7595472,92.02057089999836,50.61131399999909,46.01028549999917,54.29213649999903,147.23291349999735,1529.9230127000003,-1.0062598999999997,0.1973897000000003,-0.0223078000000001,2.7621303999999944,1.7218047999999964,3.982130399999994,-6.038124499999968,30.441427599999948,38.0,100.0,33.0715529,131.19705650000455,3.5420568000001547,2.983484400000102,2.3867875000000813,7.160361700000245,1475.2308634000174,1112,G3 X1.9314 Y1.5719 R0.025
16:25:05.748,5,1117,1.91708,1.57768,-0.11955,96.25487,56.95842,-29.02916,,558.8,0,0,,2,1,"{""sr"":{""mpox"":96.25487,""mpoy"":56.95842,""mpoz"":-29.02916,""mpoa"":0,""posx"":1.91708,""posy"":1.57768,""posz"":-0.11955,""posa"":0,""unit"":0,""stat"":5,""coor"":2,""momo"":1,""dist"":0,""home"":1,""mots"":1,""plan"":0,""line"":1117,""path"":2,""frmo"":2,""prbe"":1,""safe"":0,""estp"":0,""spc"":1,""hold"":0,""macs"":5,""cycs"":1,""sps"":12000,""feed"":558.8,""mark"":176190722}}",5.08392210823219,0.1979835517496348,0.2009921382509799,0.2059615230964035,5.08392210823219,0.1979835517496348,0.2009921382509799,0.2059615230964035,-0.9961645400000012,0.0366949200000008,-0.0298512600000051,-1.74091633999998,-0.96093978000001,0.8570938599999599,-31.0,36.73839236000016,-37.0,100.0,34.49,122.58719132002716,79.7463434200177,74.57842830001654,76.79277472001704,237.02468284005252,1361.7696429199696,-0.9998555000000005,-0.0839368999999985,0.0263742200000033,5.215687239999986,1.735921940000006,2.002907880000007,-4.0,17.0,-94.77932681999997,100.0,32.40181844,45.624719659994895,47.09354715999226,55.325562359990826,26.163081899995703,115.07872285998091,1561.048623399992,-0.9995808799999976,-0.0351267200000011,-0.0018094000000018,-5.4121243,-7.985403639999993,0.4951002599999835,-13.0,37.0,66.0,100.0,32.65837536,87.52408541998822,2.0938772799997185,1.6751021199997749,1.6751021199997749,5.025306619999324,1524.5836288000055,-0.9245385599999996,0.1328958799999911,-0.0251297800000062,3.3025967599997186,1.4754733800000055,1.1558782799999792,13.965513319999976,-3.6572729399994937,21.015497760000464,100.0,40.33396196,89.08688346000191,104.48314004000233,74.48303072000165,57.41400244000128,210.5180098600047,2240.53432054003,-1.0078465399999996,-0.0070387000000004,0.0003118,0.3281798399999971,1.9920412600000392,5.050615380000018,7.950020420000666,-12.366698460001036,23.03449864000181,100.0,33.75524476,89.09472812000466,58.21348038000187,52.56124062000161,62.525710740001934,169.6293110200053,1327.4816721199893,-0.98131082,0.1145614599999924,-0.0106875999999983,2.8969290800000063,1.888594740000017,4.008024720000007,-6.0,31.0,38.5421516399999,100.0,33.07199316,95.13530277999166,2.212448999999806,2.212448999999806,1.7699589999998446,5.309877259999534,1588.1530898599872,1117,X1.915 Y1.5785 Z-0.1177
16:25:06.005,5,1122,1.90842,1.58123,-0.10291,96.0351,57.04836,-28.6064,,558.8,0,0,,2,1,"{""sr"":{""mpox"":96.0351,""mpoy"":57.04836,""mpoz"":-28.6064,""mpoa"":0,""posx"":1.90842,""posy"":1.58123,""posz"":-0.10291,""posa"":0,""unit"":0,""stat"":5,""coor"":2,""momo"":1,""dist"":0,""home"":1,""mots"":1,""plan"":0,""line"":1122,""path"":2,""frmo"":2,""prbe"":1,""safe"":0,""estp"":0,""spc"":1,""hold"":0,""macs"":5,""cycs"":1,""sps"":12000,""feed"":558.8,""mark"":176190722}}",5.341843758581208,0.2037867285293316,0.2077270506098898,0.2107736403885013,5.341843758581208,0.2037867285293316,0.2077270506098898,0.2107736403885013,-0.9908008000000004,0.035799599999999,-0.0147919999999998,-1.7213824000000242,-0.8788119999999965,1.0136176000000034,-31.39971359999994,36.60038600000006,-37.39990039999994,100.0,34.486,63.55510159999098,43.16903079999387,41.170364599994144,41.57017779999409,129.5068921999816,1717.1029215999824,-1.0046384,-0.0789585999999986,0.0422891999999991,5.029377599999993,1.7601211999999928,2.031040399999997,-3.0,16.27935199999996,-94.55870399999992,100.0,32.4018042,43.21974700000181,64.28937340000269,75.09430980000315,36.19653820000152,157.7520752000066,1944.914464999984,-1.022702200000002,-0.0686483999999996,0.0438878000000002,-5.286139200000004,-8.117655599999994,0.3738824000000046,-13.80159799999998,36.0,64.6643934,100.0,32.6633674,112.67575780000404,3.2040496000001157,2.136033600000077,2.136033600000077,6.408100200000231,1958.192591199977,-1.0028090000000014,0.0879915999999965,-0.0128778,0.4098391999999213,1.1346518000000294,1.2096144000000018,10.596797000000246,2.6120166000000453,1.4547398000000873,100.0,40.33,85.22963559999933,100.00934119999924,71.43524379999944,54.68491079999958,201.00399659999843,1988.9095463999563,-1.0076064000000002,-0.0062700000000002,-0.0178830000000001,0.6311961999999847,1.7741878000000022,5.005323799999994,8.820123600000025,-14.0,24.84300660000004,100.0,33.76,76.21508079999909,54.71851979999934,49.83293759999941,59.60410159999929,160.7356509999981,1697.4433159999817,-1.0466338000000006,0.1238193999999997,-0.0209092,2.8491973999999995,1.6957449999999965,4.000057600000003,-6.0,30.15269119999998,38.63001359999996,100.0,33.0647736,113.79102460000291,2.6133880000000667,2.4606968000000884,2.090710400000053,5.749453600000146,1583.1619847999784,1122,X1.9082 Y1.5813 Z-0.1
16:25:06.264,5,1123,1.9082,1.5813,-0.03186,96.02941,57.05026,-26.80167,,558.8,0,0,,2,0,"{""sr"":{""mpox"":96.02941,""mpoy"":57.05026,""mpoz"":-26.80167,""mpoa"":0,""posx"":1.9082,""posy"":1.5813,""posz"":-0.03186,""posa"":0,""unit"":0,""stat"":5,""coor"":2,""momo"":0,""dist"":0,""home"":1,""mots"":1,""plan"":0,""line"":1123,""path"":2,""frmo"":2,""prbe"":1,""safe"":0,""estp"":0,""spc"":1,""hold"":0,""macs"":5,""cycs"":1,""sps"":12000,""feed"":558.8,""mark"":176190722}}",5.22253711057448,0.1840662076680496,0.1930978478882502,0.1949084655095807,5.22253711057448,0.1840662076680496,0.1930978478882502,0.1949084655095807,-0.9952481,0.0456034000000004,-0.00187228,-1.9265891199999976,-1.027707820000005,1.0025414600000024,-31.41871060000004,36.42074640000004,-38.42074640000004,100.0,34.49,65.62419246000616,45.44058898000428,43.75963934000411,44.18038516000415,137.16529380001288,1799.752947479977,-1.0166237199999997,-0.0698304799999995,0.0103722200000001,5.2482406199999945,1.8341942200000076,1.9209026799999964,-3.126610260000012,16.593134640000027,-95.0,100.0,32.405335,29.341147659999123,65.49086521999803,75.62689793999773,37.21666879999888,161.13660865999515,1886.6519349999865,-0.9897522200000006,0.003117559999999,0.0120668400000002,-4.947272859999998,-8.372252419999995,0.3794985800000032,-8.07581578000036,21.98310578000096,41.0504747400018,100.0,32.65442994,112.07743317999709,3.1609831599999176,2.4966804999999184,2.4966804999999184,6.848797259999822,1746.96098298,-0.9787714600000026,0.0840591200000014,0.0098375800000008,4.869178019999998,1.420130779999971,1.3266283400000012,10.43174614000007,-11.22632120000002,19.121022420000116,100.0,40.33773662,82.67427696000068,99.9309924600006,71.23793508000043,54.91257510000034,201.34610842000123,2036.6782831800008,-1.0014187400000003,-0.0085449999999996,8.618000000040432e-05,0.5865457400000113,1.97723843999999,4.988065420000002,8.231572880000021,-13.740755080000016,25.231572880000023,100.0,33.76231588,86.90673563999891,56.21244714000046,50.813454080000405,60.629805180000496,164.21998338000134,1660.1037942999887,-0.9994282000000014,0.1404409399999979,-0.0158418599999999,2.839757439999996,1.8627223799999997,4.073156339999999,-6.0,30.77977284000001,38.47995978000001,100.0,33.07259728,114.92898023999793,2.6002030999999524,2.080162879999962,2.080162879999962,5.720446839999895,1799.7850210399984,1123,G0 Z0.6
16:25:06.521,5,1123,1.9082,1.5813,0.24284,96.02941,57.05026,-19.82438,,558.8,0,0,,2,0,"{""sr"":{""mpox"":96.02941,""mpoy"":57.05026,""mpoz"":-19.82438,""mpoa"":0,""posx"":1.9082,""posy"":1.5813,""posz"":0.24284,""posa"":0,""unit"":0,""stat"":5,""coor"":2,""momo"":0,""dist"":0,""home"":1,""mots"":1,""plan"":0,""line"":1123,""path"":2,""frmo"":2,""prbe"":1,""safe"":0,""estp"":0,""spc"":1,""hold"":0,""macs"":5,""cycs"":1,""sps"":12000,""feed"":558.8,""mark"":176190722}}",5.263763484821226,0.2113996903633632,0.2145909245642979,0.2097708806472818,5.263763484821226,0.2113996903633632,0.2145909245642979,0.2097708806472818,-0.9865121199999988,0.0422050000000011,-0.002555560000001,-1.7438820799999917,-0.8819244000000084,0.9601025600000042,-32.0,36.0,-38.0,100.0,34.48279972,111.85949152001058,76.72413816000726,76.0070905200072,76.72413816000726,236.6258476400224,1431.546060319968,-0.9988757600000012,-0.0683529200000006,0.0093317200000002,5.4411536799999904,1.6422208799999896,2.0905751600000126,-3.0,16.91580932000002,-95.0,100.0,32.415920920000005,21.48504331999859,52.05991239999658,59.497042559996096,30.574869079997995,128.49708575999156,1775.9104078799849,-1.0151101599999994,-0.0561920399999992,0.0241179200000009,-5.194903680000008,-7.929341200000001,0.4529450399999986,-13.092766799999977,35.0,66.48190896000006,100.0,32.67275948,91.01933647999506,2.5519439999998617,2.1266197599998846,2.1266197599998846,5.5292122399997,1767.5036181199823,-0.943113319999995,0.2293026400000139,-0.0062032400000001,1.931201960000148,1.6433075999999778,1.033964079999993,11.329556159999935,-2.376802200000232,-4.3522192000003175,100.0,40.35,85.51065088000078,104.05512952000096,74.17791412000068,57.17880876000052,209.65563260000192,1978.3686203200016,-1.00137,-0.0145840399999998,-0.0125254000000014,0.4261274000000008,2.0026873200000006,4.951530480000003,9.0,-14.0,25.323205120000036,100.0,33.76676792,91.5178743200012,60.6632762400008,54.91072488000072,65.89286908000086,178.32911476000234,1391.5598366799911,-1.0006340399999996,0.1241298,-0.0144399600000001,2.8293339999999927,1.736396959999999,4.011234079999999,-5.550872560000016,31.0,39.550872560000016,100.0,33.06,98.18468439999644,2.245638199999918,1.796510759999934,1.3473833199999508,4.665557799999793,1521.5491904399937,1123,G0 Z0.6
16:25:06.778,5,1123,1.9082,1.5813,0.54831,96.02941,57.05026,-12.06553,,558.8,0,0,,2,0,"{""sr"":{""mpox"":96.02941,""mpoy"":57.05026,""mpoz"":-12.06553,""mpoa"":0,""posx"":1.9082,""posy"":1.5813,""posz"":0.54831,""posa"":0,""unit"":0,""stat"":5,""coor"":2,""momo"":0,""dist"":0,""home"":1,""mots"":1,""plan"":0,""line"":1123,""path"":2,""frmo"":2,""prbe"":1,""safe"":0,""estp"":0,""spc"":1,""hold"":0,""macs"":5,""cycs"":1,""sps"":12000,""feed"":558.8,""mark"":176190722}}",5.257283307046179,0.1891139867660364,0.1936774625291948,0.1998985293370425,5.257283307046179,0.1891139867660364,0.1936774625291948,0.1998985293370425,-0.9844197600000004,0.0446440799999974,-0.0207624799999982,-1.5857138200000458,-0.8882623000000263,0.9245303200000066,-31.13984420000011,36.860155799999895,-38.0,100.0,34.48139872,22.514972780017303,14.823522680011392,14.9633667400115,15.103211800011604,46.56823564003577,1589.5960107799888,-0.999681360000002,-0.0735890200000014,0.0200394600000022,5.407772739999995,1.9364994800000013,1.953,-3.0,16.75210786000012,-94.33233803999994,100.0,32.4039714,22.26974103999879,85.06315223999424,94.13618123999368,50.87510127999653,207.581866859986,1638.760888079997,-0.9533386200000024,-0.0362444600000011,-0.0003323399999983,-5.051275160000053,-8.397423699999948,0.203910240000033,-12.953798039999963,35.0,67.0,100.0,32.67201524,134.61190823999192,3.7430693799997785,3.1192251999998155,3.1192251999998155,8.109984799999522,1743.9720379600087,-1.1138706799999905,-0.0518058399999751,0.0713817399999957,1.818720079999996,0.9992886600000288,1.2287150999999872,9.024428860000071,-7.454833119999366,7.5054438999992605,100.0,40.36,76.21195580000133,95.46021354000146,67.91448048000105,52.716834380000805,192.419781200003,1817.684348859992,-1.0002322600000002,-0.0037843800000011,-0.0077692400000038,0.6044742200000136,1.8880915999999903,5.065475740000011,8.61376540000005,-14.0,26.15010284000004,100.0,33.77,87.32534096000293,55.09848134000128,49.99818700000115,59.73511240000139,161.6635684800038,1379.747473219992,-1.0202308599999994,0.1359720799999975,-0.0218506399999996,2.838666680000005,1.7142837400000042,3.982519000000001,-5.913380599999933,31.0,39.0,100.0,33.05329466,127.28835281999444,2.919457899999873,2.3355665199998983,1.7516742799999236,5.8389149399997455,1589.2126648999754,1123,G0 Z0.6
16:25:07.035,5,1125,3.78069,2.24607,-0.17087,96.02941,57.05026,-4.34012,,558.8,0,0,,2,0,"{""sr"":{""mpox"":96.02941,""mpoy"":57.05026,""mpoz"":-4.34012,""mpoa"":0,""posx"":3.78069,""posy"":2.24607,""posz"":-0.17087,""posa"":0,""unit"":0,""stat"":5,""coor"":2,""momo"":0,""dist"":0,""home"":1,""mots"":1,""plan"":0,""line"":1125,""path"":2,""frmo"":2,""prbe"":1,""safe"":0,""estp"":0,""spc"":1,""hold"":0,""macs"":5,""cycs"":1,""sps"":12000,""feed"":558.8,""mark"":176190722}}",5.415368104016816,0.2102419496428443,0.2038286885753304,0.2031045802655915,5.415368104016816,0.2102419496428443,0.2038286885753304,0.2031045802655915,-0.985003,0.030002,0.018004,-1.770008,-0.976992,0.915992,-31.995627,36.994944,-37.994807,100.0,34.49,150.979366,101.986062,107.985242,108.985105,334.954222,1940.973216,-1.008298,-0.082282,0.07479,5.193396,1.862003,1.953,-3.298351,17.0,-95.701649,100.0,32.404033,5.96701,40.87402,44.155876,24.763093,98.75402,1803.614639,-0.997239,-0.047915,0.012647,-5.473696,-8.158373,0.345814,-12.330923,35.0,67.0,100.0,32.65,69.824691,1.985536,1.654614,1.323691,4.301995,2072.65287,-0.968886,0.54411,0.016103,1.966991,0.714836,1.107814,8.0,2.247139,-7.319385,100.0,40.345361,91.140899,108.296833,76.66558,59.509646,218.202036,2345.669172,-0.999189,-0.002264,-0.02981,0.177243,2.213109,4.944,8.452815,-13.0,26.09437,100.0,33.77,116.003239,66.209396,59.643175,71.681247,194.250707,1671.703522,-1.043413,0.096205,-0.022608,2.779076,1.700193,4.051269,-6.0,30.381459,39.0,100.0,33.053815,83.539566,1.907296,1.525837,1.144378,3.814592,1880.966527,1125,G53 G0 Z0.
16:25:07.293,5,1125,3.78069,2.24607,-0.00412,96.02941,57.05026,-0.10456,,558.8,0,0,,2,0,"{""sr"":{""mpox"":96.02941,""mpoy"":57.05026,""mpoz"":-0.10456,""mpoa"":0,""posx"":3.78069,""posy"":2.24607,""posz"":-0.00412,""posa"":0,""unit"":0,""stat"":5,""coor"":2,""momo"":0,""dist"":0,""home"":1,""mots"":1,""plan"":0,""line"":1125,""path"":2,""frmo"":2,""prbe"":1,""safe"":0,""estp"":0,""spc"":1,""hold"":0,""macs"":5,""cycs"":1,""sps"":12000,""feed"":558.8,""mark"":176190722}}",5.154451786190053,0.2008856717287862,0.1818350924709187,0.1990926866240309,5.154451786190053,0.2008856717287862,0.1818350924709187,0.1990926866240309,-0.9965133600000002,0.0423247599999998,0.023502640000006,-2.198598440000029,-0.9259007599999952,0.9670992400000048,-31.16229947999992,37.0,-39.83770052000008,100.0,34.50837652,23.69572367998847,16.067647799992177,17.528343759991465,18.01524167999123,54.69492311997337,1862.989838600006,-1.0098928399999998,-0.0829420799999995,0.0544372000000003,5.324788239999996,1.7816353599999517,1.951306479999992,-3.2979556400001995,15.08954256000095,-84.07138956000529,100.0,32.3886998,22.22834036000112,92.72393424000468,96.53450688000488,56.523494640002845,218.472831600011,1737.5108427199937,-0.9853852800000008,-0.0454196000000031,0.0254233200000019,-5.223715079999972,-7.927722640000023,0.4843168399999918,-13.0,36.0,66.72432459999997,100.0,32.66892352,132.5859232800059,3.700072640000165,2.466714480000109,2.466714480000109,7.40014444000033,1943.7216205599857,-0.9179287999999932,0.3321495999999707,-0.0439764000000035,2.110832640000147,1.800286240000048,1.2223513599999971,9.274203240000055,-3.429769400000092,9.570738200000289,100.0,40.3545192,77.74784363999902,95.7625878799988,68.26639923999913,52.62201571999933,193.4214640399976,2095.249805199984,-1.0000378399999992,-0.0040782800000004,-0.0244134400000052,0.4798667599999981,1.754739279999994,4.968064560000002,8.533334160000008,-13.0,26.53882823999996,100.0,33.78389,66.73318139999888,57.86653475999904,51.79988215999913,62.53319099999895,168.93294819999718,1536.2723502799931,-0.9869066799999986,0.112017520000002,-0.0072392800000016,2.8789884400000023,1.7227092400000006,3.991331400000007,-5.52087476000005,30.479125239999952,39.06099631999997,100.0,33.05642884,127.36875100000418,2.909354560000095,2.327484320000076,1.745613240000057,5.818709960000191,1686.3288323600036,1125,G53 G0 Z0.
16:25:07.550,5,1125,3.78069,2.24607,0.0,96.02941,57.05026,0.0,,558.8,0,0,,2,0,"{""sr"":{""mpox"":96.02941,""mpoy"":57.05026,""mpoz"":0,""mpoa"":0,""posx"":3.78069,""posy"":2.24607,""posz"":0,""posa"":0,""unit"":0,""stat"":5,""coor"":2,""momo"":0,""dist"":0,""home"":1,""mots"":1,""plan"":0,""line"":1125,""path"":2,""frmo"":2,""prbe"":1,""safe"":0,""estp"":0,""spc"":1,""hold"":0,""macs"":5,""cycs"":1,""sps"":0,""feed"":558.8,""mark"":176190722}}",5.115347747297099,0.2016598786499251,0.2033917185618514,0.2111673689836418,5.115347747297099,0.2016598786499251,0.2033917185618514,0.2111673689836418,-0.9988819999999996,0.0460918999999999,0.0082509999999994,-1.8751159000000155,-0.8114576000000018,0.9529145000000034,-32.0,37.0,-39.69742099999997,100.0,34.513025400000004,98.336386599996,66.95243289999728,74.62406639999696,78.11117199999684,237.82062259999037,1615.4177608999946,-1.0087978,-0.0673749,0.0044764,5.332870300000002,1.7217503000000047,2.004445200000001,-3.0,16.21047700000002,-94.4216831,100.0,32.4,8.647051000000133,64.09507730000175,65.57133160000178,39.005306800001065,149.06382360000407,1691.552025700004,-0.9982856000000002,-0.0491222999999994,0.0296337000000003,-5.452924200000006,-8.072975799999996,0.5126000000000023,-13.79836099999998,35.433409700000006,66.2317707,100.0,32.6576823,92.34642830000205,2.6004591000000583,1.7336394000000386,1.7336394000000386,5.200918200000117,1533.0069427999956,-1.0023725000000012,0.1308443999999992,0.0033377999999993,3.338454499999973,1.8621366999999984,1.242051699999999,8.40656559999998,14.437294899999976,-8.309047799999812,100.0,40.35,85.31421599999969,103.96412079999958,74.0729743999997,57.20547079999977,209.98970019999916,1706.6258462999913,-1.005983,-0.0036946000000002,0.0168139999999996,0.2583003000000015,1.9477005000000007,5.057780899999999,8.521720599999997,-13.613016900000016,26.386983099999984,100.0,33.79,118.62802449999872,65.34980379999963,58.56743679999968,70.56700959999962,190.69746909999893,1257.718422200001,-0.9983956000000008,0.1254635999999999,-0.0137302999999995,2.8113712000000044,1.7424401999999994,4.0566834000000025,-5.451795000000007,30.114832200000013,38.88516779999999,100.0,33.08,99.39485580000148,2.2589737000000336,1.807179400000027,1.35538470000002,4.517948100000067,1382.2518953000074,1125,G53 G0 Z0.
16:25:08.063,5,1125,3.78069,2.24607,0.0,96.02941,57.05026,0.0,,558.8,0,0,,2,0,"{""sr"":{""mpox"":96.02941,""mpoy"":57.05026,""mpoz"":0,""mpoa"":0,""posx"":3.78069,""posy"":2.24607,""posz"":0,""posa"":0,""unit"":0,""stat"":5,""coor"":2,""momo"":0,""dist"":0,""home"":1,""mots"":1,""plan"":0,""line"":1125,""path"":2,""frmo"":2,""prbe"":1,""safe"":0,""estp"":0,""spc"":1,""hold"":0,""macs"":5,""cycs"":1,""sps"":0,""feed"":558.8,""mark"":176190722}}",5.094445952208534,0.1902684775477748,0.2009589892513564,0.1992426687815134,5.094445952208534,0.1902684775477748,0.2009589892513564,0.1992426687815134,-0.9954388000000002,0.0423308400000025,-0.0069246000000067,-1.8427370400000411,-0.9427477200000084,0.8469336800000167,-31.0,37.438483120000136,-40.0,100.0,34.51,60.51067360001874,40.3404489200125,46.040730240014256,50.425561320015625,152.59213364004722,2075.6660117599795,-0.9946180800000002,-0.06128912,-0.0005101999999974,5.304784279999991,1.9422116000000045,2.075,-3.0,16.13118160000004,-94.0,100.0,32.39868836,46.14464031999566,84.04562339999114,84.56846115999109,50.71521803999469,193.1874375999797,1718.2511591999826,-0.9701387200000008,-0.0231578800000007,-0.0050267200000025,-5.304790719999967,-7.989361760000037,0.5693982799999999,-12.479117200000044,36.0,66.62543392000009,100.0,32.661463,111.09438475999026,2.604414559999771,2.0835317599998167,2.0835317599998167,5.87602919999954,1876.1562002399824,-0.9380519999999876,0.2427861599999973,-0.0179659200000083,2.7589636000001128,2.0247016800000277,1.1497037999999715,11.323210639999624,17.195388880000387,14.14580079999912,100.0,40.32236016,80.72195256000151,99.33493932000194,71.02448168000139,54.63421668000107,201.1532519600039,2088.9682038399837,-1.0038261199999992,-0.0079124800000007,-0.0020826000000018,0.3653866000000016,1.997595080000032,4.898532519999989,9.0,-12.758249039999924,24.7353093600002,100.0,33.79,87.70173720000125,63.3563673600017,56.42676424000151,67.81111200000181,183.1394994000049,1674.826691599985,-1.0090662799999994,0.1224163199999946,0.0033474800000015,2.828212440000013,1.721739600000021,4.111319519999985,-5.728010039999916,30.0,38.0,100.0,33.08425264,110.29130175999305,2.576899279999837,2.0615195599998697,1.5461397199999023,5.669178839999642,1582.4455710400036,1125,G53 G0 Z0.
16:25:08.578,5,1125,3.78069,2.24607,0.0,96.02941,57.05026,0.0,,558.8,0,0,,2,0,"{""sr"":{""mpox"":96.02941,""mpoy"":57.05026,""mpoz"":0,""mpoa"":0,""posx"":3.78069,""posy"":2.24607,""posz"":0,""posa"":0,""unit"":0,""stat"":5,""coor"":2,""momo"":0,""dist"":0,""home"":1,""mots"":1,""plan"":0,""line"":1125,""path"":2,""frmo"":2,""prbe"":1,""safe"":0,""estp"":0,""spc"":1,""hold"":0,""macs"":5,""cycs"":1,""sps"":0,""feed"":558.8,""mark"":176190722}}",5.147083246290192,0.1974484531649661,0.2010799102742881,0.1945312923321123,5.147083246290192,0.1974484531649661,0.2010799102742881,0.1945312923321123,-0.9891610599999994,0.0261186800000008,-0.0024406599999995,-1.4197694800000589,-0.8711998200000132,0.8626695600000066,-31.0,37.86016565999989,-40.86016565999989,100.0,34.52860172,20.55568976001582,12.305447160009468,14.263132200010965,16.08098204001236,48.66244942003739,2119.520672139987,-1.0072054799999983,-0.0815747799999983,0.0430968000000007,5.124756300000017,1.767424839999998,2.0724248399999983,-3.0,16.397176980000076,-94.39717698000008,100.0,32.409577899999995,104.15182565999112,105.78648963999294,105.78648963999294,63.85891759999573,242.53487961998377,1828.0473964199875,-1.0029013199999948,0.0257532999999948,0.0148450200000001,-6.08748971999989,-7.586470060000079,0.7936897599999516,-13.953671059999964,37.0,66.62385161999997,100.0,32.66376184,131.00877079999225,3.119256099999816,2.495405479999853,2.495405479999853,6.862363819999596,2033.9223728999773,-0.9024592200000012,0.4017104199999978,-0.0075800999999995,2.553550100000198,2.2690887800000006,1.215143299999992,14.678911639999695,15.37512972000029,24.797746379999488,100.0,40.33054018,77.32073718000146,95.0688805000016,67.63606948000114,52.50072508000088,192.0296792800032,2397.11505183997,-0.9994666000000002,-0.0213680400000005,-0.0092225600000012,0.5340092800000326,1.9213405799999368,4.883,8.0,-13.07667114000006,24.0,100.0,33.79923322,94.14750138000234,59.218909060001366,52.35586422000127,62.99676156000151,169.86838714000396,1604.9743883199928,-1.021688639999999,0.1857980399999991,-0.0218301799999995,3.08657569999998,1.8006834000000056,3.962373240000004,-6.0,31.0,37.583624479999976,100.0,33.09086632,127.23011689999448,2.918121819999873,2.3344971999998982,2.3344971999998982,6.41986811999972,1774.6818055399815,1125,G53 G0 Z0.
16:25:09.093,5,1125,3.78069,2.24607,0.0,96.02941,57.05026,0.0,,558.8,0,0,,2,0,"{""sr"":{""mpox"":96.02941,""mpoy"":57.05026,""mpoz"":0,""mpoa"":0,""posx"":3.78069,""posy"":2.24607,""posz"":0,""posa"":0,""unit"":0,""stat"":5,""coor"":2,""momo"":0,""dist"":0,""home"":1,""mots"":1,""plan"":0,""line"":1125,""path"":2,""frmo"":2,""prbe"":1,""safe"":0,""estp"":0,""spc"":1,""hold"":0,""macs"":5,""cycs"":1,""sps"":0,""feed"":558.8,""mark"":176190722}}",5.264565056165242,0.1997466569812994,0.2011196400612912,0.2035979701422795,5.264565056165242,0.1997466569812994,0.2011196400612912,0.2035979701422795,-0.9885580399999988,0.0328785199999985,0.021802200000002,-1.70920188,-0.9452721599999856,0.91593112,-31.00045528,36.31980615999984,-39.84110440000008,100.0,34.520006560000006,24.28596615998796,14.54189415999279,16.61937271999176,18.37769407999089,55.29334383997259,1560.9338180399986,-1.01370956,-0.0804672000000013,0.0383832800000025,5.226160759999996,1.6506583999999742,2.0430388399999946,-3.0,16.888245280000056,-94.14077700000009,100.0,32.42,126.50702840000628,102.98562100000514,102.98562100000514,62.299943520003104,236.4855012800118,1630.8306186399846,-0.9520576399999962,-0.057777600000003,0.0024335199999992,-4.98264619999998,-8.169497600000005,0.4647656000000113,-13.614741680000026,38.0,66.72207591999998,100.0,32.66892672,126.63679576000558,3.073708560000135,2.458966880000108,2.458966880000108,6.14741712000027,1753.2863939999886,-0.919166600000005,0.2238474400000041,-0.0239643599999997,-0.0165596000001732,1.4538109599999849,1.196549439999998,5.232330119999468,1.3609931199995533,4.0505854800000565,100.0,40.30451416,78.32297571999901,94.93693963999878,67.87991211999913,52.21531663999934,191.77261867999755,2008.5928095999757,-1.00320944,-0.0207865600000005,-0.0236497600000012,0.4457988400000101,2.0695410000000107,5.061621600000002,8.0,-13.0,25.071777919999963,100.0,33.81,62.74362855999895,58.52950431999901,51.50596351999913,61.80715659999896,167.1602639599972,1197.0097006399767,-0.9492438799999978,0.1274136399999993,-0.0145879199999997,2.8297752000000007,1.7419390399999952,4.086434679999995,-7.0,30.58202912000002,36.06100399999997,100.0,33.0941794,127.86333080000428,2.9101440800000957,2.328115800000076,2.328115800000076,6.984346400000228,1612.1023963999878,1125,G53 G0 Z0.
16:25:09.607,5,1125,3.78069,2.24607,0.0,96.02941,57.05026,0.0,,558.8,0,0,,2,0,"{""sr"":{""mpox"":96.02941,""mpoy"":57.05026,""mpoz"":0,""mpoa"":0,""posx"":3.78069,""posy"":2.24607,""posz"":0,""posa"":0,""unit"":0,""stat"":5,""coor"":2,""momo"":0,""dist"":0,""home"":1,""mots"":1,""plan"":0,""line"":1125,""path"":2,""frmo"":2,""prbe"":1,""safe"":0,""estp"":0,""spc"":1,""hold"":0,""macs"":5,""cycs"":1,""sps"":0,""feed"":558.8,""mark"":176190722}}",5.457377453152996,0.2026341517214867,0.1973955665016546,0.2072832525141841,5.457377453152996,0.2026341517214867,0.1973955665016546,0.2072832525141841,-0.9893970400000014,0.0398488400000015,-0.0064595599999989,-1.8192397199999584,-0.8697271599999667,1.0112616399999916,-31.99972616,36.44027384000014,-38.99667008,100.0,34.54,64.9173655200201,42.10615768001305,46.4925176400144,49.12417036001521,148.25027396004592,1898.9272621600344,-1.0004544,-0.0710170000000016,0.0301976400000004,5.31764299999996,2.0250608000000736,2.057511439999998,-3.0,16.691227799999904,-94.6175448400002,100.0,32.40878472000001,112.64696979998818,80.68666707999154,82.25848487999136,48.72636391999488,187.57030291998032,2245.5054067599986,-1.014290999999997,-0.0210633200000002,0.0217897199999997,-5.140856639999991,-8.162677560000013,0.5058767600000056,-12.479785360000044,39.0,66.7069371199999,100.0,32.67040412,105.08338627999083,2.601073879999773,2.0808592399998185,2.0808592399998185,5.202147879999546,2078.9259137200106,-0.959379080000004,0.5283858800000028,-0.0470566000000003,2.4195334000002973,1.412020880000033,1.3127558399999768,9.23363124000001,4.308291359999909,-10.20521703999969,100.0,40.26701016,81.23607840000149,99.56373056000182,70.83389792000129,54.98295580000101,200.6134863600037,2455.343177119974,-0.9930375599999997,-0.0254728,-0.0123516000000033,0.5632212400000396,1.8634755599999788,5.064693680000004,8.19673412000006,-13.308619359999923,25.196734120000063,100.0,33.81,100.41330460000287,59.85226548000172,52.92720988000151,62.8201464800018,169.6638597200049,1813.0953704399883,-0.988031159999998,0.1083203600000016,-0.0095786800000012,2.938982519999996,1.8314661999999884,4.089,-3.397040320000223,15.044036200000988,16.985201720001115,100.0,33.090294279999995,111.51507819999324,3.088251279999809,2.5735428799998408,2.058834039999873,6.176502559999618,2091.979547239977,1125,G53 G0 Z0.
16:25:10.122,5,1125,3.78069,2.24607,0.0,96.02941,57.05026,0.0,,558.8,0,0,,2,0,"{""sr"":{""mpox"":96.02941,""mpoy"":57.05026,""mpoz"":0,""mpoa"":0,""posx"":3.78069,""posy"":2.24607,""posz"":0,""posa"":0,""unit"":0,""stat"":5,""coor"":2,""momo"":0,""dist"":0,""home"":1,""mots"":1,""plan"":0,""line"":1125,""path"":2,""frmo"":2,""prbe"":1,""safe"":0,""estp"":0,""spc"":1,""hold"":0,""macs"":5,""cycs"":1,""sps"":0,""feed"":558.8,""mark"":176190722}}",5.2685678275016095,0.2031877814257636,0.2064519739159465,0.2085824906153987,5.2685678275016095,0.2031877814257636,0.2064519739159465,0.2085824906153987,-0.9979306200000008,0.0282207199999973,0.0271177799999991,-1.8450484999999897,-0.8700965999999898,0.94771219999998,-31.9971325,36.74012714000016,-38.9943914,100.0,34.5300013,106.9016040200238,74.46307816001658,78.88676192001756,80.36128046001788,244.03287946005432,2041.613186780071,-1.0149853,-0.0786841399999969,0.0434134999999935,5.2963594399999785,2.020159540000042,2.025587380000008,-3.0,16.405021919999935,-94.03365642000024,100.0,32.42326872,94.37014209998472,57.91815617999063,61.158332759990095,34.83189823999436,138.11252597997762,2308.1768711,-0.989198179999992,-0.0236925199999924,0.0186300200000004,-5.359408860000034,-7.828613299999978,0.6501870000000132,-12.49514510000011,39.0,66.99029020000022,100.0,32.67495134,84.75035135998864,2.0977808599997187,1.6782249399997753,1.6782249399997753,4.195561979999438,2484.1955295800003,-0.9094725399999962,0.4697691200000111,0.045497679999996,0.4071171999997607,1.8100557799999952,1.2544157800000146,7.934463379999747,0.04331443999943,2.186359600001738,100.0,40.3,88.53346936000199,104.06565750000232,74.03676152000165,56.95135454000128,209.6845338400047,2852.9698291999903,-1.0131990200000005,-0.0130011199999989,0.0458736200000025,0.5172936800000106,2.0407966200000067,5.008010580000001,8.85683386000009,-13.475322539999985,26.0,100.0,33.80667814,108.60818492000348,60.86255814000194,54.04175360000173,64.53529814000207,172.6188063400055,1827.2869039800007,-0.994926480000002,0.1194882800000014,-0.0075187800000015,2.7637354199999984,1.8039515200000025,4.0919278599999895,-8.282238220000064,30.44341273999996,36.0,100.0,33.1,95.65612833999134,2.660477399999764,2.217064919999803,1.7736514399998429,5.320955059999528,1916.6757419200069,1125,G53 G0 Z0.
16:25:10.760,3,1126,96.02941,57.05026,0.0,96.02941,57.05026,0.0,,0.0,1,0,,1,4,"{""sr"":{""mpox"":96.02941,""mpoy"":57.05026,""mpoz"":0,""mpoa"":0,""posx"":96.02941,""posy"":57.05026,""posz"":0,""posa"":0,""unit"":1,""stat"":3,""coor"":1,""momo"":4,""dist"":0,""home"":1,""mots"":0,""plan"":0,""line"":1126,""path"":2,""frmo"":2,""prbe"":1,""safe"":0,""estp"":0,""spc"":0,""hold"":0,""macs"":3,""cycs"":0,""sps"":0,""feed"":0,""mark"":1305711852}}",5.339462595142086,0.2006474352488451,0.2049872912839722,0.2074039766576743,5.339462595142086,0.2006474352488451,0.2049872912839722,0.2074039766576743,-0.9919875000000016,0.0330780000000003,0.0030415000000008,-1.8612584999999744,-0.8243144999999916,0.9463615000000086,-31.49773500000014,36.999505,-37.99724,100.0,34.53,83.11133900002358,53.2576395000151,52.26167400001483,52.75940900001496,162.26060250004602,2052.8671344999007,-1.0088030000000008,-0.0673740000000022,0.0169485000000058,5.492365500000028,1.7335554999999756,2.074682500000014,-3.0,16.150663000000044,-93.70387349999967,100.0,32.4164935,108.5821079999878,63.465115499992926,72.33785149999186,36.39492049999599,156.65758949998255,1897.441934999952,-0.9898015000000004,-0.0191579999999999,0.0269580000000009,-5.432523999999971,-7.996004500000001,0.4681984999999765,-13.0,39.0,67.16488200000005,100.0,32.6633425,101.17974849999,2.504295499999757,2.0034359999998057,2.0034359999998057,5.5094499999994655,1900.3255375000024,-0.9711500000000012,0.1958454999999962,-0.0310904999999995,2.347563999999993,1.389782000000004,1.2960889999999947,10.769026500000086,7.598758499999413,-3.616147999998433,100.0,40.3549895,84.87604850000147,101.212596500002,72.15155400000143,55.11577050000109,203.427298000004,1904.027054499968,-0.9983504999999973,-0.0178290000000001,-0.0193580000000072,0.5142859999999452,1.835072000000057,4.960445000000006,8.0,-14.0,25.77559700000006,100.0,33.797756,96.85181750000484,55.27795000000155,49.7999550000014,58.76394650000165,158.36385700000443,1737.4488399999707,-1.0368644999999992,0.0979439999999982,-0.0168474999999977,2.8851199999999806,1.7511394999999943,4.058561500000002,-8.690814499999913,30.0,36.50100100000004,100.0,33.076908,107.7837774999928,2.9939939999997995,2.494994499999833,1.9959959999998664,6.486986499999566,1688.3274519999406,1126,M30
16:25:11.028,3,1126,96.02941,57.05026,0.0,96.02941,57.05026,0.0,,0.0,1,0,,1,4,"{""sr"":{""mpox"":96.02941,""mpoy"":57.05026,""mpoz"":0,""mpoa"":0,""posx"":96.02941,""posy"":57.05026,""posz"":0,""posa"":0,""unit"":1,""stat"":3,""coor"":1,""momo"":4,""dist"":0,""home"":1,""mots"":0,""plan"":0,""line"":1126,""path"":2,""frmo"":2,""prbe"":1,""safe"":0,""estp"":0,""spc"":0,""hold"":0,""macs"":3,""cycs"":0,""sps"":0,""feed"":0,""mark"":1305711852}}",5.299454015045943,0.2007261624475349,0.2141260662564172,0.2205968609073721,5.299454015045943,0.2007261624475349,0.2141260662564172,0.2205968609073721,-0.9865923199999996,0.0474942399999988,-0.0233158200000003,-1.8390165400000065,-1.081148179999987,0.97724388,-31.0,36.86007265999989,-38.13571034000011,100.0,34.53144058,137.80419563998274,92.4402278199884,88.16065987998893,89.01658819998883,276.46482793996535,1699.6835500199827,-0.9973399400000016,-0.0642126400000033,0.0090777000000003,5.253891559999985,1.5143461800000142,2.0239946999999887,-1.5886348200003026,6.396369200001243,-37.374752920007154,100.0,32.41373034,74.97456328000916,43.3502219000053,50.45681538000617,24.517748040003,107.30956524001311,1807.00664359996,-1.0176747999999929,-0.0603703399999903,0.0013258000000013,-4.794876679999977,-8.272372979999995,0.3781429999999933,-12.423408700000072,38.42340870000008,67.0,100.0,32.66484846,76.25885638000747,1.8875954200001848,1.510076480000148,1.510076480000148,4.152709780000407,1959.197323439947,-0.8932931400000027,0.1924929199999959,-0.0188644400000016,1.6736593000000668,1.3103923600000864,1.1589945999999802,12.850587379999885,10.614135120000784,16.489583999998935,100.0,40.36074704,86.77631713999882,105.59527723999858,75.27584125999898,57.50237867999922,212.23605271999716,1970.4624184599472,-1.00703464,-0.0047843000000001,-0.0004331799999994,0.3368100600000365,2.0523931599999448,5.051933919999989,8.0,-14.0,25.92313593999994,100.0,33.8,90.9830427999982,58.87137991999884,52.98424269999895,62.61774117999877,169.12141981999667,1491.8123488799763,-0.99989118,0.1217125799999987,-0.0167703399999991,2.8124222199999966,1.749107819999995,3.9975754600000055,-8.0,31.0,36.58500305999998,100.0,33.0991376,90.38317236000545,2.489983640000152,2.0749867000001263,1.659989620000101,5.394965080000328,1440.1630902799816,1126,M30
16:25:11.543,3,1126,96.02941,57.05026,0.0,96.02941,57.05026,0.0,,0.0,1,0,,1,4,"{""sr"":{""mpox"":96.02941,""mpoy"":57.05026,""mpoz"":0,""mpoa"":0,""posx"":96.02941,""posy"":57.05026,""posz"":0,""posa"":0,""unit"":1,""stat"":3,""coor"":1,""momo"":4,""dist"":0,""home"":1,""mots"":0,""plan"":0,""line"":1126,""path"":2,""frmo"":2,""prbe"":1,""safe"":0,""estp"":0,""spc"":0,""hold"":0,""macs"":3,""cycs"":0,""sps"":0,""feed"":0,""mark"":1305711852}}",5.380319347752647,0.2019062942117425,0.2051810558512059,0.2089272489111727,5.380319347752647,0.2019062942117425,0.2051810558512059,0.2089272489111727,-0.9886717600000002,0.0278048799999991,0.0078206799999996,-2.015880720000058,-1.0689706000000143,0.8942033999999806,-31.83590268000008,36.83590268000008,-37.0,100.0,34.54835932,143.77531312001364,90.27752208000854,84.426201640008,86.09800784000815,266.6530526800252,1426.0914249199873,-1.0040027999999992,-0.0772951199999993,0.0337616400000002,5.6448938000000215,1.5180908399999704,2.1138952800000017,-3.0,16.0,-92.72475811999992,100.0,32.43,67.87177415999457,42.035983719996295,49.53405943999569,23.44275899999798,103.77904763999096,1414.4456389200004,-0.9831449600000026,-0.0357017199999978,0.0073547200000003,-5.233200000000047,-8.226464399999967,0.4383339600000243,-13.0,38.0,66.27702780000003,100.0,32.66,79.49970015999442,1.922880479999864,1.5383045199998908,1.5383045199998908,4.337884919999647,1531.8899851200092,-0.9619630399999995,0.1817295600000023,-0.0421370799999988,4.051121079999915,1.7793023599999889,1.2426008400000013,13.371453600000187,5.719925359999944,10.43945172000051,100.0,40.36476048,93.336532440001,105.83720748000115,75.44830628000084,58.15806920000065,212.7963504000023,1336.915108599975,-1.011112760000001,-0.0046296799999994,0.0089740800000005,0.6458722000000291,1.7659713999999769,4.97259116,4.322898520000023,-7.365545240000139,14.272352200000237,100.0,33.79468716,106.44815256000274,57.910923840000805,52.59799492000073,62.16126684000086,167.88855048000232,1229.9411237599936,-1.0214252400000017,0.1198415600000013,-0.0128133600000006,2.8969342400000047,1.678703719999989,4.065790680000007,-6.93856976000003,30.41920447999998,37.06143023999997,100.0,33.089385760000006,91.38659651999592,2.515227719999888,2.0960223999999066,1.6768179199999254,5.030454759999777,1262.2901242399982,1126,M30
16:25:12.014,3,1126,96.02941,57.05026,0.0,96.02941,57.05026,0.0,,0.0,1,0,,1,4,"{""sr"":{""mpox"":96.02941,""mpoy"":57.05026,""mpoz"":0,""mpoa"":0,""posx"":96.02941,""posy"":57.05026,""posz"":0,""posa"":0,""unit"":1,""stat"":3,""coor"":1,""momo"":4,""dist"":0,""home"":1,""mots"":0,""plan"":0,""line"":1126,""path"":2,""frmo"":2,""prbe"":1,""safe"":0,""estp"":0,""spc"":0,""hold"":0,""macs"":3,""cycs"":0,""sps"":0,""feed"":0,""mark"":1305711852}}",5.275417611699549,0.1929553016063403,0.1965984882486374,0.2012299254142708,5.275417611699549,0.1929553016063403,0.1965984882486374,0.2012299254142708,-0.99581474,0.0513323799999995,-0.0105253199999992,-1.5399887800000245,-0.9564928000000098,1.0282089200000049,-31.0,36.57708491999996,-37.00291508,100.0,34.53580168,94.67029571999352,62.92049235999569,58.87971609999596,60.03439271999589,185.2982929399873,1977.7975366200217,-1.006026,-0.0813500199999998,0.0219597199999989,5.369442600000008,1.8078459199999928,2.076613579999996,-3.0,16.87378075999999,-95.06356716000003,100.0,32.42063588,74.51917764000251,54.83486640000185,64.20834764000217,30.46381462000103,134.0407841600045,1747.3967348400054,-0.9514435000000008,-0.0492589200000003,0.0099151199999999,-4.939377099999982,-8.463261720000006,0.2704224399999966,-13.526351199999986,37.52635119999999,66.05270197999998,100.0,32.68388832,98.99262872000286,2.3682448400000684,1.8945960400000548,1.8945960400000548,5.683787120000163,2027.0794705400008,-0.9693351199999998,0.2727834800000014,0.0142396800000022,1.8066339799999815,1.640196779999981,1.2244065599999974,8.330218879999716,1.927940839999836,1.0101216999999945,100.0,40.36,86.36543537999954,102.02232701999944,72.72878713999961,56.0617737999997,205.0547763199989,2284.6154561200083,-1.0034154599999996,-0.0145935600000001,-0.0147442800000004,0.3844431799999945,1.944069360000012,5.005,9.0,-13.768810579999975,26.0,100.0,33.80508312,123.01836973999902,55.91744025999955,50.8340370599996,60.49250391999952,162.66891857999872,1509.4158645199964,-0.9937819199999992,0.107745979999997,-0.0069343999999996,2.94114474,1.706842499999994,4.000956340000002,-6.741157779999975,31.0,38.0,100.0,33.1,104.82592578000212,2.6242288200000314,2.4025592000000464,1.9220473600000367,5.766142080000112,1373.7223493999948,1126,M30
16:25:12.528,3,1126,96.02941,57.05026,0.0,96.02941,57.05026,0.0,,0.0,1,0,,1,4,"{""sr"":{""mpox"":96.02941,""mpoy"":57.05026,""mpoz"":0,""mpoa"":0,""posx"":96.02941,""posy"":57.05026,""posz"":0,""posa"":0,""unit"":1,""stat"":3,""coor"":1,""momo"":4,""dist"":0,""home"":1,""mots"":0,""plan"":0,""line"":1126,""path"":2,""frmo"":2,""prbe"":1,""safe"":0,""estp"":0,""spc"":0,""hold"":0,""macs"":3,""cycs"":0,""sps"":0,""feed"":0,""mark"":1305711852}}",5.316495092121486,0.2019724061596453,0.202378590120948,0.2044367015222019,5.316495092121486,0.2019724061596453,0.202378590120948,0.2044367015222019,-0.98901246,0.0364552600000003,-0.0011324000000001,-2.056502039999941,-1.0469280799999603,0.8797450200000199,-31.859999999999893,36.85999999999989,-38.85607409999989,100.0,34.54859999999999,148.9658744399813,95.88697977998795,87.32575303998904,90.75023169998862,279.09983467996494,1275.1912065000845,-1.0016648999999995,-0.07297982,0.0124140199999996,5.36455529999999,2.0898198399999446,2.0850865399999887,-3.0,16.041805540000034,-94.39642104000008,100.0,32.43,57.8023780000071,39.71697086000488,47.16390296000579,21.986180080002704,97.16473336001194,1328.0773127800271,-0.9990385800000016,-0.03369902,0.0248881000000009,-5.174943419999973,-8.166175540000022,0.4387527999999935,-8.13286445999956,23.59126373999857,42.29883735999751,100.0,32.66151454,77.85940396000753,1.8897916000001829,1.5118330800001465,1.5118330800001465,4.535499240000439,1341.6930164200296,-0.9581283799999938,0.1722676800000039,-0.0029666000000021,1.6462084399999204,1.366139840000038,1.040811659999999,8.523047219999993,0.2641231399995816,-9.345199299999395,100.0,40.36,85.25673033999884,105.65557913999857,75.31882911999898,57.53521613999922,212.35725429999712,1671.1058009000324,-1.0031504800000004,-0.0124678399999997,0.0009044400000015,0.2906272400000311,2.0466398199999944,4.920448040000003,8.613899560000048,-14.0,25.386100439999957,100.0,33.8138614,98.31606553999804,58.55984209999884,53.187379459998944,62.85781203999875,169.23257181999665,1314.4310715200425,-1.0043577199999991,0.1267205399999991,-0.0099735200000007,2.9691311599999763,1.77,4.115003299999998,-6.0,31.0,38.0,100.0,33.09498812,90.4659311600055,2.0749070400001264,2.0749070400001264,1.6599255200001009,4.979775840000303,1143.5293563600524,1126,M30
16:25:13.043,3,1126,96.02941,57.05026,0.0,96.02941,57.05026,0.0,,0.0,1,0,,1,4,"{""sr"":{""mpox"":96.02941,""mpoy"":57.05026,""mpoz"":0,""mpoa"":0,""posx"":96.02941,""posy"":57.05026,""posz"":0,""posa"":0,""unit"":1,""stat"":3,""coor"":1,""momo"":4,""dist"":0,""home"":1,""mots"":0,""plan"":0,""line"":1126,""path"":2,""frmo"":2,""prbe"":1,""safe"":0,""estp"":0,""spc"":0,""hold"":0,""macs"":3,""cycs"":0,""sps"":0,""feed"":0,""mark"":1305711852}}",5.010901227299751,0.1983508703538088,0.2020950911334812,0.2080806104473566,5.010901227299751,0.1983508703538088,0.2020950911334812,0.2080806104473566,-0.9844575199999988,0.0403443600000003,0.0011640399999999,-1.9230158000000144,-0.9869949599999952,0.9670050400000048,-31.0,36.83615372000008,-38.16384627999992,100.0,34.55,140.4737906000133,103.6830355600098,86.12381184000814,94.48534684000894,284.2921952400269,2313.1365932400786,-1.00447488,-0.0811154400000005,0.0260086800000004,5.368273279999989,1.9780188000000087,2.029447600000001,-2.3654452799999683,16.746760159999976,-94.88779456000006,100.0,32.43775584,54.89708427999444,27.10062175999792,31.992446959997583,14.646647639998864,58.05439047999587,2149.998012880052,-0.9689016799999988,-0.0247631999999995,0.0164028000000004,-5.393057639999989,-8.15975076000002,0.4536921999999871,-13.278263440000028,37.0,66.72173655999997,100.0,32.65156248,79.16094643999423,1.8199340799999184,1.5416697999998925,1.4345160399999457,3.8541749999997306,2082.429857640066,-0.9993178400000045,0.0435393200000012,0.0022494400000028,1.2281981999999048,1.8289400400000544,1.185696719999999,10.324510280000068,2.2416425999999974,1.6937133199996175,100.0,40.35074624,83.67733956000117,96.38191340000128,69.84174740000083,55.10680232000067,200.3551620400025,2320.128287280035,-0.99906276,-0.0077507599999999,0.0054441600000011,0.3713368399999884,1.7462787999999951,4.97244456,8.0,-13.927588960000037,26.46630631999999,100.0,33.83,114.68242080000032,82.81367404000059,69.10928300000059,80.92295000000072,218.82505444000176,2011.5490502000468,-0.9510461599999966,0.1259333599999998,-0.004,2.90818372,1.7625153600000036,4.104675879999996,-6.480341559999951,30.93865072000003,37.0,100.0,33.1,90.50236991999596,2.0949619199999066,1.675969639999925,1.2569775199999438,4.1899245199998125,2019.30490964005,1126,M30
16:25:13.557,3,1126,96.02941,57.05026,0.0,96.02941,57.05026,0.0,,0.0,1,0,,1,4,"{""sr"":{""mpox"":96.02941,""mpoy"":57.05026,""mpoz"":0,""mpoa"":0,""posx"":96.02941,""posy"":57.05026,""posz"":0,""posa"":0,""unit"":1,""stat"":3,""coor"":1,""momo"":4,""dist"":0,""home"":1,""mots"":0,""plan"":0,""line"":1126,""path"":2,""frmo"":2,""prbe"":1,""safe"":0,""estp"":0,""spc"":0,""hold"":0,""macs"":3,""cycs"":0,""sps"":0,""feed"":0,""mark"":1305711852}}",5.512180906851369,0.2013022329634086,0.2028029336364494,0.1974919281417288,5.512180906851369,0.2013022329634086,0.2028029336364494,0.1974919281417288,-0.9855409599999988,0.0495738800000014,-0.0071148400000002,-1.681999600000009,-0.929554040000036,0.8814431999999909,-32.0,37.0,-38.44263495999985,100.0,34.54442612,85.83420576002264,69.11325660001822,57.40859256001514,62.98224228001661,184.48780620004865,1438.406382560042,-1.0081159199999996,-0.0728331199999999,0.01689924,5.3703375199999694,1.8497822799999937,2.0531270799999994,-3.166759600000044,16.166759600000045,-93.94932967999988,100.0,32.418332320000005,72.39315899998918,25.323986639996896,28.47987919999644,14.239939319998218,47.79998467999415,1624.3900086000235,-0.9985105999999996,-0.0291444799999999,0.0247401599999997,-5.149471319999979,-8.099796760000006,0.4157815199999973,-13.0,37.0,67.51898968000005,100.0,32.6762956,100.7163684799895,1.924040959999798,1.4430310799998485,1.4430310799998485,4.329092799999546,1424.1067299599938,-0.957125439999991,0.1141460000000061,-0.0270440000000023,2.2936873200000374,2.114702400000063,1.1831553200000111,9.690815799999882,1.119614279999381,10.195211040000755,100.0,40.34,76.42875924000148,85.77743384000173,61.64203640000128,49.57433740000104,176.5830757200036,1634.1412260399502,-1.0030122000000004,-0.00973372,-0.0033434800000005,0.5514938800000441,1.890752839999978,4.883495920000002,8.0,-14.0,25.495936119999985,100.0,33.79306544,110.022175400002,110.28104628000304,91.12661036000247,102.72008440000282,287.800152840008,1177.1443281999984,-1.0138956799999983,0.1210748000000005,-0.0055244000000002,2.898696119999998,1.7214970800000131,4.066977000000002,-7.0,30.832664920000056,37.65415463999991,100.0,33.08654144,106.12670463999235,1.94727923999986,1.94727923999986,1.4604596799998948,4.381378039999684,1339.0928613200006,1126,M30
16:25:14.073,3,1126,96.02941,57.05026,0.0,96.02941,57.05026,0.0,,0.0,1,0,,1,4,"{""sr"":{""mpox"":96.02941,""mpoy"":57.05026,""mpoz"":0,""mpoa"":0,""posx"":96.02941,""posy"":57.05026,""posz"":0,""posa"":0,""unit"":1,""stat"":3,""coor"":1,""momo"":4,""dist"":0,""home"":1,""mots"":0,""plan"":0,""line"":1126,""path"":2,""frmo"":2,""prbe"":1,""safe"":0,""estp"":0,""spc"":0,""hold"":0,""macs"":3,""cycs"":0,""sps"":0,""feed"":0,""mark"":1305711852}}",5.274125053310612,0.1967382546004192,0.2026186033629654,0.2038987870035251,5.274125053310612,0.1967382546004192,0.2026186033629654,0.2038987870035251,-0.99151492,0.0375149199999999,-0.0090594399999998,-1.8162043599999984,-1.0395733999999943,0.8838343200000028,-31.0,37.0,-38.757442079999976,100.0,34.53,38.80930940000362,29.83465664000279,24.740935200002305,27.40907488000256,80.04420080000747,1827.9015836799783,-1.0063168,-0.07393372,0.0330782,5.199534640000004,1.9641878400000017,1.957059799999998,-3.0722524800000066,16.533279839999985,-94.53327983999998,100.0,32.42461028,101.5195601199988,32.093196239999514,36.331920239999455,18.165960119999728,60.55320055999909,1298.597723960008,-0.9946655200000002,-0.0315194800000003,0.0159205599999999,-4.751169400000016,-8.06739815999999,0.4783747600000069,-13.0,37.51117599999999,67.0,100.0,32.66488824,123.18345855999836,2.362134919999969,1.7716009999999769,1.7716009999999769,5.31480299999993,1591.3362203600095,-0.9629371999999994,0.3387651999999999,0.0029030799999999,2.9497755599999964,2.254793599999989,0.7141049600000033,8.716265639999955,2.71836796000003,3.8161794799998687,100.0,40.3551702,72.93258524000024,82.10953292000026,58.92566476000019,47.33373068000015,168.92045504000055,2435.2026317200025,-1.0034268400000002,-0.011,0.00073608,0.4720995600000016,1.9959921600000003,4.98699216,8.0,-13.868173279999988,25.65614636000001,100.0,33.73524344,98.7525627200006,104.64970060000049,86.57384336000041,97.51449428000043,273.3844369200013,1291.8011650000003,-1.00294576,0.12214832,-0.00920052,2.94779312,1.8135232000000028,4.052781119999997,-7.0,31.0,37.58856568000002,100.0,33.08440128,122.61201931999884,2.2394888399999786,2.2394888399999786,1.679616439999984,5.038850079999952,1623.6617962799978,1126,M30
16:25:14.876,3,1126,96.02941,57.05026,0.0,96.02941,57.05026,0.0,,0.0,1,0,,1,4,"{""sr"":{""mpox"":96.02941,""mpoy"":57.05026,""mpoz"":0,""mpoa"":0,""posx"":96.02941,""posy"":57.05026,""posz"":0,""posa"":0,""unit"":1,""stat"":3,""coor"":1,""momo"":4,""dist"":0,""home"":1,""mots"":0,""plan"":0,""line"":1126,""path"":2,""frmo"":2,""prbe"":1,""safe"":0,""estp"":0,""spc"":0,""hold"":0,""macs"":3,""cycs"":0,""sps"":0,""feed"":0,""mark"":1305711852}}",5.122568996941928,0.2011153891788708,0.2094075800134587,0.2123340435901976,5.122568996941928,0.2011153891788708,0.2094075800134587,0.2123340435901976,-0.99063918,0.04217918,-0.0030814600000001,-1.659095360000001,-1.004844519999997,0.854,-32.0,36.17998308000002,-39.81969793999998,100.0,34.52179654,29.028990620002737,22.357167080002107,18.571137440001756,20.374161040001923,59.499761940005634,1211.5423214599982,-1.00573818,-0.07521972,0.0269736599999999,5.381092020000002,1.660326999999998,2.045794119999999,-3.0,16.054181980000006,-95.25915933999998,100.0,32.42575394,94.22020599999895,33.36771635999963,37.7747736399996,18.8873868199998,62.95795533999931,706.8095803000011,-0.99788228,-0.0310358399999999,0.0149179399999999,-5.825755699999985,-7.7565049600000116,0.669289079999992,-13.058892040000003,37.6063347,66.60633469999999,100.0,32.66393672,127.27132221999878,2.425337339999977,1.8190034599999827,1.8190034599999827,5.457009379999947,1014.5411152800044,-1.0117154800000003,0.210296119999999,0.0061287199999998,25.075997799999787,0.5029576600001279,1.0603347199999984,10.428355320000003,5.1793360799999295,4.998913699999986,100.0,40.36,72.55626960000016,80.9401198200002,58.08643852000015,46.65959860000012,166.64142228000043,1893.441342020008,-1.00206392,-0.0105314599999999,-0.0057727999999999,0.5489265199999963,1.9002445000000008,4.901206820000001,8.0,-13.631400980000008,25.90050949999999,100.0,33.694680760000004,109.08762088000016,102.9796562800004,85.19226116000033,95.95831630000036,269.151375380001,989.2626118600032,-1.006,0.12211124,-0.0118887599999999,2.8949972,1.826427199999998,3.9760046,-6.573811659999996,30.314897219999995,37.88870887999999,100.0,33.097774120000004,123.94330229999916,2.295246279999984,2.295246279999984,1.721434799999988,5.164304219999964,1252.2615570400044,1126,M30
