t_console,stat,line,posx,posy,posz,mpox,mpoy,mpoz,vel,feed,unit,dist,plane,coor,momo,raw_json,spindle,x_motor,y_motor,z_motor,spindle_A,x_motor_A,y_motor_A,z_motor_A,frame_l2.Ax,frame_l2.Ay,frame_l2.Az,frame_l2.Gx,frame_l2.Gy,frame_l2.Gz,frame_l2.Mx,frame_l2.My,frame_l2.Mz,frame_l2.Pressure,frame_l2.Temperature,frame_l2.Proximity,frame_l2.ColorR,frame_l2.ColorG,frame_l2.ColorB,frame_l2.ColorA,frame_l2.RMS,frame_r2.Ax,frame_r2.Ay,frame_r2.Az,frame_r2.Gx,frame_r2.Gy,frame_r2.Gz,frame_r2.Mx,frame_r2.My,frame_r2.Mz,frame_r2.Pressure,frame_r2.Temperature,frame_r2.Proximity,frame_r2.ColorR,frame_r2.ColorG,frame_r2.ColorB,frame_r2.ColorA,frame_r2.RMS,y_bed__3.Ax,y_bed__3.Ay,y_bed__3.Az,y_bed__3.Gx,y_bed__3.Gy,y_bed__3.Gz,y_bed__3.Mx,y_bed__3.My,y_bed__3.Mz,y_bed__3.Pressure,y_bed__3.Temperature,y_bed__3.Proximity,y_bed__3.ColorR,y_bed__3.ColorG,y_bed__3.ColorB,y_bed__3.ColorA,y_bed__3.RMS,y_bed__4.Ax,y_bed__4.Ay,y_bed__4.Az,y_bed__4.Gx,y_bed__4.Gy,y_bed__4.Gz,y_bed__4.Mx,y_bed__4.My,y_bed__4.Mz,y_bed__4.Pressure,y_bed__4.Temperature,y_bed__4.Proximity,y_bed__4.ColorR,y_bed__4.ColorG,y_bed__4.ColorB,y_bed__4.ColorA,y_bed__4.RMS,spindle2.Ax,spindle2.Ay,spindle2.Az,spindle2.Gx,spindle2.Gy,spindle2.Gz,spindle2.Mx,spindle2.My,spindle2.Mz,spindle2.Pressure,spindle2.Temperature,spindle2.Proximity,spindle2.ColorR,spindle2.ColorG,spindle2.ColorB,spindle2.ColorA,spindle2.RMS,frame_l3.Ax,frame_l3.Ay,frame_l3.Az,frame_l3.Gx,frame_l3.Gy,frame_l3.Gz,frame_l3.Mx,frame_l3.My,frame_l3.Mz,frame_l3.Pressure,frame_l3.Temperature,frame_l3.Proximity,frame_l3.ColorR,frame_l3.ColorG,frame_l3.ColorB,frame_l3.ColorA,frame_l3.RMS,gcode_line,gcode_string
16:35:53.268,5,26,1.5437,1.4565,0.0979,86.77111,53.88034,-23.50584,,185.42,0,0,,2,1,"{""sr"":{""mpox"":86.77111,""mpoy"":53.88034,""mpoz"":-23.50584,""mpoa"":0,""posx"":1.5437,""posy"":1.4565,""posz"":0.0979,""posa"":0,""unit"":0,""stat"":5,""coor"":2,""momo"":1,""dist"":0,""home"":1,""mots"":0,""plan"":0,""line"":26,""path"":2,""frmo"":2,""prbe"":1,""safe"":0,""estp"":0,""spc"":0,""hold"":0,""macs"":5,""cycs"":1,""sps"":0,""feed"":185.42,""mark"":1069948221}}",5.3423161333194,0.2005099251982756,0.2033128480252344,0.1998870534589514,5.3423161333194,0.2005099251982756,0.2033128480252344,0.1998870534589514,-0.991,0.04,-0.009,-1.892,-0.793,1.038,-32.0,35.0,-33.0,100.1,33.58,0.0,0.0,0.0,0.0,0.0,235.0,-1.007,-0.075,0.022,5.371,1.892,2.075,-5.0,17.0,-95.0,100.0,32.2,250.0,26.0,29.0,21.0,68.0,285.0,-0.998,-0.03,0.013,-5.432,-8.057,0.61,4.0,28.0,43.0,100.0,32.64,151.0,13.0,10.0,10.0,28.0,338.0,-1.008,0.124,-0.011,2.991,1.77,4.089,-24.0,35.0,34.0,100.0,33.01,0.0,0.0,0.0,0.0,0.0,323.0,-1.033,-0.071,0.0,2.258,0.977,0.916,12.0,-34.0,37.0,100.0,40.67,158.0,189.0,134.0,99.0,374.0,401.0,-1.004,-0.011,-0.007,0.427,1.831,4.822,10.0,-17.0,30.0,100.0,32.89,235.0,96.0,75.0,83.0,242.0,346.0,26,X1.5437 Y1.4565 Z0.0979
16:35:53.533,5,61,1.6755,1.6447,0.0875,90.11884,58.66062,-23.77,,185.42,0,0,,2,1,"{""sr"":{""mpox"":90.11884,""mpoy"":58.66062,""mpoz"":-23.77,""mpoa"":0,""posx"":1.6755,""posy"":1.6447,""posz"":0.0875,""posa"":0,""unit"":0,""stat"":5,""coor"":2,""momo"":1,""dist"":0,""home"":1,""mots"":0,""plan"":0,""line"":61,""path"":2,""frmo"":2,""prbe"":1,""safe"":0,""estp"":0,""spc"":0,""hold"":0,""macs"":5,""cycs"":1,""sps"":0,""feed"":185.42,""mark"":1069948221}}",5.399789488456379,0.2009731527254109,0.2044402991997904,0.1970171319252307,5.399789488456379,0.2009731527254109,0.2044402991997904,0.1970171319252307,-0.9903566,0.0392322,-0.0090484,-1.7050172,-0.9298651,0.8295869,-33.0,34.5296228,-33.1729206,100.1,33.59,128.69834369999998,35.4847282,30.188500399999995,28.070009299999995,87.3877646,312.88809100000003,-1.0064764,-0.075,0.0234764,5.428265499999999,1.7397844,2.0295384,-4.5235533,17.0,-95.0,100.0,32.2013443,114.6366644,13.6123903,15.183050199999998,10.9946224,35.4672195,309.03147750000005,-0.9978788,-0.0294165,0.0131212,-4.9968815,-8.5580516,0.2640946000000001,4.0,28.0,44.4625064,100.0,32.622426399999995,79.42770469999999,6.987414599999999,4.9587597,5.374934199999999,15.049814999999995,437.34875860000005,-1.0071023,0.1231023,-0.0112049,2.8467649,1.6445065,4.0057649,-24.0,35.4669252,33.9338504,100.0,33.0189758,92.59232820000004,1.7226480000000004,1.2919860000000003,0.8613240000000002,3.875958000000001,409.4198621000001,-1.0323095999999998,-0.0709445,-0.0018569,2.2245804,1.5177954,1.1130428,11.5714443,-33.0,35.8571107,100.0,40.6757141,98.58949249999996,118.48389459999996,84.00445479999998,62.06299259999998,234.46019429999996,374.4929448,-1.005,-0.0103651,-0.0046643,0.4862084,1.8029303,4.8055345,11.0,-17.0,30.0,100.0,32.87,127.49784269999996,63.77611729999997,49.82509179999998,55.13976769999998,160.76896179999994,393.8576323,61,X1.6755 Y1.6447 Z0.0875
16:35:53.775,5,95,1.4544,1.5958,0.0774,84.50289,57.41856,-24.02654,,185.42,0,0,,2,1,"{""sr"":{""mpox"":84.50289,""mpoy"":57.41856,""mpoz"":-24.02654,""mpoa"":0,""posx"":1.4544,""posy"":1.5958,""posz"":0.0774,""posa"":0,""unit"":0,""stat"":5,""coor"":2,""momo"":1,""dist"":0,""home"":1,""mots"":0,""plan"":0,""line"":95,""path"":2,""frmo"":2,""prbe"":1,""safe"":0,""estp"":0,""spc"":0,""hold"":0,""macs"":5,""cycs"":1,""sps"":0,""feed"":185.42,""mark"":1069948221}}",5.050720370505378,0.1978146745050335,0.2068717740217582,0.2066317365356496,5.050720370505378,0.1978146745050335,0.2068717740217582,0.2066317365356496,-0.99063278,0.03983942,-0.01,-1.68144874,-0.97546486,0.9094685,-32.91973716,35.0,-32.16052554,100.06329778,33.58367048,84.46843456,29.5206122,25.49507406,23.70594608,74.16854976,335.52025,-1.006,-0.075,0.0240548599999999,5.2474792,1.86134198,1.98904282,-4.53582668,16.53582668,-94.59086212,100.0,32.190083179999995,102.58227048,12.06850256,13.4610218,9.74763654,31.09960218,386.04778206,-0.99845714,-0.02854286,0.014,-5.2337772000000005,-8.161298200000001,0.5404680599999999,4.4300639,28.0,44.0,100.0,32.62569902,64.93972148,5.5908367000000005,4.300644,4.300644,12.0418022,518.7044641599999,-1.0069524,0.12338566,-0.0115667399999999,2.7844608400000004,1.6950784600000002,3.97280678,-24.0,35.0,33.819373000000006,100.0,33.03385918,132.17683448,2.45644742,1.8423351,1.8423351,5.52700616,430.73885146,-1.03161994,-0.06932342,-0.00327134,2.31937346,1.66639744,1.21782256,11.97395538,-33.97395538,36.05208924,100.0,40.67271082,43.370432400000006,51.23132338,36.3227373,26.835455,101.37838625999998,385.91985298,-1.00401358,-0.01021998,-0.00364636,0.6665829400000001,1.8094162,4.72682896,10.01357594,-17.0,30.20633698,100.0,32.8701358,25.99841474,19.80831638,15.47524654,17.125939799999998,49.93346312,394.00719312,95,X1.4544 Y1.5958 Z0.0774
16:35:54.035,5,112,1.5101,1.4715,0.0723,85.91767,54.26134,-24.15608,,185.42,0,0,,2,1,"{""sr"":{""mpox"":85.91767,""mpoy"":54.26134,""mpoz"":-24.15608,""mpoa"":0,""posx"":1.5101,""posy"":1.4715,""posz"":0.0723,""posa"":0,""unit"":0,""stat"":5,""coor"":2,""momo"":1,""dist"":0,""home"":1,""mots"":0,""plan"":0,""line"":112,""path"":2,""frmo"":2,""prbe"":1,""safe"":0,""estp"":0,""spc"":1,""hold"":0,""macs"":5,""cycs"":1,""sps"":12000,""feed"":185.42,""mark"":1069948221}}",5.3135990688390775,0.1965807010653019,0.1986579455917694,0.2009241676291048,5.3135990688390775,0.1965807010653019,0.1986579455917694,0.2009241676291048,-0.99,0.0392772,-0.0099488,-1.68493242,-0.96009938,1.00280274,-33.0,35.0,-33.1972765,100.07229452,33.58474336,124.5830117,35.21966974,29.96300256,27.86033602,86.73500804,335.60679402,-1.00684632,-0.075,0.02427268,5.241342840000001,1.8638497,2.06433752,-4.84617346,17.0,-94.84617346,100.0,32.18,119.83433286,13.4564615,15.00913002,10.8686803,35.03999522,361.83253188,-0.9974706,-0.02907922,0.014,-5.50700406,-7.98039054,0.61371086,4.0,28.6082801,43.86279266,100.0,32.60942166,79.20191946,6.87605744,5.15206738,5.28927472,14.80997002,440.42356568,-1.00756176,0.1234382399999999,-0.01133192,2.78697338,1.7276396200000002,3.9942652,-24.0,35.0,32.88510108,100.0,33.021148860000004,96.9916332,1.78786408,1.34089806,0.89393204,4.02269484,359.48580028,-1.0338748800000002,-0.07085438,-0.00285438,2.40033942,1.80944852,1.19942894,11.39596412,-33.45849046,36.06252634,100.0,40.67,94.9587262,114.16282988,80.94084204,59.79957738,225.90951526,409.69436704,-1.00363322,-0.01136678,-0.00436678,0.36178314,1.8965708,4.852488699999999,11.0,-17.0,30.39883966,100.0,32.88,123.15792056,60.76880698,47.47563078,52.539698,153.15618677999998,375.2845089,112,X1.5101 Y1.4715 Z0.0723
16:35:54.547,5,112,1.5101,1.4715,0.0723,85.91767,54.26134,-24.15608,,185.42,0,0,,2,1,"{""sr"":{""mpox"":85.91767,""mpoy"":54.26134,""mpoz"":-24.15608,""mpoa"":0,""posx"":1.5101,""posy"":1.4715,""posz"":0.0723,""posa"":0,""unit"":0,""stat"":5,""coor"":2,""momo"":1,""dist"":0,""home"":1,""mots"":0,""plan"":0,""line"":112,""path"":2,""frmo"":2,""prbe"":1,""safe"":0,""estp"":0,""spc"":1,""hold"":0,""macs"":5,""cycs"":1,""sps"":12000,""feed"":185.42,""mark"":1069948221}}",5.176592374550439,0.2006197068085283,0.202681021805362,0.2017101203262916,5.176592374550439,0.2006197068085283,0.202681021805362,0.2017101203262916,-0.99082192,0.03897858,-0.0103323399999999,-1.65742552,-0.8548030400000003,1.0798781999999998,-33.0,34.51067314,-33.0,100.1,33.57332572,44.52872374000003,32.78488452000002,27.89161834000002,25.934311320000017,80.73889428000005,310.8553630800001,-1.00650826,-0.07449174,0.0222615799999999,5.27685492,1.8573464000000004,2.02802884,-4.770020179999999,17.0,-95.0,100.0,32.19738652,112.78588116000007,12.774530060000004,14.248514100000008,10.317889960000006,33.410309560000016,348.01981528000005,-0.99748532,-0.0297484199999999,0.0129821599999999,-5.10235082,-8.48425334,0.3670781400000001,4.514295199999999,28.23401434,44.53197132,100.0,32.6250337,73.28842574000006,6.314164920000006,4.623035760000005,4.857050100000004,13.599739860000012,458.6491047400002,-1.007,0.12247598,-0.01172238,2.8122647,1.7071186999999997,4.13603556,-24.0,35.4756669,33.4756669,100.0,33.02951296,113.78028825999984,2.0973323999999973,1.572999299999998,1.0486661999999989,4.718998319999994,393.07424672000025,-1.03289836,-0.07020894,-0.00244918,2.35951588,1.60010568,1.0874646600000004,7.8970376399999775,-22.37493969999994,24.349199319999933,100.0,40.65443246,72.02137004000022,84.92515140000027,60.21148330000018,44.48460314000014,168.05294554000054,422.84073534,-1.0046190599999998,-0.0106747399999999,-0.00438094,0.4758651799999996,1.9316477199999995,4.77550222,10.0,-17.0,29.23774242,100.0,32.88944436,89.06679800000036,41.921046520000175,32.75081756000014,36.24423824000015,105.67597138000043,385.0445539800001,112,X1.5101 Y1.4715 Z0.0723
16:35:55.061,5,112,1.5101,1.4715,0.0723,85.91767,54.26134,-24.15608,,185.42,0,0,,2,1,"{""sr"":{""mpox"":85.91767,""mpoy"":54.26134,""mpoz"":-24.15608,""mpoa"":0,""posx"":1.5101,""posy"":1.4715,""posz"":0.0723,""posa"":0,""unit"":0,""stat"":5,""coor"":2,""momo"":1,""dist"":0,""home"":1,""mots"":0,""plan"":0,""line"":112,""path"":2,""frmo"":2,""prbe"":1,""safe"":0,""estp"":0,""spc"":1,""hold"":0,""macs"":5,""cycs"":1,""sps"":12000,""feed"":185.42,""mark"":1069948221}}",5.165583695410824,0.195604834493335,0.2025731029869558,0.1882459863240517,5.165583695410824,0.195604834493335,0.2025731029869558,0.1882459863240517,-0.99050034,0.03950034,-0.00950034,-1.5672506000000002,-0.91910956,0.93929742,-33.0,34.55843972,-33.0,100.04997718,33.56,98.02635296000008,29.142970180000024,25.16892866000002,23.40268754000002,72.85742430000005,301.09662011999995,-1.00554028,-0.07553686,0.0253861399999999,5.26316284,1.7139268800000005,1.98126322,-5.0,16.92294848,-94.92666254,100.0,32.18463368,113.36103552000006,12.046613020000006,13.436606400000008,9.729956240000003,31.19729784000001,376.45690224,-0.9985687,-0.0295687,0.0124313,-5.440503380000003,-8.076632839999998,0.4917452000000008,4.0,28.0,43.5149397,100.0,32.624850540000004,66.04225744000007,5.604309780000006,3.963746140000005,4.311008120000005,12.070821960000012,510.14032426000017,-1.00680172,0.1231848,-0.01076616,2.83054056,1.54073242,3.9640018,-24.0,35.0,32.67370932,100.0,33.04,135.11325647999985,2.467821799999997,1.8508664599999975,1.2339112599999986,5.552599519999993,410.03761252000015,-1.03434096,-0.0707281,-0.0042719,2.0917288000000007,1.46442932,1.02139938,12.0,-33.727855840000004,36.88554888,100.0,40.6588555,43.113204780000224,51.43521870000027,36.46729730000018,26.942257060000134,101.7818604800005,424.47803184,-1.00329082,-0.0109551399999999,-0.0039183,0.4961368200000004,1.6884692600000002,4.61116884,10.08207152,-17.126534380000002,29.543747180000004,100.0,32.879179560000004,41.9026058600004,20.02619636000018,15.64546590000013,17.31431538000015,50.40063204000042,420.8176411199999,112,X1.5101 Y1.4715 Z0.0723
16:35:55.576,5,112,1.5101,1.4715,0.0723,85.91767,54.26134,-24.15608,,185.42,0,0,,2,1,"{""sr"":{""mpox"":85.91767,""mpoy"":54.26134,""mpoz"":-24.15608,""mpoa"":0,""posx"":1.5101,""posy"":1.4715,""posz"":0.0723,""posa"":0,""unit"":0,""stat"":5,""coor"":2,""momo"":1,""dist"":0,""home"":1,""mots"":0,""plan"":0,""line"":112,""path"":2,""frmo"":2,""prbe"":1,""safe"":0,""estp"":0,""spc"":1,""hold"":0,""macs"":5,""cycs"":1,""sps"":12000,""feed"":185.42,""mark"":1069948221}}",5.152557342094619,0.1947240878996968,0.1968225165188772,0.2032990683579662,5.152557342094619,0.1947240878996968,0.1968225165188772,0.2032990683579662,-0.99044948,0.03890752,-0.01089912,-1.60877952,-0.82616048,1.06634768,-32.90747136,34.4495698,-32.542098440000004,100.1,33.56550472,45.85408999999997,30.12117679999999,25.625478799999996,23.82719976,74.27154639999998,345.24716868,-1.00639572,-0.07446804,0.02245948,5.3891446,1.8000816000000002,2.00516624,-5.0,16.92759152,-96.39529396,100.0,32.214599,115.99012815999998,12.160255239999998,13.563361559999995,9.82174488,31.3360424,407.0719412,-0.99849852,-0.02906692,0.013,-5.14541268,-8.22568856,0.46397048,4.0,28.0,43.49881484,100.0,32.61498855999999,65.96037295999997,5.641347639999998,3.905548439999999,4.339498159999998,12.150595039999995,493.0701737600001,-1.007,0.12338784,-0.0110543999999999,2.72295344,1.67497748,4.071979,-24.05440688,35.0,33.55774488,100.0,33.019456000000005,133.44906068000003,2.448606200000001,1.8364552800000007,1.2787104000000002,5.509365160000002,411.05994864,-1.03277212,-0.07039748,-0.0030583999999999,2.28761464,1.72436936,1.06081524,11.9708272,-33.0,36.31567216,100.0,40.65,44.98043339999993,54.14841979999992,38.39094291999994,28.363457439999955,107.15084147999984,382.27934256,-1.0042190400000002,-0.011,-0.00402976,0.43944536,1.78425736,4.91367244,10.766269,-17.0,30.0,100.0,32.86218904,53.187351439999865,21.012287039999947,16.415848999999955,18.16687343999995,52.96847323999986,388.1199494,112,X1.5101 Y1.4715 Z0.0723
16:35:56.090,5,112,1.5101,1.4715,0.0723,85.91767,54.26134,-24.15608,,185.42,0,0,,2,1,"{""sr"":{""mpox"":85.91767,""mpoy"":54.26134,""mpoz"":-24.15608,""mpoa"":0,""posx"":1.5101,""posy"":1.4715,""posz"":0.0723,""posa"":0,""unit"":0,""stat"":5,""coor"":2,""momo"":1,""dist"":0,""home"":1,""mots"":0,""plan"":0,""line"":112,""path"":2,""frmo"":2,""prbe"":1,""safe"":0,""estp"":0,""spc"":1,""hold"":0,""macs"":5,""cycs"":1,""sps"":12000,""feed"":185.42,""mark"":1069948221}}",5.193606052195623,0.200503159606673,0.2056592643099288,0.2155768552482483,5.193606052195623,0.200503159606673,0.2056592643099288,0.2155768552482483,-0.99050744,0.039,-0.010015,-1.6033804,-0.8706247600000002,0.8854704799999998,-33.0,35.0,-33.23891336,100.07610872,33.55492556,97.58864364000004,32.508835600000026,28.075812640000024,26.10557992000002,81.27208884000007,324.42396352,-1.006,-0.0751862,0.02356908,5.25064816,1.8601738000000003,1.97635456,-4.6914288000000015,16.5052776,-94.3085712,100.03085712,32.21,115.76503088000008,12.862781360000008,14.346948440000007,10.389169480000003,33.14639780000002,340.7723223599999,-0.99733488,-0.03015536,0.01269348,-5.38049296,-8.347881039999999,0.34730596,5.0,28.0,43.84915552,100.0,32.62849172,68.97913972000006,6.314991720000006,4.371917160000004,4.857686000000005,13.601520320000011,499.7584338399998,-1.007,0.12347352,-0.01162312,2.8274334800000007,1.62820968,4.13494744,-24.473906080000003,35.85052232,34.0,100.0,33.01526068,114.76611479999984,2.1043751199999967,1.5782811999999975,1.5782811999999975,4.734844599999993,405.92415495999984,-1.03491772,-0.07137804,-0.005,2.2024641600000003,1.5106947599999996,1.1900899199999992,11.08244764,-32.91755236,36.83510428,100.0,40.66082456,72.76806412000023,87.0453429600003,61.71468732000021,45.59517936000016,172.2484559200006,333.41307771999976,-1.004,-0.0115073599999999,-0.00392944,0.2268131199999999,1.7467903200000003,4.839145720000001,10.450630800000004,-17.0,30.5493692,100.0,32.87,104.99700712000048,43.2605696000002,33.797320240000154,37.402367640000165,109.05268588000048,321.9697699199997,112,X1.5101 Y1.4715 Z0.0723
16:35:56.605,5,112,1.5101,1.4715,0.0723,85.91767,54.26134,-24.15608,,185.42,0,0,,2,1,"{""sr"":{""mpox"":85.91767,""mpoy"":54.26134,""mpoz"":-24.15608,""mpoa"":0,""posx"":1.5101,""posy"":1.4715,""posz"":0.0723,""posa"":0,""unit"":0,""stat"":5,""coor"":2,""momo"":1,""dist"":0,""home"":1,""mots"":0,""plan"":0,""line"":112,""path"":2,""frmo"":2,""prbe"":1,""safe"":0,""estp"":0,""spc"":1,""hold"":0,""macs"":5,""cycs"":1,""sps"":12000,""feed"":185.42,""mark"":1069948221}}",5.276455902274037,0.2174525016087958,0.2187116821409044,0.2120447380339027,5.276455902274037,0.2174525016087958,0.2187116821409044,0.2120447380339027,-0.991,0.03853744,-0.0092191799999999,-1.68748604,-0.9066510000000002,0.9353147200000002,-33.0,34.57194552,-33.1096264,100.1,33.544280900000004,97.47130684000037,36.02464866000003,30.64783512000003,28.497109860000027,88.71741834000008,302.8516116,-1.0061873,-0.07533448,0.02437534,5.3628007,1.76918066,2.0807007000000004,-4.8570535600000015,17.0,-94.33475602,100.04776992,32.20669478,132.14131968000007,13.579740220000009,15.14663358000001,10.968251780000006,35.516244040000025,321.18698077999994,-0.9972997,-0.029,0.0137002999999999,-5.171336,-8.1884367,0.5828444399999997,2.8002476199999946,19.44703315999996,30.802721599999938,100.0,32.623094,83.98592498000009,7.089720740000009,4.908268660000005,5.453631680000006,15.270168000000018,450.09325349999983,-1.007,0.12382736,-0.0112516,2.8018533800000003,1.7041785399999998,4.11313746,-24.0,35.0,33.57550314,100.0,33.01676288,91.78501679999977,1.6979871799999957,1.2734905799999967,1.100762439999999,3.8204722199999903,409.5825200000001,-1.03261894,-0.07151648,-0.0026959399999999,2.2698090000000004,1.5307077999999998,1.1305170000000002,11.212559879999995,-33.13538374,36.34794362,100.0,40.7065203,102.37282312000032,123.23862132000042,87.37553060000029,64.55356400000021,243.8690181200008,379.0910141200001,-1.00423764,-0.0105470599999999,-0.0033094199999999,0.5752835400000006,1.7801173399999994,4.76976308,10.0,-17.0,29.762407320000005,100.02375932,32.86165734,123.6133634000005,66.29543542000026,51.7933085000002,57.31792872000023,167.11974294000063,340.9999826800001,112,X1.5101 Y1.4715 Z0.0723
16:35:57.227,5,16,4.38295,-0.52487,1.02333,158.8881,3.55346,0.0,,0.0,0,0,,2,0,"{""sr"":{""mpox"":158.8881,""mpoy"":3.55346,""mpoz"":0,""mpoa"":0,""posx"":4.38295,""posy"":-0.52487,""posz"":1.02333,""posa"":0,""unit"":0,""stat"":5,""coor"":2,""momo"":0,""dist"":0,""home"":1,""mots"":1,""plan"":0,""line"":16,""path"":2,""frmo"":2,""prbe"":1,""safe"":0,""estp"":0,""spc"":1,""hold"":0,""macs"":5,""cycs"":1,""sps"":12000,""feed"":0,""mark"":1069948221}}",5.203358293189478,0.2012530962484195,0.2067212717038592,0.2125356248042773,5.203358293189478,0.2012530962484195,0.2067212717038592,0.2125356248042773,-0.99,0.0395491,-0.0095491,-1.75096752,-0.93902498,0.93064828,-33.0,34.451044960000004,-33.89599708,100.1,33.54548972,96.06718558000004,36.231052960000014,31.290454320000013,29.09463334000001,90.57763190000004,326.90794470000003,-1.007,-0.07546946,0.0230395599999999,5.3260571,2.1149957800000005,2.04141834,-5.0,16.530587240000003,-96.44948464,100.09188974,32.18449524,130.74441104000005,13.795277700000003,15.387040420000003,11.142339680000005,35.998855100000014,406.16540022,-0.99756162,-0.0295841799999999,0.01263452,-4.931815479999999,-8.469503600000001,0.3153139999999998,4.488338700000001,28.0,44.0,100.0,32.61023298,84.96236360000003,7.295817500000004,5.050950520000002,5.612167540000002,15.714069400000009,504.7330834,-1.00679674,0.123,-0.01193916,2.85659042,1.59441762,4.0485864,-24.93920014,35.54091956,33.0,100.0,33.0248015,85.2320194799999,1.593121499999998,1.1948417399999989,0.7965611599999991,3.584524579999996,458.6342369,-1.03113212,-0.07093394,-0.0036601199999999,2.25598598,1.4843004600000005,1.02189092,10.93392722,-31.91047926000001,35.77841614000001,100.0,40.67,111.79398758000016,132.84794698000016,94.18849180000012,69.58701980000009,262.8842979800003,377.25295572,-1.004,-0.01198308,-0.0042616,0.3343542999999998,1.77,4.86935218,10.0,-17.0,29.24060624,100.0,32.85983134,161.59896348000026,72.9186559200001,56.95451780000009,63.02966596000009,183.77324284000028,408.5861389,16,G0 X1.4919 Y1.4848
16:35:57.482,5,16,3.87735,-0.17341,1.02333,146.0457,12.48067,0.0,,0.0,0,0,,2,0,"{""sr"":{""mpox"":146.0457,""mpoy"":12.48067,""mpoz"":0,""mpoa"":0,""posx"":3.87735,""posy"":-0.17341,""posz"":1.02333,""posa"":0,""unit"":0,""stat"":5,""coor"":2,""momo"":0,""dist"":0,""home"":1,""mots"":1,""plan"":0,""line"":16,""path"":2,""frmo"":2,""prbe"":1,""safe"":0,""estp"":0,""spc"":1,""hold"":0,""macs"":5,""cycs"":1,""sps"":12000,""feed"":0,""mark"":1069948221}}",5.292442119701704,0.2113418018887928,0.2075101725073674,0.2150920424236502,5.292442119701704,0.2113418018887928,0.2075101725073674,0.2150920424236502,-0.99037504,0.0398387199999999,-0.0096047999999999,-1.80811528,-0.9998847199999996,0.916,-33.0,34.30231215999999,-33.69768784000001,100.06976864,33.54,102.57143608000032,30.595851480000057,26.42368964000005,24.569395920000048,76.65089036000015,329.51881232000017,-1.00647828,-0.07547828,0.02395728,5.242640280000001,1.9960549599999975,1.9872516,-5.0,16.604282960000003,-95.62297804,100.01256752,32.19,117.73783444000014,12.443836400000016,13.879663320000017,10.05079044000001,32.54541728000004,388.47876072,-0.997,-0.0289162,0.01322484,-5.50723208,-8.26794676,0.4948574800000001,4.887583079999998,27.570563920000005,44.0,100.0,32.61316988,68.26387304000016,5.955908080000015,4.12332096000001,4.581468240000011,12.828110160000032,489.11424200000016,-1.007,0.12342816,-0.01119012,2.784698959999999,1.85133644,4.12386224,-24.0,35.0,32.52359904000001,100.0,33.0242846,124.0171450399996,2.2860305999999926,1.7145228799999943,1.1430151599999965,5.143568639999984,439.23568128,-1.0316492,-0.06969252,-0.00436012,2.2430120400000013,1.3107873600000006,0.9972884399999996,12.0,-33.35992172,36.35992172,100.0,40.68052444,56.867576920000566,68.02513896000067,48.22946364000048,35.63221572000035,134.61059304000133,442.2360934799999,-1.005,-0.0113359999999999,-0.0039473599999999,0.5457884,1.7867351999999983,4.820947280000001,10.0,-17.0,30.0,100.0,32.85,64.71758064000095,30.92416412000045,23.91043644000035,26.460882960000383,77.15100752000112,417.96663732,16,G0 X1.4919 Y1.4848
16:35:57.741,5,16,3.36973,0.17946,1.02333,133.15217,21.44341,0.0,,0.0,0,0,,2,0,"{""sr"":{""mpox"":133.15217,""mpoy"":21.44341,""mpoz"":0,""mpoa"":0,""posx"":3.36973,""posy"":0.17946,""posz"":1.02333,""posa"":0,""unit"":0,""stat"":5,""coor"":2,""momo"":0,""dist"":0,""home"":1,""mots"":1,""plan"":0,""line"":16,""path"":2,""frmo"":2,""prbe"":1,""safe"":0,""estp"":0,""spc"":1,""hold"":0,""macs"":5,""cycs"":1,""sps"":12000,""feed"":0,""mark"":1069948221}}",5.081117218280875,0.1889385023801458,0.2019163835879336,0.2040416835495684,5.081117218280875,0.1889385023801458,0.2019163835879336,0.2040416835495684,-0.99,0.03950762,-0.0110157,-1.55282812,-0.8703874999999999,0.9953511799999996,-33.0,35.0,-32.719901740000005,100.1,33.54,103.10198514000014,34.02873414000005,28.94981862000004,26.91825218000004,83.80210624000011,306.5482042799998,-1.006,-0.075,0.0237024599999999,5.179391340000001,1.8471640199999984,2.06239554,-5.0,16.297343440000002,-95.4960264,100.0,32.19289412,124.98549084000012,13.103317580000011,14.615238840000012,10.58344866000001,33.76624138000003,350.6792696799999,-0.99749294,-0.02932076,0.01332076,-5.37746072,-8.12621762,0.5098435199999997,4.186242499999998,28.0,44.0,100.0,32.62,76.70195648000016,6.086393180000011,4.564794540000008,5.071994600000009,14.201584140000024,439.6076033999999,-1.00719962,0.124,-0.01184268,2.77665062,1.6358307799999998,4.07853,-24.0,35.0,33.3288515,100.0,33.0244378,104.01882719999968,1.944277139999994,1.4582082199999955,0.9721382999999972,4.374623659999987,380.2475851199999,-1.03391444,-0.0702080599999999,-0.0044754199999999,2.2371193600000003,1.4024168200000011,1.0885888200000002,12.0,-33.0,36.52412046,100.0,40.6891467,82.81102214000046,99.05875440000057,70.23213264000039,51.88791900000029,196.02102750000105,352.5236620400002,-1.00404278,-0.011,-0.00395722,0.4322048999999999,1.86489998,4.734321080000001,4.704074179999963,-7.996926699999936,13.641815499999892,100.0,32.84513082,99.9473744600007,50.84088628000036,39.719442300000274,43.95618274000032,127.63180770000088,357.61305226,16,G0 X1.4919 Y1.4848
16:35:57.998,5,16,2.85817,0.53505,1.02333,120.15872,30.47563,0.0,,0.0,0,0,,2,0,"{""sr"":{""mpox"":120.15872,""mpoy"":30.47563,""mpoz"":0,""mpoa"":0,""posx"":2.85817,""posy"":0.53505,""posz"":1.02333,""posa"":0,""unit"":0,""stat"":5,""coor"":2,""momo"":0,""dist"":0,""home"":1,""mots"":1,""plan"":0,""line"":16,""path"":2,""frmo"":2,""prbe"":1,""safe"":0,""estp"":0,""spc"":1,""hold"":0,""macs"":5,""cycs"":1,""sps"":12000,""feed"":0,""mark"":1069948221}}",5.350578871459196,0.1987951787780765,0.1949728880374844,0.2002291953010617,5.350578871459196,0.1987951787780765,0.1949728880374844,0.2002291953010617,-0.9906868,0.039,-0.0101707999999999,-1.5448175999999996,-0.9265092000000004,0.9790048,-32.0,35.0,-33.0,100.1,33.54,104.03625960000076,34.255206600000065,29.090884000000056,27.370910400000056,85.21132600000017,342.3233738000001,-1.006,-0.0740498,0.022511,5.183275999999999,1.9371487999999997,1.9408995999999985,-4.708900399999996,16.780230800000002,-95.0,100.0,32.1926934,129.24985680000017,13.28259420000002,14.81520080000002,10.728248600000017,34.228222600000045,362.1905542000002,-0.9977616,-0.0294801999999999,0.013,-5.268735,-8.2083068,0.4856133999999998,3.761466000000005,28.519562200000003,44.2810278,100.0,32.614804400000004,79.49297700000021,6.234743400000016,4.6760576000000125,5.195619400000014,14.54773460000004,487.8866136000004,-1.007204,0.1237368,-0.0115328,2.8781990000000013,1.6801263999999994,4.044780400000001,-25.0,35.0,33.0,100.0,33.02,101.90558939999951,1.869827199999991,1.4023703999999932,1.1390395999999978,4.20711119999998,432.42102220000055,-1.0344516,-0.07,-0.0044357999999999,2.2982462000000003,1.691875599999998,1.124185399999999,12.0,-33.32580359999999,35.65160759999999,100.0,40.673258,88.6318942000007,106.69699400000086,75.6476044000006,55.88890120000045,211.13585020000167,396.1285246000005,-1.004585,-0.0109465999999999,-0.0024689999999999,0.4983484000000007,1.8018704,4.781165600000001,10.638470000000009,-17.0,29.9463528,100.0,32.8594636,127.49133200000126,56.14297180000056,43.86169680000043,48.540278200000486,141.52707500000142,403.5874354000002,16,G0 X1.4919 Y1.4848
16:35:58.255,5,16,2.35055,0.88792,1.02333,107.26521,39.43837,0.0,,0.0,0,0,,2,0,"{""sr"":{""mpox"":107.26521,""mpoy"":39.43837,""mpoz"":0,""mpoa"":0,""posx"":2.35055,""posy"":0.88792,""posz"":1.02333,""posa"":0,""unit"":0,""stat"":5,""coor"":2,""momo"":0,""dist"":0,""home"":1,""mots"":1,""plan"":0,""line"":16,""path"":2,""frmo"":2,""prbe"":1,""safe"":0,""estp"":0,""spc"":1,""hold"":0,""macs"":5,""cycs"":1,""sps"":12000,""feed"":0,""mark"":1069948221}}",5.293353089018548,0.2073376014476128,0.2091303030727981,0.207769787566116,5.293353089018548,0.2073376014476128,0.2091303030727981,0.207769787566116,-0.99,0.039,-0.0101092,-1.69567526,-0.8354947799999999,1.00606058,-32.52359112,34.58562812,-33.06203774,100.05235886,33.53109226,33.34864197999999,31.91941459999999,27.155322359999992,25.249686099999995,78.60751231999997,335.5036707999999,-1.006,-0.07506484,0.02253192,5.46053254,1.85294566,2.05908738,-5.0,16.5322557,-95.65075822,100.0,32.19,117.03772881999996,12.161345139999996,13.564577299999996,9.822625119999998,31.33885181999999,365.88455116,-0.997555,-0.02926418,0.0131541799999999,-5.12499572,-8.2373018,0.4213455599999999,4.0,28.0,44.26392314,100.0,32.62527828,69.20949317999997,5.340914599999997,4.005685699999998,4.450761999999998,12.462134399999997,492.5387144,-1.00624494,0.12324494,-0.01148988,2.81247514,1.5810158600000002,4.06958944,-24.82853364,34.82853364,33.0733693,100.0,33.040733960000004,127.82989250000008,2.3347924000000013,1.751094420000001,1.751094420000001,5.253283520000003,398.37743402,-1.03254464,-0.0707875799999999,-0.0025609999999999,2.12581706,1.3124246400000004,1.06114134,12.0,-33.0,35.83306846,100.0,40.68,55.623982059999896,65.86655901999987,46.69904203999992,34.50153117999993,130.33911711999974,396.32358734,-1.005,-0.01093414,-0.0024336199999999,0.4171259199999998,1.82335482,4.77938828,10.0,-17.0,29.06622926,100.0,32.84,53.46681707999984,28.939505219999912,22.608988559999936,25.02061359999992,72.95166857999979,354.00444267999995,16,G0 X1.4919 Y1.4848
16:35:58.513,5,16,1.839,1.24352,1.02333,94.27175,48.47059,0.0,,0.0,0,0,,2,0,"{""sr"":{""mpox"":94.27175,""mpoy"":48.47059,""mpoz"":0,""mpoa"":0,""posx"":1.839,""posy"":1.24352,""posz"":1.02333,""posa"":0,""unit"":0,""stat"":5,""coor"":2,""momo"":0,""dist"":0,""home"":1,""mots"":1,""plan"":0,""line"":16,""path"":2,""frmo"":2,""prbe"":1,""safe"":0,""estp"":0,""spc"":1,""hold"":0,""macs"":5,""cycs"":1,""sps"":12000,""feed"":0,""mark"":1069948221}}",5.141903265578966,0.1974767345275817,0.1885143390654997,0.1970854435982302,5.141903265578966,0.1974767345275817,0.1885143390654997,0.1970854435982302,-0.9905634,0.0394789,-0.0094366,-1.7167415,-0.8966766,0.9477898,-32.5634577,35.0,-32.8307736,100.0957689,33.5295769,105.73395490000004,37.18820140000002,31.553625800000017,29.863252500000016,93.01281500000005,282.8810272999999,-1.0059449,-0.0749449,0.0234875,5.0794402,1.9421049,2.0046717,-4.597328299999999,16.944917200000003,-95.8898344,100.0055083,32.1805508,136.10372790000005,14.098394500000005,15.725131800000009,11.387164300000004,36.33047760000001,326.17875059999994,-0.998,-0.0290595,0.0129405,-5.494643000000001,-8.1734453,0.4862971000000002,4.0,28.0,43.4247242,100.0,32.6142471,88.59251520000005,6.903312800000005,5.177484600000003,5.752760300000004,16.10773040000001,392.81485099999975,-1.0076279,0.123306,-0.0116279,2.8246178,1.648,4.1343806,-24.3058245,35.0,33.0,100.0,33.0230582,80.82564359999989,1.4878941999999975,1.1159205999999982,0.8100960999999978,3.3477618999999947,359.27859279999984,-1.0328368,-0.0701683,-0.0029184,2.2427948,1.3273442,1.0532646,12.0,-33.0,36.168642,100.0,40.7016866,118.46164130000015,141.7041146000002,100.46746810000016,74.2259647000001,280.4092009000004,382.3199816,-1.0049096,-0.011,-0.0024453999999999,0.4667722000000002,1.9309367000000004,4.7208104,10.0,-17.0,30.735575600000004,100.0083574,32.85,178.4158646000003,80.12193950000012,61.94995300000011,68.55794750000011,199.89184790000036,364.409216,16,G0 X1.4919 Y1.4848
16:35:58.769,5,16,1.49803,1.48054,1.02333,85.61119,54.49086,0.0,,0.0,0,0,,2,0,"{""sr"":{""mpox"":85.61119,""mpoy"":54.49086,""mpoz"":0,""mpoa"":0,""posx"":1.49803,""posy"":1.48054,""posz"":1.02333,""posa"":0,""unit"":0,""stat"":5,""coor"":2,""momo"":0,""dist"":0,""home"":1,""mots"":1,""plan"":0,""line"":16,""path"":2,""frmo"":2,""prbe"":1,""safe"":0,""estp"":0,""spc"":1,""hold"":0,""macs"":5,""cycs"":1,""sps"":12000,""feed"":0,""mark"":1069948221}}",5.33073880552482,0.2065915680934474,0.2073749919255907,0.2049087006374489,5.33073880552482,0.2065915680934474,0.2073749919255907,0.2049087006374489,-0.99101156,0.039,-0.0099884399999999,-1.5511517,-0.9655866399999994,0.8802810400000001,-32.587675780000005,35.0,-33.412324219999995,100.1,33.528246700000004,96.40292284000016,28.388708980000064,24.16142382000006,22.46588476000005,69.95252342000018,339.78823147999987,-1.00707702,-0.07554708,0.0235380199999999,5.49988248,1.6093850400000005,2.0151043800000004,-4.461690900000004,16.45263864,-95.5383091,100.0538314,32.19538314,103.20150624000014,11.768593020000017,13.126507000000018,9.505401740000014,30.779396520000045,366.4472657600002,-0.9974059,-0.02882792,0.01241396,-5.23826156,-8.1322308,0.4995015199999998,4.0,28.586216399999994,43.5862164,100.0,32.61233332,63.69891530000021,4.868706840000016,3.651530380000012,4.057255860000014,11.360316600000038,382.5325359800008,-1.00700682,0.12364484,-0.0116516599999999,2.7682532400000004,1.8152681800000008,4.0292463,-24.006810400000003,35.0,32.703652680000005,100.0,33.02644742,142.68898439999953,2.606315459999992,1.9547365999999933,1.9547365999999933,5.864210759999981,349.9480505400004,-1.03478406,-0.07019764,-0.003,2.36770306,1.3557434800000006,1.1479263199999998,11.201589100000003,-33.0,36.8057311,100.0,40.69194274,31.47071652000068,37.40858662000081,26.52249044000057,19.59497432000042,74.0254582200016,310.30084592000026,-1.004,-0.0117757599999999,-0.00499814,0.4267730599999999,1.8923404,4.87627806,10.0,-16.00186008,30.99813992,100.0,32.85,18.84389334000094,10.579028460000528,8.26486586000041,9.146451240000456,26.667966520001325,410.5190614799999,16,G0 X1.4919 Y1.4848
16:35:59.028,5,17,1.4919,1.4848,0.99763,85.45539,54.59916,-0.65278,,0.0,0,0,,2,0,"{""sr"":{""mpox"":85.45539,""mpoy"":54.59916,""mpoz"":-0.65278,""mpoa"":0,""posx"":1.4919,""posy"":1.4848,""posz"":0.99763,""posa"":0,""unit"":0,""stat"":5,""coor"":2,""momo"":0,""dist"":0,""home"":1,""mots"":1,""plan"":0,""line"":17,""path"":2,""frmo"":2,""prbe"":1,""safe"":0,""estp"":0,""spc"":1,""hold"":0,""macs"":5,""cycs"":1,""sps"":12000,""feed"":0,""mark"":1069948221}}",5.16151697678449,0.2004893150434176,0.2057891628097368,0.2141415388081032,5.16151697678449,0.2004893150434176,0.2057891628097368,0.2141415388081032,-0.9903376,0.0396624,-0.01,-1.4997359999999995,-0.8611963999999999,0.9848052000000002,-33.0,34.662704,-33.9771944,100.1,33.5033728,61.22287220000006,36.62439680000004,31.158069000000037,28.42490480000003,90.1944094000001,323.997853,-1.0060902,-0.0745591999999999,0.0235028,5.3141426,2.1868614,2.0732858000000003,-5.0,17.0,-94.559136,100.0,32.19,129.40114820000008,13.806800400000007,15.399892400000011,11.151646800000009,36.01992620000003,390.7878718000001,-0.9984768,-0.0295231999999999,0.013,-5.109297000000001,-8.1746962,0.4539513999999999,4.441831199999999,28.918940000000003,43.91894,100.0,32.6047712,86.35408620000011,6.698028800000007,5.023521400000006,5.581691000000006,15.62873380000002,511.9789566,-1.007,0.123472,-0.0115956,2.8285644,1.6438754,4.035497400000001,-24.0676162,34.595265,32.4723512,100.0,33.0252768,87.42277019999975,1.6189403999999954,1.2142051999999963,0.8094701999999977,3.64261499999999,428.6242578000001,-1.0326575999999998,-0.0712688,-0.0040367999999999,2.2958792,1.3564731999999995,1.1131386,12.657782400000004,-33.036812,36.3422176,100.0,40.67,108.39349340000037,131.27828760000045,93.07561120000032,68.76481760000021,259.74138640000086,379.0674205999999,-1.005,-0.011,-0.0028671999999999,0.5177811999999997,1.8011529999999996,5.0293592,10.0,-17.0,30.688423400000005,100.002249,32.8428912,184.92630720000076,70.40673680000026,55.005263600000205,60.872491600000224,177.48364980000065,406.6446553999999,17,Z0.6
16:35:59.283,5,17,1.4919,1.4848,0.76528,85.45539,54.59916,-6.5545,,0.0,0,0,,2,0,"{""sr"":{""mpox"":85.45539,""mpoy"":54.59916,""mpoz"":-6.5545,""mpoa"":0,""posx"":1.4919,""posy"":1.4848,""posz"":0.76528,""posa"":0,""unit"":0,""stat"":5,""coor"":2,""momo"":0,""dist"":0,""home"":1,""mots"":1,""plan"":0,""line"":17,""path"":2,""frmo"":2,""prbe"":1,""safe"":0,""estp"":0,""spc"":1,""hold"":0,""macs"":5,""cycs"":1,""sps"":12000,""feed"":0,""mark"":1069948221}}",5.119297011458629,0.1989443252976674,0.2042471556342207,0.2060377233396198,5.119297011458629,0.1989443252976674,0.2042471556342207,0.2060377233396198,-0.9901725,0.0398275,-0.0102465,-1.587,-0.944557,0.948443,-33.0,35.0,-33.531852,100.1,33.5,61.590229499999374,31.070334299999946,26.684438199999956,24.811845599999955,77.24442569999987,344.0074655999999,-1.006,-0.0745179,0.0225179,5.268869400000001,1.9280201,2.1255659,-4.865145500000002,16.1348545,-95.2483899,100.0481904,32.185181,118.06576149999988,12.529427899999988,13.975130499999985,10.119922499999989,32.28737179999997,345.9992859999999,-0.998,-0.0294179,0.0128791,-5.264480600000001,-8.388082399999998,0.3693896000000006,4.538711200000001,28.4612888,43.120786,100.0,32.6065946,71.49976379999984,5.535465499999988,4.151599099999991,4.61288789999999,12.916086099999973,467.0147173999997,-1.0066385999999998,0.1234634,-0.0115654,2.8249340999999992,1.6214665,4.0262843,-24.0,35.0,33.5650199,100.0,33.0353688,123.27628390000038,2.2600800000000065,1.6950601000000052,1.6950601000000052,5.085180300000015,429.35158790000014,-1.0334288,-0.0713163,-0.0040560999999999,2.4515430000000014,1.650189399999998,1.1338502000000004,12.0,-33.0,36.9437776,100.0,40.6637244,58.47594249999948,70.02214789999938,49.90940299999955,36.87336529999967,138.92692139999875,399.3945161000002,-1.0049715,-0.0113629999999999,-0.004,0.3455953000000002,1.8752719999999996,4.805272,10.0,-17.0,30.0283806,100.0,32.84,80.28155189999896,32.11262049999958,25.087984699999677,27.76403639999964,80.95056489999895,432.9680643000005,17,Z0.6
16:35:59.560,5,18,1.4919,1.4848,0.43783,85.45539,54.59916,-14.8716,,0.0,0,0,,2,0,"{""sr"":{""mpox"":85.45539,""mpoy"":54.59916,""mpoz"":-14.8716,""mpoa"":0,""posx"":1.4919,""posy"":1.4848,""posz"":0.43783,""posa"":0,""unit"":0,""stat"":5,""coor"":2,""momo"":0,""dist"":0,""home"":1,""mots"":1,""plan"":0,""line"":18,""path"":2,""frmo"":2,""prbe"":1,""safe"":0,""estp"":0,""spc"":1,""hold"":0,""macs"":5,""cycs"":1,""sps"":12000,""feed"":0,""mark"":1069948221}}",5.232010910205938,0.2034595487618194,0.2109329513598575,0.2119089718890391,5.232010910205938,0.2034595487618194,0.2109329513598575,0.2119089718890391,-0.99093264,0.039,-0.0088934,-1.67763352,-0.9172466,0.94736648,-32.9326664,34.553135000000005,-32.96106276,100.1,33.49514228,48.261389680000015,29.493071600000007,25.02442416000001,23.683830680000007,73.73267900000002,286.09841708,-1.00646684,-0.07446684,0.02246684,5.2693738,1.87943724,2.04247516,-5.0,16.466798960000002,-94.37872408,100.0,32.1891192,104.80076112000002,12.13677216,13.537168880000005,9.80277752,31.363603800000003,318.59908432000003,-0.99790448,-0.02956764,0.01347196,-5.34222568,-8.02239528,0.49620944,4.0,28.09558064,43.43270876,100.0,32.60662908,66.05323148000002,5.529629200000001,4.231503760000001,4.327084400000001,12.115835680000004,438.02797136,-1.0063928800000002,0.12371272,-0.0118944,2.85809564,1.67196784,4.0564276,-24.0,35.0,33.10566272,100.0,33.03468812,131.12913507999994,2.4283171599999998,1.8212380399999992,1.8212380399999992,5.463714279999998,391.10238744,-1.03415624,-0.0706883599999999,-0.0041815599999999,2.28252868,1.30187512,1.1021611999999998,12.0,-33.0,36.84404896,100.0,40.66130032,45.62836872000008,53.92208056000008,38.322667120000055,28.313015360000048,106.67428968000016,357.74571672,-1.0048552,-0.0107795999999999,-0.0038488,0.53556784,2.0124424,4.76522576,10.0,-17.0,29.77980012,100.00754656,32.84,44.82179992000015,21.13921752000005,16.515013360000044,18.276615240000044,53.28844372000015,405.49577384,18,G0 Z0.2
16:35:59.834,5,18,1.4919,1.4848,0.20236,85.45539,54.59916,-20.85254,,0.0,0,0,,2,0,"{""sr"":{""mpox"":85.45539,""mpoy"":54.59916,""mpoz"":-20.85254,""mpoa"":0,""posx"":1.4919,""posy"":1.4848,""posz"":0.20236,""posa"":0,""unit"":0,""stat"":5,""coor"":2,""momo"":0,""dist"":0,""home"":1,""mots"":1,""plan"":0,""line"":18,""path"":2,""frmo"":2,""prbe"":1,""safe"":0,""estp"":0,""spc"":1,""hold"":0,""macs"":5,""cycs"":1,""sps"":12000,""feed"":0,""mark"":1069948221}}",5.223165459836114,0.1906466936958168,0.1858227562498751,0.2026877639300297,5.223165459836114,0.1906466936958168,0.1858227562498751,0.2026877639300297,-0.99,0.03871508,-0.00971508,-1.59308772,-0.936895,0.9148180800000004,-33.0,34.71532956,-32.38446244,100.1,33.50815136,67.36738887999998,35.009823799999985,30.235756839999983,28.113949599999987,87.52456031999996,410.0171117599999,-1.006,-0.07462532,0.02380956,5.25618288,1.99264296,1.99998744,-4.6253302000000005,17.0,-94.48037372,100.0,32.1851964,126.24460067999996,13.510280159999995,15.069158639999996,10.912149439999997,35.18962255999999,397.99523280000005,-0.99787072,-0.02912928,0.013,-5.20378368,-8.398299,0.4753762,4.53430936,28.0,44.0686184,100.0,32.61319496,81.21498347999996,6.411709359999997,4.808781599999998,5.343090959999998,14.960655159999993,553.61061436,-1.00744948,0.123443,-0.01233548,2.83613272,1.64836488,4.0002331600000005,-24.0,35.0,33.44322652,100.0,33.03784896,96.1801387200001,1.7729057200000018,1.3296792000000015,0.8864530400000009,3.989037960000004,404.44322652,-1.03305888,-0.07061444,-0.0047255599999999,2.38359392,1.4482511999999998,1.038,12.555503559999998,-33.0,36.05891872,100.0,40.66385596,95.47107343999986,116.12574395999984,82.33253807999988,60.82777071999991,229.23829791999967,377.87445072,-1.00435648,-0.0116147199999999,-0.0035459599999999,0.3702058800000002,1.92003248,4.85775164,10.61488728,-16.385112720000002,29.64368344,100.03563132,32.84,143.64809915999973,61.79359395999989,48.27624563999992,53.42571151999991,155.7713524799997,346.86720744000013,18,G0 Z0.2
16:36:00.095,5,19,1.4919,1.4848,0.10287,85.45539,54.59916,-23.37961,,0.0,0,0,,2,0,"{""sr"":{""mpox"":85.45539,""mpoy"":54.59916,""mpoz"":-23.37961,""mpoa"":0,""posx"":1.4919,""posy"":1.4848,""posz"":0.10287,""posa"":0,""unit"":0,""stat"":5,""coor"":2,""momo"":0,""dist"":0,""home"":1,""mots"":1,""plan"":0,""line"":19,""path"":2,""frmo"":2,""prbe"":1,""safe"":0,""estp"":0,""spc"":1,""hold"":0,""macs"":5,""cycs"":1,""sps"":12000,""feed"":0,""mark"":1069948221}}",5.46862950786957,0.2051824303218087,0.2039366868431603,0.208617122011228,5.46862950786957,0.2051824303218087,0.2039366868431603,0.208617122011228,-0.991,0.03949484,-0.011,-1.81849708,-0.9517169399999996,0.8470785799999997,-16.170128780000024,17.686078540000025,-16.170128780000024,100.1,33.5,116.33894758000012,33.350890040000046,28.608708240000045,26.78177518000004,83.37722560000012,272.9107505200002,-1.00575754,-0.07475754,0.02373738,5.32660256,1.99737384,1.98441352,-5.0,17.0,-93.99001452,100.0,32.17494992,113.6233717200001,13.129811840000013,14.644790020000016,10.60484772000001,33.834515120000034,333.57121052,-0.99750752,-0.0297807599999999,0.0132888199999999,-5.305101479999999,-8.0652096,0.4412860800000002,4.780916059999998,28.0,44.0,100.0,32.60726622,76.64107664000012,6.090681600000011,4.568011680000008,5.0755681400000086,14.211590500000025,418.37483552000015,-1.0068174799999998,0.1233045199999999,-0.01102638,2.9114367000000003,1.8548738600000003,4.028,-19.61998925999996,28.30817125999995,26.977485299999948,100.0,33.02669322,106.30797837999968,1.947256459999994,1.4604419799999957,1.4604419799999957,4.381326939999987,364.4308567000001,-1.03219548,-0.07090226,-0.00372146,2.2878193400000004,1.3829230799999994,1.0719587799999994,10.82677385999999,-30.14974889999997,33.90866395999997,100.0,40.67097794,85.22996346000049,99.43495728000056,70.49885864000039,52.08497752000029,196.76547064000115,361.15783144000005,-1.00441538,-0.01010314,-0.0025185199999999,0.5449579199999995,1.761915839999999,4.961517960000001,10.533130300000003,-16.584683020000003,29.05155272,100.0,32.83,131.15011072000092,51.18053120000035,39.98478976000028,44.24983400000031,129.0175886000009,339.6496003999999,19,Z0.1
16:36:00.350,5,22,1.50845,1.47204,0.09926,85.87565,54.27513,-23.47122,,185.42,0,0,,2,1,"{""sr"":{""mpox"":85.87565,""mpoy"":54.27513,""mpoz"":-23.47122,""mpoa"":0,""posx"":1.50845,""posy"":1.47204,""posz"":0.09926,""posa"":0,""unit"":0,""stat"":5,""coor"":2,""momo"":1,""dist"":0,""home"":1,""mots"":1,""plan"":0,""line"":22,""path"":2,""frmo"":2,""prbe"":1,""safe"":0,""estp"":0,""spc"":1,""hold"":0,""macs"":5,""cycs"":1,""sps"":12000,""feed"":185.42,""mark"":1069948221}}",5.18598229814258,0.2024587981219796,0.2085165306305895,0.2065208407118754,5.18598229814258,0.2024587981219796,0.2085165306305895,0.2065208407118754,-0.99047808,0.03936928,-0.00936928,-1.6441068399999996,-0.8931014399999999,0.9902110400000002,-33.15275592,35.0,-31.63066688,100.1,33.51522092,99.8834560799999,31.54214419999997,26.76303139999997,25.32929723999997,79.33327163999992,322.1488641200001,-1.00660616,-0.07448492,0.02277356,5.211117959999999,1.84497504,2.05381216,-5.0,17.0,-95.0,100.01969956,32.1677344,117.45230927999992,12.615717639999993,14.071377279999991,10.189618119999995,32.50973347999998,361.4891530399999,-0.99774272,-0.0302149199999999,0.0134860799999999,-4.99645992,-8.264222,0.4027779999999995,4.0,28.0,44.0,100.0,32.60785008,74.5933753599999,5.664970839999993,4.248727919999995,4.720808799999994,13.218264919999983,488.47499159999984,-1.00678112,0.12354352,-0.0112375999999999,2.91895284,1.7741446800000005,4.074498480000001,-24.0,35.23773284,33.0,100.0,33.03,117.9206964800002,2.173653320000004,1.6302399200000026,1.6302399200000026,4.890720400000008,392.8361422399999,-1.0337066,-0.0715914,-0.0044085999999999,2.3327282,1.54106416,1.07692656,12.0,-33.0,36.59164836,100.0,40.67591648,64.1111497599997,77.17839107999966,54.71907047999976,40.42677623999983,152.7233769599993,344.7983489999997,-1.0043876,-0.011,-0.00312224,0.4195292799999999,1.5944141599999992,4.8232814,10.61243324,-16.673669720000003,30.06123648,100.06124356,32.81938752,84.6322563199995,37.26768191999978,29.067535359999827,32.168072359999805,93.46491683999946,314.0849638799998,22,X1.5123 Y1.4696 Z0.0991
16:36:00.610,5,26,1.53664,1.45857,0.09816,86.59177,53.93283,-23.49928,,185.42,0,0,,2,1,"{""sr"":{""mpox"":86.59177,""mpoy"":53.93283,""mpoz"":-23.49928,""mpoa"":0,""posx"":1.53664,""posy"":1.45857,""posz"":0.09816,""posa"":0,""unit"":0,""stat"":5,""coor"":2,""momo"":1,""dist"":0,""home"":1,""mots"":1,""plan"":0,""line"":26,""path"":2,""frmo"":2,""prbe"":1,""safe"":0,""estp"":0,""spc"":1,""hold"":0,""macs"":5,""cycs"":1,""sps"":12000,""feed"":185.42,""mark"":1069948221}}",5.1670115354784345,0.2031740555991542,0.2066303128268662,0.2052085375485631,5.1670115354784345,0.2031740555991542,0.2066303128268662,0.2052085375485631,-0.99006752,0.03904024,-0.00944612,-1.68420136,-0.854,0.977,-33.4463576,34.51381808,-32.06746048,100.1,33.50932544,105.72243371999996,36.60785487999999,31.55761296,29.343044199999994,91.83716707999996,268.71946552,-1.00653368,-0.0745548,0.022756,5.1798494,1.96935304,2.00582348,-4.91162704,16.3780126,-94.3780126,100.1,32.19067248,133.93712416,13.873965359999998,15.474806999999998,11.20589484,35.75214043999999,321.35488812,-0.99709536,-0.0285294,0.01333852,-5.526517,-7.968243719999999,0.60417968,4.0,28.0,43.19082912,100.0,32.62095408,86.03938083999998,6.792582839999998,5.094436919999999,5.660485559999999,15.849359399999996,341.4247851600001,-1.00671608,0.1233892,-0.0116108,2.79712372,1.66084704,3.99162724,-24.10530416,35.283597439999994,33.0,100.0,33.045058080000004,84.78057992000005,1.555606560000001,1.1667049600000008,1.1667049600000008,3.500115560000002,324.13598600000006,-1.03269088,-0.07028576,-0.00484544,2.2608704,1.27036448,1.01112048,12.0,-33.1311976,36.0,100.0,40.67559344,113.53818247999992,134.96048135999993,95.68626735999992,70.69358555999996,267.0646560399998,344.83144148,-1.00492272,-0.0108551999999999,-0.0046331199999999,0.42636372,1.82753664,4.87890036,9.329223159999993,-14.537864479999987,25.655054879999977,100.1,32.81077616,181.16635539999987,74.64364847999995,58.315350159999966,64.53565423999996,188.16419767999983,335.84915920000003,26,X1.5437 Y1.4565 Z0.0979
16:36:00.865,5,29,1.56748,1.45272,0.09705,87.37522,53.78424,-23.52743,,185.42,0,0,,2,1,"{""sr"":{""mpox"":87.37522,""mpoy"":53.78424,""mpoz"":-23.52743,""mpoa"":0,""posx"":1.56748,""posy"":1.45272,""posz"":0.09705,""posa"":0,""unit"":0,""stat"":5,""coor"":2,""momo"":1,""dist"":0,""home"":1,""mots"":1,""plan"":0,""line"":29,""path"":2,""frmo"":2,""prbe"":1,""safe"":0,""estp"":0,""spc"":1,""hold"":0,""macs"":5,""cycs"":1,""sps"":12000,""feed"":185.42,""mark"":1069948221}}",5.159786910280551,0.1996151504203821,0.1983485061600183,0.2030897456233791,5.159786910280551,0.1996151504203821,0.1983485061600183,0.2030897456233791,-0.990685,0.04312858,-0.0090251399999999,-1.6062442799999992,-0.8752339399999988,0.8947660600000013,-33.43010418,35.0,-32.54473470000001,100.1,33.51,32.257780739999816,28.38684705999984,24.51591343999986,22.79549865999987,70.9671172399996,656.6928532200034,-1.005543,-0.07630488,0.0200991199999999,5.258267099999999,1.7595299599999996,2.098851100000001,-5.0,16.03304589999999,-94.42404246,100.0,32.18457082,110.21881575999971,11.88429517999996,13.255560259999957,9.598854379999969,30.624915639999895,713.3854029600046,-0.99624856,-0.02978726,0.0122395399999999,-5.330912140000005,-8.191512799999996,0.4544632400000026,4.035798279999991,27.03579827999999,43.58374894000001,100.0,32.600357960000004,62.85395197999956,4.995015899999965,3.746261659999973,4.16251371999997,11.655037039999918,1181.076746340008,-1.00764268,0.1217551199999999,-0.0113636199999999,2.64578568,1.6237726200000009,4.084172340000001,-24.0,35.0,33.0,100.0,33.0300633,138.75737478000107,2.5695806200000195,1.9271854200000147,1.9271854200000147,5.781557260000045,771.6739380800032,-1.02774956,0.0144087800000011,-0.0130900800000001,2.0031719200000127,1.1386479799999942,1.08845978,12.58252516000006,-11.515604699999622,45.41080110000075,100.0,40.67,35.03278251999848,41.906302859998185,29.71134727999871,22.17264729999904,83.14742613999637,945.1603810200054,-1.00594582,-0.0144775,-0.0057834599999999,0.4671000400000024,1.83649524,4.929706340000001,10.054150299999986,-17.0,30.0,100.0,32.82909948,27.497663619997297,13.9009515399988,10.817812919999083,12.025863679998968,34.959628059996994,723.8557701800031,29,X1.5689 Y1.4526 Z0.097
16:36:01.132,5,33,1.5986,1.45485,0.09595,88.16557,53.83843,-23.55537,,185.42,0,0,,2,1,"{""sr"":{""mpox"":88.16557,""mpoy"":53.83843,""mpoz"":-23.55537,""mpoa"":0,""posx"":1.5986,""posy"":1.45485,""posz"":0.09595,""posa"":0,""unit"":0,""stat"":5,""coor"":2,""momo"":1,""dist"":0,""home"":1,""mots"":1,""plan"":0,""line"":33,""path"":2,""frmo"":2,""prbe"":1,""safe"":0,""estp"":0,""spc"":1,""hold"":0,""macs"":5,""cycs"":1,""sps"":12000,""feed"":185.42,""mark"":1069948221}}",5.276560976401541,0.199170171272702,0.2016163612669285,0.1994816071423641,5.276560976401541,0.199170171272702,0.2016163612669285,0.1994816071423641,-0.9977758,0.0442697599999999,-0.00198664,-1.7257239999999998,-0.88139328,0.93551316,-33.83749668,35.0,-32.53427012,100.1,33.51,98.30575451999998,35.26184659999999,29.919142519999998,28.316331159999997,88.68888703999998,2493.7703280400005,-1.00815152,-0.07997412,0.03512372,5.317703079999999,1.9564042,2.0407832,-5.4796888,16.87371888,-94.0,100.04796928,32.19,122.36430643999996,13.528096719999995,15.089030759999998,10.926539559999998,34.98714576,2170.9533689600003,-0.98947736,-0.03118844,0.01143056,-4.937938920000001,-8.65042972,0.2652015200000002,4.0,27.4570042,43.4570042,100.0,32.615692239999994,81.86191907999998,6.5159448799999975,4.886958479999999,5.429954279999999,15.203870239999995,4638.2064508,-1.01814392,0.1248092,-0.0136173999999999,2.87467176,1.70616376,3.94970768,-24.47529288,35.09590756,32.09590756,100.0,33.019041,92.62073668000004,1.715198800000001,1.2863989600000008,1.2863989600000008,3.8591971600000017,2855.97693556,-0.95401948,0.3549654400000001,0.0038843199999999,1.41997396,1.64153648,1.2925608,10.447144999999995,-25.87506056000001,20.127516120000003,100.0,40.66949572,100.69755035999994,121.03133299999992,85.99594715999994,63.70070179999995,238.92807255999983,2738.2402008000004,-1.00279836,-0.0016720399999999,0.0033588399999999,0.49725008,1.8758704,4.721097759999999,10.9749386,-17.0,30.6478704,100.06478704,32.82,151.73173339999988,65.24932539999995,50.46988611999996,55.85334083999994,163.49737071999988,3757.41682004,33,X1.6028 Y1.4557 Z0.0958
16:36:01.380,5,37,1.62842,1.46486,0.09484,88.923,54.09268,-23.58357,,185.42,0,0,,2,1,"{""sr"":{""mpox"":88.923,""mpoy"":54.09268,""mpoz"":-23.58357,""mpoa"":0,""posx"":1.62842,""posy"":1.46486,""posz"":0.09484,""posa"":0,""unit"":0,""stat"":5,""coor"":2,""momo"":1,""dist"":0,""home"":1,""mots"":1,""plan"":0,""line"":37,""path"":2,""frmo"":2,""prbe"":1,""safe"":0,""estp"":0,""spc"":1,""hold"":0,""macs"":5,""cycs"":1,""sps"":12000,""feed"":185.42,""mark"":1069948221}}",5.303534704629094,0.2088694555095794,0.2063175681497437,0.2072741150974784,5.303534704629094,0.2088694555095794,0.2063175681497437,0.2072741150974784,-0.99463256,0.0348248399999999,-0.01767888,-1.7475921199999989,-1.0256257999999996,0.9390189600000002,-33.185594599999995,35.0,-32.352345480000004,100.1,33.50676164,89.3031544399999,30.49597432000006,26.01360532000005,24.489191240000046,76.23993580000014,1720.9979996800005,-1.00693512,-0.0754598799999999,0.0291909599999999,5.248773280000001,1.9306239600000004,1.97194504,-5.0,16.419351279999997,-93.41935128,100.0,32.18798168,114.19484252000014,12.268867320000014,13.684505880000016,9.909469960000012,32.08780724000004,1894.6723608399984,-0.99702412,-0.0318469999999999,0.0120039199999999,-5.574561239999999,-8.329676840000001,0.4429187999999995,4.0,28.0,43.45378308,100.0,32.619035919999995,67.47114824000016,5.3976920000000135,4.04826888000001,4.498076840000011,12.59461408000003,2711.2842607999987,-0.99124496,0.11608184,-0.00566352,2.813006959999999,1.709,4.00249232,-23.58184252,35.0,32.418157480000005,100.0,33.014999200000005,127.4235227999996,2.3273705599999928,1.7455277999999943,1.1636852799999964,5.236582879999983,1943.3493701199995,-0.9510427600000004,0.1865311600000002,-0.0150408000000001,1.7188164400000074,1.6992593200000012,1.1831093199999996,13.090362319999992,-28.263375360000012,25.29406119999997,100.0,40.65376876,52.89782644000057,62.87854828000068,44.91324892000049,33.269073560000365,124.75902492000137,1833.763334040001,-1.00351732,-0.0064583199999999,-0.0046062799999999,0.4702244399999987,1.702328720000002,4.7989706000000005,10.97676104,-17.0,29.712007199999995,100.07120044,32.84311212,53.27865020000085,27.93529256000045,21.599453280000347,23.903394400000384,69.98222768000112,1736.6310487600006,37,X1.6345 Y1.4679 Z0.0946
16:36:01.638,5,40,1.65455,1.48199,0.09382,89.5866,54.5279,-23.6094,,185.42,0,0,,2,1,"{""sr"":{""mpox"":89.5866,""mpoy"":54.5279,""mpoz"":-23.6094,""mpoa"":0,""posx"":1.65455,""posy"":1.48199,""posz"":0.09382,""posa"":0,""unit"":0,""stat"":5,""coor"":2,""momo"":1,""dist"":0,""home"":1,""mots"":1,""plan"":0,""line"":40,""path"":2,""frmo"":2,""prbe"":1,""safe"":0,""estp"":0,""spc"":1,""hold"":0,""macs"":5,""cycs"":1,""sps"":12000,""feed"":185.42,""mark"":1069948221}}",5.381337618913269,0.2100365031039914,0.2039847841581853,0.2024489480670247,5.381337618913269,0.2100365031039914,0.2039847841581853,0.2024489480670247,-0.9909352,0.0409461999999999,-0.0077156,-1.6863701999999978,-0.8007709999999972,0.9763474000000006,-33.0,35.0,-33.01069739999999,100.1,33.52,116.6431384000005,34.06392560000015,29.41884440000013,27.35436460000012,85.67593320000037,1566.0698873999968,-1.010362,-0.0770337999999999,0.0332167999999998,5.488405599999999,2.0839888000000006,2.0561172,-5.0,16.490585399999997,-92.6716134,100.0490586,32.1950942,121.0805752000002,13.244773200000036,14.77301600000004,10.697700800000028,34.13076120000009,1357.7027573999994,-1.0086002,-0.0272907999999999,0.0119072,-5.382641200000002,-8.326942400000002,0.3541359999999991,4.0,28.0,43.0,100.0,32.6112554,78.9213342000004,6.217855400000032,4.663391800000024,5.181546200000027,14.508329600000074,2668.792680599988,-1.0080882,0.1260438,-0.0131888,2.868425600000001,1.5704986000000003,4.125830799999999,-24.0,34.531422600000006,32.60378819999999,100.0,33.021352,101.681289599999,1.8743095999999817,1.4057321999999863,0.9371547999999909,4.217196199999959,1584.7636183999973,-1.0042566000000006,0.0693621999999994,0.0236356000000006,2.1771318000000064,1.9634892000000037,1.2845549999999972,13.811370600000052,-13.016834800000051,35.082959400000135,100.0,40.6507336,89.42815800000145,106.3886126000017,75.4289632000012,56.290271200000895,211.08851660000337,2000.0792133999955,-1.0051124,-0.0103126,-0.0013968000000001,0.2012943999999993,2.0071396000000004,4.860557400000003,10.581517000000012,-17.0,30.037488,100.058152,32.8745598,91.7297852000018,55.82566360000111,43.61380000000087,48.26593800000096,140.7271936000028,1743.3841775999913,40,X1.6553 Y1.4826 Z0.0938
16:36:01.895,5,44,1.67542,1.50519,0.09273,90.11685,55.11703,-23.63707,,185.42,0,0,,2,1,"{""sr"":{""mpox"":90.11685,""mpoy"":55.11703,""mpoz"":-23.63707,""mpoa"":0,""posx"":1.67542,""posy"":1.50519,""posz"":0.09273,""posa"":0,""unit"":0,""stat"":5,""coor"":2,""momo"":1,""dist"":0,""home"":1,""mots"":1,""plan"":0,""line"":44,""path"":2,""frmo"":2,""prbe"":1,""safe"":0,""estp"":0,""spc"":1,""hold"":0,""macs"":5,""cycs"":1,""sps"":12000,""feed"":185.42,""mark"":1069948221}}",5.302606484799365,0.2030962518982619,0.2022208247431495,0.2157852130237059,5.302606484799365,0.2030962518982619,0.2022208247431495,0.2157852130237059,-0.9913405,0.0430085399999998,-0.01039646,-1.5626312200000003,-0.79840084,0.9606100000000014,-33.0,35.0,-33.61389394000001,100.1,33.54313632,38.31893375999939,33.755131400000145,28.68823798000012,26.854533920000108,83.60373724000034,1891.8261096400051,-1.00218088,-0.07377394,0.0144186399999999,5.4144860400000026,1.9061470200000028,2.043482640000001,-5.2525836999999935,16.747416300000005,-92.73473026,100.05063464,32.20517834,128.10483934000032,13.164924040000034,14.683954020000035,10.633208020000028,33.924996600000085,1465.0719989999989,-1.00591154,-0.0261731799999999,0.0130853199999999,-5.6924564800000015,-7.797854399999998,0.7028348600000022,4.0,28.0,42.78118875999999,100.0,32.60507584,77.15434292000037,6.0911321200000295,4.568348820000022,5.075943920000024,14.212642100000068,3764.3462192200063,-1.0199352000000002,0.12636234,-0.0172386,2.8632417200000013,1.648,4.04835818,-24.514374260000004,34.818757639999994,32.69561662000001,100.0,33.02818776,105.74325429999912,1.9425029599999837,1.4568772199999875,1.152493839999996,4.3706306599999625,2111.734473580002,-0.9698741800000004,0.2221830199999992,-0.0152546000000002,2.1674475200000165,1.8822216800000129,1.291290219999996,11.498370940000042,-20.408602559999864,19.761194859999804,100.0,40.65624594,83.38655384000128,99.64430974000152,70.27546032000107,52.4443734600008,197.19084438000303,1866.6037777,-1.00299158,-0.00528852,0.0018344399999999,0.1836034800000025,1.9964021799999947,4.699484339999999,10.94765996,-17.0,29.05234004,100.0417266,32.89,101.30506146000198,51.44812056000101,39.77947422000078,44.02261854000086,128.35510434000253,2682.984176980005,44,X1.6776 Y1.5083 Z0.0926
16:36:02.153,5,48,1.68982,1.5328,0.09163,90.48262,55.81835,-23.66501,,185.42,0,0,,2,1,"{""sr"":{""mpox"":90.48262,""mpoy"":55.81835,""mpoz"":-23.66501,""mpoa"":0,""posx"":1.68982,""posy"":1.5328,""posz"":0.09163,""posa"":0,""unit"":0,""stat"":5,""coor"":2,""momo"":1,""dist"":0,""home"":1,""mots"":1,""plan"":0,""line"":48,""path"":2,""frmo"":2,""prbe"":1,""safe"":0,""estp"":0,""spc"":1,""hold"":0,""macs"":5,""cycs"":1,""sps"":12000,""feed"":185.42,""mark"":1069948221}}",5.339086430706264,0.2059313149927936,0.2034783752780739,0.2162121488389284,5.339086430706264,0.2059313149927936,0.2034783752780739,0.2162121488389284,-0.9893285,0.0342406999999999,-0.0148925,-1.6619506000000006,-1.0186745,1.0416773,-33.402892,35.0,-32.4698561,100.1,33.5587274,77.05637630000018,31.010492900000077,26.78178910000006,24.902365400000058,77.99608850000017,2179.5455847000017,-1.0101119,-0.0806195999999999,0.0383583999999999,5.387062299999999,1.7639517000000011,1.9505588,-5.0,16.164164800000005,-93.8358352,100.0520008,32.1852,116.18331540000018,12.479818800000018,13.755632700000016,10.079853700000012,32.32369710000005,1793.4591830000013,-1.0004475,-0.0262548,0.0135346,-5.357475899999999,-8.1534849,0.4789091999999995,4.821836899999996,28.8218369,43.5381815,100.0,32.5978906,70.1963817000002,5.541819300000016,4.156364900000011,4.6181827000000135,12.930912500000035,3636.163741900004,-0.9980487,0.1163628999999999,-0.0073546,2.7393417,1.6796949999999993,4.1112498,-24.4372262,35.0,32.437226200000005,100.0,33.0267641,123.2474915999995,2.251095599999991,1.688321799999993,1.1255482999999955,5.06496499999998,2161.8036033000008,-0.9415059000000002,0.2518320999999987,0.0093499999999995,2.216215099999996,1.2143745999999989,1.1762765999999991,11.977558400000024,-31.688285600000064,21.864222700000013,100.0,40.6587379,58.67896090000072,70.28535360000086,49.65867270000061,37.05871120000045,139.21455620000168,2272.4983730000017,-1.0026797,-0.0060476999999999,0.003476,0.5756188999999987,1.767064000000001,4.784671899999999,10.0,-16.271989000000005,28.795963499999992,100.0271989,32.907280199999995,64.45339640000111,32.70236690000055,25.49563570000043,28.28312350000048,82.3338717000014,2609.1111447000044,48,X1.692 Y1.5391 Z0.0914
16:36:02.410,5,51,1.69672,1.56339,0.09053,90.65774,56.59539,-23.69317,,185.42,0,0,,2,1,"{""sr"":{""mpox"":90.65774,""mpoy"":56.59539,""mpoz"":-23.69317,""mpoa"":0,""posx"":1.69672,""posy"":1.56339,""posz"":0.09053,""posa"":0,""unit"":0,""stat"":5,""coor"":2,""momo"":1,""dist"":0,""home"":1,""mots"":1,""plan"":0,""line"":51,""path"":2,""frmo"":2,""prbe"":1,""safe"":0,""estp"":0,""spc"":1,""hold"":0,""macs"":5,""cycs"":1,""sps"":12000,""feed"":185.42,""mark"":1069948221}}",5.349693583344734,0.2050509538695919,0.2029334674266894,0.2019722593969497,5.349693583344734,0.2050509538695919,0.2029334674266894,0.2019722593969497,-0.99089224,0.0519476,-0.0044177999999999,-1.579559599999999,-0.9180227599999992,0.9130449200000008,-33.48647256,34.93246815999999,-32.621536080000006,100.1,33.5655398,92.65129744000016,37.05073595999984,31.51069595999985,29.36221203999987,91.9646640799996,2576.128539399996,-1.00502424,-0.0718023599999999,0.0156326799999998,5.413049599999999,1.5570162000000034,1.9827714000000007,-5.0,16.53345456,-94.37812432,100.0621874,32.200669,121.62769799999964,13.86982503999996,15.470189239999954,11.202550879999968,35.741472239999894,1859.8528003999977,-0.9884748000000002,-0.0346433199999999,0.0136829199999999,-5.201107079999996,-8.003709800000003,0.5451445999999985,4.0,28.0,43.56356784,100.0,32.60023792,82.84442687999956,6.762810199999965,5.072107519999974,5.635675359999971,15.779891239999918,5110.932767119981,-1.00009092,0.12399116,-0.01196372,2.90617676,1.6718232400000002,4.09136632,-24.285332039999997,35.0,33.18012611999998,100.0,33.01495764,84.82162000000105,1.5621508400000197,1.171613720000015,1.0664078000000046,3.5148403200000446,2693.457243919993,-0.9268751200000014,0.3240056399999974,-0.052887279999999,1.7605403600000045,1.220008200000003,1.2652659200000012,10.748920600000002,-22.49323584000017,34.56296724000013,100.0,40.66154392,113.58615931999842,135.73188911999813,96.44107847999868,71.43783651999901,267.89188535999625,2718.285582879997,-1.00214512,-0.00029788,0.0072273999999999,0.2944706800000021,1.7764666399999969,4.70957012,10.145054080000014,-17.0,30.0,100.08549456,32.91,185.5840117599969,74.54420587999878,58.23766083999905,64.44967747999894,187.9135184799969,3293.08593127999,51,X1.6968 Y1.5641 Z0.0905
16:36:02.668,5,55,1.69562,1.59464,0.08942,90.62988,57.38909,-23.72123,,185.42,0,0,,2,1,"{""sr"":{""mpox"":90.62988,""mpoy"":57.38909,""mpoz"":-23.72123,""mpoa"":0,""posx"":1.69562,""posy"":1.59464,""posz"":0.08942,""posa"":0,""unit"":0,""stat"":5,""coor"":2,""momo"":1,""dist"":0,""home"":1,""mots"":1,""plan"":0,""line"":55,""path"":2,""frmo"":2,""prbe"":1,""safe"":0,""estp"":0,""spc"":1,""hold"":0,""macs"":5,""cycs"":1,""sps"":12000,""feed"":185.42,""mark"":1069948221}}",5.213450310742543,0.1869518655348967,0.1825525114974187,0.200840986999042,5.213450310742543,0.1869518655348967,0.1825525114974187,0.200840986999042,-0.992706,0.033133,-0.01528,-1.612177,-0.844626,1.011978,-33.0,35.0,-32.0,100.1,33.565734,81.905652,28.155068,24.31574,22.609373,70.814261,1797.91655,-1.014547,-0.082716,0.047453,5.220133,1.78732,1.919613,-5.547322,16.452678,-92.547322,100.1,32.200946,112.264037,11.769617,13.12765,9.506229,30.329397,1696.605243,-0.997764,-0.032412,0.014598,-5.115653,-8.447522,0.402478,4.401999,27.598001,44.0,100.0,32.60206,56.279816,5.225983,3.617988,4.019987,11.255963,2578.118974,-1.021675,0.129338,-0.018987,2.93,1.667823,4.130177,-24.0,35.0,32.0,100.0,33.016625,145.083133,2.64992,1.98744,1.98744,5.962321,1769.007775,-0.997101,0.021874,-0.027987,2.648904,2.743326,1.24841,13.08224,-9.734208,26.164481,100.0,40.678164,29.368304,34.874861,24.779507,18.35519,69.015515,2058.876017,-1.00428,-0.003683,0.008037,0.499404,1.913087,4.772404,10.906527,-17.0,30.0,100.009347,32.911869,22.43363,8.973452,7.010509,7.758297,22.620577,1972.908736,55,X1.6951 Y1.598 Z0.0893
16:36:02.924,5,59,1.6867,1.6246,0.08831,90.40332,58.15008,-23.74932,,185.42,0,0,,2,1,"{""sr"":{""mpox"":90.40332,""mpoy"":58.15008,""mpoz"":-23.74932,""mpoa"":0,""posx"":1.6867,""posy"":1.6246,""posz"":0.08831,""posa"":0,""unit"":0,""stat"":5,""coor"":2,""momo"":1,""dist"":0,""home"":1,""mots"":1,""plan"":0,""line"":59,""path"":2,""frmo"":2,""prbe"":1,""safe"":0,""estp"":0,""spc"":1,""hold"":0,""macs"":5,""cycs"":1,""sps"":12000,""feed"":185.42,""mark"":1069948221}}",5.278912783014119,0.2155184702074923,0.2178640021168796,0.2115088554495716,5.278912783014119,0.2155184702074923,0.2178640021168796,0.2115088554495716,-0.9915304,0.04088728,-0.00319604,-1.6641872800000006,-0.7979576000000005,0.8973342800000004,-32.93039328,34.630454560000004,-32.508758760000006,100.1,33.55369512,92.5398609199998,37.57679179999992,31.968315559999937,29.72492483999994,93.1007088799998,2265.0812320000027,-1.00114216,-0.07496292,0.0127241200000001,5.31617936,1.8111710799999987,1.96104688,-5.53886904,16.461130960000002,-94.0,100.0,32.18023588,125.83035295999989,14.01060339999998,15.62721215999998,11.316256679999986,36.69729399999996,2137.334670080002,-1.0049428799999998,-0.0287056,0.01352424,-5.391860799999999,-8.27496636,0.2730023200000003,4.0,28.0,44.0,100.0,32.6,85.5554899199998,6.927283199999986,5.158962359999988,5.732180359999987,16.050105079999962,3743.509023920005,-1.00772076,0.12078916,-0.010422,2.89206668,1.936426999999998,3.9521326,-24.62186304,36.0,32.91779988,100.0,33.00337,82.4337700000005,1.512545840000009,1.1344098800000066,0.7562729200000045,3.40322864000002,2339.279867600004,-0.9157899999999994,0.3372024,-0.0153866400000003,2.7832370799999966,1.7234944400000054,1.4437609599999994,7.45503771999999,-33.036452599999976,33.353597799999896,100.0,40.67978364,115.2017072399993,140.28342683999915,99.6750666799994,73.83338267999956,276.8751843599983,2289.2365986400014,-1.00481264,-0.01539516,-0.0046944799999999,0.5476328399999999,1.6993428799999997,4.724100120000001,10.98879356,-16.988793559999998,29.98879356,100.0,32.92,147.58315855999896,78.37100999999944,60.60480651999956,67.86617707999952,196.3483669999986,2760.522685080002,59,X1.6842 Y1.6301 Z0.0881
16:36:03.182,5,62,1.67055,1.65131,0.08721,89.99299,58.8284,-23.7774,,185.42,0,0,,2,1,"{""sr"":{""mpox"":89.99299,""mpoy"":58.8284,""mpoz"":-23.7774,""mpoa"":0,""posx"":1.67055,""posy"":1.65131,""posz"":0.08721,""posa"":0,""unit"":0,""stat"":5,""coor"":2,""momo"":1,""dist"":0,""home"":1,""mots"":1,""plan"":0,""line"":62,""path"":2,""frmo"":2,""prbe"":1,""safe"":0,""estp"":0,""spc"":1,""hold"":0,""macs"":5,""cycs"":1,""sps"":12000,""feed"":185.42,""mark"":1069948221}}",5.087403550509801,0.1978331750607158,0.2059920955714413,0.2043715801375666,5.087403550509801,0.1978331750607158,0.2059920955714413,0.2043715801375666,-0.99384768,0.03764708,-0.0110855199999999,-1.6572750799999996,-0.9078726000000008,1.0035078800000004,-32.30473064,35.837850040000006,-33.0,100.1,33.56162148,92.7693894399995,30.81410279999993,26.61217967999994,24.744658279999943,77.50213731999982,1808.8857606399984,-1.01159192,-0.0815573199999999,0.03953084,5.1291134,1.9302256800000024,1.93631764,-3.48769079999998,9.632481279999936,-57.42141747999963,100.03979728,32.183183920000005,118.9075760399998,12.41605235999998,13.848673839999975,10.028350079999983,32.47275179999995,1817.7679414399977,-0.99565724,-0.024,0.01366008,-5.484087920000002,-8.32205496,0.4233076800000007,4.0,28.0,43.0,100.0,32.6,68.3128817599998,5.960184479999982,4.126281319999988,4.584757039999986,12.837320399999962,2407.6697133599973,-0.99523748,0.1201418399999999,-0.0071841199999999,2.75282232,1.6980195599999994,4.167233560000001,-24.904550240000003,35.43113656,33.0,100.0,33.011377040000006,122.40116192000048,2.275455480000009,1.706591320000007,1.706591320000007,5.11977440000002,1852.4257113999995,-0.98443432,0.0088758399999996,-0.0242337600000001,2.169311399999999,1.3195589600000006,1.0768955999999987,12.382724439999985,-29.563907479999997,21.77243687999984,100.0,40.69641604,56.272980839999285,68.10105899999914,48.02916779999939,35.842662559999546,134.7684124399983,2010.8825894399988,-1.00439504,-0.0134409599999999,-0.0012455599999999,0.5219292800000017,1.8963043199999987,4.799233600000001,10.324121439999994,-17.0,29.348670719999998,100.06758768,32.93975444,70.65844699999873,31.115646559999444,24.30909859999957,26.902069119999517,78.7614801599986,1887.2392033999984,62,X1.6704 Y1.6515 Z0.0872
16:36:03.446,5,66,1.64742,1.67349,0.08608,89.40567,59.39185,-23.80614,,185.42,0,0,,2,1,"{""sr"":{""mpox"":89.40567,""mpoy"":59.39185,""mpoz"":-23.80614,""mpoa"":0,""posx"":1.64742,""posy"":1.67349,""posz"":0.08608,""posa"":0,""unit"":0,""stat"":5,""coor"":2,""momo"":1,""dist"":0,""home"":1,""mots"":1,""plan"":0,""line"":66,""path"":2,""frmo"":2,""prbe"":1,""safe"":0,""estp"":0,""spc"":1,""hold"":0,""macs"":5,""cycs"":1,""sps"":12000,""feed"":185.42,""mark"":1069948221}}",5.188636138597238,0.2009646729286123,0.2057535652265338,0.2077462966086225,5.188636138597238,0.2009646729286123,0.2057535652265338,0.2077462966086225,-0.99083616,0.0386868000000002,-0.0085025599999997,-1.728471879999998,-0.8355905199999966,0.9644494800000002,-33.0,35.0,-33.0,100.1,33.571377160000004,33.90515887999977,32.43102107999978,28.00860911999981,26.043093159999824,81.07755419999945,2426.53734388,-1.0037468,-0.07454756,0.0214318400000003,5.2637459600000005,1.952981320000001,2.10582932,-5.242048399999988,16.505403920000003,-93.74745232,100.02525488,32.18,123.9120792399995,12.859499199999943,14.34328787999994,10.386518239999956,33.885084359999865,2104.160100399996,-0.9903142400000002,-0.0283985999999999,0.0128071999999999,-5.332349719999999,-8.20878,0.3840299599999979,4.0,28.0,43.453880560000016,100.0,32.59738728,74.26127595999951,6.119618519999939,4.393771439999964,4.88196803999996,13.669510919999889,4172.111402920024,-1.0138344799999996,0.1287628799999999,-0.0157821999999998,2.831804919999998,1.6949620399999987,4.1207294800000005,-24.290029519999987,35.47983815999999,32.58005859999997,100.0,33.02230164,113.39526008000148,2.080647120000027,1.5604854000000206,1.0403235600000136,4.6814556400000615,2376.1381962000078,-0.9079485599999988,0.3173469999999974,-0.0163399600000013,2.7045418800000074,1.5848948799999938,1.1553591199999984,11.770920079999998,-22.303470600000185,37.45689672000046,100.0,40.7,72.78382107999788,87.77253703999743,62.36469691999818,46.19607227999865,173.33825667999494,2592.193332840008,-1.0064058800000002,-0.01275928,0.0014220799999999,0.1655472399999995,1.9250402000000029,4.807309000000002,10.548920720000018,-16.451079279999984,29.60148232000002,100.06014832,32.93654076,103.77877227999598,43.35615191999835,33.83092979999871,37.49212351999857,109.21369495999582,2844.843625840006,66,X1.6457 Y1.6748 Z0.086
16:36:03.703,5,70,1.62001,1.68863,0.08497,88.7095,59.77641,-23.83423,,185.42,0,0,,2,1,"{""sr"":{""mpox"":88.7095,""mpoy"":59.77641,""mpoz"":-23.83423,""mpoa"":0,""posx"":1.62001,""posy"":1.68863,""posz"":0.08497,""posa"":0,""unit"":0,""stat"":5,""coor"":2,""momo"":1,""dist"":0,""home"":1,""mots"":1,""plan"":0,""line"":70,""path"":2,""frmo"":2,""prbe"":1,""safe"":0,""estp"":0,""spc"":1,""hold"":0,""macs"":5,""cycs"":1,""sps"":12000,""feed"":185.42,""mark"":1069948221}}",5.107225522765083,0.2036543063939699,0.2098917433597108,0.2076454190078585,5.107225522765083,0.2036543063939699,0.2098917433597108,0.2076454190078585,-0.9934199,0.0402376999999998,-0.0056102000000001,-1.5569995000000008,-0.9160885999999988,0.9523949999999992,-32.8745169,35.0,-33.0,100.1,33.5847117,54.29105009999976,35.3068581000002,30.018448100000167,28.028568100000147,87.38423340000045,1922.5406409,-1.0051132,-0.0772892999999999,0.0269933000000001,5.367240199999998,1.7576177000000004,2.064953000000001,-5.519139500000001,16.0,-93.1647048,100.0683845,32.175574000000005,118.3637451000004,13.497619900000045,15.05503800000005,10.901923800000036,35.301467500000115,1744.755382100003,-0.9856295,-0.0324004999999999,0.0151057,-5.139585699999996,-8.342964700000003,0.4615725999999987,4.17851259999999,28.284239900000006,43.7157601,100.0,32.59,79.51264760000049,6.984219200000044,4.83522850000003,5.372476000000034,15.042933400000091,3047.447026,-1.0150413,0.1272545,-0.0136908,2.9203156000000017,1.7211013999999991,4.025582699999999,-24.0,35.0,32.761993,100.0,33.02,94.41953619999872,1.7455694999999771,1.309177399999983,1.071170399999977,3.9275317999999486,1992.0353038999983,-1.0078222000000003,0.1652880000000025,-0.0272334999999997,1.6718102,1.7701704000000054,1.038540599999999,10.492769999999918,-19.810883200000152,21.968046599999724,100.0,40.7,98.17989510000176,118.19108410000212,83.79685290000151,62.53496470000112,234.50611880000423,1911.1443852000011,-1.0059883,-0.0153114,-0.0001726,0.2248903999999955,1.875413900000001,4.7285624,10.271901699999985,-17.0,30.0,100.0662655,32.94,137.169556300003,63.61486670000139,49.69911470000108,55.00035330000119,160.3624766000035,1868.6997968999976,70,X1.6155 Y1.6904 Z0.0848
16:36:03.961,5,74,1.58976,1.69639,0.08387,87.94092,59.97352,-23.86229,,185.42,0,0,,2,1,"{""sr"":{""mpox"":87.94092,""mpoy"":59.97352,""mpoz"":-23.86229,""mpoa"":0,""posx"":1.58976,""posy"":1.69639,""posz"":0.08387,""posa"":0,""unit"":0,""stat"":5,""coor"":2,""momo"":1,""dist"":0,""home"":1,""mots"":1,""plan"":0,""line"":74,""path"":2,""frmo"":2,""prbe"":1,""safe"":0,""estp"":0,""spc"":1,""hold"":0,""macs"":5,""cycs"":1,""sps"":12000,""feed"":185.42,""mark"":1069948221}}",5.079217163487725,0.1983132582396882,0.2023009189525347,0.2108575724401702,5.079217163487725,0.1983132582396882,0.2023009189525347,0.2108575724401702,-0.98561466,0.04404192,-0.00741078,-1.6213437599999998,-0.8038907399999997,0.92231104,-32.50381784,35.0,-32.555371220000005,100.1,33.58059192,85.8133705599999,30.23476261999996,25.78847395999997,24.00995883999997,75.1422779799999,1889.2266193599985,-1.0096059000000002,-0.07871446,0.03758058,5.360703679999999,1.7039780800000004,2.05133452,-5.387954600000001,16.0,-94.0,100.03879546,32.168524999999995,109.6263178799999,12.466515079999992,13.860195299999992,10.143715139999994,32.36599061999998,1863.04142694,-0.9846776599999998,-0.0209163199999999,0.0178098599999999,-5.31507346,-8.2210186,0.35260132,3.083171059999998,28.78034468,47.18224498000001,100.0,32.58514906,62.73945075999988,5.5296830999999935,4.234408919999996,4.317579979999993,12.006053859999984,3594.403057879999,-1.0186625399999998,0.1211222199999998,-0.0056723199999999,2.8639018599999995,1.6844102199999995,4.026442940000001,-23.184904159999995,34.90754792,32.478912359999995,100.0,33.01478932,133.75157894000023,2.4541570200000047,1.8406183000000036,1.8406183000000036,5.521853900000011,2068.19789742,-0.9808406999999996,0.1977463200000003,0.0422808999999999,1.8028425399999948,1.4983361200000018,1.19513198,13.23383836000001,-24.424627659999977,12.096692679999949,100.0,40.70155058,42.615167819999634,51.31573463999958,36.6319506799997,27.06013781999977,101.62830301999917,1897.89753876,-0.98433646,-0.0073004799999999,0.0028287199999999,0.1620488600000008,2.118812340000001,4.748172459999999,11.0,-16.91991766,30.08008234,100.02059908,32.93205968,42.04789627999926,20.71339043999972,16.181599659999787,18.03551389999976,52.0924626399993,2705.723171420001,74,X1.5822 Y1.6971 Z0.0836
16:36:04.217,5,77,1.55869,1.69617,0.08276,87.15183,59.96872,-23.89023,,185.42,0,0,,2,1,"{""sr"":{""mpox"":87.15183,""mpoy"":59.96872,""mpoz"":-23.89023,""mpoa"":0,""posx"":1.55869,""posy"":1.69617,""posz"":0.08276,""posa"":0,""unit"":0,""stat"":5,""coor"":2,""momo"":1,""dist"":0,""home"":1,""mots"":1,""plan"":0,""line"":77,""path"":2,""frmo"":2,""prbe"":1,""safe"":0,""estp"":0,""spc"":1,""hold"":0,""macs"":5,""cycs"":1,""sps"":12000,""feed"":185.42,""mark"":1069948221}}",5.336971442800754,0.2011972675026566,0.202280287815646,0.198435950160832,5.336971442800754,0.2011972675026566,0.202280287815646,0.198435950160832,-0.99539358,0.0355869799999999,-0.01594966,-1.5959194000000003,-0.8874772800000013,0.9504479800000004,-32.57310608,34.991611080000006,-34.12104540000002,100.1,33.59,110.04473748000032,40.10902976000012,34.9594649400001,33.804863860000104,104.83645024000032,1399.9115020799982,-1.00561488,-0.0709758799999999,0.0245538799999999,5.461447400000003,1.569414859999998,2.0408647400000004,-5.0,16.0,-93.45138274,100.04404022,32.1753763,111.91784212000022,15.36127256000003,17.007123380000035,12.618188220000023,39.50041544000008,1849.8523767799973,-0.99318146,-0.0222265999999999,0.0130500999999999,-5.19855066,-8.31313018,0.3878281200000009,0.6281822199999829,34.58052266000001,54.76746436000002,100.0,32.59,56.2816073800002,8.294131580000029,6.516817940000022,6.516817940000022,18.365576780000065,2685.5095038799977,-1.01674236,0.1049411399999996,-0.0117447799999999,2.888705760000001,1.846560320000003,4.10844292,-21.01316071999999,32.67911105999999,33.013160719999995,100.0,33.01347242,77.02808121999928,1.7228912199999902,1.3888415599999864,1.04163115999999,3.472104879999966,1496.8699849799998,-0.9578883799999997,0.1141383199999996,-0.0200462000000001,2.2314290200000064,1.4280339599999992,1.1509834599999988,14.998597260000045,-18.06397387999991,25.30898548000002,100.0,40.70213412,126.87386784000108,153.37284044000128,109.20788610000092,81.10291516000068,303.53368420000254,2021.8478180400011,-1.00416362,-0.0162146800000001,-0.00280984,0.5333393999999992,1.666976319999999,4.824210479999999,10.109737899999992,-16.890262100000008,29.0,100.1,32.9390837,175.3816921200017,101.489913060001,81.01387784000079,89.91650180000087,257.28583302000254,1623.7433020800006,77,X1.5568 Y1.696 Z0.0827
16:36:04.475,5,81,1.52847,1.68804,0.08166,86.38426,59.7615,-23.91838,,185.42,0,0,,2,1,"{""sr"":{""mpox"":86.38426,""mpoy"":59.7615,""mpoz"":-23.91838,""mpoa"":0,""posx"":1.52847,""posy"":1.68804,""posz"":0.08166,""posa"":0,""unit"":0,""stat"":5,""coor"":2,""momo"":1,""dist"":0,""home"":1,""mots"":1,""plan"":0,""line"":81,""path"":2,""frmo"":2,""prbe"":1,""safe"":0,""estp"":0,""spc"":1,""hold"":0,""macs"":5,""cycs"":1,""sps"":12000,""feed"":185.42,""mark"":1069948221}}",5.116521796383748,0.2021816979621354,0.2024740349292059,0.2144396411996273,5.116521796383748,0.2021816979621354,0.2024740349292059,0.2144396411996273,-0.99373354,0.03860918,-0.00739,-1.6814561200000029,-0.9052822800000012,0.9548644600000008,-31.63711698000001,35.0,-34.16220554000003,100.1,33.6,85.16419396000079,34.51132654000039,30.071467500000345,29.627481640000344,90.21440336000104,1857.204812900001,-1.0068867,-0.07673964,0.0387536200000003,5.232700900000001,1.737782479999999,2.0427824799999987,-4.063454020000012,16.0,-95.40124608,100.0,32.173940820000006,111.52803350000062,14.40570454000008,15.335104740000084,11.152803120000062,35.7819105800002,2255.739500240002,-1.0094997399999994,-0.0254349400000001,0.0160233999999999,-5.254491920000003,-8.205312880000001,0.4021282799999977,-3.170486120000033,38.5686396,61.17048612000004,100.0,32.59511786,73.33132904000087,3.882246480000046,3.450886080000041,3.450886080000041,9.058575600000106,2743.8474990800105,-0.9989175399999994,0.1239809399999998,-0.0129309199999999,2.7097257600000044,1.7850187400000026,3.9782888599999984,-18.52115907999997,32.568738639999985,32.09515912000002,100.0,33.02521132,139.761556479998,3.0815925799999566,2.465273519999965,1.848955459999974,6.163185159999913,1933.4072208600048,-0.8924076799999991,0.2943787199999986,0.0063043199999994,1.5761388999999857,1.1806873999999987,1.2851672200000006,14.02761357999992,-9.988292599999877,26.9959326800001,100.0,40.7,46.275221460002896,51.71936518000324,37.02017674000232,27.49292516000172,102.89431550000644,2078.2549131200008,-1.00576484,-0.01183912,-0.0031586600000001,0.2876629399999917,1.7858660600000018,4.7617665,10.790153499999978,-16.222411220000023,28.222411220000023,100.02098488,32.932223879999995,41.9693317400044,28.32929866000297,22.8732858000024,25.60129216000268,71.97740340000753,1913.820131660012,81,X1.5243 Y1.6863 Z0.0815
16:36:04.731,5,85,1.50117,1.67251,0.08065,85.69081,59.36696,-23.94403,,185.42,0,0,,2,1,"{""sr"":{""mpox"":85.69081,""mpoy"":59.36696,""mpoz"":-23.94403,""mpoa"":0,""posx"":1.50117,""posy"":1.67251,""posz"":0.08065,""posa"":0,""unit"":0,""stat"":5,""coor"":2,""momo"":1,""dist"":0,""home"":1,""mots"":1,""plan"":0,""line"":85,""path"":2,""frmo"":2,""prbe"":1,""safe"":0,""estp"":0,""spc"":1,""hold"":0,""macs"":5,""cycs"":1,""sps"":12000,""feed"":185.42,""mark"":1069948221}}",5.305181456172145,0.2119685554864709,0.2110376444773813,0.2109332664208445,5.305181456172145,0.2119685554864709,0.2110376444773813,0.2109332664208445,-0.99250618,0.0428355,-0.0012557399999999,-1.7845565400000007,-0.9528455600000002,1.00523032,-32.6863325,35.0,-34.46279596,100.1,33.6,98.84549554000016,47.81113628000008,41.36469084000007,41.901894880000064,126.7800922000002,1533.1325347400018,-1.00655144,-0.0678604799999999,0.0138420799999999,5.140564819999999,1.55782394,1.91154272,-4.116778219999998,16.0,-94.40492578,100.0595072,32.16926622,128.96252054000018,17.449794840000013,18.088277060000014,12.520900180000012,40.69292628000005,1911.542719200001,-1.0200302,-0.02610434,0.0168847799999999,-5.834544480000002,-7.931861559999999,0.6286659800000012,-3.938974680000005,21.905596280000044,35.15444982000007,100.0,32.588843,108.2015494200002,2.632703960000008,2.632703960000008,2.1905598800000043,5.918543520000014,2229.2022274600017,-1.03380472,0.12500492,-0.00563266,2.87441814,1.715872559999999,3.89644472,-14.911179060000002,31.0,33.17764214,100.0,33.02822368,94.7748131199996,2.115509459999991,1.6924070199999928,1.2693055799999946,4.231018179999982,1596.049207580001,-0.9573673599999992,0.26228276,-0.0347788600000001,2.2261895800000064,2.030075320000002,1.2275319200000012,9.299070260000008,0.5422135200000352,13.844262559999937,100.0,40.70602656,101.79609382000056,123.9674505200007,89.5889614000005,66.85523744000037,247.33222950000135,1703.834017980001,-1.00145224,-0.0124459199999999,-0.01101112,0.4338379600000037,1.651869319999999,4.92029552,10.02438748,-16.669910900000005,27.97561252,100.0024388,32.95364232,154.18152964000106,105.7772285600007,86.28809930000057,96.72696218000064,270.69175754000173,1294.14116576,85,X1.4957 Y1.6682 Z0.0804
16:36:04.990,5,88,1.47885,1.65062,0.07954,85.12393,58.8109,-23.97214,,185.42,0,0,,2,1,"{""sr"":{""mpox"":85.12393,""mpoy"":58.8109,""mpoz"":-23.97214,""mpoa"":0,""posx"":1.47885,""posy"":1.65062,""posz"":0.07954,""posa"":0,""unit"":0,""stat"":5,""coor"":2,""momo"":1,""dist"":0,""home"":1,""mots"":1,""plan"":0,""line"":88,""path"":2,""frmo"":2,""prbe"":1,""safe"":0,""estp"":0,""spc"":1,""hold"":0,""macs"":5,""cycs"":1,""sps"":12000,""feed"":185.42,""mark"":1069948221}}",5.187495940755469,0.2039077259142762,0.2140397320692481,0.2120655021305663,5.187495940755469,0.2039077259142762,0.2140397320692481,0.2120655021305663,-0.99342936,0.04621128,0.0072653199999999,-1.67892892,-0.97099936,0.99362252,-32.0,35.76300968,-37.25351568,100.1,33.6150948,90.53966839999995,50.82520907999997,43.19757783999998,45.920148759999975,136.27240391999993,1413.01824296,-1.00310512,-0.07699156,0.01849136,5.3450696,1.8256404,2.03887732,-2.0172664000000005,8.069065720000003,-47.71268624000002,100.05043176,32.18188744,120.45106175999996,19.827335199999997,22.801435599999994,12.392084319999997,40.646037319999984,1895.8679404,-0.98927324,-0.04377216,0.00105224,-5.25615452,-8.01211188,0.4163935599999999,-9.84646616,40.0,66.51017144000001,100.0,32.57692908,98.45552007999994,1.959313559999999,1.959313559999999,1.4694855599999994,3.918627559999998,1883.96076084,-0.9958328,0.12450784,-0.01225296,2.79217408,1.71576056,4.03278932,-11.3702776,30.3702776,34.14959824,100.0,33.02,114.4437427200001,2.599378640000002,2.079502800000002,1.5596269600000014,5.198757280000004,2076.0139343599994,-1.0266616,0.1708177199999999,0.0023268,2.8463231600000034,1.6892676800000006,1.01474392,5.159193519999998,-12.477399799999988,2.555903519999992,100.0,40.7,71.16532283999986,82.25602295999984,58.688285759999886,45.74913587999991,166.82260747999968,1986.67174216,-1.00167668,-0.0102480399999999,0.00348864,0.6633907599999995,1.83586508,4.8578224400000005,10.0,-16.0,27.41274432,100.05075,32.95492528,108.62953431999972,83.2826427999998,68.79870519999982,76.94592055999979,214.54333051999944,1422.3931633999996,88,X1.4781 Y1.6497 Z0.0795
16:36:05.248,5,92,1.4629,1.62382,0.07844,84.71879,58.13027,-24.0002,,185.42,0,0,,2,1,"{""sr"":{""mpox"":84.71879,""mpoy"":58.13027,""mpoz"":-24.0002,""mpoa"":0,""posx"":1.4629,""posy"":1.62382,""posz"":0.07844,""posa"":0,""unit"":0,""stat"":5,""coor"":2,""momo"":1,""dist"":0,""home"":1,""mots"":1,""plan"":0,""line"":92,""path"":2,""frmo"":2,""prbe"":1,""safe"":0,""estp"":0,""spc"":1,""hold"":0,""macs"":5,""cycs"":1,""sps"":12000,""feed"":185.42,""mark"":1069948221}}",5.334672270120387,0.2074301229778092,0.2062736973105715,0.2071438133196845,5.334672270120387,0.2074301229778092,0.2062736973105715,0.2071438133196845,-0.9903578,0.0385674,-0.0110076,-1.560627200000003,-0.9544274000000004,0.9558223999999996,-31.65282139999999,35.831768800000006,-38.831768800000006,100.1,33.623471599999995,75.11151439999965,59.60462139999972,49.42822219999977,54.27412619999975,158.46106519999927,1830.5903702000005,-1.002918,-0.0709498,0.0349497999999999,5.395890200000003,1.6415733999999986,2.010925799999999,-4.0,16.270615000000006,-95.2889378,100.0,32.1776144,99.84180659999976,26.43623619999997,29.65188259999997,14.55532659999998,50.36788799999994,1685.5655302000048,-0.9784505999999996,-0.0156632000000001,0.0146341999999998,-5.290452799999999,-8.247402800000001,0.3348116000000016,-11.480461599999998,39.23816719999999,67.2422944,100.0,32.5823816,96.57690559999946,1.9218461999999887,1.4413845999999917,1.4413845999999917,3.843692999999978,1773.1476312000025,-1.0112727999999995,0.1117216,-0.0167172000000001,2.8564701999999995,1.8059397999999995,4.0367976,-8.263997199999991,31.0,35.20541060000001,100.0,33.01528,114.07722960000098,2.122367200000018,2.122367200000018,1.5917756000000136,5.305917400000045,1952.4948730000017,-0.9749424000000012,0.3225580000000007,0.0140472000000003,2.952322800000017,1.7041463999999926,1.032556200000002,9.856453199999969,-3.2204316000000053,8.315596399999864,100.0,40.6932636,67.23874919999867,71.2607855999985,50.96292679999893,40.59571819999914,144.59415319999692,2274.954484200004,-1.0041722,-0.0088022,-0.0012466000000002,0.1822510000000072,1.948118199999996,4.754556599999998,9.41846219999999,-15.057447000000002,26.10562860000002,100.1,32.96,104.70564499999708,90.05158379999759,74.03512859999802,83.35618919999777,232.7392803999938,1586.6006362000037,92,X1.4613 Y1.6203 Z0.0783
16:36:05.504,5,96,1.45412,1.59367,0.07732,84.49591,57.36458,-24.02845,,185.42,0,0,,2,1,"{""sr"":{""mpox"":84.49591,""mpoy"":57.36458,""mpoz"":-24.02845,""mpoa"":0,""posx"":1.45412,""posy"":1.59367,""posz"":0.07732,""posa"":0,""unit"":0,""stat"":5,""coor"":2,""momo"":1,""dist"":0,""home"":1,""mots"":1,""plan"":0,""line"":96,""path"":2,""frmo"":2,""prbe"":1,""safe"":0,""estp"":0,""spc"":1,""hold"":0,""macs"":5,""cycs"":1,""sps"":12000,""feed"":185.42,""mark"":1069948221}}",5.205087847913968,0.2005338993055586,0.2141634336002138,0.2163305230473842,5.205087847913968,0.2005338993055586,0.2141634336002138,0.2163305230473842,-0.99069396,0.0499466400000001,-0.0020937199999999,-1.7006065199999991,-0.902071840000002,0.94859848,-31.53440076,36.0,-40.296829160000016,100.1,33.615844159999995,82.47605720000035,76.5973772400004,62.702953080000334,70.18456636000036,202.24085444000104,2255.758490120005,-1.01139076,-0.0896244400000001,0.0031151599999999,5.257337239999998,1.8497471199999989,1.9754694400000008,-3.5220154800000016,16.0,-95.1976958,100.0,32.19522048,118.49750380000036,33.93100340000011,41.23921916000013,18.270540480000054,68.90603748000022,1449.3727926399977,-0.9535879599999988,-0.0273644000000001,0.0219744399999998,-5.142278,-8.163516080000003,0.4474335599999987,-13.541486080000004,38.0,67.37399904000002,100.0,32.58291024,112.62907280000069,2.165944040000013,1.62445796000001,1.62445796000001,4.331887360000026,1670.1259940000011,-1.0502620000000005,0.0884583599999996,-0.0059842799999999,2.8181151600000005,1.698865240000003,4.036593280000001,-7.0,30.18414339999999,37.20215016000003,100.0,32.98613732,93.46070003999884,1.7182541599999783,1.7182541599999783,1.2886903999999837,3.866071639999952,1713.7869883999892,-1.0540996800000009,0.3137242799999964,0.0160498800000008,3.954115280000026,0.8823421599999958,1.029300519999999,10.447884919999955,15.800551720000197,17.208585399999908,100.0,40.66866584,104.63671300000176,99.53248284000168,71.4592182400012,56.78455764000096,201.6170807600034,1987.232987,-0.99519348,-0.02144532,-0.0110879999999998,0.5151436400000031,1.9217698000000067,4.796159959999998,10.0,-15.0,24.322595519999982,100.1,32.95185032,163.25452464000335,171.3833798400035,142.2549794400029,159.86750052000326,449.1192929200092,1880.469665120009,96,X1.4533 Y1.5873 Z0.0771
16:36:05.762,5,99,1.45337,1.56238,0.07622,84.47663,56.56969,-24.05659,,185.42,0,0,,2,1,"{""sr"":{""mpox"":84.47663,""mpoy"":56.56969,""mpoz"":-24.05659,""mpoa"":0,""posx"":1.45337,""posy"":1.56238,""posz"":0.07622,""posa"":0,""unit"":0,""stat"":5,""coor"":2,""momo"":1,""dist"":0,""home"":1,""mots"":1,""plan"":0,""line"":99,""path"":2,""frmo"":2,""prbe"":1,""safe"":0,""estp"":0,""spc"":1,""hold"":0,""macs"":5,""cycs"":1,""sps"":12000,""feed"":185.42,""mark"":1069948221}}",5.322562075087839,0.1995925740625538,0.1991937155164566,0.2029612798581428,5.322562075087839,0.1995925740625538,0.1991937155164566,0.2029612798581428,-0.98735376,0.03602148,-0.01202884,-1.5987766,-0.87262264,0.916,-31.9494704,36.0,-39.97828304,100.09494704,33.6051084,64.91457976000007,63.16013108000006,51.756218440000055,58.33539872000006,167.54979280000018,1472.6798887599998,-1.00833752,-0.073319,0.02498776,5.24444436,1.9367915600000003,2.00543984,-3.4626557200000003,16.0,-94.065649,100.1,32.197283719999994,83.20923836000006,30.932273560000016,37.806457600000016,16.65559964000001,63.18686428000003,1458.5503586400005,-1.02074204,-0.0315988799999999,0.0259977999999999,-5.39737752,-8.03128068,0.4486752799999999,-14.0,38.0,67.57312344,100.0,32.58928456,86.51527296000012,1.7075071200000025,1.2806305600000016,1.2806305600000016,3.4150143600000047,1358.3808260399996,-1.02132304,0.12457896,-0.00563232,2.869,1.6180711600000002,4.02317552,-7.0,31.0,37.37734172,100.0,32.97675556,134.4942374399998,2.490634119999996,2.490634119999996,1.8679757199999971,5.603926399999992,1697.0151532399996,-1.0284589999999996,0.1276697600000006,-0.01645232,2.0112169600000005,1.5820826000000012,1.0202184000000003,6.5497257200000085,5.4430603600000245,18.11253643999997,100.0,40.63256492,39.47880188000028,40.59023836000027,29.144849560000203,23.14729236000016,82.1087958800006,2128.8699170000023,-1.00327504,-0.0186417199999999,0.0001361199999999,0.6147142399999995,1.91647536,4.792337760000001,10.0,-15.0,25.08179688,100.08102196,32.93215964,43.05768152000058,47.497657560000576,39.52685076000047,44.461159360000536,124.54556240000146,1563.29289428,99,X1.4534 Y1.5619 Z0.0762
16:36:06.019,5,103,1.46062,1.53197,0.07511,84.66095,55.79731,-24.08467,,185.42,0,0,,2,1,"{""sr"":{""mpox"":84.66095,""mpoy"":55.79731,""mpoz"":-24.08467,""mpoa"":0,""posx"":1.46062,""posy"":1.53197,""posz"":0.07511,""posa"":0,""unit"":0,""stat"":5,""coor"":2,""momo"":1,""dist"":0,""home"":1,""mots"":1,""plan"":0,""line"":103,""path"":2,""frmo"":2,""prbe"":1,""safe"":0,""estp"":0,""spc"":1,""hold"":0,""macs"":5,""cycs"":1,""sps"":12000,""feed"":185.42,""mark"":1069948221}}",5.251525633139613,0.198573034015281,0.2010493234785377,0.1842549210323189,5.251525633139613,0.198573034015281,0.2010493234785377,0.1842549210323189,-0.99196532,0.04251804,-0.0095254999999999,-1.6924172000000004,-0.9054407000000002,0.9262761799999992,-31.988437500000007,36.0,-39.02312499999999,100.1,33.6,94.47262146000028,82.37551752000026,67.39815096000021,76.03893978000023,222.35629314000067,1056.8384468200004,-1.00784204,-0.0775129,0.0245670599999999,5.244618240000001,1.9670330000000007,2.1958991400000007,-3.548576140000001,16.009023419999995,-94.08812984,100.04604512,32.1739938,87.68386513999992,40.63978114000005,51.08078256000007,21.979155120000023,89.60746798000007,1138.97323228,-0.9910891999999996,-0.0286252599999999,0.0087997599999999,-5.067471339999999,-8.30050956,0.4120395200000012,-14.0,38.0,67.40704394000001,100.0,32.59415038,122.15700154000044,2.371824240000009,1.7788681800000066,1.7788681800000066,5.33660554000002,1218.4465477999986,-0.99238292,0.12189254,-0.0199052,2.84868792,1.648,3.94871202,-6.0068454599999965,31.0,37.64647954000001,100.0,32.99006846,74.88185329999922,1.3867009599999858,1.3867009599999858,1.0400259799999891,3.466752919999964,1132.0488628199992,-1.0257991600000005,0.2024330200000008,0.0061317400000003,2.947583000000015,1.3928587799999972,1.1606730399999996,6.189264659999953,-4.17823111999996,-15.570344660000169,100.0,40.62003678,124.4710232400011,142.14838930000127,102.80800378000092,81.91122166000073,296.3309726800027,1605.1786161199989,-1.00289538,-0.0135516,-0.0099704400000001,0.0825144400000029,2.000494660000001,4.944,10.0,-15.0,26.0,100.1,32.93,143.5029173600014,197.5972281200021,161.1030914400017,184.24928564000191,513.5717428800053,1119.0817725600011,103,X1.4617 Y1.529 Z0.075
16:36:06.278,5,107,1.47523,1.50449,0.07401,85.03192,55.09933,-24.11269,,185.42,0,0,,2,1,"{""sr"":{""mpox"":85.03192,""mpoy"":55.09933,""mpoz"":-24.11269,""mpoa"":0,""posx"":1.47523,""posy"":1.50449,""posz"":0.07401,""posa"":0,""unit"":0,""stat"":5,""coor"":2,""momo"":1,""dist"":0,""home"":1,""mots"":1,""plan"":0,""line"":107,""path"":2,""frmo"":2,""prbe"":1,""safe"":0,""estp"":0,""spc"":1,""hold"":0,""macs"":5,""cycs"":1,""sps"":12000,""feed"":185.42,""mark"":1069948221}}",5.266098507686404,0.2094944730888505,0.213498530306339,0.2151003187427681,5.266098507686404,0.2094944730888505,0.213498530306339,0.2151003187427681,-0.9894072,0.0439022,-0.0103908,-1.723753000000001,-0.8907667999999993,0.9210608,-31.4547872,36.0,-37.89159259999999,100.1,33.6011546,66.17507879999984,61.84402039999987,52.63986719999989,57.072280199999874,171.55616779999963,1521.840285799998,-1.0082866,-0.0722298,0.021603,5.433895,1.7375240000000007,1.9695679999999995,-3.9094648000000034,16.0,-95.0,100.0470264,32.200310599999995,98.75551719999986,43.26432159999994,54.55066659999992,24.92401139999996,108.16080439999983,1811.097015200001,-0.9596573999999998,-0.0286511999999999,0.0071727999999999,-5.120123199999998,-8.276417,0.2879305999999997,-14.0,38.441023,67.08060019999999,100.0,32.585216,90.85078939999973,1.7640933999999944,1.323069599999996,1.323069599999996,3.969209599999988,1977.2012779999984,-1.0100364000000002,0.1216628,-0.0100191999999999,2.719071,1.6274107999999998,3.9917498,-6.473947199999995,30.5942588,37.47394719999999,100.0,32.9794792,127.8338328000005,2.9712938000000118,2.377035000000009,1.7827762000000067,5.942587600000023,1647.7545776,-0.8806075999999995,0.2100355999999989,0.00071,2.755473600000008,1.718583400000001,0.9628885999999992,6.880012599999982,2.023460400000047,8.399606799999964,100.0,40.623472,47.75660519999931,57.99016319999916,42.174663799999394,32.251213399999536,117.53086499999829,2397.0033208000004,-1.0020854,-0.0118774,-0.0127874000000002,-0.1513836000000009,1.9484542,4.971316000000001,2.760997599999936,-4.141496799999904,7.178594399999833,100.1,32.9101864,53.038675199998806,42.48243419999905,35.01582439999922,41.19508739999908,110.45432859999752,1456.6040255999978,107,X1.4787 Y1.4997 Z0.0738
16:36:06.535,5,110,1.4964,1.4814,0.0729,85.56969,54.5128,-24.14084,,185.42,0,0,,2,1,"{""sr"":{""mpox"":85.56969,""mpoy"":54.5128,""mpoz"":-24.14084,""mpoa"":0,""posx"":1.4964,""posy"":1.4814,""posz"":0.0729,""posa"":0,""unit"":0,""stat"":5,""coor"":2,""momo"":1,""dist"":0,""home"":1,""mots"":1,""plan"":0,""line"":110,""path"":2,""frmo"":2,""prbe"":1,""safe"":0,""estp"":0,""spc"":1,""hold"":0,""macs"":5,""cycs"":1,""sps"":12000,""feed"":185.42,""mark"":1069948221}}",5.145172739768306,0.197526590006787,0.2029969222592634,0.2148592411964519,5.145172739768306,0.197526590006787,0.2029969222592634,0.2148592411964519,-0.99279896,0.0390787999999999,-0.0070979399999999,-1.672216560000002,-0.999814540000001,0.966563339999998,-31.0,35.47554376,-39.16650830000003,100.1,33.62,74.99729304000034,66.0815313200003,59.26359556000027,63.45924780000029,189.85328750000087,1228.8041998200017,-1.00984666,-0.07745658,0.0279404399999998,5.281122939999998,1.8046945200000013,2.09525582,-3.4854878199999986,16.48548782,-93.87560412,100.01534216,32.21,93.93867318000018,55.81987498000012,65.95669332000016,32.874510640000075,139.73023276000032,1506.8705601400025,-0.97649202,-0.0276694399999999,0.0044013399999999,-5.401385840000003,-8.141455979999995,0.4619785200000023,-14.0,38.0,68.13800022,100.0,32.61255354,109.9902869000006,2.125416120000012,2.125416120000012,1.7320620600000023,5.31354046000003,1593.946208200004,-1.01862154,0.1241889,-0.00241942,2.9345052600000026,1.7745052600000026,4.049091559999999,-7.015170719999984,31.0,37.44995891999999,100.0,32.992305200000004,97.64101953999892,2.249793279999975,1.79983435999998,1.79983435999998,4.949544479999945,1369.0257300400006,-0.96238304,0.153221300000002,0.0191799600000001,2.7618992000000118,1.4431843399999968,1.3481152200000033,11.189470779999992,12.580578179999806,15.598091280000206,100.0,40.63136662,98.66921550000164,114.64579384000189,83.38736358000136,62.39054544000102,234.0908604000038,2125.143365680009,-1.0087708,-0.0092292,-0.0047127200000004,0.2125169600000009,1.857436559999999,4.724492099999999,10.401508699999985,-15.630369700000012,25.0318784,100.1,32.9206375,117.51092386000232,84.81295840000173,72.30120624000146,86.13745360000175,228.91251476000463,1270.549518160003,110,X1.4964 Y1.4814 Z0.0729
16:36:06.792,5,114,1.52275,1.46463,0.07179,86.23891,54.08686,-24.16899,,185.42,0,0,,2,1,"{""sr"":{""mpox"":86.23891,""mpoy"":54.08686,""mpoz"":-24.16899,""mpoa"":0,""posx"":1.52275,""posy"":1.46463,""posz"":0.07179,""posa"":0,""unit"":0,""stat"":5,""coor"":2,""momo"":1,""dist"":0,""home"":1,""mots"":1,""plan"":0,""line"":114,""path"":2,""frmo"":2,""prbe"":1,""safe"":0,""estp"":0,""spc"":1,""hold"":0,""macs"":5,""cycs"":1,""sps"":12000,""feed"":185.42,""mark"":1069948221}}",5.211926144726297,0.1983197640641326,0.2005903116773182,0.1919977640778993,5.211926144726297,0.1983197640641326,0.2005903116773182,0.1919977640778993,-0.9917842,0.03949744,-0.0088892799999999,-1.6584708800000023,-0.8949436000000015,0.9328307999999996,-31.72388528000001,36.77783832,-38.222161680000006,100.1,33.63,74.8969357599993,59.01875123999959,55.8069321199996,58.29831315999958,174.84098739999877,1345.5677436800038,-1.0034950400000002,-0.07449752,0.0318794000000001,5.3570706000000055,1.9056404799999944,1.9183932799999988,-2.350981440000033,12.824596520000188,-74.16171100000102,100.0,32.19216336,86.09009687999958,59.71567427999972,67.67776379999968,35.829404159999825,147.7962941599993,1527.945644359997,-1.01176228,-0.0276916399999999,0.02751808,-5.29258944,-8.219383639999997,0.3914029600000012,-9.87708191999979,26.284313679999457,47.53339203999902,100.0,32.60885084,102.65075151999906,2.4915227199999768,1.9932188799999813,1.9932188799999813,4.983046439999954,1665.2933859200027,-0.9891244399999995,0.1155314799999998,-0.01906224,2.9404809200000006,1.7278701199999982,3.9466324,-7.0,30.50571500000001,37.815060359999976,100.0,33.01,110.4553538800018,2.52857500000004,2.022860000000032,2.022860000000032,5.562864480000087,1430.3333550800037,-0.9028984000000024,0.3055060799999979,-0.0057903199999995,2.0162985599999725,1.395977359999988,1.1564036800000022,7.793670080000075,6.015851639999764,8.909502920000216,100.0,40.63573704,78.12911403999753,94.143156239997,67.45308627999786,50.95376999999839,191.19795595999395,2418.959613080005,-1.00749688,-0.0126209200000002,0.0075346400000001,0.425410120000005,1.8077309999999984,4.8157388400000025,10.044807999999998,-15.471080480000024,26.471080480000023,100.0,32.94528932,93.43357771999622,56.6410811599977,49.863515279997976,59.54575131999758,158.78867083999356,1521.3047980000144,114,X1.5251 Y1.4635 Z0.0717
16:36:07.049,5,118,1.55262,1.455,0.07068,86.99768,53.84224,-24.19723,,185.42,0,0,,2,1,"{""sr"":{""mpox"":86.99768,""mpoy"":53.84224,""mpoz"":-24.19723,""mpoa"":0,""posx"":1.55262,""posy"":1.455,""posz"":0.07068,""posa"":0,""unit"":0,""stat"":5,""coor"":2,""momo"":1,""dist"":0,""home"":1,""mots"":1,""plan"":0,""line"":118,""path"":2,""frmo"":2,""prbe"":1,""safe"":0,""estp"":0,""spc"":1,""hold"":0,""macs"":5,""cycs"":1,""sps"":12000,""feed"":185.42,""mark"":1069948221}}",5.107835103600352,0.2005613792790437,0.2044542233657794,0.2073081831373444,5.107835103600352,0.2005613792790437,0.2044542233657794,0.2073081831373444,-0.98677816,0.03710066,-0.00310068,-1.6676497999999995,-1.0043403600000005,0.8639860199999999,-32.0,36.0,-39.5167424,100.1,33.63483224,76.83796533999993,57.02440153999995,54.12485631999995,56.05788633999995,168.65691699999985,1574.3183865199996,-1.00909262,-0.07672038,0.0195541799999999,5.406472740000001,1.6708784999999995,2.00123618,-3.720096039999999,16.720096039999998,-95.72009604,100.02799052,32.20510842,83.99146441999994,58.90653703999997,66.73284363999996,35.21837807999998,145.48505075999992,1231.3561642000009,-1.0252296,-0.03038756,0.02071462,-5.22812304,-8.430043060000001,0.3480283599999995,-13.75060562,38.0,67.75060562,100.0,32.61476148,98.31999337999989,2.380903159999997,1.9047228799999976,1.9047228799999976,4.761806079999994,1515.0303270800005,-1.00987652,0.1239097199999999,-0.0142607,2.84297504,1.71362128,3.91178746,-6.748801760000002,31.0,37.53788148,100.0,33.02537896,116.1823817400002,2.6894072600000043,2.151525160000004,2.151525160000004,5.91669538000001,1122.1615348400005,-0.98284166,0.1570396200000005,0.0053380000000002,2.522344959999993,1.4641206199999983,1.3144520800000006,11.11406946,-3.879345460000018,-0.9687229399999784,100.0,40.65424046,67.56776781999972,82.26265681999965,58.94076959999975,44.52360293999981,166.6454847599993,1764.071801040002,-1.00733744,-0.0036540799999999,0.00154768,0.3014520599999993,2.0734798599999995,4.83803456,10.0,-15.0,25.0558868,100.03995436,32.96455458,75.68994867999955,46.690844519999736,40.75356073999976,49.08811319999972,130.19568993999926,1096.15566416,118,X1.5576 Y1.4541 Z0.0705
16:36:07.306,5,122,1.58371,1.45327,0.06957,87.78733,53.79842,-24.2253,,185.42,0,0,,2,1,"{""sr"":{""mpox"":87.78733,""mpoy"":53.79842,""mpoz"":-24.2253,""mpoa"":0,""posx"":1.58371,""posy"":1.45327,""posz"":0.06957,""posa"":0,""unit"":0,""stat"":5,""coor"":2,""momo"":1,""dist"":0,""home"":1,""mots"":1,""plan"":0,""line"":122,""path"":2,""frmo"":2,""prbe"":1,""safe"":0,""estp"":0,""spc"":1,""hold"":0,""macs"":5,""cycs"":1,""sps"":12000,""feed"":185.42,""mark"":1069948221}}",5.37285063055089,0.2085391911006783,0.2075098047176455,0.2061349491105449,5.37285063055089,0.2085391911006783,0.2075098047176455,0.2061349491105449,-0.99130568,0.0462347199999999,-0.00705856,-1.7513832399999996,-0.9831932,0.9078041999999996,-31.10152744,36.46103936,-39.82055104,100.1,33.64461024,82.15640195999985,63.0584000799999,59.38720279999991,62.08200623999991,187.0193566799997,1507.8623243599989,-0.99518808,-0.0772187999999999,0.0319613199999999,5.26874024,1.781459160000001,1.9116187600000003,-4.0,16.339190279999997,-95.52904708,100.0,32.19073656,89.9379477999999,62.95656327999993,71.95035803999993,37.56231923999996,156.06879203999983,2125.082016559997,-1.01712668,-0.0784257999999997,0.0157728799999999,-5.06371848,-8.442512719999998,0.1520893600000004,-13.44992196,38.0,66.85649559999999,100.0,32.614499280000004,112.21597203999976,2.200313199999995,2.200313199999995,2.200313199999995,5.500783239999989,2153.4828673999973,-1.0262864,0.08894812,0.0091291199999999,2.820260119999999,1.7603755199999995,3.95675756,-7.0,31.0,37.42617776,100.0,33.02157776,90.4396478000004,2.080227520000009,1.6641815200000072,1.6641815200000072,4.57650056000002,1552.612853039997,-0.8842624400000009,0.2630820799999998,-0.0558976799999995,4.284906279999994,1.6241570800000014,1.2278913600000008,14.927241599999984,0.613521880000059,12.26125571999989,100.0,40.68,108.44393487999942,127.61999679999929,91.9128475199995,69.43056827999963,260.52994147999857,3525.505085719996,-1.00411168,-0.0173481999999999,-0.00304664,0.3367178000000013,2.09169048,4.883,9.92736148,-14.289465560000004,25.0,100.0783172,32.98072656,123.6329499999992,81.71143247999947,71.76395411999954,86.68517203999944,229.50254583999853,1461.1027613199992,122,X1.5915 Y1.4541 Z0.0693
16:36:07.564,5,125,1.61435,1.45951,0.06855,88.56558,53.95668,-24.25144,,185.42,0,0,,2,1,"{""sr"":{""mpox"":88.56558,""mpoy"":53.95668,""mpoz"":-24.25144,""mpoa"":0,""posx"":1.61435,""posy"":1.45951,""posz"":0.06855,""posa"":0,""unit"":0,""stat"":5,""coor"":2,""momo"":1,""dist"":0,""home"":1,""mots"":1,""plan"":0,""line"":125,""path"":2,""frmo"":2,""prbe"":1,""safe"":0,""estp"":0,""spc"":1,""hold"":0,""macs"":5,""cycs"":1,""sps"":12000,""feed"":185.42,""mark"":1069948221}}",5.403867559310113,0.2029253144708092,0.2045585915038827,0.2078448822099124,5.403867559310113,0.2029253144708092,0.2045585915038827,0.2078448822099124,-0.98937304,0.0509386399999996,-0.0111473199999997,-1.6621855600000013,-0.9424870400000004,0.9010222799999974,-31.96633575999999,36.0,-40.0,100.1,33.65565792,64.6985155200006,50.80353296000047,47.76400520000045,49.93509628000047,149.80528800000138,1517.5903896400052,-1.00890536,-0.0764340400000001,0.0220304799999999,5.5052537999999975,1.615428040000001,2.0696243999999986,-3.4591746800000025,16.58488772000001,-95.04406240000002,100.0,32.18132184,80.85885632000046,53.76753376000031,61.98861988000034,31.68307288000017,133.24886428000076,1799.8655036399944,-1.016561559999999,-0.0212569199999996,0.0079240799999998,-5.297224399999999,-8.298094959999998,0.3247527199999984,-13.419062080000003,38.58093792,68.95237687999999,100.0,32.61857128,85.58393024000102,1.723871600000035,1.6762484000000195,1.6762484000000195,4.1906219600000485,1985.647243960002,-0.9802280799999996,0.1065778399999998,-0.00916988,2.9586818800000025,1.573707480000002,3.9993181199999976,-7.0,30.947228239999983,37.0,100.0,33.033646479999994,136.59867119999825,3.1767128399999587,2.541371039999967,2.541371039999967,6.98876939999991,1699.4181870400023,-0.8798037600000048,0.2277809200000091,0.0108396799999994,2.6765482399999865,1.8555793199999937,1.270076559999996,11.703799559999965,15.94882832000006,12.798798120000091,100.0,40.69,38.6792625200028,44.591704000003126,32.11526884000225,24.25973500000171,90.56967864000632,3285.85814171998,-1.0028867600000002,-0.0165649599999998,-0.0017761600000001,0.5435388800000002,1.5691875200000158,4.730690600000003,10.089529799999998,-15.0,24.0895298,100.0,33.01017012,32.23938184000346,18.54410924000238,16.365196320002095,19.60582892000251,51.92262796000663,1453.285051160001,125,X1.6162 Y1.4601 Z0.0685
16:36:07.821,5,129,1.6425,1.47348,0.06745,89.28063,54.31171,-24.27916,,185.42,0,0,,2,1,"{""sr"":{""mpox"":89.28063,""mpoy"":54.31171,""mpoz"":-24.27916,""mpoa"":0,""posx"":1.6425,""posy"":1.47348,""posz"":0.06745,""posa"":0,""unit"":0,""stat"":5,""coor"":2,""momo"":1,""dist"":0,""home"":1,""mots"":1,""plan"":0,""line"":129,""path"":2,""frmo"":2,""prbe"":1,""safe"":0,""estp"":0,""spc"":1,""hold"":0,""macs"":5,""cycs"":1,""sps"":12000,""feed"":185.42,""mark"":1069948221}}",5.122694715133674,0.201965131403563,0.2068427297269995,0.2095628056440644,5.122694715133674,0.201965131403563,0.2068427297269995,0.2095628056440644,-1.00504724,0.0321130199999999,-0.0061283199999999,-1.7023903800000002,-0.92557834,0.916,-31.96536014,36.0,-39.40088744,100.1,33.6659909,85.23543311999993,66.04334857999994,60.96309157999994,64.34992959999994,193.0497887399998,1671.2801961400007,-1.00447578,-0.0822187799999999,0.0308907999999999,5.25064982,1.9236314799999992,1.9528775600000003,-3.485472200000002,16.5145278,-94.54157388,100.05145278,32.20431354,98.78155222,62.28102191999996,72.57093069999996,36.28546531999998,155.3776760799999,1556.7315512800003,-0.97438184,-0.0431809199999997,0.0163043999999999,-4.988933380000001,-8.321518679999999,0.3748182799999998,-14.0,38.56011686,68.56011686,100.0,32.60072984,120.95585321999988,2.9222270199999967,2.337780839999997,2.337780839999997,5.844453039999993,1932.07868602,-0.98926612,0.1349574199999999,-0.0221476599999999,2.86550066,1.7150070400000004,3.8998579000000007,-7.359307340000001,31.0,38.35930734,100.0,33.026612300000004,78.68826442000025,1.7965357600000058,1.4372284200000045,1.4372284200000045,3.952378920000012,1510.1615417400003,-0.7933444200000006,0.4373322199999993,-0.0659162799999999,1.5836405600000074,1.5658988800000024,1.0196833800000005,10.544561179999995,14.467948139999976,-0.6670714600000114,100.0,40.68,132.1936863399996,150.11634561999958,108.11488109999968,81.66951467999976,305.6773258999991,2187.3948894,-1.00517544,-0.0067614999999999,0.0126727599999999,0.5746519599999992,1.6852488599999995,4.995183539999999,10.0058374,-15.9941626,27.0,100.0,33.0286246,194.64034207999933,98.31102263999966,86.24285965999971,103.49143143999964,275.10888491999907,1653.8334085800002,129,X1.6461 Y1.4759 Z0.0673
16:36:08.079,5,133,1.66602,1.49388,0.06635,89.87796,54.82987,-24.30721,,185.42,0,0,,2,1,"{""sr"":{""mpox"":89.87796,""mpoy"":54.82987,""mpoz"":-24.30721,""mpoa"":0,""posx"":1.66602,""posy"":1.49388,""posz"":0.06635,""posa"":0,""unit"":0,""stat"":5,""coor"":2,""momo"":1,""dist"":0,""home"":1,""mots"":1,""plan"":0,""line"":133,""path"":2,""frmo"":2,""prbe"":1,""safe"":0,""estp"":0,""spc"":1,""hold"":0,""macs"":5,""cycs"":1,""sps"":12000,""feed"":185.42,""mark"":1069948221}}",5.357714943085049,0.1995946563059923,0.2045895153699882,0.2055594784271817,5.357714943085049,0.1995946563059923,0.2045895153699882,0.2055594784271817,-0.98361334,0.0392480199999999,-0.0114410999999999,-1.5574025599999963,-0.8752644999999994,0.9004689999999999,-31.33118488000001,36.54204474,-38.0,100.1,33.68126764,76.64176123999987,53.122832659999816,49.33241851999983,51.748966319999816,156.03603909999947,1509.7780714600017,-1.01143626,-0.09201596,0.0312311200000001,4.956832799999997,2.01727814,1.9944489,-3.473129359999999,16.473129359999998,-95.0,100.0,32.2005373,88.4751160599998,53.46357287999988,62.92615251999986,31.22651207999993,133.8954973799997,1477.9429442800024,-0.9764439400000005,-0.0907500600000003,0.0240749400000002,-5.446766499999998,-7.91984866,0.473626899999999,-14.019071940000009,38.0,67.55413734,100.0,32.60108236,90.95595585999958,2.22931251999999,1.7834498599999915,1.7834498599999915,4.458625259999979,1732.3242930600006,-1.0457323600000006,0.1260378400000003,-0.0100353399999999,2.834701220000001,1.8042987799999997,3.92657056,-7.0,31.0,37.5127408,100.0,33.04262168,128.28140868000074,2.938793000000017,2.351034400000014,2.351034400000014,6.465344820000037,1446.356000180003,-0.904228320000001,0.2489258799999976,-0.0305099199999997,1.5118695399999984,1.20879386,1.2351487200000013,12.39116080000002,-7.259506600000049,0.5955324400000107,100.0,40.69959124,56.15311003999884,62.2847722399987,44.85794465999906,33.8854973599993,126.50585773999735,1960.004866939996,-1.00448328,-0.0021418999999998,0.0235595800000001,0.584595320000001,1.677006140000001,4.804121520000001,10.706910100000009,-15.0,26.0,100.1,33.0402057,62.13598261999802,30.79546491999902,26.980097559999145,32.430622819998966,86.39081871999726,1591.2827280400036,133,X1.6706 Y1.4993 Z0.0661
16:36:08.335,5,136,1.68363,1.51976,0.06524,90.32535,55.4871,-24.33536,,185.42,0,0,,2,1,"{""sr"":{""mpox"":90.32535,""mpoy"":55.4871,""mpoz"":-24.33536,""mpoa"":0,""posx"":1.68363,""posy"":1.51976,""posz"":0.06524,""posa"":0,""unit"":0,""stat"":5,""coor"":2,""momo"":1,""dist"":0,""home"":1,""mots"":1,""plan"":0,""line"":136,""path"":2,""frmo"":2,""prbe"":1,""safe"":0,""estp"":0,""spc"":1,""hold"":0,""macs"":5,""cycs"":1,""sps"":12000,""feed"":185.42,""mark"":1069948221}}",5.174290863994903,0.1979174844399774,0.2066945514773821,0.2114556707859417,5.174290863994903,0.1979174844399774,0.2066945514773821,0.2114556707859417,-0.99180878,0.04050668,-0.0103359599999999,-1.6163822999999988,-0.9021385599999996,0.9247117999999998,-31.47745322,36.0,-39.19648396,100.1,33.68803514,82.03989136000008,60.61546108000007,55.912537400000055,59.04781974000007,177.6660066600002,1527.3196878799995,-1.00497032,-0.07655068,0.03916594,4.999983680000001,1.99388342,1.9290255400000005,-4.0,16.84658452,-94.63661192,100.0,32.195733839999995,102.84464932000016,57.88203134000004,68.21810848000005,33.43883470000002,144.5516623800001,1847.92370558,-1.0183358400000002,-0.0213831599999999,0.0241928,-5.32588988,-8.19374146,0.3578414599999999,-13.86329518,38.46905276,67.93810586,100.0,32.61530932,109.25425644000012,2.654735520000004,2.123788280000003,2.123788280000003,5.309470040000007,2204.9433055000004,-1.01573544,0.11872786,-0.0048329199999999,2.91754388,1.7629694800000002,3.98835766,-6.549959220000002,30.56529364,37.09991844,100.0,33.02,99.00896523999975,2.250204239999994,1.8001631199999957,1.8001631199999957,4.950448259999988,1792.6045299400002,-0.8194688800000007,0.4549520999999999,-0.0042065999999999,1.6542430399999957,0.989794279999999,1.1712288399999995,13.462597639999997,0.5398519600000166,10.815181259999928,100.0,40.7007481,104.5992359800004,115.56102606000044,83.16653014000032,62.86998848000023,234.17722100000088,2248.6074221000013,-1.0056887,-0.0084088799999999,0.01082966,0.5016355000000003,1.6846037799999998,4.84667624,10.0,-15.371938539999997,25.595472460000003,100.0,33.05,122.04825152000056,70.34283892000032,62.17804560000028,74.73926648000034,198.4672962200009,1476.9394929000011,136,X1.6842 Y1.5208 Z0.0652
16:36:08.593,5,140,1.69398,1.54911,0.06414,90.58815,56.23252,-24.36342,,185.42,0,0,,2,1,"{""sr"":{""mpox"":90.58815,""mpoy"":56.23252,""mpoz"":-24.36342,""mpoa"":0,""posx"":1.69398,""posy"":1.54911,""posz"":0.06414,""posa"":0,""unit"":0,""stat"":5,""coor"":2,""momo"":1,""dist"":0,""home"":1,""mots"":1,""plan"":0,""line"":140,""path"":2,""frmo"":2,""prbe"":1,""safe"":0,""estp"":0,""spc"":1,""hold"":0,""macs"":5,""cycs"":1,""sps"":12000,""feed"":185.42,""mark"":1069948221}}",5.0988457694869584,0.2000429535200205,0.2034199382541003,0.2092982447624128,5.0988457694869584,0.2000429535200205,0.2034199382541003,0.2092982447624128,-0.991905,0.0351605000000001,-0.0027505000000001,-1.6965229999999978,-0.8898044999999984,0.9418820000000008,-31.288613999999992,36.0,-39.287092,100.1,33.692885999999994,74.34205349999955,58.08829449999968,53.08068349999972,56.0852499999997,169.4694194999991,1126.5946234999988,-1.0136425,-0.0746774999999999,0.0210814999999998,5.454260000000002,1.7837024999999993,2.0031130000000017,-3.5009170000000016,16.499083,-95.272618,100.0,32.2,101.31377349999966,55.39817149999981,65.87890699999977,31.442205499999893,138.24588799999952,1214.5716780000005,-0.9702584999999998,-0.0462129999999999,0.0042975,-5.456096,-7.824794000000001,0.4452004999999998,-13.201911499999992,37.4999065,66.999813,100.0,32.61702,103.01924949999928,2.500466999999983,2.0003734999999865,2.0003734999999865,5.000934499999966,1455.8582200000012,-0.9984039999999996,0.1274975,-0.009619,2.9397435000000005,1.6889634999999994,4.018369999999999,-7.0,30.500932499999998,37.34306849999998,100.0,33.0167155,109.12518050000124,2.495337500000028,1.9962700000000224,1.9962700000000224,5.4897425000000615,1149.4970355000005,-0.9481284999999982,0.2963665000000008,-0.0235625000000015,2.7210644999999887,1.649927999999999,1.2658605000000047,10.590304499999986,15.701981000000025,12.556638500000178,100.0,40.68,81.15614249999815,95.59496549999784,68.70888149999844,52.278496499998816,194.6751634999956,1527.7468175000083,-1.0039615000000002,-0.0112259999999998,0.0093910000000002,0.5234959999999919,1.741459499999997,4.800304999999999,10.048688,-15.048688,25.048688,100.0,33.050487,117.5940959999966,55.8073674999984,49.329726499998586,58.79704799999831,156.9582204999955,1023.9913685000012,140,X1.6948 Y1.5529 Z0.064
16:36:08.850,5,144,1.69667,1.58036,0.06302,90.65659,57.02638,-24.39172,,185.42,0,0,,2,1,"{""sr"":{""mpox"":90.65659,""mpoy"":57.02638,""mpoz"":-24.39172,""mpoa"":0,""posx"":1.69667,""posy"":1.58036,""posz"":0.06302,""posa"":0,""unit"":0,""stat"":5,""coor"":2,""momo"":1,""dist"":0,""home"":1,""mots"":1,""plan"":0,""line"":144,""path"":2,""frmo"":2,""prbe"":1,""safe"":0,""estp"":0,""spc"":1,""hold"":0,""macs"":5,""cycs"":1,""sps"":12000,""feed"":185.42,""mark"":1069948221}}",5.1247946538176,0.1992490059487908,0.1876503324846283,0.1981857042876955,5.1247946538176,0.1992490059487908,0.1876503324846283,0.1981857042876955,-0.9925792,0.0387151600000002,-0.0125827200000005,-1.58160928,-0.7851090399999997,0.8704588799999989,-32.0,36.21877436000001,-38.62974591999999,100.1,33.69151488,78.91393939999963,55.47889059999974,50.696227759999765,53.56582551999975,161.65400959999926,1396.4297802400015,-0.994492,-0.0745346399999999,0.0317339199999997,5.4167041600000045,1.637987039999998,1.9938758000000016,-3.0,16.0,-94.0,100.0,32.21541988,94.19048887999944,53.46021107999985,63.66625171999982,30.618120919999917,133.36150387999962,2076.588171000003,-0.9801791599999996,-0.03883416,0.0063942799999999,-5.219296760000003,-8.340061079999998,0.3241123600000007,-14.0,38.0,68.21344867999998,100.0,32.6,98.26561283999948,2.366171039999987,1.8929367599999891,1.8929367599999891,5.205576999999971,2272.567697800004,-0.98507936,0.1150605599999999,-0.0148500399999999,2.8545366400000005,1.739151399999998,3.968224319999999,-7.0,30.76289320000001,37.45413976,100.0,33.017829760000005,118.451583280001,2.729299200000023,2.1834393200000184,2.1834393200000184,6.00445800000005,1643.70630368,-0.833148839999998,0.292405000000002,-0.0160871200000001,1.5941179600000213,1.6310156000000045,0.9447824400000026,8.852541760000141,2.1177147200000426,4.4898846000000665,100.0,40.68,68.66120907999851,78.6042049599983,56.49677267999877,42.69474779999907,160.3661150799965,3579.48368956001,-1.00549128,-0.0081286000000001,-0.0146822000000001,0.4149241599999974,1.7373838000000017,4.792017079999999,10.0,-15.612090480000012,25.93971712,100.0,33.05327636,68.32708623999824,43.4458703199987,38.40304583999885,45.77332751999863,122.19150995999637,1559.9062092400034,144,X1.6963 Y1.5866 Z0.0628
16:36:09.107,5,147,1.69127,1.61127,0.06191,90.51928,57.81146,-24.42002,,185.42,0,0,,2,1,"{""sr"":{""mpox"":90.51928,""mpoy"":57.81146,""mpoz"":-24.42002,""mpoa"":0,""posx"":1.69127,""posy"":1.61127,""posz"":0.06191,""posa"":0,""unit"":0,""stat"":5,""coor"":2,""momo"":1,""dist"":0,""home"":1,""mots"":1,""plan"":0,""line"":147,""path"":2,""frmo"":2,""prbe"":1,""safe"":0,""estp"":0,""spc"":1,""hold"":0,""macs"":5,""cycs"":1,""sps"":12000,""feed"":185.42,""mark"":1069948221}}",5.348423461229285,0.2004038921374956,0.202829035939047,0.2021267843896537,5.348423461229285,0.2004038921374956,0.202829035939047,0.2021267843896537,-0.98554396,0.0462575999999999,-0.02809542,-1.6811536,-0.8041579600000004,0.9774215999999996,-31.55041112,36.0,-39.08700396,100.09060864,33.7045649,89.69782638000024,63.04624446000018,57.61122354000017,60.87223598000018,183.16021098000053,1834.2140397,-1.0181294,-0.08614728,0.0305889800000001,5.371560000000001,1.7832059800000015,2.02862498,-4.0,16.0,-95.0,100.0,32.208196,104.8733153000002,58.26295308000012,69.38588028000015,33.36878238000007,145.1277198200003,1884.123602060003,-0.9890876599999996,-0.0102263599999999,0.0064934199999999,-5.254529700000001,-8.200588899999998,0.3456442000000003,-13.0,37.13108348,66.55543296,100.0,32.62,114.97459376000045,2.7771644600000105,2.221731280000008,2.221731280000008,6.109761100000022,2185.158749240002,-1.0027453599999996,0.1318110000000001,-0.02234026,2.8763263800000005,1.7537713199999998,3.9400332799999993,-6.266040060000004,30.41197948,37.82395917999999,100.0,33.01,88.96171545999927,2.059897059999983,1.6479175799999863,1.6479175799999863,4.531773819999962,1762.866322179999,-1.0471065800000006,0.2066811999999982,0.0201204999999995,2.804936180000006,1.352117559999996,1.2699197599999974,9.503986919999983,-0.4146364800001063,-9.316487940000052,100.0,40.67179498,114.83576718000116,129.6968661200013,93.21962242000092,70.9279736200007,264.12226328000264,2336.107842200005,-0.9994705000000002,-0.01468396,-0.0163105199999999,0.3140252599999972,1.8810132400000013,4.884226320000001,10.9265591,-16.0,26.652903900000005,100.0,33.04073476,114.7624643600014,81.35060776000097,71.90812602000086,85.70867612000103,228.79858414000276,1762.6182228600037,147,X1.6912 Y1.6115 Z0.0619
16:36:09.372,5,151,1.6778,1.64028,0.06078,90.17725,58.54822,-24.44882,,185.42,0,0,,2,1,"{""sr"":{""mpox"":90.17725,""mpoy"":58.54822,""mpoz"":-24.44882,""mpoa"":0,""posx"":1.6778,""posy"":1.64028,""posz"":0.06078,""posa"":0,""unit"":0,""stat"":5,""coor"":2,""momo"":1,""dist"":0,""home"":1,""mots"":1,""plan"":0,""line"":151,""path"":2,""frmo"":2,""prbe"":1,""safe"":0,""estp"":0,""spc"":1,""hold"":0,""macs"":5,""cycs"":1,""sps"":12000,""feed"":185.42,""mark"":1069948221}}",5.259986549930628,0.1986711107747638,0.1977142192790024,0.2009458420994306,5.259986549930628,0.1986711107747638,0.1977142192790024,0.2009458420994306,-0.98144244,0.0343804799999997,-0.01542168,-1.7220786000000017,-0.9284322000000028,0.854,-31.046319999999977,35.435683319999995,-39.61063667999999,100.1,33.711286720000004,66.36276535999899,50.53921975999928,46.18239047999934,48.7964874799993,146.87146667999787,1450.7168486799897,-0.99968628,-0.07297392,0.0476567199999998,5.333568840000002,1.7345846399999891,2.010587119999996,-3.036232319999982,16.036232319999982,-94.92753536000004,100.0,32.20963768,66.99066175999944,50.47241607999958,60.1080592799995,28.90692951999976,125.72219983999896,1756.531317839976,-1.02272488,-0.0404606799999997,0.0201038400000003,-5.204385279999987,-8.035108880000005,0.5039178399999986,-13.032641039999984,37.0,67.48559615999996,100.0,32.614529680000004,87.42537499999845,2.101571399999963,1.6812573199999703,1.6812573199999703,4.623456959999918,1882.287739159977,-1.0222214000000005,0.1353869999999998,-0.0095218800000001,2.9749272799999984,1.7602762400000038,3.8915526800000055,-6.604426200000026,31.368254919999988,38.39557379999997,100.0,32.9997268,137.19797924000267,3.1587255600000628,2.5269804800000504,2.5269804800000504,6.949197120000138,1601.6784475599682,-0.9054210399999962,0.3909703999999999,0.0237762000000011,2.686470840000005,1.056569279999988,1.1795652800000045,13.321514280000208,2.5315583600000053,12.064835120000016,100.0,40.68246152,38.17169427999583,44.41797099999515,31.92541663999652,24.29107819999735,90.68669103999012,2287.972803319949,-1.00459884,-0.0193746400000001,0.0080954399999995,0.5896567600000047,1.6981613999999887,4.8233924,10.0,-15.007608799999996,26.0,100.0,33.06007608,38.05684711999206,17.397415639996368,15.37807279999679,18.48475391999614,49.08556671998976,1390.8367106799865,151,X1.6767 Y1.6421 Z0.0607
16:36:09.629,5,155,1.6578,1.66428,0.05967,89.66925,59.1579,-24.47697,,185.42,0,0,,2,1,"{""sr"":{""mpox"":89.66925,""mpoy"":59.1579,""mpoz"":-24.47697,""mpoa"":0,""posx"":1.6578,""posy"":1.66428,""posz"":0.05967,""posa"":0,""unit"":0,""stat"":5,""coor"":2,""momo"":1,""dist"":0,""home"":1,""mots"":1,""plan"":0,""line"":155,""path"":2,""frmo"":2,""prbe"":1,""safe"":0,""estp"":0,""spc"":1,""hold"":0,""macs"":5,""cycs"":1,""sps"":12000,""feed"":185.42,""mark"":1069948221}}",5.273433219033825,0.2035502786730058,0.2143086852242994,0.21684950899619,5.273433219033825,0.2035502786730058,0.2143086852242994,0.21684950899619,-0.9947048,0.04150948,-0.0116168799999999,-1.7753536600000002,-0.9638820600000004,0.90342786,-32.0,36.12769966,-39.0,100.0872301,33.7087229,85.93342392000008,63.09036186000005,57.65153788000005,60.91483238000005,183.83226238000017,1552.8842339999997,-1.00851386,-0.07505992,0.01390646,5.328307700000001,1.5821676799999995,1.99118026,-3.0982922599999987,16.429321360000003,-95.0,100.0,32.20570688,76.43739451999997,58.13583978000003,69.11744254000004,33.23968594000002,145.09386836000007,1550.5243005599998,-0.98612776,-0.0237811599999999,0.0116825399999999,-4.99593886,-8.43628962,0.3092276999999997,-14.0,37.4653441,67.91091518,100.0,32.61108874,114.39050524000012,2.772144160000003,2.217715240000002,2.217715240000002,6.098717020000006,1894.3083075,-1.02771792,0.12593882,-0.0058341599999999,2.88044118,1.6411132599999998,4.0387899,-6.0,31.0,37.89777412,100.0,32.99,89.3072813599998,2.057771399999996,1.6462175199999964,1.6462175199999964,4.52709689999999,1485.5775245999998,-0.9178840999999998,0.2087370599999995,0.0255674999999999,1.6921609599999972,1.5136331400000005,1.19396516,12.632714320000009,4.651117799999988,24.54076464000002,100.0,40.69040546,111.26616878000029,130.26283192000034,93.62641006000024,71.23748614000019,265.2748288200007,1919.77720004,-1.00747144,-0.013257,-0.00916976,0.6269006000000009,1.7579155199999996,4.71913192,10.0,-15.01985852,25.72608222,100.0,33.08019866,154.02875332000048,81.32122424000026,71.88215392000022,86.40380090000028,230.18796726000076,1293.8722574,155,X1.6543 Y1.6675 Z0.0595
16:36:09.887,5,159,1.63241,1.68244,0.05856,89.02445,59.61929,-24.50515,,185.42,0,0,,2,1,"{""sr"":{""mpox"":89.02445,""mpoy"":59.61929,""mpoz"":-24.50515,""mpoa"":0,""posx"":1.63241,""posy"":1.68244,""posz"":0.05856,""posa"":0,""unit"":0,""stat"":5,""coor"":2,""momo"":1,""dist"":0,""home"":1,""mots"":1,""plan"":0,""line"":159,""path"":2,""frmo"":2,""prbe"":1,""safe"":0,""estp"":0,""spc"":1,""hold"":0,""macs"":5,""cycs"":1,""sps"":12000,""feed"":185.42,""mark"":1069948221}}",5.127620743803199,0.1985296135253663,0.1945837736140153,0.2022638872744179,5.127620743803199,0.1985296135253663,0.1945837736140153,0.2022638872744179,-0.98867008,0.04299042,-0.00802872,-1.6590343799999994,-0.9428089999999992,0.8380895599999997,-32.0,36.51942556,-38.30191082000002,100.07802536,33.71480588,76.04159801999961,55.74663887999979,50.94089399999981,53.8243408799998,162.9147455799994,1562.2135944600004,-0.99919284,-0.07408628,0.0337835800000002,5.2072775200000025,1.7182152199999976,1.984098960000001,-3.0,16.340264060000006,-95.0,100.0,32.22,55.749251359999874,54.28216625999988,64.55176471999985,31.297825539999927,135.9499295399997,1407.0794268199988,-0.9771842199999996,-0.0346957599999999,0.0019492799999998,-5.016260080000001,-8.25685996,0.2853245799999999,-14.0,36.52307356,67.52307356,100.0,32.604148300000006,99.67754331999956,2.384630199999989,1.9077041399999917,1.9077041399999917,5.246186219999976,1736.5538934800013,-0.98952292,0.1136198799999999,-0.01176886,2.93790058,1.618603079999999,4.00300532,-6.0,31.0,38.71977349999999,100.0,32.991295040000004,116.74071690000078,2.696335280000018,2.1570681000000147,2.1570681000000147,5.93193712000004,1228.9923763200013,-0.9536373,0.3148978199999986,-0.0200188399999996,2.1919633200000104,1.2030828799999986,1.4434585600000007,11.1409329,8.130239680000084,-2.0833287000001244,100.0,40.69929358,69.44471545999883,81.30113005999863,58.43518737999901,44.46155545999925,165.5663643399972,1922.3704698400024,-1.0077439999999998,-0.0100553000000001,-0.0010594600000002,0.2987735400000015,1.888092039999996,4.888066900000002,10.0,-15.96355572,25.96355572,100.0,33.09,99.73870661999771,45.62944889999897,40.38004359999908,48.4560519199989,128.81233761999707,1342.7994926999982,159,X1.6259 Y1.6857 Z0.0583
16:36:10.144,5,162,1.60307,1.6935,0.05744,88.27915,59.90014,-24.53345,,185.42,0,0,,2,1,"{""sr"":{""mpox"":88.27915,""mpoy"":59.90014,""mpoz"":-24.53345,""mpoa"":0,""posx"":1.60307,""posy"":1.6935,""posz"":0.05744,""posa"":0,""unit"":0,""stat"":5,""coor"":2,""momo"":1,""dist"":0,""home"":1,""mots"":1,""plan"":0,""line"":162,""path"":2,""frmo"":2,""prbe"":1,""safe"":0,""estp"":0,""spc"":1,""hold"":0,""macs"":5,""cycs"":1,""sps"":12000,""feed"":185.42,""mark"":1069948221}}",5.442164112837824,0.2037301155918934,0.2100099986171008,0.2061747459220204,5.442164112837824,0.2037301155918934,0.2100099986171008,0.2061747459220204,-0.9888788,0.0375782400000001,-0.0108837600000001,-1.8373807599999972,-0.8547257200000005,0.8421170800000012,-31.701533519999984,36.20336975999999,-39.0,100.05018356,33.72,70.24111371999946,57.78701539999955,53.30354011999959,55.79435987999957,169.3757351199987,1331.0906788000011,-1.00885684,-0.07396608,0.0301248800000003,5.090753880000004,1.8757506800000008,1.8469994799999987,-4.0,16.0,-96.26638344,100.0,32.22234624,76.51549191999989,56.38412703999972,66.36361803999966,32.43334723999983,139.9475231599993,1319.576972040004,-0.9710932800000002,-0.04346908,0.0063439999999999,-5.32285752,-8.213992800000005,0.2783207999999976,-13.714730240000016,36.50395084000001,67.71473024000001,100.0,32.6149602,103.02920263999904,2.480244839999976,1.984196159999981,1.984196159999981,5.456538319999947,1553.3942778400012,-1.0011809199999997,0.1088265599999998,-0.01173424,2.9608207200000005,1.77,3.970100960000003,-6.0,31.0,38.50525704,100.0,32.9882164,110.65134536000176,2.5262861600000406,2.0210291200000325,2.0210291200000325,5.557829840000089,1208.8986750400063,-0.9762374800000015,0.200424639999999,0.0104487200000009,0.5292382399999577,1.3378362399999804,1.310542520000007,7.671810519999993,-8.372656800000314,0.076453760000155,100.0,40.700936520000006,79.2325551199974,93.50155179999686,66.85603191999776,50.8687198799983,189.51909731999365,1690.468939200014,-1.0076444400000002,-0.0104584399999998,-0.0056695599999994,0.3614944400000073,1.827806880000005,4.853384560000002,10.0,-15.0,26.0,100.0,33.09,79.597467759997,54.86166767999765,48.550148439997926,58.31069879999752,155.89649755999335,1275.0508349200022,162,X1.6019 Y1.6938 Z0.0574
16:36:10.400,5,166,1.57209,1.69675,0.05634,87.49211,59.98258,-24.56154,,185.42,0,0,,2,1,"{""sr"":{""mpox"":87.49211,""mpoy"":59.98258,""mpoz"":-24.56154,""mpoa"":0,""posx"":1.57209,""posy"":1.69675,""posz"":0.05634,""posa"":0,""unit"":0,""stat"":5,""coor"":2,""momo"":1,""dist"":0,""home"":1,""mots"":1,""plan"":0,""line"":166,""path"":2,""frmo"":2,""prbe"":1,""safe"":0,""estp"":0,""spc"":1,""hold"":0,""macs"":5,""cycs"":1,""sps"":12000,""feed"":185.42,""mark"":1069948221}}",5.057873126373563,0.1853333271870557,0.1986822987218162,0.2030263618243194,5.057873126373563,0.1853333271870557,0.1986822987218162,0.2030263618243194,-0.9891539199999998,0.0427990399999997,-0.0017206399999997,-1.7051134799999967,-0.8930995199999987,0.9022894800000032,-31.847180360000014,36.36935744000002,-38.78346219999996,100.04778232,33.7184718,81.26848432000072,60.57255236000066,56.24231552000062,59.00602084000063,178.0624166000019,1593.1638136800043,-1.00456264,-0.0787261600000003,0.0320150399999999,5.256915839999997,1.8746414000000056,1.89047308,-4.0,16.0,-95.2900768,100.0,32.23709952,78.92767536000053,58.4269801600004,68.67732776000047,33.82614696000023,145.554933440001,1427.6521394399972,-1.0089663600000005,-0.0265427199999991,0.0304482000000001,-5.430881800000008,-8.076505079999997,0.4618960400000027,-13.525748560000007,36.78603400000002,67.52057088000002,100.0,32.61213948,109.35569812000143,2.6287428800000345,2.102993960000028,2.102993960000028,5.783233680000077,1616.93998604,-1.0315217600000004,0.1190126799999994,-0.0014768399999998,2.8345856000000014,1.8287596000000024,3.9282105199999977,-5.454703719999989,31.0,39.76321180000002,100.0,32.99109468,98.88860915999749,2.2735186799999414,1.818814599999953,1.6008990799999403,5.001740439999871,1434.4034207200098,-0.9510548799999988,0.2820594400000027,-0.0107802000000023,2.0182448799999704,1.9762905600000276,1.4038156400000052,10.646639720000074,1.104768440000248,7.783035999999577,100.0,40.70705088,99.17386300000396,113.25772536000451,81.56903516000325,61.61689716000246,230.0364155600092,1886.357837279971,-1.0106107600000005,-0.0127782400000002,0.0021327200000002,0.391187439999995,1.500812560000005,4.739809519999996,10.0,-15.0,26.61376492000003,100.0,33.09059904,116.61538716000572,69.96923248000343,61.99028460000303,74.26558892000364,198.2461587600097,1463.7978078000006,166,X1.5682 Y1.6967 Z0.0562
16:36:10.659,5,170,1.54125,1.69203,0.05533,86.70885,59.86277,-24.58708,,185.42,0,0,,2,1,"{""sr"":{""mpox"":86.70885,""mpoy"":59.86277,""mpoz"":-24.58708,""mpoa"":0,""posx"":1.54125,""posy"":1.69203,""posz"":0.05533,""posa"":0,""unit"":0,""stat"":5,""coor"":2,""momo"":1,""dist"":0,""home"":1,""mots"":1,""plan"":0,""line"":170,""path"":2,""frmo"":2,""prbe"":1,""safe"":0,""estp"":0,""spc"":1,""hold"":0,""macs"":5,""cycs"":1,""sps"":12000,""feed"":185.42,""mark"":1069948221}}",5.292337018631286,0.2078752293036391,0.2082499654818179,0.2115702595339064,5.292337018631286,0.2078752293036391,0.2082499654818179,0.2115702595339064,-0.98965308,0.03645468,-0.0090214600000003,-1.7806231400000003,-0.8561887000000019,0.8358710400000007,-31.474242079999996,36.55001506,-39.151545960000014,100.1,33.72,75.59746668000045,52.19825088000031,48.59837154000029,51.29828100000031,153.89484218000092,1636.4245955800034,-1.01405338,-0.0719121199999998,0.01193738,5.324386919999999,1.6403655800000003,1.91677382,-3.9015185799999914,16.5312894,-95.0,100.0,32.229015219999994,67.03665369999972,54.37039336000019,63.17740724000021,31.87229922000011,134.89007996000046,1541.6394991400016,-1.0204899799999994,-0.0614249999999995,0.02537584,-4.971045000000001,-8.505364079999994,0.1699053800000035,-13.438171200000005,36.4381712,67.66839528,100.0,32.60561832,92.01596848000068,2.190856180000016,1.7526849800000128,1.7526849800000128,4.819883560000036,1859.747558060003,-1.0059944799999998,0.1193264799999997,-0.0068120400000001,3.023040519999997,1.760081280000001,4.04744404,-6.0,30.399967740000005,38.39996774000001,100.0,32.99481374,130.80703127999882,3.0001608399999733,2.400129399999978,2.400129399999978,6.60035493999994,1459.2927949000025,-0.9507449799999992,0.2162421200000016,-0.04024594,3.4727802399999583,1.552613360000005,1.2394368799999995,12.555411879999976,13.328556859999892,23.234336239999827,100.0,40.7100439,49.59049940000181,57.48582286000208,41.4017072600015,31.274670360001128,117.05662432000422,2053.844182179998,-1.00916602,-0.0050700200000002,0.0094317800000001,0.3858797400000018,1.7000568,4.760419519999999,10.0,-15.597386979999971,25.0767151,100.0,33.10076752,38.91176414000226,27.39838434000158,24.282755020001392,29.238979260001685,77.96743826000446,1208.3639164400035,170,X1.535 Y1.6901 Z0.0551
16:36:10.915,5,173,1.51252,1.67963,0.05422,85.97921,59.54795,-24.61539,,185.42,0,0,,2,1,"{""sr"":{""mpox"":85.97921,""mpoy"":59.54795,""mpoz"":-24.61539,""mpoa"":0,""posx"":1.51252,""posy"":1.67963,""posz"":0.05422,""posa"":0,""unit"":0,""stat"":5,""coor"":2,""momo"":1,""dist"":0,""home"":1,""mots"":1,""plan"":0,""line"":173,""path"":2,""frmo"":2,""prbe"":1,""safe"":0,""estp"":0,""spc"":1,""hold"":0,""macs"":5,""cycs"":1,""sps"":12000,""feed"":185.42,""mark"":1069948221}}",5.179054626044929,0.1949271167348698,0.1919653185116711,0.2055406809786081,5.179054626044929,0.1949271167348698,0.1919653185116711,0.2055406809786081,-0.9946034,0.0463464199999999,-0.0081078599999999,-1.6583076600000002,-0.8478961800000002,0.96735806,-31.459037520000003,36.0,-38.86759104,100.04337974,33.72,83.92450241999988,65.6797424199999,62.2572725999999,64.54733345999989,194.7744083399997,1165.0854956600003,-1.00842772,-0.0843983599999999,0.0322078399999999,5.33579266,1.9281462199999988,1.9476016000000005,-3.0329203800000037,16.0,-95.5442507,100.0,32.23544266,69.66410079999993,64.22159273999993,73.47385675999992,37.553303959999965,158.92123015999982,1183.2728823599998,-1.0279221799999998,-0.0285817199999999,0.0172905399999999,-5.53160408,-8.208237279999999,0.3569803400000004,-13.0,37.0,66.61737864,100.0,32.61234746,120.98704959999978,2.9083425999999943,2.3266736799999954,2.3266736799999954,6.398353179999988,1296.0981313399998,-0.97779044,0.1260851999999999,-0.0196017599999999,2.927594,1.6895325799999998,3.98895048,-6.0,31.0,37.96055708,100.0,32.986802420000004,77.8039192000004,1.799190800000009,1.4393526400000072,1.0795144800000054,3.95821888000002,1088.6482082999996,-1.0313204600000003,0.1321666800000002,0.0234339200000001,3.596802679999989,1.4294663399999994,1.0652860400000004,8.699506400000008,3.908803980000069,13.917120939999943,100.0,40.72,127.32050687999944,150.6108428199993,107.9118925599995,81.51617807999963,305.1034090799986,1570.8373779999993,-1.00703532,-0.00732026,0.0109819999999999,0.0713082600000029,1.7938190799999996,4.973291239999999,10.0,-14.945409359999994,25.054590640000004,100.0,33.10054588,129.3159331399993,98.48564483999948,87.35248477999953,105.33681989999944,280.04179033999844,1116.6576558400009,173,X1.5121 Y1.6794 Z0.0542
16:36:11.172,5,177,1.48786,1.66016,0.0531,85.3527,59.05323,-24.64369,,185.42,0,0,,2,1,"{""sr"":{""mpox"":85.3527,""mpoy"":59.05323,""mpoz"":-24.64369,""mpoa"":0,""posx"":1.48786,""posy"":1.66016,""posz"":0.0531,""posa"":0,""unit"":0,""stat"":5,""coor"":2,""momo"":1,""dist"":0,""home"":1,""mots"":1,""plan"":0,""line"":177,""path"":2,""frmo"":2,""prbe"":1,""safe"":0,""estp"":0,""spc"":1,""hold"":0,""macs"":5,""cycs"":1,""sps"":12000,""feed"":185.42,""mark"":1069948221}}",5.462289388357831,0.2048233581405378,0.2039823889975655,0.2059281709713182,5.462289388357831,0.2048233581405378,0.2039823889975655,0.2059281709713182,-0.98555856,0.0397811999999997,-0.0220991199999998,-1.6401131200000003,-0.8815499600000034,0.8861931599999988,-31.04614784000001,36.0,-39.43535292,100.0389206,33.72046144,69.08270272000058,50.50096196000045,47.93499120000045,50.06560904000045,150.67832688000138,1704.5271173600015,-1.01741476,-0.0657295199999999,0.0127374400000001,5.201200000000001,1.887057,2.014550759999998,-3.4594858000000026,16.0,-94.96399816,100.0,32.23504528,70.76074356000039,55.13824168000031,62.49000728000034,32.62346016000018,136.00766380000073,1284.5442746800122,-1.0074035599999986,0.0061026800000005,-0.0151269199999997,-5.475266399999994,-7.954325360000002,0.5430887999999982,-13.577649079999995,37.0,67.54534747999999,100.0,32.620323039999995,89.11600524000102,2.111753520000024,1.6894026000000193,1.6894026000000193,4.645857880000053,1466.7075643600092,-1.0640048399999995,0.0949725200000016,-0.0032499200000006,2.874823120000001,1.7485599999999994,3.948051560000001,-6.0,31.027264320000008,39.58031563999997,100.0,32.97365168,136.57337855999828,3.174223079999959,2.539377879999967,1.9045336799999757,6.98329035999991,1208.071752280012,-1.0146167200000022,0.1295243600000006,0.0176352400000003,1.6523252000000286,1.5947481600000044,1.3279871199999986,10.477430880000036,-0.2828446000002414,-11.009930519999529,100.0,40.712461520000005,37.47370700000263,44.87592052000315,32.153365800002256,24.288513640001703,90.9084368400064,1831.995927720016,-1.01256636,-0.0018924000000001,-0.0213351599999996,0.3379967599999963,1.7578509600000067,4.934510239999998,10.0,-15.0,26.0,100.0,33.11,30.803767240004124,18.04665196000241,16.024182360002143,19.13567376000256,51.18403848000685,1605.1829758800095,177,X1.4858 Y1.6581 Z0.053
16:36:11.429,5,181,1.46916,1.63526,0.052,84.87779,58.42092,-24.67177,,185.42,0,0,,2,1,"{""sr"":{""mpox"":84.87779,""mpoy"":58.42092,""mpoz"":-24.67177,""mpoa"":0,""posx"":1.46916,""posy"":1.63526,""posz"":0.052,""posa"":0,""unit"":0,""stat"":5,""coor"":2,""momo"":1,""dist"":0,""home"":1,""mots"":1,""plan"":0,""line"":181,""path"":2,""frmo"":2,""prbe"":1,""safe"":0,""estp"":0,""spc"":1,""hold"":0,""macs"":5,""cycs"":1,""sps"":12000,""feed"":185.42,""mark"":1069948221}}",5.138911730839258,0.2009520055063098,0.1890408788654919,0.2012251595791427,5.138911730839258,0.2009520055063098,0.1890408788654919,0.2012251595791427,-0.9896149800000004,0.0440699600000001,-0.0036171600000003,-1.866392659999992,-0.983784439999998,0.977,-31.0,35.87269171999997,-40.12730828000003,100.01273074,33.73,95.32601733999854,63.18753211999904,61.00865091999907,63.18753211999904,189.56259535999712,1234.9824169200042,-1.01025824,-0.0764755599999998,0.0254574999999994,5.3258423599999904,1.902587639999996,2.014,-3.570839320000029,16.0,-95.67015546000005,100.0,32.23099308,75.17125985999877,64.0449839799994,71.97213271999931,38.14963081999965,158.11381753999848,1313.1784662799978,-1.005083179999998,-0.0288987200000004,0.0164936599999993,-5.240386660000018,-8.256397599999998,0.3813140600000064,-13.552833059999989,37.0,67.08917766000002,100.0,32.6219609,115.82739135999785,2.7641649599999503,2.2113316799999603,2.2113316799999603,6.08116297999989,1581.5665098800025,-1.0201847800000003,0.1274728000000008,-0.00466572,2.8957904599999966,1.831,4.084399359999999,-6.0,31.0,39.0,100.0,32.99305314,88.96287978000362,2.0498357000000835,1.6398683600000663,1.22990202000005,4.509638740000184,1109.4050084400023,-1.0127264399999956,0.1978093600000059,-0.0157484199999998,1.6360388599999665,1.0839495000000234,1.3159040599999894,9.08314610000013,-0.5617375600001572,8.73421608000057,100.0,40.7304059,108.80687689999468,131.8299213599935,95.13499469999532,71.3512463599965,267.0981059399869,1877.7699522600085,-1.0050668799999998,-0.0104564600000002,0.0169020199999997,0.3647913199999997,2.0257270000000016,4.8232086800000005,10.0,-15.271505360000043,25.98018372,100.0,33.12019822,166.69701123998968,85.23389487999496,75.03496733999556,90.33335881999466,240.4032929399858,1067.6997536200051,181,X1.4664 Y1.6304 Z0.0518
16:36:11.689,5,185,1.45719,1.60623,0.05088,84.5738,57.68352,-24.70008,,185.42,0,0,,2,1,"{""sr"":{""mpox"":84.5738,""mpoy"":57.68352,""mpoz"":-24.70008,""mpoa"":0,""posx"":1.45719,""posy"":1.60623,""posz"":0.05088,""posa"":0,""unit"":0,""stat"":5,""coor"":2,""momo"":1,""dist"":0,""home"":1,""mots"":1,""plan"":0,""line"":185,""path"":2,""frmo"":2,""prbe"":1,""safe"":0,""estp"":0,""spc"":1,""hold"":0,""macs"":5,""cycs"":1,""sps"":12000,""feed"":185.42,""mark"":1069948221}}",5.345286902547229,0.2064503151129919,0.2061884479288476,0.2104626428802718,5.345286902547229,0.2064503151129919,0.2061884479288476,0.2104626428802718,-0.99076236,0.0370773399999999,-0.0045732,-1.7253620999999997,-0.8513593199999988,0.854,-31.757783479999997,36.0,-38.76290099999998,100.0,33.74,76.40574712000016,56.78789260000018,55.07190588000017,56.78789260000018,171.09544430000054,1259.6893015999976,-1.01037582,-0.0763949799999999,0.0175268000000001,5.244015260000002,1.8980182999999984,2.03133388,-3.0,16.190433040000006,-94.50847024,100.0,32.22144528,54.0682614600001,60.45814654000012,67.33956180000013,36.37319376000007,148.44195370000028,1440.7657441999968,-1.0054494199999997,-0.02996916,0.0199146799999998,-5.145094179999999,-8.38068088,0.2947356199999997,-14.0,37.0,68.17860689999999,100.0,32.6148485,100.8495787800004,2.42426878000001,1.939415120000008,1.939415120000008,5.333391380000021,1385.347736679998,-0.99157752,0.1133481200000001,-0.0131888599999999,3.00249768,1.83948812,4.04523672,-5.524666239999997,31.0,38.38124212,100.0,32.98905898,113.47137967999932,2.6233323599999845,2.0986661199999874,1.5739992999999906,5.771330959999966,1271.3204339199992,-0.9224808000000008,0.181205999999999,-0.0465651799999999,2.839425680000012,1.3748464399999925,1.1263875600000004,5.743695979999942,5.497546159999976,9.22455653999985,100.0,40.73448952,70.48880436000098,87.10081530000122,62.85625834000088,47.14219386000066,176.89547056000245,1734.4982470399952,-1.00705348,-0.00858364,0.00977934,0.3250344599999993,1.9239330599999995,4.88790518,9.9597934,-15.523492339999992,26.0,100.0,33.13,84.64242530000155,51.04723530000094,44.93901930000083,54.101343880001,144.41568354000265,1076.0907422799987,185,X1.4554 Y1.5985 Z0.0506
16:36:11.946,5,188,1.45322,1.57522,0.04977,84.47299,56.89583,-24.72838,,185.42,0,0,,2,1,"{""sr"":{""mpox"":84.47299,""mpoy"":56.89583,""mpoz"":-24.72838,""mpoa"":0,""posx"":1.45322,""posy"":1.57522,""posz"":0.04977,""posa"":0,""unit"":0,""stat"":5,""coor"":2,""momo"":1,""dist"":0,""home"":1,""mots"":1,""plan"":0,""line"":188,""path"":2,""frmo"":2,""prbe"":1,""safe"":0,""estp"":0,""spc"":1,""hold"":0,""macs"":5,""cycs"":1,""sps"":12000,""feed"":185.42,""mark"":1069948221}}",5.199446708859312,0.2007658257809129,0.1774930476545852,0.1914423342319197,5.199446708859312,0.2007658257809129,0.1774930476545852,0.1914423342319197,-0.9880856,0.0347437599999998,-0.0053279600000003,-1.7203567600000065,-0.8960169599999986,0.8386777199999962,-31.508746760000005,36.0,-39.01749296000001,100.0677692,33.75,83.51308019999905,56.98539595999935,55.511635679999365,56.98539595999935,172.42994871999804,1448.550836840015,-1.0061953600000002,-0.0727349999999999,0.0006043599999997,5.235782920000007,1.860396439999996,2.0441501599999983,-3.506627680000004,16.0,-95.7462392,100.0252868,32.24012336,67.05593096000013,61.43103983999958,68.08538527999951,36.76242143999976,150.23806375999894,1884.4483421200275,-1.0204628800000002,-0.0246988399999995,0.0232073600000002,-5.653697200000001,-7.918406320000001,0.5719125999999992,-13.773724719999985,37.51282320000001,68.48717679999999,100.0,32.61547464,100.39298403999852,2.435881999999965,1.948706199999972,1.948706199999972,5.358941799999923,2132.261818560024,-0.98349792,0.1168890800000005,-0.0227636400000002,2.798316640000006,1.805341679999997,3.9937857199999978,-6.0,31.0,37.769389919999966,100.0,32.98959408,113.42470768000256,2.601484080000059,2.081187360000047,1.5608905200000354,5.723265120000129,1788.719943040016,-0.8505332399999949,0.3091052799999992,-0.0076866000000016,2.1811854399999664,2.030001640000053,1.3483907600000111,10.69678743999998,10.447448039999458,3.318835000000468,100.0,40.75,73.58306087999625,89.09691319999546,63.837478719996746,48.22255579999754,180.4901379999908,2945.367814720052,-1.0037576,-0.0070925200000003,0.0192723599999991,0.4314762400000071,1.856381720000008,4.839839199999995,6.0402314400003325,-9.0603476000005,15.048317600000829,100.0,33.14,105.97110963999292,52.44385051999652,46.168517999996936,55.58151699999631,148.36679155999016,1370.2579691200085,188,X1.4532 Y1.5733 Z0.0497
16:36:12.203,5,192,1.45716,1.54435,0.04866,84.573,56.11176,-24.75646,,185.42,0,0,,2,1,"{""sr"":{""mpox"":84.573,""mpoy"":56.11176,""mpoz"":-24.75646,""mpoa"":0,""posx"":1.45716,""posy"":1.54435,""posz"":0.04866,""posa"":0,""unit"":0,""stat"":5,""coor"":2,""momo"":1,""dist"":0,""home"":1,""mots"":1,""plan"":0,""line"":192,""path"":2,""frmo"":2,""prbe"":1,""safe"":0,""estp"":0,""spc"":1,""hold"":0,""macs"":5,""cycs"":1,""sps"":12000,""feed"":185.42,""mark"":1069948221}}",5.352353722678872,0.2101214959359993,0.2066615746320262,0.2107714887386377,5.352353722678872,0.2101214959359993,0.2066615746320262,0.2107714887386377,-0.991925,0.0486631999999998,-0.0148840999999997,-1.7181921999999994,-0.9402515,0.9272601000000006,-31.126850800000003,36.1268508,-39.8731492,100.0126852,33.75,84.46711649999983,61.62380819999987,60.03008899999988,62.15504829999988,186.46514419999963,1650.9326600999968,-1.0063951999999998,-0.0801494999999999,0.0342855999999999,5.2590341,1.779151999999999,2.014,-3.684996500000003,16.0,-95.0,100.0,32.2472602,77.0342696999999,65.06272769999991,71.82925129999991,39.037636799999945,159.2735573999998,1456.280220199999,-0.9608465,-0.0411142999999998,0.0036268,-5.112578899999999,-8.067842700000002,0.4709584999999993,-13.0,37.5396692,68.0,100.0,32.6117934,112.7908782999997,2.698346299999993,2.1586770999999945,2.1586770999999945,5.936362099999985,1779.3975135999972,-1.0160165,0.1308659000000001,-0.0078505,2.93,1.7163954999999986,4.015350400000001,-6.0,31.0,37.39631470000001,100.0,32.9923856,95.4447999000005,2.1836293000000118,1.746903400000009,1.5487462000000043,4.803984200000025,1322.8178347999988,-0.8282497,0.2639528999999981,-0.0290630000000002,1.9581113999999848,1.4045745000000005,1.1455784,9.245834700000009,0.583451599999985,-2.539485999999907,100.0,40.7412943,101.20613629999929,121.19747179999914,86.83736399999937,65.59656979999953,244.89386139999823,2388.4964589999995,-1.0008733,-0.0043526,0.0290935999999998,0.4972978000000015,1.956283199999999,4.818716800000002,10.0,-15.662781999999996,24.9345178,100.0,33.15,124.60299509999892,77.54548079999932,68.26653429999939,82.1849543999993,218.71802399999805,1555.9313014999973,192,X1.4583 Y1.5399 Z0.0485
16:36:12.461,5,196,1.46885,1.51527,0.04755,84.87003,55.37299,-24.78477,,185.42,0,0,,2,1,"{""sr"":{""mpox"":84.87003,""mpoy"":55.37299,""mpoz"":-24.78477,""mpoa"":0,""posx"":1.46885,""posy"":1.51527,""posz"":0.04755,""posa"":0,""unit"":0,""stat"":5,""coor"":2,""momo"":1,""dist"":0,""home"":1,""mots"":1,""plan"":0,""line"":196,""path"":2,""frmo"":2,""prbe"":1,""safe"":0,""estp"":0,""spc"":1,""hold"":0,""macs"":5,""cycs"":1,""sps"":12000,""feed"":185.42,""mark"":1069948221}}",5.111732046633952,0.1891957366980346,0.2010031963374257,0.2064571839090662,5.111732046633952,0.1891957366980346,0.2010031963374257,0.2064571839090662,-0.9894171399999998,0.0406706799999998,-0.0072154600000005,-1.7790924400000052,-0.9251191799999988,1.0106549400000036,-31.497611480000025,36.0,-39.33050207999997,100.09411118,33.76,68.29911431999892,51.4460858599992,50.55908451999921,51.88958645999919,155.66876037999754,1299.0350066399944,-1.00438786,-0.0732188799999998,0.0116629599999994,5.319643920000006,1.9666569999999972,1.92034736,-3.158099280000092,15.69689680000041,-87.71795278000229,100.0,32.23535318,84.46745126000054,58.08902253999947,64.20693409999939,34.85341337999969,142.2019268199987,1676.2105268600026,-0.9804126199999992,-0.0266266600000004,0.0087610399999994,-5.119269279999998,-8.218783799999999,0.2490829799999984,-13.652200519999983,37.56887280000001,67.08332771999997,100.0,32.61083328,89.9389739599983,2.155636859999958,1.7245096599999663,1.7245096599999663,4.742401779999907,1633.3215297399925,-1.0253601000000006,0.1355782199999998,-0.01061362,2.869,1.7823339800000026,4.096110679999997,-4.846367419999923,21.87113869999953,25.06232895999936,100.0,32.99,133.07384970000302,3.06621734000007,2.452973900000056,2.452973900000056,6.745678980000154,1433.2402032799962,-0.9892900000000048,0.3297575600000017,-0.0159892399999981,2.4851473199999585,2.1108506400000118,1.1573015399999973,14.979896100000031,0.6962970800002443,11.663158960000017,100.0,40.73683262,44.461559779995504,52.86478709999461,37.87734745999614,28.612385379997075,106.93370081998906,2708.955213159988,-1.0023456399999997,-0.0136106400000004,-0.0157073600000009,0.305,1.8688861400000072,4.883,10.082548820000005,-16.0,26.082548820000007,100.0,33.15791132,48.13802259999227,24.435975919995844,21.51201309999634,25.897957039995603,68.83943427998825,1335.2529741999924,196,X1.4725 Y1.5093 Z0.0473
16:36:12.718,5,199,1.48765,1.49021,0.04643,85.34741,54.73654,-24.81307,,185.42,0,0,,2,1,"{""sr"":{""mpox"":85.34741,""mpoy"":54.73654,""mpoz"":-24.81307,""mpoa"":0,""posx"":1.48765,""posy"":1.49021,""posz"":0.04643,""posa"":0,""unit"":0,""stat"":5,""coor"":2,""momo"":1,""dist"":0,""home"":1,""mots"":1,""plan"":0,""line"":199,""path"":2,""frmo"":2,""prbe"":1,""safe"":0,""estp"":0,""spc"":1,""hold"":0,""macs"":5,""cycs"":1,""sps"":12000,""feed"":185.42,""mark"":1069948221}}",5.246043619087504,0.2091904445048295,0.2137538560925058,0.2063354732766479,5.246043619087504,0.2091904445048295,0.2137538560925058,0.2063354732766479,-0.992379,0.037336,0.008888,-1.528633,-0.864044,0.977,-13.516965,15.206586,-16.051396,100.0,33.765776,87.794415,67.001001,65.268216,67.001001,202.158193,2029.179887,-1.007653,-0.072907,0.018,5.332744,1.642314,1.919657,-4.0,16.0,-94.546607,100.0,32.234534,100.575749,68.325917,75.978419,40.99555,167.261844,2370.681645,-0.97689,-0.028148,0.018445,-5.188,-8.228699,0.32985,-13.407369,37.0,68.0,100.0,32.615926,122.674554,2.963153,2.370523,2.370523,6.518938,2300.904892,-1.007459,0.111908,-0.018975,3.03116,1.750681,4.089,-6.341646,31.0,38.658354,100.0,32.986584,74.47882,1.70823,1.366584,1.366584,3.758106,2081.384037,-0.855834,0.30449,-0.048488,2.247402,1.327384,1.182692,11.116003,6.813999,15.232007,100.0,40.68,131.053908,157.915889,113.145921,85.46994,319.087776,3267.385829,-0.992075,-0.008782,-0.018069,0.37196,1.82504,4.76696,10.097697,-15.0,25.097697,100.0,33.149023,174.144388,105.569396,92.93716,110.983211,295.955229,1547.839463,199,X1.4883 Y1.4895 Z0.0464
16:36:12.974,5,203,1.51216,1.47083,0.04532,85.96995,54.24441,-24.84125,,185.42,0,0,,2,1,"{""sr"":{""mpox"":85.96995,""mpoy"":54.24441,""mpoz"":-24.84125,""mpoa"":0,""posx"":1.51216,""posy"":1.47083,""posz"":0.04532,""posa"":0,""unit"":0,""stat"":5,""coor"":2,""momo"":1,""dist"":0,""home"":1,""mots"":1,""plan"":0,""line"":203,""path"":2,""frmo"":2,""prbe"":1,""safe"":0,""estp"":0,""spc"":1,""hold"":0,""macs"":5,""cycs"":1,""sps"":12000,""feed"":185.42,""mark"":1069948221}}",5.307280038998671,0.1978976869747145,0.1977867581789906,0.2005498031021124,5.307280038998671,0.1978976869747145,0.1977867581789906,0.2005498031021124,-0.9988864,0.0538653999999999,-0.0387478799999998,-1.6352420799999994,-0.7834583600000001,0.8583149600000001,-31.0,35.441685160000006,-40.11662956,100.05583132,33.754416639999995,65.29982148000006,51.235489320000056,49.91043372000005,51.235489320000056,154.14815412000016,1567.332872279999,-1.00312328,-0.0738712,0.02009768,5.219564,1.91120736,1.95393204,-3.980411320000002,16.0,-94.57189804,100.0,32.23054456,88.42815316000005,57.40885296000003,63.89049764000004,34.723096320000025,141.20725968000008,1611.6907873999996,-0.99120676,-0.0151268,0.0347851199999999,-5.419277279999999,-8.13174244,0.3811771599999998,-14.0,37.42569648,67.95159944,100.0,32.60671088,88.54495284000012,2.128484160000003,1.702787680000002,1.702787680000002,4.256969200000006,1874.85485128,-0.99436176,0.10893684,-0.0171263199999999,2.93239496,1.7598405600000002,4.073843279999999,-6.040961520000001,30.95903848,37.04096152,100.0,32.98248452,135.37735551999978,3.1211815199999955,2.496945439999996,2.496945439999996,6.8665992399999904,1562.7563925599995,-1.02846788,0.2293093199999999,0.0376211199999998,2.346103840000006,1.207142039999999,1.2083561600000003,12.146008359999998,16.245143680000012,16.17449055999994,100.0,40.69,44.17818208000031,49.82887900000035,35.70213564000025,26.96923900000019,100.9420086000007,2475.670346119999,-1.00040544,-0.0156961199999999,-0.0094044,0.4613782800000004,1.4686098000000007,4.87062616,10.0,-15.0,26.202843200000004,100.0,33.15808436,46.94293436000057,22.226042600000262,19.543588440000235,23.56726880000028,62.46284256000075,1332.88563848,203,X1.5152 Y1.469 Z0.0452
16:36:13.232,5,207,1.54091,1.4583,0.04421,86.70014,53.92599,-24.86961,,185.42,0,0,,2,1,"{""sr"":{""mpox"":86.70014,""mpoy"":53.92599,""mpoz"":-24.86961,""mpoa"":0,""posx"":1.54091,""posy"":1.4583,""posz"":0.04421,""posa"":0,""unit"":0,""stat"":5,""coor"":2,""momo"":1,""dist"":0,""home"":1,""mots"":1,""plan"":0,""line"":207,""path"":2,""frmo"":2,""prbe"":1,""safe"":0,""estp"":0,""spc"":1,""hold"":0,""macs"":5,""cycs"":1,""sps"":12000,""feed"":185.42,""mark"":1069948221}}",5.082327215227586,0.200941948628459,0.2044631673493124,0.2080180209085824,5.082327215227586,0.200941948628459,0.2044631673493124,0.2080180209085824,-0.99055592,0.03534308,-0.0102851600000001,-1.7629960400000029,-0.932852920000002,0.8983157599999982,-31.697970079999997,36.0,-38.44150276000002,100.0,33.76837432000001,68.53287200000035,62.10791568000032,59.96626352000031,61.57250224000032,185.78833360000093,1637.7545651599985,-1.0053756,-0.07339384,0.0271983199999999,5.367468400000005,1.8695565599999977,1.9717299200000011,-4.0,16.0,-94.87358532,100.0,32.23692924,98.89011704000023,64.34856248000021,71.75441032000023,38.47700256000012,157.9412708400005,2432.245141519997,-0.9760074399999996,-0.0285815999999999,0.0037765199999998,-5.397622160000003,-8.093123879999997,0.4480596400000002,-14.0,37.5420438,67.42932952000001,100.0,32.61457936,111.88647092000066,2.7102192800000164,2.1681754800000133,2.1681754800000133,5.849768360000043,2244.6372908399967,-1.02416312,0.1312253200000001,-0.0047293199999998,2.9620574399999997,1.6855480400000014,4.028369799999997,-5.954997679999983,31.0,37.0,100.0,32.98141096,94.9110023199988,2.1473073199999733,1.7178461999999786,1.7178461999999786,4.724076759999941,1841.3356525199947,-0.7646766399999947,0.5672878399999981,-0.0472326800000002,3.8870015999999943,1.1367935199999983,1.2505017200000013,6.394282039999949,2.0744291600001152,6.667934559999912,100.0,40.70103208,102.02780276000168,123.85717036000209,89.38146280000151,67.03609764000113,250.90653584000424,3697.068791599997,-1.00255952,-0.0135112799999999,-0.0193030799999999,0.5997456800000059,1.620008280000001,4.861256679999998,10.0,-15.0,26.02638188,100.0,33.16026376,159.01603964000344,77.9955044400016,68.5003990000014,82.74305680000168,219.7174732000045,1590.9367450399989,207,X1.5466 Y1.4567 Z0.044
16:36:13.490,5,210,1.5717,1.4534,0.0432,87.48231,53.8016,-24.89522,,185.42,0,0,,2,1,"{""sr"":{""mpox"":87.48231,""mpoy"":53.8016,""mpoz"":-24.89522,""mpoa"":0,""posx"":1.5717,""posy"":1.4534,""posz"":0.0432,""posa"":0,""unit"":0,""stat"":5,""coor"":2,""momo"":1,""dist"":0,""home"":1,""mots"":1,""plan"":0,""line"":210,""path"":2,""frmo"":2,""prbe"":1,""safe"":0,""estp"":0,""spc"":1,""hold"":0,""macs"":5,""cycs"":1,""sps"":12000,""feed"":185.42,""mark"":1069948221}}",5.348608603984253,0.2011328189180747,0.2028768729764673,0.2012574570093168,5.348608603984253,0.2011328189180747,0.2028768729764673,0.2012574570093168,-0.9910866,0.0418114800000004,0.0078997600000005,-1.8141593999999912,-0.9754542399999924,0.9304407199999992,-31.236732159999985,36.0,-38.50983636000004,100.0,33.76,78.8826004400008,56.7765206800006,54.573187600000594,56.53978852000061,169.85609872000182,1332.4616834000062,-1.0078708000000005,-0.0781372800000002,0.02281068,5.371011839999996,1.6594640000000014,1.9234175999999996,-4.0,16.307055839999983,-94.49498684,100.0,32.23792036,99.98732128000069,60.38838204000041,67.81318336000047,36.134031720000245,148.991008640001,1364.7025208000134,-0.9657445600000012,-0.0370017599999993,-0.0009043199999999,-5.336791479999999,-8.21186548,0.4039024799999954,-13.512925679999992,38.0,68.02585091999998,100.0,32.60047884,100.82444320000135,2.435373040000033,1.9482987200000264,1.9482987200000264,4.870746080000066,1628.2110697600122,-1.00662592,0.1059155200000003,-0.0051548,2.862036119999998,1.641691360000004,3.957836119999999,-6.849771239999988,31.0,37.26438792000005,100.0,32.98699524,112.63107795999764,2.5901727199999462,2.072138199999957,2.072138199999957,5.698380519999882,1240.520604560014,-0.9811935199999956,0.1706745600000051,0.0288056799999999,3.179268800000003,1.6063951599999955,1.1558510800000086,10.404328199999982,-0.2020454800001278,-4.898334919999803,100.0,40.71004564,74.28589216000346,89.51219256000417,64.13502464000298,48.447320760002256,181.3314007600084,2129.230397600033,-1.0044964800000002,-0.0122597199999997,0.0040175200000014,0.4904213200000002,1.5570455600000097,4.849703640000002,10.506150399999967,-15.0,26.0,100.0,33.15039688,94.46397936000578,51.77352696000316,45.869528480002806,54.95260348000336,146.23750676000893,1304.040704760008,210,X1.5717 Y1.4534 Z0.0432
16:36:13.748,5,214,1.60283,1.45669,0.04209,88.27297,53.88506,-24.92352,,185.42,0,0,,2,1,"{""sr"":{""mpox"":88.27297,""mpoy"":53.88506,""mpoz"":-24.92352,""mpoa"":0,""posx"":1.60283,""posy"":1.45669,""posz"":0.04209,""posa"":0,""unit"":0,""stat"":5,""coor"":2,""momo"":1,""dist"":0,""home"":1,""mots"":1,""plan"":0,""line"":214,""path"":2,""frmo"":2,""prbe"":1,""safe"":0,""estp"":0,""spc"":1,""hold"":0,""macs"":5,""cycs"":1,""sps"":12000,""feed"":185.42,""mark"":1069948221}}",5.145866828082885,0.1947585622626514,0.2056215537219836,0.2067759065703583,5.145866828082885,0.1947585622626514,0.2056215537219836,0.2067759065703583,-0.9927216,0.0430217999999999,-0.0134806000000001,-1.7041190000000004,-0.9522934000000002,0.9872831999999996,-31.0,36.1685756,-38.66284840000001,100.0,33.7683144,77.62268319999966,55.79130299999974,53.36559459999976,55.30616179999975,166.88876819999922,2076.4068665999907,-1.0041174,-0.0756517999999997,0.0443181999999998,5.270647600000002,1.9478817999999984,1.9871612000000007,-3.5090342000000017,16.729023799999993,-94.5090342,100.0,32.2372904,83.65212599999988,59.13590979999982,66.9913655999998,34.8585857999999,146.03689239999957,2113.5930879999846,-0.9969204,-0.0718979999999992,0.0122047999999996,-5.503863999999992,-8.033121600000008,0.5623671999999968,-13.243384000000006,38.2373216,68.23732159999999,100.0,32.6175664,99.49995019999945,2.403526799999987,1.9228211999999891,1.9228211999999891,5.044375199999965,2501.190329799985,-0.9663926000000006,0.1408006,-0.0129277999999999,2.8361087999999985,1.7828208000000016,4.076950800000001,-6.203854800000005,31.0,38.0,100.0,32.9879612,116.698718800001,2.6643542000000227,2.131483000000018,2.131483000000018,5.86157920000005,2101.309305799988,-1.0085565999999988,0.2347184000000009,0.0111893999999993,2.952230399999994,1.4712427999999886,1.2423056000000003,11.217313799999983,5.463634400000196,17.12654499999981,100.0,40.6943404,71.39713799999852,84.20052399999825,60.329240999998746,45.572448399999054,170.46281019999648,2968.84575939998,-1.0030158000000005,-0.0101025999999996,0.0026602000000005,0.3369263999999945,1.578421799999995,4.869394599999999,10.0559986,-15.0,26.41648179999999,100.0,33.1558354,73.93778519999812,47.422901399998686,41.64815799999885,49.97778939999862,133.21810639999632,2071.697188599984,214,X1.6052 Y1.4572 Z0.042
16:36:14.003,5,218,1.63207,1.46781,0.04097,89.01575,54.16772,-24.95183,,185.42,0,0,,2,1,"{""sr"":{""mpox"":89.01575,""mpoy"":54.16772,""mpoz"":-24.95183,""mpoa"":0,""posx"":1.63207,""posy"":1.46781,""posz"":0.04097,""posa"":0,""unit"":0,""stat"":5,""coor"":2,""momo"":1,""dist"":0,""home"":1,""mots"":1,""plan"":0,""line"":218,""path"":2,""frmo"":2,""prbe"":1,""safe"":0,""estp"":0,""spc"":1,""hold"":0,""macs"":5,""cycs"":1,""sps"":12000,""feed"":185.42,""mark"":1069948221}}",5.057891338109461,0.1949353665855298,0.2041324916055061,0.2105266937985234,5.057891338109461,0.1949353665855298,0.2041324916055061,0.2105266937985234,-0.9874109,0.0427307,0.0020448999999999,-1.5716510999999995,-0.9247593999999998,1.003408699999999,-31.8741893,36.1258107,-38.59379070000001,100.0,33.7787418,76.8732137999999,61.18230939999987,57.99018899999987,60.24408009999987,181.5446591999996,1250.740843900001,-1.0096476,-0.0775401,0.0334153,5.301305200000003,1.704685199999998,2.0046706000000003,-3.835462899999996,16.835462899999996,-95.1645371,100.0,32.2568255,107.73953669999985,61.63944659999992,70.4450816999999,36.258498099999954,151.7677126999998,1232.0715765000025,-1.019256,-0.0293915999999999,0.0184975999999999,-5.401881599999999,-8.150626500000001,0.5843847999999991,-14.0,38.0,68.0,100.0,32.6017829,111.67699589999972,2.684542899999993,2.1476345999999946,2.1476345999999946,5.3690864999999866,1297.654343900001,-1.0067958000000004,0.1208688,-0.0124463999999999,2.8887835,1.7656145999999997,3.8664327,-7.0,31.0,38.12621609999999,100.0,32.9835136,95.6386748000005,2.1844604000000114,1.7475681000000092,1.7475681000000092,4.805812400000025,1167.6805958000014,-1.0316189999999998,0.1538907000000004,0.0159615999999999,2.118228099999996,2.2259556000000025,1.2052164000000003,10.7632648,6.415249200000015,20.557614199999964,100.0,40.6824579,104.97452529999924,120.59573459999912,86.85392299999937,65.60907789999952,245.56540709999825,1456.8809017000035,-1.0062897,-0.0115424,0.0167496999999998,0.3469255000000013,1.555642399999999,4.984441799999998,10.0,-14.334254500000004,26.394582699999987,100.0,33.1666576,158.4475126999986,75.22928159999934,66.57458519999942,79.2237566999993,211.7071815999982,899.1241200000014,218,X1.6363 Y1.4701 Z0.0408
16:36:14.261,5,222,1.6574,1.48577,0.03987,89.65902,54.62391,-24.97991,,185.42,0,0,,2,1,"{""sr"":{""mpox"":89.65902,""mpoy"":54.62391,""mpoz"":-24.97991,""mpoa"":0,""posx"":1.6574,""posy"":1.48577,""posz"":0.03987,""posa"":0,""unit"":0,""stat"":5,""coor"":2,""momo"":1,""dist"":0,""home"":1,""mots"":1,""plan"":0,""line"":222,""path"":2,""frmo"":2,""prbe"":1,""safe"":0,""estp"":0,""spc"":1,""hold"":0,""macs"":5,""cycs"":1,""sps"":12000,""feed"":185.42,""mark"":1069948221}}",5.399510376156856,0.2019061556109626,0.20239731672284,0.2027964675170323,5.399510376156856,0.2019061556109626,0.20239731672284,0.2027964675170323,-0.99658614,0.0416412199999994,-0.0167302199999995,-1.697735259999996,-0.8783743800000015,0.996826499999999,-32.0,36.44437086000001,-39.503557260000015,100.0,33.7755567,69.76626240000066,51.10267658000048,47.99207856000045,50.21393472000047,151.53054530000142,1690.1222581599982,-1.0105084000000002,-0.0711797400000002,0.0065849800000001,5.287332819999998,1.797690200000004,1.88767706,-1.4703032600000223,7.433008080000041,-44.13348474000025,100.0,32.24612054,85.27902677999991,54.3538713000003,62.71600516000035,31.59028388000018,134.4119355400008,1771.6753091600046,-1.00181614,-0.0489374200000002,0.0232289399999995,-5.38359832,-7.999234879999999,0.4024809800000022,-12.431959180000003,37.43195918,67.7808715,100.0,32.61401954,89.49867326000107,2.159797340000025,1.7278381600000203,1.7278381600000203,4.751554580000056,1984.2648839800052,-1.0289677399999997,0.1330250199999987,-0.0133037799999995,2.7805303200000018,1.7407380799999983,4.08473074,-7.0,31.0,38.0,100.0,32.9897773,131.70486369999816,3.062904039999957,2.4503226599999657,2.4503226599999657,6.738388459999905,1573.1760918800032,-0.8490582000000022,0.5978228600000027,-0.0319480399999995,3.542452039999953,1.2293785000000177,1.2349295800000029,7.729184320000106,4.627178440000196,7.942047459999792,100.0,40.65885816,45.18689416000287,52.70204426000331,37.87416388000237,28.6099794800018,106.8105905400067,2062.8304119000186,-1.0106002199999995,-0.0071082400000003,0.0164548199999992,0.4779001600000003,1.7342495999999992,4.870236219999999,10.0,-15.082786179999998,26.91721382,100.0,33.16917182,43.205915980003695,23.435269200002445,20.71510344000216,24.8999736400026,66.24739534000689,1773.940773260004,222,X1.6628 Y1.491 Z0.0396
16:36:14.520,5,225,1.67741,1.50988,0.03875,90.16738,55.23627,-25.00821,,185.42,0,0,,2,1,"{""sr"":{""mpox"":90.16738,""mpoy"":55.23627,""mpoz"":-25.00821,""mpoa"":0,""posx"":1.67741,""posy"":1.50988,""posz"":0.03875,""posa"":0,""unit"":0,""stat"":5,""coor"":2,""momo"":1,""dist"":0,""home"":1,""mots"":1,""plan"":0,""line"":225,""path"":2,""frmo"":2,""prbe"":1,""safe"":0,""estp"":0,""spc"":1,""hold"":0,""macs"":5,""cycs"":1,""sps"":12000,""feed"":185.42,""mark"":1069948221}}",5.166463125574469,0.201637250592325,0.2013579591114247,0.2068459924907133,5.166463125574469,0.201637250592325,0.2013579591114247,0.2068459924907133,-0.9875832,0.0395202400000001,-0.0110746800000001,-1.8303926400000023,-0.874781120000003,0.9448527999999982,-31.023155399999983,36.40353120000001,-39.55015804000002,100.0,33.78,98.0365652400006,65.93102356000041,61.34451720000038,64.2110842800004,194.3531911600012,1513.6617958800018,-1.008472,-0.0775687200000001,0.0169629199999999,5.323640960000002,1.773304639999998,2.0727969200000014,-3.4536999999999978,16.0,-94.56435812,100.0,32.2507454,99.75162520000022,62.82448680000026,73.2041852400003,36.58403452000016,156.22370984000065,1712.167346919997,-0.9981635599999996,-0.0179454399999995,0.0099360399999999,-5.40536768,-7.935990039999999,0.4279900399999994,-13.414214239999996,38.0,68.0,100.0,32.6196754,120.08602300000088,2.9289269600000214,2.343142160000017,2.343142160000017,6.443640680000047,1603.3354320399972,-1.03110504,0.1196906399999999,-0.0051175999999999,2.8451609600000007,1.7331089999999982,3.989452159999999,-6.354490599999993,31.0,37.01358075999999,100.0,32.9898642,77.9879382799984,1.7724530399999636,1.7724530399999636,1.417962439999971,3.89939667999992,1532.8182199599955,-0.9816667200000035,0.412418360000004,0.049998800000001,0.8342537199999785,1.055526679999992,1.1854107199999986,9.426507800000188,2.2973767600000805,-7.003224360000179,100.0,40.69,130.03663724000236,152.08613388000276,108.74552564000196,82.7411610800015,308.1123240800056,2546.9540743999937,-1.0059490400000002,-0.0026981599999998,0.0177767599999999,0.3664442799999997,1.636086919999992,4.988860160000002,9.96358228000002,-14.945373400000031,24.90895568000005,100.0,33.15867744,190.5990062000042,97.58712180000208,86.26326408000183,102.81884016000215,274.4740218800058,1192.1828336799988,225,X1.6782 Y1.5111 Z0.0387
16:36:14.776,5,229,1.69061,1.53824,0.03764,90.50267,55.95661,-25.03652,,185.42,0,0,,2,1,"{""sr"":{""mpox"":90.50267,""mpoy"":55.95661,""mpoz"":-25.03652,""mpoa"":0,""posx"":1.69061,""posy"":1.53824,""posz"":0.03764,""posa"":0,""unit"":0,""stat"":5,""coor"":2,""momo"":1,""dist"":0,""home"":1,""mots"":1,""plan"":0,""line"":229,""path"":2,""frmo"":2,""prbe"":1,""safe"":0,""estp"":0,""spc"":1,""hold"":0,""macs"":5,""cycs"":1,""sps"":12000,""feed"":185.42,""mark"":1069948221}}",5.1459510624725375,0.2040027260267851,0.2086578387695234,0.2097261589029627,5.1459510624725375,0.2040027260267851,0.2086578387695234,0.2097261589029627,-0.989785,0.0366851599999998,7.888000000004292e-05,-1.7790846400000002,-0.99486356,0.9945652799999988,-31.643981119999992,36.64398111999999,-38.712038600000014,100.05515684,33.78551592,71.92047011999954,51.56979395999965,47.88991611999968,50.224494719999655,151.47793767999897,1270.0420361199997,-1.0079648,-0.07520288,0.0123318399999999,5.393484839999997,1.5909847600000002,2.014,-3.0,16.92767888000001,-95.53266464,100.0,32.2446032,76.64294763999969,53.276195479999785,62.62289627999974,30.844113199999875,132.25581755999946,1371.5307961999993,-1.0015984800000006,-0.0361420799999998,0.0053533199999999,-4.995029160000007,-8.53990668,0.2824369599999997,-12.149101280000108,36.44730368000032,63.98448828000055,100.0,32.60630124,89.68078855999924,2.1767182399999814,1.7413747599999854,1.7413747599999854,4.788779959999959,1583.3673192800036,-1.0069050799999997,0.1240380800000001,-0.0077186,2.95383428,1.5936558399999992,4.122837720000001,-6.390734039999994,31.0,38.10942076000003,100.0,32.992816,132.37445624000136,3.046331800000032,2.4916210000000185,2.4370650000000253,6.70192972000007,1329.1867029999985,-0.8800304399999991,0.2643098,-0.0083423999999992,3.144385160000026,1.1266161599999904,1.2703882000000035,9.996304319999943,-3.282612919999976,14.313959879999768,100.0,40.69253208,46.66135951999792,54.57965003999756,39.02586431999826,29.41079635999869,110.57328119999508,2245.59439452,-1.0059515600000002,-0.0070260799999996,0.0093627600000002,0.419003120000005,1.7306060799999938,4.990440240000001,10.0,-16.0,26.0,100.0,33.16,47.07460359999661,24.76436503999821,21.86403427999842,26.3260821199981,70.05414999999495,1291.3319888000017,229,X1.6918 Y1.5419 Z0.0375
16:36:15.034,5,233,1.69618,1.56906,0.03652,90.64404,56.73936,-25.06482,,185.42,0,0,,2,1,"{""sr"":{""mpox"":90.64404,""mpoy"":56.73936,""mpoz"":-25.06482,""mpoa"":0,""posx"":1.69618,""posy"":1.56906,""posz"":0.03652,""posa"":0,""unit"":0,""stat"":5,""coor"":2,""momo"":1,""dist"":0,""home"":1,""mots"":1,""plan"":0,""line"":233,""path"":2,""frmo"":2,""prbe"":1,""safe"":0,""estp"":0,""spc"":1,""hold"":0,""macs"":5,""cycs"":1,""sps"":12000,""feed"":185.42,""mark"":1069948221}}",5.066909768012723,0.1845367027126829,0.2001500366564439,0.2073061494471589,5.066909768012723,0.1845367027126829,0.2001500366564439,0.2073061494471589,-0.9895916400000002,0.0413794400000001,0.0092112799999998,-1.704675199999993,-0.8097272799999947,1.011928200000002,-31.52788320000001,36.0,-39.4721168,100.0,33.78814176,88.68435712000107,60.70655344000073,55.95560636000067,58.59502132000071,177.36871324000214,1627.3051892800072,-1.00033288,-0.0739760000000002,0.0114706400000005,5.41371544,1.717818879999999,2.0000055599999973,-3.373987080000022,16.0,-94.62601291999998,100.0,32.25,90.90830528000114,58.59737952000044,68.96859708000052,33.56188372000027,145.19704708000108,1759.4868861599875,-1.0045284400000012,-0.0248119999999991,0.0230925600000007,-5.268508639999996,-8.027713599999997,0.366,-13.594917879999976,38.0,67.40508212000002,100.0,32.614649400000005,110.0763552800015,2.6752787600000376,2.14022320000003,2.14022320000003,5.885613400000083,2068.252532119988,-0.99212096,0.1085976400000002,-0.0197898800000001,2.9173494400000064,1.743963520000008,4.061294799999996,-6.109720959999986,31.448153320000024,37.44815332000003,100.0,32.97661608,95.94120331999729,2.210626919999937,1.7685011999999496,1.7685011999999496,4.863379239999862,1490.0797926799871,-0.9776272800000056,0.3010272799999888,-0.0113125200000008,2.302745880000026,1.690537560000007,1.2916024399999952,12.110378120000064,14.01650668000018,18.464411080000023,100.0,40.69059008,99.44049508000408,118.53952860000484,84.75883392000347,63.93522780000261,239.5358355200098,2363.1564521999767,-1.0035697200000004,-0.0085343199999998,0.0048959599999997,0.4214755600000061,1.9566889199999944,4.979765760000003,10.0,-15.35349079999997,26.262927840000067,100.0,33.18,156.81461236000823,71.7625473600036,63.357925120003166,76.28811376000381,203.00396300001012,1258.4879118000003,233,X1.6964 Y1.5753 Z0.0363
16:36:15.290,5,236,1.69374,1.60026,0.03541,90.58221,57.53192,-25.09312,,185.42,0,0,,2,1,"{""sr"":{""mpox"":90.58221,""mpoy"":57.53192,""mpoz"":-25.09312,""mpoa"":0,""posx"":1.69374,""posy"":1.60026,""posz"":0.03541,""posa"":0,""unit"":0,""stat"":5,""coor"":2,""momo"":1,""dist"":0,""home"":1,""mots"":1,""plan"":0,""line"":236,""path"":2,""frmo"":2,""prbe"":1,""safe"":0,""estp"":0,""spc"":1,""hold"":0,""macs"":5,""cycs"":1,""sps"":12000,""feed"":185.42,""mark"":1069948221}}",5.284102386509009,0.1991845146064838,0.2005026926153643,0.1914493546464297,5.284102386509009,0.1991845146064838,0.2005026926153643,0.1914493546464297,-0.98627132,0.0360782400000002,-0.0220305199999989,-1.5813360799999965,-0.8511660800000008,0.8852465999999973,-31.236676720000016,36.0,-38.25403839999998,100.05092832,33.79,83.64730163999855,56.43225603999934,52.0158183199994,54.469395239999365,164.3896158399981,1717.3940272400023,-1.00139072,-0.0728769599999998,0.0199205999999999,5.342828560000011,1.7426181199999804,2.001831360000001,-3.3071196800000204,16.493393559999994,-95.18627331999998,100.0,32.25800504,82.39670879999942,55.26006819999961,65.12793743999954,31.57718171999977,137.16338299999902,1737.8655240799983,-1.0311482000000003,-0.0281125600000005,0.0192596399999999,-5.303837440000001,-8.264856160000004,0.3237852000000005,-13.512441440000009,37.820392880000014,68.0,100.0,32.61,100.4371456799986,2.4377943599999656,1.9502357999999724,1.9502357999999724,5.363148279999924,2107.0559978800025,-1.022602240000001,0.1251631599999995,-0.0144925199999998,2.9005654000000005,1.74958532,4.023737719999997,-6.367602480000024,31.0,37.14986531999999,100.0,32.9841464,113.32545044000256,2.5873392400000585,2.0698708800000465,2.0698708800000465,5.692145840000128,1551.4203183599975,-0.8195279599999958,0.4359400800000015,-0.0758772399999976,3.689012440000053,1.84397652,1.2159580400000003,10.0,8.74098223999953,7.06253084000045,100.0,40.71,75.09315763999622,88.91398415999552,63.575801919996806,47.91219903999759,179.67074511999093,2624.2489739200023,-1.0000433199999998,-0.0130053199999999,0.0133340800000005,0.6596192000000051,1.8465961999999991,4.822,10.0,-15.45426955999997,26.039718359999995,100.0,33.18,86.3112186399943,50.42392231999666,44.51841811999706,53.60380947999646,142.64064559999056,1533.0852024399946,236,X1.6937 Y1.6005 Z0.0354
16:36:15.555,5,240,1.68295,1.63036,0.03427,90.30796,58.29645,-25.12208,,185.42,0,0,,2,1,"{""sr"":{""mpox"":90.30796,""mpoy"":58.29645,""mpoz"":-25.12208,""mpoa"":0,""posx"":1.68295,""posy"":1.63036,""posz"":0.03427,""posa"":0,""unit"":0,""stat"":5,""coor"":2,""momo"":1,""dist"":0,""home"":1,""mots"":1,""plan"":0,""line"":240,""path"":2,""frmo"":2,""prbe"":1,""safe"":0,""estp"":0,""spc"":1,""hold"":0,""macs"":5,""cycs"":1,""sps"":12000,""feed"":185.42,""mark"":1069948221}}",5.232287892571151,0.1920332787551961,0.1971085814222292,0.2045061867722933,5.232287892571151,0.1920332787551961,0.1971085814222292,0.2045061867722933,-0.99237812,0.0394470999999999,-0.0135004999999998,-1.6874591000000003,-0.8805423199999989,0.9985408999999996,-31.428102579999983,36.0,-38.0,100.05718952,33.8,72.15249818000073,53.18934156000054,48.5641816400005,51.33927780000053,154.94286428000157,1156.0754086999996,-1.00614852,-0.0763840399999999,0.0209394800000002,5.376930279999996,1.540286840000005,1.9822369399999973,-3.3342912999999865,16.665708700000014,-94.9528325,100.0,32.23665742,65.6293414000008,53.35861156000032,62.88693508000038,30.49063504000018,132.77798722000077,1221.371363820001,-1.0220528399999995,-0.04697702,0.0089772199999997,-5.318018660000003,-8.128877619999999,0.4473371199999997,-13.699514860000011,37.0,67.54462714,100.0,32.61244164,94.1165713200012,2.276863780000028,1.8214911800000224,1.8214911800000224,5.009100420000062,1368.5291772000014,-1.0326527799999996,0.1121838799999999,-0.0098603799999998,2.919184860000001,1.7546546200000006,4.042349579999997,-6.74844218000001,31.0,38.17106518000002,100.0,32.99,126.44547291999793,2.886882999999953,2.309505999999962,2.309505999999962,6.351142739999895,1085.9720207400014,-0.9881536400000004,0.3039484399999976,0.0170002999999998,2.294018740000016,1.5309910799999922,1.063207359999999,10.651069879999982,-3.291135319999946,4.654948759999699,100.0,40.7157763,58.262243980003056,67.34357208000361,48.15239864000258,36.63769454000195,136.0828661200073,1540.5439031199985,-1.00330434,-0.0159069199999996,0.0057507800000003,0.5220105999999989,1.916409880000004,4.906918359999997,10.0,-15.234703560000026,26.461345159999947,100.0,33.18765298,63.164795040005785,33.73858258000268,29.78721716000237,35.86624080000285,95.50992184000756,1219.6056448199993,240,X1.6821 Y1.6321 Z0.0342
16:36:15.812,5,244,1.66518,1.65606,0.03315,89.85671,58.94917,-25.15038,,185.42,0,0,,2,1,"{""sr"":{""mpox"":89.85671,""mpoy"":58.94917,""mpoz"":-25.15038,""mpoa"":0,""posx"":1.66518,""posy"":1.65606,""posz"":0.03315,""posa"":0,""unit"":0,""stat"":5,""coor"":2,""momo"":1,""dist"":0,""home"":1,""mots"":1,""plan"":0,""line"":244,""path"":2,""frmo"":2,""prbe"":1,""safe"":0,""estp"":0,""spc"":1,""hold"":0,""macs"":5,""cycs"":1,""sps"":12000,""feed"":185.42,""mark"":1069948221}}",5.140616880013642,0.1973102311312278,0.1822526406035382,0.199422638070526,5.140616880013642,0.1973102311312278,0.1822526406035382,0.199422638070526,-0.99675124,0.03288088,0.0211397200000001,-1.648,-0.8933732799999997,1.0340394000000002,-31.949669,36.507298,-39.0,100.05073024,33.80050328,84.29869143999994,64.12736387999995,59.05836963999995,61.89684687999996,186.80580039999987,2444.4364104,-0.99588768,-0.0847787999999999,0.01994268,5.2269098000000005,1.7581208800000006,1.95703308,-4.0,16.6069128,-95.0,100.0,32.24213808,76.25241655999996,60.56929579999997,71.92603791999996,34.61102571999998,150.8824409599999,2321.7021473599984,-0.99567224,-0.0478505599999999,-0.0056986799999999,-5.134963280000001,-8.47187808,0.2570760400000003,-13.0,37.0,67.35400023999999,100.0,32.61928552,117.7819475999999,2.872730279999997,2.298184399999998,2.298184399999998,6.320007199999994,2594.240136119998,-0.99208204,0.10424864,0.0031817999999999,2.93486276,1.82775572,3.967,-6.0,31.0,38.3244454,100.0,32.99079716,82.4044133600002,1.8881809200000048,1.5105450400000038,1.5105450400000038,4.15399848000001,2300.8033629599986,-0.8819040000000005,0.4954333999999997,-0.1350414399999997,4.160817079999994,0.8793880800000042,1.29573704,12.545535439999997,-2.54145755999998,22.369339919999955,100.0,40.72,123.72843479999968,142.99154403999967,102.24265859999976,77.7933269599998,288.9466433999993,2880.000723759998,-0.99741996,-0.0252725599999999,-0.0101698399999997,0.427,1.91463372,4.77930668,10.91778864,-15.08221136,25.97326384,100.0,33.198088600000005,148.82677543999958,89.78137003999974,80.07527619999976,95.44325851999972,255.5938100399993,2581.702795119998,244,X1.6623 Y1.6593 Z0.033
16:36:16.070,5,248,1.64148,1.6765,0.03204,89.25473,59.46834,-25.17868,,185.42,0,0,,2,1,"{""sr"":{""mpox"":89.25473,""mpoy"":59.46834,""mpoz"":-25.17868,""mpoa"":0,""posx"":1.64148,""posy"":1.6765,""posz"":0.03204,""posa"":0,""unit"":0,""stat"":5,""coor"":2,""momo"":1,""dist"":0,""home"":1,""mots"":1,""plan"":0,""line"":248,""path"":2,""frmo"":2,""prbe"":1,""safe"":0,""estp"":0,""spc"":1,""hold"":0,""macs"":5,""cycs"":1,""sps"":12000,""feed"":185.42,""mark"":1069948221}}",5.245760639689322,0.1956471092866102,0.1976138007828277,0.2078531872048959,5.245760639689322,0.1956471092866102,0.1976138007828277,0.2078531872048959,-0.9908648799999998,0.0463797199999997,-0.002480279999999,-1.6771152799999982,-0.8178966400000006,0.96008964,-31.408140160000013,36.0,-38.02305263999999,100.1,33.81,62.86868471999931,49.5871237199996,45.70639235999963,47.86235443999962,144.90369239999882,1530.847920720002,-1.01277916,-0.07781388,0.0450551600000008,5.353044480000005,1.7488688799999963,1.98076096,-1.6347160000000065,8.718484760000035,-51.7841182400002,100.0,32.24455132,52.33588959999975,51.42569995999976,60.52759447999971,29.58115523999986,127.8816089199994,1636.664979320006,-0.9950685600000004,-0.0303424400000001,0.0151594800000001,-5.329192440000003,-8.143203759999999,0.366,-14.413177839999996,37.0,68.0,100.0,32.61537864,85.94107347999912,2.065891039999979,1.652713199999983,1.652713199999983,4.544960839999954,2100.643140960012,-0.9976887600000004,0.1193939199999998,-0.0128483199999999,2.9717604800000004,1.7048562000000014,4.1491658000000005,-6.972649120000016,31.0,38.0,100.0,32.98274348,139.12244792000155,3.220110000000036,2.5760880000000284,2.5760880000000284,7.084242960000079,1773.8027493600075,-0.8874707199999999,0.4002130400000006,-0.0671298400000008,5.680437360000065,1.7346575999999954,1.0999139599999994,11.79812512000001,15.156925680000016,12.198112200000082,100.0,40.69992508,33.917306319997685,40.40765483999724,28.89252063999803,21.9834393599985,81.65277427999442,2321.3787195600166,-1.00487504,-0.01681732,0.00359896,0.465074640000003,2.171873960000004,5.00455988,10.87111836000002,-15.132489279999978,27.00360764,100.0,33.19,21.652046279996892,14.434697519997927,12.759241759998169,15.3368662399978,40.98423043999412,1507.6866034400025,248,X1.6358 Y1.6801 Z0.0318
16:36:16.325,5,251,1.61338,1.69015,0.03103,88.54091,59.81509,-25.20445,,185.42,0,0,,2,1,"{""sr"":{""mpox"":88.54091,""mpoy"":59.81509,""mpoz"":-25.20445,""mpoa"":0,""posx"":1.61338,""posy"":1.69015,""posz"":0.03103,""posa"":0,""unit"":0,""stat"":5,""coor"":2,""momo"":1,""dist"":0,""home"":1,""mots"":1,""plan"":0,""line"":251,""path"":2,""frmo"":2,""prbe"":1,""safe"":0,""estp"":0,""spc"":1,""hold"":0,""macs"":5,""cycs"":1,""sps"":12000,""feed"":185.42,""mark"":1069948221}}",5.283838350356128,0.2064800243428428,0.2101348275436004,0.2078920889635783,5.283838350356128,0.2064800243428428,0.2101348275436004,0.2078920889635783,-0.99029256,0.0432321600000003,-0.0132027200000004,-1.590670360000001,-0.8020445799999995,0.9597545599999974,-31.08082759999997,36.0,-39.47480832000004,100.03635392,33.81,90.0130736800011,63.89816958000078,59.453079340000734,62.23126110000076,187.80505514000228,1677.5643962600209,-1.00602688,-0.0769967399999999,0.0380005399999999,5.292909759999994,1.712675839999997,1.98148064,-3.93676592000002,16.533107120000004,-94.99701897999996,100.0,32.23936762,83.84282242000113,60.83749450000045,71.43641154000056,35.18509822000028,151.46577808000114,1472.2705417399986,-1.0022153200000012,-0.0237633399999998,0.0244576000000006,-5.308502079999997,-8.147278220000006,0.4716473400000047,-14.0,37.43087527999999,67.94315062000003,100.0,32.59918628,117.86560090000172,2.8456220200000417,2.2764973000000337,2.2764973000000337,6.260368900000092,1739.8081205400051,-1.0291910800000004,0.1167829799999999,-0.0097837999999997,2.9246422399999954,1.7518897200000052,3.993370379999998,-6.0,31.0,38.04758011999999,100.0,32.98047586,83.09879881999694,1.9235831199999296,1.5388665799999437,1.5388665799999437,4.231882919999845,1188.2013130800092,-0.862355540000002,0.567085260000003,-0.0451722,2.705121560000036,1.20520925999998,0.9649633400000002,11.413386080000205,4.804670400000081,10.953201600000211,100.0,40.6869832,116.14103648000436,139.81193350000532,99.9691538600038,76.0634872200029,282.54760860001073,1733.4199664999685,-1.00271132,-0.01663152,-0.0151590400000002,0.2833969999999932,1.762061739999991,4.88379954,11.0,-15.210912759999964,27.0,100.0,33.20013104,133.40543970000573,88.37774450000398,78.90869990000355,94.69044028000428,251.73186036001132,1371.3500159800044,251,X1.6127 Y1.6904 Z0.031
16:36:16.583,5,255,1.58262,1.69608,0.02991,87.75968,59.9656,-25.23275,,185.42,0,0,,2,1,"{""sr"":{""mpox"":87.75968,""mpoy"":59.9656,""mpoz"":-25.23275,""mpoa"":0,""posx"":1.58262,""posy"":1.69608,""posz"":0.02991,""posa"":0,""unit"":0,""stat"":5,""coor"":2,""momo"":1,""dist"":0,""home"":1,""mots"":1,""plan"":0,""line"":255,""path"":2,""frmo"":2,""prbe"":1,""safe"":0,""estp"":0,""spc"":1,""hold"":0,""macs"":5,""cycs"":1,""sps"":12000,""feed"":185.42,""mark"":1069948221}}",5.109781561136426,0.1843496862872143,0.203542763990295,0.2050184234340041,5.109781561136426,0.1843496862872143,0.203542763990295,0.2050184234340041,-0.9894571,0.0361629999999999,-0.0032569999999999,-1.6804803,-0.9663757999999998,1.038,-31.825833799999995,36.29337,-39.1741662,100.1,33.8170663,72.94491720000015,53.76665660000013,50.20053310000013,52.36404730000013,158.6689174000004,1468.500819299998,-1.0046812,-0.0757717,0.0310484999999999,5.3687719000000005,1.7769248999999994,2.0410678000000004,-3.0,16.383677699999996,-94.0375126,100.0,32.247673400000004,51.49306790000007,55.82426020000008,64.96788920000009,32.243322900000045,138.1169206000002,1287.7965871000015,-0.9901137000000004,-0.0285835,0.0060971,-5.067715800000003,-8.1378268,0.2106770000000012,-14.462588900000002,37.0,67.4625889,100.0,32.6158329,96.21853850000028,2.3129458000000067,1.8503569000000053,1.8503569000000053,5.088480800000015,1410.1324753000015,-1.0157818,0.1247876,-0.0031787,2.9034336,1.7840747,3.8965119000000006,-5.897607899999998,31.0,39.4355148,100.0,32.9856446,123.51978329999947,2.8224239999999887,2.257939499999991,2.257939499999991,6.209333199999976,1099.7260147999996,-0.9339908000000008,0.2702984999999978,-0.0154479999999996,3.033234600000004,1.5442132999999991,1.1752192999999995,7.846763200000036,-2.037313200000056,-5.398871499999956,100.0,40.68,65.66838480000078,72.42284810000086,51.78421240000062,39.40103130000047,146.72193490000174,1584.4821782000029,-1.0029718,-0.0172818999999999,-0.0080842999999998,0.4819815999999988,1.7596855,4.804814,10.0281619,-15.0,25.661939799999995,100.0,33.2030991,67.27402270000114,38.20082660000065,33.80604130000058,40.9053101000007,108.85545360000188,1131.4986977999986,255,X1.5795 Y1.6963 Z0.0298
16:36:16.840,5,259,1.55145,1.69402,0.0288,86.96807,59.91327,-25.26105,,185.42,0,0,,2,1,"{""sr"":{""mpox"":86.96807,""mpoy"":59.91327,""mpoz"":-25.26105,""mpoa"":0,""posx"":1.55145,""posy"":1.69402,""posz"":0.0288,""posa"":0,""unit"":0,""stat"":5,""coor"":2,""momo"":1,""dist"":0,""home"":1,""mots"":1,""plan"":0,""line"":259,""path"":2,""frmo"":2,""prbe"":1,""safe"":0,""estp"":0,""spc"":1,""hold"":0,""macs"":5,""cycs"":1,""sps"":12000,""feed"":185.42,""mark"":1069948221}}",5.099993050579515,0.2003537644697976,0.1998173861740031,0.2026256225247245,5.099993050579515,0.2003537644697976,0.1998173861740031,0.2026256225247245,-0.98306752,0.03921988,-0.0004749199999994,-1.6647109600000023,-0.8879307999999958,0.9314915199999988,-31.236742240000016,36.74604388000002,-38.52651551999997,100.1,33.81253968,87.59984000000098,58.56966040000065,55.00455036000061,57.55105756000065,173.67177552000194,2238.9536684000186,-1.0050903600000003,-0.0674782800000003,0.0183115199999997,5.079382599999995,2.135292760000004,1.9777941599999984,-3.69412407999998,16.30587592000002,-94.70323068,100.0,32.23990892,65.86919296000089,59.2314043600004,68.31336196000046,34.50829660000022,147.023665040001,2431.15311036001,-0.899027439999998,-0.0030206800000014,0.0114123600000001,-5.294334319999986,-7.928947360000012,0.3663926399999919,-11.50563560000021,30.40775148000056,56.37408632000101,100.0,32.609968,105.45672380000153,2.552148640000035,2.041719000000028,2.041719000000028,5.614727920000076,2590.199151120004,-0.9320539999999982,0.1392911599999984,-0.0045345200000002,2.7943980400000044,1.6680758,3.937707960000001,-5.631290399999976,31.0,38.67088884,100.0,32.985198000000004,105.16393607999746,2.401003439999942,1.9208024399999533,1.9208024399999533,5.2822068799998725,2270.0103900399936,-0.9259064800000016,0.4503501199999873,-0.0284433199999984,2.7877560399999464,1.3923047999999807,1.2475105199999996,11.623994639999964,-1.871280120000292,12.84941340000056,100.0,40.68542816,90.21027360000394,104.45270580000454,74.83982544000324,56.53368116000245,211.05907564000915,3521.228010800043,-1.0075798,-0.0114812399999999,-0.0166766400000009,0.7754944400000056,1.7334161999999944,4.821393839999996,10.0,-15.0,25.0,100.0,33.21504952,126.5767770000068,62.401679800003386,55.285698840003,66.2333615600036,177.35214204000962,2302.7602127200075,259,X1.546 Y1.6929 Z0.0286
16:36:17.098,5,263,1.52178,1.68408,0.02768,86.21427,59.6608,-25.28936,,185.42,0,0,,2,1,"{""sr"":{""mpox"":86.21427,""mpoy"":59.6608,""mpoz"":-25.28936,""mpoa"":0,""posx"":1.52178,""posy"":1.68408,""posz"":0.02768,""posa"":0,""unit"":0,""stat"":5,""coor"":2,""momo"":1,""dist"":0,""home"":1,""mots"":1,""plan"":0,""line"":263,""path"":2,""frmo"":2,""prbe"":1,""safe"":0,""estp"":0,""spc"":1,""hold"":0,""macs"":5,""cycs"":1,""sps"":12000,""feed"":185.42,""mark"":1069948221}}",5.30362974569417,0.2013387509118481,0.1957903623797814,0.1967140630707394,5.30362974569417,0.2013387509118481,0.1957903623797814,0.1967140630707394,-0.9899848000000002,0.0385016000000002,0.0056602000000005,-1.669208799999998,-0.8269867999999984,0.9047244000000034,-31.516231799999996,36.16854560000002,-39.34768619999996,100.1,33.81,78.43549499999887,59.36669119999896,56.26929899999902,58.334226599998985,176.8990637999969,1671.0274590000154,-1.0155658,-0.071722,0.0120311999999998,5.3055962000000045,1.8167867999999967,1.953,-3.0,16.0,-95.24075560000004,100.0,32.2527,49.54192999999946,60.77824379999933,69.46084979999924,35.75190819999961,150.66875559999835,1271.4382292,-0.9827964000000016,-0.0179815999999981,0.0091546000000007,-4.91913900000001,-8.679814599999986,0.1948462000000068,-13.761815999999966,36.24146399999998,67.47964800000001,100.0,32.61,108.23321299999772,2.6017597999999453,2.081407799999956,2.081407799999956,5.72387179999988,1456.295258200009,-0.9920228000000004,0.1034879999999974,-0.0123911999999999,2.840464999999999,1.7426171999999986,4.0479496,-6.0,31.0,38.79482700000002,100.0,32.9741034,102.03603620000396,2.338958600000089,1.871166400000072,1.871166400000072,5.145709000000196,1431.2827363999927,-0.972686799999996,0.4522676000000092,-0.0074529999999996,4.162318799999909,0.852525599999966,1.1823807999999905,13.346482799999906,10.464548400000506,12.74867499999901,100.0,40.6989134,92.58661699999408,109.52319279999298,78.47280299999498,59.27801719999621,221.30459659998584,1652.3623574000144,-1.0045351999999994,-0.0116754,-0.0151226000000004,0.5083963999999934,1.8175970000000257,4.798201199999987,10.0,-15.362256000000052,25.0,100.0,33.22,139.50543439998893,65.99012299999475,58.46493299999536,70.6210085999944,188.708596199985,1426.9144114000026,263,X1.5148 Y1.6804 Z0.0274
16:36:17.355,5,266,1.49576,1.66693,0.02657,85.55351,59.22537,-25.31766,,185.42,0,0,,2,1,"{""sr"":{""mpox"":85.55351,""mpoy"":59.22537,""mpoz"":-25.31766,""mpoa"":0,""posx"":1.49576,""posy"":1.66693,""posz"":0.02657,""posa"":0,""unit"":0,""stat"":5,""coor"":2,""momo"":1,""dist"":0,""home"":1,""mots"":1,""plan"":0,""line"":266,""path"":2,""frmo"":2,""prbe"":1,""safe"":0,""estp"":0,""spc"":1,""hold"":0,""macs"":5,""cycs"":1,""sps"":12000,""feed"":185.42,""mark"":1069948221}}",5.428095397935755,0.2116243760713122,0.2073435068429159,0.2019897660199574,5.428095397935755,0.2116243760713122,0.2073435068429159,0.2019897660199574,-0.9951489,0.0446786799999998,-0.0060560600000002,-1.5766053600000007,-0.9725524600000004,1.0855663199999983,-31.463543100000003,36.0,-39.57365492000002,100.1,33.8188989,80.6564671000008,53.30743546000052,50.9897209200005,52.84389210000053,158.99522040000156,1363.2200891800053,-1.00376962,-0.0658059799999998,0.0212867400000001,5.263249500000001,1.8341926000000015,2.01676392,-3.1429685400000165,16.334374179999987,-94.80859436000004,100.0,32.23763302,57.71474776000009,58.09287356000034,65.3959869000004,34.36869384000021,142.91695344000084,1552.461853520001,-0.9853663200000004,-0.0239590999999997,0.0151074800000006,-5.321554600000005,-8.293297339999997,0.3382783399999996,-13.300204679999988,37.0,68.24534746,100.0,32.61154232,95.43401576000116,2.272238300000028,1.8177911800000224,1.8177911800000224,4.9989249400000615,1445.5488624800014,-1.0267641800000005,0.1348970799999991,0.0002260000000001,2.8442143800000017,1.7703948399999976,4.06321864,-5.422651740000009,31.0,39.0,100.0,32.992516,125.86194627999792,2.8867418199999526,2.3093932999999622,2.3093932999999622,6.350832639999896,1368.190888300003,-0.9683267600000004,0.1835790200000044,0.0316612999999997,3.0812759999999715,1.355927280000011,1.3901878799999945,9.636581660000074,12.05694280000026,6.032769239999834,100.0,40.7143885,58.63131898000324,67.68877408000365,48.49865768000262,36.77239418000197,136.9099107200074,2322.7690453,-1.0056607199999998,-0.0132207800000003,0.0097766599999995,0.4574650000000055,1.5483180000000056,4.853504000000001,10.0,-15.0,25.236472600000027,100.0,33.22,69.79931598000604,35.24398584000279,31.25988306000248,37.695741880003,100.28550560000792,1260.7179294200048,266,X1.4943 Y1.6657 Z0.0265
16:36:17.612,5,270,1.47492,1.6436,0.02545,85.02404,58.63268,-25.34596,,185.42,0,0,,2,1,"{""sr"":{""mpox"":85.02404,""mpoy"":58.63268,""mpoz"":-25.34596,""mpoa"":0,""posx"":1.47492,""posy"":1.6436,""posz"":0.02545,""posa"":0,""unit"":0,""stat"":5,""coor"":2,""momo"":1,""dist"":0,""home"":1,""mots"":1,""plan"":0,""line"":270,""path"":2,""frmo"":2,""prbe"":1,""safe"":0,""estp"":0,""spc"":1,""hold"":0,""macs"":5,""cycs"":1,""sps"":12000,""feed"":185.42,""mark"":1069948221}}",5.272495135594923,0.1937762184683655,0.1959572888150114,0.2032859255720987,5.272495135594923,0.1937762184683655,0.1959572888150114,0.2032859255720987,-0.98862452,0.0467227199999999,-0.0075754799999999,-1.5195743200000007,-0.7858091999999998,1.00689464,-31.490073440000003,36.0,-39.1914266,100.1,33.821209800000005,89.62939939999993,63.94755327999995,62.21548095999994,64.40690667999995,193.37244027999984,1180.2505880800004,-1.006465,-0.07592524,0.0183588,5.2939568800000005,1.7906052399999997,2.03433064,-3.0,16.399072959999998,-94.93421576,100.0,32.24131568,78.13081983999996,65.82254011999997,73.84967895999996,39.60055227999998,162.14820807999993,1184.4536994000005,-1.03076644,-0.02317728,0.0134258799999999,-5.424035999999999,-8.22125724,0.3966877599999999,-13.645933760000002,37.0,68.29186840000001,100.0,32.62,120.07153887999988,2.8725249999999973,2.2980195199999978,2.2980195199999978,6.319554719999994,1306.6473155599997,-1.0131114,0.1331809199999999,-0.00541272,2.7089148800000005,1.7468594,4.07933736,-5.379349680000001,31.0,38.4585516,100.0,32.99541432,82.3188271600002,1.8967467600000048,1.5173979600000036,1.5173979600000036,4.172844080000011,1123.27513216,-1.0331459999999997,0.1993655599999998,0.0273651199999998,2.5721723999999955,1.5047489200000006,1.18577544,7.365493000000007,-0.2333939599999693,11.14953479999994,100.0,40.71,119.84743335999973,144.26079927999965,103.57185607999976,78.41869107999982,290.7409955599993,1837.71359684,-1.00422644,0.0028337199999999,0.0242607199999999,0.5816721199999997,1.4471323200000008,4.734940600000001,11.0,-15.0,25.19093356,100.0,33.22891592,172.33116127999952,93.85171259999971,82.52478139999977,99.51517731999972,266.18287387999925,1188.1205787199997,270,X1.4725 Y1.64 Z0.0253
16:36:17.885,5,274,1.46068,1.6158,0.02434,84.66241,57.92656,-25.37426,,185.42,0,0,,2,1,"{""sr"":{""mpox"":84.66241,""mpoy"":57.92656,""mpoz"":-25.37426,""mpoa"":0,""posx"":1.46068,""posy"":1.6158,""posz"":0.02434,""posa"":0,""unit"":0,""stat"":5,""coor"":2,""momo"":1,""dist"":0,""home"":1,""mots"":1,""plan"":0,""line"":274,""path"":2,""frmo"":2,""prbe"":1,""safe"":0,""estp"":0,""spc"":1,""hold"":0,""macs"":5,""cycs"":1,""sps"":12000,""feed"":185.42,""mark"":1069948221}}",5.192884340031612,0.2014649323826764,0.2066187544992422,0.2107142833607459,5.192884340031612,0.2014649323826764,0.2066187544992422,0.2107142833607459,-0.98842814,0.0344138399999999,-0.0009858799999999,-1.6271959999999983,-0.811656760000001,1.0139551999999994,-31.72111832000001,36.80291288,-39.08179455999999,100.1,33.83,71.47709084000019,54.26042558000015,53.30848830000015,54.73639406000015,164.88223810000048,1424.4652375600022,-1.0038630400000002,-0.0743077,0.03012262,5.515955420000002,1.6597972799999976,2.075,-2.5382538199999884,14.02162651999994,-80.37803479999963,100.0,32.25361812,60.5341238000001,60.5341238000001,67.31394578000011,36.32047448000006,148.67180890000026,1243.425638760002,-0.9991033400000002,-0.0294742399999999,0.0071152000000001,-5.079427579999998,-8.40715914,0.2429724399999994,-13.5303546,37.39208883999999,68.0,100.0,32.61392106,98.15589648000034,2.348227640000008,1.8785815800000063,1.8785815800000063,5.166099680000017,1287.045871380001,-0.9945479000000002,0.12346292,-0.0161059199999999,2.8171694000000014,1.709,3.97409002,-6.433363259999994,31.0,38.450404340000006,100.0,32.98665814,120.7949058999994,2.7479802999999867,2.1983846399999893,2.1983846399999893,6.04555659999997,1179.6126256600005,-0.9356148199999996,0.4175082800000008,-0.0099656399999999,3.04222472000002,1.4755347000000023,1.222112679999999,9.458274299999996,-1.705497520000122,-3.911538199999842,100.0,40.72,65.04025520000089,77.33444976000105,55.12558178000075,41.641626640000574,155.85865976000213,1657.801712900006,-1.01049572,-0.00357024,0.0297774399999998,0.4064956999999996,1.63354192,4.80351122,10.0,-15.0,26.228609999999986,100.03691738,33.24,57.22225280000107,42.8243955800008,38.02511006000071,45.77780264000086,121.8280227600023,1099.716761100001,274,X1.4586 Y1.6094 Z0.0241
16:36:18.127,5,277,1.45405,1.58508,0.02322,84.49404,57.14627,-25.40279,,185.42,0,0,,2,1,"{""sr"":{""mpox"":84.49404,""mpoy"":57.14627,""mpoz"":-25.40279,""mpoa"":0,""posx"":1.45405,""posy"":1.58508,""posz"":0.02322,""posa"":0,""unit"":0,""stat"":5,""coor"":2,""momo"":1,""dist"":0,""home"":1,""mots"":1,""plan"":0,""line"":277,""path"":2,""frmo"":2,""prbe"":1,""safe"":0,""estp"":0,""spc"":1,""hold"":0,""macs"":5,""cycs"":1,""sps"":12000,""feed"":185.42,""mark"":1069948221}}",5.261364421436523,0.1949476337057329,0.1924136958935655,0.2015079090895678,5.261364421436523,0.1949476337057329,0.1924136958935655,0.2015079090895678,-0.99034838,0.0384169400000003,-0.0111800400000004,-1.7655296399999962,-0.8238595599999997,1.0316733599999994,-31.89628471999999,36.54901062,-40.20173652,100.1,33.83554702,76.31249591999963,62.5872269799997,62.03821617999971,63.1362375999997,191.0557458399991,1406.8237012200004,-1.00778942,-0.0728845399999999,-0.00654938,5.472939179999996,1.7435336400000012,2.0150348000000005,-3.0,16.081346140000008,-95.08134614,100.0,32.24081342,60.604969660000165,67.13736105999979,74.50668359999976,40.446485159999874,164.44689443999948,1770.5519006399963,-0.9765507200000002,-0.0297352399999998,0.0112588600000001,-5.639243840000001,-7.899283640000001,0.413673240000001,-13.437071680000004,37.0,67.50993766,100.0,32.59708624,117.50623639999932,2.814640599999984,2.251712279999987,2.251712279999987,6.192208519999964,1741.3237373199963,-0.99993082,0.1109505,-0.0113698999999999,2.877546479999999,1.6517341000000003,4.0729855,-6.0,31.0,38.46055070000001,100.0,32.99061218,87.85425446000119,1.996687280000027,1.5973500800000215,1.5973500800000215,4.392712400000059,1477.0686887399984,-0.9325515600000008,0.4630995999999969,0.0033981400000004,2.930256559999997,1.269080420000018,1.1394624800000015,11.60195419999998,-1.7598345999997838,25.200846119999703,100.0,40.723317,114.34996215999824,136.7990341799979,97.51315759999852,73.66101859999887,275.0011353399958,2530.454266279984,-1.0051016,-0.0089169199999999,0.0206599399999997,0.3204888600000046,1.831,4.911948159999998,10.0,-16.0,24.762852219999985,100.0,33.23237164,184.67428129999652,89.25374481999837,78.57380955999857,94.59371235999828,252.50418451999545,1305.2616719799978,277,X1.454 Y1.5846 Z0.0232
16:36:18.384,5,281,1.45552,1.55385,0.0221,84.53134,56.35292,-25.43109,,185.42,0,0,,2,1,"{""sr"":{""mpox"":84.53134,""mpoy"":56.35292,""mpoz"":-25.43109,""mpoa"":0,""posx"":1.45552,""posy"":1.55385,""posz"":0.0221,""posa"":0,""unit"":0,""stat"":5,""coor"":2,""momo"":1,""dist"":0,""home"":1,""mots"":1,""plan"":0,""line"":281,""path"":2,""frmo"":2,""prbe"":1,""safe"":0,""estp"":0,""spc"":1,""hold"":0,""macs"":5,""cycs"":1,""sps"":12000,""feed"":185.42,""mark"":1069948221}}",5.086214395182478,0.197713233022013,0.2050556427652028,0.2085001292835745,5.086214395182478,0.197713233022013,0.2050556427652028,0.2085001292835745,-0.99039084,0.0445770000000001,-0.0105434399999999,-1.7971526400000015,-0.8893389200000009,0.9385651199999988,-31.81504128000001,36.18495871999999,-39.28730816,100.1,33.8418496,68.31349939999967,53.83844119999969,53.366173999999695,54.7829745999997,164.3489241599991,1592.9961639600049,-1.01013332,-0.07494588,0.0116660799999998,5.376942160000002,1.9631080799999905,2.0926534399999994,-3.0,16.37249312000001,-94.0,100.06275096,32.26144704,72.90384183999976,61.79928347999979,67.59296583999978,37.176130959999874,149.6701385599995,1564.03710224,-1.0157159600000003,-0.0244213999999998,0.02295912,-5.280162959999997,-8.06894876,0.3463161600000016,-13.869337920000008,37.46535332,68.0,100.0,32.605346440000005,95.39739807999936,2.326765599999984,1.8614122799999877,1.8614122799999877,5.118884519999965,1782.2563162,-1.0173864000000004,0.1271528000000001,-0.0046409199999999,2.787271399999999,1.6413388800000004,3.9678814800000017,-6.449013520000011,31.44901352000001,38.89080256,100.0,32.992184,120.90119056000115,2.791055520000027,2.232844880000022,1.6746332400000163,6.14032200000006,1350.7921241600002,-0.9306044400000008,0.2892101200000012,0.0057616400000012,1.52114848000001,1.739764319999988,1.1636329599999995,9.782510080000035,12.33735264000014,12.18507843999961,100.0,40.72940448,62.52848747999826,74.87979375999791,53.650986359998505,40.52772327999888,151.3035007999958,1895.7112862799968,-1.0029814,-0.0102640799999998,-0.0001640399999997,0.4523161999999989,1.8751346000000035,4.847316199999999,10.0,-15.383597679999983,25.647824720000013,100.03521764,33.240314240000004,64.80024815999747,41.204505599998384,36.274052239998575,43.66973259999829,116.21783607999544,1238.5106438800042,281,X1.456 Y1.551 Z0.022
16:36:18.642,5,285,1.46494,1.52408,0.02099,84.77054,55.59679,-25.45939,,185.42,0,0,,2,1,"{""sr"":{""mpox"":84.77054,""mpoy"":55.59679,""mpoz"":-25.45939,""mpoa"":0,""posx"":1.46494,""posy"":1.52408,""posz"":0.02099,""posa"":0,""unit"":0,""stat"":5,""coor"":2,""momo"":1,""dist"":0,""home"":1,""mots"":1,""plan"":0,""line"":285,""path"":2,""frmo"":2,""prbe"":1,""safe"":0,""estp"":0,""spc"":1,""hold"":0,""macs"":5,""cycs"":1,""sps"":12000,""feed"":185.42,""mark"":1069948221}}",5.158064663100872,0.2020820942971661,0.2065304605296559,0.2124494164994959,5.158064663100872,0.2020820942971661,0.2065304605296559,0.2124494164994959,-0.98308324,0.0413158799999999,-0.0219118000000002,-1.630484799999992,-0.9271001999999958,0.9363635999999976,-31.496427919999995,36.72205216000001,-40.22562424000002,100.1,33.852256080000004,67.98224632000056,57.40723000000047,56.90365740000046,58.41437416000047,175.74669508000142,1515.3282230400066,-1.00809124,-0.0730557200000002,0.0340853200000004,5.466887320000001,1.9218817599999936,2.13565844,-3.0,16.497199839999997,-94.71963728,100.0,32.25439308,76.57624840000099,64.35843408000032,70.39203668000034,38.71562008000019,156.37088136000077,1208.6404429599977,-1.02529908,-0.0248026799999997,0.0155929599999998,-5.385164440000001,-8.240410280000003,0.3854621600000015,-13.80507200000001,37.19492799999999,68.19492799999999,100.0,32.61309712,104.854306480001,2.523295640000024,2.01863692000002,2.01863692000002,5.551251040000054,1491.119009320002,-1.02792912,0.1256558399999998,-0.01632488,2.847191759999998,1.5552679199999973,4.039748400000002,-6.0,31.342558840000017,38.0,100.0,32.99,106.87697395999824,2.46260279999996,1.970082439999968,1.970082439999968,5.417726479999911,1182.4220776799964,-1.0014146399999977,0.0864351999999959,0.0056915599999988,2.720981720000033,1.984830639999992,1.1229961599999947,10.136845920000136,8.909589959999794,6.779561160000199,100.0,40.714233320000005,85.61621364000268,98.95456056000316,70.90043288000226,53.5578810000017,199.43934648000632,1530.3106344799962,-0.99485828,-0.0163804,-0.0290195199999996,0.2145171200000012,1.9607247199999915,4.972020280000004,10.954667840000004,-15.48332891999998,25.483328919999977,100.04833304,33.2448336,117.22095332000468,60.40516700000243,53.21710612000214,64.06719568000258,170.45607676000685,955.1790824000018,285,X1.4672 Y1.5193 Z0.0208
16:36:18.912,5,289,1.48158,1.49766,0.01987,85.19326,54.9258,-25.48769,,185.42,0,0,,2,1,"{""sr"":{""mpox"":85.19326,""mpoy"":54.9258,""mpoz"":-25.48769,""mpoa"":0,""posx"":1.48158,""posy"":1.49766,""posz"":0.01987,""posa"":0,""unit"":0,""stat"":5,""coor"":2,""momo"":1,""dist"":0,""home"":1,""mots"":1,""plan"":0,""line"":289,""path"":2,""frmo"":2,""prbe"":1,""safe"":0,""estp"":0,""spc"":1,""hold"":0,""macs"":5,""cycs"":1,""sps"":12000,""feed"":185.42,""mark"":1069948221}}",5.230511694457448,0.2050388763443324,0.2110502265927961,0.2070500784611795,5.230511694457448,0.2050388763443324,0.2110502265927961,0.2070500784611795,-0.98088568,0.0431431599999998,-0.0388774399999998,-1.820425079999998,-0.9888031999999984,0.9738820399999996,-31.94888516,36.0,-40.0,100.1,33.8405112,81.36334799999977,63.7273045199998,63.16829327999981,64.84532711999981,194.5359821199994,1549.3571805199977,-1.00565812,-0.0837327999999999,0.0528070799999999,5.388106839999999,2.1031089199999986,2.071252119999999,-3.464945600000001,16.5350544,-96.0,100.053505,32.24530712,89.35406823999982,68.48695051999987,74.90760139999985,41.19918103999992,166.40188647999966,1791.2718437599976,-1.00447812,-0.0110262000000003,0.0067391599999998,-5.275606600000002,-8.15702524,0.4186110000000004,-5.545906440000028,15.78450276000008,28.938204520000134,100.0,32.6085326,118.69210655999956,2.8669590399999896,2.2935668799999918,2.2935668799999918,6.307310119999976,1922.9574003199973,-1.0268696799999997,0.1443373999999997,-0.02852316,2.8921688000000003,1.7651932799999996,4.09010704,-6.698982800000004,31.0,37.92120176,100.0,32.99157596,83.5593698400008,1.899076560000018,1.5192610000000142,1.5192610000000142,4.177968560000039,1641.3405122399977,-0.9476362800000008,0.3466994800000036,-0.0275808400000004,2.535220200000004,1.776351999999998,1.1347498400000002,12.98673903999994,-5.421414879999896,0.1493287199999365,100.0,40.71901708,122.6926973599988,143.38785111999863,102.736655759999,77.60682615999924,288.9930395999972,2324.3545975999987,-1.00597988,-0.0242760399999999,-0.0212951599999998,0.2819386800000031,2.1131605199999948,4.896231680000001,10.10845672000001,-15.89154327999999,26.18811960000001,100.08118764,33.247321760000005,114.4751946799987,94.17817475999892,82.81184299999906,99.86134031999887,266.296906599997,1496.0644151599972,289,X1.4867 Y1.4919 Z0.0196
16:36:19.156,5,292,1.50446,1.4764,0.01884,85.77442,54.3858,-25.51396,,185.42,0,0,,2,1,"{""sr"":{""mpox"":85.77442,""mpoy"":54.3858,""mpoz"":-25.51396,""mpoa"":0,""posx"":1.50446,""posy"":1.4764,""posz"":0.01884,""posa"":0,""unit"":0,""stat"":5,""coor"":2,""momo"":1,""dist"":0,""home"":1,""mots"":1,""plan"":0,""line"":292,""path"":2,""frmo"":2,""prbe"":1,""safe"":0,""estp"":0,""spc"":1,""hold"":0,""macs"":5,""cycs"":1,""sps"":12000,""feed"":185.42,""mark"":1069948221}}",5.313000044831061,0.2133708263466768,0.2108553586813625,0.20538919160117,5.313000044831061,0.2133708263466768,0.2108553586813625,0.20538919160117,-0.9864375599999996,0.0386406799999995,-0.0044829199999991,-1.737144079999998,-0.9455749200000048,0.8717109199999984,-32.0,36.10162271999998,-39.0,100.1,33.86,67.28731527999892,52.53941079999916,52.07853815999917,53.00028267999915,159.92259155999747,1561.4529950000017,-1.01168784,-0.07967888,0.0597994000000004,5.025944080000001,2.055834959999996,2.002888800000001,-3.6566547999999774,16.0,-95.34334520000002,100.0,32.256866599999995,88.18372471999835,60.73616151999941,66.43017623999935,36.53659707999965,147.5698923999986,2224.53316756002,-0.97748684,-0.0436894000000006,0.0039378400000002,-5.29268503999999,-8.181235760000012,0.4444561599999965,-13.306032240000018,37.0,66.85691632000002,100.0,32.611629640000004,91.31369195999808,2.245581119999953,1.7964651999999626,1.7964651999999626,4.940279159999897,2351.105814520011,-1.00612808,0.1123277999999994,-0.0091957199999997,2.869599200000004,1.8146505599999951,3.94713384,-6.416125679999984,31.0,38.15792479999997,100.0,32.992581720000004,127.28453456000337,2.9193703600000767,2.335496040000061,2.335496040000061,6.42261404000017,2004.3203412400117,-0.9150771200000076,0.4661988000000018,-0.0089951599999979,1.8268266000000224,1.557510600000007,1.0397912000000065,13.391225679999922,2.9673141999996355,11.468140680000207,100.0,40.72335844,54.54148351999508,65.14721895999409,46.67764643999576,35.260092959996804,131.58226407998814,3331.8052618800284,-1.0016464799999998,-0.0211886800000005,-0.0181573200000011,0.5013685199999939,1.986914080000019,4.939652799999999,10.0,-15.0,26.0,100.00712576,33.25,62.13367723999192,33.37676023999548,29.348530719996024,35.39087475999519,94.0166757999872,1385.515919840008,292,X1.5058 Y1.4754 Z0.0188
16:36:19.414,5,296,1.53219,1.46167,0.01774,86.47872,54.01169,-25.54198,,185.42,0,0,,2,1,"{""sr"":{""mpox"":86.47872,""mpoy"":54.01169,""mpoz"":-25.54198,""mpoa"":0,""posx"":1.53219,""posy"":1.46167,""posz"":0.01774,""posa"":0,""unit"":0,""stat"":5,""coor"":2,""momo"":1,""dist"":0,""home"":1,""mots"":1,""plan"":0,""line"":296,""path"":2,""frmo"":2,""prbe"":1,""safe"":0,""estp"":0,""spc"":1,""hold"":0,""macs"":5,""cycs"":1,""sps"":12000,""feed"":185.42,""mark"":1069948221}}",5.136038179861291,0.1887060712760356,0.197602128180054,0.2059754074798219,5.136038179861291,0.1887060712760356,0.197602128180054,0.2059754074798219,-0.9887356,0.0387352000000001,-0.0063988,-1.8231239200000056,-1.019396560000006,0.8850241600000024,-31.567476000000006,36.0,-39.03381527999999,100.1,33.86,86.99289796000087,64.69225940000072,63.5573074000007,65.25973540000072,196.34668120000217,1196.210611959999,-1.00180092,-0.0746736799999999,0.0476034800000003,5.175881199999996,1.917264120000001,1.9634708399999976,-3.541983360000004,17.0,-95.71363835999998,100.0,32.24417928,81.29754904000059,68.8319248000005,75.87771284000056,41.19075876000029,168.01493512000118,1054.8068204799886,-0.995345439999999,-0.0374144000000007,0.0201640799999995,-5.107611279999998,-8.181915039999998,0.1989585199999986,-13.420540079999991,37.42054008,67.57945992000002,100.0,32.615316400000005,119.94827692000158,2.897301440000038,2.31784152000003,2.31784152000003,6.374062720000084,1380.8537044799875,-1.0105487999999996,0.1261077599999997,-0.0138343200000002,2.8239464800000027,1.741170320000004,4.044223840000002,-7.0,31.0,37.052799999999976,100.0,32.98681252,79.32916583999723,1.8351007199999367,1.4680811599999493,1.4680811599999493,4.037221919999861,1073.522211359994,-0.9851397200000018,0.1035243999999973,0.0393032399999994,2.600451879999966,0.7916837599999966,1.1462733999999934,8.627897519999781,18.03818292000008,15.497460079999843,100.0,40.7289382,123.67311360000404,148.8657842000049,106.11458476000348,80.15849944000261,299.2583979200098,1368.0207726799708,-1.00402808,-0.0119416,-0.0061111200000001,0.4173116800000019,1.9008370399999956,4.929893200000005,10.0,-15.158821039999967,26.0,100.0913612,33.26,129.541553240005,96.73557568000372,84.95907084000326,102.62382856000391,273.38314912001056,856.7193814399881,296,X1.5358 Y1.4603 Z0.0176
16:36:19.671,5,300,1.56256,1.45452,0.01662,87.25016,53.83005,-25.57028,,185.42,0,0,,2,1,"{""sr"":{""mpox"":87.25016,""mpoy"":53.83005,""mpoz"":-25.57028,""mpoa"":0,""posx"":1.56256,""posy"":1.45452,""posz"":0.01662,""posa"":0,""unit"":0,""stat"":5,""coor"":2,""momo"":1,""dist"":0,""home"":1,""mots"":1,""plan"":0,""line"":300,""path"":2,""frmo"":2,""prbe"":1,""safe"":0,""estp"":0,""spc"":1,""hold"":0,""macs"":5,""cycs"":1,""sps"":12000,""feed"":185.42,""mark"":1069948221}}",5.378819647569352,0.2078594570057537,0.2079934502804326,0.2059980342670181,5.378819647569352,0.2078594570057537,0.2079934502804326,0.2059980342670181,-0.99444396,0.0420481999999999,-0.0101042399999999,-1.71622698,-0.7993949200000002,0.93461212,-31.60411054,35.965245,-39.74282168,100.1,33.85395928,62.290852440000045,49.09347678000002,47.801543460000026,49.09347678000002,148.1417192000001,1676.1426523599998,-1.00736092,-0.07650912,0.0314282599999999,5.61058234,1.6808974,1.98793434,-4.0,16.54238368,-94.45761632,100.04848424,32.2405445,78.71006824000003,57.202084360000015,63.60871818000002,34.32125058000001,140.48831932000004,1885.51286636,-1.0065027,-0.018739,0.0250394599999999,-5.19820898,-8.3030324,0.4103394399999999,-13.58367634,38.0,67.97585114,100.0,32.61559488,85.76266430000005,2.081618420000001,1.6652947000000011,1.6652947000000011,4.163235900000003,2069.3164288,-1.02727526,0.1380582399999999,-0.00495352,2.81207572,1.74914284,3.9993092,-7.0,31.0,37.38298588,100.0,32.993624520000004,138.36876697999992,3.1877470599999977,2.550197999999998,2.550197999999998,7.013044119999995,1835.9375740399996,-0.9000622200000001,0.4707284599999998,-0.0188450199999999,2.060748399999998,1.2596488600000004,1.05136592,9.882261919999994,3.279829880000011,14.80780455999998,100.0,40.70230234,35.93443472000015,42.72691942000018,30.45662460000013,23.00680220000009,85.89206274000036,2617.807014599999,-1.0034462000000002,-0.0159137999999999,-0.0124936799999999,0.2200419400000003,2.18715884,4.91020078,10.0,-15.0,27.70453362,100.08549816,33.268550080000004,33.643310880000264,16.531626620000132,14.646441760000116,17.54672696000014,46.83960954000037,1507.0490171599995,300,X1.5688 Y1.454 Z0.0164
16:36:19.929,5,303,1.59376,1.45537,0.01551,88.04264,53.8516,-25.59858,,185.42,0,0,,2,1,"{""sr"":{""mpox"":88.04264,""mpoy"":53.8516,""mpoz"":-25.59858,""mpoa"":0,""posx"":1.59376,""posy"":1.45537,""posz"":0.01551,""posa"":0,""unit"":0,""stat"":5,""coor"":2,""momo"":1,""dist"":0,""home"":1,""mots"":1,""plan"":0,""line"":303,""path"":2,""frmo"":2,""prbe"":1,""safe"":0,""estp"":0,""spc"":1,""hold"":0,""macs"":5,""cycs"":1,""sps"":12000,""feed"":185.42,""mark"":1069948221}}",5.2358139798642815,0.2005843574461142,0.2022038374053303,0.186006156069885,5.2358139798642815,0.2005843574461142,0.2022038374053303,0.186006156069885,-0.9903311199999998,0.0385964999999998,0.0088050399999994,-1.6525691200000017,-0.8518721800000039,0.8693960599999996,-31.32989397999998,36.0,-38.91500248000002,100.1,33.86,84.62981943999871,61.844868159999066,59.674872559999095,61.30236961999907,185.5346046999972,1789.2484243800272,-1.00669368,-0.0678553400000003,0.0110802000000001,5.334271280000006,1.7550459399999925,2.069076099999996,-4.0,16.57401548000003,-94.90052721999996,100.0099473,32.26048544,89.71278179999977,65.05726883999937,73.03860555999933,38.78438895999961,160.16509309999847,1731.2820564999952,-1.0409607600000013,-0.0435833599999965,0.0278927600000002,-4.710506780000031,-8.631443299999983,0.1685664000000133,-13.53762536000003,38.08928458000002,67.53762536000004,100.0,32.62089276,113.9255837199979,2.758295759999951,2.2066365399999603,2.2066365399999603,5.97896537999987,1579.5314706799986,-1.0336598799999994,0.1224123399999989,0.0076454000000005,2.9880592599999947,1.662082320000017,4.050187579999996,-7.0,31.0,37.0,100.0,32.99,89.80126770000365,2.0596617600000835,1.6477293200000669,1.6477293200000669,4.531256740000184,1556.287612699989,-0.8118733400000001,0.250163540000008,0.0012511199999919,2.8306693000000656,1.7400822400000178,1.0842078599999991,8.606796100000057,-6.652489120000449,-6.656436679998642,100.0,40.71676312,110.39908977999464,131.83761065999354,94.0054984399954,71.01134765999652,265.109030939987,2502.439322119972,-1.0041394,-0.0058199000000006,-0.003824939999998,0.4131359000000174,1.9563030000000097,4.928572999999998,10.274175880000042,-15.978723359999996,27.409094959999905,100.00212762,33.27,147.91680023999152,82.72269061999516,72.58242747999576,87.80346089999486,232.9683158599864,1575.7504225000316,303,X1.594 Y1.4554 Z0.0155
16:36:20.186,5,307,1.62368,1.46426,0.01439,88.80261,54.07752,-25.62689,,185.42,0,0,,2,1,"{""sr"":{""mpox"":88.80261,""mpoy"":54.07752,""mpoz"":-25.62689,""mpoa"":0,""posx"":1.62368,""posy"":1.46426,""posz"":0.01439,""posa"":0,""unit"":0,""stat"":5,""coor"":2,""momo"":1,""dist"":0,""home"":1,""mots"":1,""plan"":0,""line"":307,""path"":2,""frmo"":2,""prbe"":1,""safe"":0,""estp"":0,""spc"":1,""hold"":0,""macs"":5,""cycs"":1,""sps"":12000,""feed"":185.42,""mark"":1069948221}}",5.267654383825202,0.206011328084296,0.2058005501144725,0.2108646947560327,5.267654383825202,0.206011328084296,0.2058005501144725,0.2108646947560327,-0.994279,0.0467896799999998,-0.01283892,-1.682985759999999,-0.982666239999999,0.8838005200000001,-32.0,36.27322176,-39.0,100.1,33.86,78.54406328000017,54.79462144000014,52.66457024000014,54.31396668000014,163.90320956000045,1338.3171012400005,-0.99934428,-0.07282388,0.0199256399999999,5.339789799999999,1.8082560399999985,2.073207800000001,-4.0,16.48632412,-95.16143012,100.0,32.24704512,90.94263220000016,59.33155688000011,67.11274468000012,35.015345240000066,146.38359468000027,1863.2578874800013,-0.9781947200000002,-0.0053836800000001,0.0037227199999999,-5.421813599999998,-8.2222034,0.3824452000000001,-14.0,38.0,68.0,100.0,32.62325984,97.19539956000033,2.3591113600000084,1.8872891600000063,1.8872891600000063,5.190045560000018,1650.6606576400022,-1.0045273199999998,0.1076218799999999,-0.0230445199999999,2.9114478000000004,1.6704823600000005,4.028,-7.0,31.0,37.0,100.0,32.98336328,117.06729743999944,2.7266060399999863,2.181284799999989,2.181284799999989,5.99853323999997,1582.3025296400006,-0.9051208800000008,0.2812738000000008,-0.0148679599999994,1.9309885600000167,1.6519127999999936,1.1750291599999996,12.81211907999997,2.949077679999924,6.552868280000037,100.0,40.719325,71.02857160000093,79.65053696000103,57.06919916000074,43.10982672000056,160.5327829600021,2438.2900378000004,-1.0012292,-0.0079555999999999,-0.0033001999999997,0.4097211599999997,2.0424886800000026,4.977080999999999,9.651138759999991,-14.476708319999988,24.515762559999988,100.04228032,33.27,53.14435204000094,43.83439220000078,38.79149784000069,46.549797120000825,123.7448766800022,1275.4696285200012,307,X1.6261 Y1.4653 Z0.0143
16:36:20.444,5,311,1.65053,1.48057,0.01327,89.48456,54.49175,-25.65541,,185.42,0,0,,2,1,"{""sr"":{""mpox"":89.48456,""mpoy"":54.49175,""mpoz"":-25.65541,""mpoa"":0,""posx"":1.65053,""posy"":1.48057,""posz"":0.01327,""posa"":0,""unit"":0,""stat"":5,""coor"":2,""momo"":1,""dist"":0,""home"":1,""mots"":1,""plan"":0,""line"":311,""path"":2,""frmo"":2,""prbe"":1,""safe"":0,""estp"":0,""spc"":1,""hold"":0,""macs"":5,""cycs"":1,""sps"":12000,""feed"":185.42,""mark"":1069948221}}",5.240344738740987,0.1976301186930204,0.1811162152879757,0.191728807125284,5.240344738740987,0.1976301186930204,0.1811162152879757,0.191728807125284,-0.99302196,0.0441000799999999,-0.00862628,-1.665532160000002,-0.9158504400000016,0.9522060799999994,-31.798422559999995,36.0,-39.79302136,100.1,33.86,84.54090020000031,56.69213308000021,54.2056355600002,55.697533760000205,169.0817999200006,1555.260341919999,-1.00744088,-0.0799699599999999,0.0412648,5.49120448,1.9368526399999992,2.01400016,-3.2352776399999947,16.0,-96.0,100.026472,32.2502942,86.32295712000013,59.999728720000135,68.49969080000015,35.26456164000009,148.52877144000036,1966.7019345999984,-0.9929404400000004,-0.0670665999999997,0.0036630800000001,-5.208767879999999,-8.1532392,0.4096335999999996,-13.788847240000004,38.0,67.577695,100.0,32.60991668,101.43694804000044,2.4792219600000105,1.9833773600000084,1.9833773600000084,5.454288520000023,2044.2715706000004,-0.99597116,0.1533739600000001,-0.01832644,2.9421656799999987,1.7924238399999992,4.099894,-7.0,31.0,37.3266212,100.0,32.98,111.14656351999922,2.526058239999982,2.020846679999986,2.020846679999986,6.062540079999957,1548.4192869200006,-0.9127547200000004,0.4076404400000005,-0.018297879999999,3.688880959999991,1.2973592800000036,1.3324473599999982,9.13502207999986,4.690175679999922,13.536049599999798,100.0,40.70391008,79.57206040000119,94.03372812000138,66.95697764000099,50.94552688000076,189.3204388400028,2762.529756760006,-0.99937148,-0.00572232,0.0013163999999999,0.3344908000000006,2.0841258799999967,4.88914172,9.94965568,-15.43311168000001,25.05034432,100.1,33.27,95.02906512000176,54.14706276000102,47.862135960000906,57.53125412000109,153.25552604000288,1364.6679463200005,311,X1.6543 Y1.4836 Z0.0131
16:36:20.701,5,315,1.67219,1.50299,0.01216,90.03465,55.06108,-25.68371,,185.42,0,0,,2,1,"{""sr"":{""mpox"":90.03465,""mpoy"":55.06108,""mpoz"":-25.68371,""mpoa"":0,""posx"":1.67219,""posy"":1.50299,""posz"":0.01216,""posa"":0,""unit"":0,""stat"":5,""coor"":2,""momo"":1,""dist"":0,""home"":1,""mots"":1,""plan"":0,""line"":315,""path"":2,""frmo"":2,""prbe"":1,""safe"":0,""estp"":0,""spc"":1,""hold"":0,""macs"":5,""cycs"":1,""sps"":12000,""feed"":185.42,""mark"":1069948221}}",5.213858783820296,0.2058712124007306,0.2047138899392031,0.2078455972396398,5.213858783820296,0.2058712124007306,0.2047138899392031,0.2078455972396398,-0.99313908,0.0412951800000001,-0.0005636399999997,-1.7550510799999977,-0.96515056,0.8250054000000001,-32.475322819999995,36.0,-38.61788243999999,100.1,33.8638214,80.32704846000044,59.81320044000028,56.28301948000026,58.76384642000029,176.95877506000082,1321.363400160003,-1.00878356,-0.07524282,0.0158038200000001,5.338622660000002,1.714479339999997,2.02709188,-3.1863492399999918,16.0,-96.18634923999998,100.05141348,32.26757078,99.7427080200003,60.66824530000017,69.9227228400002,35.475499060000104,150.64233764000045,1252.826946920001,-0.9668710200000008,-0.0533428599999998,0.0094295399999998,-5.272212420000001,-8.105271759999999,0.3859833400000007,-13.529732620000004,38.52973262,67.47026738,100.0,32.6240426,108.5952809400006,2.6486651000000148,2.118932480000012,2.118932480000012,5.8270634800000325,1519.6860459999937,-1.0057303200000007,0.14753684,-0.0095351799999999,2.829654440000002,1.7429350600000022,4.014224479999999,-6.449002459999995,31.0,37.0,100.0,32.982258519999995,98.11108213999896,2.245013959999975,2.245013959999975,1.7960104999999804,5.388032499999941,1236.3107381000002,-0.9968884600000012,0.0926762600000001,0.0137230200000013,2.5271742199999787,1.4812447399999988,1.262947200000002,8.599263620000011,8.848637119999886,7.538851239999948,100.0,40.71,100.67624214000163,115.65782606000192,82.69834176000137,62.922651500001045,233.7127049600039,1666.8173573599936,-1.0052000799999998,-0.0176247799999997,0.0006512000000003,0.3310324799999993,2.0489675200000006,4.870419119999998,10.633007000000012,-15.0,26.05976696,100.0,33.28325756,155.71978230000315,70.26380432000141,62.66771732000126,74.6948549800015,199.397282620004,1187.4809381199962,315,X1.6763 Y1.5089 Z0.0119
16:36:20.958,5,318,1.68733,1.53029,0.01104,90.41928,55.7545,-25.71201,,185.42,0,0,,2,1,"{""sr"":{""mpox"":90.41928,""mpoy"":55.7545,""mpoz"":-25.71201,""mpoa"":0,""posx"":1.68733,""posy"":1.53029,""posz"":0.01104,""posa"":0,""unit"":0,""stat"":5,""coor"":2,""momo"":1,""dist"":0,""home"":1,""mots"":1,""plan"":0,""line"":318,""path"":2,""frmo"":2,""prbe"":1,""safe"":0,""estp"":0,""spc"":1,""hold"":0,""macs"":5,""cycs"":1,""sps"":12000,""feed"":185.42,""mark"":1069948221}}",5.322181443343146,0.2039999888209588,0.204295228062363,0.1974917113579393,5.322181443343146,0.2039999888209588,0.204295228062363,0.1974917113579393,-0.989942,0.0359285999999995,-0.0023937999999998,-1.6317515999999874,-0.8021495999999939,0.8639723999999959,-32.0,35.91590040000002,-37.09759140000001,100.1,33.86,70.83905479999892,51.43727519999922,48.27884639999928,50.08366299999924,151.15339739999771,1554.512781599999,-1.007755,-0.075614,0.0363784000000002,5.595009400000005,1.5034759999999965,2.0498510000000008,-3.470759599999996,16.63847839999998,-95.5292404,100.0109238,32.2432772,78.71823419999959,55.07884479999953,63.66175079999944,32.01163619999973,136.2679293999988,1788.6554338000092,-1.0228322,-0.0292026,0.0255877999999999,-5.3802248000000095,-8.114326999999992,0.4791144000000047,-6.196003999999888,16.817724399999697,30.09487599999946,100.0,32.6146986,91.8490343999983,2.21285859999996,1.770286799999968,1.770286799999968,4.868288999999913,1870.1879556000092,-0.9947364000000004,0.1165052000000001,-0.0103955999999999,2.835655399999994,1.6319158000000034,4.0974340000000025,-7.0,31.0,37.13183759999997,100.0,32.9832792,130.37656120000298,2.9902884000000687,2.9902884000000687,2.3922306000000546,7.176691200000164,1646.5971774000045,-0.9561483999999988,0.3683300000000063,0.0239564000000007,4.068934400000036,2.184230600000041,1.2181918000000078,9.231165200000046,1.5192756000003256,-7.033073600000572,100.0,40.7016298,52.76225519999512,59.94634139999482,42.86318719999629,32.302691399997215,120.97212039998956,2361.8445996000146,-1.0061064000000002,-0.0073369999999994,0.0128528000000009,0.2279037999999965,2.1736548000000133,4.937573200000003,10.0,-15.0,26.075060800000003,100.0180412,33.2910538,40.05503299999623,28.357416999996172,25.03627799999662,30.14572279999594,80.21827939998919,1220.1071537999971,318,X1.6878 Y1.5314 Z0.011
16:36:21.215,5,322,1.695,1.56068,0.00992,90.61413,56.52651,-25.74053,,185.42,0,0,,2,1,"{""sr"":{""mpox"":90.61413,""mpoy"":56.52651,""mpoz"":-25.74053,""mpoa"":0,""posx"":1.695,""posy"":1.56068,""posz"":0.00992,""posa"":0,""unit"":0,""stat"":5,""coor"":2,""momo"":1,""dist"":0,""home"":1,""mots"":1,""plan"":0,""line"":322,""path"":2,""frmo"":2,""prbe"":1,""safe"":0,""estp"":0,""spc"":1,""hold"":0,""macs"":5,""cycs"":1,""sps"":12000,""feed"":185.42,""mark"":1069948221}}",5.165644896210647,0.1982147745752734,0.2026328335464343,0.2108573127227417,5.165644896210647,0.1982147745752734,0.2026328335464343,0.2108573127227417,-0.99574972,0.0411851799999999,-0.0100898599999999,-1.79826834,-1.01243064,0.8476443,-32.0,36.0,-37.88873168000001,100.1,33.86457056,91.96450141999996,64.21880039999998,60.24064471999997,62.53922461999998,189.27190127999992,1363.0084840599998,-1.007154,-0.07176294,0.00277686,5.15741154,1.90709686,1.96036528,-3.5768110600000007,16.54392362,-94.96711256,100.05439248,32.25456074,107.15300499999998,63.09517025999999,73.42972397999998,36.44290017999999,156.65007793999996,1488.4734075199997,-0.9861214,-0.03747838,0.0006836999999999,-4.923030580000001,-8.47818872,0.30717428,-13.38341002,37.41905428,67.92871154,100.0,32.62,120.83672461999994,2.9047287199999987,2.323782999999999,2.323782999999999,6.390404159999997,1600.1034859599995,-0.99834868,0.11357108,-0.0170365,2.8104156,1.80174994,4.00841228,-6.6392943,31.0,37.3607057,100.0,32.98321104,78.3522655200001,1.803526560000002,1.4824216200000029,1.4428218000000017,4.007358640000006,1469.4389274399998,-0.9885519,0.3287863199999997,-0.0230195999999999,2.03678076,1.803095420000001,1.3570325399999998,12.378517399999996,-4.066176980000012,17.692753239999988,100.0,40.6804893,131.13839575999987,148.98563277999983,107.0834239999999,80.7005511599999,301.8511002799996,2094.2094145,-1.00770086,-0.0049232,0.02468516,0.38008108,1.93477892,4.944,10.0,-15.8574244,26.05431806,100.08574254,33.29,204.06694901999973,95.17408089999988,84.02756687999988,101.17605057999988,269.2311843999996,1242.87248942,322,X1.6954 Y1.564 Z0.0098
16:36:21.473,5,326,1.69469,1.59181,0.00881,90.6063,57.31718,-25.76884,,185.42,0,0,,2,1,"{""sr"":{""mpox"":90.6063,""mpoy"":57.31718,""mpoz"":-25.76884,""mpoa"":0,""posx"":1.69469,""posy"":1.59181,""posz"":0.00881,""posa"":0,""unit"":0,""stat"":5,""coor"":2,""momo"":1,""dist"":0,""home"":1,""mots"":1,""plan"":0,""line"":326,""path"":2,""frmo"":2,""prbe"":1,""safe"":0,""estp"":0,""spc"":1,""hold"":0,""macs"":5,""cycs"":1,""sps"":12000,""feed"":185.42,""mark"":1069948221}}",5.3344233754394885,0.2079233663130074,0.2138338678635696,0.2048768073465623,5.3344233754394885,0.2079233663130074,0.2138338678635696,0.2048768073465623,-0.9954230000000002,0.0439404000000001,-0.013826,-1.7362504000000016,-0.9249294000000036,1.0728422000000022,-31.942009000000013,35.4372951,-38.81660010000001,100.1,33.8637926,76.32611099999954,49.41439449999962,45.916030699999645,48.102508199999626,145.56141989999887,1716.9570801000027,-1.0113116,-0.0749606999999999,0.0401649999999997,5.0892402999999975,1.8862486999999992,2.0233958000000003,-4.0,17.0,-95.5385057,100.0,32.250137800000005,84.45338699999964,53.07180069999977,62.30167919999973,30.458598499999862,131.98726029999943,1880.428952800004,-0.9665109999999996,-0.0339807999999999,0.0038726999999999,-5.112699399999993,-8.1364648,0.2773705999999982,-13.040726099999992,37.0,67.61584789999999,100.0,32.6008145,87.52497829999919,2.1243927999999803,1.699513699999984,1.699513699999984,4.673663799999956,1931.0465662000013,-1.0246453,0.1335900999999999,-0.0132611999999999,2.8003863000000013,1.6251285000000004,3.9309567999999993,-6.409122099999986,30.625062900000007,37.0,100.0,32.98,135.6044763000015,3.1253143000000336,2.5002515000000267,2.5002515000000267,6.875692400000074,1545.7636145000022,-0.8741072000000011,0.4241411999999993,-0.002731399999998,0.956542999999966,1.5748261999999884,1.221,14.155745400000065,4.047542199999892,21.044880399999798,100.0,40.6901848,40.09090799999778,46.9356970999974,33.73503219999814,25.4235022999986,94.84922169999476,2618.779798700009,-1.0033918,-0.0077091999999997,0.0202873000000002,0.4064331000000019,1.9673496000000048,4.904118499999998,10.0,-14.822374900000018,25.9909578,100.0,33.29,22.5584187999978,19.538787399998093,17.407283399998303,20.959790099997957,55.77435769999456,1351.958049299999,326,X1.6938 Y1.5975 Z0.0086
16:36:21.730,5,330,1.6864,1.62192,0.00769,90.39569,58.08194,-25.79714,,185.42,0,0,,2,1,"{""sr"":{""mpox"":90.39569,""mpoy"":58.08194,""mpoz"":-25.79714,""mpoa"":0,""posx"":1.6864,""posy"":1.62192,""posz"":0.00769,""posa"":0,""unit"":0,""stat"":5,""coor"":2,""momo"":1,""dist"":0,""home"":1,""mots"":1,""plan"":0,""line"":330,""path"":2,""frmo"":2,""prbe"":1,""safe"":0,""estp"":0,""spc"":1,""hold"":0,""macs"":5,""cycs"":1,""sps"":12000,""feed"":185.42,""mark"":1069948221}}",5.069122784957279,0.195480479318659,0.2036707558599195,0.1970758859907939,5.069122784957279,0.195480479318659,0.2036707558599195,0.1970758859907939,-0.98479564,0.0359224,-0.0101824400000001,-1.7495427599999993,-0.8509535999999996,0.9289626400000002,-32.0,36.0,-39.13828368,100.1,33.86539776,92.83649799999984,60.99142043999991,56.67344359999991,59.37217927999991,179.1960311199997,1586.409619319999,-1.0092268800000002,-0.07335456,0.00118024,5.36729372,1.784377840000001,1.97171768,-3.5238722799999995,16.415362039999998,-95.78297976,100.01085112,32.26,68.06960963999998,60.24532131999994,70.19889627999993,34.57557547999997,149.82749447999984,1657.1740175199989,-0.98199428,-0.0446328400000001,0.0110352,-5.443784799999999,-7.903356320000002,0.4820346399999996,-14.0,37.0,68.45110104,100.0,32.61901856,114.09955611999978,2.7427773599999945,2.194222439999996,2.194222439999996,6.034111399999988,1663.1195149599992,-1.02551168,0.1470270399999999,-0.0078975199999999,2.71650728,1.7295731200000009,4.06410308,-7.0,31.0,38.0,100.0,32.9800022,90.8025981600004,2.092225960000009,1.6737807200000072,1.6737807200000072,4.60289640000002,1491.8070833599993,-0.9759065200000006,0.3703479200000003,0.02319544,1.5625660800000096,1.5116094400000029,1.1427611200000003,7.884838840000002,10.483913679999956,3.963725919999993,100.0,40.69574892,108.7160621199994,126.71757631999932,90.89166479999952,68.99805211999963,256.70808747999865,1951.5493746,-1.00391096,-0.00451584,-0.0021774400000001,0.5428051200000009,2.009222079999999,4.993383959999999,9.708014239999995,-15.0,26.0,100.0,33.3,144.13157235999907,77.88153999999949,69.38537207999956,83.54565243999946,222.33888147999855,1438.0837669599998,330,X1.683 Y1.6293 Z0.0074
16:36:21.988,5,333,1.67054,1.64897,0.00657,89.99292,58.76904,-25.82566,,185.42,0,0,,2,1,"{""sr"":{""mpox"":89.99292,""mpoy"":58.76904,""mpoz"":-25.82566,""mpoa"":0,""posx"":1.67054,""posy"":1.64897,""posz"":0.00657,""posa"":0,""unit"":0,""stat"":5,""coor"":2,""momo"":1,""dist"":0,""home"":1,""mots"":1,""plan"":0,""line"":333,""path"":2,""frmo"":2,""prbe"":1,""safe"":0,""estp"":0,""spc"":1,""hold"":0,""macs"":5,""cycs"":1,""sps"":12000,""feed"":185.42,""mark"":1069948221}}",5.313079112963614,0.2044457496951857,0.2025893847989657,0.2033618493122447,5.313079112963614,0.2044457496951857,0.2025893847989657,0.2033618493122447,-0.993935,0.0387769999999999,-0.0071119999999993,-1.6563987999999967,-0.9286009999999988,1.0088003999999997,-32.515495200000004,36.0,-38.7472368,100.1,33.8623176,81.4173025999998,54.749029599999744,50.87299199999976,53.29551579999975,160.85555539999925,1833.9776501999984,-1.0086184,-0.0792119999999999,0.0462893999999999,5.258055400000001,1.8749691999999984,1.9939521999999996,-3.689055999999995,16.671346399999994,-95.0,100.0,32.261802,67.2868977999998,56.48170299999984,66.30460739999981,32.415585999999905,139.9763935999996,1924.204144199998,-1.0001911999999995,-0.0188808000000001,0.0276757999999999,-5.170063600000002,-8.049654799999999,0.3877734000000005,-14.0,37.51869260000001,68.16175439999999,100.0,32.6135694,99.63061899999944,2.4065367999999867,1.9252293999999888,1.9252293999999888,5.29438059999997,1979.094900399996,-0.9832931999999998,0.1338313999999999,-0.0089438,2.8931590000000007,1.7046458000000009,4.0113452,-6.467434199999995,31.39605220000001,38.4674342,100.0,32.9860394,116.631862800001,2.6628282000000225,2.130262400000018,2.130262400000018,5.85822160000005,1491.7778875999966,-1.0173292000000005,0.3629764000000012,0.0044281999999989,3.4498117999999938,1.9594852000000025,1.1093887999999985,10.37218560000006,-2.223209200000066,2.467829200000025,100.0,40.6751064,74.15008259999848,82.8736215999983,59.75624279999878,45.36240359999906,167.49195139999657,2524.1138715999978,-1.0061754,-0.0057787999999996,0.0473357999999998,0.5663882000000029,2.1042706000000027,4.849865599999999,10.0,-15.456809799999988,27.9625684,100.1,33.300374399999995,76.3267485999979,46.55092939999872,41.51839639999886,49.48657319999864,132.52336559999634,1393.3522902000009,333,X1.6694 Y1.6505 Z0.0065
16:36:22.245,5,337,1.64845,1.67098,0.00555,89.43166,59.32806,-25.85142,,185.42,0,0,,2,1,"{""sr"":{""mpox"":89.43166,""mpoy"":59.32806,""mpoz"":-25.85142,""mpoa"":0,""posx"":1.64845,""posy"":1.67098,""posz"":0.00555,""posa"":0,""unit"":0,""stat"":5,""coor"":2,""momo"":1,""dist"":0,""home"":1,""mots"":1,""plan"":0,""line"":337,""path"":2,""frmo"":2,""prbe"":1,""safe"":0,""estp"":0,""spc"":1,""hold"":0,""macs"":5,""cycs"":1,""sps"":12000,""feed"":185.42,""mark"":1069948221}}",5.260413986014977,0.1932742137502731,0.1967082843511819,0.2021641696297733,5.260413986014977,0.1932742137502731,0.1967082843511819,0.2021641696297733,-0.99049376,0.0424064799999999,-0.0229165600000003,-1.6257809400000012,-0.8776421799999992,1.0451781200000008,-32.19417796,35.80582204,-37.817878500000006,100.1,33.88,78.04752391999969,55.32482769999978,51.86702541999979,54.33688361999978,163.99859593999935,1695.7877406399934,-1.0062494,-0.0742346399999999,0.0211367600000001,5.325209859999998,1.7543682399999994,1.99910518,-3.496981879999999,16.25280035999999,-94.7497827,100.07471978,32.28,67.62407633999977,57.39715317999986,67.09261825999984,33.04501759999992,142.38113665999967,1394.2143904599986,-1.0079787800000002,-0.0309507799999998,0.0185475600000001,-5.058180479999995,-8.250774400000005,0.4172971799999989,-14.783002619999994,37.0,67.54985777999998,100.0,32.6070894,102.32062429999948,2.4596304999999874,1.96770399999999,1.96770399999999,5.411186499999973,1743.3324312799996,-1.00385106,0.11925908,-0.01782682,2.913227800000001,1.7386584999999997,3.8746585,-6.302550279999991,31.0,37.81634708,100.0,32.99486196,112.00768932000088,2.5689834600000205,2.055186660000016,2.055186660000016,5.651764180000044,1400.6499299199984,-0.8981718199999988,0.2085087599999995,0.0175578200000003,1.729674839999985,1.9165553199999987,1.21492068,10.37640787999999,-4.265488760000071,0.2874036000002768,100.0,40.65653206,79.12636973999867,89.02406813999848,64.1690551599989,48.93499015999916,179.75308079999695,1746.5288894399996,-1.00217062,-0.01892632,-0.0091788600000001,0.4016986200000007,2.0772038799999977,4.875777959999999,10.0,-15.414776939999989,26.05205006,100.00520506,33.31,114.47508659999744,51.81779495999886,46.21587163999898,55.55241119999877,147.98415401999674,1398.9160956399971,337,X1.645 Y1.6736 Z0.0054
16:36:22.503,5,341,1.62122,1.68661,0.00443,88.74005,59.7251,-25.87994,,185.42,0,0,,2,1,"{""sr"":{""mpox"":88.74005,""mpoy"":59.7251,""mpoz"":-25.87994,""mpoa"":0,""posx"":1.62122,""posy"":1.68661,""posz"":0.00443,""posa"":0,""unit"":0,""stat"":5,""coor"":2,""momo"":1,""dist"":0,""home"":1,""mots"":1,""plan"":0,""line"":341,""path"":2,""frmo"":2,""prbe"":1,""safe"":0,""estp"":0,""spc"":1,""hold"":0,""macs"":5,""cycs"":1,""sps"":12000,""feed"":185.42,""mark"":1069948221}}",5.33899172609507,0.2024750468586026,0.2077804149141574,0.2123642867886946,5.33899172609507,0.2024750468586026,0.2077804149141574,0.2123642867886946,-0.9885595,0.0364001999999999,-0.0043083999999999,-1.644256099999999,-0.898566,0.8505803000000001,-32.4055835,35.5944165,-38.6581472,100.1,33.8887373,82.28608269999984,60.10076449999987,56.25142689999988,58.50516929999988,177.11110379999965,1357.4654706000006,-1.005649,-0.0762658999999999,0.0286811,5.3979359,1.8109705,2.0163018,-3.5188713,16.835824999999996,-95.8472213,100.1,32.2764531,70.56648009999991,60.70792779999992,70.0476090999999,34.76436939999996,149.9537701999998,1325.3275557000018,-0.9888618,-0.0276468,0.0061260999999999,-5.327880099999998,-8.1488268,0.3597263999999996,-14.0,37.0,68.0,100.0,32.614625100000005,110.71640479999972,2.6872913999999937,2.1498329999999948,2.1498329999999948,5.912040899999986,1524.7608039000002,-1.0288308,0.1403936999999999,-0.0093323999999999,2.883731800000001,1.7897605,3.8862395,-6.0,31.0,37.1978749,100.0,33.0063488,95.4567995000005,2.1848379000000118,1.747870300000009,1.747870300000009,4.806643000000025,1219.1834553,-0.9849756000000004,0.3182550000000006,-0.0121628999999999,2.575606300000012,1.7152882000000094,1.231261599999998,11.848021600000024,9.499487299999949,11.424125700000015,100.0,40.6537503,101.86803519999928,116.24205259999918,83.7442742999994,64.37059859999954,234.98393419999832,1656.2466951,-1.0000502999999998,-0.0157256,-0.0161907999999999,0.4490270000000014,2.1804262,4.920330800000001,10.0,-15.271700700000006,27.0,100.0931428,33.3165969,128.6462926999989,73.88915299999935,65.31273359999943,78.50722479999932,210.4521409999981,1294.5401226999995,341,X1.6152 Y1.689 Z0.0042
16:36:22.760,5,344,1.59117,1.69482,0.00332,87.97695,59.93367,-25.90825,,185.42,0,0,,2,1,"{""sr"":{""mpox"":87.97695,""mpoy"":59.93367,""mpoz"":-25.90825,""mpoa"":0,""posx"":1.59117,""posy"":1.69482,""posz"":0.00332,""posa"":0,""unit"":0,""stat"":5,""coor"":2,""momo"":1,""dist"":0,""home"":1,""mots"":1,""plan"":0,""line"":344,""path"":2,""frmo"":2,""prbe"":1,""safe"":0,""estp"":0,""spc"":1,""hold"":0,""macs"":5,""cycs"":1,""sps"":12000,""feed"":185.42,""mark"":1069948221}}",5.265737307439633,0.1982837011418818,0.1997506754457017,0.2024225724919796,5.265737307439633,0.1982837011418818,0.1997506754457017,0.2024225724919796,-0.99338584,0.0434288,-0.00139612,-1.5702141200000002,-0.948739079999998,0.9090438799999996,-32.48511344000001,36.0,-38.44751487999999,100.1,33.89067376,71.6023344399995,50.56914839999965,47.43654659999967,49.67411947999965,149.91738719999896,1165.66956544,-1.01570036,-0.0759240799999999,0.0201408399999999,5.372900759999993,1.6857453600000027,2.0571849999999987,-2.912107840000011,16.0,-95.37993788,100.04678332,32.26707956,59.18191899999968,55.11607807999978,63.15708379999974,31.812456919999867,136.51854155999945,1310.4152121199998,-0.9982534400000004,-0.0418091200000002,-0.00010672,-5.557268039999999,-7.868669159999996,0.5369343600000017,-13.436225839999995,36.34149528000001,68.43622583999999,100.0,32.61563804,91.07649283999925,2.181129519999981,1.7449036799999853,1.7449036799999853,4.79848571999996,1332.8184904800005,-1.0165932000000004,0.1312625600000001,-0.0072655999999999,2.8849639200000032,1.6222413600000007,4.082518799999998,-6.0,31.0,37.39420687999999,100.0,32.996830960000004,133.27454612000136,3.0289671200000314,2.423173160000025,1.8173800400000184,6.663727200000069,1206.0856753999974,-0.9570490399999996,0.1415480400000007,-0.0335293600000003,2.434017039999969,1.5751456400000017,1.243477079999996,10.260312959999968,8.67370756000004,13.693836199999792,100.0,40.67,46.12497711999791,53.66123579999763,38.5465560399983,29.360424719998697,108.2995630799952,1456.2652111199943,-0.9990462,-0.01353604,-0.0149148800000002,0.5728366000000017,2.035454360000005,4.874944280000002,10.0,-15.0,25.774907920000015,100.1,33.31,36.75599523999735,25.210280719998188,22.50917931999838,27.011014479998057,72.1089017999948,1152.5208454799972,344,X1.5907 Y1.6949 Z0.0033
16:36:23.017,5,348,1.55984,1.69491,0.00219,87.18107,59.93606,-25.93676,,185.42,0,0,,2,1,"{""sr"":{""mpox"":87.18107,""mpoy"":59.93606,""mpoz"":-25.93676,""mpoa"":0,""posx"":1.55984,""posy"":1.69491,""posz"":0.00219,""posa"":0,""unit"":0,""stat"":5,""coor"":2,""momo"":1,""dist"":0,""home"":1,""mots"":1,""plan"":0,""line"":348,""path"":2,""frmo"":2,""prbe"":1,""safe"":0,""estp"":0,""spc"":1,""hold"":0,""macs"":5,""cycs"":1,""sps"":12000,""feed"":185.42,""mark"":1069948221}}",5.137076760612947,0.2007748624768897,0.2049323563013882,0.2088151429391926,5.137076760612947,0.2007748624768897,0.2049323563013882,0.2088151429391926,-0.9812444600000002,0.0339527600000002,0.0297695999999993,-1.6226827800000003,-0.9580093599999968,0.8373068800000028,-32.423478720000006,36.0,-38.14459199999998,100.1,33.9,92.2518331999994,65.14688923999957,62.255833239999575,64.56191737999957,194.28762511999872,1499.149567440004,-0.99714302,-0.0738835199999999,0.0536857399999998,5.295603740000002,1.802517579999999,1.9332312000000027,-3.0,15.455964460000002,-95.66496854000005,100.04559626,32.26455972,75.07684821999969,64.74018085999973,73.4447425999997,37.53842361999984,159.94632827999934,1770.012975499996,-0.9539346400000012,-0.0603692399999994,0.0291320599999999,-5.177480660000003,-8.397178539999995,0.3900815399999994,-13.8337669199998,35.572543519999485,66.59922937999903,100.0,32.61605256,124.01083895999903,2.966765999999977,2.3734131999999817,2.3734131999999817,6.52688579999995,1873.4559923799948,-0.9597994600000006,0.0983190200000001,-0.0210755599999999,2.869,1.710599760000002,3.92852776,-6.0,31.0,38.33576955999999,100.0,32.99697722,76.06942926000167,1.7444107200000378,1.3955283800000302,1.0597598000000386,3.837703760000084,1743.381996539996,-1.051523359999998,0.1982415200000033,0.0253162199999994,3.770452239999989,1.153277760000011,1.180142239999997,10.390001799999936,4.524722020000143,-2.106854019999995,100.0,40.6780212,132.35123957999747,153.20658607999707,109.89163527999791,83.4213869799984,309.6216877799941,1999.7984284599947,-1.0007045999999995,-0.0072244600000001,-0.0076794999999998,0.6007993799999961,1.7266527399999996,5.047241699999999,10.88541353999998,-15.88541353999998,26.11458646000002,100.08854146,33.320783080000005,156.71822379999657,100.05174787999778,89.42678351999804,107.13505711999764,285.9886231799937,1397.1247867799973,348,X1.5572 Y1.6946 Z0.0021
16:36:23.275,5,352,1.5295,1.68693,0.00107,86.41043,59.73323,-25.96529,,185.42,0,0,,2,1,"{""sr"":{""mpox"":86.41043,""mpoy"":59.73323,""mpoz"":-25.96529,""mpoa"":0,""posx"":1.5295,""posy"":1.68693,""posz"":0.00107,""posa"":0,""unit"":0,""stat"":5,""coor"":2,""momo"":1,""dist"":0,""home"":1,""mots"":1,""plan"":0,""line"":352,""path"":2,""frmo"":2,""prbe"":1,""safe"":0,""estp"":0,""spc"":1,""hold"":0,""macs"":5,""cycs"":1,""sps"":12000,""feed"":185.42,""mark"":1069948221}}",5.34071582816482,0.2043651165098556,0.2070115544381157,0.2069452438861352,5.34071582816482,0.2043651165098556,0.2070115544381157,0.2069452438861352,-0.99554856,0.03961974,0.0024925199999997,-1.699153519999998,-0.8150090000000023,0.9500796799999998,-31.720094680000024,36.0,-39.0,100.1,33.89558692,69.16411564000056,49.86953150000048,48.10423778000046,49.42820800000048,149.68930338000146,1069.552533819998,-1.0081166,-0.0840108199999997,0.0207924399999997,5.54184968,1.8875445000000013,2.0060010999999998,-3.0630723800000124,16.936927619999988,-95.0,100.04709532,32.26475964,63.83822980000036,56.38267004000032,63.372257100000354,33.08404622000018,139.32577108000078,1289.875334799989,-1.0199753799999995,-0.0727775399999987,0.0282915600000001,-5.739147580000002,-7.955563639999998,0.4235415799999993,-13.510123619999984,36.48987638000001,67.51012361999997,100.0,32.619433,90.10187244000106,2.165910340000025,1.7327285000000203,1.7327285000000203,4.765002660000056,1408.9385574799858,-1.044213119999999,0.1149362600000001,-0.0173045800000001,2.8063130600000035,1.6532893199999972,3.871941640000005,-6.0,31.0,38.13454123999997,100.0,33.00134512,133.0043524999982,3.075482879999957,2.4603870199999656,1.8452901599999745,6.7660633399999055,1118.6470883199945,-0.8875055400000037,0.2328076199999963,-0.0081055600000002,3.171904039999958,1.3252537200000185,1.2455828999999972,9.18280509999995,-6.847083839999697,-0.0372198200002303,100.0,40.6797389,44.67330652000279,52.02805834000325,37.31855470000233,28.32941408000177,104.87331144000652,2072.33115779998,-1.00068898,-0.0094262999999999,-0.0144378799999997,0.4594374999999966,1.6100762200000096,4.930524459999998,10.0,-15.986798279999997,26.01320172,100.0013202,33.33,33.85713908000357,23.6792260600025,20.97896348000221,25.34092600000267,67.50656592000712,955.558372719996,352,X1.5251 Y1.6851 Z0.0009
16:36:23.532,5,356,1.50236,1.67166,-4e-05,85.721,59.34533,-25.99359,,185.42,0,0,,2,1,"{""sr"":{""mpox"":85.721,""mpoy"":59.34533,""mpoz"":-25.99359,""mpoa"":0,""posx"":1.50236,""posy"":1.67166,""posz"":-0.00004,""posa"":0,""unit"":0,""stat"":5,""coor"":2,""momo"":1,""dist"":0,""home"":1,""mots"":1,""plan"":0,""line"":356,""path"":2,""frmo"":2,""prbe"":1,""safe"":0,""estp"":0,""spc"":1,""hold"":0,""macs"":5,""cycs"":1,""sps"":12000,""feed"":185.42,""mark"":1069948221}}",5.068548975021172,0.1829937183657873,0.196890513631456,0.2076461217793294,5.068548975021172,0.1829937183657873,0.196890513631456,0.2076461217793294,-0.99272516,0.0451235200000001,-0.0045450800000001,-1.7244497599999986,-0.8228194399999982,0.977,-32.5354258,36.16206259999999,-38.83793740000001,100.1,33.9,87.27436992000044,60.50309048000031,58.896814240000296,60.50309048000031,183.1155491200009,1473.0367039999935,-1.00393988,-0.0740444399999998,0.03577476,5.418158639999999,1.7277259600000012,2.0078771199999985,-1.819549199999972,9.70426383999985,-57.61906519999911,100.039348,32.26913492,68.79512056000057,64.08882812000019,71.24255440000022,37.56787780000011,157.29870068000048,1439.4745999599977,-1.0297796799999994,-0.04617084,0.0126629599999999,-5.757881200000012,-7.800270319999992,0.4262118400000043,-13.0,36.45951028,67.03278499999999,100.0,32.6068702,113.61656076000068,2.702447160000016,2.1619581600000126,2.1619581600000126,5.945385040000034,1549.9351047999955,-1.0245876800000004,0.1243471200000001,-0.0015495999999998,2.8256338399999987,1.783970080000003,3.93221324,-6.0,30.52608591999999,37.52608591999999,100.0,32.99096348,94.10988007999885,2.148627839999973,1.7189019599999786,1.7189019599999786,4.726980279999942,1351.2146048799966,-0.9308967600000008,0.34763484,0.0225594400000014,1.947312359999955,1.7403332400000195,1.2043389599999987,11.828269119999971,1.8168367600000488,5.377418279999927,100.0,40.68,110.4073650400019,122.27112296000207,87.26006420000148,66.25342912000113,246.45194036000416,1983.469521479995,-1.0016847599999998,-0.0131889199999999,0.0051266399999996,0.6289688399999965,1.7619298400000003,4.962594560000001,10.0,-15.0,27.0,100.002646,33.333476080000004,148.32957664000304,78.0705836000016,69.24521312000141,82.8491656000017,222.01846676000451,1279.9314314799965,356,X1.4967 Y1.6672 Z-0.0003
16:36:23.790,5,359,1.48001,1.64974,-0.00117,85.15328,58.78871,-26.02211,,185.42,0,0,,2,1,"{""sr"":{""mpox"":85.15328,""mpoy"":58.78871,""mpoz"":-26.02211,""mpoa"":0,""posx"":1.48001,""posy"":1.64974,""posz"":-0.00117,""posa"":0,""unit"":0,""stat"":5,""coor"":2,""momo"":1,""dist"":0,""home"":1,""mots"":1,""plan"":0,""line"":359,""path"":2,""frmo"":2,""prbe"":1,""safe"":0,""estp"":0,""spc"":1,""hold"":0,""macs"":5,""cycs"":1,""sps"":12000,""feed"":185.42,""mark"":1069948221}}",5.39618032436407,0.2037057484511905,0.2081349531637418,0.2036201632218925,5.39618032436407,0.2037057484511905,0.2081349531637418,0.2036201632218925,-0.98945728,0.0433062400000003,-1.279999999858246e-06,-1.6428681600000083,-0.8358894399999992,0.9925120800000016,-32.0,36.0,-39.27109559999999,100.1,33.9,70.6614153999989,55.54357179999936,54.56049963999937,55.797739559999336,168.851026479998,1714.5557700400034,-1.00693048,-0.0735045200000003,0.0002784800000002,5.346562679999996,1.730112679999991,2.04489996,-2.506558800000003,16.0,-95.5065588,100.03067624,32.27,59.706363599999584,62.17356903999956,68.58830207999952,36.51463543999974,151.97983559999892,2008.443836719998,-0.9427678799999988,-0.0748520000000022,0.0047268000000004,-4.984673119999999,-8.200614999999999,0.4054037999999978,-13.666769759999978,36.66676975999998,67.48959672,100.0,32.63156068,102.32566383999853,2.4479824799999648,1.958385759999972,1.958385759999972,5.385561559999921,1979.768883600001,-1.0068869599999983,0.0939430799999972,-0.0076987599999996,2.776390599999999,1.8534112000000011,4.053375799999997,-6.0,31.0,38.48181635999999,100.0,32.99783372,113.84960200000256,2.590918080000058,2.0727344400000463,1.921947320000059,5.700019800000128,1911.61312492,-0.8411797199999939,0.440579640000009,0.0082986399999985,1.4937092399999723,0.8302229200000063,1.1091069599999923,15.215412399999996,12.25523263999955,17.420098720000425,100.0,40.674585840000006,73.58707463999626,89.68424755999544,64.38869043999672,48.75143703999751,180.28833359999084,2447.583510560004,-0.99922256,-0.0144428000000006,0.0130350399999993,0.5735051599999943,1.8602102000000065,4.966835839999999,10.0,-15.0,26.506223200000036,100.04937768,33.3445394,60.378185679996,52.20670175999654,46.305074679996935,55.8384721199963,149.3565646799901,1460.558150440008,359,X1.4794 Y1.649 Z-0.0012
16:36:24.047,5,363,1.46406,1.62298,-0.00228,84.74826,58.10893,-26.05041,,185.42,0,0,,2,1,"{""sr"":{""mpox"":84.74826,""mpoy"":58.10893,""mpoz"":-26.05041,""mpoa"":0,""posx"":1.46406,""posy"":1.62298,""posz"":-0.00228,""posa"":0,""unit"":0,""stat"":5,""coor"":2,""momo"":1,""dist"":0,""home"":1,""mots"":1,""plan"":0,""line"":363,""path"":2,""frmo"":2,""prbe"":1,""safe"":0,""estp"":0,""spc"":1,""hold"":0,""macs"":5,""cycs"":1,""sps"":12000,""feed"":185.42,""mark"":1069948221}}",5.221322359326104,0.2013383496962438,0.1876081616786283,0.1838879486070684,5.221322359326104,0.2013383496962438,0.1876081616786283,0.1838879486070684,-0.99285388,0.04015228,-0.0033575399999999,-1.7951904400000007,-0.8661650000000011,0.8965825000000002,-32.0,36.0,-38.48756518,100.1,33.89335182,73.62234490000023,54.60730212000017,54.60730212000017,55.58243264000018,167.7224282800005,1512.7652938999986,-1.00191736,-0.07450852,0.0332658799999999,5.246963600000001,1.99901078,2.0269652800000006,-3.5083447999999997,16.0,-95.73758248,100.07375848,32.28,80.96026706000012,62.70265720000011,68.83175996000013,37.36581260000007,152.67560038000028,1671.9899551799977,-1.0016068000000002,-0.0242503599999999,0.0230488400000001,-5.262069420000002,-8.287688619999999,0.2887508400000004,-13.515391599999996,37.0,67.0,100.0,32.61249018,100.8119511600004,2.423042160000009,1.9384337600000077,1.9384337600000077,5.33069230000002,1717.888625619998,-1.0098628399999998,0.1264001799999998,-0.015183,2.8264022000000013,1.6969557200000005,4.084204799999999,-6.0,31.197444179999994,37.52649948,100.0,32.99197432,114.7768658799993,2.6324971399999844,2.1059976599999874,2.1059976599999874,5.791493339999966,1579.8358663799982,-0.8738731000000008,0.4753192599999973,-0.0443990199999995,2.4945093799999865,1.13334872,1.1100719599999975,9.75256425999997,6.220678540000007,2.993790959999989,100.0,40.67342258,72.025177720001,87.64999244000124,62.82096526000088,47.64563712000067,176.5412120000025,2599.023723299999,-1.00680392,-0.00613874,0.0092316199999998,0.4534257000000005,1.948029960000002,4.970425700000001,10.0,-15.0,25.51234661999999,100.00544446,33.34054462,74.15903994000121,50.252339400000935,44.62061186000083,53.718018660001,143.01368524000264,1327.056333299999,363,X1.4627 Y1.6199 Z-0.0024
16:36:24.304,5,367,1.45549,1.59285,-0.0034,84.53054,57.34374,-26.07893,,185.42,0,0,,2,1,"{""sr"":{""mpox"":84.53054,""mpoy"":57.34374,""mpoz"":-26.07893,""mpoa"":0,""posx"":1.45549,""posy"":1.59285,""posz"":-0.0034,""posa"":0,""unit"":0,""stat"":5,""coor"":2,""momo"":1,""dist"":0,""home"":1,""mots"":1,""plan"":0,""line"":367,""path"":2,""frmo"":2,""prbe"":1,""safe"":0,""estp"":0,""spc"":1,""hold"":0,""macs"":5,""cycs"":1,""sps"":12000,""feed"":185.42,""mark"":1069948221}}",5.277123134589479,0.202802014047672,0.20564077581283,0.2078521918399446,5.277123134589479,0.202802014047672,0.20564077581283,0.2078521918399446,-0.9909754,0.0373913999999998,-0.0039114399999999,-1.6476066800000015,-1.024605599999999,0.7646432000000002,-32.0,36.11782876,-38.83461032000002,100.1,33.89417312,87.34465244000043,59.93499552000031,59.93499552000031,61.00526308000031,184.62119164000092,1286.138918519999,-1.0106556,-0.0740640799999999,0.00073092,5.24398032,1.7820633199999996,2.0485637600000004,-3.675549999999992,16.0,-96.84665548,100.04777912,32.283066840000004,93.47477564000027,67.36450284000021,73.63096848000023,40.209819800000126,163.45030560000052,1273.3759207199946,-1.02070944,-0.0301665999999999,0.0234693599999999,-5.315698160000002,-8.198963560000001,0.2771422000000001,-13.16648799999999,36.83351200000001,67.33297599999997,100.0,32.61209304,113.55323220000068,2.7165843200000164,2.1732676000000133,2.1732676000000133,5.976486080000036,1412.475948079994,-1.0023113999999995,0.1178167999999999,-0.0132762,2.9825701599999994,1.7737536800000009,3.98860856,-5.4309021199999945,30.430902119999995,38.10802508,100.0,32.99569072,93.75198915999884,2.1545111599999727,1.7236090399999784,1.2927066399999838,4.739923719999941,1299.3739209199978,-0.9619345199999996,0.2166970400000006,-0.0062208400000012,1.9742377999999912,1.7887928400000124,1.22710924,9.67789080000003,1.616306839999948,-12.8487803200003,100.0,40.64456428,106.45522648000178,124.30400608000208,88.60644588000149,66.93292644000113,249.24546916000415,1576.7831888799983,-1.0046928,-0.0112176399999999,0.0043658400000001,0.6287526000000029,1.9706661600000015,5.016324479999999,10.06781824,-14.93218176,25.389104959999987,100.1,33.36,147.280880560003,78.7307934800016,69.90751436000141,84.16050332000172,224.65424632000455,960.6745900799964,367,X1.4547 Y1.5874 Z-0.0036
16:36:24.562,5,371,1.4549,1.56148,-0.00452,84.51559,56.54691,-26.10744,,185.42,0,0,,2,1,"{""sr"":{""mpox"":84.51559,""mpoy"":56.54691,""mpoz"":-26.10744,""mpoa"":0,""posx"":1.4549,""posy"":1.56148,""posz"":-0.00452,""posa"":0,""unit"":0,""stat"":5,""coor"":2,""momo"":1,""dist"":0,""home"":1,""mots"":1,""plan"":0,""line"":371,""path"":2,""frmo"":2,""prbe"":1,""safe"":0,""estp"":0,""spc"":1,""hold"":0,""macs"":5,""cycs"":1,""sps"":12000,""feed"":185.42,""mark"":1069948221}}",5.278063068920356,0.2021068627750373,0.2005717689403952,0.1905528029668592,5.278063068920356,0.2021068627750373,0.2005717689403952,0.1905528029668592,-0.99190752,0.0432606799999999,-0.0008223599999999,-1.7407019999999993,-0.92878812,0.94282568,-17.41741775999999,20.168337159999982,-21.899270559999984,100.1,33.89560204,66.84479856000007,49.25406256000005,49.69383104000005,50.57336712000005,152.15987096000018,1522.9963555199995,-1.00199052,-0.07610996,0.03405572,5.1801325600000006,1.88343368,1.97730032,-3.0,16.398369839999997,-95.06613812,100.0066138,32.290709719999995,66.15854120000004,60.38603144000004,65.49561888000004,36.23161864000002,146.3200002000001,1979.16480376,-0.98249296,-0.0441423999999999,0.01842652,-5.270651240000001,-8.100729119999999,0.4225477200000005,-13.071116200000002,37.0,67.9288838,100.0,32.61285088,89.7123507200001,2.1428258000000024,1.714260640000002,1.714260640000002,4.714216760000006,1987.3973592,-1.01176016,0.1165114,-0.0087003599999999,2.8690209600000007,1.84060664,3.99029028,-6.0,31.0,37.92108572,100.0,33.00302896,135.38575015999982,3.090998999999996,2.472798719999996,2.472798719999996,6.80019751999999,1865.66496464,-0.95097544,0.1838594000000007,-0.0033290000000001,2.467934679999997,1.3970759599999991,1.16595428,10.57646196,-3.446130880000008,11.37491808,100.0,40.63840368,42.08786916000028,50.159565640000345,35.75476780000026,27.168613800000184,100.8335886800007,2623.67223968,-1.0061536,-0.01260256,0.0105863199999999,0.3346699999999997,1.93745656,4.74711804,10.108168720000002,-15.0,26.8068928,100.01081692,33.3691508,39.12958452000039,22.59351824000027,19.890020240000236,23.945267240000284,64.11152048000076,1192.9725041600004,371,X1.456 Y1.5536 Z-0.0048
16:36:24.819,5,374,1.46239,1.53116,-0.0056,84.70596,55.77669,-26.13481,,185.42,0,0,,2,1,"{""sr"":{""mpox"":84.70596,""mpoy"":55.77669,""mpoz"":-26.13481,""mpoa"":0,""posx"":1.46239,""posy"":1.53116,""posz"":-0.0056,""posa"":0,""unit"":0,""stat"":5,""coor"":2,""momo"":1,""dist"":0,""home"":1,""mots"":1,""plan"":0,""line"":374,""path"":2,""frmo"":2,""prbe"":1,""safe"":0,""estp"":0,""spc"":1,""hold"":0,""macs"":5,""cycs"":1,""sps"":12000,""feed"":185.42,""mark"":1069948221}}",5.176872783188377,0.203884356568058,0.2074899223220929,0.2122025509242247,5.176872783188377,0.203884356568058,0.2074899223220929,0.2122025509242247,-1.00027316,0.0378877800000003,0.0402339000000019,-1.773011179999998,-0.8874498400000054,0.9174063199999968,-32.40340472000005,36.011527279999974,-37.852917599999984,100.1,33.9057354,81.44282324000102,64.2365930600008,64.81013378000081,65.95721618000081,198.4451892400025,1414.2110821400029,-1.0213104400000006,-0.06924568,0.0163556800000004,5.111564259999997,1.797266220000001,1.9294411200000037,-3.0,16.0,-95.54396314,100.0,32.28078912,88.15822078000063,71.25917548000056,77.24277092000062,42.97309054000034,171.89236214000138,1659.0466030800017,-0.9798479799999996,-0.05522644,0.0056861000000001,-5.309319939999997,-8.032269840000003,0.4745575600000016,-13.0,37.0,67.40678997999999,100.0,32.61763386,122.80260452000184,2.966051040000045,2.372840040000036,2.372840040000036,6.525311100000098,1873.07562264001,-1.034491000000001,0.1398906200000002,-0.0183779000000002,2.790131039999997,1.6667029800000006,4.066809440000003,-3.906148420000073,20.14644742000046,24.68880810000058,100.0,32.99993164,75.9748699999968,1.7505727399999262,1.4004585799999412,1.4004585799999412,3.851260619999838,1685.434368340019,-0.9389473399999986,-0.0535955000000065,-0.0111401399999991,2.792115039999925,1.625580159999968,1.1352237999999946,11.410683019999906,2.8776626799995086,18.537537800000216,100.0,40.66,129.93298318000478,156.40451066000577,111.4857073800041,85.01787744000312,315.2077918000116,2024.9629430400175,-0.9954670199999998,-0.0145555400000001,-0.0705243200000044,0.4340882399999974,1.8449462199999955,4.836060859999995,10.114313599999962,-15.883807120000045,25.88568640000004,100.09981208,33.36,168.34428164000707,103.62529040000445,91.2256828400039,109.8250941600047,293.16214626001255,1601.0724985600148,374,X1.4634 Y1.5285 Z-0.0057
16:36:25.076,5,378,1.47743,1.50381,-0.00668,85.08792,55.08197,-26.1622,,185.42,0,0,,2,1,"{""sr"":{""mpox"":85.08792,""mpoy"":55.08197,""mpoz"":-26.1622,""mpoa"":0,""posx"":1.47743,""posy"":1.50381,""posz"":-0.00668,""posa"":0,""unit"":0,""stat"":5,""coor"":2,""momo"":1,""dist"":0,""home"":1,""mots"":1,""plan"":0,""line"":378,""path"":2,""frmo"":2,""prbe"":1,""safe"":0,""estp"":0,""spc"":1,""hold"":0,""macs"":5,""cycs"":1,""sps"":12000,""feed"":185.42,""mark"":1069948221}}",5.450814505512145,0.2012440110610072,0.2089734117176409,0.2083882040349291,5.450814505512145,0.2012440110610072,0.2089734117176409,0.2083882040349291,-0.98575436,0.0386855199999999,-0.0242699599999998,-1.5535913199999956,-0.9173792399999976,0.9776315600000012,-31.90716128000001,36.0,-39.90716128000001,100.1,33.92,63.65827511999954,49.68847527999966,50.58376287999964,51.47905047999964,154.88479639999892,1351.5157122399949,-1.01248716,-0.08095568,0.0534791199999999,5.335116039999999,1.8908135599999956,2.0271934399999982,-3.0,16.0,-95.5400244,100.1,32.2846792,74.86862747999969,61.29868851999975,66.44590683999974,36.96638519999985,147.86553927999938,1345.334632919995,-0.9884955600000004,-0.0456183999999998,0.01128664,-5.436435679999997,-8.094421640000006,0.3856551199999989,-13.0,37.0,67.43668511999999,100.0,32.609348,90.83044975999924,2.1834245999999817,1.7467394799999851,1.7467394799999851,4.80353347999996,1437.2808037999998,-1.0186966799999997,0.1188686,-0.0117825999999999,2.7874614,1.685841199999998,4.028,-6.054705919999993,31.55388508000001,38.83588208000002,100.0,32.99673392,134.33451836000145,3.0429551600000315,2.434364160000025,2.434364160000025,6.694502320000069,1195.400984959994,-0.99379032,0.1857555999999977,0.06076168,4.484503920000032,1.2017949600000055,1.0938884799999973,9.173332760000037,16.208623960000164,-1.7000863599999494,100.0,40.67285476,46.53709943999797,55.95872075999755,39.68501083999826,30.263389519998675,111.9174413599951,1722.6545849599952,-1.0001639599999996,-0.0075053999999997,-0.0085116800000008,0.418560720000005,2.0112561600000003,4.944,9.014993919999998,-14.985006080000002,25.0,100.07603344,33.36,26.06196715999813,26.06196715999813,23.141229599998336,27.859343959998,74.14180215999467,1101.7163839599957,378,X1.4813 Y1.4987 Z-0.0069
16:36:25.334,5,381,1.49899,1.48117,-0.00786,85.63559,54.50697,-26.19213,,185.42,0,0,,2,1,"{""sr"":{""mpox"":85.63559,""mpoy"":54.50697,""mpoz"":-26.19213,""mpoa"":0,""posx"":1.49899,""posy"":1.48117,""posz"":-0.00786,""posa"":0,""unit"":0,""stat"":5,""coor"":2,""momo"":1,""dist"":0,""home"":1,""mots"":1,""plan"":0,""line"":381,""path"":2,""frmo"":2,""prbe"":1,""safe"":0,""estp"":0,""spc"":1,""hold"":0,""macs"":5,""cycs"":1,""sps"":12000,""feed"":185.42,""mark"":1069948221}}",5.206568245956729,0.2008046581380915,0.2046169930659888,0.2079955213567298,5.206568245956729,0.2008046581380915,0.2046169930659888,0.2079955213567298,-0.9955499600000004,0.0456485600000005,-0.0092462800000009,-1.8239769599999829,-1.0063169199999882,0.8736043600000072,-31.47097696000001,36.185855680000046,-39.529023039999984,100.1,33.921858560000004,87.28882851999788,58.72157515999858,59.25059819999856,60.83766831999853,183.04202763999555,1312.9462548800068,-1.0136494799999998,-0.0712411600000003,0.0103034000000009,5.085902600000003,2.04158355999999,2.022886400000002,-1.9241363199999348,8.279268879999883,-49.30383927999935,100.04825436,32.25884664,87.92179631999956,67.78651303999905,73.47851027999897,40.878889759999424,163.66123899999775,1393.185631080026,-1.012910199999998,-0.0204426399999997,0.0151233999999991,-5.481154200000036,-7.975010319999954,0.5071153600000164,-13.129737600000032,37.0,66.53159787999998,100.0,32.61196308,109.91101191999692,2.657989399999926,2.126391519999941,2.126391519999941,5.847575679999838,1823.04334956004,-0.9953645200000012,0.1112653600000012,-0.0142095600000002,2.780388560000008,1.749859199999995,3.9668672800000055,-7.0,30.557586599999976,37.110058880000025,100.0,32.97667636,96.88858568000548,2.212068040000125,1.7696546400001,1.7696546400001,4.866550160000275,1299.2669130800202,-0.9702888000000028,0.2497994000000061,0.0089182800000007,1.6433261600000368,1.8422834399999717,1.1304041600000143,7.835679840000115,-1.8817672799997047,8.526488559999056,100.0,40.6705808,103.17550719999149,119.1826606399902,84.95584491999301,64.17527867999472,239.58770767998027,1941.09507288004,-1.0004180400000002,-0.0104554400000002,0.0042122799999995,0.5548308399999786,1.8468958400000253,4.936051919999987,10.612943839999929,-15.643817759999935,26.03087392000001,100.06129452,33.36,106.94448223998982,74.68280539999257,65.66936343999346,79.18952671999213,211.7850148399789,1188.8597147200176,381,X1.4999 Y1.4804 Z-0.0079
16:36:25.591,5,385,1.52573,1.46485,-0.00894,86.31468,54.09236,-26.21962,,185.42,0,0,,2,1,"{""sr"":{""mpox"":86.31468,""mpoy"":54.09236,""mpoz"":-26.21962,""mpoa"":0,""posx"":1.52573,""posy"":1.46485,""posz"":-0.00894,""posa"":0,""unit"":0,""stat"":5,""coor"":2,""momo"":1,""dist"":0,""home"":1,""mots"":1,""plan"":0,""line"":385,""path"":2,""frmo"":2,""prbe"":1,""safe"":0,""estp"":0,""spc"":1,""hold"":0,""macs"":5,""cycs"":1,""sps"":12000,""feed"":185.42,""mark"":1069948221}}",5.221701796751792,0.1967951094503421,0.1937106370044035,0.2015794039447488,5.221701796751792,0.1967951094503421,0.1937106370044035,0.2015794039447488,-0.99188718,0.0380483999999997,-0.01576384,-1.6991611800000042,-0.9468175399999998,0.895968259999998,-32.0,36.77191210000001,-38.0,100.1,33.92771904,73.99006238000062,55.41621890000045,55.41621890000045,56.40579468000046,170.43504734000138,1264.1414570199972,-1.00586872,-0.07824994,0.043272,5.458038920000001,1.5509166600000015,2.087177880000001,-3.0,16.495397960000002,-95.2088354,100.0,32.2579116,104.03356040000052,64.40172806000031,70.34650280000034,38.641036960000186,156.54573898000078,1391.8917785999956,-0.9934811800000004,-0.0431281399999997,0.0031233400000003,-4.983078179999998,-8.377786,0.4975534000000018,-13.320311799999985,37.679688200000015,67.32031179999998,100.0,32.62492314,100.43121100000096,2.461549340000024,1.969239840000019,1.969239840000019,5.415408560000052,1579.8253757800007,-1.0116227799999995,0.1263338800000001,-0.0115298000000001,2.8363517000000016,1.8698969200000009,3.8396765399999966,-6.0,31.0,38.0,100.0,32.99,110.88943717999824,2.55868955999996,2.046952079999968,2.046952079999968,5.629117679999911,1434.1513805399932,-1.0819729999999994,0.1041405600000013,0.04181196,1.3855156000000288,0.5762947000000207,1.308971379999999,11.945105260000034,2.4892504999998453,-6.258873739999634,100.0,40.68,76.0809601200026,92.14774706000316,65.68480404000225,49.6180175600017,185.2405983800064,2072.653884339979,-1.0013409999999998,-0.0099098399999999,-0.0010742200000004,0.4082756599999965,1.7117558600000002,4.854588159999999,10.0,-15.0,26.46577064000002,100.00451766,33.36,115.97695162000514,53.56365250000238,47.508631260002105,57.28981962000254,152.30708114000674,1261.6055795599991,385,X1.5299 Y1.463 Z-0.0091
16:36:25.849,5,389,1.55558,1.45584,-0.01002,87.07281,53.86354,-26.24692,,185.42,0,0,,2,1,"{""sr"":{""mpox"":87.07281,""mpoy"":53.86354,""mpoz"":-26.24692,""mpoa"":0,""posx"":1.55558,""posy"":1.45584,""posz"":-0.01002,""posa"":0,""unit"":0,""stat"":5,""coor"":2,""momo"":1,""dist"":0,""home"":1,""mots"":1,""plan"":0,""line"":389,""path"":2,""frmo"":2,""prbe"":1,""safe"":0,""estp"":0,""spc"":1,""hold"":0,""macs"":5,""cycs"":1,""sps"":12000,""feed"":185.42,""mark"":1069948221}}",5.3620343234976415,0.2035221032146615,0.2061088005521995,0.2056515830799378,5.3620343234976415,0.2035221032146615,0.2061088005521995,0.2056515830799378,-0.9875544,0.0377764400000003,-0.0082602399999997,-1.6991341599999974,-0.9230812999999928,0.916,-31.51818840000001,36.48181159999999,-40.19811744000007,100.1,33.92160018,74.68079675999842,53.962898639998855,53.962898639998855,54.926521839998834,165.74318847999646,1302.6628264799929,-1.0107045000000006,-0.0780002999999999,0.0316964199999999,5.618614940000017,1.8050208599999904,1.9939217599999968,-3.512214860000006,16.512214860000007,-96.30472080000004,100.02802896,32.26353124,95.07798101999944,62.9242708199992,68.9851849799991,37.7669420199995,153.37199725999804,1561.90790043999,-0.9758177800000004,-0.0309734799999999,0.0042564599999998,-5.13212600000004,-7.971618579999966,0.4289533200000104,-13.251321960000029,37.0,67.50264392000005,100.0,32.62320992,98.51288075999749,2.3795380599999394,1.9036303999999515,1.9036303999999515,5.2349841599998665,1590.7435209800074,-1.0283417999999995,0.1260382399999999,-0.00267188,2.858539920000005,1.923972940000012,4.012766560000002,-6.750270840000043,31.788854659999977,38.07825100000005,100.0,32.99,116.99025764000449,2.695628500000104,2.1565020000000827,2.1565020000000827,5.930381500000228,1252.1122101599994,-0.9115865200000068,0.1035524799999958,-0.0160042400000034,3.126204459999932,1.5024456800000057,1.113528419999987,10.114796100000012,-1.8589395999996607,15.025743299999288,100.0,40.68,68.51341785999331,82.74621631999197,59.09799677999429,44.979994419995634,166.76545149998384,2184.765682099964,-1.0023314200000002,-0.0141974799999991,-0.0121830999999995,0.2104028999999917,2.089752400000001,4.797330359999976,10.404480739999949,-15.0,26.058947120000006,100.0,33.36,94.94315665998758,46.515250479993874,40.85252445999462,49.3466134199935,131.3971953399827,1050.1539770599982,389,X1.5637 Y1.4548 Z-0.0103
16:36:26.106,5,392,1.5869,1.45503,-0.0112,87.86839,53.84309,-26.27698,,185.42,0,0,,2,1,"{""sr"":{""mpox"":87.86839,""mpoy"":53.84309,""mpoz"":-26.27698,""mpoa"":0,""posx"":1.5869,""posy"":1.45503,""posz"":-0.0112,""posa"":0,""unit"":0,""stat"":5,""coor"":2,""momo"":1,""dist"":0,""home"":1,""mots"":1,""plan"":0,""line"":392,""path"":2,""frmo"":2,""prbe"":1,""safe"":0,""estp"":0,""spc"":1,""hold"":0,""macs"":5,""cycs"":1,""sps"":12000,""feed"":185.42,""mark"":1069948221}}",5.163247828882425,0.1927161888692807,0.1989166175002221,0.2052175915929499,5.163247828882425,0.1927161888692807,0.1989166175002221,0.2052175915929499,-0.99268328,0.04671512,-0.01185564,-1.622647839999999,-0.8067557999999989,0.9036313600000008,-32.0,36.0,-39.56164947999999,100.1,33.93,79.3486171600002,60.357889200000194,59.8189788800002,60.8967985200002,184.40768380000063,1220.7472074399973,-0.99828968,-0.0768234400000001,0.0356607200000001,5.37253948,1.8406836800000008,1.99629744,-3.657569839999995,16.526115120000004,-95.65756984,100.01314552,32.27473904,107.85355652000024,66.81659332000014,74.18220268000016,39.98473348000009,164.14785180000035,1405.1876166399936,-0.9832875200000004,-0.0260799999999996,0.0063251599999998,-5.29546544,-8.053973959999999,0.4081079199999997,-13.40566264000001,37.54797904,68.23827524,100.0,32.613806,112.88375436000044,2.7398969600000105,2.1919179200000087,2.1919179200000087,5.479793920000021,1336.9176855599944,-0.9773990399999998,0.09814556,-0.0075081999999999,2.8434996800000003,1.711391600000001,4.04384752,-7.0,31.0,37.0,100.0,32.98418,90.1955209999992,2.090210279999982,1.6721684799999856,1.6721684799999856,4.59846235999996,1253.827071399996,-0.9340188400000012,0.2566870000000002,0.0196407200000004,2.534302079999983,1.5397090800000115,1.2514924000000025,4.489233319999884,5.7720564399998056,3.390818280000051,100.0,40.66858716,112.0540981600012,129.9562317600014,92.162838080001,70.28245200000076,260.5755056000028,2336.1683701199963,-1.011686,-0.0168022799999999,-0.0163931199999998,0.5756245999999979,1.8007918399999987,4.839750239999998,10.0,-15.0,26.92873176,100.09287348,33.36071288,150.93812140000196,81.16483848000105,71.90919936000094,86.14864500000111,229.96704320000296,1150.5623821599972,392,X1.5898 Y1.4553 Z-0.0113
16:36:26.363,5,396,1.61723,1.4621,-0.01227,88.63865,54.02258,-26.30429,,185.42,0,0,,2,1,"{""sr"":{""mpox"":88.63865,""mpoy"":54.02258,""mpoz"":-26.30429,""mpoa"":0,""posx"":1.61723,""posy"":1.4621,""posz"":-0.01227,""posa"":0,""unit"":0,""stat"":5,""coor"":2,""momo"":1,""dist"":0,""home"":1,""mots"":1,""plan"":0,""line"":396,""path"":2,""frmo"":2,""prbe"":1,""safe"":0,""estp"":0,""spc"":1,""hold"":0,""macs"":5,""cycs"":1,""sps"":12000,""feed"":185.42,""mark"":1069948221}}",5.131959354865288,0.1989988722960035,0.1902701195146831,0.2026538486815661,5.131959354865288,0.1989988722960035,0.1902701195146831,0.2026538486815661,-0.9897258,0.0393982999999999,-0.0242407999999992,-1.6621860999999942,-0.9125460999999948,0.916,-32.04207700000002,36.0,-38.60187550000001,100.1,33.9344024,67.350893300001,49.30261470000073,48.422210700000726,49.74281630000074,149.66865230000224,1485.6165852000006,-1.0051453999999995,-0.0676318999999999,0.0285438000000004,5.545996799999999,1.9093049,1.969817899999998,-3.406914299999981,16.0,-95.05496380000002,100.0,32.2659311,86.83310480000078,57.78974100000055,64.7179143000006,34.23395150000034,142.36841820000134,1512.5097512000032,-1.0221806999999994,-0.0319677999999982,0.0164642000000006,-5.350459400000007,-8.061972200000008,0.4456758999999974,-13.365679899999984,37.36567989999998,66.36567989999999,100.0,32.616343300000004,87.10605210000162,2.12598920000004,1.700791700000032,1.700791700000032,4.677176700000089,1536.7714987999975,-0.973382500000002,0.0818824,-0.0136775000000004,2.8767255000000023,1.924900499999988,3.9592744999999976,-6.690258700000014,31.0,36.6852903,100.0,32.9882183,134.8815309999971,3.122257899999933,2.4978059999999465,2.4978059999999465,7.493418799999839,1396.0732465999902,-0.9221408000000028,0.1814685999999997,0.0009864000000014,2.129778399999894,1.908434899999972,1.16,8.73405430000008,1.832933100000473,13.515732699999324,100.0,40.6775532,40.69971010000442,47.71354560000526,34.01119440000374,25.691909400002828,95.75310570001056,1991.727533500003,-1.0070578999999995,-0.0191840000000005,-0.0049636000000008,0.4325275000000023,2.320940999999987,4.820954199999992,10.0,-15.0,26.824485299999967,100.0915103,33.36,31.92966930000428,19.83311730000392,17.55143130000346,21.061717200004143,56.25519390001114,1336.589905500004,396,X1.6233 Y1.4645 Z-0.0125
16:36:26.621,5,399,1.6449,1.47682,-0.01336,89.34159,54.39645,-26.3318,,185.42,0,0,,2,1,"{""sr"":{""mpox"":89.34159,""mpoy"":54.39645,""mpoz"":-26.3318,""mpoa"":0,""posx"":1.6449,""posy"":1.47682,""posz"":-0.01336,""posa"":0,""unit"":0,""stat"":5,""coor"":2,""momo"":1,""dist"":0,""home"":1,""mots"":1,""plan"":0,""line"":399,""path"":2,""frmo"":2,""prbe"":1,""safe"":0,""estp"":0,""spc"":1,""hold"":0,""macs"":5,""cycs"":1,""sps"":12000,""feed"":185.42,""mark"":1069948221}}",5.201458151985724,0.1914639601703348,0.1925006129354516,0.1993364962589777,5.201458151985724,0.1914639601703348,0.1925006129354516,0.1993364962589777,-0.98884596,0.04040418,0.0049741999999999,-1.70688566,-0.91385098,0.8460973600000001,-32.034661820000004,36.03466182,-40.1366227,100.1,33.93,94.90799613999984,63.65087163999991,61.94593767999991,63.65087163999991,192.0892386199997,1410.4458253800003,-1.00297148,-0.07914078,0.04068604,5.186351139999999,1.6740041600000002,1.9858317399999996,-3.0,16.945938559999995,-96.0,100.00270306,32.270540600000004,103.6091370799999,66.90466117999992,75.54100833999992,39.40333473999996,164.60333971999984,1212.00238712,-0.99077764,-0.0252127799999999,0.0135939,-5.653895719999997,-8.103545840000002,0.5604762999999989,-13.975591519999998,37.58364738,67.0,100.0,32.62142914,119.6476967399998,2.9182360799999945,2.334589639999996,2.334589639999996,6.4201205399999886,1330.6582878000006,-1.00176048,0.1358559,-0.0151407,2.90794884,1.6467536199999997,4.06054804,-6.979567479999998,31.0,37.36149962,100.0,32.99,78.08392994000039,1.807498100000009,1.4459984800000072,1.4459984800000072,4.3379963200000216,1115.512012560001,-0.9805669199999998,0.3725931399999989,0.0113928999999996,4.096182819999991,1.4985039400000062,1.09832314,12.86177713999998,5.163946539999974,-11.442631339999982,100.0,40.64988906,128.18203899999943,150.6979575399993,107.9632134999995,81.56332751999962,302.9495016799986,1578.21577414,-1.00514266,-0.0128407399999999,0.00019858,0.4789434599999996,1.5827781200000022,5.082762559999999,9.148468100000006,-15.00571164,26.0,100.01484728,33.37005712,198.04038733999892,96.01127375999948,85.71863939999953,102.86351055999944,273.45497003999856,1290.1733191999997,399,X1.6459 Y1.4775 Z-0.0134
16:36:26.878,5,403,1.6678,1.49826,-0.01454,89.92318,54.94114,-26.36186,,185.42,0,0,,2,1,"{""sr"":{""mpox"":89.92318,""mpoy"":54.94114,""mpoz"":-26.36186,""mpoa"":0,""posx"":1.6678,""posy"":1.49826,""posz"":-0.01454,""posa"":0,""unit"":0,""stat"":5,""coor"":2,""momo"":1,""dist"":0,""home"":1,""mots"":1,""plan"":0,""line"":403,""path"":2,""frmo"":2,""prbe"":1,""safe"":0,""estp"":0,""spc"":1,""hold"":0,""macs"":5,""cycs"":1,""sps"":12000,""feed"":185.42,""mark"":1069948221}}",5.104070020350212,0.1968940414659562,0.1919999827902672,0.2006433755677977,5.104070020350212,0.1968940414659562,0.1919999827902672,0.2006433755677977,-0.9936388,0.051361,-0.0284176000000004,-1.7247728000000024,-0.9350800000000024,0.8487989999999994,-32.115835199999985,36.546349600000006,-38.55979600000004,100.1,33.9354632,73.72309859999925,50.8088881999995,48.878449599999534,50.3552377999995,152.3108295999985,1871.1399020000013,-1.0047418,-0.0748309999999992,0.0331859999999996,5.372292400000004,1.7000582000000004,2.037281000000001,-3.090117199999987,16.090117199999987,-95.5618824,100.0,32.2703364,88.22005919999948,57.55533299999966,65.57533799999962,33.4953163999998,142.00127159999917,1753.9861169999892,-1.016364199999998,-0.0377894000000023,0.0069509999999998,-5.0922712000000026,-8.381229800000002,0.3390208000000003,-13.080824799999988,37.52310639999998,68.0,100.0,32.6147688,90.66774499999887,2.2114083999999727,1.7691269999999784,1.7691269999999784,4.86509859999994,1754.501775199987,-1.0346297999999994,0.1691564000000013,-0.0104630000000005,2.9641647999999985,1.6925151999999992,3.949320000000002,-6.475575999999982,31.0,37.40712979999999,100.0,32.9795112,128.7897414000019,2.9643516000000445,2.3714814000000355,2.3714814000000355,7.114443400000106,1628.0799073999872,-0.949186000000002,0.2049285999999967,-0.0136700000000004,2.0236318000000417,2.347549400000018,0.9198102000000034,11.58431479999997,-6.616479200000344,13.735505400000264,100.0,40.62,51.284537399997056,60.29818339999654,42.892522199997536,32.635614999998126,121.21799679999305,2485.8123806000003,-1.0140307999999998,0.0047864000000003,0.0076915999999994,0.6169600000000052,1.6849288000000018,4.868573400000001,10.743897400000025,-15.0,26.0,100.0019598,33.38,51.98887399999534,28.683516799997427,25.354179599997728,30.476236799997267,81.18459679999272,2073.5264206000024,403,X1.6707 Y1.5018 Z-0.0147
16:36:27.136,5,407,1.68448,1.52477,-0.01563,90.34461,55.61431,-26.38938,,185.42,0,0,,2,1,"{""sr"":{""mpox"":90.34461,""mpoy"":55.61431,""mpoz"":-26.38938,""mpoa"":0,""posx"":1.68448,""posy"":1.52477,""posz"":-0.01563,""posa"":0,""unit"":0,""stat"":5,""coor"":2,""momo"":1,""dist"":0,""home"":1,""mots"":1,""plan"":0,""line"":407,""path"":2,""frmo"":2,""prbe"":1,""safe"":0,""estp"":0,""spc"":1,""hold"":0,""macs"":5,""cycs"":1,""sps"":12000,""feed"":185.42,""mark"":1069948221}}",5.230714012242591,0.1972965959338516,0.1988258860342621,0.2031422165952252,5.230714012242591,0.1972965959338516,0.1988258860342621,0.2031422165952252,-0.9893163599999998,0.0386504399999997,-0.0016643599999998,-1.8401398799999968,-0.9604816000000008,0.8185294000000024,-31.79244235999998,36.729207680000016,-37.93676532000004,100.1,33.94,80.85577071999919,58.42481523999941,55.294914279999446,57.38151479999942,173.7094945999983,1269.2692246000015,-1.00669492,-0.0776986800000001,0.0222131200000001,5.283730999999996,1.733974199999998,1.9925504000000007,-3.0,16.0,-94.02888804,100.08371936,32.263516159999995,91.9226987999994,62.08493747999958,70.99329479999955,36.011091919999764,153.141554639999,1279.2846672000064,-0.9549696400000004,-0.0354507999999997,0.0031255599999999,-5.533861080000013,-8.239318800000003,0.473686440000002,-13.145753920000011,38.0,67.0,100.0,32.61854236,109.7313813599987,2.630766319999968,2.104613039999974,2.104613039999974,5.787685559999929,1290.1269896400077,-1.0021426400000006,0.1124642400000006,-0.0067357599999998,2.8539094799999987,1.8160369599999984,3.92637616,-6.877350879999988,31.0,37.543321759999984,100.0,32.98456676,99.09919712000234,2.283391480000054,2.283391480000054,1.8267132400000432,5.480140080000129,1214.8008007600042,-1.0387860400000009,0.1545460000000036,-0.0119216399999995,2.743120159999981,1.876021240000044,1.1704775199999975,12.089539440000069,7.233861199999939,18.35406560000012,100.0,40.634794240000005,95.4985422399965,113.66084223999582,80.85152643999703,61.51746591999773,228.4934449999916,1476.7613260400162,-1.0089221599999998,-0.00894256,0.0157398399999998,0.5253943600000072,1.6265173199999985,4.906559880000001,10.613770839999972,-15.0,26.80651332000006,100.0965944,33.39,71.32829307999741,68.12859967999692,60.763345399997256,73.0047126799967,193.9516876399913,1009.2566321199986,407,X1.6876 Y1.5321 Z-0.0159
16:36:27.393,5,410,1.69367,1.55453,-0.0167,90.58026,56.37039,-26.41668,,185.42,0,0,,2,1,"{""sr"":{""mpox"":90.58026,""mpoy"":56.37039,""mpoz"":-26.41668,""mpoa"":0,""posx"":1.69367,""posy"":1.55453,""posz"":-0.0167,""posa"":0,""unit"":0,""stat"":5,""coor"":2,""momo"":1,""dist"":0,""home"":1,""mots"":1,""plan"":0,""line"":410,""path"":2,""frmo"":2,""prbe"":1,""safe"":0,""estp"":0,""spc"":1,""hold"":0,""macs"":5,""cycs"":1,""sps"":12000,""feed"":185.42,""mark"":1069948221}}",5.122524446620567,0.1997621581680359,0.2031173906796575,0.2130833385088444,5.122524446620567,0.1997621581680359,0.2031173906796575,0.2130833385088444,-0.9901785,0.037967,-0.000425,-1.744284,-0.9250445,0.9333965,-31.7888365,36.211163500000005,-39.499813,100.1,33.94,76.973365,55.5207645,52.7308055,55.0205775,165.5619185,1259.6797845,-1.0061485,-0.072378,0.016455,5.5020655000000005,1.6251695000000002,1.997316,-3.0,16.0,-95.500844,100.0,32.2695045,79.365776,59.399543,68.384348,34.441752,146.751813,1774.2666000000002,-1.0200654999999998,-0.031213,0.022002,-5.4252665,-8.179,0.3654805,-13.202944,38.0,66.50155,100.0,32.620925500000006,101.6837925,2.4922495,1.9938,1.9938,5.4829495,1640.8303555,-1.000177,0.119127,-0.014968,2.8281295,1.739441,4.0088355,-7.0,31.0,37.998069,100.0,32.9867195,109.198522,2.5048275,2.5048275,2.003862,6.011586,1503.2820135,-0.8864789999999999,0.4762935,-0.032005,2.2550760000000003,1.661992,1.282,11.1812445,10.921946,0.3999639999999999,100.0,40.6281875,83.6608375,96.6083485,68.721402,52.2880235,194.212659,2877.9964595,-1.0077105,-0.005963,0.0130835,0.531683,1.7490335,4.9467695,10.0,-14.4971315,25.948861,100.09546,33.389546,103.5909165,55.8184065,49.7839845,59.338486,158.403586,1347.1087035,410,X1.6942 Y1.5574 Z-0.0168
16:36:27.650,5,414,1.69485,1.58582,-0.01788,90.61032,57.16498,-26.44674,,185.42,0,0,,2,1,"{""sr"":{""mpox"":90.61032,""mpoy"":57.16498,""mpoz"":-26.44674,""mpoa"":0,""posx"":1.69485,""posy"":1.58582,""posz"":-0.01788,""posa"":0,""unit"":0,""stat"":5,""coor"":2,""momo"":1,""dist"":0,""home"":1,""mots"":1,""plan"":0,""line"":414,""path"":2,""frmo"":2,""prbe"":1,""safe"":0,""estp"":0,""spc"":1,""hold"":0,""macs"":5,""cycs"":1,""sps"":12000,""feed"":185.42,""mark"":1069948221}}",5.322327966776577,0.2050007403325315,0.2052020016606791,0.2073600636682505,5.322327966776577,0.2050007403325315,0.2052020016606791,0.2073600636682505,-0.9966340800000002,0.0458456800000002,-0.0233642400000004,-1.774374680000009,-0.8526528400000023,0.9090765999999983,-32.0,36.37169343999998,-39.03585660000007,100.1,33.94,80.67531624000094,52.98792968000061,50.12371732000058,52.0331916800006,157.5316824000018,1609.9002360799884,-1.0048463200000002,-0.07248692,-0.0069738000000001,5.261742719999995,1.909658239999999,2.030103359999999,-3.1977757200000188,16.0,-95.31496951999998,100.07105216,32.27908312,91.6812980800005,57.49610464000039,66.75395192000045,33.33112412000025,142.47627172000097,1900.7701381199904,-1.0074607999999998,-0.0184466800000005,0.0175305599999997,-5.092762880000005,-8.402722719999998,0.2573814400000025,-13.21309660000002,37.0,67.0,100.0,32.60733532,97.97455648000133,2.366535160000032,1.8932280000000248,1.8932280000000248,5.20637748000007,2223.825666559993,-1.0138864400000005,0.1172433600000004,-0.00877428,2.9165721600000007,1.7575998400000028,3.933884000000001,-6.763013439999978,31.542880319999988,37.45711968000001,100.0,32.995428520000004,118.34784667999766,2.7144002399999465,2.7144002399999465,2.171519919999957,5.971680439999882,1643.7946831200002,-0.9663201999999989,0.5559009599999909,0.0135767199999998,2.6590491999999517,1.0235688400000118,1.178010679999997,11.585292879999988,1.2972991199998736,3.467885239999851,100.0,40.6370678,67.61028444000353,79.83804784000417,56.79201336000296,43.21131476000226,160.38084084000835,3061.791668280001,-1.0060192400000003,-0.0071886399999997,0.0141817599999992,0.5341956399999923,1.6337765600000034,4.897223439999997,10.0,-15.0,26.616582519999973,100.1,33.38674776,92.96167792000672,42.55936940000307,37.95835608000275,45.24329340000327,120.83478328000874,1344.9685948399958,414,X1.6942 Y1.5921 Z-0.0181
16:36:27.908,5,417,1.68801,1.61639,-0.01897,90.43662,57.94152,-26.47425,,185.42,0,0,,2,1,"{""sr"":{""mpox"":90.43662,""mpoy"":57.94152,""mpoz"":-26.47425,""mpoa"":0,""posx"":1.68801,""posy"":1.61639,""posz"":-0.01897,""posa"":0,""unit"":0,""stat"":5,""coor"":2,""momo"":1,""dist"":0,""home"":1,""mots"":1,""plan"":0,""line"":417,""path"":2,""frmo"":2,""prbe"":1,""safe"":0,""estp"":0,""spc"":1,""hold"":0,""macs"":5,""cycs"":1,""sps"":12000,""feed"":185.42,""mark"":1069948221}}",5.373722756196108,0.2035815994220503,0.2152093839490781,0.2087523850171668,5.373722756196108,0.2035815994220503,0.2152093839490781,0.2087523850171668,-0.9904758,0.0295451999999999,0.0003550000000012,-1.6935348000000023,-0.9882682000000006,0.916,-31.62072919999997,36.46378000000002,-37.548289200000006,100.1,33.950845,88.65587000000059,60.8600988000005,57.57036320000047,59.763520200000485,180.47164840000147,2117.963574800019,-1.0202144000000002,-0.0776512000000001,0.0359368000000003,5.460772600000001,1.983054999999997,2.0040062000000005,-3.4728983999999974,16.0,-94.6367256,100.0527104,32.2947166,92.76981740000048,62.19794600000032,72.21286940000037,35.84288440000018,153.91356100000078,2076.0160750000155,-0.9867724000000008,-0.0260181999999995,0.0033974,-5.342039600000003,-8.049896799999997,0.2998693999999973,-14.0,37.677873599999984,67.5588652,100.0,32.6220316,115.68509840000114,2.7943262000000275,2.235461000000022,2.235461000000022,6.14751700000006,2321.746416400014,-1.0274000000000003,0.1157783999999994,-0.0005031999999999,2.8327307999999998,1.8293474000000027,3.959729200000004,-6.0,31.0,37.0,100.0,32.995946,88.36904499999802,2.027086799999956,1.6216697999999643,1.6216697999999643,4.459591399999902,1978.755546600017,-0.9521295999999966,0.3903229999999966,0.0088839999999979,2.924532600000027,1.156784400000005,1.068153800000006,10.107905000000091,-0.968186800000012,-1.1223585999999846,100.0,40.6583694,114.15064000000297,133.40496500000344,94.89631520000246,72.20371860000186,268.18523900000696,2411.0182694000187,-1.0000671999999995,-0.0008375999999997,0.0020744000000001,0.3115699999999946,1.8656059999999928,4.842151000000003,10.0,-15.0,27.0,100.00772,33.389228,116.5525458000036,82.40339180000254,73.49491740000227,87.6000022000027,234.58983680000725,1904.0233694000144,417,X1.6877 Y1.6173 Z-0.019
16:36:28.165,5,421,1.6735,1.64415,-0.02005,90.06803,58.64665,-26.50177,,185.42,0,0,,2,1,"{""sr"":{""mpox"":90.06803,""mpoy"":58.64665,""mpoz"":-26.50177,""mpoa"":0,""posx"":1.6735,""posy"":1.64415,""posz"":-0.02005,""posa"":0,""unit"":0,""stat"":5,""coor"":2,""momo"":1,""dist"":0,""home"":1,""mots"":1,""plan"":0,""line"":421,""path"":2,""frmo"":2,""prbe"":1,""safe"":0,""estp"":0,""spc"":1,""hold"":0,""macs"":5,""cycs"":1,""sps"":12000,""feed"":185.42,""mark"":1069948221}}",5.3125903217923405,0.2009744030206413,0.1987181496520121,0.2049903201500059,5.3125903217923405,0.2009744030206413,0.1987181496520121,0.2049903201500059,-0.99165456,0.0374860599999999,-0.0101739999999999,-1.6624692400000003,-0.8307599400000002,0.97545518,-32.542623459999994,36.02532456,-39.0,100.1,33.95,69.12829950000014,47.9577584400001,45.365446740000095,47.0936545400001,142.5771185000003,1565.9845941199983,-1.01065972,-0.0769154,0.0342053199999999,5.318432420000001,1.77,2.0108413200000004,-3.032824500000003,16.0,-95.9671755,100.05751294,32.278825860000005,67.21967886000016,54.00838974000006,62.70465580000008,31.12347894000004,133.19018182000016,1350.4946292599982,-1.01648748,-0.0368189599999999,0.01386102,-5.2840296800000015,-8.300827080000001,0.4183290399999991,-13.618340260000002,37.03553668,67.96446332,100.0,32.61928924,86.39528038000022,2.0859839800000053,1.6687875600000042,1.6687875600000042,4.589165260000012,1372.2061052199988,-1.00004206,0.12683826,-0.009,2.82754472,1.7723867,3.90602092,-6.0,31.0,37.64012214,100.0,32.98280602,137.7008847999996,3.202345939999991,2.561877279999993,2.561877279999993,7.04516141999998,1065.4599063199998,-0.9510501400000004,0.2405655000000003,0.0206640999999995,3.4914284999999925,0.7912887200000036,1.121304280000001,14.367182520000007,4.971237619999963,17.103758839999973,100.0,40.6595119,35.56200558000059,42.528147360000695,30.251980940000493,23.017811480000383,85.2755120400014,2454.3840527999946,-1.0006669,-0.0104078199999999,-0.0269196399999997,0.5784288799999991,2.0010992000000005,4.89712702,10.857021159999997,-15.142978840000003,26.822766760000004,100.1,33.3894564,23.528279320001044,15.870675780000516,14.154926940000452,16.96014610000054,45.32436314000146,1313.1842085399985,421,X1.671 Y1.6477 Z-0.0202
16:36:28.422,5,425,1.65253,1.66715,-0.02123,89.53548,59.23085,-26.53162,,185.42,0,0,,2,1,"{""sr"":{""mpox"":89.53548,""mpoy"":59.23085,""mpoz"":-26.53162,""mpoa"":0,""posx"":1.65253,""posy"":1.66715,""posz"":-0.02123,""posa"":0,""unit"":0,""stat"":5,""coor"":2,""momo"":1,""dist"":0,""home"":1,""mots"":1,""plan"":0,""line"":425,""path"":2,""frmo"":2,""prbe"":1,""safe"":0,""estp"":0,""spc"":1,""hold"":0,""macs"":5,""cycs"":1,""sps"":12000,""feed"":185.42,""mark"":1069948221}}",5.284451814947619,0.2036943445723085,0.2075366660243716,0.22073023365416,5.284451814947619,0.2036943445723085,0.2075366660243716,0.22073023365416,-0.9902175599999996,0.0483674399999989,-0.0172577599999991,-1.6911349600000087,-0.8864684400000074,0.9017378000000068,-32.0,36.56774067999999,-38.95353623999995,100.1,33.95614244,80.61919603999792,63.01923055999838,59.61278579999846,61.8837492799984,187.35446979999517,1461.1084218400006,-1.01330036,-0.0742169600000002,0.0242061200000009,5.482805880000003,1.8427138000000065,2.0727942399999977,-3.036159840000041,15.541778039999992,-95.50561819999994,100.096384,32.27458208,81.1220048799985,63.92976027999896,74.22353507999878,36.8408784799994,158.19906783999738,1820.531983200003,-1.0369316799999966,-0.0207559999999993,0.0260631599999993,-5.339558159999992,-8.139464240000011,0.3700469599999911,-14.0,37.0,67.96759215999997,100.0,32.62549332,121.52824519999628,2.9089247599999126,2.3271398399999303,2.3271398399999303,6.399634519999808,1847.4201963600028,-0.9863131200000024,0.1351238799999995,-0.0135963999999999,2.851638120000004,1.7364465200000074,3.9238732399999994,-6.0,31.632721399999973,37.97244631999997,100.0,32.97055104,80.43394652000623,1.8363910000001429,1.469113400000114,1.469113400000114,4.040061520000314,1600.8290835999935,-0.893641200000008,0.3758859999999921,-0.0351612799999962,1.767493080000089,2.397572759999953,1.2075195999999977,11.692546960000154,9.88027295999978,11.578787000000611,100.0,40.64014792,124.64181531999074,148.2586655199889,105.46234955999208,80.24309271999398,298.04577163997766,1967.076510560004,-1.0032049200000006,-0.0142506,-0.00206832,0.5800852399999848,2.050180680000016,4.993639199999993,10.0,-15.0,27.84412595999993,100.08441304,33.4,168.36206695998467,93.69800751999178,83.56849307999266,100.4510171199912,268.43972135997643,1255.4369226400092,425,X1.6463 Y1.6721 Z-0.0215
16:36:28.680,5,428,1.62608,1.68394,-0.02231,88.86365,59.65729,-26.55913,,185.42,0,0,,2,1,"{""sr"":{""mpox"":88.86365,""mpoy"":59.65729,""mpoz"":-26.55913,""mpoa"":0,""posx"":1.62608,""posy"":1.68394,""posz"":-0.02231,""posa"":0,""unit"":0,""stat"":5,""coor"":2,""momo"":1,""dist"":0,""home"":1,""mots"":1,""plan"":0,""line"":428,""path"":2,""frmo"":2,""prbe"":1,""safe"":0,""estp"":0,""spc"":1,""hold"":0,""macs"":5,""cycs"":1,""sps"":12000,""feed"":185.42,""mark"":1069948221}}",5.17700695977265,0.1911545963962349,0.188177576566178,0.2056112191530145,5.17700695977265,0.1911545963962349,0.188177576566178,0.2056112191530145,-0.98947452,0.0354823999999999,-0.0017984399999999,-1.786039240000001,-0.9576746800000016,0.9355783600000004,-32.32095788000001,36.0,-37.01446907999998,100.1,33.965403560000006,71.6634570399997,51.02229615999981,48.40303615999981,50.2416781599998,152.14756847999942,1747.2673642799991,-1.00144628,-0.0721598399999999,0.0317753999999999,5.482806760000001,1.6292428399999994,2.04295116,-3.4746046799999992,15.52539532,-95.58355268,100.05835504,32.27,52.68111307999988,56.47795003999988,65.02083283999985,32.74771887999993,139.53375807999967,1398.2677272399967,-1.01202608,-0.0252465199999998,0.02973816,-5.46122788,-7.8973636,0.448471519999999,-13.096723839999996,37.0,67.64450179999999,100.0,32.614522,94.27038355999954,2.255272599999989,1.8042174799999915,1.8042174799999915,4.961599319999976,1783.388406919998,-1.00999372,0.1131290799999998,-0.0116800799999999,2.7825996399999995,1.8209809600000004,3.855199279999999,-6.0,31.0,38.5014742,100.0,32.980821279999994,125.08586276000077,2.903244000000018,2.3225950000000144,2.3225950000000144,6.387137000000039,1104.8432452799975,-1.0258530400000003,0.2901799599999981,-0.0013065999999997,3.451374800000022,1.2041438799999895,1.1490771200000005,10.79875608,10.901133679999973,-2.7489812799998763,100.0,40.63335536,55.36444451999883,65.09516475999861,46.304807839999015,35.23191943999925,130.8614135999972,1874.195326839992,-1.0011848,-0.01755212,-0.0056788399999999,0.2772854399999968,1.6943043999999945,4.832198439999998,9.76886176000001,-14.653292640000016,25.39904072000003,100.1,33.41,57.48988827999814,32.03416695999896,28.60193427999908,34.32232123999889,91.52619079999704,1459.464605839997,428,X1.6237 Y1.6851 Z-0.0224
16:36:28.937,5,432,1.59627,1.69346,-0.02339,88.10645,59.89908,-26.58665,,185.42,0,0,,2,1,"{""sr"":{""mpox"":88.10645,""mpoy"":59.89908,""mpoz"":-26.58665,""mpoa"":0,""posx"":1.59627,""posy"":1.69346,""posz"":-0.02339,""posa"":0,""unit"":0,""stat"":5,""coor"":2,""momo"":1,""dist"":0,""home"":1,""mots"":1,""plan"":0,""line"":432,""path"":2,""frmo"":2,""prbe"":1,""safe"":0,""estp"":0,""spc"":1,""hold"":0,""macs"":5,""cycs"":1,""sps"":12000,""feed"":185.42,""mark"":1069948221}}",5.227633077368042,0.2008541770208579,0.2050233314643688,0.2125026200242731,5.227633077368042,0.2008541770208579,0.2050233314643688,0.2125026200242731,-0.99073838,0.0423356599999999,-0.0046184599999997,-1.796752239999993,-0.9880375799999964,0.9294196999999976,-32.21999757999996,36.0,-39.51952554000001,100.1,33.96260462,81.04599624000161,57.66734364000115,55.0697153200011,57.147818100001146,172.48250562000345,1218.7681974600173,-1.0039694999999995,-0.07431758,0.0221132600000002,5.4729609800000105,1.8322597200000008,2.0746727000000056,-3.338428860000036,16.17189869999997,-95.66157113999996,100.0338427,32.26848766,81.25495706000198,61.41122418000071,70.42522424000084,35.722940300000424,151.7392294800018,1293.4911509600247,-1.0052376799999998,-0.0304363200000007,0.014974279999999,-5.379589040000044,-8.06087531999997,0.4748688600000205,-13.478232659999987,36.84562234000003,68.80208804,100.0,32.62213018,109.20374196000252,2.6088365600000607,2.087069600000049,2.087069600000049,5.739440460000134,1400.7123789600168,-1.012443980000001,0.1382452399999995,-0.0104992199999997,2.852059359999996,1.756466699999992,3.967,-6.0,31.0,37.87042532000002,100.0,32.99592722,100.50097647999551,2.3156910999998965,1.8525524599999172,1.8525524599999172,5.094519219999773,1138.5516573400128,-0.9344222600000016,0.1997631800000096,-0.0250830600000006,1.3387042200001404,1.7426260199999737,1.2305119200000116,10.741724280000184,-6.436748739999989,5.30872223999918,100.0,40.64,92.79186506000671,110.71351924000795,79.1630340600057,60.23274318000433,223.21730000001605,1480.056178080022,-1.00203534,-0.01368042,-0.0052517400000002,0.41168842000001,1.7358813999999965,4.883,10.0,-14.881348879999882,26.7748287999999,100.1,33.40440698,71.2821246200062,66.65671182000591,59.51872564000528,71.41536948000633,191.571471880017,1084.0872940200122,432,X1.5903 Y1.6945 Z-0.0236
16:36:29.195,5,435,1.56503,1.69503,-0.02457,87.31277,59.93909,-26.61649,,185.42,0,0,,2,1,"{""sr"":{""mpox"":87.31277,""mpoy"":59.93909,""mpoz"":-26.61649,""mpoa"":0,""posx"":1.56503,""posy"":1.69503,""posz"":-0.02457,""posa"":0,""unit"":0,""stat"":5,""coor"":2,""momo"":1,""dist"":0,""home"":1,""mots"":1,""plan"":0,""line"":435,""path"":2,""frmo"":2,""prbe"":1,""safe"":0,""estp"":0,""spc"":1,""hold"":0,""macs"":5,""cycs"":1,""sps"":12000,""feed"":185.42,""mark"":1069948221}}",5.37441264293237,0.2093764520574171,0.2059919421104947,0.2058868791048691,5.37441264293237,0.2093764520574171,0.2059919421104947,0.2058868791048691,-0.98479254,0.0427970000000001,0.00104896,-1.6271546800000043,-0.8898196400000025,0.9528568999999988,-32.49352204,36.0,-39.70276364000001,100.1,33.96803718,81.07516019999971,56.21908721999958,54.1931739199996,56.02280199999957,169.16374061999875,1576.4413404799889,-1.0061558600000002,-0.0780461399999998,0.0262215999999998,5.308759219999995,1.7675994599999956,2.028801399999999,-3.0,16.252597500000014,-94.73789496,100.02525998,32.28505218,50.98012371999975,61.57995153999969,70.16076435999965,36.34226619999981,151.93086353999922,1398.670662539996,-0.9777490600000006,-0.0354322999999997,0.0145831200000003,-5.182286780000003,-8.10135858,0.3826414200000009,-13.0,36.50845908,67.27280852000001,100.0,32.61727174,106.267964619999,2.542295559999976,2.0338364799999806,2.0338364799999806,5.593050739999947,1727.4948913399917,-1.0181271399999994,0.1315374000000003,-0.0054494000000001,2.785151420000002,1.792556879999999,4.009503859999999,-5.184893839999991,31.303213600000017,37.48810744000001,100.0,32.99673024,106.3408135800018,2.4405361200000404,1.9524292200000324,1.9524292200000324,5.369180220000089,1220.1761767799994,-0.949799360000002,0.2782458799999963,-0.0205533000000001,1.2899664799999109,1.8341443600000331,1.224183359999998,12.63046101999992,-2.971259740000147,9.88239981999988,100.0,40.64152048,89.96177477999726,101.53580409999692,72.60073071999778,55.23968619999831,204.64988551999372,1956.7775653799963,-0.99888382,-0.0070427800000004,0.0073311999999991,0.418867119999993,1.7527229400000055,4.822,9.583450219999976,-15.116324579999956,27.11632457999996,100.04671248,33.42,96.98316531999622,60.21482243999765,53.8203284199979,64.47781893999749,173.18422449999326,1325.016027479999,435,X1.5643 Y1.695 Z-0.0246
16:36:29.452,5,439,1.5346,1.68845,-0.02565,86.53997,59.77187,-26.64401,,185.42,0,0,,2,1,"{""sr"":{""mpox"":86.53997,""mpoy"":59.77187,""mpoz"":-26.64401,""mpoa"":0,""posx"":1.5346,""posy"":1.68845,""posz"":-0.02565,""posa"":0,""unit"":0,""stat"":5,""coor"":2,""momo"":1,""dist"":0,""home"":1,""mots"":1,""plan"":0,""line"":439,""path"":2,""frmo"":2,""prbe"":1,""safe"":0,""estp"":0,""spc"":1,""hold"":0,""macs"":5,""cycs"":1,""sps"":12000,""feed"":185.42,""mark"":1069948221}}",5.206922170099358,0.1965167051864233,0.1962200299556187,0.2051847038702119,5.206922170099358,0.1965167051864233,0.1962200299556187,0.2051847038702119,-0.9882022399999996,0.0397855999999999,-0.0004396799999991,-1.6842179199999938,-0.8146118800000077,1.0718026400000042,-32.0,36.472906320000014,-39.39167319999995,100.1,33.965271040000005,78.50248908000202,52.49262804000135,51.07390808000131,52.49262804000135,158.8966044400041,1389.968232960017,-1.007404359999999,-0.0817123599999989,0.0327368800000001,5.267137680000015,1.9650394799999944,1.9824965200000004,-3.0,15.692359840000035,-95.82408671999995,100.1,32.27868272,50.33204076000003,59.96058212000096,67.69743144000108,35.29937520000056,147.61541668000228,1502.624789840028,-0.9940543600000042,-0.0304211600000036,0.0218864799999992,-5.397139079999986,-7.976936400000003,0.3426694799999995,-13.810579199999951,36.0,68.08624711999992,100.0,32.61275672,97.65166036000292,2.3254422400000743,1.8603542000000597,1.8603542000000597,5.115973880000163,1526.1644629200364,-1.0046341200000002,0.1072535999999994,-0.0018337600000007,2.847976320000005,1.6532703600000018,4.061863679999998,-6.0,30.765629840000027,38.55513863999997,100.0,32.990239,121.02024527999455,2.775693919999876,2.2205545999999003,2.2205545999999003,6.106526479999726,1346.5833662400462,-0.8982323999999988,0.1487147199999928,-0.0559233599999975,2.1032239599999145,1.7167365599999638,1.2353978799999996,11.285131000000137,6.664785040000303,8.062647119999905,100.0,40.64613556,63.63478068000826,74.70645968000966,53.32707012000692,40.574944800005255,150.44635720001946,2187.8465523199948,-1.0090659599999998,-0.0105772800000001,0.0120337599999999,0.2792121600000087,1.9435759999999824,4.874818240000013,10.645677759999936,-15.0,26.0,100.03543256,33.41354296,81.9169454800172,40.39276996000731,35.852275440006466,43.22735020000781,115.57484800002088,1404.934980720024,439,X1.5305 Y1.687 Z-0.0258
16:36:29.709,5,443,1.50672,1.67423,-0.02673,85.83187,59.41077,-26.67153,,185.42,0,0,,2,1,"{""sr"":{""mpox"":85.83187,""mpoy"":59.41077,""mpoz"":-26.67153,""mpoa"":0,""posx"":1.50672,""posy"":1.67423,""posz"":-0.02673,""posa"":0,""unit"":0,""stat"":5,""coor"":2,""momo"":1,""dist"":0,""home"":1,""mots"":1,""plan"":0,""line"":443,""path"":2,""frmo"":2,""prbe"":1,""safe"":0,""estp"":0,""spc"":1,""hold"":0,""macs"":5,""cycs"":1,""sps"":12000,""feed"":185.42,""mark"":1069948221}}",5.144970817966057,0.1909490076942194,0.200560712572604,0.2065287814705123,5.144970817966057,0.1909490076942194,0.200560712572604,0.2065287814705123,-0.99329194,0.0478462000000001,-0.0127053399999999,-1.5979702399999989,-0.8895741400000005,1.0029759599999994,-32.9239851,37.0,-39.39802874000001,100.1,33.97,75.94823774000012,61.056540820000144,60.43046720000015,61.60660018000015,186.39396108000045,1345.677676940002,-1.004162,-0.08047092,0.0269236399999999,5.479882679999999,1.7782187000000012,2.0785666000000003,-3.5292366400000006,16.627863499999997,-95.09862686,100.06278594,32.28744314,61.39142664000009,66.6837914000001,74.6223377200001,39.69273342000006,163.53405980000025,1419.0167135000042,-1.01562368,-0.03,0.0221848800000001,-5.728023800000002,-7.685959419999997,0.7347697200000015,-13.55947088,36.0,66.89313544000001,100.0,32.60785294,117.48886732000034,2.797354040000008,2.237883160000006,2.237883160000006,6.154178780000017,1401.9093078800026,-0.98852248,0.1311967000000001,-0.0137984999999999,2.869,1.7456503200000002,3.9331045000000007,-5.718829379999997,31.0,38.281170620000005,100.0,32.98635202,86.85782243999941,1.9958939999999867,1.5967151999999891,1.5967151999999891,4.390966799999971,1191.2139838200014,-0.9552260999999992,0.0969743200000001,-0.0146999600000003,3.525963399999993,1.5778207800000073,1.086246700000001,13.012815100000015,8.538640600000024,17.45455752000002,100.0,40.62846742,117.59338262000092,135.79235818000103,96.59456370000072,73.49586358000057,273.6845977400021,2179.419763280008,-1.00716646,-0.00258736,0.00807872,0.5035165599999979,1.5885620200000028,4.688006119999999,10.0,-15.0,26.320490779999997,100.1,33.421623960000005,181.29465104000164,87.2338277800008,77.3726129000007,93.30226850000084,249.56460318000225,1110.5592900399993,443,X1.5005 Y1.6697 Z-0.027
16:36:29.967,5,446,1.48348,1.65323,-0.02789,85.24161,58.87737,-26.70088,,185.42,0,0,,2,1,"{""sr"":{""mpox"":85.24161,""mpoy"":58.87737,""mpoz"":-26.70088,""mpoa"":0,""posx"":1.48348,""posy"":1.65323,""posz"":-0.02789,""posa"":0,""unit"":0,""stat"":5,""coor"":2,""momo"":1,""dist"":0,""home"":1,""mots"":1,""plan"":0,""line"":446,""path"":2,""frmo"":2,""prbe"":1,""safe"":0,""estp"":0,""spc"":1,""hold"":0,""macs"":5,""cycs"":1,""sps"":12000,""feed"":185.42,""mark"":1069948221}}",5.128133565209152,0.1974203641191546,0.202714045026221,0.1978229728097356,5.128133565209152,0.1974203641191546,0.202714045026221,0.1978229728097356,-0.9893971,0.0339916199999999,0.000927679999998,-1.674282299999985,-0.81130072000001,1.08112989999999,-32.0,36.0,-39.43936478000009,100.1,33.9742263,66.34850544000238,46.90881614000168,46.48621376000167,47.75401994000171,144.10726262000517,2708.5843060998964,-1.0058626200000005,-0.094040619999999,0.0427916600000001,5.196228800000012,2.098594540000002,2.141565479999999,-3.0,16.556536280000042,-95.10215728000004,100.09890848,32.2944345,54.082036340001096,58.16053308000112,64.51092582000119,34.97628076000063,142.65322762000264,2356.5599454799185,-1.016366739999999,-0.087071039999999,-0.0043243999999992,-5.652558200000014,-7.77989668000001,0.5828761799999889,-13.409198880000018,36.0,67.01181770000005,100.0,32.60590792,84.28310980000353,2.045993420000087,1.6367945400000696,1.6367945400000696,4.501185740000191,2259.8389511399373,-1.0218723600000004,0.054096480000004,-0.0032321399999992,2.886965619999987,1.8886786999999907,3.905198119999997,-5.986854419999938,31.0,38.66604540000003,100.0,32.98013146,144.29092905999343,3.264501059999852,2.6116002599998813,2.6116002599998813,7.181901959999674,2584.8135770999147,-0.8279747000000133,0.5190940999999648,-0.0258073800000005,1.02436966000011,1.7585449399999686,1.0724891200000062,8.098263720000052,11.787205419999822,-6.191914739999611,100.0,40.63,32.136628820009626,37.80818302001156,26.95044810000824,20.53587430000621,75.79398710002307,3448.596431999916,-1.0079089199999995,-0.0003019400000019,0.0054530599999995,0.648937319999981,1.815565460000012,4.932237060000001,10.018109660000086,-15.0,25.11452696000008,100.1,33.43,27.4854632000154,13.2670168800087,11.796275940007789,14.201342300009388,37.908422120025065,2167.260048839937,446,X1.4819 Y1.6514 Z-0.028
16:36:30.224,5,450,1.4664,1.627,-0.029,84.80769,58.21104,-26.7291,,185.42,0,0,,2,1,"{""sr"":{""mpox"":84.80769,""mpoy"":58.21104,""mpoz"":-26.7291,""mpoa"":0,""posx"":1.4664,""posy"":1.627,""posz"":-0.029,""posa"":0,""unit"":0,""stat"":5,""coor"":2,""momo"":1,""dist"":0,""home"":1,""mots"":1,""plan"":0,""line"":450,""path"":2,""frmo"":2,""prbe"":1,""safe"":0,""estp"":0,""spc"":1,""hold"":0,""macs"":5,""cycs"":1,""sps"":12000,""feed"":185.42,""mark"":1069948221}}",5.369361558587438,0.2025413144801404,0.2114440119953083,0.2074320756214546,5.369361558587438,0.2025413144801404,0.2114440119953083,0.2074320756214546,-0.99198176,0.0413084,-0.0022162800000001,-1.510277200000003,-0.9854606000000008,0.9343673199999992,-31.069349440000007,36.93065056,-39.0,100.1,33.97628376,77.70874491999975,62.0551849199998,62.6142406399998,63.1732962399998,191.75611223999937,1579.7092495600016,-1.01115144,-0.0740633199999999,0.0085440800000001,5.1664268,2.039453679999998,2.014,-3.4834535199999936,16.0,-96.0,100.00542964,32.27108588,49.44997184000021,69.96177283999987,76.41477099999985,41.99878263999992,169.98323927999968,1634.9288607600006,-0.95998804,-0.0363496399999999,0.0051821599999998,-5.128515120000004,-8.300242439999998,0.3349587600000026,-14.0,36.04880748000001,67.95119251999999,100.0,32.60859756,119.67338751999957,2.850528519999989,2.2804232399999917,2.2804232399999917,6.271162439999976,1658.3967498000004,-1.02543784,0.12733316,-0.0066298,2.982385759999999,1.8587283999999988,3.954926720000001,-6.0,31.380407760000004,38.38040776,100.0,32.99041256,82.92885424000077,1.9020381600000176,1.5216304000000145,1.5216304000000145,4.184483200000039,1492.4651008800015,-0.9386846399999992,0.2793255200000004,0.0179397999999992,3.260062999999996,2.854770999999995,1.0830713199999995,9.43331847999998,-4.433199399999957,0.9333783999999936,100.0,40.63738884,119.04635587999888,144.0789925999986,102.702461479999,78.29765563999923,288.8968520799972,2254.293517199997,-1.00830692,-0.0092102000000001,0.0031917999999997,0.3064236800000001,1.996840519999996,4.87116024,9.20577096000001,-15.0,26.794229039999987,100.1,33.43,139.82885115999846,93.49589043999892,83.00754135999905,99.93140903999888,267.5699570799969,1281.0616861599988,450,X1.464 Y1.6218 Z-0.0292
16:36:30.481,5,453,1.45666,1.59751,-0.03007,84.56025,57.46195,-26.75641,,185.42,0,0,,2,1,"{""sr"":{""mpox"":84.56025,""mpoy"":57.46195,""mpoz"":-26.75641,""mpoa"":0,""posx"":1.45666,""posy"":1.59751,""posz"":-0.03007,""posa"":0,""unit"":0,""stat"":5,""coor"":2,""momo"":1,""dist"":0,""home"":1,""mots"":1,""plan"":0,""line"":453,""path"":2,""frmo"":2,""prbe"":1,""safe"":0,""estp"":0,""spc"":1,""hold"":0,""macs"":5,""cycs"":1,""sps"":12000,""feed"":185.42,""mark"":1069948221}}",5.330444952113176,0.2002273095481636,0.1998280891183247,0.2001148219426579,5.330444952113176,0.2002273095481636,0.1998280891183247,0.2001148219426579,-0.99224652,0.0423425000000001,-0.0100364999999999,-1.783232159999999,-0.9498900200000046,0.9251920399999992,-32.226359859999995,36.311476360000015,-38.61285093999999,100.1,33.97462162,69.49542835999951,51.14947039999961,51.7623213399996,52.68664863999959,158.98427273999874,1370.4935588800006,-1.0015227,-0.07406302,0.0418940800000002,5.454134800000003,1.6752947199999937,2.079635140000001,-3.476814519999998,16.11815387999999,-96.40503160000002,100.05949684,32.27953608,65.32355801999971,62.939486679999725,68.1844436199997,37.66832905999984,152.58057379999934,1763.6822768400034,-1.010042820000001,-0.0238207799999997,0.0250604800000003,-5.496833559999995,-7.958325480000009,0.5102408999999992,-14.0,37.0,67.22765573999996,100.0,32.6077233,94.15804723999912,2.274349119999979,1.819479139999983,1.819479139999983,5.003567959999954,1730.044437820001,-1.0245939599999998,0.12821542,0.0004500799999999,2.7415701600000006,1.7441859800000006,3.996756140000001,-6.0,31.0,38.0,100.0,32.99,126.6325797400016,2.884082540000036,2.307266040000029,2.307266040000029,6.344981100000079,1545.4130539200023,-0.9120611799999968,0.3708318000000061,-0.0482817600000009,2.8281709200000127,0.7969607199999714,1.1929074999999958,14.063521120000088,2.9747142400001123,9.114093119999865,100.0,40.63,56.445692359997686,67.94388845999721,48.431797519998014,36.5851709799985,136.23620761999442,2604.595167000016,-0.99872888,-0.0181152199999999,-0.0143575399999999,0.5886316400000051,1.8480593799999956,5.022661200000003,10.0,-14.33168749999998,25.30814137999998,100.09764544,33.43976444,72.10509187999568,36.05254593999784,31.73856661999809,38.517676979997695,102.61109297999386,1311.1868173200044,453,X1.4565 Y1.5968 Z-0.0301
16:36:30.739,5,457,1.45492,1.56631,-0.03121,84.51601,56.66947,-26.78526,,185.42,0,0,,2,1,"{""sr"":{""mpox"":84.51601,""mpoy"":56.66947,""mpoz"":-26.78526,""mpoa"":0,""posx"":1.45492,""posy"":1.56631,""posz"":-0.03121,""posa"":0,""unit"":0,""stat"":5,""coor"":2,""momo"":1,""dist"":0,""home"":1,""mots"":1,""plan"":0,""line"":457,""path"":2,""frmo"":2,""prbe"":1,""safe"":0,""estp"":0,""spc"":1,""hold"":0,""macs"":5,""cycs"":1,""sps"":12000,""feed"":185.42,""mark"":1069948221}}",5.387961305137996,0.2003779454031267,0.2092977196687503,0.2136851842828121,5.387961305137996,0.2003779454031267,0.2092977196687503,0.2136851842828121,-0.9915355,0.042281540000001,-0.0288251200000004,-1.6127149999999932,-0.933256919999994,0.8229665799999928,-32.0015330200001,36.75636934000006,-39.75636934000006,100.1,33.97,75.14722802000236,56.23261964000177,57.25503096000181,58.27744186000184,176.36594314000556,1172.894617179997,-1.0078747399999997,-0.0738236199999996,0.0222998599999987,5.135570899999983,1.9823082999999984,2.044102819999999,-3.1900848599999536,16.50650966000001,-95.19008485999996,100.05065084,32.28190092,76.48643056000023,67.36580718000126,72.93741550000136,40.520786640000765,162.779740240003,1518.4470087399711,-1.0286670599999983,-0.025847200000001,0.025079799999999,-5.381195940000021,-8.079607479999975,0.4292913400000112,-14.17034401999996,37.0,66.85688647999994,100.0,32.61,107.71501080000412,2.580989360000098,2.064791340000078,2.064791340000078,5.678176580000215,1797.712513899978,-0.9984959999999984,0.1181032999999991,-0.0145146200000005,2.9243529999999915,1.758019180000013,3.9758141199999977,-6.473953019999968,31.0,38.61844351999993,100.0,32.9814448,102.84783061999303,2.3697659399998394,1.895812499999872,1.895812499999872,5.213484319999647,1469.4230386999857,-1.051053960000005,0.3621382799999875,0.0410602800000041,2.8226973800001005,0.8108419599999835,1.221,14.375763819999952,12.498369159998918,15.364400680000047,100.0,40.63547928,89.92562958001038,106.8496114800126,76.16459452000899,57.534406360006784,213.6992223800252,2021.1371242399423,-0.9947396799999996,-0.0180852200000001,-0.0037738199999979,0.5704798799999843,1.7328847999999837,4.877788279999989,10.0,-15.437565839999916,26.0,100.1,33.43,92.1974974800127,65.80477806000967,58.493136300008594,70.30424976001034,187.32995196002756,1237.8440578199754,457,X1.4552 Y1.5622 Z-0.0314
16:36:30.996,5,461,1.46123,1.53567,-0.03234,84.67639,55.89138,-26.81398,,185.42,0,0,,2,1,"{""sr"":{""mpox"":84.67639,""mpoy"":55.89138,""mpoz"":-26.81398,""mpoa"":0,""posx"":1.46123,""posy"":1.53567,""posz"":-0.03234,""posa"":0,""unit"":0,""stat"":5,""coor"":2,""momo"":1,""dist"":0,""home"":1,""mots"":1,""plan"":0,""line"":461,""path"":2,""frmo"":2,""prbe"":1,""safe"":0,""estp"":0,""spc"":1,""hold"":0,""macs"":5,""cycs"":1,""sps"":12000,""feed"":185.42,""mark"":1069948221}}",5.304313509305946,0.2009339348179783,0.2040905807379232,0.2030682708364236,5.304313509305946,0.2009339348179783,0.2040905807379232,0.2030682708364236,-0.99827504,0.0396082,0.0290301200000001,-1.5577872399999992,-0.8485224399999999,0.9258819599999998,-31.81348708,36.50960996,-39.79426716,100.1,33.98,87.19324212000014,56.0571024800001,57.58593236000009,58.0955423200001,175.8154569600003,1572.709308080002,-0.99606392,-0.0729656799999999,0.0007354399999997,5.415896479999999,1.87504092,1.98318992,-2.276731520000009,12.14256928000005,-72.8554152400003,100.07589108,32.2874744,89.6272955200001,67.85343288000007,72.91712180000007,41.01588132000005,163.05078660000018,1668.059272960004,-0.97362524,-0.0262543199999999,-0.00027516,-5.227326040000001,-8.08998824,0.4599882399999997,-11.555955199999964,28.50468911999992,52.89636367999984,100.0,32.62,105.94852172000022,2.5468392800000053,2.0374717600000043,2.0374717600000043,5.603046640000011,1815.360550400003,-0.99941536,0.1085224,-0.01854588,2.85490504,1.67730592,4.089,-6.0,31.28850888,38.0,100.0,32.99288508,104.4456931599996,2.402131719999991,1.921705239999993,1.921705239999993,5.28468935999998,1497.1705462000014,-0.95464428,0.2691861600000007,-0.0405900399999999,1.2496917200000088,2.0867189999999978,1.26932776,9.184059239999987,9.752958239999948,1.7975124000000118,100.0,40.63720148,88.98718208000061,104.5331353200007,74.5133632400005,56.28707288000038,209.6023384000014,1897.969897080004,-0.99158336,-0.0129819999999999,-0.0200200400000001,0.601369960000001,1.76352416,4.8641028,10.0,-15.0,26.398185479999995,100.09469176,33.43,128.4035873200011,64.20179388000054,57.06826140000047,68.59166004000058,182.72818240000151,1502.7068697200052,461,X1.4639 Y1.5287 Z-0.0326
16:36:31.253,5,464,1.47522,1.50773,-0.03343,85.03185,55.18146,-26.8415,,185.42,0,0,,2,1,"{""sr"":{""mpox"":85.03185,""mpoy"":55.18146,""mpoz"":-26.8415,""mpoa"":0,""posx"":1.47522,""posy"":1.50773,""posz"":-0.03343,""posa"":0,""unit"":0,""stat"":5,""coor"":2,""momo"":1,""dist"":0,""home"":1,""mots"":1,""plan"":0,""line"":464,""path"":2,""frmo"":2,""prbe"":1,""safe"":0,""estp"":0,""spc"":1,""hold"":0,""macs"":5,""cycs"":1,""sps"":12000,""feed"":185.42,""mark"":1069948221}}",5.284641289325628,0.2155666438701201,0.219976616806597,0.2141382973215961,5.284641289325628,0.2155666438701201,0.219976616806597,0.2141382973215961,-0.9911514,0.0362998000000001,0.0035586999999995,-1.671309100000004,-0.938904500000004,0.928422599999997,-32.0,36.0,-38.5311318,100.1,33.9940446,74.0811816000007,51.57550630000048,52.9821106000005,53.450978800000506,161.75954140000152,1388.594569399999,-1.0156212,-0.0727824,0.0039004999999999,5.327601300000002,1.827195199999995,1.9745832999999988,-3.0,16.835290399999984,-95.8352904,100.0164709,32.283167500000005,81.68541789999989,64.51704360000036,69.3317486000004,38.99910870000022,155.35025340000087,1191.0384848000044,-0.9769135000000004,-0.0293214000000002,0.0060372000000002,-5.242463200000005,-8.09731269999999,0.3531291000000034,-14.0,37.82143219999998,68.28406909999998,100.0,32.6017856,96.0499414000011,2.313185300000027,1.8505484000000212,1.8505484000000212,5.08900790000006,1384.7422193000043,-1.0202014,0.1150976999999998,-0.0065139999999998,2.8914042999999983,1.738103899999999,3.979022200000001,-6.0,31.0,38.0,100.0,32.9843563,124.15975159999805,2.821812799999955,2.2574502999999644,2.2574502999999644,6.207987399999902,1138.7098229000032,-1.0224047000000016,0.2657149999999984,0.0039799000000007,3.1429422999999552,1.571602599999997,1.1898377000000029,7.726780000000129,3.436069600000038,-3.6091684999998472,100.0,40.6135951,63.24758410000303,72.9779817000035,52.02020230000249,39.295836300001874,146.200535400007,1387.669826600002,-1.0018519,-0.0147356999999999,-0.0038192000000002,0.4834229999999979,1.7189874000000105,5.020864599999998,9.934461800000005,-15.0,25.337191500000024,100.0337194,33.4327165,74.80238470000567,39.4513966000027,34.73071640000238,41.81173690000286,111.94755240000764,923.6108638000006,464,X1.4764 Y1.5059 Z-0.0335
16:36:31.511,5,468,1.49598,1.48434,-0.03454,85.55911,54.58752,-26.86993,,185.42,0,0,,2,1,"{""sr"":{""mpox"":85.55911,""mpoy"":54.58752,""mpoz"":-26.86993,""mpoa"":0,""posx"":1.49598,""posy"":1.48434,""posz"":-0.03454,""posa"":0,""unit"":0,""stat"":5,""coor"":2,""momo"":1,""dist"":0,""home"":1,""mots"":1,""plan"":0,""line"":468,""path"":2,""frmo"":2,""prbe"":1,""safe"":0,""estp"":0,""spc"":1,""hold"":0,""macs"":5,""cycs"":1,""sps"":12000,""feed"":185.42,""mark"":1069948221}}",5.122584288835932,0.2028241877859286,0.2027563585044405,0.2083593100324425,5.122584288835932,0.2028241877859286,0.2027563585044405,0.2083593100324425,-0.9899398199999998,0.0357728799999998,-0.00766016,-1.7954568800000017,-0.851077259999996,0.844984379999996,-32.058646279999984,36.55801474,-39.556751660000046,100.1,33.991172920000004,89.60753354000123,61.32297296000063,62.497648000000616,63.61367762000062,192.5150780800019,1625.1151608000025,-0.9939720400000002,-0.0783514800000002,0.0284912599999995,5.281937560000007,1.8169687800000036,1.9483228800000008,-4.0,16.0,-95.40218496,100.0,32.28,104.92318072000064,71.36906672000042,76.69511724000046,43.14100324000026,172.03140800000105,1640.9908902200052,-1.0017551399999989,-0.0290633400000008,0.0092733199999994,-5.483560840000002,-7.950690559999994,0.5607667200000028,-13.0,37.56905186000001,67.43094814,100.0,32.60861924,118.36281906000134,2.8452604400000325,2.2762084400000258,2.2762084400000258,6.259571740000071,1865.579599300006,-1.0332440800000005,0.1231304999999995,-0.0046857799999999,2.9120406199999995,1.7018772800000022,4.06539036,-6.705588459999988,31.61296138000001,37.68145016,100.0,32.99,83.30594981999764,1.9351938199999457,1.5481544799999565,1.5481544799999565,4.25742553999988,1643.726522580003,-0.9668051599999988,0.3224276000000025,-0.0234950000000006,2.712297020000053,2.0706940400000207,1.1157610799999986,11.031549359999977,-6.698124100000031,14.054077080000384,100.0,40.59274748,121.11282988000356,141.41917256000417,100.806487200003,76.14878516000225,283.5635720400084,1946.0268676600012,-1.00646448,-0.0183207399999997,-0.0020359600000009,0.4720624000000082,1.9658054199999984,5.048153260000001,9.173630299999967,-13.76044501999995,23.851437919999917,100.00826374,33.43872712,114.559933580004,92.43801474000324,81.37705618000285,97.96849488000343,261.5126746800092,1275.6917447399956,468,X1.5002 Y1.4807 Z-0.0348
16:36:31.768,5,471,1.52199,1.46701,-0.03569,86.21965,54.14739,-26.89907,,185.42,0,0,,2,1,"{""sr"":{""mpox"":86.21965,""mpoy"":54.14739,""mpoz"":-26.89907,""mpoa"":0,""posx"":1.52199,""posy"":1.46701,""posz"":-0.03569,""posa"":0,""unit"":0,""stat"":5,""coor"":2,""momo"":1,""dist"":0,""home"":1,""mots"":1,""plan"":0,""line"":471,""path"":2,""frmo"":2,""prbe"":1,""safe"":0,""estp"":0,""spc"":1,""hold"":0,""macs"":5,""cycs"":1,""sps"":12000,""feed"":185.42,""mark"":1069948221}}",5.384559494028948,0.2023751073621224,0.2032204795824326,0.2100720687149986,5.384559494028948,0.2023751073621224,0.2032204795824326,0.2100720687149986,-0.998578,0.04731,-0.012422,-1.798383,-0.925039,0.844961,-32.0,36.57755,-38.844899,100.1,33.99,64.212332,46.469451,47.31435,48.159249,145.322646,1123.557091,-1.005547,-0.069811,0.002264,5.481476,1.691714,2.014,-3.0,16.0,-95.452771,100.1,32.295472,86.02643,60.218501,65.198979,36.221655,145.792161,1516.919357,-1.008812,-0.034119,0.011,-5.19766,-8.055186,0.476526,-14.0,38.0,67.594052,100.0,32.605941,83.219241,2.029738,1.62379,1.62379,4.465423,1770.385889,-0.999,0.1249,-0.014378,2.894094,1.910973,4.02596,-6.344482,31.0,37.344482,100.0,32.99,142.247318,3.277588,2.62207,2.62207,7.210694,1288.053468,-1.011678,0.30323,-0.009082,1.731055,2.846848,1.121164,14.0,14.819916,1.360167,100.0,40.601817,29.612802,35.426358,25.252635,19.075731,71.03439,2236.187442,-1.007482,-0.006036,0.012482,0.328533,1.953,4.999117,10.0,-14.096447,24.192894,100.1,33.431929,20.35036,11.187876,9.837615,11.863006,31.731131,1141.984944,471,X1.5222 Y1.4669 Z-0.0357
16:36:32.025,5,475,1.55166,1.45711,-0.03677,86.97325,53.89579,-26.92658,,185.42,0,0,,2,1,"{""sr"":{""mpox"":86.97325,""mpoy"":53.89579,""mpoz"":-26.92658,""mpoa"":0,""posx"":1.55166,""posy"":1.45711,""posz"":-0.03677,""posa"":0,""unit"":0,""stat"":5,""coor"":2,""momo"":1,""dist"":0,""home"":1,""mots"":1,""plan"":0,""line"":475,""path"":2,""frmo"":2,""prbe"":1,""safe"":0,""estp"":0,""spc"":1,""hold"":0,""macs"":5,""cycs"":1,""sps"":12000,""feed"":185.42,""mark"":1069948221}}",5.345123009510833,0.2020162930906463,0.2094077839989178,0.207745996677808,5.345123009510833,0.2020162930906463,0.2094077839989178,0.207745996677808,-0.9890509,0.0378145200000002,-0.0069593000000001,-1.6073963800000066,-0.9207173800000064,0.9255379600000014,-32.28040658000004,37.0,-38.80066461999994,100.1,34.0,84.17508982000082,61.3196013000006,62.43450334000061,62.99195436000061,190.64821614000184,1448.3665524800049,-1.00430926,-0.0775112200000001,0.02621308,5.091093379999999,1.9697325800000027,1.9324017399999984,-3.0,16.527793779999982,-95.0,100.05355798,32.2900783,98.28658244000091,70.69620372000043,77.05975988000048,42.78281338000028,171.85694258000106,1341.2041718199937,-0.9777759799999992,-0.0356372599999999,0.0032479799999997,-5.239000539999993,-8.181066640000006,0.4408898199999966,-12.943074460000014,37.43329484,67.56670516,100.0,32.61452884,118.32754918000136,2.833525940000032,2.266820780000025,2.266820780000025,6.23375790000007,1457.6439817599978,-0.99638724,0.1143189799999998,-0.01656502,2.8897239800000003,1.740539460000002,3.8931074599999937,-6.952259020000011,31.0,36.87045105999996,100.0,32.98435238,83.69663293999767,1.937422179999946,1.549937199999957,1.549937199999957,4.262328619999882,1128.1097646399992,-0.868424119999997,0.2222278599999987,-0.085749580000004,3.1743039999999576,1.1445500399999906,1.1934053799999975,9.495721839999971,7.055047199999879,18.13234652000006,100.0,40.58325744,116.3191617400034,141.6058133000042,100.93952842000296,76.24928372000225,283.9378103800084,1701.1025128799831,-1.0109237,-0.00536796,0.0163323199999999,0.5571940199999994,1.8638253599999872,4.977749640000003,10.0,-15.0,25.22336581999997,100.07893506,33.44223334,92.30271494000304,90.77564828000318,80.51405270000282,96.30112194000338,258.10586252000905,1145.0154270800008,475,X1.5552 Y1.4564 Z-0.0369
16:36:32.283,5,479,1.58287,1.45514,-0.03788,87.76608,53.84569,-26.9546,,185.42,0,0,,2,1,"{""sr"":{""mpox"":87.76608,""mpoy"":53.84569,""mpoz"":-26.9546,""mpoa"":0,""posx"":1.58287,""posy"":1.45514,""posz"":-0.03788,""posa"":0,""unit"":0,""stat"":5,""coor"":2,""momo"":1,""dist"":0,""home"":1,""mots"":1,""plan"":0,""line"":479,""path"":2,""frmo"":2,""prbe"":1,""safe"":0,""estp"":0,""spc"":1,""hold"":0,""macs"":5,""cycs"":1,""sps"":12000,""feed"":185.42,""mark"":1069948221}}",5.319553347400774,0.2064176997077874,0.2092016085066105,0.205952328468432,5.319553347400774,0.2064176997077874,0.2092016085066105,0.205952328468432,-0.9913693000000002,0.0394233999999999,-0.0080539,-1.6359889000000063,-0.8719758000000032,0.9521997999999984,-32.173314200000014,36.47003300000001,-40.35665279999998,100.1,34.0029673,75.60181510000078,51.70362810000048,52.17366110000049,52.94041290000048,160.10793350000148,1374.3920586000038,-1.0131284,-0.0785055,0.0168475999999999,5.258017000000008,1.7114149999999997,1.9739761999999996,-3.0,16.480204100000005,-94.6165379,100.0863665,32.28,98.44180640000054,62.90671540000035,68.66916290000037,37.455906700000206,152.70485110000084,1772.0311806000086,-0.9610725000000002,-0.0426944000000001,0.0009203,-5.530004800000011,-7.925506299999994,0.4866563000000009,-13.121979700000011,38.0,67.46027570000001,100.0,32.6049717,94.3564728000011,2.301377500000027,1.8411018000000217,1.8411018000000217,5.063030000000059,2132.6030881999945,-1.0199262000000002,0.1360757999999999,-0.0096412,3.0097747000000017,1.77,4.104609899999998,-6.10272360000001,31.0,36.53865030000002,100.0,32.9933319,122.60933509999808,2.8203661999999547,2.256292899999964,2.256292899999964,6.768878699999892,1578.0403555000107,-0.9081637000000006,0.3217253999999926,-0.0089073000000019,0.4173662000000525,2.407443099999996,1.178858199999998,8.767247499999936,12.451518099999683,-2.94004210000018,100.0,40.5762649,60.50617250000289,72.83150460000348,51.91579030000248,39.21696400000187,146.03650410000697,2617.588989,-1.0080579,-0.0095138,0.0094257000000002,0.3612969999999955,1.5348491000000009,4.937527299999996,10.0,-15.0,26.9709864,100.0368705,33.4566034,44.499385700003,38.72465630000261,34.308686900002314,41.44217620000279,110.39923960000743,1479.7136888,479,X1.5898 Y1.4557 Z-0.0382
16:36:32.540,5,482,1.61349,1.46119,-0.03904,88.54368,53.99958,-26.98416,,185.42,0,0,,2,1,"{""sr"":{""mpox"":88.54368,""mpoy"":53.99958,""mpoz"":-26.98416,""mpoa"":0,""posx"":1.61349,""posy"":1.46119,""posz"":-0.03904,""posa"":0,""unit"":0,""stat"":5,""coor"":2,""momo"":1,""dist"":0,""home"":1,""mots"":1,""plan"":0,""line"":482,""path"":2,""frmo"":2,""prbe"":1,""safe"":0,""estp"":0,""spc"":1,""hold"":0,""macs"":5,""cycs"":1,""sps"":12000,""feed"":185.42,""mark"":1069948221}}",5.322628860999951,0.2098816026252351,0.2118068907110009,0.2101970487135682,5.322628860999951,0.2098816026252351,0.2118068907110009,0.2101970487135682,-0.99390312,0.04335544,-0.0124436800000001,-1.7676392800000007,-0.973203880000001,0.916,-32.0,36.25463724,-39.21593636000001,100.1,34.0,83.65243716000015,56.1083420800001,56.1083420800001,57.128493560000095,172.4056328400003,1508.9608573199994,-1.00030724,-0.0691999199999999,0.0321252,5.464422519999999,1.89142368,1.9823951199999992,-3.3055113600000032,16.49527732,-94.50472268,100.080079,32.284952319999995,101.43588280000009,64.91002196000007,71.67062932000007,38.86365112000004,158.78845268000018,1241.27440044,-1.0145164,-0.0453606000000002,0.0135987199999999,-5.36207504,-8.06592496,0.4864437600000005,-13.331161600000003,38.0,67.0,100.0,32.61018976,104.26909580000022,2.547498560000005,2.0379983600000044,2.0379983600000044,5.604496320000012,1388.74955832,-1.02192996,0.1299094799999997,-0.00636792,2.92759304,1.6878943199999987,4.17245264,-6.848351800000001,31.48027164,37.407536320000006,100.0,32.98440776,103.25846623999962,2.401359319999991,2.401359319999991,1.9210876799999927,5.763263479999979,1154.3266464,-0.91324272,0.2082933600000004,-0.0274694800000002,1.5468196400000187,1.7090865600000016,1.1130369200000003,9.009553679999993,-11.276020480000003,2.657867439999956,100.0,40.58,90.5474582800006,104.3578838400007,74.3884402800005,56.19270688000037,209.0911546400014,1661.2514733999974,-1.00581468,-0.005772,0.0152070399999999,0.6470494400000009,1.90888492,4.97756256,9.550204720000004,-15.0,26.44979528,100.1,33.4555022,127.1044932000011,62.72335548000052,55.570692360000464,66.57479040000055,177.67292620000148,1280.040069439999,482,X1.6151 Y1.4617 Z-0.0391
16:36:32.799,5,486,1.6415,1.47504,-0.04013,89.25523,54.3513,-27.01168,,185.42,0,0,,2,1,"{""sr"":{""mpox"":89.25523,""mpoy"":54.3513,""mpoz"":-27.01168,""mpoa"":0,""posx"":1.6415,""posy"":1.47504,""posz"":-0.04013,""posa"":0,""unit"":0,""stat"":5,""coor"":2,""momo"":1,""dist"":0,""home"":1,""mots"":1,""plan"":0,""line"":486,""path"":2,""frmo"":2,""prbe"":1,""safe"":0,""estp"":0,""spc"":1,""hold"":0,""macs"":5,""cycs"":1,""sps"":12000,""feed"":185.42,""mark"":1069948221}}",5.3856226597173125,0.2105315488643342,0.208149383311142,0.2050226522063274,5.3856226597173125,0.2105315488643342,0.208149383311142,0.2050226522063274,-0.98776044,0.0384351,-0.00983812,-1.7512986000000028,-0.9079652200000012,1.05528458,-31.643565719999994,36.48173018,-39.19459874000001,100.1,34.00712876,80.17196818000035,57.00968026000019,56.13497616000018,57.52795070000019,173.78222666000056,1301.272734759998,-1.01481592,-0.07539926,0.02304952,5.46772088,1.7166206999999964,2.067638179999999,-1.4633193799999966,7.804369579999983,-46.3384444599999,100.07198282,32.28,93.2252960600002,65.05281600000013,72.22399288000015,38.41701780000008,159.30256622000033,1441.0117262000028,-1.0118567200000002,-0.0198894199999998,0.0106225400000001,-5.437167720000002,-8.187589039999997,0.3643901400000009,-13.479281679999998,38.0,67.47928168,100.0,32.61492468,108.30936870000043,2.60359060000001,2.082872280000009,2.082872280000009,5.727899520000023,1588.6455423400027,-0.9839936,0.12077844,-0.0057939199999998,2.82907252,1.7570729999999997,3.97289038,-7.0,31.21192034,37.211920340000006,100.0,32.987511,100.24341965999922,2.3040215199999823,2.3040215199999823,1.843217139999986,5.529652039999958,1178.4252414400005,-0.8820930999999987,0.2877881799999983,-0.0072389800000003,1.987457260000004,1.5307917799999935,1.16701592,12.967291099999988,2.8197099400000587,9.176543539999846,100.0,40.55196134,93.53931504000118,111.3290008000014,79.192794280001,60.25538690000075,223.2318622200028,2428.1706753600115,-1.0047523399999998,-0.0154848000000002,0.0001066999999997,0.3720991199999992,2.075551680000001,4.813740539999999,9.655969660000013,-15.597123600000009,25.94115394,100.1,33.46597148,80.01455014000123,67.47495632000104,59.71235096000092,71.65482118000111,191.67664670000292,1125.9397241000024,486,X1.6457 Y1.4779 Z-0.0403
16:36:33.055,5,490,1.66505,1.49559,-0.04121,89.85348,54.87313,-27.03926,,185.42,0,0,,2,1,"{""sr"":{""mpox"":89.85348,""mpoy"":54.87313,""mpoz"":-27.03926,""mpoa"":0,""posx"":1.66505,""posy"":1.49559,""posz"":-0.04121,""posa"":0,""unit"":0,""stat"":5,""coor"":2,""momo"":1,""dist"":0,""home"":1,""mots"":1,""plan"":0,""line"":490,""path"":2,""frmo"":2,""prbe"":1,""safe"":0,""estp"":0,""spc"":1,""hold"":0,""macs"":5,""cycs"":1,""sps"":12000,""feed"":185.42,""mark"":1069948221}}",5.220038658513813,0.201810574028442,0.2084617032886753,0.2110387004186866,5.220038658513813,0.201810574028442,0.2084617032886753,0.2110387004186866,-1.00449252,0.04997652,-0.0078339999999998,-1.5460857799999983,-0.902882979999998,0.8608049799999994,-32.0,37.0,-38.57245833999999,100.1,34.01035184,81.43519153999938,50.89699491999961,49.50889503999962,50.89699491999961,154.0790841599988,1713.26473560001,-1.0003260399999998,-0.0655531800000001,0.0298583400000002,5.5661389,1.5282811799999965,1.958950599999999,-3.0,16.14275793999999,-94.52260666,100.08572418,32.28142766,86.27467609999985,59.67419229999973,67.31248865999969,34.99248609999983,146.8453317999993,1898.3828517400063,-1.0160468800000009,-0.0232791199999999,-0.0102983600000001,-5.167893579999985,-8.324236420000009,0.3251410799999938,-9.797530379999872,26.59329663999965,47.43291401999938,100.0,32.60300144,94.68546879999911,2.276333619999978,1.8210667999999828,1.8210667999999828,5.007933799999952,2175.634449640009,-1.0265176399999996,0.0960809800000002,-0.0184114399999999,2.919578940000001,1.8414210599999992,4.012112800000003,-7.0,31.57710830000001,36.504111680000015,100.0,32.9957711,125.80964034000158,2.8855422400000363,2.8855422400000363,2.308433940000029,6.925301080000087,1415.1670112800016,-0.920336220000002,0.4552749000000054,-0.0719328,3.29969642000005,2.028137580000001,1.241581100000002,13.81601334000004,7.779756679999935,21.896751920000387,100.0,40.5365109,57.43267301999764,67.55102537999721,48.14939961999803,36.49815141999851,135.37657177999446,2890.980925740022,-1.0023796000000005,-0.02200464,-0.0093882400000003,0.4334224799999936,1.8559858000000056,5.00073242,9.93003818,-14.93003818,25.0,100.1,33.47,67.34548057999547,34.16122163999794,30.50109117999816,36.53134729999778,97.53352939999408,1593.9000502600047,490,X1.6704 Y1.5021 Z-0.0416
16:36:33.313,5,493,1.68239,1.52158,-0.04239,90.29388,55.53346,-27.06925,,185.42,0,0,,2,1,"{""sr"":{""mpox"":90.29388,""mpoy"":55.53346,""mpoz"":-27.06925,""mpoa"":0,""posx"":1.68239,""posy"":1.52158,""posz"":-0.04239,""posa"":0,""unit"":0,""stat"":5,""coor"":2,""momo"":1,""dist"":0,""home"":1,""mots"":1,""plan"":0,""line"":493,""path"":2,""frmo"":2,""prbe"":1,""safe"":0,""estp"":0,""spc"":1,""hold"":0,""macs"":5,""cycs"":1,""sps"":12000,""feed"":185.42,""mark"":1069948221}}",5.22338416713629,0.1990333968547265,0.2075370160694057,0.208173708590314,5.22338416713629,0.1990333968547265,0.2075370160694057,0.208173708590314,-0.9886639,0.0331070999999992,0.0045293999999999,-1.7407907000000031,-0.9292610999999936,1.0010729999999932,-32.43694619999998,36.04189889999997,-38.52074399999992,100.1,34.019581,85.99801600000272,61.9359273000015,59.72561010000141,61.41477150000145,185.84967990000447,1844.4774413999955,-1.0102621000000005,-0.0732558999999997,0.0141259000000005,5.338291999999999,1.850353800000012,1.980214399999996,-3.0,16.0,-95.28194430000006,100.1,32.2960857,120.64461610000176,65.95239010000098,75.0677612000011,38.60627660000057,163.5404793000024,2052.97478220003,-0.9750970999999998,-0.0191936,-0.0006980000000013,-5.169911000000015,-8.156640799999979,0.4028304000000091,-13.425870999999985,37.42587099999998,67.48517919999993,100.0,32.61,118.84470020000327,2.870645100000079,2.2965160000000635,2.2965160000000635,6.315419100000175,2109.944167900021,-1.0213424999999994,0.1397521000000004,-0.0135856000000004,2.8582487999999917,1.7404495999999896,4.0086224,-6.308185200000029,31.0,36.691814799999975,100.0,33.0031762,81.63124799999405,1.8707633999998647,1.8707633999998647,1.4966108999998915,4.489831699999676,1719.6209899000005,-0.9098852999999892,0.5536223000000017,-0.002823400000002,1.3061397999999005,1.1273339999999106,1.271753499999999,8.335952900000033,8.150088899999611,-0.5990971000009894,100.0,40.5491852,123.83942700000884,144.85460260001034,102.82425150000734,78.05636630000556,291.2102896000208,3548.5906636001027,-0.9997047,-0.0141504000000004,-0.0028912000000004,0.4988163999999958,1.7087280000000051,5.105367300000008,10.0,-15.0,26.90911220000008,100.1,33.47,107.77160150000908,92.14060590000776,81.44571440000686,97.89939430000824,261.61350740002206,1765.9260066000063,493,X1.6838 Y1.5244 Z-0.0425
16:36:33.570,5,497,1.6925,1.55113,-0.04348,90.55063,56.28382,-27.09677,,185.42,0,0,,2,1,"{""sr"":{""mpox"":90.55063,""mpoy"":56.28382,""mpoz"":-27.09677,""mpoa"":0,""posx"":1.6925,""posy"":1.55113,""posz"":-0.04348,""posa"":0,""unit"":0,""stat"":5,""coor"":2,""momo"":1,""dist"":0,""home"":1,""mots"":1,""plan"":0,""line"":497,""path"":2,""frmo"":2,""prbe"":1,""safe"":0,""estp"":0,""spc"":1,""hold"":0,""macs"":5,""cycs"":1,""sps"":12000,""feed"":185.42,""mark"":1069948221}}",5.213290895862065,0.2005602340529122,0.2037403495145449,0.2097601487924195,5.213290895862065,0.2005602340529122,0.2037403495145449,0.2097601487924195,-0.99009364,0.0418507600000002,-0.0049659200000004,-1.8442062399999932,-1.006180919999993,0.9561499999999986,-31.59470528000002,36.0,-38.59470528000002,100.1,34.01428504,63.55493304000122,47.13335868000079,45.39622756000073,46.70487272000078,140.97159008000236,1358.1171840400004,-1.0032058,-0.0754890399999999,0.0425567999999999,5.457652839999998,1.6429142400000074,2.0833862399999963,-3.0,16.0,-95.01803528000002,100.1,32.29525312,86.30002256000083,55.706893280000536,63.46932920000061,32.41958560000031,137.4407773600013,1870.594909320006,-1.0198205199999997,-0.0275298799999997,0.0250980799999995,-5.27262696000001,-8.32732884,0.3503756399999973,-13.01613080000002,37.58666551999999,66.84280072000003,100.0,32.61570528,85.9736518400018,2.0666743200000437,1.6533398400000348,1.6533398400000348,4.546683120000096,2222.242552720002,-1.0300851199999992,0.12443812,-0.0009441200000002,2.7110500400000044,1.688942200000001,4.049721880000001,-6.643901199999985,31.356098800000016,36.63026111999997,100.0,32.99,139.75385095999692,3.2195059999999285,3.205865919999913,2.575604799999943,7.7268153599998275,1466.688345480012,-0.8050550400000045,0.2594392400000006,-0.0163120399999989,2.299042199999996,2.414779519999932,1.063746320000004,9.60027691999996,-1.4376551599999816,1.297529679999618,100.0,40.57,33.99874240000472,40.218025080005575,28.608698640003965,21.767487480003016,80.64335968001119,3029.0211485199875,-1.00028244,-0.01334864,-0.0148946400000001,0.6403291999999904,1.7862683600000058,4.829784320000003,11.0,-15.123789880000038,26.87238655999996,100.1,33.47,17.70196420000529,13.740685720004103,12.25520608000366,14.7310058400044,39.36520788001176,1366.42850116,497,X1.6937 Y1.5575 Z-0.0437
16:36:33.827,5,500,1.69473,1.58253,-0.04457,90.60736,57.08159,-27.12449,,185.42,0,0,,2,1,"{""sr"":{""mpox"":90.60736,""mpoy"":57.08159,""mpoz"":-27.12449,""mpoa"":0,""posx"":1.69473,""posy"":1.58253,""posz"":-0.04457,""posa"":0,""unit"":0,""stat"":5,""coor"":2,""momo"":1,""dist"":0,""home"":1,""mots"":1,""plan"":0,""line"":500,""path"":2,""frmo"":2,""prbe"":1,""safe"":0,""estp"":0,""spc"":1,""hold"":0,""macs"":5,""cycs"":1,""sps"":12000,""feed"":185.42,""mark"":1069948221}}",5.262809178522397,0.2026976987660602,0.2185062399809857,0.2122363735233341,5.262809178522397,0.2026976987660602,0.2185062399809857,0.2122363735233341,-0.99220114,0.0379681,-0.0316344199999999,-1.72771434,-1.0061756400000017,0.9217358600000002,-32.55069898,36.0,-38.895998520000006,100.1,34.02,89.21326624000022,60.57690900000015,57.82341328000015,59.47551104000014,180.62932922000044,1893.6051125999963,-1.00914498,-0.06807054,-0.0110179999999998,5.28253328,2.0226563800000013,2.0711158,-2.531839520000001,16.450275940000004,-95.46816048,100.05318418,32.2953182,82.3927009000001,64.3526078600001,73.92572342000012,37.22878138000006,158.93851802000026,1552.8288836599995,-1.00937708,-0.0357957800000001,0.0185665799999999,-5.425495499999999,-8.2021344,0.3561549999999994,-14.072619559999996,37.48588444000001,67.07261955999999,100.0,32.60631092,115.12451446000031,2.792521640000008,2.2340176400000065,2.2340176400000065,6.143548100000017,1952.1305173799976,-1.00540766,0.11117938,-0.01276138,2.934754980000001,1.7727348199999988,4.036499880000001,-6.600366120000003,31.0,38.13933900000001,100.0,33.00399616,85.92138901999942,1.9981713999999864,1.9981713999999864,1.5985375199999892,4.795612559999968,1605.6806301199986,-0.9430947200000008,0.3998608599999991,0.01942856,1.1217088400000017,1.7794949399999955,1.0704776800000015,10.401559060000013,-8.340843360000077,18.84143714000012,100.0,40.59,115.49491970000088,135.95125042000106,96.70759088000077,73.58186232000055,273.3040609000021,1922.5832171000004,-1.0050506,-0.00758406,-0.0061330600000003,0.6087027000000018,1.83000316,4.94699052,10.0,-15.0,26.226719639999992,100.1,33.47,144.8532217200013,84.02027034000078,74.93699716000069,90.07578464000083,239.94977996000225,1558.541123759998,500,X1.6947 Y1.5835 Z-0.0446
16:36:34.085,5,504,1.68865,1.6131,-0.04575,90.45285,57.85798,-27.15455,,185.42,0,0,,2,1,"{""sr"":{""mpox"":90.45285,""mpoy"":57.85798,""mpoz"":-27.15455,""mpoa"":0,""posx"":1.68865,""posy"":1.6131,""posz"":-0.04575,""posa"":0,""unit"":0,""stat"":5,""coor"":2,""momo"":1,""dist"":0,""home"":1,""mots"":1,""plan"":0,""line"":504,""path"":2,""frmo"":2,""prbe"":1,""safe"":0,""estp"":0,""spc"":1,""hold"":0,""macs"":5,""cycs"":1,""sps"":12000,""feed"":185.42,""mark"":1069948221}}",5.256488090373674,0.2015884485220019,0.220521888836482,0.2147572307109091,5.256488090373674,0.2015884485220019,0.220521888836482,0.2147572307109091,-0.9840024200000002,0.0400146799999999,-0.0012710600000002,-1.711147540000005,-0.9400458200000024,0.8834591400000004,-32.278046119999985,36.0,-39.80290267999998,100.1,34.02443884,73.68245708000084,52.068698720000526,49.89007752000053,51.31550850000053,155.8470995800016,2141.85954048001,-0.99645352,-0.07651558,0.0288421999999992,5.133256140000004,1.9392058399999952,1.9825569400000005,-3.0,16.0,-95.66996698,100.0639046,32.30639046,80.43329632000048,58.14455188000035,66.8662346400004,33.917654680000204,143.90776496000086,1700.3979611000054,-0.9848429400000008,-0.0302363200000002,0.0225635600000004,-5.279484980000007,-8.022060519999993,0.4354136400000007,-14.468152240000006,37.0,66.13792610000002,100.0,32.62,96.90753100000124,2.3407615400000297,1.872609300000024,1.872609300000024,5.1496756600000655,1957.7938083000024,-0.9972078400000004,0.1202621199999995,-0.0050503999999996,2.8887207199999985,1.7839339800000011,4.163141799999999,-6.564703600000021,31.0,37.0,100.0,32.99668102,119.9249866199978,2.75858341999995,2.2068669399999603,2.2068669399999603,6.068883659999891,1677.1316564400038,-0.8396177599999988,0.5766850199999924,-0.0575734000000001,2.7652635799999854,1.2972363199999988,1.1726661400000002,10.254611720000025,7.337122519999874,14.95745008000027,100.0,40.58,66.96439454000331,77.32793148000381,55.00646708000271,41.85274680000207,155.45305906000766,2189.8887014399834,-1.0132057800000005,-0.0124637599999996,0.0182669400000017,0.6201178199999879,1.6384054800000036,4.835092080000005,10.0,-15.032960620000004,26.628084599999976,100.0595122,33.47,48.34899116000327,41.2825999200028,36.819616800002485,44.25792278000299,118.269070780008,1592.1951366599976,504,X1.6873 Y1.6172 Z-0.0459
16:36:34.342,5,508,1.67504,1.64119,-0.04683,90.10726,58.57144,-27.18207,,185.42,0,0,,2,1,"{""sr"":{""mpox"":90.10726,""mpoy"":58.57144,""mpoz"":-27.18207,""mpoa"":0,""posx"":1.67504,""posy"":1.64119,""posz"":-0.04683,""posa"":0,""unit"":0,""stat"":5,""coor"":2,""momo"":1,""dist"":0,""home"":1,""mots"":1,""plan"":0,""line"":508,""path"":2,""frmo"":2,""prbe"":1,""safe"":0,""estp"":0,""spc"":1,""hold"":0,""macs"":5,""cycs"":1,""sps"":12000,""feed"":185.42,""mark"":1069948221}}",5.207961327911802,0.2031712542219175,0.2056801518401682,0.2090885357454972,5.207961327911802,0.2031712542219175,0.2056801518401682,0.2090885357454972,-0.9957816,0.0436065599999999,-0.0036243599999997,-1.699331759999998,-0.9559406800000018,0.8994550800000017,-32.0,36.0,-39.21825388000001,100.1,34.02,79.58933184000057,54.9065639600004,52.89164452000038,54.40283436000039,165.2234224800012,1709.4714906800027,-1.00945124,-0.08090936,0.0148196799999998,5.318316200000004,2.062754119999996,2.140043760000001,-3.21732143999999,16.0,-95.78455148000002,100.0,32.28500952,83.7411072000003,60.11236380000025,69.12921816000029,34.564609320000145,148.77810084000063,1459.187520799997,-0.9782371999999996,-0.0175407600000002,-0.0018816400000001,-5.507564080000004,-7.946505839999999,0.4999179199999994,-14.0,37.308001720000014,66.49662531999999,100.0,32.605033559999995,104.70195256000088,2.516873920000021,2.0134992400000167,2.0134992400000167,5.537122520000047,1605.5202281200018,-1.00057692,0.1124675600000005,-0.0094015199999998,2.8496644800000017,1.892635280000002,3.974739559999996,-5.824036439999977,31.0,37.16555007999999,100.0,33.00165552,106.96716955999844,2.4646809199999646,2.4646809199999646,1.971745119999972,5.422299119999922,1375.8706591599982,-0.9799014000000008,0.2600242000000002,-0.0010139199999989,2.802464240000001,1.1098467199999822,1.2320241200000035,8.845384280000037,12.315217039999796,5.192815080000395,100.0,40.5491264,83.55962196000236,98.9482474400028,70.38586644000198,53.55446400000151,198.4938875600056,1961.9875293200016,-1.0064348399999998,-0.0052004799999997,0.0153328399999998,0.3703356000000045,1.681751440000003,4.884451280000005,9.056674680000002,-14.290738080000034,24.770612960000054,100.1,33.47,87.56897772000275,57.47227788000203,51.25905840000182,61.61442384000218,165.16807788000588,1423.3777473200018,508,X1.6706 Y1.6475 Z-0.0471
16:36:34.602,5,511,1.65455,1.66469,-0.04792,89.5867,59.16834,-27.20958,,185.42,0,0,,2,1,"{""sr"":{""mpox"":89.5867,""mpoy"":59.16834,""mpoz"":-27.20958,""mpoa"":0,""posx"":1.65455,""posy"":1.66469,""posz"":-0.04792,""posa"":0,""unit"":0,""stat"":5,""coor"":2,""momo"":1,""dist"":0,""home"":1,""mots"":1,""plan"":0,""line"":511,""path"":2,""frmo"":2,""prbe"":1,""safe"":0,""estp"":0,""spc"":1,""hold"":0,""macs"":5,""cycs"":1,""sps"":12000,""feed"":185.42,""mark"":1069948221}}",5.190961180540883,0.1993373595390196,0.2075989359399773,0.2092791935754537,5.190961180540883,0.1993373595390196,0.2075989359399773,0.2092791935754537,-0.9931944399999996,0.0338190799999998,-0.0031955200000001,-1.6807187199999936,-0.9605065600000032,0.961188439999996,-32.47261491999999,36.134092799999976,-38.55193823999994,100.1,34.02,85.20411208000121,57.484952320001085,55.37541268000105,56.95756724000107,172.8481495600033,1757.164842280002,-1.0034748800000002,-0.0719941199999996,0.0401351999999985,5.213350479999997,1.991188079999997,2.058172879999999,-2.2494197599998804,11.063085079999546,-65.68706795999731,100.1,32.28691416,80.55080160000091,61.9621554000007,71.2564781600008,36.14459076000041,153.35633412000175,1432.1850220800004,-0.9891653200000003,-0.03450792,0.0219387999999994,-5.359477040000009,-8.386738680000004,0.3219830000000016,-14.0,37.0,67.0,100.0,32.60569408,111.1430009600024,2.6589235600000576,2.127138720000046,2.127138720000046,5.849631640000126,1563.6574944399908,-1.0095567199999984,0.1089457200000005,-0.0151323600000001,2.847811959999996,1.762721200000001,3.999857679999994,-6.0,31.0,38.23333112000002,100.0,33.014429719999995,96.5492400799957,2.2149747199999026,1.771980239999922,1.771980239999922,4.872945239999786,1376.8937183999956,-1.0352205200000073,0.1234626399999995,-3.255999999707798e-05,0.9097829999999856,1.458148919999932,1.223355159999992,8.03860615999987,-2.1549362400002647,8.844292560000829,100.0,40.54261888,103.97760660000672,118.65679772000767,84.40535056000546,64.22146244000416,237.9252281600154,1674.2778490799992,-1.0081610799999998,-0.0089981599999996,0.0082249999999999,0.3954347199999976,1.9193539199999827,4.987474360000013,10.35396755999995,-15.64603244000005,25.353967559999948,100.02896864,33.47,152.46368056001197,71.70961188000562,64.60325440000507,76.87787272000604,206.73041396001625,1463.7722396799852,511,X1.6528 Y1.6663 Z-0.048
16:36:34.857,5,515,1.62848,1.68227,-0.04911,88.92462,59.61495,-27.23985,,185.42,0,0,,2,1,"{""sr"":{""mpox"":88.92462,""mpoy"":59.61495,""mpoz"":-27.23985,""mpoa"":0,""posx"":1.62848,""posy"":1.68227,""posz"":-0.04911,""posa"":0,""unit"":0,""stat"":5,""coor"":2,""momo"":1,""dist"":0,""home"":1,""mots"":1,""plan"":0,""line"":515,""path"":2,""frmo"":2,""prbe"":1,""safe"":0,""estp"":0,""spc"":1,""hold"":0,""macs"":5,""cycs"":1,""sps"":12000,""feed"":185.42,""mark"":1069948221}}",5.157327662939735,0.2021775191314716,0.2038992662664751,0.2097431137485703,5.157327662939735,0.2021775191314716,0.2038992662664751,0.2097431137485703,-0.9843693600000002,0.0304316199999999,0.0133089999999987,-1.675498899999999,-0.7818842800000009,0.9701967799999958,-32.09277246000001,36.45643200000001,-38.54920446000002,100.1,34.02543536,66.18260782000084,49.75106406000063,47.92533684000061,49.75106406000063,149.7096231800019,1470.9408102999969,-1.0047396599999998,-0.0759745199999998,0.0225452999999995,5.203722360000005,2.06303592,1.9314634200000007,-3.0,16.0,-95.23227647999995,100.08792156,32.29173086,70.47303176000042,57.33541180000043,65.8646465800005,33.16924670000025,142.03312950000105,1891.095061619993,-1.02462324,-0.0267114199999996,0.0261981599999999,-5.325969580000002,-8.058689060000003,0.3386479199999995,-13.448396580000006,37.0,67.86910241999998,100.0,32.62468204,93.26654298000145,2.2419841200000348,1.7935875400000276,1.7935875400000276,4.932365040000077,1856.642982599997,-1.0208031199999994,0.1271651199999995,-0.0044443000000002,2.897516120000001,1.8256551599999995,4.096432039999997,-6.0,31.0,37.73374076000001,100.0,33.02022546,129.06039307999745,2.9465846199999417,2.357267139999953,2.357267139999953,6.4824851599998725,1611.5028843399934,-1.01689684,0.2881774599999922,0.0097291200000002,2.20806001999992,1.2190052800000173,1.1599731599999934,9.329263359999656,2.220094619999913,-2.6947383199998813,100.0,40.54178068,53.44142626000379,62.49539530000448,44.4554875800032,33.82482746000241,125.49101116000902,2706.033856799981,-1.01444382,-0.0064349000000003,-0.0017104800000012,0.4669191599999984,2.143998099999992,4.895131900000002,10.72776395999997,-15.073351199999996,26.801115159999966,100.09266488,33.47,58.04089970000805,30.490431740003345,27.223599700002996,32.66831984000358,87.46110592000959,1241.9217940600058,515,X1.6235 Y1.6847 Z-0.0493
16:36:35.115,5,518,1.59903,1.69254,-0.05019,88.17658,59.87587,-27.26737,,185.42,0,0,,2,1,"{""sr"":{""mpox"":88.17658,""mpoy"":59.87587,""mpoz"":-27.26737,""mpoa"":0,""posx"":1.59903,""posy"":1.69254,""posz"":-0.05019,""posa"":0,""unit"":0,""stat"":5,""coor"":2,""momo"":1,""dist"":0,""home"":1,""mots"":1,""plan"":0,""line"":518,""path"":2,""frmo"":2,""prbe"":1,""safe"":0,""estp"":0,""spc"":1,""hold"":0,""macs"":5,""cycs"":1,""sps"":12000,""feed"":185.42,""mark"":1069948221}}",5.143373787618109,0.2006094061268941,0.2049454501377467,0.2090214228787222,5.143373787618109,0.2006094061268941,0.2049454501377467,0.2090214228787222,-0.99327898,0.04559602,-0.00644544,-1.6967597200000004,-0.9295619800000002,0.8767715599999997,-32.51947272,36.0,-38.5447206,100.1,34.025699780000004,93.10681842000008,62.12654602000005,60.41664152000005,62.12654602000005,188.06429568000016,1182.4423987399998,-1.00547472,-0.07606998,0.02877436,5.47382132,1.8278621000000004,2.01887642,-3.0,16.539968679999998,-95.42718582,100.0,32.285727699999995,62.09644304000003,65.87622650000003,75.05570034000003,38.33780410000002,162.53069024000007,1349.3184933199998,-1.02551048,-0.03098358,0.02373878,-5.1313731,-8.39730376,0.2365633999999998,-8.565152359999985,22.73052927999996,41.19627601999992,100.0,32.6119305,120.95882994000011,2.8937521800000026,2.315001720000002,2.315001720000002,6.366253880000006,1351.5891589599998,-0.99251358,0.11949212,-0.0100726799999999,2.88382942,1.66729028,3.93083052,-6.0,31.0,38.0,100.0,33.02276704,78.43663045999982,1.808205739999996,1.4465651799999963,1.4465651799999963,3.97805303999999,992.7843299399996,-0.8803617000000001,0.18819422,-0.044103,1.4706452399999923,1.3821357599999988,1.3203761800000005,14.0,-2.260650700000024,20.803368720000066,100.0,40.57,129.55779744000031,150.50426814000036,107.05973674000025,81.45849504000019,301.78433040000067,1465.361995819998,-1.0065666,-0.0002232399999999,0.01813832,0.5868653000000003,2.021512400000001,4.838481959999999,10.0,-15.0900661,25.9099339,100.1,33.47909948,165.09280572000043,96.66055454000023,86.39571696000024,103.50378024000028,277.1506176000007,927.7894973599996,518,X1.5988 Y1.6926 Z-0.0502
16:36:35.378,5,522,1.56717,1.69467,-0.0513,87.36717,59.92977,-27.29552,,185.42,0,0,,2,1,"{""sr"":{""mpox"":87.36717,""mpoy"":59.92977,""mpoz"":-27.29552,""mpoa"":0,""posx"":1.56717,""posy"":1.69467,""posz"":-0.0513,""posa"":0,""unit"":0,""stat"":5,""coor"":2,""momo"":1,""dist"":0,""home"":1,""mots"":1,""plan"":0,""line"":522,""path"":2,""frmo"":2,""prbe"":1,""safe"":0,""estp"":0,""spc"":1,""hold"":0,""macs"":5,""cycs"":1,""sps"":12000,""feed"":185.42,""mark"":1069948221}}",5.181717821947735,0.2010254324393031,0.2062518184331034,0.2074350934916377,5.181717821947735,0.2010254324393031,0.2062518184331034,0.2074350934916377,-0.9877486,0.0354739999999999,-0.0101906,-1.7693362000000037,-0.8547795999999963,0.9760199999999978,-32.22093700000003,36.33684800000001,-39.32630319999998,100.1,34.04,76.68284119999957,49.35076619999951,48.1083995999995,49.466677199999495,149.9792477999985,1378.1672796000007,-1.0120648,-0.0817158000000001,0.0161774000000001,5.295650399999999,1.7480070000000032,2.0372834000000006,-3.438029600000016,15.909864800000014,-95.65210559999996,100.1,32.286521400000005,43.40884939999975,58.507578799999656,66.05694399999962,34.4439781999998,143.90977159999915,1401.0847910000043,-0.9823792,-0.0160713999999997,0.0061554000000003,-5.313656400000003,-8.425214800000004,0.3781680000000018,-13.444223799999994,36.4442238,67.41425459999998,100.0,32.6158572,92.8427465999989,2.221118599999974,1.776894999999979,1.776894999999979,4.886460399999942,1602.772909600002,-0.9925394,0.1170962000000005,-0.0204065999999999,2.8731797999999995,1.791814599999997,3.893720999999999,-5.0,31.0,38.0,100.0,33.0152464,128.78062260000192,2.9657168000000445,2.372573200000036,2.372573200000036,6.5245764000000985,1386.976356200007,-0.968083200000002,0.1415197999999984,0.018764200000002,1.8928912000000693,0.9320731999999526,1.0614006000000022,10.763921399999878,15.936594800000034,8.520236599999926,100.0,40.566918,49.92719559999709,59.48116479999653,42.22238139999754,32.05202659999813,119.57871579999302,1776.584925999996,-1.0042728,-0.0111111999999998,0.0074692000000002,0.4567953999999973,1.5928635999999992,4.9329711999999954,10.0,-14.746159200000024,25.980775200000004,100.1,33.4825382,51.02196019999536,28.937827799997365,25.637900199997663,30.96855259999718,82.75203459999247,1179.4568973999983,522,X1.5643 Y1.6945 Z-0.0514
16:36:35.635,5,526,1.53652,1.68859,-0.05248,86.5888,59.77554,-27.32558,,185.42,0,0,,2,1,"{""sr"":{""mpox"":86.5888,""mpoy"":59.77554,""mpoz"":-27.32558,""mpoa"":0,""posx"":1.53652,""posy"":1.68859,""posz"":-0.05248,""posa"":0,""unit"":0,""stat"":5,""coor"":2,""momo"":1,""dist"":0,""home"":1,""mots"":1,""plan"":0,""line"":526,""path"":2,""frmo"":2,""prbe"":1,""safe"":0,""estp"":0,""spc"":1,""hold"":0,""macs"":5,""cycs"":1,""sps"":12000,""feed"":185.42,""mark"":1069948221}}",5.166101089900713,0.2015452780359226,0.2039226480316673,0.2137661787156226,5.166101089900713,0.2015452780359226,0.2039226480316673,0.2137661787156226,-0.9885425599999996,0.0373959399999999,0.0063611399999993,-1.7279068399999915,-0.869709159999999,1.026052740000002,-32.19585699999997,36.722374959999975,-39.69005438000013,100.1,34.04,83.18983346000152,57.39045462000106,56.86393698000105,57.916972580001065,175.33047162000324,2018.7789658200213,-1.00172468,-0.0787877400000004,0.0492860800000012,5.199999859999995,2.058352079999995,2.05882406,-3.362204040000034,16.0,-96.483829,100.0483833,32.29878368,49.46272679999928,64.67528394000072,72.26387532000084,38.19661966000045,159.2884595400018,2200.186840760028,-1.028780980000003,-0.0284768799999981,0.0003743599999993,-5.554268879999995,-8.243927840000019,0.3268786799999914,-13.609105099999963,36.609105099999965,67.52914808000001,100.0,32.61138244,110.33923870000235,2.645739060000058,2.1165909800000464,2.1165909800000464,5.820625200000127,2251.2772288200345,-0.9988739199999984,0.150278380000002,-0.0191042400000004,2.7958463199999946,1.8369073800000024,3.953935959999999,-5.566118639999958,31.117319039999977,38.43388136000004,100.0,33.02566116,97.38955677999576,2.243999319999902,1.795199059999922,1.795199059999922,4.936797579999785,2014.0835327400323,-0.896643239999996,0.1727806399999993,-0.0350602400000032,1.0425482799999235,0.9407788800000164,1.1676867199999983,11.958658140000042,6.429470719999805,5.907225620000167,100.0,40.56063002,98.03741352000638,116.45759852000764,82.84097180000543,63.03117438000413,232.97820312001525,2660.1781923000194,-1.0041158200000004,-0.0196296799999993,-0.0082113999999998,0.526251000000003,1.8624161000000208,4.852294279999995,9.403856319999944,-15.596143680000056,25.0,100.1,33.49,108.54969746000828,71.51663174000578,63.96089636000517,77.12931632000624,205.70910010001663,1904.86927696004,526,X1.5306 Y1.6865 Z-0.0527
16:36:35.893,5,529,1.50852,1.67491,-0.05357,85.87759,59.42798,-27.35309,,185.42,0,0,,2,1,"{""sr"":{""mpox"":85.87759,""mpoy"":59.42798,""mpoz"":-27.35309,""mpoa"":0,""posx"":1.50852,""posy"":1.67491,""posz"":-0.05357,""posa"":0,""unit"":0,""stat"":5,""coor"":2,""momo"":1,""dist"":0,""home"":1,""mots"":1,""plan"":0,""line"":529,""path"":2,""frmo"":2,""prbe"":1,""safe"":0,""estp"":0,""spc"":1,""hold"":0,""macs"":5,""cycs"":1,""sps"":12000,""feed"":185.42,""mark"":1069948221}}",5.167125522036344,0.200345825211068,0.2057575837285949,0.2108878935256428,5.167125522036344,0.200345825211068,0.2057575837285949,0.2108878935256428,-0.9894705,0.042859,-0.0054765,-1.721976,-0.818687,0.916,-32.0,36.790389,-38.289611,100.1,34.037904,81.133149,54.415173,54.205562,55.4136165,167.52890449999998,1361.0854075,-1.010547,-0.0742734999999999,0.015,5.2208895,1.870073,1.997321,-3.0,16.7265765,-95.226585,100.0273425,32.2954685,58.9989925,63.9989065,70.4987955,37.999351,156.4973265,1229.1326905,-1.013863,-0.0267005,0.024974,-5.517885000000001,-7.9720605,0.4822915,-13.702881,36.0,66.4997815,100.0,32.6140575,105.045872,2.5010925,2.000874,2.000874,5.5024025000000005,1451.854881,-1.026588,0.1279765,-0.0026535,2.7669740000000003,1.750207,4.0173380000000005,-5.0,31.0,37.171811000000005,100.0,33.0167255,109.1814775,2.496281,1.997025,1.997025,5.4918185,1153.5565259999998,-0.9583785,0.1818625,0.032907,1.1799315,1.4193285,1.1656055,10.223537,-0.9528760000000002,-4.4513915,100.0,40.5640735,83.3719695,97.35050350000002,68.89420199999999,52.4195015,194.70100700000003,1739.6913909999998,-1.0026575000000002,-0.018402,0.0005654999999999,0.3318035,2.2982080000000003,4.9045825,10.0,-15.0,25.4991865,100.095154,33.4954925,95.1545995,57.593573,51.583809,61.600083000000005,165.7693285,1232.1611345,529,X1.5077 Y1.6744 Z-0.0536
16:36:36.150,5,533,1.48494,1.65417,-0.05466,85.27858,58.90114,-27.38082,,185.42,0,0,,2,1,"{""sr"":{""mpox"":85.27858,""mpoy"":58.90114,""mpoz"":-27.38082,""mpoa"":0,""posx"":1.48494,""posy"":1.65417,""posz"":-0.05466,""posa"":0,""unit"":0,""stat"":5,""coor"":2,""momo"":1,""dist"":0,""home"":1,""mots"":1,""plan"":0,""line"":533,""path"":2,""frmo"":2,""prbe"":1,""safe"":0,""estp"":0,""spc"":1,""hold"":0,""macs"":5,""cycs"":1,""sps"":12000,""feed"":185.42,""mark"":1069948221}}",5.128923474035592,0.2024644394935627,0.2089594853979971,0.2132207415770786,5.128923474035592,0.2024644394935627,0.2089594853979971,0.2132207415770786,-0.9895236799999998,0.03700028,-0.0064210399999998,-1.7019155199999916,-0.8447782399999991,0.9584052799999982,-32.0,37.0,-40.023153679999965,100.1,34.053254759999994,72.45563000000084,51.9583135600006,52.43499524000061,53.388358960000616,161.1184399600019,1573.8623700800028,-0.99757656,-0.0793063199999995,0.0287978399999995,5.28138916000001,2.066014279999998,2.0316742399999987,-3.2897452799999845,16.197666280000018,-95.77715684,100.02897472,32.29487404,56.38257944000062,63.16581572000041,69.01475264000045,37.53067760000025,153.82433544000102,1746.300585079996,-1.00294012,-0.1077201999999996,0.00150336,-5.381474160000005,-8.194058799999992,0.4530164800000024,-13.952864320000034,37.0,67.47363488,100.0,32.62213264,98.3028450800013,2.368175040000032,1.8945401600000251,1.8945401600000251,5.20998560000007,1676.368819400009,-1.0030972000000005,0.1110452000000006,-0.0175276799999999,2.825766879999996,1.690161480000002,3.929322320000004,-5.763754319999977,31.0,38.47249136000004,100.0,33.00781312,117.1914293199977,2.7253818799999463,2.180305959999957,2.180305959999957,5.995840319999882,1515.2786807200066,-0.9864846399999968,0.2028890799999933,0.0152161999999977,2.0000642400000097,1.9673800799999608,1.2431959599999949,10.93995151999996,-7.140544239999936,9.55315539999963,100.0,40.56,69.65557408000375,79.7612814400042,56.855477720003,42.94838248000226,159.93159568000843,2085.4487220000105,-0.99904104,-0.018323079999999,0.0017626800000003,0.4032733999999983,1.8690428399999897,4.850958639999996,10.0,-15.0,25.611034839999974,100.09368384,33.5,88.40141580000613,45.11993368000319,40.063389640002825,48.231653120003415,129.19952660000914,1431.9268829599937,533,X1.4822 Y1.6511 Z-0.0548
16:36:36.407,5,537,1.4675,1.62832,-0.05584,84.83563,58.24448,-27.41088,,185.42,0,0,,2,1,"{""sr"":{""mpox"":84.83563,""mpoy"":58.24448,""mpoz"":-27.41088,""mpoa"":0,""posx"":1.4675,""posy"":1.62832,""posz"":-0.05584,""posa"":0,""unit"":0,""stat"":5,""coor"":2,""momo"":1,""dist"":0,""home"":1,""mots"":1,""plan"":0,""line"":537,""path"":2,""frmo"":2,""prbe"":1,""safe"":0,""estp"":0,""spc"":1,""hold"":0,""macs"":5,""cycs"":1,""sps"":12000,""feed"":185.42,""mark"":1069948221}}",5.155618514958664,0.2022620815717516,0.2060209191926248,0.2116051576616144,5.155618514958664,0.2022620815717516,0.2060209191926248,0.2116051576616144,-0.9912674400000004,0.0410607800000005,0.0049688800000001,-1.465664539999981,-0.8320905999999955,1.004680279999996,-17.941005499998614,20.126925179998445,-21.859196799998283,100.1,34.05453492,79.77802016000152,59.00600732000128,60.55223106000133,61.19141486000132,185.66682204000404,1339.626049919996,-1.0085259200000003,-0.0763610199999998,0.0162362199999988,5.289605039999993,1.8050801800000007,1.985424079999991,-3.0,16.645400299999967,-96.35459970000004,100.01203708,32.29709176,71.92910012000094,69.3039506400009,74.55424904000097,40.952334100000535,166.95951682000216,1518.1117376999955,-0.9567426799999992,-0.0356244399999998,0.0041185599999987,-4.969568799999988,-8.241170800000015,0.3181517200000001,-13.130446579999957,36.68176233999997,67.86955342000005,100.0,32.61448678,114.67375770000284,2.7565808000000684,2.2052642600000545,2.2052642600000545,6.06447758000015,1670.7731720400045,-0.9901122599999996,0.1125283599999998,-0.0224837999999998,2.9929588600000057,1.8580880600000045,4.046306100000007,-6.0,31.124027720000075,39.0,100.0,32.99143968,89.80734767999499,2.0598017799998853,1.647841579999908,1.647841579999908,4.531563759999748,1445.776591779983,-0.9556382399999972,0.2734769600000075,-0.0046621200000063,0.9033261199999164,1.7117539599999825,1.1167005400000016,12.564742059999958,11.058501280000325,10.406309399999332,100.0,40.5485492,113.38325576000786,131.60556540000908,93.8111459600065,71.53943550000496,263.88603088001827,2116.013985039994,-1.0062772600000005,-0.0133712600000004,-0.0026332200000012,0.4467935399999914,1.7490646800000236,4.815500159999989,10.72683304000006,-15.0,26.72683304000006,100.1,33.5,101.7566387200084,84.31264374000695,74.86381232000618,90.85414144000748,242.76226676002,1145.7868039000068,537,X1.4644 Y1.6216 Z-0.0561
16:36:36.665,5,540,1.45747,1.59882,-0.05692,84.581,57.49539,-27.4384,,185.42,0,0,,2,1,"{""sr"":{""mpox"":84.581,""mpoy"":57.49539,""mpoz"":-27.4384,""mpoa"":0,""posx"":1.45747,""posy"":1.59882,""posz"":-0.05692,""posa"":0,""unit"":0,""stat"":5,""coor"":2,""momo"":1,""dist"":0,""home"":1,""mots"":1,""plan"":0,""line"":540,""path"":2,""frmo"":2,""prbe"":1,""safe"":0,""estp"":0,""spc"":1,""hold"":0,""macs"":5,""cycs"":1,""sps"":12000,""feed"":185.42,""mark"":1069948221}}",5.150262595706788,0.2032645456377251,0.2071730368511794,0.2120185289367281,5.150262595706788,0.2032645456377251,0.2071730368511794,0.2120185289367281,-0.98906312,0.03781902,-0.00924862,-1.8613289199999976,-0.793,0.9299827999999996,-32.0,36.45995026000001,-39.97461814,100.1,34.0651465,55.190153040000105,46.933358380000094,48.2370626400001,49.1061984400001,148.18773212000028,1312.2966534000002,-1.00729202,-0.07255692,0.0262196799999999,5.1970791,2.1412487599999985,1.9549989000000003,-3.0,16.57441594,-96.0,100.0574415,32.30425538,71.83029656000008,60.96090654000007,65.08608050000008,36.20986178000004,146.64008850000016,1312.0981771800027,-0.98420694,-0.03108274,0.01172706,-5.130800120000003,-8.273635299999999,0.2448161600000011,-13.964462959999995,37.0,67.96446295999999,100.0,32.61546626,87.74829542000022,2.0892448200000056,1.6713956800000045,1.6713956800000045,4.596339720000011,1274.761295500002,-1.00646084,0.11410564,-0.0124546199999999,2.776208780000001,1.6698123400000002,3.935208780000001,-6.0,31.0,39.31817968,100.0,33.00039408,139.3861276999996,3.196929639999991,2.557543499999993,2.557543499999993,7.03324535999998,1247.3315414800013,-1.0018338199999992,0.235012100000001,0.0136785399999997,-0.4334381199999912,1.7598287000000012,1.2849803800000004,12.15666547999999,10.798195520000016,14.650555339999936,100.0,40.53825818,36.80933954000056,43.71746746000071,31.00371374000049,23.59426178000038,87.2118859200014,1928.096061920006,-1.00182504,-0.01056306,-0.00805086,0.666293639999999,2.05271022,4.952533540000001,9.91437446,-14.139887620000003,25.86011238,100.1,33.51,23.812210840000795,16.366818920000533,14.54828274000048,17.485917000000576,46.86225860000152,1071.280078200001,540,X1.457 Y1.5967 Z-0.057
16:36:36.923,5,544,1.45533,1.56752,-0.05802,84.5266,56.70016,-27.46612,,185.42,0,0,,2,1,"{""sr"":{""mpox"":84.5266,""mpoy"":56.70016,""mpoz"":-27.46612,""mpoa"":0,""posx"":1.45533,""posy"":1.56752,""posz"":-0.05802,""posa"":0,""unit"":0,""stat"":5,""coor"":2,""momo"":1,""dist"":0,""home"":1,""mots"":1,""plan"":0,""line"":544,""path"":2,""frmo"":2,""prbe"":1,""safe"":0,""estp"":0,""spc"":1,""hold"":0,""macs"":5,""cycs"":1,""sps"":12000,""feed"":185.42,""mark"":1069948221}}",5.148164651773766,0.2031217501917934,0.2072783986246611,0.2109005864139396,5.148164651773766,0.2031217501917934,0.2072783986246611,0.2109005864139396,-0.9887103000000002,0.0401410000000003,0.0010198000000001,-1.570457900000008,-0.8459737000000033,0.9966750999999976,-31.941960799999976,36.05803920000002,-41.0,100.1,34.0705804,89.25996789999893,60.62941269999927,62.87494619999924,63.43632939999924,192.5545225999977,1504.7270072999956,-1.0067756,-0.0731476000000001,0.0024497000000008,5.434761700000002,2.029723,2.017478800000004,-2.539393399999996,16.04527360000002,-96.50588020000004,100.0045274,32.2855117,83.6965579999994,72.36929199999949,77.71795459999943,43.196763099999686,173.7752927999987,1536.0809403000117,-1.0167639999999996,-0.0298951000000003,0.0234552999999996,-5.448095999999987,-7.8063864000000125,0.4572746999999974,-14.0,36.57749509999999,68.38191029999999,100.0,32.6153694,121.23344989999828,2.887477099999959,2.309981999999968,2.309981999999968,6.352450099999911,1656.4692399000137,-1.0149523999999996,0.1258801000000001,-0.0096549000000001,2.8780453999999955,1.901045399999996,3.980791200000005,-5.794023499999912,29.935788299999547,37.66115299999943,100.0,32.994087,81.61151700000292,1.8718242000000669,1.4974590000000536,1.4974590000000536,4.118012600000148,1600.8516995000116,-1.0240511999999973,0.0887126000000016,0.0421310000000003,3.9153637999999695,0.8436952999999887,1.2667378999999983,8.46436890000004,12.711792099999878,-3.2490028000000546,100.0,40.54,121.48603609999564,147.7111152999947,104.97236619999622,79.47907699999713,293.94063759998943,1596.727228999993,-1.0067298999999996,-0.0129189999999995,0.0058648000000011,0.5259180999999953,2.1508361999999908,5.066,9.0,-15.0,24.37839530000008,100.0189199,33.5181081,139.4580410999934,94.86390059999552,84.323466899996,101.3503202999952,271.6188596999872,1108.7561797999972,544,X1.4557 Y1.5622 Z-0.0582
16:36:37.179,5,547,1.4613,1.5369,-0.0592,84.67815,55.9225,-27.49618,,185.42,0,0,,2,1,"{""sr"":{""mpox"":84.67815,""mpoy"":55.9225,""mpoz"":-27.49618,""mpoa"":0,""posx"":1.4613,""posy"":1.5369,""posz"":-0.0592,""posa"":0,""unit"":0,""stat"":5,""coor"":2,""momo"":1,""dist"":0,""home"":1,""mots"":1,""plan"":0,""line"":547,""path"":2,""frmo"":2,""prbe"":1,""safe"":0,""estp"":0,""spc"":1,""hold"":0,""macs"":5,""cycs"":1,""sps"":12000,""feed"":185.42,""mark"":1069948221}}",5.1154233727049805,0.1990253464225202,0.2059495361276414,0.211038107433805,5.1154233727049805,0.1990253464225202,0.2059495361276414,0.211038107433805,-1.0006158399999998,0.0378529599999997,0.0059999200000001,-1.7599806199999966,-0.8633549600000004,0.9210750199999992,-31.0,36.672782980000015,-41.0,100.1,34.08,70.32577356000054,49.10450244000064,50.92318828000066,51.37785910000067,155.95226314000203,1415.3391507399992,-1.0117760800000002,-0.0781192000000001,0.0209157000000002,5.573944819999998,1.733877879999992,2.0599890199999966,-3.0,16.0,-96.79999535999995,100.05730358,32.305730280000006,89.40395822000065,64.80604398000047,69.0633749400005,38.78901860000028,154.68303880000113,2021.83588591999,-0.9712718600000008,-0.0299942199999999,0.0100452000000002,-5.126004120000002,-8.242988639999995,0.3847929000000047,-7.653362799999889,20.464179639999745,36.96691737999952,100.0,32.62910152,92.95812358000144,2.2345706800000342,1.7876563200000273,1.7876563200000273,4.916054940000075,1788.616168679995,-0.9997874000000004,0.1238987400000002,-0.0064945799999998,2.920796739999999,1.7149991799999975,4.089,-3.5213538399999305,18.19365935999964,22.88879695999955,100.0,32.99924562,128.01794357999748,2.9344614599999423,2.347569079999954,2.347569079999954,6.455814299999873,1808.9557978399964,-0.9317852600000052,0.3121771799999974,0.0186946800000039,2.5993393399998905,1.3685590399999792,1.2135186799999989,11.959118499999994,-6.6630168599998365,5.141486519999856,100.0,40.55,51.68069114000376,63.55762054000463,45.26072992000329,34.3467947800025,126.79424292000922,2613.913674599985,-1.0049990399999995,-0.0070224199999997,-0.0083289400000008,0.3767362200000081,2.0186594999999934,4.977330360000003,7.268039959999701,-10.902059939999551,18.17009989999925,100.02731932,33.512732099999994,67.20621406000737,31.963930640003504,28.412383100003115,34.14949916000374,91.52065788001003,1379.205729060009,547,X1.4613 Y1.5369 Z-0.0592
16:36:37.437,5,551,1.47503,1.50894,-0.06028,85.02698,55.21228,-27.5237,,185.42,0,0,,2,1,"{""sr"":{""mpox"":85.02698,""mpoy"":55.21228,""mpoz"":-27.5237,""mpoa"":0,""posx"":1.47503,""posy"":1.50894,""posz"":-0.06028,""posa"":0,""unit"":0,""stat"":5,""coor"":2,""momo"":1,""dist"":0,""home"":1,""mots"":1,""plan"":0,""line"":551,""path"":2,""frmo"":2,""prbe"":1,""safe"":0,""estp"":0,""spc"":1,""hold"":0,""macs"":5,""cycs"":1,""sps"":12000,""feed"":185.42,""mark"":1069948221}}",5.080207255755957,0.2010184637087117,0.203365529745308,0.2104864319789984,5.080207255755957,0.2010184637087117,0.203365529745308,0.2104864319789984,-0.9879007400000004,0.0322043400000004,0.00433712,-1.496849360000006,-0.8789471199999941,0.8889314600000047,-31.73958883999997,36.22006825999996,-39.48047941999999,100.1,34.08,80.0061847200016,55.58871304000111,58.18631632000117,58.70583690000118,178.19559378000358,1274.068378579994,-1.00631144,-0.0784736200000005,0.0260714400000002,5.360872999999996,1.8928803400000065,1.9841265600000004,-2.6618575799999644,16.661857579999964,-96.0,100.03381418,32.29,80.19841307999963,69.90732372000083,74.49977554000088,42.18048244000053,166.859086440002,1561.67309803998,-0.9747337399999996,-0.0317775799999992,0.0021683000000003,-5.124327340000016,-8.185886219999997,0.4399522400000039,-13.154149279999974,36.15414927999997,67.0,100.0,32.6153754,108.19519274000264,2.603152820000061,2.0825224000000486,2.0825224000000486,5.726935920000134,1487.0195225999864,-1.0033575000000003,0.1088139399999997,-0.0171366800000003,2.8757640399999924,1.8048381599999908,4.043913339999998,-6.46326307999998,31.0,38.0,100.0,32.99721098,100.99133999999546,2.316314639999896,1.8530519399999168,1.8530519399999168,5.095893359999771,1447.7480794599817,-0.9480910000000076,0.2790878800000003,-0.0074163399999974,0.867293440000439,0.7460144999999054,1.109308800000018,13.0,0.9700357799996492,6.356295620000003,100.0,40.55,91.7317411800065,113.88088580000814,80.52183836000576,60.96653502000435,226.6114596000162,2073.4050354399456,-1.0066650800000003,-0.0120547200000002,-0.0023787400000003,0.4538069999999964,1.9111691200000136,5.000602260000001,10.0,-15.0,24.84287701999989,100.09639532,33.51632628,119.592740260011,69.80040410000619,62.0448032800055,74.57308118000661,199.25927306001765,1132.217931899989,551,X1.4769 Y1.5061 Z-0.0604
16:36:37.694,5,555,1.49562,1.4853,-0.06138,85.55001,54.61186,-27.55143,,185.42,0,0,,2,1,"{""sr"":{""mpox"":85.55001,""mpoy"":54.61186,""mpoz"":-27.55143,""mpoa"":0,""posx"":1.49562,""posy"":1.4853,""posz"":-0.06138,""posa"":0,""unit"":0,""stat"":5,""coor"":2,""momo"":1,""dist"":0,""home"":1,""mots"":1,""plan"":0,""line"":555,""path"":2,""frmo"":2,""prbe"":1,""safe"":0,""estp"":0,""spc"":1,""hold"":0,""macs"":5,""cycs"":1,""sps"":12000,""feed"":185.42,""mark"":1069948221}}",5.429677460888672,0.2007332105767957,0.2026714399185328,0.2087969203356137,5.429677460888672,0.2007332105767957,0.2026714399185328,0.2087969203356137,-0.99041012,0.0383896800000001,0.0012461200000002,-1.5627727999999983,-0.8726082000000008,0.9156320000000004,-31.501074320000004,37.0,-40.300130480000014,100.1,34.08799072,78.15984852000072,53.61492768000039,56.1202983200004,56.6213726400004,171.56828328000122,1562.590224239996,-1.00706008,-0.07090448,0.0231080000000002,5.269454159999997,1.8222367600000071,2.058928640000001,-3.0,16.263467679999987,-95.0,100.04970044,32.30263472,97.07824424000044,68.9104633200003,73.43742824000033,41.24567856000019,164.47971956000077,1424.7317086800024,-0.9855944799999992,-0.0340504399999998,0.0193555599999998,-5.336619439999997,-8.177744679999998,0.4274184400000005,-13.496569719999997,36.49656972,67.07249619999997,100.0,32.61145028,104.20998132000086,2.517149400000021,2.013719600000017,2.013719600000017,5.537728560000046,1622.638926440001,-1.00576212,0.1234760399999999,-0.0186881199999998,3.002520760000001,1.7404593600000011,3.92712276,-7.0,30.82162023999999,38.178379760000006,100.0,33.00683632,108.35192943999844,2.473788279999964,1.9790309199999712,1.9790309199999712,5.442334399999921,1548.181297360002,-0.9549851600000028,0.1291298799999992,-0.0199737199999986,0.1070532399998886,0.05990904000002,1.152361079999998,9.806883720000288,-1.1928841200000435,11.969410800000375,100.0,40.55,84.31796108000232,101.28437948000278,71.97874680000199,54.49819408000151,202.05462560000555,1734.31042956,-1.0080566399999995,-0.0030516800000011,0.0156739199999983,0.4114327999999949,2.0261799600000003,4.991126439999997,10.51388308000002,-15.0,25.38628211999998,100.05638,33.53,112.54038248000404,60.12431388000216,53.44383428000192,64.23537856000232,171.12304760000617,1344.3966860799924,555,X1.5005 Y1.4811 Z-0.0616
16:36:37.952,5,558,1.52143,1.46787,-0.06256,86.20547,54.16912,-27.58148,,185.42,0,0,,2,1,"{""sr"":{""mpox"":86.20547,""mpoy"":54.16912,""mpoz"":-27.58148,""mpoa"":0,""posx"":1.52143,""posy"":1.46787,""posz"":-0.06256,""posa"":0,""unit"":0,""stat"":5,""coor"":2,""momo"":1,""dist"":0,""home"":1,""mots"":1,""plan"":0,""line"":558,""path"":2,""frmo"":2,""prbe"":1,""safe"":0,""estp"":0,""spc"":1,""hold"":0,""macs"":5,""cycs"":1,""sps"":12000,""feed"":185.42,""mark"":1069948221}}",5.258863130417244,0.2042323957198695,0.2038220678651038,0.2181923976126134,5.258863130417244,0.2042323957198695,0.2038220678651038,0.2181923976126134,-0.99248676,0.0374266399999993,-0.0048646400000013,-1.813766839999987,-0.8939153999999923,0.8678634800000057,-31.782706519999905,36.13477376000004,-40.13477376000004,100.1,34.08526124,71.08096152000185,50.70441924000132,53.07378448000138,53.54765780000139,162.0645916800042,1429.850235280005,-1.0031203199999998,-0.0747253599999991,0.0207570799999958,5.046585559999993,1.985828439999989,2.003928200000006,-3.0,16.824249919999957,-95.69236528000005,100.0,32.290986399999994,89.33851736000118,65.74037680000104,70.09084332000111,39.63758040000063,157.27591628000255,1682.4215124400096,-0.9643921200000002,-0.0380509599999993,-0.0043387599999985,-5.459341360000003,-8.231267199999998,0.4205358799999922,-13.809070079999954,37.19092992000005,68.19092992000004,100.0,32.62360808,96.27065624000323,2.334094520000076,1.867275360000061,1.867275360000061,5.135007560000167,1736.133103040022,-0.9995784800000012,0.1209908800000003,-0.0146860799999994,2.796632559999992,1.8535065599999905,3.939873999999999,-6.0,30.444686800000024,37.55531319999998,100.0,33.00765672,120.5030069199946,2.7765670399998754,2.2212538399999007,2.2212538399999007,6.108446959999726,1642.187639440025,-0.9149651599999984,0.2477425599999946,-0.0277466800000034,3.677826079999619,2.23376236,1.3947886399999907,13.588890279999784,0.9710973599998572,26.411905599999447,100.0,40.53520224,62.4141786400082,75.58241864000989,53.71339388000704,40.66871260000533,150.7811700800197,2094.563278039997,-0.9990703200000012,-0.0221309600000001,-0.0074718800000017,0.6243925199999926,1.716570439999999,5.019392519999992,10.288952960000072,-15.0,26.28895296000007,100.1,33.5228896,75.54168752001505,40.7163850800075,36.15334164000665,43.524411080008015,116.18209864002137,1164.0155973199987,558,X1.5225 Y1.4673 Z-0.0626
16:36:38.209,5,562,1.55105,1.45775,-0.06365,86.9578,53.91209,-27.60921,,185.42,0,0,,2,1,"{""sr"":{""mpox"":86.9578,""mpoy"":53.91209,""mpoz"":-27.60921,""mpoa"":0,""posx"":1.55105,""posy"":1.45775,""posz"":-0.06365,""posa"":0,""unit"":0,""stat"":5,""coor"":2,""momo"":1,""dist"":0,""home"":1,""mots"":1,""plan"":0,""line"":562,""path"":2,""frmo"":2,""prbe"":1,""safe"":0,""estp"":0,""spc"":1,""hold"":0,""macs"":5,""cycs"":1,""sps"":12000,""feed"":185.42,""mark"":1069948221}}",5.430979778720297,0.2123201521238645,0.2076624573257776,0.2057413777341749,5.430979778720297,0.2123201521238645,0.2076624573257776,0.2057413777341749,-0.99322168,0.0464061,-0.00044124,-1.645965259999998,-0.9622106599999992,0.8807496799999995,-32.0,36.0,-39.39545386000001,100.1,34.09451508,77.26812376000004,59.15714842000014,60.87903098000015,61.42749060000015,186.0043531800004,1632.808478620001,-1.0016885,-0.07525788,0.0209250799999999,5.4055373,1.831,1.977034499999999,-2.9014982400000044,16.901498240000006,-96.43019478,100.09014986,32.31098496,103.62452594000015,71.37403590000011,76.66100156000012,42.82442154000007,171.29768616000027,1359.504090139998,-1.00789102,-0.0220665399999999,0.0265648999999999,-5.087372059999999,-8.203322060000001,0.4346529400000002,-13.892658440000003,37.892658440000005,68.45538906000002,100.0,32.62795492,115.35980244000034,2.8136537400000083,2.2509231200000066,2.2509231200000066,6.190038100000018,1538.577845299998,-0.99321604,0.11821028,-0.01481916,2.9178238000000003,1.6408055800000003,4.0057813,-6.882057880000006,30.7180717,38.0,100.0,33.01,87.45373517999943,1.9993535599999863,1.5994823199999892,1.5994823199999892,4.398577539999971,1628.0942604000013,-0.919237799999999,0.5709954400000014,0.0119399000000004,2.9012011600000136,0.9577680799999848,1.1417111000000004,12.40036378000001,-1.2318860999999834,11.82439597999991,100.0,40.51005344,113.42948708000088,137.93585732000105,98.02548232000076,74.21929388000058,275.1715328400021,2325.691910239997,-1.00483044,-0.0095738199999999,0.0044931200000002,0.3740798199999973,1.8043101399999992,4.92442684,10.0,-15.0,26.083041839999996,100.1,33.51920706,182.77636782000164,87.9753472200008,77.35763326000071,93.28420402000084,249.51628648000224,1265.7070728799993,562,X1.5553 Y1.4569 Z-0.0638
16:36:38.467,5,566,1.58239,1.45551,-0.06474,87.75395,53.85522,-27.63694,,185.42,0,0,,2,1,"{""sr"":{""mpox"":87.75395,""mpoy"":53.85522,""mpoz"":-27.63694,""mpoa"":0,""posx"":1.58239,""posy"":1.45551,""posz"":-0.06474,""posa"":0,""unit"":0,""stat"":5,""coor"":2,""momo"":1,""dist"":0,""home"":1,""mots"":1,""plan"":0,""line"":566,""path"":2,""frmo"":2,""prbe"":1,""safe"":0,""estp"":0,""spc"":1,""hold"":0,""macs"":5,""cycs"":1,""sps"":12000,""feed"":185.42,""mark"":1069948221}}",5.428182234469658,0.2033128480252344,0.2009620740893597,0.1998675467588848,5.428182234469658,0.2033128480252344,0.2009620740893597,0.1998675467588848,-0.9967636999999996,0.0448586799999995,-0.0117350799999988,-1.6926990999999998,-0.882945800000013,0.9170296000000048,-32.0,36.425220580000016,-40.43365996000006,100.1,34.1000844,62.93268444000216,45.92385036000158,46.774292500001614,47.62473464000164,143.72464412000497,1839.769679459996,-1.0039201400000004,-0.0774110799999998,0.0420041599999983,5.107172680000014,2.010733860000008,2.124416239999999,-2.967135819999846,16.269031839999137,-94.50403847999512,100.04443124,32.29899618,79.84622754000237,60.56087828000123,65.55781100000128,35.976698280000754,146.1502430600029,2134.284354379989,-0.9848476599999996,-0.043890999999999,0.0035691999999993,-5.109052840000024,-8.231560219999968,0.3930997000000113,-13.579494879999928,38.0,67.59137437999998,100.0,32.61591416,83.35958174000362,2.043127160000089,1.634501520000071,1.634501520000071,4.494878960000195,1995.2766245799935,-1.0070850600000012,0.1217714200000008,-0.0199423999999995,2.889966980000008,1.729417319999998,4.046565059999996,-7.0,31.0,37.0,100.0,33.01013126,141.5207394199936,3.260846559999852,2.608677059999882,2.608677059999882,7.826032159999646,1916.316434120004,-0.845259339999989,0.5516661200000031,-0.0051101200000062,5.977495639999982,2.582707899999879,1.3158583399999788,9.990250500000297,4.824759600000388,1.6299282199996636,100.0,40.5298372,32.678271420009736,38.99959572001152,27.528968040008195,20.99331336000625,77.83370052002319,3156.7608658599693,-1.0076666800000005,-0.0063253000000001,0.0193202799999998,0.3869736800000138,1.516513960000016,4.93590505999999,10.09651137999999,-15.0,24.229219720000152,100.1,33.51018098,17.17970786001914,13.180139440008704,11.690210760007714,13.982408960009233,37.495538800024846,1545.2963614999774,566,X1.5898 Y1.4562 Z-0.065
16:36:38.724,5,569,1.61293,1.46155,-0.06592,88.52943,54.00861,-27.66699,,185.42,0,0,,2,1,"{""sr"":{""mpox"":88.52943,""mpoy"":54.00861,""mpoz"":-27.66699,""mpoa"":0,""posx"":1.61293,""posy"":1.46155,""posz"":-0.06592,""posa"":0,""unit"":0,""stat"":5,""coor"":2,""momo"":1,""dist"":0,""home"":1,""mots"":1,""plan"":0,""line"":569,""path"":2,""frmo"":2,""prbe"":1,""safe"":0,""estp"":0,""spc"":1,""hold"":0,""macs"":5,""cycs"":1,""sps"":12000,""feed"":185.42,""mark"":1069948221}}",5.249296638641899,0.1997770428277084,0.2188118229252296,0.2190169673684621,5.249296638641899,0.1997770428277084,0.2188118229252296,0.2190169673684621,-0.99356732,0.0462575599999999,-0.0181004399999999,-1.627295160000002,-0.8668361600000012,0.9058424400000016,-31.930237879999996,36.0,-39.73947367999999,100.1,34.09,89.11966235999971,60.5341103999998,61.0946111199998,62.2156133199998,187.7678420399994,2105.2274005999934,-1.01083992,-0.06737108,0.0322611199999998,5.307924799999999,1.7724615199999991,1.8986110400000005,-3.0,16.054189000000004,-95.59137052,100.0,32.304627759999995,103.82913091999968,70.31655523999984,76.76272999999983,41.84594907999991,170.76945019999965,2048.400320719993,-0.9670241600000004,0.0119553999999994,0.0206348799999997,-5.28424896,-8.0422722,0.476449799999999,-13.523069359999994,38.0,67.09496528,100.0,32.61476928,117.66409515999956,2.8594795999999896,2.287583679999991,2.287583679999991,6.290855999999977,1896.8275386799996,-1.0429443599999992,0.0730685200000005,-0.0231157199999999,2.821680360000001,1.739785080000001,3.9231056,-7.0,31.0,36.57811336,100.0,32.99578072,83.32765508000077,1.9024575600000175,1.9024575600000175,1.521966120000014,4.565899120000043,1834.6556156799973,-0.9882694000000002,0.4161107199999976,0.0362768399999996,0.9273132000000024,1.3716619200000193,1.1402435999999976,14.501395279999986,6.2382490800000046,4.173383840000108,100.0,40.53282448,125.1768440399988,145.7100577999986,102.810649879999,78.40236647999923,290.6583655599972,2135.048117719997,-1.0057318,-0.0141281599999999,0.0025772400000001,0.4653112399999989,1.5948333600000006,4.967762319999998,10.98832592,-15.0,25.784842079999983,100.02034856,33.52,133.95841979999855,92.13367007999896,81.62719887999907,98.58751651999889,262.650105519997,1720.3714473999937,569,X1.615 Y1.4622 Z-0.066
16:36:38.982,5,573,1.64106,1.47537,-0.06702,89.24409,54.35955,-27.69473,,185.42,0,0,,2,1,"{""sr"":{""mpox"":89.24409,""mpoy"":54.35955,""mpoz"":-27.69473,""mpoa"":0,""posx"":1.64106,""posy"":1.47537,""posz"":-0.06702,""posa"":0,""unit"":0,""stat"":5,""coor"":2,""momo"":1,""dist"":0,""home"":1,""mots"":1,""plan"":0,""line"":573,""path"":2,""frmo"":2,""prbe"":1,""safe"":0,""estp"":0,""spc"":1,""hold"":0,""macs"":5,""cycs"":1,""sps"":12000,""feed"":185.42,""mark"":1069948221}}",5.1653537667591385,0.1977054417967327,0.1998876776887849,0.1854664509071394,5.1653537667591385,0.1977054417967327,0.1998876776887849,0.1854664509071394,-0.9912616400000004,0.0469828400000004,-0.0141202000000001,-1.7374475599999992,-0.9683747599999958,1.0054475599999992,-32.0,37.0,-40.67504152000008,100.1,34.09,74.29213563999835,50.36653879999884,50.36653879999884,51.29925215999881,155.13434771999644,1527.481743840011,-0.9984609199999992,-0.0782251600000001,0.0182485999999994,5.419019800000001,1.918589439999999,2.0698412000000026,-3.0,16.0,-95.52136948,100.0,32.29394056,90.4611877199988,61.74334983999918,67.9655482799991,36.37592743999952,150.290014919998,1688.533534720012,-0.9803321599999992,-0.0291613199999995,-0.0055148800000001,-5.031087760000003,-8.116099520000002,0.3609774799999984,-13.42767424000004,37.88650564000002,68.0,100.0,32.61886516,93.60166763999736,2.2941584399999355,1.8353270399999488,1.8353270399999488,5.047148719999859,1665.4349364000095,-0.9833840799999972,0.1432521600000019,-0.0149248400000007,2.9123832400000045,1.8104978,4.0907696800000135,-6.567626040000021,31.0,36.90373348000002,100.0,32.99057304,124.97404388000464,2.838131480000106,2.838131480000106,2.2705047200000847,6.811514880000255,1582.5915530800105,-0.9773805600000004,0.2697231999999833,-0.0143976000000012,0.7161871200000358,1.6968701200000986,1.0566362399999956,14.10925168000002,-6.737991520000018,17.602947360000204,100.0,40.53221436,62.5815565999926,71.31386675999155,50.57463003999402,38.56770347999544,142.62773323998312,2148.434263480048,-1.0091446000000006,-0.0017139599999996,0.0227651600000011,0.4253947599999684,1.5824734799999784,4.925999800000003,10.0,-15.321577759999943,25.330352000000115,100.06519312,33.52,41.16197927999291,36.33831019999375,32.479374679994415,38.91093339999331,103.86968203998214,1297.7086516800046,573,X1.6454 Y1.4783 Z-0.0672
16:36:39.239,5,576,1.6646,1.4958,-0.0681,89.84197,54.87856,-27.72224,,185.42,0,0,,2,1,"{""sr"":{""mpox"":89.84197,""mpoy"":54.87856,""mpoz"":-27.72224,""mpoa"":0,""posx"":1.6646,""posy"":1.4958,""posz"":-0.0681,""posa"":0,""unit"":0,""stat"":5,""coor"":2,""momo"":1,""dist"":0,""home"":1,""mots"":1,""plan"":0,""line"":576,""path"":2,""frmo"":2,""prbe"":1,""safe"":0,""estp"":0,""spc"":1,""hold"":0,""macs"":5,""cycs"":1,""sps"":12000,""feed"":185.42,""mark"":1069948221}}",5.26033484163009,0.205348635515639,0.2134782748192736,0.2094048202350207,5.26033484163009,0.205348635515639,0.2134782748192736,0.2094048202350207,-0.9876911600000002,0.0341626200000005,-0.0124808399999997,-1.567585999999998,-0.9637321800000118,0.9457255599999992,-32.0,36.24207791999994,-40.006292320000206,100.1,34.1,77.41735154000237,55.371350840001696,54.85865334000168,55.88404850000171,169.19023916000518,1710.4199907399898,-1.0014957199999994,-0.0731486799999998,0.0280284000000014,5.376970560000043,1.991578120000007,1.9575519000000168,-3.4935585599999905,16.0,-95.19022891999995,100.1,32.296324320000004,96.04866917999944,64.3180494200012,71.40822826000132,37.79287090000076,157.819466580003,1810.0425826999856,-0.9950880400000048,-0.0098769600000044,0.031078959999999,-5.607907939999954,-8.043158700000042,0.4564675199999725,-9.024464559999194,24.9595288199977,43.86421481999588,100.0,32.6245705,106.12140260000383,2.571608420000094,2.057286820000076,2.057286820000076,5.657537860000208,1888.8320283599812,-1.0096544000000016,0.1197390399999976,-0.0098412000000014,2.834103619999994,1.6858349599999816,4.042486740000006,-6.475975779999968,30.524024220000037,37.0952196999999,100.0,33.008567379999995,103.286707139993,2.379878319999839,2.379878319999839,1.903902539999871,5.711707039999613,1575.1625671399768,-0.9209078199999916,0.2618690000000176,-0.033850000000002,3.644375120000425,1.409980940000066,1.1941682199999757,9.953863659999705,0.7265390799991026,-6.411346199998981,100.0,40.519214600000005,91.2761127200107,107.95725542001256,76.56152256000892,57.83424352000674,215.3637080400251,2297.134177280095,-1.0018303999999991,-0.0135479000000012,-0.0005780599999981,0.475331779999991,1.6852746999999682,4.861237220000004,10.0,-15.96060862000001,24.96060862000001,100.09606082,33.53,122.91820316001858,63.78270908000938,56.44487532000831,67.73385032000996,181.71310728002672,1533.5135157999805,576,X1.6646 Y1.4958 Z-0.0681
16:36:39.497,5,580,1.68199,1.52182,-0.06929,90.28372,55.53945,-27.75251,,185.42,0,0,,2,1,"{""sr"":{""mpox"":90.28372,""mpoy"":55.53945,""mpoz"":-27.75251,""mpoa"":0,""posx"":1.68199,""posy"":1.52182,""posz"":-0.06929,""posa"":0,""unit"":0,""stat"":5,""coor"":2,""momo"":1,""dist"":0,""home"":1,""mots"":1,""plan"":0,""line"":580,""path"":2,""frmo"":2,""prbe"":1,""safe"":0,""estp"":0,""spc"":1,""hold"":0,""macs"":5,""cycs"":1,""sps"":12000,""feed"":185.42,""mark"":1069948221}}",5.215487116863876,0.2028441027067,0.2106967428615,0.2138746619432862,5.215487116863876,0.2028441027067,0.2106967428615,0.2138746619432862,-0.9894004600000004,0.03173388,-0.0125314000000005,-1.7079779399999966,-0.946118639999996,0.9662198599999988,-31.513408239999997,36.82327827999998,-39.0,100.1,34.10513426,78.09745197999865,55.44807521999931,54.42125889999932,55.62479693999933,168.57457975999793,1251.3491278200008,-1.0107403,-0.0794299400000001,0.01542576,5.363843159999991,1.7970020200000032,1.955979179999997,-2.770168439999978,16.0,-95.75315917999998,100.1,32.30540352,85.93731863999936,63.56310577999952,71.19067803999945,37.12085361999972,156.61949191999884,1096.2373421000027,-1.0081716999999992,-0.0198846000000001,0.0093590799999994,-5.210228220000001,-8.320249059999998,0.2887306800000019,-13.483547200000007,38.0,67.71735215999999,100.0,32.61200858,104.83997849999844,2.582265579999962,2.0658127799999697,2.0658127799999697,5.680983959999916,1356.4329558000009,-1.0059262000000002,0.1224959600000008,-0.0096549400000004,2.9148650000000025,1.756136779999997,4.046597720000006,-6.723500559999974,31.0,36.97161577999994,100.0,33.01,103.7891306600028,2.376924440000063,2.376924440000063,1.9015395200000504,5.70461840000015,1050.8172539800082,-0.9719625800000052,0.2007124599999936,-0.0050698399999977,4.31236559999988,1.5054153599999642,1.2948204199999964,10.33686981999999,-3.81505083999979,4.8194536999998325,100.0,40.501073,89.88492553999593,108.08248745999512,76.65033531999653,57.90133257999737,216.1649744999902,1435.2087799599967,-1.0012028799999997,-0.01400822,-0.0042230200000003,0.3743914000000171,1.953,4.904271120000006,10.0,-15.378955080000036,24.621044919999964,100.1,33.5456808,122.13791397999306,63.62533235999639,56.80833231999677,68.16999871999613,181.78666293998967,1093.4945941999958,580,X1.6834 Y1.5246 Z-0.0694
16:36:39.754,5,584,1.69212,1.55146,-0.07038,90.54089,56.29235,-27.78024,,185.42,0,0,,2,1,"{""sr"":{""mpox"":90.54089,""mpoy"":56.29235,""mpoz"":-27.78024,""mpoa"":0,""posx"":1.69212,""posy"":1.55146,""posz"":-0.07038,""posa"":0,""unit"":0,""stat"":5,""coor"":2,""momo"":1,""dist"":0,""home"":1,""mots"":1,""plan"":0,""line"":584,""path"":2,""frmo"":2,""prbe"":1,""safe"":0,""estp"":0,""spc"":1,""hold"":0,""macs"":5,""cycs"":1,""sps"":12000,""feed"":185.42,""mark"":1069948221}}",5.221991009536175,0.1995756175892893,0.1869045874966897,0.1937033737854372,5.221991009536175,0.1995756175892893,0.1869045874966897,0.1937033737854372,-0.9877198,0.0340651200000002,-0.0017191600000005,-1.8196671599999996,-0.9801070400000031,0.8467799199999981,-32.29699151999993,36.11835992000003,-38.33859424000017,100.1,34.105337240000004,75.53876364000185,50.359176240001226,49.426598680001206,50.359176240001226,152.94268284000376,1617.324731279998,-1.0072881600000003,-0.0755839600000003,0.0145999200000007,5.395819119999996,1.788599599999992,2.0868303600000013,-4.0,16.479839320000007,-96.65245535999992,100.03262248,32.28846392,87.59838516000063,59.50007116000087,66.85127212000103,34.54842796000051,146.0247531200022,1990.2379721600105,-1.0157559999999994,-0.0297006400000005,0.0282075999999997,-5.64643763999997,-7.926879200000011,0.5416790799999884,-13.456382280000014,37.456382280000014,67.29047247999998,100.0,32.61419032,94.8861825200028,2.281911840000069,1.825529560000056,1.825529560000056,5.020205960000154,1813.60470712,-1.0085610399999994,0.1246320799999999,-0.0064400400000007,2.7815978799999987,1.9071833599999983,4.001597879999999,-6.183912680000049,31.0,36.18391268000005,100.0,33.02,124.77937275999494,2.835894719999885,2.835894719999885,2.2687157199999084,6.806147159999724,1486.888952959982,-0.9100651599999984,0.3589525200000037,0.0131126000000016,2.8055646399998877,0.9752011600000864,1.1960010400000065,7.22827868000006,-6.55897724000051,-5.280583759999701,100.0,40.49133632,58.62860104000753,71.29527464000917,50.30478776000646,38.361924280004935,142.0950181200183,3119.6216687200244,-1.0068162,-0.0059199600000003,0.0147823599999982,0.2984622000000113,2.0708697999999623,4.822,10.0,-15.252365680000066,25.74763431999993,100.1,33.5567974,54.65062848000975,35.86542180000668,32.022698080005966,38.1070109200071,102.152407520019,1318.302466080009,584,X1.6932 Y1.5576 Z-0.0706
16:36:40.011,5,587,1.69423,1.58253,-0.07147,90.59466,57.08159,-27.80775,,185.42,0,0,,2,1,"{""sr"":{""mpox"":90.59466,""mpoy"":57.08159,""mpoz"":-27.80775,""mpoa"":0,""posx"":1.69423,""posy"":1.58253,""posz"":-0.07147,""posa"":0,""unit"":0,""stat"":5,""coor"":2,""momo"":1,""dist"":0,""home"":1,""mots"":1,""plan"":0,""line"":587,""path"":2,""frmo"":2,""prbe"":1,""safe"":0,""estp"":0,""spc"":1,""hold"":0,""macs"":5,""cycs"":1,""sps"":12000,""feed"":185.42,""mark"":1069948221}}",5.387660085605737,0.1986354671725687,0.2075351601392077,0.2075244833051531,5.387660085605737,0.1986354671725687,0.2075351601392077,0.2075244833051531,-0.98744466,0.0340685399999998,-0.0049516199999994,-1.6929432399999953,-0.892259779999997,0.9156493199999975,-31.560105499999963,36.49878452000002,-38.61656455999999,100.1,34.11,96.32875804000112,60.22889300000059,58.55586852000057,60.22889300000059,182.35970348000177,1473.5809572000028,-1.0046616,-0.0754963000000001,0.0241959600000004,5.374196000000002,1.7330879399999928,2.014,-3.5322387800000032,16.532238780000004,-95.60879889999998,100.1,32.28608786,95.27067254000056,65.46532226000039,73.98113642000044,37.78892552000023,160.73599480000095,1657.9110644199989,-0.96271946,-0.0269305200000001,0.0040222999999998,-5.1829947800000005,-8.361912160000001,0.315273819999997,-14.0,37.91650778000002,68.26612358000004,100.0,32.61867648,115.64594796000132,2.8344591800000325,2.267567200000026,2.267567200000026,6.235810480000072,1706.2587094800012,-1.0107669000000004,0.1131358,-0.0044956199999995,2.834183500000003,1.8073654400000008,3.9906345599999993,-6.0,31.0,37.0,100.0,33.02,84.57732547999775,1.937267099999947,1.937267099999947,1.5498138799999577,4.649440779999873,1656.7555401200048,-1.0046891000000024,0.329736499999996,0.0148785399999991,2.663146580000058,2.155310419999997,1.0345417399999943,7.487267400000019,3.405110239999966,-5.951587799999966,100.0,40.49,116.49437394000344,141.09567058000417,100.57588836000298,75.97459172000224,281.46777332000835,1982.5731014799912,-1.0036838799999996,-0.0211133200000004,-0.0138960800000014,0.3891599199999944,2.1321270400000087,4.834974619999998,2.126975259999725,-3.1904624599995888,5.656692159999255,100.1,33.5487344,122.03188620000424,87.39057648000305,77.94294708000272,93.68899656000326,251.14949452000877,1273.3038741800033,587,X1.6942 Y1.5835 Z-0.0715
16:36:40.268,5,591,1.68812,1.61323,-0.07266,90.43944,57.86123,-27.83802,,185.42,0,0,,2,1,"{""sr"":{""mpox"":90.43944,""mpoy"":57.86123,""mpoz"":-27.83802,""mpoa"":0,""posx"":1.68812,""posy"":1.61323,""posz"":-0.07266,""posa"":0,""unit"":0,""stat"":5,""coor"":2,""momo"":1,""dist"":0,""home"":1,""mots"":1,""plan"":0,""line"":591,""path"":2,""frmo"":2,""prbe"":1,""safe"":0,""estp"":0,""spc"":1,""hold"":0,""macs"":5,""cycs"":1,""sps"":12000,""feed"":185.42,""mark"":1069948221}}",5.197717994667235,0.198641309980303,0.2019576882415686,0.1975067430172002,5.197717994667235,0.198641309980303,0.2019576882415686,0.1975067430172002,-0.989688,0.045405,-0.015764,-1.779525,-0.951263,0.941737,-32.0,36.421924,-38.0,100.1,34.105781,69.195594,45.56783,44.302057,45.56783,137.969264,1502.2516,-1.011899,-0.074247,0.062449,5.358634,1.904366,2.007817,-1.797279,7.189116,-42.236055,100.055068,32.3,79.080274,54.367688,62.006124,31.452382,134.346601,1615.408504,-1.016514,-0.033644,0.026079,-5.384502,-8.070502,0.427,-13.0,37.0,67.592883,100.0,32.611858,85.087514,2.035586,1.628469,1.628469,4.47829,1333.723142,-1.021574,0.131864,-0.007342,2.987857,1.646429,4.068143,-7.0,31.0,38.0,100.0,33.03,144.777534,3.290398,3.290398,2.632319,7.238877,1417.330247,-0.978295,0.170744,-0.043576,3.193137,1.746978,1.038,10.438015,1.314045,15.87603,100.0,40.511873,30.534511,36.154359,25.851303,19.66947,72.308718,1503.540005,-1.012095,-0.006191,0.027768,0.438645,2.05171,4.932355,10.0,-15.0,26.0,100.1,33.55,21.858212,10.595028,9.44962,11.358634,30.448775,1163.495958,591,X1.6868 Y1.6171 Z-0.0728
16:36:40.526,5,595,1.67428,1.64137,-0.07375,90.08793,58.57595,-27.86575,,185.42,0,0,,2,1,"{""sr"":{""mpox"":90.08793,""mpoy"":58.57595,""mpoz"":-27.86575,""mpoa"":0,""posx"":1.67428,""posy"":1.64137,""posz"":-0.07375,""posa"":0,""unit"":0,""stat"":5,""coor"":2,""momo"":1,""dist"":0,""home"":1,""mots"":1,""plan"":0,""line"":595,""path"":2,""frmo"":2,""prbe"":1,""safe"":0,""estp"":0,""spc"":1,""hold"":0,""macs"":5,""cycs"":1,""sps"":12000,""feed"":185.42,""mark"":1069948221}}",5.321706649035197,0.2084269846779128,0.2100643552015333,0.2077229911786371,5.321706649035197,0.2084269846779128,0.2100643552015333,0.2077229911786371,-0.98917224,0.0332404800000005,0.0114043199999995,-1.6873364000000015,-0.999349359999995,0.9553364000000016,-32.0,37.26281943999994,-39.0,100.1,34.11552528,92.27395311999838,59.67417355999896,58.01655735999898,59.67417355999896,180.68013587999684,1645.5183010799929,-1.00073116,-0.0736851600000001,0.0365846399999992,5.187460439999998,1.901307759999986,2.009050679999996,-3.927709759999972,16.0,-96.4682768,100.05405704,32.28531684,88.82350983999879,64.33853887999928,72.84611443999918,36.6889183999996,158.9130249999982,1689.473714679987,-0.9837108000000006,-0.048846239999999,-4.8799999999803306e-05,-5.674133239999969,-7.799744400000031,0.627742679999984,-13.502767880000036,37.0,67.50276788000004,100.0,32.623725959999994,116.90009575999755,2.8116631199999422,2.249330359999953,2.249330359999953,6.185658999999872,1762.8337541599776,-1.0211100000000002,0.1362948799999992,2.0439999999651863e-05,2.845020519999999,1.6383274000000037,4.030934039999994,-6.551664119999959,31.0,37.94476623999998,100.0,33.01551628,85.69624824000424,1.9655102800000972,1.572408160000078,1.572408160000078,4.324122520000215,1479.7835919199808,-0.9901150399999952,0.1443480400000004,-0.0147239199999995,5.211298000000084,2.0185770399999825,1.1792839200000031,5.775109799999711,3.6930904399998528,-0.3954195200001545,100.0,40.52030416,115.71408791999367,137.85690775999245,98.57126063999462,74.9998721599959,275.7138153599849,1821.1306124400205,-1.0076355199999991,-0.0135287200000003,0.0153936399999975,0.5925995999999956,2.060593159999982,4.9253892000000095,10.0,-15.0,25.758614079999944,100.02267636,33.55,173.7298888799885,85.84400839999437,77.32377043999492,92.02991031999396,247.43606527998375,1446.333010319994,595,X1.6702 Y1.6472 Z-0.074
16:36:40.783,5,598,1.65382,1.66471,-0.07483,89.56822,59.1689,-27.89327,,185.42,0,0,,2,1,"{""sr"":{""mpox"":89.56822,""mpoy"":59.1689,""mpoz"":-27.89327,""mpoa"":0,""posx"":1.65382,""posy"":1.66471,""posz"":-0.07483,""posa"":0,""unit"":0,""stat"":5,""coor"":2,""momo"":1,""dist"":0,""home"":1,""mots"":1,""plan"":0,""line"":598,""path"":2,""frmo"":2,""prbe"":1,""safe"":0,""estp"":0,""spc"":1,""hold"":0,""macs"":5,""cycs"":1,""sps"":12000,""feed"":185.42,""mark"":1069948221}}",5.263709651022366,0.1940544318269332,0.1978016050634501,0.1983948604493978,5.263709651022366,0.1940544318269332,0.1978016050634501,0.1983948604493978,-0.9927639000000004,0.0390951000000002,-0.0032078999999998,-1.7632563999999984,-0.9148594000000032,0.9880429999999976,-31.468326600000005,36.70557020000001,-40.237242900000005,100.1,34.1170558,78.42405730000094,50.579312000000485,49.17433150000047,50.579312000000485,153.1429175000015,1471.0211015000036,-1.0148974999999998,-0.0752257999999998,0.0155365999999999,5.419291000000008,1.8462059999999985,2.0762487000000034,-3.0,16.480973000000002,-96.0,100.0384153,32.3051904,72.14597420000042,58.197752200000345,65.41234990000038,33.1871483000002,143.33000170000085,1687.9789009999984,-1.0149355000000002,-0.0304667999999993,0.0364065,-5.425738200000002,-7.942498899999996,0.3047745000000045,-13.121696500000011,37.0,67.0,100.0,32.6275295,94.8347816000011,2.3130432000000267,1.8504347000000212,1.8504347000000212,5.088695600000059,1759.4111075000003,-1.025805,0.1254653999999998,-0.0103440999999998,3.0165047000000023,1.7416871000000014,3.942728599999996,-6.458544799999982,31.0,37.123343599999984,100.0,33.0156171,123.15528729999802,2.808359099999956,2.2466874999999646,2.2466874999999646,6.178389499999902,1535.3306570999966,-0.9700927000000004,0.4264686999999883,-0.0035314000000001,1.7016267999999812,2.258696199999952,1.0904326000000029,7.337063999999913,13.365109199999976,-7.356682099999813,100.0,40.4994384,60.52487170000289,72.48040140000346,51.558223600002464,39.22908320000187,144.5871928000069,2107.2662398999987,-1.0006700000000002,-0.0150974999999997,-0.0009745000000003,0.505193400000001,1.8588594999999972,4.8877562000000045,10.630995399999977,-15.369004600000023,25.660043199999976,100.0339957,33.553690200000005,83.62932490000563,38.07513980000256,33.995660400002286,40.79479240000275,109.12606970000732,1448.551498100002,598,X1.6524 Y1.666 Z-0.0749
16:36:41.040,5,602,1.62775,1.68208,-0.07603,88.90598,59.61016,-27.92354,,185.42,0,0,,2,1,"{""sr"":{""mpox"":88.90598,""mpoy"":59.61016,""mpoz"":-27.92354,""mpoa"":0,""posx"":1.62775,""posy"":1.68208,""posz"":-0.07603,""posa"":0,""unit"":0,""stat"":5,""coor"":2,""momo"":1,""dist"":0,""home"":1,""mots"":1,""plan"":0,""line"":602,""path"":2,""frmo"":2,""prbe"":1,""safe"":0,""estp"":0,""spc"":1,""hold"":0,""macs"":5,""cycs"":1,""sps"":12000,""feed"":185.42,""mark"":1069948221}}",5.333236496481732,0.1997175292688063,0.2121149863571836,0.2167360520577091,5.333236496481732,0.1997175292688063,0.2121149863571836,0.2167360520577091,-0.99572396,0.0478143599999999,-0.01524856,-1.694534399999999,-0.8075918799999997,1.0535758400000002,-32.509619879999995,36.50961988,-39.0,100.1,34.127639040000005,78.48149132000013,55.0389678000001,53.51010760000009,55.0389678000001,166.64576416000028,1504.3738560000008,-1.01639864,-0.07045668,0.0102760399999999,5.217865719999999,2.0415854399999995,1.98308368,-3.0,16.0,-95.69245976,100.06924592,32.30506828,75.22680972000009,61.52527700000006,68.92838588000008,35.17030608000004,151.74036992000018,1562.082791320001,-0.97036112,-0.02840904,0.00091104,-5.378299520000001,-8.247652640000002,0.3441478400000002,-14.0,36.82088436,67.17911564,100.0,32.6215806,107.18206088000024,2.552592880000005,2.0420742800000045,2.0420742800000045,5.615703360000012,1573.638669160002,-1.01035752,0.12745556,-0.00510208,2.808,1.7516564000000003,4.04418488,-6.0,31.0,38.0,100.0,33.00150348,104.1776773999996,2.411520319999991,1.9292162799999928,1.9292162799999928,5.305344239999981,1471.4803320400006,-1.0423146399999996,0.1386219600000006,0.02369308,2.4397532,2.1281302800000037,1.0706459600000002,10.160204879999998,13.618982759999987,-0.3652251200000137,100.0,40.47455056,85.65394028000057,103.8244360000007,73.8544956800005,56.19363784000038,207.6488714400014,1503.6763792000015,-1.00072808,-0.01277872,0.0110347599999999,0.4658680400000002,1.7283056400000023,4.913928240000001,10.0,-16.0,26.435550759999987,100.05504024,33.55,96.46247464000076,61.64560316000051,55.08410356000046,66.09224668000054,177.82490204000146,1248.084321320001,602,X1.6232 Y1.6843 Z-0.0762
16:36:41.298,5,606,1.59813,1.69218,-0.07712,88.15358,59.86655,-27.95126,,185.42,0,0,,2,1,"{""sr"":{""mpox"":88.15358,""mpoy"":59.86655,""mpoz"":-27.95126,""mpoa"":0,""posx"":1.59813,""posy"":1.69218,""posz"":-0.07712,""posa"":0,""unit"":0,""stat"":5,""coor"":2,""momo"":1,""dist"":0,""home"":1,""mots"":1,""plan"":0,""line"":606,""path"":2,""frmo"":2,""prbe"":1,""safe"":0,""estp"":0,""spc"":1,""hold"":0,""macs"":5,""cycs"":1,""sps"":12000,""feed"":185.42,""mark"":1069948221}}",5.134144034957192,0.1979999127109055,0.1872392744341826,0.2002105745493345,5.134144034957192,0.1979999127109055,0.1872392744341826,0.2002105745493345,-0.9926652,0.0473128000000002,-0.0064256000000008,-1.6987924000000014,-0.8664088000000005,1.038,-31.66038919999997,37.0,-40.00494080000008,100.1,34.1216732,78.42412180000156,54.2432248000009,53.56894400000091,54.75017080000091,166.27829720000275,1389.8667044000126,-1.0032466,-0.0748094,0.0374890000000004,5.401081999999998,1.628946000000011,2.0379388000000094,-3.513923600000006,16.0,-95.9721524,100.0,32.294860799999995,68.35187000000076,63.21263140000071,70.40756520000079,36.48859200000041,155.71892140000176,1568.2947911999995,-1.0090303999999992,-0.0317781999999998,0.0288525999999998,-5.13273720000001,-8.094564399999983,0.3082644000000082,-13.763378000000031,36.76337800000003,67.00648600000005,100.0,32.6171636,108.7365160000022,2.6013520000000527,2.0810814000000426,2.0810814000000426,5.722974400000116,1528.4934622000103,-1.0147812000000005,0.1220850000000001,-0.0005137999999997,2.869,1.716264599999993,3.961836199999992,-6.0,31.0,37.79625199999998,100.0,33.010595200000004,101.46747919999596,2.3352163999999096,1.8681725999999277,1.8681725999999277,5.1374755999998,1343.0988426000083,-0.9667918000000076,0.1337216000000023,-0.0048760000000005,4.40447479999991,1.908615800000024,1.2897806000000045,11.127547000000073,3.7397840000004794,14.466340599999386,100.0,40.48,93.02263580000589,109.37206800000692,77.80074960000492,59.19622280000375,218.7441366000139,2304.823751399987,-1.0009237999999998,-0.0128178000000007,-0.0034582000000016,0.6350442000000018,1.7350617999999924,4.912020399999998,10.0,-16.0,27.58109700000005,100.0943156,33.55,112.1516774000089,65.66393540000522,58.69077460000466,70.31270920000557,188.85645140001492,1115.3877740000078,606,X1.5901 Y1.6935 Z-0.0774
16:36:41.555,5,609,1.56693,1.69415,-0.07821,87.36109,59.91672,-27.97899,,185.42,0,0,,2,1,"{""sr"":{""mpox"":87.36109,""mpoy"":59.91672,""mpoz"":-27.97899,""mpoa"":0,""posx"":1.56693,""posy"":1.69415,""posz"":-0.07821,""posa"":0,""unit"":0,""stat"":5,""coor"":2,""momo"":1,""dist"":0,""home"":1,""mots"":1,""plan"":0,""line"":609,""path"":2,""frmo"":2,""prbe"":1,""safe"":0,""estp"":0,""spc"":1,""hold"":0,""macs"":5,""cycs"":1,""sps"":12000,""feed"":185.42,""mark"":1069948221}}",5.143426271871386,0.2025268563526355,0.2084515122779075,0.2138497156208828,5.143426271871386,0.2025268563526355,0.2084515122779075,0.2138497156208828,-0.9933534,0.0450200599999999,-0.0088498799999999,-1.709,-1.0097894200000004,0.8525085799999979,-31.537529620000004,36.57152815999999,-40.353412600000006,100.1,34.13,66.59570333999947,49.484307299999614,49.021836919999615,49.94677719999961,152.1526827599988,1457.2256018799976,-1.00848136,-0.07634802,0.0457831800000001,5.26666506,1.9597332200000064,1.9387682,-3.858324960000013,16.33541610000001,-96.14167503999998,100.03354124,32.30052094,59.99482549999955,59.97180551999975,66.17399007999973,34.685976879999856,146.80238913999938,1533.8566118799995,-0.9838466799999998,-0.0387833200000002,0.0112541599999997,-5.163425799999995,-8.081905040000002,0.4548599199999997,-13.30267406000001,36.30267406000001,67.45672354,100.0,32.6215405,95.75781167999914,2.2836159599999792,1.8268926799999836,1.8268926799999836,5.023954979999954,1665.6998494799957,-1.0158334000000002,0.1251548399999999,-0.0025985799999999,2.8846774999999965,1.761048619999999,3.987850959999998,-6.0,31.0,37.85326133999999,100.0,33.012557439999995,125.56790368000156,2.866847260000036,2.2934778000000287,2.2934778000000287,6.307063720000079,1446.6644595799987,-0.8706983599999992,0.4800308599999986,-0.0392259800000003,4.710982439999921,2.7007722,1.0410133199999974,7.821191379999907,14.538007259999947,5.177059320000061,100.0,40.5,57.22845013999768,67.51146513999726,48.13364143999804,36.72903567999851,135.02293101999453,2365.704412059999,-1.00315832,-0.0131995599999997,-0.0128497399999997,0.6199166599999986,2.0920150000000137,4.929706240000002,10.306083639999985,-15.306083639999985,27.0,100.07656776,33.55765688,60.11095405999614,34.89349769999792,31.220497719998143,37.34216385999777,100.16100395999403,1210.9447674200017,609,X1.5643 Y1.694 Z-0.0783
16:36:41.813,5,613,1.53642,1.68804,-0.07939,86.58632,59.76157,-28.00905,,185.42,0,0,,2,1,"{""sr"":{""mpox"":86.58632,""mpoy"":59.76157,""mpoz"":-28.00905,""mpoa"":0,""posx"":1.53642,""posy"":1.68804,""posz"":-0.07939,""posa"":0,""unit"":0,""stat"":5,""coor"":2,""momo"":1,""dist"":0,""home"":1,""mots"":1,""plan"":0,""line"":613,""path"":2,""frmo"":2,""prbe"":1,""safe"":0,""estp"":0,""spc"":1,""hold"":0,""macs"":5,""cycs"":1,""sps"":12000,""feed"":185.42,""mark"":1069948221}}",5.35154989743933,0.2062176286816016,0.2091504322790131,0.2076139226622053,5.35154989743933,0.2062176286816016,0.2091504322790131,0.2076139226622053,-0.9881150999999992,0.0373194999999988,-0.0245889999999999,-1.7649039999999965,-0.8862999999999948,0.9529170999999986,-31.47937069999995,36.0,-39.43605920000012,100.1,34.13,84.91545250000208,60.231804400001415,60.231804400001415,61.357632100001446,185.7616385000044,2578.458052800001,-1.0026398,-0.0839377999999982,0.050583799999999,5.400537500000003,1.7156692999999943,1.9034135999999957,-3.0,16.538884400000008,-96.4611156,100.0538884,32.2905467,78.67706650000117,68.43827070000103,75.44376300000114,39.8774172000006,167.59292970000251,2346.411880400005,-0.966675599999998,-0.0433361999999946,0.0404791000000014,-5.288533100000005,-8.126063499999995,0.4745965999999998,-13.366858000000034,36.0,67.69272219999992,100.0,32.626741,119.30094250000334,2.86781100000008,2.2942492000000643,2.2942492000000643,6.309184700000176,2797.882850100057,-0.9560275000000024,0.1567668999999991,-0.0089943,2.9270890999999843,1.7656532000000054,3.883851999999985,-6.0,31.0,37.44051059999992,100.0,33.0137507,82.00380949999432,1.875222099999868,1.5001780999998942,1.5001780999998942,4.125489199999708,2453.3027843000414,-1.0228592000000034,0.335439800000002,0.0101818000000028,2.466647799999834,1.9061565000001364,1.1243275999999978,13.51073720000032,6.6705720000001225,21.13444379999897,100.0,40.51,122.54169950000868,145.84717660001036,103.74696050000738,78.9379047000056,290.9425628000207,2927.3572184000345,-1.0058204,-0.0140100000000005,0.009002300000001,0.3771312999999854,2.0593295000000347,4.904878399999991,10.090452799999923,-15.909547200000077,26.090452799999923,100.0,33.550904499999994,126.3831238000106,93.55633830000784,83.708302800007,100.94236510000844,270.82097860002267,2778.5180409000595,613,X1.5308 Y1.6861 Z-0.0796
16:36:42.077,5,616,1.5082,1.67412,-0.08049,85.86949,59.40801,-28.03699,,185.42,0,0,,2,1,"{""sr"":{""mpox"":85.86949,""mpoy"":59.40801,""mpoz"":-28.03699,""mpoa"":0,""posx"":1.5082,""posy"":1.67412,""posz"":-0.08049,""posa"":0,""unit"":0,""stat"":5,""coor"":2,""momo"":1,""dist"":0,""home"":1,""mots"":1,""plan"":0,""line"":616,""path"":2,""frmo"":2,""prbe"":1,""safe"":0,""estp"":0,""spc"":1,""hold"":0,""macs"":5,""cycs"":1,""sps"":12000,""feed"":185.42,""mark"":1069948221}}",5.391649569685257,0.2014530934767286,0.2059461267519871,0.2028811421631052,5.391649569685257,0.2014530934767286,0.2059461267519871,0.2028811421631052,-0.99137458,0.03162122,-0.00423682,-1.8147816799999996,-0.9834766200000002,0.8835143200000011,-31.656989079999995,37.0,-39.89609608000001,100.1,34.13896104,68.33673623999984,47.37302233999986,48.266852839999856,49.16068351999985,148.47978597999955,1134.6834232799986,-1.0069781800000002,-0.0704707599999999,0.0140841799999999,5.3834114200000025,1.786218979999999,2.0687514000000005,-1.5915202000000024,9.018616620000014,-50.92865978000008,100.0,32.3091828,62.44258595999989,61.03410615999989,66.19853093999988,36.15097045999994,148.35982781999974,1252.8274876000005,-0.96661142,-0.03467418,-0.0018287999999999,-5.216227179999999,-8.336454920000001,0.3005207000000002,-13.0,36.07343082,67.07343082,100.0,32.61926578,92.82440391999968,2.210104599999992,1.7680840799999935,1.7680840799999935,4.862230719999983,1386.057873999999,-1.02492162,0.12109038,-0.0053467399999999,2.77508684,1.7542793200000006,4.01563384,-5.460440819999994,31.0,38.60136092,100.0,33.02,132.36121532000058,3.0068047800000133,2.4054438600000108,2.4054438600000108,6.614970660000029,1064.1914057,-1.0580786000000009,0.2793965000000021,-0.0390062800000001,2.638495140000024,0.782392600000002,1.153622419999999,12.16018899999998,16.288544499999933,11.348793760000095,100.0,40.48667808,50.443738439999095,58.20431361999896,41.19074535999926,31.34078429999944,115.81166089999792,1679.261995979999,-1.00356774,-0.01103952,0.0041823800000001,0.4153142199999985,1.949043120000004,4.898744199999999,10.741892540000007,-15.741892540000007,24.758948260000007,100.0741895,33.55758918,59.0577253599983,27.720972939999207,24.82835013999929,29.890440699999143,80.02924427999771,933.538282379998,616,X1.508 Y1.674 Z-0.0805
16:36:42.334,5,620,1.48434,1.65279,-0.08161,85.26342,58.866,-28.06535,,185.42,0,0,,2,1,"{""sr"":{""mpox"":85.26342,""mpoy"":58.866,""mpoz"":-28.06535,""mpoa"":0,""posx"":1.48434,""posy"":1.65279,""posz"":-0.08161,""posa"":0,""unit"":0,""stat"":5,""coor"":2,""momo"":1,""dist"":0,""home"":1,""mots"":1,""plan"":0,""line"":620,""path"":2,""frmo"":2,""prbe"":1,""safe"":0,""estp"":0,""spc"":1,""hold"":0,""macs"":5,""cycs"":1,""sps"":12000,""feed"":185.42,""mark"":1069948221}}",5.190046092116793,0.2002621512432298,0.2129289016493476,0.2121695411428981,5.190046092116793,0.2002621512432298,0.2129289016493476,0.2121695411428981,-0.99132752,0.0325874000000004,0.0021527999999981,-1.7936665600000072,-0.933416839999998,0.9831669199999952,-31.815573439999955,36.53005299999999,-40.53005299999999,100.1,34.13469948,73.67731583999827,56.18557895999868,57.775736599998645,58.30578959999863,177.56763111999584,1258.364478760015,-1.0167726799999994,-0.0790228800000002,0.0173459600000007,5.413332880000012,1.87936084,2.076896879999999,-3.0,16.854984319999964,-94.62946936000004,100.08549856,32.30370532,66.569381399998,68.19710487999907,73.352566719999,40.21259807999943,164.6042315199977,1423.6836978799956,-1.0375018799999982,-0.0530970400000002,0.0243485599999997,-5.280528520000021,-8.268083559999983,0.2379721600000136,-13.530339959999983,36.12874080000003,68.53033995999999,100.0,32.62,111.1138905599968,2.651699159999925,2.12135919999994,2.12135919999994,5.833738959999836,1521.9003166000175,-1.0198234799999972,0.115446599999997,-0.0015569200000002,2.97118715999999,1.7704469599999997,4.061765320000004,-5.891125119999973,31.555348599999974,38.33759883999992,100.0,33.01553512,96.93397704000547,2.223256360000126,1.7786049600001006,1.7786049600001006,4.891163800000277,1274.2549553600138,-1.0509955199999952,0.077622920000006,0.0384771999999976,3.650193079999649,1.3734646399999866,1.1777228800000044,13.541335359999778,19.418918399999857,11.71224024000097,100.0,40.50058112,108.458903759991,119.13007739999024,84.87694255999303,64.72630103999468,238.6964564799804,1530.4953839600298,-1.0042004800000008,-0.0017219599999996,-0.0138227599999951,0.4269661200000228,1.9644255199999567,4.839513839999992,10.0,-15.612523599999928,24.968968639999996,100.06125235999998,33.56,149.82416911998507,74.65236995999258,66.92971151999335,80.444364559992,214.97837323997865,1255.776812880009,620,X1.4826 Y1.6508 Z-0.0817
16:36:42.591,5,624,1.4673,1.62679,-0.08279,84.83055,58.20561,-28.09541,,185.42,0,0,,2,1,"{""sr"":{""mpox"":84.83055,""mpoy"":58.20561,""mpoz"":-28.09541,""mpoa"":0,""posx"":1.4673,""posy"":1.62679,""posz"":-0.08279,""posa"":0,""unit"":0,""stat"":5,""coor"":2,""momo"":1,""dist"":0,""home"":1,""mots"":1,""plan"":0,""line"":624,""path"":2,""frmo"":2,""prbe"":1,""safe"":0,""estp"":0,""spc"":1,""hold"":0,""macs"":5,""cycs"":1,""sps"":12000,""feed"":185.42,""mark"":1069948221}}",5.302846224904011,0.2039092762276668,0.2083459388615929,0.2071798722626222,5.302846224904011,0.2039092762276668,0.2083459388615929,0.2071798722626222,-0.98900592,0.0377500799999999,-0.00876018,-1.701412039999996,-0.9134268799999984,0.9470059399999992,-31.26617624000001,36.73382375999999,-40.0109355,100.1,34.1501091,77.68084854000048,52.42043904000042,54.17021230000045,54.89310110000044,166.42907694000135,1975.1159634400035,-0.9995089,-0.07432792,0.0372698799999998,5.419683819999999,1.910005219999999,2.052021760000002,-3.207770500000012,16.0,-96.0,100.0,32.31207782,81.0216222400004,66.60673240000033,71.08031904000035,39.7652131800002,160.05498410000078,1503.5741251799936,-0.9819177599999996,-0.03038072,0.0095986999999998,-5.319830000000007,-8.101940599999999,0.4296173600000028,-14.0,36.50697028,67.50697027999999,100.0,32.608689240000004,104.02919842000098,2.465147060000023,1.9721173400000187,1.9721173400000187,5.423323380000052,1800.351981139995,-1.0309637799999998,0.1284613,-0.0038760000000001,2.8176558600000003,1.7790568600000003,4.077101220000001,-6.0,31.353352239999985,37.51164651999999,100.0,33.00511662,112.08732777999822,2.5582320599999604,2.0465860799999684,2.0465860799999684,5.6281107199999125,1495.7987969599917,-0.9666861600000012,0.346248459999998,0.0147356199999997,8.568443880000164,1.7946606400000362,1.1685575999999982,12.7066258600001,4.527272819999983,27.867332459999744,100.0,40.49914256,79.89093874000274,92.65458046000316,65.70911594000223,50.10910952000171,184.8364332800063,2224.891117479979,-1.00486338,-0.00847808,0.01281754,0.5891791399999962,1.7768739199999868,4.945399660000003,10.0,-15.0,25.48852719999997,100.0534012,33.56045494,109.50756226000485,54.52078648000241,48.46292116000215,58.24870336000258,156.57251482000692,1466.926290139996,624,X1.4648 Y1.6213 Z-0.083
16:36:42.848,5,627,1.45751,1.59707,-0.08388,84.58177,57.45073,-28.12314,,185.42,0,0,,2,1,"{""sr"":{""mpox"":84.58177,""mpoy"":57.45073,""mpoz"":-28.12314,""mpoa"":0,""posx"":1.45751,""posy"":1.59707,""posz"":-0.08388,""posa"":0,""unit"":0,""stat"":5,""coor"":2,""momo"":1,""dist"":0,""home"":1,""mots"":1,""plan"":0,""line"":627,""path"":2,""frmo"":2,""prbe"":1,""safe"":0,""estp"":0,""spc"":1,""hold"":0,""macs"":5,""cycs"":1,""sps"":12000,""feed"":185.42,""mark"":1069948221}}",5.472005795213206,0.2032875931797047,0.2032203280420321,0.2101813142800233,5.472005795213206,0.2032875931797047,0.2032203280420321,0.2101813142800233,-0.99141,0.0356765999999998,0.0014893999999997,-1.6654163999999942,-0.8848800000000022,0.9071791999999989,-31.832172799999988,36.34775459999998,-39.13666420000003,100.1,34.155156,77.02252620000073,50.86393220000048,53.2860244000005,54.25486080000051,163.73341980000154,1196.179346000005,-1.0006772,-0.0753267999999999,0.0325295999999999,5.256594399999996,2.136,2.037039599999996,-3.5084533999999974,16.0,-95.2721582,100.0,32.3028908,63.60105940000078,66.63095260000036,70.78271340000039,39.81527660000022,159.04171720000087,1273.173828800001,-1.0150971999999998,-0.0270409999999999,0.0252071999999997,-5.350146199999994,-8.062319799999997,0.3952432000000003,-13.479391200000006,36.47939120000001,67.24208199999998,100.0,32.62,99.4617120000012,2.396955000000027,1.9175638000000217,1.9175638000000217,5.273301600000059,1280.2075458000031,-1.0125242,0.1250755999999998,-0.0062381999999998,2.956974400000004,1.734489599999996,3.9220060000000014,-5.467440400000009,31.26239280000002,38.73760719999998,100.0,33.001972599999995,114.50028699999808,2.6627977999999555,2.130237599999964,2.130237599999964,5.858154199999902,1066.970153200003,-0.9633504000000016,0.2631314000000043,-0.0110323999999995,0.8537043999999104,1.1398280000000072,1.1667229999999995,10.895031599999966,7.666513399999929,10.958873799999925,100.0,40.4888978,74.92372640000308,85.81380320000352,60.984428800002505,46.17392480000189,170.75640000000703,1573.0212740000047,-1.0017930000000002,-0.0179454,-0.0149069999999993,0.5117272000000064,1.756838799999993,4.944,4.19415240000023,-6.652904800000369,10.485381400000575,100.0942262,33.5794228,93.7245350000055,49.12932220000268,43.61918560000239,52.846321000002895,141.34293780000775,992.8023285999984,627,X1.4574 Y1.5966 Z-0.0839
16:36:43.106,5,631,1.45595,1.56578,-0.08498,84.54227,56.65613,-28.15087,,185.42,0,0,,2,1,"{""sr"":{""mpox"":84.54227,""mpoy"":56.65613,""mpoz"":-28.15087,""mpoa"":0,""posx"":1.45595,""posy"":1.56578,""posz"":-0.08498,""posa"":0,""unit"":0,""stat"":5,""coor"":2,""momo"":1,""dist"":0,""home"":1,""mots"":1,""plan"":0,""line"":631,""path"":2,""frmo"":2,""prbe"":1,""safe"":0,""estp"":0,""spc"":1,""hold"":0,""macs"":5,""cycs"":1,""sps"":12000,""feed"":185.42,""mark"":1069948221}}",5.327369647234942,0.2021509838917427,0.2029307913955589,0.2043916447000098,5.327369647234942,0.2021509838917427,0.2029307913955589,0.2043916447000098,-0.98866524,0.0287859599999999,0.0272726800000003,-1.7399679599999989,-0.9112366400000016,0.9450966799999994,-31.64154876,36.43714364000001,-39.35845124,100.1,34.15897808,74.1686568400002,56.63131448000018,59.76518760000019,60.40673612000018,182.8382449200006,1387.0290167599985,-1.00650516,-0.07529292,0.0107869599999999,5.462252159999999,1.7810653599999982,2.0188751599999994,-3.0,16.0,-95.5256184,100.0,32.3086884,68.33034972000014,72.00967624000015,76.21462116000015,43.10068272000009,170.82587468000034,1808.459728799999,-0.97895144,-0.03096768,0.0054215199999999,-5.179723119999999,-8.04419036,0.5343162800000002,-13.308563800000003,36.3085638,68.16641276,100.0,32.61284304,114.80056244000043,2.7464247600000107,2.1971401200000087,2.1971401200000087,6.042134680000023,1751.212739559999,-1.01420928,0.1217110399999998,-0.00496052,2.7368906399999986,1.705650680000001,4.050214160000001,-6.0,31.261077480000004,37.41906947999999,100.0,33.0073894,91.5150999599992,2.095346399999982,1.6762771599999855,1.6762771599999855,4.609762519999961,1774.8038446400008,-1.0080545200000002,0.1479712400000006,0.01009888,2.2351300000000256,1.8325773600000048,1.2186112799999993,9.80467864000001,11.441742360000044,9.259548599999974,100.0,40.47,115.87266984000124,130.4395198000014,92.698135680001,70.18573100000076,260.2169098400028,1846.4016695599985,-1.0119268400000003,-0.0075057599999999,-0.0070815199999998,0.3182652799999994,2.005324360000001,4.83117928,10.0,-16.0,24.36793927999999,100.02927016,33.57,150.65476192000196,83.46132328000108,74.26643216000096,89.11971864000114,239.0671806000031,1107.8782743599993,631,X1.4562 Y1.5622 Z-0.0851
16:36:43.363,5,635,1.46239,1.53522,-0.08617,84.70581,55.87989,-28.18113,,185.42,0,0,,2,1,"{""sr"":{""mpox"":84.70581,""mpoy"":55.87989,""mpoz"":-28.18113,""mpoa"":0,""posx"":1.46239,""posy"":1.53522,""posz"":-0.08617,""posa"":0,""unit"":0,""stat"":5,""coor"":2,""momo"":1,""dist"":0,""home"":1,""mots"":1,""plan"":0,""line"":635,""path"":2,""frmo"":2,""prbe"":1,""safe"":0,""estp"":0,""spc"":1,""hold"":0,""macs"":5,""cycs"":1,""sps"":12000,""feed"":185.42,""mark"":1069948221}}",5.096967293369967,0.199438359763273,0.2038756447142244,0.2103033661540283,5.096967293369967,0.199438359763273,0.2038756447142244,0.2103033661540283,-0.9872691,0.0435856999999996,-0.0173760999999989,-1.7246618000000025,-0.965795600000004,0.9288269999999972,-31.52262909999997,36.56492849999999,-39.91244330000003,100.1,34.149124400000005,60.47499560000094,45.68255080000071,48.29298150000074,48.72805390000075,147.9244494000023,1480.2229869000005,-0.9991601000000002,-0.0738118000000001,0.0254743000000003,5.121252000000003,2.07979519999999,2.0106526999999983,-3.4078502999999807,16.537276699999996,-95.59214970000002,100.0592147,32.315921200000005,66.25540190000082,63.85577990000056,67.09484100000059,37.94328990000033,151.31043430000133,1266.7344294000047,-0.9950373999999994,-0.0349000000000002,0.0034797999999996,-5.12572080000002,-8.325877199999985,0.4190896000000066,-14.0,37.57712159999999,68.42287840000002,100.0,32.62,87.83957370000167,2.114394000000041,1.6915146000000327,1.6915146000000327,4.6516664000000905,1368.7059381000054,-0.9990669,0.1212862000000005,-0.0055754999999998,2.9641294999999976,1.666852299999999,4.046852299999999,-6.0,31.0,38.0,100.0,32.9981529,135.6746873999971,3.1261445999999333,2.5009156999999465,2.5009156999999465,6.877518999999852,1286.6677174000015,-0.9965354999999996,0.2381267999999989,0.0200669999999973,1.9309880999999367,2.254493899999958,1.2770666000000024,11.75699200000005,-3.810662399999962,23.593335799999757,100.0,40.4875665,42.34970110000469,47.9476502000053,34.07447180000378,25.799243500002863,95.65191060001062,1590.897786500012,-1.0086744,-0.0017756999999999,0.0156646000000001,0.4211743999999898,1.96424180000001,4.866546299999995,10.0,-15.088793999999996,26.088794,100.0090472,33.57,31.48716880000669,21.15338140000405,18.734130200003616,22.58750920000433,60.41262320001161,1203.1929777000034,635,X1.4648 Y1.529 Z-0.0864
16:36:43.621,5,638,1.47655,1.5074,-0.08726,85.06544,55.1732,-28.20886,,185.42,0,0,,2,1,"{""sr"":{""mpox"":85.06544,""mpoy"":55.1732,""mpoz"":-28.20886,""mpoa"":0,""posx"":1.47655,""posy"":1.5074,""posz"":-0.08726,""posa"":0,""unit"":0,""stat"":5,""coor"":2,""momo"":1,""dist"":0,""home"":1,""mots"":1,""plan"":0,""line"":638,""path"":2,""frmo"":2,""prbe"":1,""safe"":0,""estp"":0,""spc"":1,""hold"":0,""macs"":5,""cycs"":1,""sps"":12000,""feed"":185.42,""mark"":1069948221}}",5.253703598042725,0.2027338961693257,0.2081028379878583,0.2103803424080503,5.253703598042725,0.2027338961693257,0.2081028379878583,0.2103803424080503,-0.98954912,0.0468197,-0.01965846,-1.8232451399999987,-0.9181026400000002,0.8582397800000003,-31.3952559,36.96553006,-39.96553006,100.1,34.1403447,85.54117749999988,59.8788245199999,63.3004711799999,63.87074627999991,193.8933362999997,1896.9382855399977,-1.0065369,-0.07536936,0.02576616,5.530549979999999,1.8215485400000009,2.1047515800000003,-3.512275559999997,16.512275559999996,-94.53937408,100.0,32.31921296,84.33200947999994,74.43359091999993,78.74858173999992,44.76802937999996,176.9146221399998,1911.5857726799995,-0.9994329399999998,-0.0284745400000001,0.0239018199999998,-5.30414736,-8.140153439999999,0.3975084000000006,-13.41918938,37.0,67.9756628,100.0,32.61467856,120.80857079999976,2.9040522199999947,2.323241539999996,2.323241539999996,6.388914999999988,1769.375418919998,-1.00454758,0.1169319199999999,-0.00571212,2.8715057200000005,1.7428452399999994,3.9151887200000006,-6.0,31.0,38.61645482,100.0,33.02,79.8615270400004,1.8150345600000088,1.4520278600000072,1.4520278600000072,3.993076760000019,1661.45209438,-0.9061034800000008,0.4906223199999988,-0.0262609199999997,2.998026399999983,2.7178403999999907,0.8382715000000011,12.670635920000011,3.90113860000004,6.875316679999957,100.0,40.4901128,135.0692562799994,152.9615430199993,108.70363513999948,82.30418073999962,305.1466316999986,2765.765304099994,-1.00207686,-0.0073185399999999,0.0047950999999999,0.5149623000000009,1.7108027600000002,4.95274676,10.00591072,-15.0,25.149304700000005,100.1,33.560059100000004,153.7167405199992,101.07955323999946,89.08706395999953,107.92649361999942,287.8197443599985,1494.8795490399984,638,X1.4772 Y1.5064 Z-0.0873
16:36:43.878,5,642,1.4976,1.4842,-0.08835,85.60017,54.58392,-28.23659,,185.42,0,0,,2,1,"{""sr"":{""mpox"":85.60017,""mpoy"":54.58392,""mpoz"":-28.23659,""mpoa"":0,""posx"":1.4976,""posy"":1.4842,""posz"":-0.08835,""posa"":0,""unit"":0,""stat"":5,""coor"":2,""momo"":1,""dist"":0,""home"":1,""mots"":1,""plan"":0,""line"":642,""path"":2,""frmo"":2,""prbe"":1,""safe"":0,""estp"":0,""spc"":1,""hold"":0,""macs"":5,""cycs"":1,""sps"":12000,""feed"":185.42,""mark"":1069948221}}",5.133678575850659,0.1940120936771718,0.2030334603446964,0.2027968854183972,5.133678575850659,0.1940120936771718,0.2030334603446964,0.2027968854183972,-0.9917451999999998,0.0479865999999999,-0.0260568000000004,-1.5968775999999996,-0.9170749999999984,0.8876902000000041,-31.660055199999988,36.11555059999999,-40.22439420000003,100.1,34.1488444,65.85596479999903,47.487065199999535,50.10448699999952,51.01547779999952,154.41291939999851,1812.282030999997,-1.0011715999999995,-0.0848798000000001,0.0331124,5.630592400000002,1.5280989999999988,2.040679200000001,-2.7273716000000388,15.017747000000204,-85.45764620000122,100.0,32.3218176,83.50238879999954,65.10355759999963,68.40591219999962,39.15648739999978,154.73888999999917,1936.0138393999964,-1.0085553999999997,-0.0118935999999999,0.0167983999999994,-5.359924799999994,-8.063864200000001,0.4521573999999983,-13.0,37.0,67.0812084,100.0,32.62,91.4093419999989,2.2186737999999733,1.7749389999999787,1.7749389999999787,4.881081399999941,2009.6894455999968,-1.0082228000000002,0.1023411999999999,-0.0092793999999997,2.847854800000003,1.6893589999999972,4.113586,-6.06874219999999,31.0,38.40305219999999,100.0,33.0147176,129.46883980000194,2.984737200000045,2.387789400000036,2.387789400000036,6.566421200000099,1934.0499927999992,-0.9840155999999988,0.4255082000000043,0.0073198,2.6340486000000087,1.8157524000000231,1.2856614000000033,12.612474200000028,4.236043600000268,10.340322199999989,100.0,40.513133,53.89169219999694,61.72478699999649,43.86533059999751,33.21232219999811,122.82292659999302,2537.386535399988,-1.0107754000000002,-0.0132036000000001,-0.0312446000000012,0.5020346000000042,1.96541460000001,4.898655399999999,10.019039399999995,-15.0,25.27567919999997,100.0,33.5625664,27.973707799997488,30.026823599997307,26.690509599997604,32.07993999999712,85.97423899999228,1790.9936238000114,642,X1.5009 Y1.4814 Z-0.0885
16:36:44.135,5,646,1.5238,1.46721,-0.08954,86.26558,54.15247,-28.26686,,185.42,0,0,,2,1,"{""sr"":{""mpox"":86.26558,""mpoy"":54.15247,""mpoz"":-28.26686,""mpoa"":0,""posx"":1.5238,""posy"":1.46721,""posz"":-0.08954,""posa"":0,""unit"":0,""stat"":5,""coor"":2,""momo"":1,""dist"":0,""home"":1,""mots"":1,""plan"":0,""line"":646,""path"":2,""frmo"":2,""prbe"":1,""safe"":0,""estp"":0,""spc"":1,""hold"":0,""macs"":5,""cycs"":1,""sps"":12000,""feed"":185.42,""mark"":1069948221}}",5.216056447868692,0.2049544066947163,0.2092151247792384,0.2076845126257696,5.216056447868692,0.2049544066947163,0.2092151247792384,0.2076845126257696,-0.9936884200000003,0.0468640400000002,-0.0194866600000006,-1.7620610599999824,-0.9007448799999884,0.952614479999992,-32.0,37.0,-39.08183644000006,100.1,34.14673448,83.80204026000158,54.47132594000102,57.61390256000108,58.6614283200011,177.03180938000332,1416.3842724000085,-1.0093019199999995,-0.08087564,0.0592195400000006,5.543159520000001,1.7376074200000051,1.9935263999999984,-3.1510351399999723,16.0,-94.87563396000004,100.08489652,32.314866980000005,90.31727748000084,70.3268712000009,74.43355028000094,42.09345588000053,167.86048830000215,1665.7721795600012,-0.9958551600000002,-0.0267239799999998,0.0102432599999997,-5.487339960000014,-8.250158539999994,0.4406661400000082,-13.609436419999962,37.135606279999976,67.60943641999997,100.0,32.63338194,108.39094734000248,2.63084830000006,2.104678440000048,2.104678440000048,5.7878661400001326,1722.253032320003,-1.0029145800000003,0.1206476399999996,-0.0153249599999996,2.905401899999989,1.8006302200000126,3.988216679999996,-6.450558839999981,31.0,37.549441160000015,100.0,33.02549428,99.12286889999564,2.252792199999901,1.802234359999921,1.802234359999921,4.956143579999783,1484.6705418800043,-0.9234489200000098,0.3006368000000041,-0.0294074399999986,3.866856459999941,0.7536877799999327,1.2254957600000065,11.94756172000032,-5.452652139999835,10.74691947999985,100.0,40.5139995,106.87272718000698,118.21054032000772,84.0074907400055,63.60567144000416,235.22097388001535,1740.5403198399963,-1.0057195800000005,-0.0167756399999992,-0.0053674599999981,0.6511301400000117,1.7278961999999711,4.798256159999986,10.62672636000005,-14.597309900000058,26.597309900000056,100.037327,33.5777599,144.3619983800119,73.327005480006,65.15014396000532,77.71409102000635,209.2972478000171,1053.458175839998,646,X1.5306 Y1.4642 Z-0.0898
16:36:44.393,5,649,1.55353,1.45768,-0.09063,87.02088,53.91025,-28.29459,,185.42,0,0,,2,1,"{""sr"":{""mpox"":87.02088,""mpoy"":53.91025,""mpoz"":-28.29459,""mpoa"":0,""posx"":1.55353,""posy"":1.45768,""posz"":-0.09063,""posa"":0,""unit"":0,""stat"":5,""coor"":2,""momo"":1,""dist"":0,""home"":1,""mots"":1,""plan"":0,""line"":649,""path"":2,""frmo"":2,""prbe"":1,""safe"":0,""estp"":0,""spc"":1,""hold"":0,""macs"":5,""cycs"":1,""sps"":12000,""feed"":185.42,""mark"":1069948221}}",5.394802204197647,0.2132248772908729,0.2069096655352723,0.2099015841605021,5.394802204197647,0.2132248772908729,0.2069096655352723,0.2099015841605021,-0.9919,0.046327,-0.008763,-1.7941925,-0.988063,0.854,-31.288796,37.0,-39.500707,100.1,34.154993000000005,74.5858825,52.4257835,54.9222495,55.4215425,167.9730045,1621.8062805,-1.008994,-0.071641,0.0138705,5.5425285,1.806539,1.997316,-3.4990065,15.728480500000002,-96.0,100.0726495,32.332275,73.35395050000001,67.8648795,72.3559375,40.419524,162.1771015,1816.3714765,-0.9893495,-0.040309,-3.249999999999984e-05,-4.920171,-8.532068500000001,0.116592,-13.2026755,37.204007,67.70334150000001,100.0,32.62204,102.8628315,2.4966705,1.9973365,1.9973365,5.4926755,1776.077993,-1.007428,0.1247669999999999,-0.0125289999999999,2.8899205,1.749978,3.977531,-6.8279425,31.0,37.0,100.0,33.038279499999994,108.7348835,2.5014475000000003,2.001158,2.001158,5.675242,1519.4065495,-0.908931,0.5072095,-0.010821,2.646861,1.121548,1.110351,9.5956385,4.1284895,-8.0347995,100.0,40.499063,86.8869625,98.3720205,69.9090505,52.931138,195.2459905,2560.6279685,-1.000912,-0.0132985,-0.012607,0.2935495,1.988946,4.9437205,10.048072,-15.5022885,25.641928,100.095193,33.5949775,120.4460875,57.734488000000006,51.264244000000005,61.716177,164.742376,1220.719617,649,X1.5554 Y1.4573 Z-0.0907
16:36:44.650,5,653,1.58478,1.45623,-0.09173,87.81462,53.87356,-28.32232,,185.42,0,0,,2,1,"{""sr"":{""mpox"":87.81462,""mpoy"":53.87356,""mpoz"":-28.32232,""mpoa"":0,""posx"":1.58478,""posy"":1.45623,""posz"":-0.09173,""posa"":0,""unit"":0,""stat"":5,""coor"":2,""momo"":1,""dist"":0,""home"":1,""mots"":1,""plan"":0,""line"":653,""path"":2,""frmo"":2,""prbe"":1,""safe"":0,""estp"":0,""spc"":1,""hold"":0,""macs"":5,""cycs"":1,""sps"":12000,""feed"":185.42,""mark"":1069948221}}",5.446660856589776,0.2102909018356853,0.2035220899898661,0.2063006564909566,5.446660856589776,0.2102909018356853,0.2035220899898661,0.2063006564909566,-0.9877223600000002,0.0428796800000002,-0.01232276,-1.7809954399999934,-0.9570471200000006,0.9116133999999978,-31.848864439999986,36.84886443999999,-38.71643672,100.1,34.15848872,72.69141260000083,50.214462440000574,52.12739504000059,52.6056274400006,159.7298149200018,1674.370506120009,-1.01005784,-0.0734008000000001,0.0124910399999997,5.384143039999996,1.8561072799999965,1.9826564,-3.0,16.513832239999996,-94.70996672,100.0,32.31,86.3772857199999,65.34262628000043,70.00817032000045,39.08956200000026,157.22834948000104,1537.9367404400073,-0.9867058000000006,-0.0351052800000002,0.0150332800000001,-5.1681453200000025,-7.981064520000006,0.5396842800000037,-13.265652520000009,37.73936448000001,67.52628804,100.0,32.61526308,97.79775688000132,2.3685601600000314,1.894848200000025,1.894848200000025,5.210832640000069,1521.0953103600025,-1.0032244000000003,0.1319123600000001,-0.0140509599999999,2.758790080000007,1.741201439999997,4.0567985600000025,-6.218963199999989,31.0,36.76394619999998,100.0,33.01218944,118.26128095999768,2.7249139999999468,2.179931359999957,2.179931359999957,6.539794359999872,1912.897298920002,-0.9719957199999972,0.2514718000000008,0.01876032,0.691818880000146,2.0872948000000173,1.1988171600000053,10.420893999999867,-3.7983745600001866,3.9309476400002,100.0,40.48116608,71.06470632000374,80.18122284000421,56.86321420000299,43.36331412000227,160.36244540000845,2104.585183200043,-1.0039253600000002,-0.0106934799999997,0.0002864400000004,0.427,2.0672990399999893,5.002939919999995,10.383721400000027,-15.616278599999973,25.349947279999935,100.06162796,33.58674956,66.91642228000485,44.45295856000322,39.46458348000285,47.19770184000341,126.56928460000914,1300.0603019200007,653,X1.5898 Y1.4567 Z-0.0919
16:36:44.908,5,657,1.61534,1.46287,-0.09292,88.59088,54.04219,-28.35258,,185.42,0,0,,2,1,"{""sr"":{""mpox"":88.59088,""mpoy"":54.04219,""mpoz"":-28.35258,""mpoa"":0,""posx"":1.61534,""posy"":1.46287,""posz"":-0.09292,""posa"":0,""unit"":0,""stat"":5,""coor"":2,""momo"":1,""dist"":0,""home"":1,""mots"":1,""plan"":0,""line"":657,""path"":2,""frmo"":2,""prbe"":1,""safe"":0,""estp"":0,""spc"":1,""hold"":0,""macs"":5,""cycs"":1,""sps"":12000,""feed"":185.42,""mark"":1069948221}}",5.137544812784203,0.1999790577492859,0.2014026761892477,0.2077281527747044,5.137544812784203,0.1999790577492859,0.2014026761892477,0.2077281527747044,-0.990026,0.0418499999999996,-0.0098940000000002,-1.8168599999999928,-1.0883580000000002,0.8310259999999983,-31.538313599999984,36.0,-39.454618,100.1,34.160837,81.89375860000082,57.26513940000048,58.90128620000048,59.99205020000049,181.15061140000148,1667.4666578000008,-1.0021014,-0.0687705999999997,0.0301311999999995,5.260184000000008,1.9351269999999927,1.9816516,-3.1096577999999844,16.0,-94.89034220000002,100.036004,32.3017026,102.87865020000054,70.53020860000038,76.3635344000004,41.89388300000022,170.7573470000009,1728.7728661999963,-1.0275140000000025,-0.0606661999999983,0.0126346000000002,-5.369898400000004,-8.252698000000002,0.4414615999999979,-13.554755400000005,37.11853739999998,67.11853739999998,100.0,32.6144526,114.27961240000108,2.773776600000026,2.219021400000021,2.219021400000021,6.102309600000058,1764.188986799999,-0.9594482000000006,0.1222864000000013,-0.0073536000000001,2.855623000000002,1.6727925999999995,4.075623000000002,-7.0,31.0,37.187134000000015,100.0,33.0292398,87.92105239999805,2.032163599999956,1.7572947999999455,1.6257311999999642,4.8771941999998925,1568.855723799997,-0.9421461999999998,0.207203,-0.0353738000000001,3.086355800000037,0.8905144000000013,1.2010504000000028,7.821997400000051,-2.5240835999999183,-7.086722999999951,100.0,40.4401448,121.67668840000316,134.73802840000351,95.55401000000248,72.8685252000019,268.788617200007,1916.988233199998,-1.0074051999999991,-0.0079238000000002,-0.0148860000000004,0.4660050000000031,2.1684159999999992,4.994002400000001,10.180287199999974,-15.921902399999995,25.9219024,100.1,33.59,177.24600800000547,85.28573600000263,75.64473960000232,90.4770414000028,242.50813660000745,1499.6793343999884,657,X1.6229 Y1.4658 Z-0.0932
16:36:45.165,5,660,1.64303,1.47723,-0.09401,89.29411,54.40697,-28.38031,,185.42,0,0,,2,1,"{""sr"":{""mpox"":89.29411,""mpoy"":54.40697,""mpoz"":-28.38031,""mpoa"":0,""posx"":1.64303,""posy"":1.47723,""posz"":-0.09401,""posa"":0,""unit"":0,""stat"":5,""coor"":2,""momo"":1,""dist"":0,""home"":1,""mots"":1,""plan"":0,""line"":660,""path"":2,""frmo"":2,""prbe"":1,""safe"":0,""estp"":0,""spc"":1,""hold"":0,""macs"":5,""cycs"":1,""sps"":12000,""feed"":185.42,""mark"":1069948221}}",5.342590712647161,0.2012959579509362,0.1964404182728532,0.1916706315916505,5.342590712647161,0.2012959579509362,0.1964404182728532,0.1916706315916505,-0.988527,0.03957838,-4.416000000003555e-05,-1.80456636,-0.8378043,0.8478391000000003,-31.9747781,36.9747781,-38.43333998,100.1,34.17,61.10094814000013,45.50070656000009,46.80072656000009,47.23406654000009,143.0022196200003,1133.8532549600006,-1.00596614,-0.0708978399999999,0.02602818,5.280191799999999,1.8110208800000007,2.0119866399999995,-3.4595458600000004,16.540454139999998,-95.96699418,100.04265438,32.304265720000004,79.6333792000001,60.23345466000007,65.71499440000007,35.84454194000004,146.20145274000018,1169.152436460001,-1.01957502,-0.0429529599999999,0.0236037199999999,-5.346395680000001,-8.200288279999999,0.3958534000000004,-13.035750400000005,38.0,68.0,100.0,32.62035748,85.39560438000024,2.0895247800000054,1.6716192600000044,1.6716192600000044,4.596954200000011,1179.5050057800015,-0.99998836,0.12627898,-0.01129022,2.96873824,1.6150471000000004,4.0923839,-6.635052439999998,31.0,37.0,100.0,33.02,136.53625693999962,3.1752621999999917,3.1752621999999917,2.5402097599999927,7.620628399999979,1065.1988431600014,-0.9474552200000008,0.056111180000001,-0.0768085199999994,5.962246919999975,1.78043369999999,1.431746399999999,8.370202100000018,0.4393363800000416,3.0838193199999773,100.0,40.40097632,38.799371340000654,43.8563242200007,31.10218842000049,23.54327394000038,87.53770604000141,1257.4448497400028,-1.0051622999999998,0.0025505999999998,0.0090259999999999,0.4381963399999999,2.001208280000003,5.00170042,10.9082231,-15.0917769,26.054091920000005,100.00917816,33.59145834,30.65067806000105,16.629059500000523,14.732762780000472,17.650142300000553,47.46149842000147,979.73592134,660,X1.6452 Y1.4787 Z-0.0941
16:36:45.423,5,664,1.66603,1.49833,-0.0951,89.87838,54.9429,-28.40804,,185.42,0,0,,2,1,"{""sr"":{""mpox"":89.87838,""mpoy"":54.9429,""mpoz"":-28.40804,""mpoa"":0,""posx"":1.66603,""posy"":1.49833,""posz"":-0.0951,""posa"":0,""unit"":0,""stat"":5,""coor"":2,""momo"":1,""dist"":0,""home"":1,""mots"":1,""plan"":0,""line"":664,""path"":2,""frmo"":2,""prbe"":1,""safe"":0,""estp"":0,""spc"":1,""hold"":0,""macs"":5,""cycs"":1,""sps"":12000,""feed"":185.42,""mark"":1069948221}}",5.185458136557839,0.18831752247732,0.1932573756751721,0.2013547082863865,5.185458136557839,0.18831752247732,0.1932573756751721,0.2013547082863865,-0.9854646,0.0473889999999998,0.0023846,-1.766550099999988,-1.036321899999992,0.9932015999999958,-31.617586400000015,37.0,-38.61758640000002,100.1,34.17,82.82893119999902,59.3234234999993,59.8830785999993,60.44273369999929,184.12647589999784,1597.892541300001,-1.0034957000000002,-0.0954556999999993,0.0476197999999996,5.230562100000002,1.8377068000000047,2.134823899999997,-2.5096404000000234,16.04533350000002,-96.0,100.0,32.3195467,105.74981489999908,69.05902159999947,76.06835949999946,40.7126427999997,169.18821729999874,1527.6967847000049,-1.0247107000000009,-0.0359497999999994,-0.0132236999999998,-5.232286599999998,-8.270941500000003,0.4010957999999995,-13.959243499999983,37.42466510000001,67.46542160000003,100.0,32.609308,118.06586539999844,2.8766733999999605,2.3013385999999683,2.3013385999999683,6.328680799999912,1956.3673841999985,-0.9491863000000014,0.1485456999999997,-0.0048262999999997,3.0067595999999908,1.5149910000000035,4.1306464,-6.409762000000027,31.0,38.375563000000014,100.0,33.0140978,81.12156390000288,1.877814000000067,1.877814000000067,1.5022511000000536,4.50675320000016,1369.6956089000005,-0.971884900000001,0.4437408999999856,0.0035926999999991,3.006196099999976,2.1319314999999395,1.222246000000007,11.710808399999848,0.9111265999999356,1.4122700000001225,100.0,40.4328696,133.47423589999522,146.8914216999947,104.17299829999628,78.69183259999718,293.0333970999895,1996.588243499987,-1.0054629999999998,-0.0086035000000002,0.0059757999999994,0.4081533000000085,1.71905849999999,5.094218399999994,10.0,-15.0,25.827239999999964,100.0182323,33.6064495,148.40109979999394,93.47808019999609,83.5512037999965,100.0864318999958,268.01608029998874,1233.0066748000224,664,X1.6697 Y1.5028 Z-0.0953
16:36:45.680,5,667,1.683,1.5248,-0.0963,90.30934,55.61516,-28.43852,,185.42,0,0,,2,1,"{""sr"":{""mpox"":90.30934,""mpoy"":55.61516,""mpoz"":-28.43852,""mpoa"":0,""posx"":1.683,""posy"":1.5248,""posz"":-0.0963,""posa"":0,""unit"":0,""stat"":5,""coor"":2,""momo"":1,""dist"":0,""home"":1,""mots"":1,""plan"":0,""line"":667,""path"":2,""frmo"":2,""prbe"":1,""safe"":0,""estp"":0,""spc"":1,""hold"":0,""macs"":5,""cycs"":1,""sps"":12000,""feed"":185.42,""mark"":1069948221}}",5.327012979044615,0.2057436306884802,0.2065003023234911,0.2053096404003062,5.327012979044615,0.2057436306884802,0.2065003023234911,0.2053096404003062,-0.98683696,0.0479946399999999,0.0024598400000001,-1.6434156399999962,-0.9191339599999996,0.8789767600000006,-32.53917588,36.67774252,-38.64451496000001,100.1,34.17,71.75000511999974,48.84736291999982,48.84736291999982,49.76901115999981,151.15032995999945,1471.6479700000014,-1.01399112,-0.0728407599999999,0.0268275999999999,5.561352400000003,1.7108787999999977,2.10114724,-3.5845026799999937,16.584502679999993,-95.41549732,100.01082904,32.31891712,94.7663154399998,60.47900563999986,67.14598227999984,35.23973511999992,148.10213139999965,1453.7673194399997,-0.9947506400000002,-0.0422474,0.0221808800000001,-5.38665496,-8.26374676,0.37785932,-13.4515144,37.45151439999999,67.45104632,100.0,32.6180468,92.56040899999957,2.257570759999989,1.8060571199999915,1.8060571199999915,4.966656439999976,1350.0731197999985,-1.0010687999999996,0.1064992799999999,-0.00750656,2.8844269600000003,1.7394951199999995,4.00755032,-6.500077720000007,31.0,37.50007772000001,100.0,33.01835152,127.13157752000076,2.9120847600000177,2.9120847600000177,2.329668120000014,6.989003840000043,1280.1410941199988,-0.9592384800000012,0.4094560400000026,-0.0188996399999996,4.507858120000005,2.7048466400000004,1.3728167999999996,9.753737920000024,14.99813792000002,-3.608215480000135,100.0,40.42955216,56.43821639999879,65.4549727999986,46.419597919999,35.065164279999244,130.2420371199972,2108.9254020000017,-1.00314968,-0.0147113200000002,-0.0283089200000002,0.6499247600000028,1.615027319999997,4.944834200000002,3.135790959999897,-5.017265079999836,7.816682639999744,100.00227952,33.58313568,63.391126639998,32.858703039998964,29.07849835999908,34.8941980799989,93.63276583999703,1117.6887287199986,667,X1.683 Y1.5248 Z-0.0963
16:36:45.938,5,671,1.69222,1.55467,-0.09739,90.54357,56.37377,-28.46625,,185.42,0,0,,2,1,"{""sr"":{""mpox"":90.54357,""mpoy"":56.37377,""mpoz"":-28.46625,""mpoa"":0,""posx"":1.69222,""posy"":1.55467,""posz"":-0.09739,""posa"":0,""unit"":0,""stat"":5,""coor"":2,""momo"":1,""dist"":0,""home"":1,""mots"":1,""plan"":0,""line"":671,""path"":2,""frmo"":2,""prbe"":1,""safe"":0,""estp"":0,""spc"":1,""hold"":0,""macs"":5,""cycs"":1,""sps"":12000,""feed"":185.42,""mark"":1069948221}}",5.20086212786208,0.1719269802895417,0.188253159161739,0.2011922941156392,5.20086212786208,0.1719269802895417,0.188253159161739,0.2011922941156392,-0.9940722,0.0447131999999999,-0.0086936,-1.9253661999999991,-1.0366612000000015,0.8650840000000033,-32.25314239999999,36.5156636,-38.46238840000003,100.1,34.1774686,79.41212539999931,55.17595719999952,54.66029399999953,55.69162019999953,169.13751359999856,1531.1683010000045,-1.0091346,-0.0733885999999998,0.0107253999999998,5.361995200000002,1.7581423999999963,2.1380592000000025,-3.3289949999999844,16.489627000000006,-94.85238300000005,100.0671002,32.313627600000004,97.44751619999944,64.30702019999966,71.96261799999962,37.58623699999979,158.03430659999916,1606.661882800005,-0.9782089999999996,-0.0300251999999998,0.0035399999999999,-5.607258199999999,-8.063319800000004,0.3920617999999977,-13.355039799999982,37.0,67.71008019999996,100.0,32.610361,107.26526999999888,2.590247799999974,2.072198399999979,2.072198399999979,5.698544599999942,1746.793370000007,-1.0083982000000002,0.1224165999999999,-0.0070965999999999,2.830619800000006,1.6636037999999982,4.063708399999999,-6.0,31.0,37.46779240000001,100.0,33.0006438,102.91424140000196,2.338960000000044,2.338960000000044,1.8711682000000356,5.613504000000106,1543.9799122000086,-0.9463228000000008,0.2819446,-0.0052785999999994,0.079642200000015,1.9344589999999895,1.179616600000004,10.627699599999971,3.237766600000048,12.81295519999991,100.0,40.4258632,92.52139299999716,110.2678347999965,78.20014839999752,59.072054599998125,219.898618399993,2396.7812520000007,-1.0055432,-0.008849,0.0058644,0.5722858000000012,1.687761400000006,4.997703200000003,10.0,-16.0,24.038971600000004,100.0579296,33.594597,123.62916919999522,64.88115759999745,57.92960479999772,69.51552599999727,186.49435619999264,1132.8714688000005,671,X1.6928 Y1.5577 Z-0.0975
16:36:46.195,5,675,1.69345,1.58586,-0.09848,90.57477,57.16611,-28.49398,,185.42,0,0,,2,1,"{""sr"":{""mpox"":90.57477,""mpoy"":57.16611,""mpoz"":-28.49398,""mpoa"":0,""posx"":1.69345,""posy"":1.58586,""posz"":-0.09848,""posa"":0,""unit"":0,""stat"":5,""coor"":2,""momo"":1,""dist"":0,""home"":1,""mots"":1,""plan"":0,""line"":675,""path"":2,""frmo"":2,""prbe"":1,""safe"":0,""estp"":0,""spc"":1,""hold"":0,""macs"":5,""cycs"":1,""sps"":12000,""feed"":185.42,""mark"":1069948221}}",5.29162688430503,0.2030529267292682,0.2134661170063153,0.2106140280331471,5.29162688430503,0.2030529267292682,0.2134661170063153,0.2106140280331471,-0.98959432,0.0433406200000002,0.0071740200000001,-1.9029624600000008,-0.9952778599999996,0.9447334600000008,-32.313409519999986,36.0,-39.986231720000006,100.1,34.18493108,81.26778895999927,54.236600299999566,53.72971615999957,54.74348443999956,166.25799087999866,1301.9375622199975,-1.0010231200000002,-0.0749934199999999,0.0215940199999999,5.341373940000003,1.9073451400000008,2.044690740000002,-3.251562040000014,15.251562040000014,-95.75425626,100.1,32.3300539,80.93380801999962,62.33411295999971,70.37722447999967,36.19400113999984,153.8245050599993,1435.4433722799995,-1.0171576400000002,-0.0266497600000004,0.0253879799999998,-5.307820100000002,-8.282694479999996,0.2047019199999988,-13.0,37.272653960000014,67.27265396000001,100.0,32.61272642,105.74503843999902,2.529785659999977,2.0238282799999814,2.0238282799999814,5.5655280799999485,1497.1730911199948,-1.0072812399999995,0.1218205799999995,-0.00602788,2.81933568,1.7203356799999996,4.015057480000001,-6.185835059999992,30.81416494000001,37.0,100.0,33.01185814,105.04103420000168,2.43417148000004,2.43417148000004,1.947337260000032,5.842011320000095,1280.600340300001,-1.0295559399999998,0.1487015800000022,-0.0383622200000007,0.7097792999999584,1.302291960000014,1.071863439999997,8.82328515999991,11.99502067999994,2.3877608400001957,100.0,40.46524056,84.90452783999741,102.72399701999686,72.85018117999778,55.03071245999832,204.92389157999372,1582.4656688199948,-0.99925524,-0.0180133999999999,-0.0096817799999997,0.6192628600000022,1.765166760000005,4.925937959999996,10.0,-15.414523940000024,26.01335149999996,100.04145244,33.59414506,129.505058579995,59.6895743799977,53.29426275999795,63.953115279997526,171.0745834199934,1056.3096977599969,675,X1.6928 Y1.592 Z-0.0987
16:36:46.453,5,678,1.68663,1.61632,-0.09967,90.40141,57.93968,-28.52403,,185.42,0,0,,2,1,"{""sr"":{""mpox"":90.40141,""mpoy"":57.93968,""mpoz"":-28.52403,""mpoa"":0,""posx"":1.68663,""posy"":1.61632,""posz"":-0.09967,""posa"":0,""unit"":0,""stat"":5,""coor"":2,""momo"":1,""dist"":0,""home"":1,""mots"":1,""plan"":0,""line"":678,""path"":2,""frmo"":2,""prbe"":1,""safe"":0,""estp"":0,""spc"":1,""hold"":0,""macs"":5,""cycs"":1,""sps"":12000,""feed"":185.42,""mark"":1069948221}}",5.232722067646724,0.2035022991964502,0.2119601354283941,0.2108936201111732,5.232722067646724,0.2035022991964502,0.2119601354283941,0.2108936201111732,-0.9859781,0.0473152999999999,-0.0043745,-1.8427759999999989,-0.8815135999999991,0.9732725999999996,-32.0,36.0,-38.5305549,100.1,34.19,72.76399129999966,50.70007189999976,49.76118169999977,50.23062679999977,153.97799509999928,1826.4259762999964,-0.9950451,-0.0775544,0.0263848000000001,5.364145499999999,1.895705300000002,2.0332836000000003,-2.644140699999991,16.0,-95.15211370000002,100.0,32.323558600000005,79.85396189999979,59.22019739999983,66.7382947999998,34.089344599999905,145.9600107999996,1795.5216788000032,-0.9628434000000002,-0.0406504000000001,0.0056087,-5.183680999999997,-8.205061800000001,0.3790934999999975,-14.0,37.285448800000005,68.0,100.0,32.621436200000005,96.90684819999944,2.318345399999987,1.8546764999999892,1.8546764999999892,5.100360299999971,2082.8960712999988,-1.0033624000000003,0.1285961000000001,-0.0086492999999999,2.805403099999999,1.792394400000001,4.050394400000001,-6.563883700000004,31.0,37.4361163,100.0,33.01,121.23494060000095,2.8194174000000225,2.8194174000000225,2.2555337000000177,6.766601500000053,1774.491754299998,-0.8513136999999997,0.4210135999999973,-0.0908292999999994,0.6365789000000202,1.8548142000000212,1.1690696000000014,2.863470899999926,5.839742099999838,0.3511691000000898,100.0,40.4713076,62.26058389999853,73.35813069999827,52.02438839999877,39.29899819999907,146.21124759999654,2318.421377400001,-1.0083329000000003,-0.0096542999999998,-0.0135837999999999,0.4530526999999951,1.5470973999999984,4.910922300000001,10.0,-15.728870200000014,25.94650799999997,100.0933444,33.5927114,59.86200649999788,37.82118789999872,33.76891749999886,40.52270079999862,108.7359143999963,1437.4552269999956,678,X1.6864 Y1.617 Z-0.0997
16:36:46.710,5,682,1.67198,1.64389,-0.10077,90.02937,58.64002,-28.55197,,185.42,0,0,,2,1,"{""sr"":{""mpox"":90.02937,""mpoy"":58.64002,""mpoz"":-28.55197,""mpoa"":0,""posx"":1.67198,""posy"":1.64389,""posz"":-0.10077,""posa"":0,""unit"":0,""stat"":5,""coor"":2,""momo"":1,""dist"":0,""home"":1,""mots"":1,""plan"":0,""line"":682,""path"":2,""frmo"":2,""prbe"":1,""safe"":0,""estp"":0,""spc"":1,""hold"":0,""macs"":5,""cycs"":1,""sps"":12000,""feed"":185.42,""mark"":1069948221}}",5.158285041493946,0.1937425910591087,0.2045734033535291,0.2027701916839512,5.158285041493946,0.1937425910591087,0.2045734033535291,0.2027701916839512,-0.99333496,0.04437892,-0.0041989200000001,-1.793046719999999,-0.9917721599999972,0.8242539200000014,-32.0,36.44509224000001,-38.93272735999998,100.1,34.1993272,96.4863036399983,59.93003267999931,58.82021731999932,59.375125079999314,182.0097292399979,1646.906523599994,-1.0033042400000003,-0.0786709999999999,0.03094932,5.423126039999991,1.7334243200000006,2.046525,-3.0874686400000217,16.087468640000022,-96.0,100.00874688,32.32087472,65.05036479999953,65.58356391999953,74.11475935999947,37.85717927999973,161.55951191999887,1818.3965547199928,-1.0111454800000004,-0.0398329999999997,0.0273077199999998,-5.437443399999993,-7.942364040000007,0.41366288,-14.0,37.34301483999999,68.34301483999998,100.0,32.60343056,116.37226479999848,2.8109245999999635,2.2487392399999706,2.2487392399999706,6.184033039999919,1808.796356439996,-1.0231745199999993,0.1150306399999999,-0.00196936,2.698724480000008,1.798898559999992,4.028,-5.393794920000013,30.606205079999988,37.60620507999999,100.0,33.0142292,85.45344620000272,1.9689730800000624,1.863722200000036,1.57517884000005,4.3317417600001376,1707.6207010799897,-1.0021684400000004,0.2668801999999953,-0.0211380799999992,-0.133723799999852,1.60472551999997,1.195261840000003,11.926573359999889,3.371747200000012,31.097769799999984,100.0,40.49,118.73117807999584,139.3491670399951,98.82415395999654,74.65133967999739,277.9873699199903,2332.69176335999,-1.0071005200000005,-0.0076981599999995,0.0265928000000013,0.4181404799999978,1.76010815999999,4.8410781200000015,10.0,-15.083756399999997,25.37423160000007,100.1,33.6,182.7283970399924,86.3526601999964,77.10058939999678,92.52070751999614,248.2638984799896,1248.9454617999982,682,X1.6698 Y1.647 Z-0.1009
16:36:46.967,5,686,1.65078,1.66673,-0.10186,89.49089,59.22019,-28.5797,,185.42,0,0,,2,1,"{""sr"":{""mpox"":89.49089,""mpoy"":59.22019,""mpoz"":-28.5797,""mpoa"":0,""posx"":1.65078,""posy"":1.66673,""posz"":-0.10186,""posa"":0,""unit"":0,""stat"":5,""coor"":2,""momo"":1,""dist"":0,""home"":1,""mots"":1,""plan"":0,""line"":686,""path"":2,""frmo"":2,""prbe"":1,""safe"":0,""estp"":0,""spc"":1,""hold"":0,""macs"":5,""cycs"":1,""sps"":12000,""feed"":185.42,""mark"":1069948221}}",5.210585715963129,0.1997386027616217,0.2044709289639983,0.2149720859926251,5.210585715963129,0.1997386027616217,0.2044709289639983,0.2149720859926251,-0.9936311200000006,0.0442533799999997,-0.0020477399999992,-1.8140444199999968,-0.951409160000015,0.8464366600000067,-32.0,36.0,-39.56555603999995,100.1,34.19,74.54769074000254,46.00657526000156,45.154601000001534,45.58058812000155,139.72367236000474,2037.1202052200488,-1.0070118399999992,-0.0702012199999992,0.019601299999999,5.254941100000004,2.117806259999991,1.9543378000000065,-3.0,16.01096554000005,-96.0,100.05447318,32.31010966,71.29553700000267,56.4529062600011,63.28188720000124,32.32384188000064,138.84497414000268,2118.5129736000413,-0.9626908200000032,-0.0442426199999977,0.0051065999999997,-5.065886300000009,-8.280584760000002,0.2557179400000012,-14.0,37.39798877999996,67.0,100.0,32.60421814,85.67038764000372,2.049530420000089,1.6396249200000712,1.6396249200000712,4.508967300000196,2230.4949430600464,-1.007227299999999,0.0923932000000009,0.0040482600000005,2.9317460999999976,1.708055180000006,3.987648599999998,-6.0,31.0,37.64836933999997,100.0,32.99716392,140.69616977999365,3.241847639999854,2.593477339999883,2.593477339999883,7.132063639999679,2091.7655394000462,-0.9503426799999968,0.3880150799999874,0.0455778599999971,0.0452883600002525,0.1535828600000313,1.095821460000004,13.06844996000001,17.01939819999978,16.317028219999735,100.0,40.46816936,33.57934630001032,39.0805255800116,27.715271040008236,20.935996340006213,77.94531050002306,2338.63881046006,-0.99576584,-0.0152041599999989,-0.0088598,0.2747230400000076,2.0661680599999586,5.0016880199999845,10.0,-16.0,26.87031053999984,100.01115902,33.6088841,25.82892826001822,12.498247440008509,11.270741140007669,13.484473100009096,36.155644820024605,1931.948798500017,686,X1.6453 Y1.671 Z-0.1021
16:36:47.225,5,689,1.62408,1.68339,-0.10304,88.81285,59.64325,-28.60983,,185.42,0,0,,2,1,"{""sr"":{""mpox"":88.81285,""mpoy"":59.64325,""mpoz"":-28.60983,""mpoa"":0,""posx"":1.62408,""posy"":1.68339,""posz"":-0.10304,""posa"":0,""unit"":0,""stat"":5,""coor"":2,""momo"":1,""dist"":0,""home"":1,""mots"":1,""plan"":0,""line"":689,""path"":2,""frmo"":2,""prbe"":1,""safe"":0,""estp"":0,""spc"":1,""hold"":0,""macs"":5,""cycs"":1,""sps"":12000,""feed"":185.42,""mark"":1069948221}}",5.2162095949343,0.1962911813008982,0.2011610810281309,0.2042188715436895,5.2162095949343,0.1962911813008982,0.2011610810281309,0.2042188715436895,-0.98994904,0.0370779799999998,-0.0072417199999995,-1.7941387200000027,-0.8594948199999949,0.9254333800000014,-31.523150339999976,36.0,-39.83620527999998,100.1,34.19639144,79.79127824000078,59.70396370000058,59.14598278000058,60.26194462000059,183.5757376000018,1346.892181719999,-1.01434346,-0.0721701199999999,0.0597861600000007,5.33338572,2.152811959999999,2.0179105,-3.0,16.594862119999966,-95.59486211999996,100.0,32.30937228,70.9244498800009,66.5070040400004,74.48784386000044,38.37149258000021,162.87260426000094,1492.2068355600013,-1.0152583199999998,-0.0131651199999999,0.0308874799999998,-5.2338837400000005,-8.145170779999992,0.3404158000000028,-12.691377500000176,34.883531240000515,62.65967918000091,100.0,32.6150783,118.02740768000132,2.8249906600000307,2.259992440000025,2.259992440000025,6.214979820000068,1524.4081854600015,-1.0107836600000002,0.12871244,-0.01008044,2.9212299800000023,1.8073267800000008,3.94625012,-5.0,30.61191010000001,38.0,100.0,32.99707754,84.60352135999767,1.9404480599999467,1.9404480599999467,1.5523581599999572,4.2689852999998825,1361.1934658000016,-0.9738172799999976,0.2341713399999998,-0.0240605200000012,2.0556975000000626,1.0370834199999908,1.145083680000001,11.864085459999922,15.869496620000032,14.133511099999726,100.0,40.45026096,122.48230672000363,142.95692588000423,101.382717680003,76.58406792000225,285.91385190000847,1568.7714656400028,-1.00101424,-0.0019821999999999,0.0271316400000004,0.3851101999999886,1.9957366800000036,4.94318142,10.013419559999996,-15.0,25.218879199999968,100.02188792,33.61,168.64658812000604,89.78303528000313,80.24855340000279,96.15277614000335,258.25238336000905,1185.829350780005,689,X1.623 Y1.6839 Z-0.1031
16:36:47.482,5,693,1.59425,1.6924,-0.10415,88.05508,59.8722,-28.63791,,185.42,0,0,,2,1,"{""sr"":{""mpox"":88.05508,""mpoy"":59.8722,""mpoz"":-28.63791,""mpoa"":0,""posx"":1.59425,""posy"":1.6924,""posz"":-0.10415,""posa"":0,""unit"":0,""stat"":5,""coor"":2,""momo"":1,""dist"":0,""home"":1,""mots"":1,""plan"":0,""line"":693,""path"":2,""frmo"":2,""prbe"":1,""safe"":0,""estp"":0,""spc"":1,""hold"":0,""macs"":5,""cycs"":1,""sps"":12000,""feed"":185.42,""mark"":1069948221}}",5.171277716815353,0.1996552384402371,0.1976296302174056,0.2013130305203732,5.171277716815353,0.1996552384402371,0.1976296302174056,0.2013130305203732,-0.98886616,0.0340950799999996,0.0117167599999997,-1.8165000799999995,-0.8676222400000071,0.9485394800000008,-32.30458160000003,36.53343532000001,-39.67603412000008,100.1,34.2,72.38255471999886,49.92239899999887,49.45583431999887,50.38896339999886,153.49971231999652,1889.9950692000252,-1.0041609199999997,-0.07770688,0.0389522399999995,5.649270360000001,1.6250905200000012,2.0457566400000005,-3.3946219200000374,16.87402016000003,-96.12597983999996,100.03946248,32.295206040000004,62.80117627999912,60.40418435999916,67.59515911999905,35.4754733999995,148.61347083999792,1729.1044485200025,-0.9831183999999988,-0.0411594800000003,-0.0036004000000002,-5.462674999999991,-8.058671599999991,0.3540060800000001,-13.541427120000014,37.0,67.11376511999997,100.0,32.61886236,96.30031035999733,2.292864119999936,1.834291239999949,1.834291239999949,5.044301839999859,1595.8553281999968,-1.0160431200000002,0.1231830000000001,-0.0062185600000003,2.880741239999997,1.7293752400000002,3.978741239999997,-6.0,31.0,38.09624047999998,100.0,33.01526528,122.96903064000465,2.848733600000107,2.278986280000085,2.278986280000085,6.267212520000236,1886.6098515999984,-0.901694279999997,0.36763736000001,0.0486356800000006,-1.151651320000128,1.2173854399998802,1.0560164399999892,13.886744160000244,6.929501440000277,23.42125723999973,100.0,40.4694694,61.01757723999281,70.76594795999165,50.18605463999408,37.910329239995534,141.17084499998336,2368.884762319997,-1.00280512,-0.0129574799999993,0.0044191200000022,0.6268073600000079,1.7655607200000116,4.900851519999997,10.0,-15.320481359999944,25.34831503999994,100.0,33.61972168,61.85286395998939,36.53485235999373,32.689078319994394,39.0987012399933,105.11782059998195,1322.8429704000148,693,X1.59 Y1.6931 Z-0.1043
16:36:47.740,5,697,1.56287,1.69342,-0.10525,87.25794,59.89802,-28.66585,,185.42,0,0,,2,1,"{""sr"":{""mpox"":87.25794,""mpoy"":59.89802,""mpoz"":-28.66585,""mpoa"":0,""posx"":1.56287,""posy"":1.69342,""posz"":-0.10525,""posa"":0,""unit"":0,""stat"":5,""coor"":2,""momo"":1,""dist"":0,""home"":1,""mots"":1,""plan"":0,""line"":697,""path"":2,""frmo"":2,""prbe"":1,""safe"":0,""estp"":0,""spc"":1,""hold"":0,""macs"":5,""cycs"":1,""sps"":12000,""feed"":185.42,""mark"":1069948221}}",5.357787146775445,0.2019675629317506,0.205317195990045,0.2081952767937511,5.357787146775445,0.2019675629317506,0.205317195990045,0.2081952767937511,-0.98709808,0.0351398399999999,0.0041458399999999,-1.6768733999999998,-0.9133220399999998,0.9613866000000002,-32.0,36.23515296,-39.52969352,100.1,34.21,74.80688940000013,53.942382440000095,54.451273120000096,54.9601638000001,167.4249426800003,1553.7133296000002,-1.0044328,-0.0782994399999999,0.0332858799999999,5.63749832,1.7896694400000002,2.075,-3.691275919999997,16.691275919999995,-94.70499556,100.0,32.31691272,70.74383884000014,65.07621448000008,71.97411812000009,38.014499120000046,159.04344764000018,1733.3698950800008,-1.01532768,-0.03141192,0.02710508,-5.30585604,-8.193706520000001,0.4080731199999999,-13.51052328,36.51052328,67.33132008000001,100.0,32.62668704,106.18877016000022,2.5526148400000053,2.042091560000004,2.042091560000004,5.615751960000011,1828.2224828,-1.01802096,0.12188784,-0.0053916399999999,2.9948904400000007,1.821738,3.96546112,-6.0,31.0,38.0,100.0,33.01151844,105.2779301999996,2.4036054399999918,1.922884239999993,1.922884239999993,5.2879325199999805,1587.2219918399985,-0.8974010400000009,0.3259419200000002,0.0297529200000002,1.7170991199999956,0.8643113600000043,1.2165505599999995,10.628942159999994,9.35035447999998,13.34176720000003,100.0,40.47917279999999,93.6768897600006,105.14843848000068,74.56955592000048,56.32952060000037,209.22393352000137,2893.361730160002,-1.00179812,-0.01866456,-0.01531864,0.6321291599999997,1.6636876000000016,5.088129159999999,10.0,-15.9564444,25.9564444,100.04498796,33.61449864,124.3613556400011,62.75731968000053,56.15587092000047,67.66485096000056,181.5833996400015,1203.2348983199995,697,X1.5557 Y1.6925 Z-0.1055
16:36:47.997,5,700,1.53248,1.68616,-0.10642,86.486,59.7138,-28.69563,,185.42,0,0,,2,1,"{""sr"":{""mpox"":86.486,""mpoy"":59.7138,""mpoz"":-28.69563,""mpoa"":0,""posx"":1.53248,""posy"":1.68616,""posz"":-0.10642,""posa"":0,""unit"":0,""stat"":5,""coor"":2,""momo"":1,""dist"":0,""home"":1,""mots"":1,""plan"":0,""line"":700,""path"":2,""frmo"":2,""prbe"":1,""safe"":0,""estp"":0,""spc"":1,""hold"":0,""macs"":5,""cycs"":1,""sps"":12000,""feed"":185.42,""mark"":1069948221}}",5.177133409059245,0.1989612975772356,0.2060760350752566,0.2095898529226833,5.177133409059245,0.1989612975772356,0.2060760350752566,0.2095898529226833,-0.9896553,0.0425260599999997,0.0028547199999995,-1.8087765800000024,-0.894205779999998,0.8745920600000029,-31.822811239999982,36.177188760000014,-40.14951476000003,100.1,34.21,80.35350743999909,53.95289645999934,54.980571039999326,55.831056279999295,169.56624637999792,2105.7818874200034,-1.00699036,-0.0817034199999999,0.0338648599999994,5.38716288,1.9743313399999904,2.195119160000002,-3.0,16.508682639999996,-95.26107713999998,100.05086848,32.31278454,67.14611197999949,66.12874627999949,72.74162053999945,39.1685647599997,161.25240447999877,2073.590066460008,-0.9841091399999996,-0.0607889400000009,-0.0023681399999987,-5.2050601,-8.3180601,0.3220601000000005,-13.484766200000008,36.4847662,66.48476620000001,100.0,32.62016862,107.16866377999844,2.576169739999963,2.06093593999997,2.06093593999997,5.667573279999917,2201.104987300008,-1.0484525600000003,0.0908437399999983,0.0020992000000004,2.7851684800000016,1.6752983599999969,4.0158461,-6.0,31.0,38.52451199999999,100.0,33.01475464,103.25788516000274,2.377439680000063,1.90195184000005,1.90195184000005,5.230367360000138,2185.0288850600045,-1.0224523599999984,0.4053520199999971,-0.0069146800000012,2.6143507800001107,1.564283920000051,1.3689398399999957,13.345020820000077,2.839564100000294,21.073066699999927,100.0,40.47,100.40204231999547,108.12527629999512,76.68068103999653,58.47591505999736,215.1472343399903,2472.261095660007,-1.0136869,-0.0059968999999997,0.0064012999999994,0.6230489000000029,1.7500172199999833,4.863836240000008,10.0,-15.435297080000032,25.055345339999995,100.0,33.61,120.8463908199931,64.9408173999963,58.16438451999668,70.023141939996,188.04601915998927,2127.303047140017,700,X1.5309 Y1.6856 Z-0.1065
16:36:48.254,5,704,1.50513,1.67128,-0.10753,85.79152,59.3357,-28.72385,,185.42,0,0,,2,1,"{""sr"":{""mpox"":85.79152,""mpoy"":59.3357,""mpoz"":-28.72385,""mpoa"":0,""posx"":1.50513,""posy"":1.67128,""posz"":-0.10753,""posa"":0,""unit"":0,""stat"":5,""coor"":2,""momo"":1,""dist"":0,""home"":1,""mots"":1,""plan"":0,""line"":704,""path"":2,""frmo"":2,""prbe"":1,""safe"":0,""estp"":0,""spc"":1,""hold"":0,""macs"":5,""cycs"":1,""sps"":12000,""feed"":185.42,""mark"":1069948221}}",5.076237114882167,0.1952131592726666,0.1972432282592773,0.2019053417387952,5.076237114882167,0.1952131592726666,0.1972432282592773,0.2019053417387952,-0.9913080799999996,0.0428754799999993,0.0012347600000003,-1.831,-0.940276840000009,0.8978872399999929,-17.040056639999626,19.28751091999961,-20.885015999999577,100.1,34.2088254,73.39722160000181,48.61981564000121,50.48980820000126,50.95730684000126,154.74191252000384,1372.738661240021,-1.0053856799999998,-0.0786042399999996,0.0135294800000005,5.664559559999993,2.074111359999988,2.024551799999996,-3.480076920000007,16.15354612000004,-95.80660771999996,100.0,32.31153552,58.62769332000051,63.69667816000089,69.13107036000102,37.77252712000051,154.4312076000022,1635.395419520009,-1.0176100799999988,-0.0348583200000005,0.0214811599999995,-5.32242016000001,-8.177139199999983,0.3252067600000053,-14.0,37.0,67.29327543999996,100.0,32.61917852,95.87300912000272,2.294521040000068,1.8356169200000545,1.8356169200000545,5.047946920000149,1553.0150378800076,-1.0225888399999994,0.1040248400000015,-0.0048099999999997,2.857789919999997,1.772077240000016,4.036175679999997,-6.0,31.0,38.24921647999997,100.0,33.007508079999994,124.175746519995,2.835062719999885,2.268049919999908,2.268049919999908,6.237137959999748,1308.0409232000122,-1.0366539999999949,0.2873045600000006,-0.0058174400000077,3.940365399999896,1.322168760000055,1.4463183599999838,12.22815184000006,-2.235004160000375,9.588991000000489,100.0,40.461339200000005,63.667624640008015,70.96336944000912,50.32606340000645,38.37814880000493,141.69858704001817,1828.27229828002,-1.0051494400000005,-0.0126091599999989,-0.0123444399999966,0.2719887600000027,2.0758368399999947,4.890058360000005,10.0,-15.931376800000008,25.93137680000001,100.0,33.60137232,65.3381676800113,37.30379032000693,33.4447774800062,39.9450886000074,107.73077324002,1110.919365079994,704,X1.5013 Y1.6685 Z-0.1077
16:36:48.512,5,708,1.48247,1.64983,-0.10863,85.21578,58.79101,-28.75158,,185.42,0,0,,2,1,"{""sr"":{""mpox"":85.21578,""mpoy"":58.79101,""mpoz"":-28.75158,""mpoa"":0,""posx"":1.48247,""posy"":1.64983,""posz"":-0.10863,""posa"":0,""unit"":0,""stat"":5,""coor"":2,""momo"":1,""dist"":0,""home"":1,""mots"":1,""plan"":0,""line"":708,""path"":2,""frmo"":2,""prbe"":1,""safe"":0,""estp"":0,""spc"":1,""hold"":0,""macs"":5,""cycs"":1,""sps"":12000,""feed"":185.42,""mark"":1069948221}}",5.198805604706637,0.2023049033648897,0.2058023061843832,0.2115912300676228,5.198805604706637,0.2023049033648897,0.2058023061843832,0.2115912300676228,-0.99006832,0.04143472,-0.0181694799999999,-1.8340872400000003,-0.9412719600000008,0.942869,-32.0,36.0,-38.08339188000002,100.1,34.21508904,79.4499764399998,58.19076715999982,60.428873439999805,61.4973157599998,186.2717494399994,1375.0830226800003,-1.01214428,-0.0838292399999998,0.0161448799999999,5.5581311200000005,1.5950307999999995,2.06285936,-3.400484479999995,16.934347759999994,-95.0,100.0,32.31665164,69.93612759999986,72.07158235999987,77.41021807999985,43.24294951999992,174.03952375999967,1570.8736905199992,-0.9691328400000002,-0.0246224000000002,0.0074317999999999,-5.340465999999998,-7.947665280000002,0.5446481599999985,-13.071347680000006,36.64269712000001,66.71404480000001,100.0,32.62214,118.84069199999956,2.856747079999989,2.285397639999992,2.285397639999992,6.284844479999976,1544.3667000400003,-0.9984948400000002,0.1475617999999998,-0.0106408799999999,2.78469392,1.77,3.949852440000001,-5.078668040000007,31.0,38.30339584,100.0,33.02,82.98646332000078,1.9103177600000176,1.5282538800000145,1.5282538800000145,4.202699520000039,1240.4239062800018,-0.9135065999999994,0.1308923600000001,-0.05978492,1.8555389200000012,1.261658800000007,1.1851115999999966,11.058737880000027,-2.267112559999866,8.667583839999992,100.0,40.47902212,123.5330225199988,144.1218589999986,102.208870039999,77.94345455999925,287.5084028799972,1446.448232800006,-1.01112868,0.0043130799999998,0.0192556399999997,0.6195273999999992,1.9580173200000028,4.86682736,1.8641744800000812,-3.0686065200001496,4.932781000000229,100.0,33.61,183.8157287199979,93.91458631999892,83.47963271999906,100.33609687999883,270.50611639999687,1185.7729931200058,708,X1.4777 Y1.6436 Z-0.1089
16:36:48.770,5,711,1.4661,1.62305,-0.1098,84.80007,58.11071,-28.78142,,185.42,0,0,,2,1,"{""sr"":{""mpox"":84.80007,""mpoy"":58.11071,""mpoz"":-28.78142,""mpoa"":0,""posx"":1.4661,""posy"":1.62305,""posz"":-0.1098,""posa"":0,""unit"":0,""stat"":5,""coor"":2,""momo"":1,""dist"":0,""home"":1,""mots"":1,""plan"":0,""line"":711,""path"":2,""frmo"":2,""prbe"":1,""safe"":0,""estp"":0,""spc"":1,""hold"":0,""macs"":5,""cycs"":1,""sps"":12000,""feed"":185.42,""mark"":1069948221}}",5.277321435418892,0.201515087361403,0.1897101628101374,0.1995475999361921,5.277321435418892,0.201515087361403,0.1897101628101374,0.1995475999361921,-0.9922948399999998,0.0513625199999995,-0.0038534000000004,-1.8766344000000024,-0.9390456000000073,1.0212304000000003,-32.0,36.0,-39.56735935999999,100.1,34.22,64.60154288000132,44.56197932000079,47.15782220000083,47.59046284000084,144.50195108000256,1193.6491680800034,-1.00450812,-0.0719827600000001,0.024510439999999,5.370693040000002,1.989414319999996,2.01940268,-3.455719080000005,16.52633631999997,-95.56222552,100.0455716,32.303851040000005,58.78776688000066,62.8892385200007,66.53499204000074,37.36896764000042,149.93159164000167,1383.653754440004,-0.9948503600000012,-0.0430379999999995,0.0141970000000007,-5.342881079999996,-8.026077479999994,0.3204612400000031,-13.58757119999999,36.98382271999998,66.98382271999998,100.0,32.63396252,85.78516020000203,2.0621430400000484,1.649714240000039,1.649714240000039,4.536714840000108,1530.774472159997,-1.006958079999999,0.1324977199999994,-0.0155814000000002,2.689327880000004,1.788971759999999,3.994217320000007,-5.648684559999984,31.0,38.36495424000003,100.0,33.0101364,140.77815727999646,3.243421839999918,2.594737279999934,2.594737279999934,7.13552827999982,1298.2861577199938,-0.970394840000002,0.1539759200000023,-0.0353682799999989,4.740328640000008,2.156551879999997,1.1873385200000055,11.368541279999912,1.516707199999785,2.4331579599997557,100.0,40.47220384,34.92520984000526,41.73988540000628,29.601245160004456,22.5736113200034,83.26681248001255,1851.1977509600088,-1.0028486,-0.0045258000000008,0.0149128399999985,0.5248285999999918,1.802971760000012,5.012685520000002,10.003658240000004,-15.87035679999996,25.003658240000004,100.08666976,33.62,24.632298120007885,15.297953440004896,13.612585960004358,16.33510296000523,43.94920548001407,1144.9054462799943,711,X1.4652 Y1.6211 Z-0.1099
16:36:49.027,5,715,1.45743,1.59319,-0.11092,84.57994,57.35238,-28.80978,,185.42,0,0,,2,1,"{""sr"":{""mpox"":84.57994,""mpoy"":57.35238,""mpoz"":-28.80978,""mpoa"":0,""posx"":1.45743,""posy"":1.59319,""posz"":-0.11092,""posa"":0,""unit"":0,""stat"":5,""coor"":2,""momo"":1,""dist"":0,""home"":1,""mots"":1,""plan"":0,""line"":715,""path"":2,""frmo"":2,""prbe"":1,""safe"":0,""estp"":0,""spc"":1,""hold"":0,""macs"":5,""cycs"":1,""sps"":12000,""feed"":185.42,""mark"":1069948221}}",5.369966308151711,0.2030724113621273,0.205933428214904,0.2120056133323309,5.369966308151711,0.2030724113621273,0.205933428214904,0.2120056133323309,-0.99193178,0.0417815799999999,-0.013254,-1.6406790999999972,-0.8233519399999988,0.8733157200000009,-31.54919814,36.34702646,-38.450801860000006,100.1,34.22549206,84.02724645999959,56.56736183999973,59.86254867999971,60.9609439599997,183.98122669999916,1330.2392775400012,-0.9993745,-0.074182,0.03453294,5.197947160000001,1.98541488,2.0475587000000006,-3.4686112000000016,16.44985527999999,-95.08153352,100.0,32.29368312,69.57541163999963,73.94455927999978,78.11413551999976,44.18679341999987,175.97118513999945,1569.71966296,-0.9880115599999998,-0.0364808199999999,0.0110931799999998,-5.491392599999999,-7.823005760000002,0.513254079999999,-13.927175419999992,37.0,67.92717542,100.0,32.62880676,116.40657315999933,2.798235039999984,2.238587939999987,2.238587939999987,6.156116539999965,1565.2630535400003,-1.0118114399999996,0.1140765599999999,-0.0133595800000001,2.8652334799999983,1.720403540000001,3.98301502,-6.0,31.0,38.0,100.0,33.030132779999995,86.37544604000115,1.9994319200000263,1.599545480000021,1.599545480000021,4.398749640000058,1275.4030221800003,-0.9272636799999976,0.4307379600000023,0.0107118999999993,1.6554351800000482,1.4598779599999914,1.2897638000000022,8.294312140000052,-2.2672697600000253,3.580575099999929,100.0,40.47331946,115.77734617999825,138.19124697999789,98.2069776799985,74.35671155999887,274.9795373599958,1712.9464772600052,-1.00061286,-0.0182934399999998,-0.0182480800000001,0.3730412400000006,2.008316580000003,4.928511020000003,10.259687600000015,-15.0,25.98350984,100.0,33.62740296,173.53509717999668,89.30266887999836,79.46423941999855,95.35708735999826,256.5724628599953,1323.2614983799997,715,X1.4567 Y1.588 Z-0.1111
16:36:49.284,5,719,1.45673,1.56196,-0.11201,84.56218,56.55902,-28.83752,,185.42,0,0,,2,1,"{""sr"":{""mpox"":84.56218,""mpoy"":56.55902,""mpoz"":-28.83752,""mpoa"":0,""posx"":1.45673,""posy"":1.56196,""posz"":-0.11201,""posa"":0,""unit"":0,""stat"":5,""coor"":2,""momo"":1,""dist"":0,""home"":1,""mots"":1,""plan"":0,""line"":719,""path"":2,""frmo"":2,""prbe"":1,""safe"":0,""estp"":0,""spc"":1,""hold"":0,""macs"":5,""cycs"":1,""sps"":12000,""feed"":185.42,""mark"":1069948221}}",5.152548819865701,0.2007677283966327,0.2070178988583965,0.2137622226483527,5.152548819865701,0.2007677283966327,0.2070178988583965,0.2137622226483527,-0.99331388,0.04376928,-0.0214087999999995,-1.812646919999997,-0.9059061599999986,0.8344117999999988,-31.47173464,36.71398792,-39.47173464,100.1,34.22,65.95747487999964,48.116975839999725,51.4191213199997,52.36259127999969,158.50297875999908,1301.380274359998,-1.01099596,-0.07837196,0.0270138799999998,5.499772559999999,1.7907963600000028,2.0976705200000008,-3.0,16.48267204,-95.62835076,100.06283528,32.29,65.64333991999979,68.05669843999978,71.43539903999978,41.02708727999987,161.21231987999948,1541.7879340399934,-1.01036628,-0.03256464,0.0171006799999999,-5.374472519999999,-8.139120360000001,0.4630576799999982,-8.012827160000047,19.764974440000117,35.921656960000206,100.0,32.62272132,98.28622735999934,2.3290578399999844,1.863245799999988,1.863245799999988,5.123926359999965,1723.772028559997,-1.00598464,0.11966832,-0.0155641999999999,2.7809294000000007,1.6818598000000011,4.089,-6.2263497600000415,27.57383424000018,33.800183680000224,100.0,33.02,121.25744364000118,2.776004720000026,2.220804240000021,2.220804240000021,6.107210240000057,1395.108584359996,-0.9563249600000008,0.4740576800000016,-0.0745417200000001,1.7324840399999493,1.4729315600000084,1.1768947599999964,4.674187679999873,-3.5056407599999044,-3.895156959999894,100.0,40.47,64.65959943999825,76.7345851599979,54.53219235999852,41.28866003999888,153.07965479999584,2223.2809494399885,-0.99804984,-0.00355552,0.0053854000000001,0.4765425599999957,2.039583920000004,4.883,9.968846400000002,-15.0,25.0,100.0,33.62,66.61031871999744,42.032179919998384,37.40151559999856,44.88181911999828,121.10967059999534,1075.024984599996,719,X1.4579 Y1.5538 Z-0.1123
16:36:49.541,5,722,1.46428,1.53154,-0.11318,84.75392,55.78647,-28.86722,,185.42,0,0,,2,1,"{""sr"":{""mpox"":84.75392,""mpoy"":55.78647,""mpoz"":-28.86722,""mpoa"":0,""posx"":1.46428,""posy"":1.53154,""posz"":-0.11318,""posa"":0,""unit"":0,""stat"":5,""coor"":2,""momo"":1,""dist"":0,""home"":1,""mots"":1,""plan"":0,""line"":722,""path"":2,""frmo"":2,""prbe"":1,""safe"":0,""estp"":0,""spc"":1,""hold"":0,""macs"":5,""cycs"":1,""sps"":12000,""feed"":185.42,""mark"":1069948221}}",5.200665732084574,0.2019132780026295,0.2153113184538375,0.2114177461999471,5.200665732084574,0.2019132780026295,0.2153113184538375,0.2114177461999471,-0.9907168000000008,0.0401464399999992,-0.0036097799999978,-1.7831790599999886,-0.9443473599999936,0.9630739400000023,-31.734530319999948,36.77170096000004,-37.950366799999934,100.1,34.22228312,78.46587529999782,51.63560833999857,55.17922867999848,56.19169123999844,170.59999967999528,1422.194128200016,-1.0130368199999995,-0.0777916199999999,0.0449635399999997,5.129610679999982,1.7898400000000114,2.008763500000005,-2.822180620000198,11.288722480000796,-67.73233380000477,100.0,32.280858519999995,78.28131997999812,71.43502533999882,74.45340685999876,42.76040255999929,168.5262923999972,1661.208059920012,-0.9992492799999992,-0.0249295600000012,0.0181942800000004,-5.113393719999999,-8.320038620000016,0.2925656199999998,-13.187443560000036,37.0,67.0,100.0,32.6269566,105.38472907999652,2.540997279999915,2.032797499999932,2.032797499999932,5.590193719999814,1615.138429720015,-1.0015247000000005,0.1305771800000002,-0.0118628400000003,2.862179819999991,1.738802560000002,3.985796900000004,-6.0,31.0,37.84245781999997,100.0,33.02150602,107.9726994200063,2.442821500000142,1.9542570000001136,1.9542570000001136,5.374206500000313,1421.3777166800155,-0.9944046199999982,0.3784228399999974,-0.0027788200000007,2.825040360000388,0.96731536000008,1.374994720000002,8.915480299999896,5.490105879999812,-10.07989809999948,100.0,40.47525046,87.42985161999037,103.43688643998873,73.50844695999199,55.65639589999393,206.3487126599775,1919.3949888600612,-1.0142284400000003,-0.0161730000000014,0.010939819999998,0.5462248199999995,1.9162472999999935,5.054900199999998,10.0,-15.0,24.533972459999926,100.04884786,33.63488484,123.04858511998196,63.00873677999136,56.0670964199923,67.28051537999077,181.50510581997509,1066.4623439599973,722,X1.4652 Y1.5291 Z-0.1133
16:36:49.799,5,726,1.47943,1.50433,-0.1143,85.13874,55.0953,-28.89572,,185.42,0,0,,2,1,"{""sr"":{""mpox"":85.13874,""mpoy"":55.0953,""mpoz"":-28.89572,""mpoa"":0,""posx"":1.47943,""posy"":1.50433,""posz"":-0.1143,""posa"":0,""unit"":0,""stat"":5,""coor"":2,""momo"":1,""dist"":0,""home"":1,""mots"":1,""plan"":0,""line"":726,""path"":2,""frmo"":2,""prbe"":1,""safe"":0,""estp"":0,""spc"":1,""hold"":0,""macs"":5,""cycs"":1,""sps"":12000,""feed"":185.42,""mark"":1069948221}}",5.381999250099168,0.1983811672106295,0.2048493695536959,0.2043943832939925,5.381999250099168,0.1983811672106295,0.2048493695536959,0.2043943832939925,-0.99399952,0.0374385399999999,0.0025232,-1.7772959200000014,-0.9672549000000004,0.9695661200000012,-31.519774920000003,36.48022508,-39.51977492,100.1,34.22639966,75.48887256000032,53.01703284000018,56.6554568000002,57.6950066400002,174.80410024000062,1910.0362034399984,-1.00481708,-0.0797817199999999,0.0240080000000001,5.351611520000001,1.8191408199999983,2.00134106,-3.487742899999999,16.207525219999994,-93.69526774,100.0,32.30145382,72.74053698000014,72.74053698000014,75.81408096000015,43.54187072000009,171.60619662000036,1742.3127716599993,-0.9760101400000004,-0.0222339799999998,0.01346884,-5.12837406,-8.25100774,0.3354191199999994,-13.0,37.0,66.29834888,100.0,32.62726824,107.91187934000044,2.6192206000000104,2.0953763000000087,2.0953763000000087,5.762284740000023,1894.55811342,-1.0084997,0.1192718799999999,-0.01075132,2.7797428,1.800529700000001,4.07597814,-6.0,30.463226859999995,37.46322686,100.0,33.02036308,99.52127651999926,2.3161359199999825,1.8529086799999857,1.8529086799999857,5.095498939999961,1487.4663139600025,-0.9798405399999998,0.490507660000003,-0.0054345599999999,4.161930360000026,0.9935978800000178,1.1742529199999978,10.501859559999978,-2.4961999600000584,8.540289859999957,100.0,40.47691592,92.83554726000116,113.5938066200014,80.726562700001,61.12154064000075,226.61099502000283,2299.8150121200038,-1.007357,-0.01019802,0.00975444,0.6391820800000004,1.905538120000003,4.974891440000002,10.05928316,-15.65624402000001,25.0,100.03437556,33.63,96.7076617400015,70.4413835000011,62.680891900000965,75.21707028000115,202.36973680000315,1409.3475733399987,726,X1.4829 Y1.4998 Z-0.1145
16:36:50.056,5,729,1.5012,1.4818,-0.1154,85.69161,54.52296,-28.92366,,185.42,0,0,,2,1,"{""sr"":{""mpox"":85.69161,""mpoy"":54.52296,""mpoz"":-28.92366,""mpoa"":0,""posx"":1.5012,""posy"":1.4818,""posz"":-0.1154,""posa"":0,""unit"":0,""stat"":5,""coor"":2,""momo"":1,""dist"":0,""home"":1,""mots"":1,""plan"":0,""line"":729,""path"":2,""frmo"":2,""prbe"":1,""safe"":0,""estp"":0,""spc"":1,""hold"":0,""macs"":5,""cycs"":1,""sps"":12000,""feed"":185.42,""mark"":1069948221}}",5.09508496037224,0.1983492544923652,0.1925169417726289,0.2035184976389332,5.09508496037224,0.1983492544923652,0.1925169417726289,0.2035184976389332,-0.9892369200000004,0.0281921600000001,0.0089671600000003,-1.7944798800000017,-0.9947524000000012,0.9675045200000016,-32.0,36.89856471999999,-40.10143528000001,100.1,34.22101424,65.3163432800005,46.917373440000354,50.13719352000038,51.05714160000039,154.55134820000117,1328.6125771200047,-1.01225728,-0.07349004,0.0153830399999996,5.240770160000006,1.977031079999999,2.0640386399999997,-4.0,16.524550799999997,-95.13059768,100.0,32.28475496,84.12806460000058,67.1689694400003,70.3665181600003,40.41320264000018,159.27556456000067,1547.313280159999,-1.0081566400000004,-0.04138364,0.0126656400000003,-5.184611960000005,-8.219933199999998,0.4459247599999994,-13.451936360000005,37.0,67.0,100.0,32.6176216,93.40915364000084,2.2596822800000207,1.8077459200000163,1.8077459200000163,4.971301160000046,1457.669083360005,-1.0344236,0.1218844800000003,-0.0145308799999998,2.869,1.715443919999999,4.089,-6.842528079999985,31.0,37.84252807999999,100.0,33.02263112,125.15390615999848,2.8970813999999647,2.317665319999972,2.317665319999972,6.373578879999923,1417.4198698400037,-0.8813669999999988,0.1433026000000032,-0.0770789199999986,4.18119336,1.1088183600000026,1.2156682800000016,7.639768400000078,9.48856076000004,-4.730327559999886,100.0,40.45478008,56.68072112000252,66.31441212000281,47.126993760002,35.681866080001505,131.9555813200056,1750.8672561200062,-1.00746944,0.0001794799999998,-0.0005872000000017,0.5533932000000015,1.9485836400000005,4.974867960000003,9.927603920000005,-15.21681696000002,25.07239608,100.0,33.63,63.62433836000424,34.12717880000216,30.367405240001933,36.44088564000232,97.6817261200062,1377.7848900800116,729,X1.5012 Y1.4818 Z-0.1154
16:36:50.314,5,733,1.52798,1.46586,-0.11656,86.37191,54.11818,-28.95301,,185.42,0,0,,2,1,"{""sr"":{""mpox"":86.37191,""mpoy"":54.11818,""mpoz"":-28.95301,""mpoa"":0,""posx"":1.52798,""posy"":1.46586,""posz"":-0.11656,""posa"":0,""unit"":0,""stat"":5,""coor"":2,""momo"":1,""dist"":0,""home"":1,""mots"":1,""plan"":0,""line"":733,""path"":2,""frmo"":2,""prbe"":1,""safe"":0,""estp"":0,""spc"":1,""hold"":0,""macs"":5,""cycs"":1,""sps"":12000,""feed"":185.42,""mark"":1069948221}}",5.430993883862029,0.2049889640945469,0.2056210858849594,0.2071553590960734,5.430993883862029,0.2049889640945469,0.2056210858849594,0.2071553590960734,-0.9906841599999996,0.0349213599999996,-0.0369700399999991,-1.5625681999999896,-0.8300345999999896,0.8461661199999992,-31.49952167999996,37.0,-38.10187188000003,100.1,34.23,89.26807320000123,57.91106592000065,61.88535448000069,63.0208660800007,190.1981089200021,1322.0498284400026,-1.00077764,-0.0736845599999998,0.0222365599999992,5.282507879999992,1.952466640000008,2.1155891599999994,-3.459433599999997,16.58426671999998,-95.58426671999996,100.0,32.30496852,83.24728636000057,76.21991788000052,80.00388528000056,45.94817744000032,180.54930876000125,1526.9704305200044,-1.0032929600000002,-0.0230244800000001,0.0182236400000003,-5.448808040000003,-8.060542719999987,0.4281631200000052,-13.419241519999993,37.41924151999999,68.37175728000001,100.0,32.61628227999999,120.79776192000156,2.9037924800000376,2.32303392000003,2.32303392000003,6.388343360000083,1801.6460346400024,-1.0146003600000004,0.1199939999999995,-0.0097313199999999,2.8111912799999983,1.824617440000003,3.954035879999996,-6.0,31.0,37.36947695999999,100.0,33.03317124,80.54593035999731,1.8473839599999389,1.4779069999999508,1.4779069999999508,4.381404759999879,1351.3086049999988,-0.9866371999999992,0.2149341999999985,0.0041194399999993,5.239704680000035,1.8977142799999631,1.278027920000002,9.0494620000001,12.63213472000009,-0.3099245599999701,100.0,40.46934888,125.0279458800041,150.18600804000494,106.7311737200035,80.81074556000264,298.8472850800097,1845.8875424400092,-0.9977920399999992,-0.0178464000000002,0.0009199199999998,0.5435867199999999,1.9372262800000135,5.013866479999996,10.0,-15.0,25.92732408000004,100.0911266,33.63838548,201.26126528000773,98.11486696000378,87.21321492000335,104.82357580000404,281.76577136001094,1121.6387950799997,733,X1.5308 Y1.4646 Z-0.1167
16:36:50.571,5,737,1.55796,1.45749,-0.11768,87.13334,53.9056,-28.98166,,185.42,0,0,,2,1,"{""sr"":{""mpox"":87.13334,""mpoy"":53.9056,""mpoz"":-28.98166,""mpoa"":0,""posx"":1.55796,""posy"":1.45749,""posz"":-0.11768,""posa"":0,""unit"":0,""stat"":5,""coor"":2,""momo"":1,""dist"":0,""home"":1,""mots"":1,""plan"":0,""line"":737,""path"":2,""frmo"":2,""prbe"":1,""safe"":0,""estp"":0,""spc"":1,""hold"":0,""macs"":5,""cycs"":1,""sps"":12000,""feed"":185.42,""mark"":1069948221}}",5.144453534205998,0.1908939131345959,0.1998245371714923,0.2072385785858606,5.144453534205998,0.1908939131345959,0.1998245371714923,0.2072385785858606,-0.9867101,0.0340932199999999,-0.00656408,-1.8779017200000003,-0.8635845199999996,0.90717706,-32.0,36.96527854,-39.43233582,100.1,34.23034722,64.93551853999995,44.09827049999996,46.692286359999954,47.55695799999995,143.96788233999985,1200.4093882799996,-1.00775848,-0.07583754,0.0237319399999999,5.397358039999999,1.9926258200000004,1.98434278,-3.9726661600000015,16.513521060000002,-94.51381278,100.0,32.30000292,87.69676965999994,64.28035513999997,67.49437289999997,38.56821305999998,152.43626995999992,1401.20529338,-1.0146064,-0.02024198,0.02958026,-5.19069486,-8.16891736,0.3930171199999999,-13.58170214,37.0,67.58170214,100.0,32.62442862,85.75115107999989,2.0914912399999976,1.673193379999998,1.673193379999998,4.601281339999994,1151.4857325199996,-1.01012158,0.12676598,-0.0129249,2.83130882,1.7221261200000002,4.147485580000001,-6.0,30.638501960000003,36.97939012,100.0,33.02361528,137.3810676000002,3.192511680000005,2.554009720000004,2.554009720000004,7.662029100000011,1085.6771525200002,-0.95070144,0.1632062799999998,-0.0206384999999999,3.4650095,2.266874600000002,1.3081252999999995,10.64811438000001,6.549371480000004,12.350066600000002,100.0,40.46988828,36.27559959999972,44.38691331999965,31.54399989999975,23.88331369999981,88.3231990599993,1417.7679745199987,-1.0025503,-0.0116077,-0.0114443,0.4976181600000008,2.09142256,4.93508352,10.0057765,-15.0057765,26.0,100.0,33.63005778,33.83358793999944,16.42543477999973,14.60038667999976,17.408153159999713,46.74931423999923,1055.82774368,737,X1.5641 Y1.4567 Z-0.1179
16:36:50.828,5,740,1.58932,1.45706,-0.11878,87.92991,53.89459,-29.0096,,185.42,0,0,,2,1,"{""sr"":{""mpox"":87.92991,""mpoy"":53.89459,""mpoz"":-29.0096,""mpoa"":0,""posx"":1.58932,""posy"":1.45706,""posz"":-0.11878,""posa"":0,""unit"":0,""stat"":5,""coor"":2,""momo"":1,""dist"":0,""home"":1,""mots"":1,""plan"":0,""line"":740,""path"":2,""frmo"":2,""prbe"":1,""safe"":0,""estp"":0,""spc"":1,""hold"":0,""macs"":5,""cycs"":1,""sps"":12000,""feed"":185.42,""mark"":1069948221}}",5.319933368723537,0.214105636944638,0.2121013415082765,0.207700265853505,5.319933368723537,0.214105636944638,0.2121013415082765,0.207700265853505,-0.9849048,0.0390168000000008,0.0049004000000008,-1.6313260000000165,-0.9158047999999934,1.0162385999999974,-31.45224860000001,36.54775139999999,-39.87596100000005,100.1,34.2411636,94.21321419999762,55.870626599998594,59.15713459999851,60.25263659999848,181.85341319999543,1582.573464799986,-1.0109441999999995,-0.0739021999999993,0.0229255999999994,5.558426199999987,1.921791599999996,2.069463399999998,-3.0,16.909235199999962,-94.61714860000002,100.0,32.305644,103.44323899999743,72.5501843999989,76.85201879999887,43.16346239999937,173.52508839999737,1667.772708599985,-0.9744495999999998,-0.0346286000000018,0.0032130000000001,-5.319504199999985,-8.010942000000007,0.4808181999999774,-13.556727399999984,37.0,68.0,100.0,32.621633,115.88086999999672,2.783634999999921,2.2269083999999366,2.2269083999999366,6.123997199999826,1609.4042633999893,-0.9979598000000006,0.1191711999999995,-0.0118817999999995,2.896786999999995,1.72349499999999,4.0805513999999965,-6.594029599999973,31.0,37.13850060000006,100.0,33.0293074,88.50153440000575,2.029851600000132,1.6238812000001055,1.6238812000001055,4.871644400000317,1619.153528199972,-0.9824872000000094,0.1526513999999982,-0.0143437999999938,0.5109768000000633,1.7474343999999291,1.0772394000000185,7.815459400000186,16.598754199999988,1.458721600000484,100.0,40.4638894,113.29527099999125,134.5363179999896,95.41096079999262,72.75943759999437,268.38622659997924,2165.9439443999363,-1.000461399999999,-0.0098336000000002,0.0079433999999985,0.5466785999999831,2.0818716000000004,4.954149599999986,10.722127199999925,-15.25951440000007,26.259514400000068,100.0018358,33.6327784,186.1250063999824,85.89630699999198,76.26999679999288,91.07970479999148,245.82279679997703,1087.6715444000097,740,X1.5898 Y1.4571 Z-0.1188
16:36:51.086,5,744,1.61959,1.46506,-0.11994,88.69869,54.09765,-29.03909,,185.42,0,0,,2,1,"{""sr"":{""mpox"":88.69869,""mpoy"":54.09765,""mpoz"":-29.03909,""mpoa"":0,""posx"":1.61959,""posy"":1.46506,""posz"":-0.11994,""posa"":0,""unit"":0,""stat"":5,""coor"":2,""momo"":1,""dist"":0,""home"":1,""mots"":1,""plan"":0,""line"":744,""path"":2,""frmo"":2,""prbe"":1,""safe"":0,""estp"":0,""spc"":1,""hold"":0,""macs"":5,""cycs"":1,""sps"":12000,""feed"":185.42,""mark"":1069948221}}",5.161704916736483,0.1977335318211803,0.188692085640398,0.2015701906608667,5.161704916736483,0.1977335318211803,0.188692085640398,0.2015701906608667,-0.9926328799999998,0.0380655199999998,0.0092380000000001,-1.715735359999997,-0.856955439999997,1.0113531200000003,-31.730059519999998,37.0,-39.52105504,100.1,34.25521032,69.38608915999959,49.06139479999971,51.51705559999972,52.205005039999705,158.05185027999912,1644.2196107199993,-1.00338352,-0.0687417600000002,0.0191758399999996,5.427506439999998,1.781405520000001,1.98425304,-3.0,16.0,-95.65033984,100.0,32.314876840000004,81.43876747999974,65.83373391999979,70.71030679999977,39.50024067999987,158.97627663999947,1696.7132846000034,-0.9943113600000008,-0.0003846400000005,0.0220061599999999,-5.495102199999995,-8.126422720000003,0.4294084399999988,-13.37936000000001,37.852306760000005,67.37936,100.0,32.61620672,96.48118011999937,2.3647347999999844,1.891788039999988,1.891788039999988,5.202416639999965,1705.8720551999977,-1.0163585200000007,0.1248549599999989,-0.0153175600000003,2.827789439999997,1.711325719999999,4.051226920000001,-6.875917360000006,31.0,37.0,100.0,33.03875908,118.49354804000114,2.7148963200000265,2.7148963200000265,2.171917040000021,6.515750840000063,1583.026751000005,-1.0232302399999995,0.1924177999999987,-0.0234377199999995,2.677401840000023,0.880724279999999,1.240198520000001,14.38875328000002,13.689320320000077,22.21844159999987,100.0,40.46523072,74.99112435999803,80.3183627999979,56.960471759998505,43.43748191999887,159.8171505599958,1787.9262656399967,-0.9946729999999998,-0.0275120799999999,-0.0176216800000004,0.5131094400000035,2.0751033600000066,4.913091199999998,10.0,-15.0,25.22330964000003,100.1,33.64034992,64.85367055999771,44.65971307999843,39.61122395999861,47.76647615999831,127.76561507999548,1549.5118007199994,744,X1.6227 Y1.4663 Z-0.1201
16:36:51.361,5,748,1.64854,1.4819,-0.12116,89.43395,54.52543,-29.06992,,185.42,0,0,,2,1,"{""sr"":{""mpox"":89.43395,""mpoy"":54.52543,""mpoz"":-29.06992,""mpoa"":0,""posx"":1.64854,""posy"":1.4819,""posz"":-0.12116,""posa"":0,""unit"":0,""stat"":5,""coor"":2,""momo"":1,""dist"":0,""home"":1,""mots"":1,""plan"":0,""line"":748,""path"":2,""frmo"":2,""prbe"":1,""safe"":0,""estp"":0,""spc"":1,""hold"":0,""macs"":5,""cycs"":1,""sps"":12000,""feed"":185.42,""mark"":1069948221}}",5.235173652656751,0.2004653170314709,0.2126551028171269,0.2146122773303325,5.235173652656751,0.2004653170314709,0.2126551028171269,0.2146122773303325,-0.9952635000000004,0.0475279800000007,-0.0037349999999999,-1.820199200000012,-0.8688958199999983,0.922718440000001,-31.50014391999997,37.0,-38.99971216000006,100.1,34.25941172,68.40353459999865,45.4552523599991,47.22050441999907,48.10313037999905,145.19201809999714,1306.9751036599887,-1.0053669399999996,-0.0703877,0.0253353799999999,5.409563500000007,1.8466880799999896,1.9623169999999963,-1.4065025799999855,7.970179719999918,-44.07040561999955,100.03924696,32.32177426,93.2534899999996,62.43130319999933,67.5121105799993,36.6454276999996,150.6484818999984,1464.6418771799968,-0.9737780000000004,-0.0237765399999996,-0.0011186800000004,-5.099107019999992,-8.356928780000002,0.3262265200000013,-11.919242560000416,34.27197534000121,62.34680700000218,100.0,32.62916868,88.89238061999787,2.155564319999949,1.724451599999959,1.724451599999959,4.742241359999888,1465.5301682400006,-1.006383360000001,0.1220542399999996,0.0003315600000005,2.805155879999994,1.742721140000002,4.095651620000005,-6.091911399999964,30.908088600000035,37.61522162000002,100.0,33.0381618,132.88792534000368,3.0761089600000853,3.0761089600000853,2.460887340000068,7.382662160000205,1266.746587259995,-0.8751271200000047,0.3403204999999963,-0.023266639999999,2.178981039999925,0.4052452599999876,1.2307618600000003,11.793797679999935,21.953829919999947,7.5541471600000465,100.0,40.45839954,45.74014745999433,53.68304675999337,38.07114069999529,28.75877513999644,106.93216859998677,1835.580464339964,-1.0058588599999998,0.0010672400000006,0.0213339600000006,0.4099936599999959,2.036720360000015,4.905967699999991,8.744931360000484,-13.117397040000728,22.73682162000126,100.07961296,33.6412551,43.64882825998861,23.24141557999505,20.794950759995565,24.87239231999469,66.66616567998581,1206.2940127799948,748,X1.6517 Y1.4844 Z-0.1213
16:36:51.637,5,752,1.67152,1.50621,-0.12233,90.01779,55.143,-29.09977,,185.42,0,0,,2,1,"{""sr"":{""mpox"":90.01779,""mpoy"":55.143,""mpoz"":-29.09977,""mpoa"":0,""posx"":1.67152,""posy"":1.50621,""posz"":-0.12233,""posa"":0,""unit"":0,""stat"":5,""coor"":2,""momo"":1,""dist"":0,""home"":1,""mots"":1,""plan"":0,""line"":752,""path"":2,""frmo"":2,""prbe"":1,""safe"":0,""estp"":0,""spc"":1,""hold"":0,""macs"":5,""cycs"":1,""sps"":12000,""feed"":185.42,""mark"":1069948221}}",5.271567728162514,0.1987222932061486,0.1984346759323235,0.2023928315737502,5.271567728162514,0.1987222932061486,0.1984346759323235,0.2023928315737502,-0.99461816,0.04489646,-0.0169888199999996,-1.7186794200000022,-1.0401050199999995,0.9794273800000008,-32.0,37.0,-39.0,100.1,34.255196240000004,77.42685086000027,54.042902640000186,55.6018328800002,56.121475500000194,170.9626439800006,2111.377746099997,-1.00234794,-0.07726296,0.0363026599999998,5.1893247,2.01002614,1.98416204,-3.0,16.661477519999995,-95.17233418,100.0,32.313446600000006,89.61530930000006,67.26077430000015,73.05253398000015,39.33597974000008,163.47420274000032,2153.037408859996,-0.9916699200000004,-0.0302635800000001,0.02819976,-5.252822939999994,-7.979025880000003,0.5205147799999984,-13.845468820000004,37.52127482,67.21221246,100.0,32.617878160000004,107.84624808000042,2.6063748600000105,2.0851000400000084,2.0851000400000084,5.734024920000024,2308.3060189799958,-0.9905601200000002,0.124133379999999,-0.0045574999999998,3.019879360000001,1.6922276799999991,4.094377280000002,-7.0,31.0,37.406597860000005,100.0,33.02,99.74026921999923,2.3088028199999826,2.3088028199999826,1.8470421799999857,5.541125919999958,2269.4407705599965,-0.9780726000000016,0.3998433400000012,0.0438160600000002,4.690657659999994,1.2263466599999902,1.4169204199999987,12.482036779999952,10.788507519999976,22.281163079999978,100.0,40.45496436,96.75845588000122,111.7937472000014,79.639440580001,60.15928938000075,222.9451958000028,2749.764539540001,-0.9973887,-0.0210055400000001,0.00174476,0.5201131400000006,1.901073499999997,4.90743326,10.0,-15.400547739999991,25.0365028,100.0,33.63599478,118.8472439400019,68.30103660000105,60.54466174000093,72.53370436000112,195.384881580003,1821.79376608,752,X1.6743 Y1.5101 Z-0.1225
16:36:51.913,5,756,1.68687,1.53593,-0.12361,90.40776,55.89773,-29.13215,,185.42,0,0,,2,1,"{""sr"":{""mpox"":90.40776,""mpoy"":55.89773,""mpoz"":-29.13215,""mpoa"":0,""posx"":1.68687,""posy"":1.53593,""posz"":-0.12361,""posa"":0,""unit"":0,""stat"":5,""coor"":2,""momo"":1,""dist"":0,""home"":1,""mots"":1,""plan"":0,""line"":756,""path"":2,""frmo"":2,""prbe"":1,""safe"":0,""estp"":0,""spc"":1,""hold"":0,""macs"":5,""cycs"":1,""sps"":12000,""feed"":185.42,""mark"":1069948221}}",5.148609673929524,0.2002590770974364,0.2066723901389961,0.2153150126696169,5.148609673929524,0.2002590770974364,0.2066723901389961,0.2153150126696169,-0.9939581,0.0394755999999993,-0.0157781000000008,-1.586849200000008,-0.8642542999999913,0.9742291999999856,-32.51969060000005,36.48030939999995,-39.91629110000007,100.1,34.2595815,82.52972960000152,58.962262600001424,60.08535270000145,60.12720710000141,184.74842200000444,1571.6064596000024,-1.0059572000000003,-0.0752346999999998,0.0171761999999991,5.063333299999974,1.9463368000000056,2.0793022000000008,-4.0,16.0,-95.58988349999996,100.0054616,32.3046475,95.81288530000138,69.04950940000099,76.0079870000011,40.14506390000058,169.14453470000245,1742.117674500017,-1.0029381000000015,-0.0264257999999996,0.0079294000000005,-5.309670399999999,-7.97175099999999,0.427,-13.0,37.36554220000004,67.30631030000009,100.0,32.607903,119.6470381000033,2.87613120000008,2.300904400000064,2.300904400000064,6.327487300000175,1658.230683800017,-1.0218043000000012,0.1288622000000013,-0.0056152,2.923338999999986,1.880318500000008,4.009373799999996,-6.375374199999973,31.0,36.44075769999992,100.0,33.0144073,81.52154289999423,1.876869899999868,1.876869899999868,1.5014957999998944,4.504488199999684,1511.3204759000232,-0.883602699999986,0.1561387999999942,0.0009630999999987,4.530337100000253,1.3682166000000535,1.2620571000000171,11.07629899999956,2.0029015999997246,13.74187509999996,100.0,40.4783197,135.03797540000969,146.29114030001048,103.5291149000074,78.77215260000564,291.8320698000209,2202.101556700028,-1.0075518,-0.0041673999999999,0.0167518000000003,0.2324900999999785,2.0860429999999908,4.883,10.0,-15.910318599999991,25.819802100000068,100.0910315,33.6481984,175.43761810001467,92.63762090000778,82.79999720000694,99.19603620000832,265.61583350002223,1365.9608138999909,756,X1.6886 Y1.5411 Z-0.1238
16:36:52.181,5,760,1.69333,1.56713,-0.12473,90.57161,56.6903,-29.16053,,185.42,0,0,,2,1,"{""sr"":{""mpox"":90.57161,""mpoy"":56.6903,""mpoz"":-29.16053,""mpoa"":0,""posx"":1.69333,""posy"":1.56713,""posz"":-0.12473,""posa"":0,""unit"":0,""stat"":5,""coor"":2,""momo"":1,""dist"":0,""home"":1,""mots"":1,""plan"":0,""line"":760,""path"":2,""frmo"":2,""prbe"":1,""safe"":0,""estp"":0,""spc"":1,""hold"":0,""macs"":5,""cycs"":1,""sps"":12000,""feed"":185.42,""mark"":1069948221}}",5.056069582478984,0.1964883140391997,0.2041049652726553,0.2043847362431803,5.056069582478984,0.1964883140391997,0.2041049652726553,0.2043847362431803,-0.98853712,0.0399512200000001,-0.0137443400000006,-1.807995440000008,-1.0754350600000018,0.9344183999999958,-32.0,37.0,-39.16016092000006,100.1,34.263869660000005,72.655268319998,48.982965879998986,48.982965879998986,49.44506947999898,151.56993319999685,1954.1610550999967,-1.0098248000000003,-0.0715570599999999,0.0203404799999995,5.226190039999995,1.851150740000004,1.8991692399999984,-3.5217966400000056,16.117526499999972,-94.95640624,100.01175252,32.31073956,99.46627235999884,60.731811119999286,66.9484531399992,34.908835799999586,149.19940903999824,1763.4823973799766,-1.0070095399999996,-0.0309302199999995,0.0243505399999995,-5.174936159999987,-8.203619540000007,0.3135867999999928,-13.561710579999964,37.56171057999996,66.66778745999994,100.0,32.62,94.77174111999771,2.278167019999945,1.822533319999956,1.822533319999956,5.011966999999879,1800.4085659599943,-1.01728438,0.1286967799999999,-0.0052873199999998,2.772869859999999,1.6847836199999964,4.039153699999997,-6.486441220000039,31.0,36.93766169999994,100.0,33.02575942,124.7907474200041,2.8794851800000933,2.8794851800000933,2.303587840000075,6.910764520000224,1434.620631559991,-0.95318110000001,0.2645169999999952,-0.0261169999999973,3.571699159999997,1.019292400000019,1.263877679999987,3.170206139999667,3.170206139999667,4.226941519999556,100.0,40.46951016,59.52942203999373,68.33554879999282,48.60982351999489,36.98573507999611,136.31885313998566,2172.781460019959,-1.0024495000000002,-0.01579382,-0.0017230199999985,0.4332888799999985,2.144076060000009,5.022029019999997,10.0,-15.0,26.025774319999996,100.0669293,33.65,69.52459239998905,34.15243157999462,30.798175279995142,36.59189105999423,98.49317255998446,1362.3460580399817,760,X1.6936 Y1.5749 Z-0.125
16:36:52.434,5,761,1.69102,1.59855,-0.125,90.51316,57.48833,-29.1675,,185.42,0,0,,2,3,"{""sr"":{""mpox"":90.51316,""mpoy"":57.48833,""mpoz"":-29.1675,""mpoa"":0,""posx"":1.69102,""posy"":1.59855,""posz"":-0.125,""posa"":0,""unit"":0,""stat"":5,""coor"":2,""momo"":3,""dist"":0,""home"":1,""mots"":1,""plan"":0,""line"":761,""path"":2,""frmo"":2,""prbe"":1,""safe"":0,""estp"":0,""spc"":1,""hold"":0,""macs"":5,""cycs"":1,""sps"":12000,""feed"":185.42,""mark"":1069948221}}",5.089918029166156,0.2011875002556778,0.2051588514940768,0.2079486423917235,5.089918029166156,0.2011875002556778,0.2051588514940768,0.2079486423917235,-0.98304348,0.0321117199999999,0.046253880000001,-1.6684032000000042,-0.8267363599999948,0.9510689600000032,-31.897225159999937,36.47212843999999,-38.52787156000001,100.1,34.26184672,81.29221584000149,55.954382240001024,55.954382240001024,56.48225380000103,172.61399116000314,1600.4998534800088,-1.01585768,-0.0808736000000002,0.0774206800000019,5.24816156,1.984768959999996,2.022863679999998,-3.0,16.372480880000033,-95.37248088000004,100.03724836,32.31854688,91.13036784000104,65.09575408000076,71.4544930800008,37.28060488000042,159.85062444000184,1612.716730240005,-0.9727875599999998,-0.042899280000001,-0.00301044,-5.141585879999992,-8.061690200000005,0.3899662799999998,-13.596713079999963,37.596713079999965,67.93351323999998,100.0,32.62596692,111.17454172000238,2.6662169200000583,2.132973880000047,2.132973880000047,5.865677240000129,1840.894565559996,-1.0168205200000011,0.1371379600000007,-0.0087509999999992,2.896212920000002,1.6954880000000023,4.0011514400000046,-6.553883959999959,30.44611604000004,36.88924512000002,100.0,33.034431,96.1589500399958,2.215644039999903,1.7725149599999224,1.7725149599999224,4.874416479999788,1581.7560401599917,-0.9921759599999976,0.1163910799999849,0.005133639999999,3.210115759999953,1.8674407200000465,1.2948509199999794,13.327091039999972,-4.18872767999984,28.63224156000012,100.0,40.48,104.97045240000672,119.63541700000766,84.66506428000544,64.41907076000413,237.4302895600152,1726.066182520001,-0.9931762799999992,-0.0083964400000002,0.00548132,0.6276895999999976,1.8988796400000083,4.920688320000004,9.030722239999994,-16.0,25.73360079999989,100.06485644,33.66,151.66065036001297,72.63878572000569,65.50461948000513,77.8272701200061,209.4850694800164,1214.2776332799936,761,G3 X1.5748 Y1.6937 R0.1188
16:36:52.691,5,761,1.68089,1.62811,-0.125,90.25575,58.23932,-29.1675,,185.42,0,0,,2,3,"{""sr"":{""mpox"":90.25575,""mpoy"":58.23932,""mpoz"":-29.1675,""mpoa"":0,""posx"":1.68089,""posy"":1.62811,""posz"":-0.125,""posa"":0,""unit"":0,""stat"":5,""coor"":2,""momo"":3,""dist"":0,""home"":1,""mots"":1,""plan"":0,""line"":761,""path"":2,""frmo"":2,""prbe"":1,""safe"":0,""estp"":0,""spc"":1,""hold"":0,""macs"":5,""cycs"":1,""sps"":12000,""feed"":185.42,""mark"":1069948221}}",5.125191486596212,0.2018679390737335,0.2030650636293385,0.2084704647793094,5.125191486596212,0.2018679390737335,0.2030650636293385,0.2084704647793094,-0.98427016,0.0336839400000001,-0.0386194400000009,-1.7749096800000033,-0.9124511000000064,0.8202149399999992,-32.26723240000001,36.26723240000001,-38.226989539999984,100.1,34.26732786,73.45235914000065,52.65478432000045,52.38755192000043,52.88177386000044,161.83764492000134,2029.9178101000025,-1.00433968,-0.0856318600000002,0.0383975399999998,5.114836779999995,2.0087889000000017,1.9582110999999984,-4.0,16.79043135999999,-95.2004279,100.0704998,32.31495422,86.7002039200004,62.91957664000029,69.36016332000032,36.16637074000017,154.0786478000007,2578.033323780002,-1.0084026199999998,-0.0361382399999999,0.0392432599999998,-4.958887739999998,-8.53100324,0.2231338599999975,-14.81436009999999,37.49269722,67.81436009999999,100.0,32.6196498,102.97370394000104,2.4634856400000245,1.97078842000002,1.97078842000002,5.419668960000054,2388.366861800006,-1.0072506399999996,0.1417224000000001,-0.0035214599999999,2.870397519999999,1.6383234399999995,4.046727660000001,-6.488548140000008,30.51145185999999,37.84136577999999,100.0,33.023172620000004,110.94953633999832,2.5572602999999603,2.5572602999999603,2.0458084399999685,5.625972459999913,2444.000171680006,-0.9058679000000032,0.5160384400000021,0.0110343599999994,3.966346279999953,1.839928659999977,1.1417261199999995,10.666277219999955,2.4052791999999426,11.39543407999992,100.0,40.47439452,80.03400894000269,92.34693360000313,65.82678866000222,49.72527214000168,184.69386674000623,3238.2236539600126,-1.006847,-0.0128376400000001,-0.0066267199999996,0.6584562599999966,1.713318399999992,4.822,10.0,-15.46527676000002,26.419429020000017,100.04888782,33.65954138,111.20110676000492,52.576255600002334,46.99293634000208,56.2984679800025,150.74961742000667,1897.7761684600143,761,G3 X1.5748 Y1.6937 R0.1188
16:36:52.948,5,761,1.66338,1.65402,-0.125,89.81097,58.89742,-29.1675,,185.42,0,0,,2,3,"{""sr"":{""mpox"":89.81097,""mpoy"":58.89742,""mpoz"":-29.1675,""mpoa"":0,""posx"":1.66338,""posy"":1.65402,""posz"":-0.125,""posa"":0,""unit"":0,""stat"":5,""coor"":2,""momo"":3,""dist"":0,""home"":1,""mots"":1,""plan"":0,""line"":761,""path"":2,""frmo"":2,""prbe"":1,""safe"":0,""estp"":0,""spc"":1,""hold"":0,""macs"":5,""cycs"":1,""sps"":12000,""feed"":185.42,""mark"":1069948221}}",5.287898312086767,0.2076260417355542,0.215878448666599,0.2053169765863943,5.287898312086767,0.2076260417355542,0.215878448666599,0.2053169765863943,-0.9860982,0.0375082,-0.0335133999999994,-1.8188124,-0.8690671999999972,0.9661940000000018,-32.34625039999998,36.34625039999998,-38.5153504,100.1,34.2617718,78.02861380000071,51.37287580000047,51.37287580000047,51.85752600000047,158.96512600000142,1381.9018255999963,-1.0090838,-0.0747478,0.0078856000000001,5.485144399999996,1.5359654000000027,2.0284982000000005,-3.2178104000000154,16.490067600000003,-94.4900676,100.0727744,32.3250992,76.66837740000068,62.72863300000033,69.86183440000035,36.26499120000019,153.8811778000008,1509.7652837999951,-0.98052,-0.0267527999999999,-1.0400000000159476e-05,-5.221507999999989,-8.036476800000006,0.3373071999999962,-14.0,37.0,68.28212679999999,100.0,32.627179,99.88637200000112,2.401114600000027,1.9208918000000212,1.9208918000000212,5.28245240000006,1584.488300599995,-1.0170624000000004,0.1124197999999997,-0.0051117999999999,2.790620399999999,1.7375248000000003,4.064425599999998,-6.0,31.205532999999992,37.588934000000016,100.0,33.0346764,116.05909779999809,2.661905999999956,2.129524399999964,2.129524399999964,5.856192799999903,1342.1579284000004,-0.9921548000000024,0.1901408000000004,-0.0097563999999985,3.9040310000000416,1.8284889999999496,1.0910066000000025,12.371781799999924,-3.3749348000000707,16.44326439999994,100.0,40.4589026,73.866693400003,85.1588912000035,60.39329500000248,45.73055300000188,169.55853220000697,1670.945571599992,-1.0174664000000004,-0.0119931999999999,0.0128717999999992,0.4002928000000059,1.8212021999999928,4.935279999999995,10.0,-15.0,25.419228000000025,100.0580774,33.6594264,56.30889400000312,47.3727160000026,42.34198460000233,50.72653640000279,136.24896160000745,1108.945165999994,761,G3 X1.5748 Y1.6937 R0.1188
16:36:53.205,5,761,1.63937,1.67443,-0.125,89.20121,59.4158,-29.1675,,185.42,0,0,,2,3,"{""sr"":{""mpox"":89.20121,""mpoy"":59.4158,""mpoz"":-29.1675,""mpoa"":0,""posx"":1.63937,""posy"":1.67443,""posz"":-0.125,""posa"":0,""unit"":0,""stat"":5,""coor"":2,""momo"":3,""dist"":0,""home"":1,""mots"":1,""plan"":0,""line"":761,""path"":2,""frmo"":2,""prbe"":1,""safe"":0,""estp"":0,""spc"":1,""hold"":0,""macs"":5,""cycs"":1,""sps"":12000,""feed"":185.42,""mark"":1069948221}}",5.217598864613378,0.179066466784495,0.1947253757362297,0.1938688827004477,5.217598864613378,0.179066466784495,0.1947253757362297,0.1938688827004477,-0.9902502999999996,0.0408736799999999,-0.0011461200000011,-1.628456640000005,-0.9193907600000076,0.9193907600000076,-32.42969061999995,36.890699119999965,-37.64829264000002,100.1,34.26320414,84.27129309999727,57.1331455799986,57.1331455799986,57.67213807999858,176.7893574799957,1387.5039211000174,-1.0058100199999995,-0.0758531799999999,0.0156870400000005,5.4000671,1.796317819999989,2.0226704800000026,-3.43143953999982,14.24925193999927,-81.49668809999572,100.0,32.32046978,72.24213981999893,67.007202239999,74.85960897999888,39.26203247999941,164.90053691999756,1507.0492623600285,-1.0193200199999974,-0.0279347799999996,0.0268771199999998,-5.088417620000003,-8.352750599999966,0.0971739200000186,-14.0,37.0,67.0,100.0,32.6230192,113.73051233999684,2.7208254799999243,2.17666027999994,2.17666027999994,5.985816639999833,1660.8754542200045,-1.0159141400000016,0.1302625200000002,-0.0140749399999992,2.785632059999987,1.6895092399999998,4.063034459999998,-6.170851720000054,30.425666280000023,38.57433371999998,100.0,33.04574372,92.96604472000568,2.128330140000129,2.128330140000129,1.7026638600001032,4.682326300000284,1354.796193980017,-0.9912479200000004,0.4180399199999955,0.00624488,1.7563768599998528,1.185440800000034,1.1950795599999915,11.37314945999998,-3.677141620000612,0.0728487600005174,100.0,40.45,108.45117775999132,126.63460871998986,90.26774605999276,68.18786621999455,253.26921669997972,1474.5644778800329,-1.0037207399999997,-0.0029763400000006,0.0234255000000004,0.5462977999999887,2.123129039999984,5.014746819999988,9.931972540000007,-15.302748960000066,26.697251039999934,100.00680282,33.6753057,87.85366929999158,78.78940177999245,70.42238529999325,84.36741235999192,228.00118885997816,1490.018155199987,761,G3 X1.5748 Y1.6937 R0.1188
16:36:53.463,5,761,1.61112,1.68779,-0.125,88.48368,59.75506,-29.1675,,185.42,0,0,,2,3,"{""sr"":{""mpox"":88.48368,""mpoy"":59.75506,""mpoz"":-29.1675,""mpoa"":0,""posx"":1.61112,""posy"":1.68779,""posz"":-0.125,""posa"":0,""unit"":0,""stat"":5,""coor"":2,""momo"":3,""dist"":0,""home"":1,""mots"":1,""plan"":0,""line"":761,""path"":2,""frmo"":2,""prbe"":1,""safe"":0,""estp"":0,""spc"":1,""hold"":0,""macs"":5,""cycs"":1,""sps"":12000,""feed"":185.42,""mark"":1069948221}}",5.42129801864795,0.2027898452283689,0.2089610070645926,0.2087815141349552,5.42129801864795,0.2027898452283689,0.2089610070645926,0.2087815141349552,-0.9891913999999998,0.0442530999999997,0.0035792999999992,-1.6747764000000005,-0.8769023999999975,0.9766497999999958,-31.481335400000024,36.56104169999999,-38.56104169999999,100.1,34.2695762,68.47751110000101,46.529590400000686,46.529590400000686,46.968548700000696,144.41731440000214,1278.823650300009,-1.0151765999999998,-0.0749188999999997,0.022009399999999,5.192681099999997,1.8343189000000013,1.9949794999999968,-3.5915548000000195,16.0,-96.4084452,100.0,32.3153717,63.98250630000057,60.11645970000048,66.18795440000055,35.12240670000027,146.72434700000122,1435.7775999000105,-0.9730989000000004,-0.0303535000000004,-0.0062993999999995,-5.151813599999994,-8.206132600000007,0.4886623999999897,-13.0,37.0,67.94072529999997,100.0,32.6226695,88.56394310000164,2.12894080000004,1.7031528000000316,1.7031528000000316,4.683670400000088,1465.2067903000045,-0.9946226000000006,0.126443,-0.0128527999999997,2.953003200000001,1.6749954000000034,4.065996799999999,-6.0,31.0,38.31152059999999,100.0,33.0393442,136.4142738999971,3.114481399999934,2.491584899999947,2.491584899999947,6.851858399999856,1265.3771594000073,-1.0361325999999955,0.1681880999999968,-0.0071639000000008,1.2147411000001174,2.2997678999999702,1.164962200000002,10.842321399999854,-1.2540696999999494,5.2566139999998125,100.0,40.4108135,42.41068500000473,48.56574470000521,34.61865960000372,26.150786100002808,97.0501427000104,1355.6283658000175,-1.0008244,-0.0102344999999997,0.0063370000000012,0.4984444999999995,2.039261000000009,4.9786164999999984,10.085610699999997,-15.824315599999968,25.99553699999996,100.0175682,33.6717566,30.12401870000502,20.02803670000392,17.919822700003493,21.433513000004183,57.710138000011256,1124.1112504000012,761,G3 X1.5748 Y1.6937 R0.1188
16:36:53.720,5,761,1.58038,1.69336,-0.125,87.70285,59.89664,-29.1675,,185.42,0,0,,2,3,"{""sr"":{""mpox"":87.70285,""mpoy"":59.89664,""mpoz"":-29.1675,""mpoa"":0,""posx"":1.58038,""posy"":1.69336,""posz"":-0.125,""posa"":0,""unit"":0,""stat"":5,""coor"":2,""momo"":3,""dist"":0,""home"":1,""mots"":1,""plan"":0,""line"":761,""path"":2,""frmo"":2,""prbe"":1,""safe"":0,""estp"":0,""spc"":1,""hold"":0,""macs"":5,""cycs"":1,""sps"":12000,""feed"":185.42,""mark"":1069948221}}",5.2712564464756495,0.2012402283483671,0.1965288245636098,0.2049764283504997,5.2712564464756495,0.2012402283483671,0.1965288245636098,0.2049764283504997,-0.9909646399999998,0.0409898799999992,-0.0037954799999997,-1.709,-0.9063495999999982,0.8204001599999958,-32.0,37.0,-38.80482176000008,100.1,34.264024320000004,86.15916756000219,60.311416600001536,61.46020632000156,62.03460072000158,189.5501674400048,1301.6441574799862,-1.0139250400000004,-0.0745591200000001,0.02728264,5.368784760000006,1.7625759199999904,2.0974400399999986,-3.0,16.0,-95.43779884000004,100.00181576,32.310181560000004,71.16075760000138,71.26970292000112,78.34226816000123,41.36546568000061,173.56804348000267,1801.6867357600408,-1.0224564800000018,-0.0361057599999999,0.0301241600000001,-5.712204240000045,-7.707671799999969,0.5303338800000121,-13.586415360000016,36.98368736000004,67.84348191999993,100.0,32.620163119999994,121.99068952000349,2.9320759200000848,2.345661520000068,2.345661520000068,6.450568200000186,1878.3581450800432,-0.9889891999999992,0.1164906799999995,-0.0081321999999998,2.9118012799999984,1.7324920399999946,3.962543040000005,-6.0,31.0,37.98628900000003,100.0,33.03371392,77.97605407999382,1.788441399999858,1.4307537199998863,1.4307537199998863,3.934571479999688,1500.7672261600098,-1.0357796800000036,0.1533003200000043,0.017745960000001,1.3430485999998107,0.7279839600000174,1.1725577199999977,5.45553419999982,-3.3679335200000184,-1.7260409599987945,100.0,40.4122048,130.57776312000956,153.43241848001117,109.36977532000796,82.617455640006,306.8575359200224,2615.330209080127,-0.998675039999999,-0.0166938400000013,-0.028029640000003,0.6160104800000324,1.795000279999983,4.830255679999994,10.127688919999926,-15.00382403999999,25.259201879999843,100.08723072,33.66868512,208.2108150000182,99.44727544000838,89.84803028000758,107.29425028000904,288.7387561600243,1338.778085440027,761,G3 X1.5748 Y1.6937 R0.1188
16:36:53.978,5,762,1.54902,1.69071,-0.125,86.90615,59.82931,-29.1675,,185.42,0,0,,2,3,"{""sr"":{""mpox"":86.90615,""mpoy"":59.82931,""mpoz"":-29.1675,""mpoa"":0,""posx"":1.54902,""posy"":1.69071,""posz"":-0.125,""posa"":0,""unit"":0,""stat"":5,""coor"":2,""momo"":3,""dist"":0,""home"":1,""mots"":1,""plan"":0,""line"":762,""path"":2,""frmo"":2,""prbe"":1,""safe"":0,""estp"":0,""spc"":1,""hold"":0,""macs"":5,""cycs"":1,""sps"":12000,""feed"":185.42,""mark"":1069948221}}",5.155027761111557,0.1996099212000378,0.2061179676471456,0.2096290986860551,5.155027761111557,0.1996099212000378,0.2061179676471456,0.2096290986860551,-0.9996526,0.0377985999999996,-0.0092567999999995,-1.7891758000000022,-0.9211460000000006,1.0712996000000004,-32.0,37.0,-38.11576919999998,100.1,34.26,68.02629519999917,47.56482659999956,48.58879739999952,49.04289799999952,149.85330039999857,1734.8075855999984,-1.0052442,-0.0711884000000001,0.0359088,5.406151399999996,1.7691886000000026,2.0393482,-3.908892800000013,16.0,-95.09110719999998,100.0,32.3056296,57.565462199999686,62.75579099999965,68.41796739999963,36.8041475999998,151.93507139999917,1470.7162155999958,-0.9867762000000008,-0.0600720000000007,0.0122017999999997,-5.303351599999999,-8.419831600000007,0.2406235999999973,-14.0,36.0,68.39186480000004,100.0,32.6216262,93.5563629999989,2.227532799999974,1.782025599999979,1.782025599999979,4.900571199999942,1654.5891127999907,-0.9972627999999996,0.1262708000000012,-0.0124650000000004,2.8732076,1.709,3.958376400000001,-6.0,31.0,38.06897859999999,100.0,33.033344400000004,130.04822520000195,2.982757200000045,2.386205800000036,2.386205800000036,6.562066000000098,1379.3955465999893,-0.8844366000000004,0.2973069999999972,-0.0542024000000007,4.119941600000056,0.2810529999999963,1.1412239999999971,11.728567200000011,5.77216400000029,0.7678203999998786,100.0,40.4303734,50.94624999999704,60.2092043999965,42.91835619999751,32.42034099999812,120.727174799993,1857.9386015999935,-0.9960912000000002,-0.0014469999999994,0.0132192000000004,0.4327091999999939,2.179974800000013,4.9157939999999964,10.0,-15.0,27.0,100.098162,33.652596200000005,58.15351399999484,29.855598799997352,26.740232199997628,32.192123599997146,86.7110439999923,1151.8637365999953,762,X1.4561 Y1.5749 R0.1188
16:36:54.235,5,762,1.51963,1.68006,-0.125,86.15972,59.55876,-29.1675,,185.42,0,0,,2,3,"{""sr"":{""mpox"":86.15972,""mpoy"":59.55876,""mpoz"":-29.1675,""mpoa"":0,""posx"":1.51963,""posy"":1.68006,""posz"":-0.125,""posa"":0,""unit"":0,""stat"":5,""coor"":2,""momo"":3,""dist"":0,""home"":1,""mots"":1,""plan"":0,""line"":762,""path"":2,""frmo"":2,""prbe"":1,""safe"":0,""estp"":0,""spc"":1,""hold"":0,""macs"":5,""cycs"":1,""sps"":12000,""feed"":185.42,""mark"":1069948221}}",5.261102149679385,0.2001807663380818,0.2049507138733838,0.1830502779146851,5.261102149679385,0.2001807663380818,0.2049507138733838,0.1830502779146851,-0.9961941,0.0408199000000002,0.0121697199999999,-1.624568839999992,-0.9400546599999956,0.9255210000000076,-31.72317553999997,37.0,-38.55364892000005,100.1,34.27802834,77.32278490000147,54.17854964000103,56.28257112000107,56.80857624000108,174.1077668800033,1422.495628539995,-1.0074079600000003,-0.0784390200000011,0.04066368,5.450824439999996,2.0619772399999903,2.053084699999998,-3.0,16.35926902000003,-96.0,100.08457012,32.31100006,60.59422180000157,68.97248654000073,74.6217410400008,40.72621568000042,167.0640821200018,1346.1805058999944,-1.026566659999998,-0.0279648599999985,0.0090486199999997,-5.167226480000006,-8.146831599999999,0.3201090400000012,-13.610972899999965,36.861683580000026,67.47265648,100.0,32.63417986,109.29849040000234,2.636719600000057,2.1093750800000457,2.1093750800000457,5.800781720000125,1384.65890339998,-0.9844803799999996,0.123266020000001,-0.0086768000000003,2.7956582399999954,1.6633735599999937,3.9923933600000057,-5.567147579999959,31.0,38.117728399999976,100.0,33.0355057,97.9733763999958,2.247095879999903,1.7976766999999223,1.7976766999999223,4.943610939999787,1179.5034570200007,-0.960558039999997,0.1305642799999988,-0.0210377200000002,3.3004241999998323,1.314759020000027,1.4527842799999833,9.936821140000209,5.550065839999473,-2.340180219999477,100.0,40.44,100.14266444000656,117.60707000000768,83.40501392000546,63.003787220004114,234.48738496001536,1558.1155475199832,-1.0013768799999996,-0.0154854200000002,-0.0163095400000004,0.4813422199999843,1.8103706400000028,4.905661539999997,10.033317619999996,-15.404825199999944,27.0,100.05951748,33.6503332,106.84376446000854,72.90515664000583,65.36324398000522,78.56159106000628,210.57838246001683,1313.0237367799832,762,X1.4561 Y1.5749 R0.1188
16:36:54.492,5,762,1.49402,1.66172,-0.125,85.50923,59.09304,-29.1675,,185.42,0,0,,2,3,"{""sr"":{""mpox"":85.50923,""mpoy"":59.09304,""mpoz"":-29.1675,""mpoa"":0,""posx"":1.49402,""posy"":1.66172,""posz"":-0.125,""posa"":0,""unit"":0,""stat"":5,""coor"":2,""momo"":3,""dist"":0,""home"":1,""mots"":1,""plan"":0,""line"":762,""path"":2,""frmo"":2,""prbe"":1,""safe"":0,""estp"":0,""spc"":1,""hold"":0,""macs"":5,""cycs"":1,""sps"":12000,""feed"":185.42,""mark"":1069948221}}",5.255720024567604,0.2056305569095655,0.2103035397655476,0.2064214274776522,5.255720024567604,0.2056305569095655,0.2103035397655476,0.2064214274776522,-0.98877532,0.0517411999999991,-0.0122358399999986,-1.8066933200000133,-0.854,0.9396039200000146,-31.21981752000004,37.0,-39.78018247999996,100.1,34.28,70.71050051999777,50.970264319998506,53.23821323999839,54.23332011999835,164.690173639995,1372.1600450799792,-1.0122964799999996,-0.0759102400000001,0.027672680000001,5.659436639999974,1.963959880000036,2.1226281200000017,-3.283941320000053,16.217110239999958,-95.28394132000004,100.02839408,32.31782896,61.370631239998886,68.35590647999877,73.34538891999867,40.91375399999926,164.65291387999702,1435.94460284002,-0.964750400000001,-0.0660066799999975,0.0090094400000009,-5.320494479999991,-8.130972960000003,0.3535226400000003,-13.692356559999943,37.0,67.50406232000002,100.0,32.624959520000004,104.14689515999628,2.479687879999912,1.9837501999999296,1.9837501999999296,5.4553139199998055,1409.933036239998,-0.998586519999999,0.1087472,-0.0097121600000007,2.8383981600000103,1.6700556800000113,4.089,-6.0,30.50543148000003,37.84527592000009,100.0,33.0366018,110.68951644000651,2.5271583600001493,2.0217264000001194,2.0217264000001194,5.559747200000328,1158.3598898799985,-1.036477760000005,0.3868055200000116,0.0191154800000033,3.3847086800001844,1.46550528000009,0.9490369599999934,7.874489319999988,12.901347800000108,-1.259801640000617,100.0,40.45,82.23048087998977,95.36789499998817,67.6333541999916,51.08994403999365,190.24921899997636,1805.6505221600269,-1.0063052799999994,0.0017906399999993,-0.0039032400000007,0.4842374400000106,1.6406459200000003,4.9457992000000095,10.0,-15.514747680000076,26.0,100.04852548,33.67485256,100.44726451998386,56.77454047999088,50.9515107199918,61.14181327999017,164.01533983997362,1161.04652431999,762,X1.4561 Y1.5749 R0.1188
16:36:54.750,5,762,1.47422,1.63757,-0.125,85.00624,58.47953,-29.1675,,185.42,0,0,,2,3,"{""sr"":{""mpox"":85.00624,""mpoy"":58.47953,""mpoz"":-29.1675,""mpoa"":0,""posx"":1.47422,""posy"":1.63757,""posz"":-0.125,""posa"":0,""unit"":0,""stat"":5,""coor"":2,""momo"":3,""dist"":0,""home"":1,""mots"":1,""plan"":0,""line"":762,""path"":2,""frmo"":2,""prbe"":1,""safe"":0,""estp"":0,""spc"":1,""hold"":0,""macs"":5,""cycs"":1,""sps"":12000,""feed"":185.42,""mark"":1069948221}}",5.290039553023461,0.1980184382409788,0.1982722128878255,0.1988966983310276,5.290039553023461,0.1980184382409788,0.1982722128878255,0.1988966983310276,-0.99529072,0.0517670400000001,-0.0152582399999991,-1.7260296000000002,-0.854,0.9874982799999986,-31.476754520000004,37.47675452000001,-38.03461508000007,100.1,34.28,66.74558780000078,48.15217404000056,51.01269944000059,51.966207480000605,157.80563952000185,1738.3319437999912,-1.00499868,-0.0694035200000004,0.0260597599999997,5.387032359999999,1.8519048799999984,2.039686720000002,-3.0,16.289450879999983,-95.71054912,100.08027632,32.31394488,61.74520487999998,67.93893320000043,72.02966504000048,40.68446516000025,162.15896052000107,1629.6014991599964,-0.9448318000000006,-0.0401368799999991,0.0324306399999996,-5.4163453600000055,-7.977100480000004,0.4845885999999994,-13.526046439999991,37.0,68.05209251999999,100.0,32.62839228,98.79518068000132,2.3697675200000314,1.895813960000025,1.895813960000025,5.213488960000069,1617.3675066399987,-1.03023696,0.1739389999999976,-0.020245,2.777011319999993,1.6881619199999978,3.94568692,-6.0,30.45523328000001,39.08953379999998,100.0,33.03,118.75920627999768,2.7238349599999467,2.179068239999957,2.179068239999957,5.992436639999883,1464.8881490400026,-0.9930011599999972,0.3677105600000018,-0.0314178800000019,3.601950600000156,1.8865541600000209,1.0447585600000042,10.467556000000062,9.12938155999984,2.858224760000314,100.0,40.46,68.69726044000356,80.21481732000422,56.887038440002975,43.381482800002274,159.61111508000835,1947.132767240003,-0.99736068,-0.0177590399999995,0.0388755600000004,0.4372932000000161,1.7640746399999947,4.782371559999996,10.0,-15.938663680000005,26.32482224000003,100.1,33.67938688,51.52322020000278,45.24187332000321,40.54663556000289,48.655963400003465,131.29386876000933,1241.3914143999873,762,X1.4561 Y1.5749 R0.1188
16:36:55.008,5,762,1.46135,1.60912,-0.125,84.67954,57.7568,-29.1675,,185.42,0,0,,2,3,"{""sr"":{""mpox"":84.67954,""mpoy"":57.7568,""mpoz"":-29.1675,""mpoa"":0,""posx"":1.46135,""posy"":1.60912,""posz"":-0.125,""posa"":0,""unit"":0,""stat"":5,""coor"":2,""momo"":3,""dist"":0,""home"":1,""mots"":1,""plan"":0,""line"":762,""path"":2,""frmo"":2,""prbe"":1,""safe"":0,""estp"":0,""spc"":1,""hold"":0,""macs"":5,""cycs"":1,""sps"":12000,""feed"":185.42,""mark"":1069948221}}",5.110739800237143,0.1971877956974021,0.2045208550552398,0.2098907377367811,5.110739800237143,0.1971877956974021,0.2045208550552398,0.2098907377367811,-0.9920456,0.0451035999999998,-0.0203416000000001,-1.6721449999999938,-0.8357107999999962,0.9163432000000014,-32.0,37.0,-38.46432400000002,100.1,34.28,83.99366900000093,54.95408580000044,58.71059280000048,60.35668400000049,182.1674464000015,1378.3767244000037,-1.010908,-0.069674,0.0128005999999999,5.086959199999996,2.212715600000012,2.007353600000001,-1.5276001999999769,7.930012199999972,-44.55973899999975,100.0472878,32.3089104,58.510247800000286,74.85094820000036,78.54078380000038,44.80514480000021,177.63922160000087,1619.656761600007,-0.9990007999999996,-0.0300423999999998,0.0277511999999998,-5.088750599999995,-8.257193400000007,0.4142503999999982,-14.0,37.0,66.56421559999998,100.0,32.626548,116.37895640000109,2.770927600000026,2.2167418000000207,2.2167418000000207,6.096040800000058,1486.4143656000017,-0.9993092000000005,0.1164366000000002,-0.0068307999999997,2.718059399999996,1.6245883999999948,3.975014799999999,-5.72404799999999,30.407342999999997,38.32987500000005,100.0,33.035926800000006,87.98612739999808,2.036715799999956,1.6293727999999643,1.6293727999999643,4.480774799999902,1592.9200954000144,-1.0218544000000025,0.2449049999999975,0.0020018000000011,3.948912799999969,1.6639408000000335,1.3576742000000104,5.4240687999999215,13.101705999999984,8.36365280000008,100.0,40.461635,110.44844220000287,134.4589730000035,95.35610860000249,72.71760800000189,268.231930400007,2170.2073244000144,-0.9998978,-0.0132901999999998,-0.0128365999999998,0.4818134000000017,1.8981865999999985,4.825525400000002,10.0,-15.0,25.818973800000027,100.0818974,33.660796,133.0862432000041,87.2454266000027,78.37301020000243,93.89973880000292,252.12449440000785,1030.1547292000007,762,X1.4561 Y1.5749 R0.1188
16:36:55.265,5,762,1.45629,1.57805,-0.125,84.55091,56.9678,-29.1675,,185.42,0,0,,2,3,"{""sr"":{""mpox"":84.55091,""mpoy"":56.9678,""mpoz"":-29.1675,""mpoa"":0,""posx"":1.45629,""posy"":1.57805,""posz"":-0.125,""posa"":0,""unit"":0,""stat"":5,""coor"":2,""momo"":3,""dist"":0,""home"":1,""mots"":1,""plan"":0,""line"":762,""path"":2,""frmo"":2,""prbe"":1,""safe"":0,""estp"":0,""spc"":1,""hold"":0,""macs"":5,""cycs"":1,""sps"":12000,""feed"":185.42,""mark"":1069948221}}",5.417149403854667,0.2135851372362387,0.2066494529761917,0.2027791659012359,5.417149403854667,0.2135851372362387,0.2066494529761917,0.2027791659012359,-0.98991236,0.0415788,-0.0084591799999999,-1.8697247599999984,-0.8502411600000005,0.94209048,-32.0,37.0,-37.90578548000001,100.1,34.27025176,61.59114262000013,42.77162688000009,46.1933564800001,47.0487898200001,142.42951712000033,1358.9815252800004,-0.998639,-0.07750748,0.0442356799999999,5.12807148,1.83594328,2.04002296,-3.0,16.0,-94.42661148,100.0459477,32.30360836,68.36307100000003,66.13207998000007,68.92182016000008,39.515177100000045,155.76331392000017,1380.0041114400003,-0.992605,-0.03313632,0.0093510199999999,-5.591841239999997,-8.125251,0.3864613199999993,-13.035482440000004,36.61667552,67.58119307999999,100.0,32.631978520000004,87.18271160000022,2.0940327800000054,1.675225860000004,1.675225860000004,4.606871600000011,1394.4647572799993,-1.01388902,0.1221150799999999,-0.00698846,2.80560078,1.7901450200000002,4.105418879999999,-5.960668499999996,31.0,37.36541656,100.0,33.04343674,138.33923745999962,3.172918259999991,2.538334819999993,2.538334819999993,6.980420019999981,1494.22515388,-0.8938180200000001,0.2389703000000006,-0.0432972199999998,1.1387051999999993,1.3954182999999942,1.1019776800000003,11.808282080000003,6.261236640000012,23.58222990000003,100.0,40.46773524,39.37190018000059,44.3895896800007,31.658036280000484,24.00661502000038,88.55270252000139,1830.6195299599983,-1.00589014,-0.0100788999999999,0.0143358599999998,0.6634408199999987,1.8376211800000009,4.77236648,9.945727839999996,-15.09316434,24.90683566,100.00542724,33.67147424,29.499929560000567,17.544980820000543,15.628302500000489,18.724475700000585,50.42339120000154,1107.0830254399996,762,X1.4561 Y1.5749 R0.1188
16:36:55.522,5,763,1.45948,1.54698,-0.125,84.63194,56.17852,-29.1675,,185.42,0,0,,2,3,"{""sr"":{""mpox"":84.63194,""mpoy"":56.17852,""mpoz"":-29.1675,""mpoa"":0,""posx"":1.45948,""posy"":1.54698,""posz"":-0.125,""posa"":0,""unit"":0,""stat"":5,""coor"":2,""momo"":3,""dist"":0,""home"":1,""mots"":1,""plan"":0,""line"":763,""path"":2,""frmo"":2,""prbe"":1,""safe"":0,""estp"":0,""spc"":1,""hold"":0,""macs"":5,""cycs"":1,""sps"":12000,""feed"":185.42,""mark"":1069948221}}",5.137997165241807,0.1930382192082418,0.1885720672850585,0.2066570391191894,5.137997165241807,0.1930382192082418,0.1885720672850585,0.2066570391191894,-0.986,0.03781448,0.0119281600000006,-1.732527160000001,-0.7001849999999982,1.0504113600000016,-32.0,37.0,-39.18223619999999,100.1,34.2856796,82.34983032000093,56.22505632000063,61.33642484000069,62.4722850400007,189.6885736000021,1661.5436536799955,-0.996042,-0.0693306799999999,0.0075202799999996,5.347019999999993,1.739373519999996,2.016215519999999,-3.5006906800000217,16.03631951999998,-95.99861863999996,100.05370108,32.3103774,78.26597664000032,77.86646216000052,81.08852228000055,46.71987728000032,183.1567583200012,1805.9552452000005,-0.9906181600000008,-0.0199272399999994,0.0103246800000003,-5.491937360000017,-8.08954815999999,0.4145310800000052,-13.967355920000015,37.0,68.51341732000004,100.0,32.63032648,120.37077404000154,2.893528480000037,2.314822920000029,2.314822920000029,6.365762440000082,1846.345745560004,-1.0242197599999996,0.1317004000000005,-0.0046780800000002,2.7729399199999976,1.7824712000000031,3.933615359999997,-6.0,31.0,37.027466959999984,100.0,33.03342832,81.83794671999726,1.851537319999938,1.4812299199999506,1.4812299199999506,4.073382199999863,1909.8472975600096,-0.9597361199999984,0.3895606000000023,-0.0153562800000002,4.984515159999975,0.2914144799999493,1.3155664000000102,11.11308060000007,17.562807399999905,3.3727507999996207,100.0,40.4798508,120.6692407200039,149.6169308000049,106.12080312000346,80.91527928000265,298.4705101600097,1967.378960680014,-0.9961843199999998,-0.01590488,0.0002381200000007,0.6109420400000124,1.870071599999992,5.035246200000007,10.0,-15.831944960000037,25.839871520000035,100.08319468,33.68,200.118908320008,99.9446902400038,89.0263625600034,106.66366140000407,287.23600108001096,1111.116646480005,763,X1.5748 Y1.4562 R0.1188
16:36:55.779,5,763,1.47086,1.51789,-0.125,84.9209,55.43955,-29.1675,,185.42,0,0,,2,3,"{""sr"":{""mpox"":84.9209,""mpoy"":55.43955,""mpoz"":-29.1675,""mpoa"":0,""posx"":1.47086,""posy"":1.51789,""posz"":-0.125,""posa"":0,""unit"":0,""stat"":5,""coor"":2,""momo"":3,""dist"":0,""home"":1,""mots"":1,""plan"":0,""line"":763,""path"":2,""frmo"":2,""prbe"":1,""safe"":0,""estp"":0,""spc"":1,""hold"":0,""macs"":5,""cycs"":1,""sps"":12000,""feed"":185.42,""mark"":1069948221}}",5.138525133462726,0.2004279952984818,0.2043947317042953,0.2086283401052148,5.138525133462726,0.2004279952984818,0.2043947317042953,0.2086283401052148,-0.98466328,0.0375133200000002,-0.0155660799999994,-1.7160905200000038,-0.954647239999998,0.989128279999996,-32.0,37.67408246000003,-39.45300472000001,100.1,34.286741160000005,60.37674102000149,44.84748642000108,48.471525860001165,49.8305405800012,151.30364140000364,2025.8398213799785,-1.0177847199999994,-0.0695032599999999,0.0148820999999995,5.506720519999997,1.6740855799999943,1.994097340000004,-3.5253399999999937,16.42580979999996,-95.32627959999994,100.00995302,32.3052533,76.89495830000104,69.30039438000094,71.67369550000096,41.77010094000056,162.8084603000022,1992.7435112399896,-0.9693721200000016,-0.0464541200000011,-0.0050145199999998,-5.460260959999998,-8.074419620000002,0.4170474399999934,-13.0,37.0,67.08974482000004,100.0,32.62,93.86167570000266,2.2348022600000634,1.7878413400000506,1.7878413400000506,4.91656366000014,2027.483318319988,-1.0013217000000003,0.1294267600000003,-0.0033628799999992,2.906421179999993,1.7766113799999954,4.0731393800000015,-6.0,31.0,37.07581376000002,100.0,33.0258835,127.82691407999545,2.941826659999893,2.353461639999914,2.353461639999914,6.472019119999765,2254.027174139976,-0.989649320000001,0.0394929600000113,0.0045828399999972,3.1065047199999376,1.9072099599999055,1.2003231600000135,12.676071299999958,4.621513819999804,28.64972593999968,100.0,40.45634686,52.47649838000692,63.490084420008365,45.35006030000597,34.33647426000453,126.65624014001668,2274.3282444999845,-1.0196696599999988,-0.0126903999999986,0.0168208599999987,0.4309767200000012,2.111455359999994,4.905455019999979,9.978268619999993,-15.0,25.978268619999994,100.00217316,33.67978264,57.93181600001172,32.365662800006554,28.829917800005838,34.541505680006985,93.01728226001885,1560.968229039998,763,X1.5748 Y1.4562 R0.1188
16:36:56.036,5,763,1.48959,1.49261,-0.125,85.39669,54.79749,-29.1675,,185.42,0,0,,2,3,"{""sr"":{""mpox"":85.39669,""mpoy"":54.79749,""mpoz"":-29.1675,""mpoa"":0,""posx"":1.48959,""posy"":1.49261,""posz"":-0.125,""posa"":0,""unit"":0,""stat"":5,""coor"":2,""momo"":3,""dist"":0,""home"":1,""mots"":1,""plan"":0,""line"":763,""path"":2,""frmo"":2,""prbe"":1,""safe"":0,""estp"":0,""spc"":1,""hold"":0,""macs"":5,""cycs"":1,""sps"":12000,""feed"":185.42,""mark"":1069948221}}",5.368620547747916,0.1998028957583851,0.2063852326267061,0.2054003780198131,5.368620547747916,0.1998028957583851,0.2063852326267061,0.2054003780198131,-0.9882492,0.03342636,-0.012448239999999,-1.6579112400000018,-0.7775121599999995,0.9163957999999984,-31.268957439999983,36.4771458,-38.46208512000003,100.1,34.29731072,74.76818403999923,51.762588999999465,55.94542431999943,57.51398791999941,174.6333809199982,1603.5572596400027,-1.01012788,-0.0705456,0.0156614799999998,5.374163199999996,1.707537760000003,2.0237249199999985,-3.0,16.0,-95.48606156,100.0,32.314860759999995,84.42531479999954,75.03507067999954,77.6047645199995,45.22661803999972,176.28102191999892,1459.403209560007,-1.0093109199999992,-0.0151405199999996,0.0318554799999998,-5.333464000000003,-8.121907559999997,0.468239360000005,-13.61948032000002,37.0,67.0,100.0,32.62437112,109.45379411999863,2.631100799999968,2.104880839999974,2.104880839999974,5.788421919999929,1468.6157130800057,-1.0122325999999997,0.1198995599999999,-0.0040164399999999,3.0187926800000007,1.6578134400000029,3.943606120000003,-6.124823160000012,31.875176839999988,37.330794,100.0,33.02875188,98.41328140000228,2.2780854400000528,1.8224682800000425,1.8224682800000425,5.011787400000116,1346.9859754400063,-0.974463919999996,0.364151999999996,-0.0263456799999981,2.358602480000099,1.9325121199999904,1.1189947200000034,12.341680519999915,14.861208839999888,0.619262840000141,100.0,40.45414568,96.52843695999644,114.7423540799958,81.95882423999699,62.054538399997725,228.96518047999163,1869.3835606000257,-1.00744696,-0.0076103600000001,0.0069656399999997,0.4671692800000073,1.832430359999992,5.00928544,10.0,-14.42341120000003,26.0,100.00351252,33.67,118.19273491999498,72.79400051999674,64.8065888799971,77.68771423999652,208.55944655999065,1194.8401284800022,763,X1.5748 Y1.4562 R0.1188
16:36:56.294,5,763,1.51405,1.47322,-0.125,86.01789,54.30502,-29.1675,,185.42,0,0,,2,3,"{""sr"":{""mpox"":86.01789,""mpoy"":54.30502,""mpoz"":-29.1675,""mpoa"":0,""posx"":1.51405,""posy"":1.47322,""posz"":-0.125,""posa"":0,""unit"":0,""stat"":5,""coor"":2,""momo"":3,""dist"":0,""home"":1,""mots"":1,""plan"":0,""line"":763,""path"":2,""frmo"":2,""prbe"":1,""safe"":0,""estp"":0,""spc"":1,""hold"":0,""macs"":5,""cycs"":1,""sps"":12000,""feed"":185.42,""mark"":1069948221}}",5.224818541469639,0.2014650360225637,0.2124001676061956,0.214991999317496,5.224818541469639,0.2014650360225637,0.2124001676061956,0.214991999317496,-0.9847259200000004,0.0369257999999993,-0.0047626,-1.5807834399999945,-0.9516508399999888,0.854,-31.697498839999945,37.0,-38.302501160000055,100.1,34.29503076,77.4834835200029,49.80667904000156,53.83146144000169,55.34075488000174,167.53155712000526,1644.19241091998,-1.0089441600000002,-0.0725393600000008,0.0160918400000026,5.385375960000002,1.7379296800000057,1.9789663200000185,-4.0,16.49927363999999,-94.73640300000004,100.05007272,32.31524304,75.60968092000131,73.10604920000128,75.60968092000131,44.06392024000076,171.749143440003,1521.4262404800113,-0.9744358799999993,-0.0168610000000005,0.003057200000001,-5.188351199999977,-8.314689240000007,0.3170632399999979,-14.0,37.0,67.21108412000004,100.0,32.62788932,103.68615320000376,2.5166538400000915,2.013323080000073,2.013323080000073,5.536639440000201,1562.5299215200475,-1.0106606399999996,0.125825920000001,-0.0042660800000002,2.84898372,1.6815977200000096,4.005315519999992,-6.178901320000033,30.685939840000064,36.35780264000007,100.0,33.0301406,106.75006771999332,2.46480887999985,1.97184739999988,1.97184739999988,5.42257971999967,1488.6547671600003,-0.9753304000000104,0.3401837200000032,-0.0070537199999945,1.0898746000001365,1.6830373999998534,1.2135946400000008,13.273705799999782,-3.4525884400004374,23.90567635999983,100.0,40.43784272,83.73345084000998,100.07168536001193,70.96920576000846,54.12040168000645,199.6328006400238,1498.3602328400086,-1.0022614400000005,-0.0121421999999992,0.0053810000000022,0.6680791599999995,1.758088040000008,4.864451520000016,10.047882640000008,-15.047882640000008,26.13061824000017,100.00478816,33.66434688,107.10728884001628,61.05632848000928,54.32978416000825,65.19574088000991,175.40758864002666,1436.309493999994,763,X1.5748 Y1.4562 R0.1188
16:36:56.551,5,763,1.54269,1.46083,-0.125,86.74552,53.99023,-29.1675,,185.42,0,0,,2,3,"{""sr"":{""mpox"":86.74552,""mpoy"":53.99023,""mpoz"":-29.1675,""mpoa"":0,""posx"":1.54269,""posy"":1.46083,""posz"":-0.125,""posa"":0,""unit"":0,""stat"":5,""coor"":2,""momo"":3,""dist"":0,""home"":1,""mots"":1,""plan"":0,""line"":763,""path"":2,""frmo"":2,""prbe"":1,""safe"":0,""estp"":0,""spc"":1,""hold"":0,""macs"":5,""cycs"":1,""sps"":12000,""feed"":185.42,""mark"":1069948221}}",5.335571448532777,0.2025443921555834,0.204806441396069,0.2032695296567671,5.335571448532777,0.2025443921555834,0.204806441396069,0.2032695296567671,-0.98966314,0.0330472400000002,0.00803276,-1.7499003600000071,-0.8719924200000051,0.9564256400000072,-31.14327973999997,37.0,-39.6203316800001,100.1,34.29525086,60.789072079998746,47.01654771999903,50.81586513999895,52.24060879999892,157.67165649999674,1542.695977400013,-0.9999862399999998,-0.0771187799999996,0.0498053799999994,5.308117319999999,1.8825987600000027,1.975567839999996,-3.700412139999972,16.484570299999994,-94.70041213999995,100.02995872,32.3292962,88.66630127999788,69.96306159999915,73.17006927999914,42.15758993999951,165.7229389599981,1607.468711800009,-1.0021958599999994,-0.0190989399999995,0.0234059999999996,-5.444171120000014,-8.069092679999995,0.3787784400000025,-13.469242419999988,37.26725182000003,67.20199059999996,100.0,32.63328778,95.99273305999762,2.346212439999941,1.8769700199999528,1.8769700199999528,5.16166829999987,1753.0019514000203,-1.0150751999999998,0.1259470800000003,-0.0031431200000001,2.94950906,1.7898542000000035,3.9077821999999927,-6.222949899999959,31.0,37.0,100.0,33.0244591,119.55868348000422,2.7421717600000965,2.1937370800000773,2.1937370800000773,6.581211900000232,1672.094565840034,-0.9730243999999936,0.3473297200000205,0.0035924799999994,0.4869032399999629,1.979692220000029,1.2482754000000065,12.597927759999845,1.6880600799997334,4.3977452599996525,100.0,40.45123024,65.27067981999384,78.29846895999233,55.52799611999456,42.34509047999585,156.19745629998468,1937.7149434800344,-1.0044518000000002,-0.0086686199999994,0.0096573000000025,0.6394558399999923,1.729134620000002,4.902463520000007,10.0,-15.0,26.0,100.0,33.66066,86.8158583199875,44.069941819994064,39.21477895999472,46.991718719993656,126.168224499983,1339.73673814002,763,X1.5748 Y1.4562 R0.1188
16:36:56.809,5,763,1.57383,1.45626,-0.125,87.53642,53.87423,-29.1675,,185.42,0,0,,2,3,"{""sr"":{""mpox"":87.53642,""mpoy"":53.87423,""mpoz"":-29.1675,""mpoa"":0,""posx"":1.57383,""posy"":1.45626,""posz"":-0.125,""posa"":0,""unit"":0,""stat"":5,""coor"":2,""momo"":3,""dist"":0,""home"":1,""mots"":1,""plan"":0,""line"":763,""path"":2,""frmo"":2,""prbe"":1,""safe"":0,""estp"":0,""spc"":1,""hold"":0,""macs"":5,""cycs"":1,""sps"":12000,""feed"":185.42,""mark"":1069948221}}",5.110218396548965,0.1925765796092639,0.2051945923484394,0.2043848844459585,5.110218396548965,0.1925765796092639,0.2051945923484394,0.2043848844459585,-0.9920741,0.0379904199999999,0.0102974599999999,-1.95935882,-0.981109019999998,0.9358232800000011,-31.54852128,36.45147872,-38.47195017999999,100.1,34.3047191,85.5693594999996,54.775581899999736,58.69180395999973,59.78884733999972,181.0886771399992,1632.2501470399982,-1.00415552,-0.07704104,0.0446889599999999,5.387519239999995,1.981443240000001,2.0080042,-1.8805794600000232,10.029756300000123,-59.02310868000074,100.05285682,32.32528602,99.89943545999972,75.58528739999977,79.28526611999976,45.45688587999987,179.71327023999947,1710.5225685399992,-0.97695264,-0.03101516,0.0004055200000001,-5.187374480000004,-8.152079979999998,0.3660764600000012,-13.332915079999992,37.66708492000001,67.33291507999999,100.0,32.628928640000005,114.78927151999936,2.799738739999984,2.239790719999987,2.239790719999987,6.1594244999999646,1636.2222882799997,-1.01982732,0.1358067999999999,-0.0063339199999999,2.7765814800000004,1.74759206,4.116356839999998,-6.8824032999999885,30.716963880000005,37.59936718,100.0,33.01400658,86.65429862000114,2.003164740000026,2.003164740000026,1.602531920000021,4.807594940000064,1728.978199339998,-0.8796102200000027,0.4016105799999976,-0.0271673799999991,0.3780909800000157,2.3013115600000105,1.1168650000000018,12.20302819999992,7.057515959999931,2.8446923199999787,100.0,40.44845594,111.86866725999828,137.0391171199979,97.18590449999851,74.11299205999887,273.37905515999586,2212.671660879997,-1.00154684,-0.0159430599999998,-0.0066669199999995,0.4057513200000026,1.979267839999996,4.922787340000002,10.244445760000014,-15.162763920000016,25.569973780000044,100.07555566,33.66081672,173.02187653999684,88.3998232799984,78.57762051999858,94.44425601999828,253.11060535999545,1192.509656619996,763,X1.5748 Y1.4562 R0.1188
16:36:57.066,5,764,1.60484,1.46015,-0.125,88.32407,53.97316,-29.1675,,185.42,0,0,,2,3,"{""sr"":{""mpox"":88.32407,""mpoy"":53.97316,""mpoz"":-29.1675,""mpoa"":0,""posx"":1.60484,""posy"":1.46015,""posz"":-0.125,""posa"":0,""unit"":0,""stat"":5,""coor"":2,""momo"":3,""dist"":0,""home"":1,""mots"":1,""plan"":0,""line"":764,""path"":2,""frmo"":2,""prbe"":1,""safe"":0,""estp"":0,""spc"":1,""hold"":0,""macs"":5,""cycs"":1,""sps"":12000,""feed"":185.42,""mark"":1069948221}}",5.2628319763427385,0.199898179035974,0.1993674677099883,0.2005893821360126,5.2628319763427385,0.199898179035974,0.1993674677099883,0.2005893821360126,-0.9899462000000008,0.0392160400000005,0.0069053599999989,-1.689454240000011,-0.883773199999992,0.9090003199999936,-32.0,37.0,-39.51925128000013,100.1,34.3,64.98481731999786,43.036303039998586,46.04884431999848,46.90956983999845,142.01979967999532,1373.925718279989,-1.0007833199999994,-0.0701931199999997,0.0237190799999998,5.44546712000002,1.8602781199999965,2.0048730800000083,-4.0,16.02191507999995,-94.89420852000002,100.05419376,32.34040084,71.37215791999783,64.60864935999875,68.70929195999872,38.93526547999928,154.84685243999706,1333.475761159974,-1.057038840000002,0.0082612400000026,0.0350767600000001,-5.276391000000027,-8.32730724000002,0.3194464799999968,-13.976230360000054,38.0,66.61149279999997,100.0,32.62635256,84.46927555999657,2.061386199999914,1.649108399999931,1.649108399999931,4.53504827999981,1424.8680315199592,-1.0040670799999984,0.084531519999999,-0.0048354400000005,2.7718981599999912,1.7284172800000075,4.126699800000005,-6.0,30.97380412000006,37.97380412000006,100.0,33.02,140.44072704000618,3.221117240000142,3.221117240000142,2.5768945600001136,7.73068268000034,1124.4632484399765,-1.0458639200000148,0.1887175999999677,0.004361720000002,4.456679600000341,0.9664192800000376,1.1552221199999857,13.640053800000178,-6.040962079999714,7.140449999999458,100.0,40.43681012,34.87893483999061,40.8057251599888,28.93875391999205,21.892676719993915,81.1950658799777,1952.912539080016,-0.99540704,-0.0146716400000002,-0.0073498799999988,0.4766086399999989,2.141687080000032,4.83210827999999,1.424930039999193,-1.9430858799988997,3.3680159199980912,100.08704616,33.660361679999994,30.965734479982885,15.026532279991486,13.37869319999236,16.062844959990894,43.13651095997559,1179.3955590400071,764,X1.6936 Y1.5749 R0.1188
16:36:57.323,5,764,1.63373,1.47206,-0.125,89.05777,54.27545,-29.1675,,185.42,0,0,,2,3,"{""sr"":{""mpox"":89.05777,""mpoy"":54.27545,""mpoz"":-29.1675,""mpoa"":0,""posx"":1.63373,""posy"":1.47206,""posz"":-0.125,""posa"":0,""unit"":0,""stat"":5,""coor"":2,""momo"":3,""dist"":0,""home"":1,""mots"":1,""plan"":0,""line"":764,""path"":2,""frmo"":2,""prbe"":1,""safe"":0,""estp"":0,""spc"":1,""hold"":0,""macs"":5,""cycs"":1,""sps"":12000,""feed"":185.42,""mark"":1069948221}}",5.036143662173477,0.197743891528234,0.2017592595064356,0.2070827236898262,5.036143662173477,0.197743891528234,0.2017592595064356,0.2070827236898262,-1.0002898,0.0473026999999999,-0.0078771,-1.7535689999999533,-1.038362699999982,0.8575473000000249,-31.942143499999887,36.43869690000003,-39.11571290000023,100.1,34.3038088,93.17628839999486,56.69159709999688,60.05941499999669,60.62071719999666,185.2299704999898,1851.8538802999483,-1.0165101999999984,-0.0763778999999977,0.0175918000000009,5.3546646999999465,1.7351585000000629,2.075271599999979,-3.0,16.53514519999998,-94.4443967999998,100.0,32.3102044,113.50406709999196,74.8748992999974,79.73657749999732,44.9067897999984,179.2281381999939,1974.1431211999425,-0.9818846999999984,0.0014438000000004,0.0024334000000011,-5.58885150000007,-8.00421199999994,0.5574779000000392,-7.988378699999405,21.21987309999864,38.42517499999754,100.0,32.6204076,119.12704739999204,2.8675507999998167,2.294040099999853,2.294040099999853,6.308610399999596,1897.323506599959,-1.0226040999999984,0.1183720000000045,-0.004582400000002,2.8482209000000003,1.7830950999999884,4.077084299999981,-6.034685800000069,30.58999319999987,37.0,100.0,33.0137536,81.06936490001326,1.8766058000003072,1.8766058000003072,1.5012848000002457,4.503853500000737,2027.0999618999228,-0.9183700999999684,0.4057081000000328,0.0053969999999833,0.7596803000002915,1.8534242000001668,1.2069932999999642,11.519342499999787,2.73309969999934,-9.714455099999302,100.0,40.42,134.93227619997728,146.33666489997572,104.29848629998268,78.78662599998691,291.9043362999516,2127.3720301999965,-1.0063902000000031,-0.004998600000001,0.0187781999999976,0.4173691999999925,1.7974623999999682,4.944,10.009520500000018,-15.82308269999984,26.1959583000002,100.0176915,33.661864,157.21838129996928,95.46811209998133,84.77755289998343,101.2392142999802,272.4309658999467,1317.790061200015,764,X1.6936 Y1.5749 R0.1188
16:36:57.581,5,764,1.6587,1.4912,-0.125,89.69216,54.7617,-29.1675,,185.42,0,0,,2,3,"{""sr"":{""mpox"":89.69216,""mpoy"":54.7617,""mpoz"":-29.1675,""mpoa"":0,""posx"":1.6587,""posy"":1.4912,""posz"":-0.125,""posa"":0,""unit"":0,""stat"":5,""coor"":2,""momo"":3,""dist"":0,""home"":1,""mots"":1,""plan"":0,""line"":764,""path"":2,""frmo"":2,""prbe"":1,""safe"":0,""estp"":0,""spc"":1,""hold"":0,""macs"":5,""cycs"":1,""sps"":12000,""feed"":185.42,""mark"":1069948221}}",5.300837342935257,0.2156254060742155,0.2123772537348843,0.2093006401026121,5.300837342935257,0.2156254060742155,0.2123772537348843,0.2093006401026121,-0.99437428,0.0418986600000004,-0.00961266,-1.6372935800000217,-0.8681890400000108,0.910230980000014,-31.150866300000068,36.46165520000002,-39.07669033999996,100.06892148,34.29840078,75.09889008000306,47.23967096000202,49.39707966000205,49.85873412000206,152.19526700000625,1618.7046868000225,-1.00227542,-0.0680215000000012,0.0166181599999998,5.495458859999993,1.8647467000000053,2.101578240000002,-3.0,16.0,-95.07465924000007,100.0478571,32.3188248,93.32151580000216,66.04291904000155,70.82863790000167,39.24289376000092,158.88586288000374,1769.0810321200167,-1.0025703000000037,-0.038875399999991,0.0170350000000001,-5.363115120000001,-8.080487839999979,0.5916211399999967,-13.12397098000014,37.10631608000005,66.45566904000003,100.0,32.62668308,93.8678803000045,2.278346160000109,1.8226773800000875,1.8226773800000875,5.01236210000024,1746.9287360399935,-1.025304880000002,0.1343978400000005,-0.0061735800000005,2.8374978799999955,1.7179487799999955,4.023058960000023,-6.573353239999963,31.0,36.85329400000008,100.0,33.01,124.417630039992,2.866765979999816,2.866765979999816,2.293412739999853,6.880237959999559,1884.2203888199956,-0.8881632400000161,0.4665270800000002,-0.023898999999991,1.5580044200001844,1.0035567600000517,1.3433762799999949,10.853043839999932,-11.11030219999988,4.082621459998684,100.0,40.433491,56.89736736001216,68.41646646001462,48.51984080001037,36.65167878000784,136.1348058200291,2407.95135942,-1.0057904200000003,-0.0073968399999997,0.0136460599999982,0.586933879999992,1.79764030000001,4.9649660999999865,10.024995880000011,-15.303150720000096,27.303150720000097,100.0,33.67303168,60.63009260001938,34.86230336001115,30.92134774000988,36.98435640001182,99.73650230003189,1360.90864145998,764,X1.6936 Y1.5749 R0.1188
16:36:57.838,5,764,1.6777,1.51599,-0.125,90.17459,55.39132,-29.1675,,185.42,0,0,,2,3,"{""sr"":{""mpox"":90.17459,""mpoy"":55.39132,""mpoz"":-29.1675,""mpoa"":0,""posx"":1.6777,""posy"":1.51599,""posz"":-0.125,""posa"":0,""unit"":0,""stat"":5,""coor"":2,""momo"":3,""dist"":0,""home"":1,""mots"":1,""plan"":0,""line"":764,""path"":2,""frmo"":2,""prbe"":1,""safe"":0,""estp"":0,""spc"":1,""hold"":0,""macs"":5,""cycs"":1,""sps"":12000,""feed"":185.42,""mark"":1069948221}}",5.235627122672312,0.2004953815359752,0.2004027622657339,0.2030114650835351,5.235627122672312,0.2004953815359752,0.2004027622657339,0.2030114650835351,-1.0013424,0.0448668000000002,-0.0177791999999985,-1.5532646000000063,-0.8464530000000136,0.9596117999999976,-32.02072420000005,37.0,-38.48354099999999,100.1,34.3,86.2486232000015,53.195258600000926,55.26109360000096,55.77755260000097,169.91495200000296,2065.907579400008,-1.0009967999999998,-0.0756340000000003,0.0454345999999997,5.416552399999994,1.8698516000000032,1.9243838000000009,-3.3287508000000314,15.818457200000026,-94.18154279999996,100.0181544,32.3118156,99.25705360000124,69.21839660000074,75.01316960000078,41.15224440000046,168.0338262000018,2549.406044800021,-0.950611,-0.0144897999999974,0.004213,-5.312014200000001,-7.968257800000006,0.4701766000000041,-13.162602399999978,38.0,67.0,100.0,32.6251648,106.94557560000224,2.582533600000052,2.0660266000000416,2.0660266000000416,5.6815732000001145,2426.529195600033,-0.9912721999999996,0.1068005999999972,-0.0051837999999983,2.726713,1.7341315999999964,4.043581400000003,-6.0,30.0,36.53009620000002,100.0,33.0233256,101.49914739999618,2.819420799999894,2.3495173999999115,1.8796135999999293,5.638841399999788,2628.5954044000223,-0.9570095999999956,0.3728626000000207,0.0361273999999991,1.3036691999999197,0.9954188000000244,1.33148479999998,8.905613999999836,5.566364599999822,-5.556777400000355,100.0,40.45,94.59890120000604,109.797213800007,77.86639120000497,59.38012560000379,218.887864200014,3121.112257799973,-1.0150496000000002,-0.0051204000000004,0.0029391999999987,0.2333634000000077,1.9632749999999848,4.8854152,10.0,-15.582148400000046,26.45744519999995,100.0,33.67,112.73444920000853,66.36489400000522,59.379115400004665,71.0220794000056,190.3624582000149,2188.5977464000293,764,X1.6936 Y1.5749 R0.1188
16:36:58.096,5,764,1.68969,1.5451,-0.125,90.47933,56.13066,-29.1675,,185.42,0,0,,2,3,"{""sr"":{""mpox"":90.47933,""mpoy"":56.13066,""mpoz"":-29.1675,""mpoa"":0,""posx"":1.68969,""posy"":1.5451,""posz"":-0.125,""posa"":0,""unit"":0,""stat"":5,""coor"":2,""momo"":3,""dist"":0,""home"":1,""mots"":1,""plan"":0,""line"":764,""path"":2,""frmo"":2,""prbe"":1,""safe"":0,""estp"":0,""spc"":1,""hold"":0,""macs"":5,""cycs"":1,""sps"":12000,""feed"":185.42,""mark"":1069948221}}",5.125164300613036,0.1983625115694164,0.2053349688354527,0.2076961834014108,5.125164300613036,0.1983625115694164,0.2053349688354527,0.2076961834014108,-0.99230372,0.0465456399999999,-0.0026535599999998,-1.73908703999998,-0.9642297200000012,0.977,-32.32511416000009,36.51047648000002,-39.48952351999998,100.1,34.30489492,84.22569372000311,53.089551440002445,54.62098100000252,54.62098100000252,167.43627804000772,1589.2428095200264,-1.003091880000001,-0.0797153999999996,0.0266317200000012,5.200124479999981,1.9206026399999752,2.012551359999989,-3.0,16.0,-95.2641048400001,100.02403544,32.3198518,93.82967776000248,67.5977244400018,74.15571288000197,39.85239032000106,164.45416636000436,1907.7389737600176,-1.0232268400000009,-0.0286751999999999,0.0247291600000015,-5.502664359999983,-8.002911639999988,0.520463320000005,-13.510728080000028,38.0,67.25041440000011,100.0,32.63,105.7207490400056,2.553641400000135,2.042913320000108,2.042913320000108,5.6180108800002975,2018.439364800008,-1.010335119999998,0.1196020399999994,-0.01116844,2.8278414,1.6634241599999886,3.978762800000003,-7.0,30.0,36.7109362800001,100.0,33.02,105.82454859998978,2.698549999999672,2.409486279999769,1.9275887999998151,5.782766399999446,1646.4258374800122,-0.9120725999999956,0.3331233999999989,-0.0088596400000108,3.4747617600002374,1.553706840000092,1.144454600000009,9.633052280000667,0.3922123600012525,2.498421039998216,100.0,40.46790504,86.78080500001509,104.45837628001816,74.46007392001295,56.24681856000978,208.9167530000363,2292.654555119896,-1.0028835999999994,-0.0126403200000019,-0.0010521600000055,0.4518682400000326,1.888160520000012,4.8711509600000245,9.946643199999986,-15.053356800000014,27.946643199999983,100.05485620000002,33.67398068,80.09006004001748,62.53607412001364,55.953329440012205,66.37600868001448,178.831229560039,1284.4575070399949,764,X1.6936 Y1.5749 R0.1188
16:36:58.353,5,766,1.69424,1.58709,-0.125,90.59478,57.19729,-29.1675,,558.8,0,0,,2,1,"{""sr"":{""mpox"":90.59478,""mpoy"":57.19729,""mpoz"":-29.1675,""mpoa"":0,""posx"":1.69424,""posy"":1.58709,""posz"":-0.125,""posa"":0,""unit"":0,""stat"":5,""coor"":2,""momo"":1,""dist"":0,""home"":1,""mots"":1,""plan"":0,""line"":766,""path"":2,""frmo"":2,""prbe"":1,""safe"":0,""estp"":0,""spc"":1,""hold"":0,""macs"":5,""cycs"":1,""sps"":12000,""feed"":558.8,""mark"":1069948221}}",5.247727373564029,0.1900982784855497,0.1923256504952593,0.2052307091033691,5.247727373564029,0.1900982784855497,0.1923256504952593,0.2052307091033691,-0.9916329,0.0323199,-0.0024645000000003,-1.8041631999999983,-0.9245657999999956,0.9406945999999988,-32.0,37.0,-39.87394029999999,100.1,34.3040481,75.05857640000072,49.25719100000048,49.72630730000048,50.19542260000048,153.40096570000148,1553.1177735000042,-1.0108969,-0.0720758000000001,0.0244159000000003,5.1883063,2.040201699999998,2.0943815999999997,-3.163633200000016,16.481365300000004,-95.3550015,100.0,32.31,84.03718730000026,63.703874600000354,70.27935750000039,37.546506500000206,155.64467770000084,1712.2979532000052,-0.9895383999999996,-0.0356364999999998,-0.0041280999999997,-5.4550734,-7.998570900000001,0.4617829999999986,-14.0,37.71489490000001,66.46254880000001,100.0,32.6217745,95.74755380000109,2.312743000000026,1.8501942000000209,1.8501942000000209,5.088034500000058,1721.7422160000033,-1.0239112999999995,0.1282724,-0.0108314999999999,2.821025499999996,1.7312015999999983,4.029785800000004,-7.0,31.560572199999992,37.0,100.0,33.0141014,120.52299579999811,2.8028602999999563,2.8028602999999563,2.242288099999965,6.726864999999895,1677.170381800012,-1.0197444999999985,0.3549360000000026,-0.0042876000000005,2.566059499999991,1.1199224000000103,1.1891129000000014,9.498205300000071,10.696606400000135,0.091083099999689,100.0,40.4524387,60.79050690000292,73.03751780000347,52.06264040000248,39.32789440000187,145.45661610000693,1644.7424364000162,-1.0022336999999997,-0.0142342000000001,-0.0141877000000005,0.5136538000000057,1.5551255000000053,5.061402799999995,9.663373499999976,-15.0,27.0,100.0065478,33.6733659,60.70528260000407,38.03879220000261,33.99927450000232,40.731804200002784,109.74023170000751,1225.0118200999966,766,X1.6999 Y1.6196
16:36:58.611,5,775,1.69773,1.67747,-0.125,90.68356,59.49289,-29.1675,,558.8,0,0,,2,1,"{""sr"":{""mpox"":90.68356,""mpoy"":59.49289,""mpoz"":-29.1675,""mpoa"":0,""posx"":1.69773,""posy"":1.67747,""posz"":-0.125,""posa"":0,""unit"":0,""stat"":5,""coor"":2,""momo"":1,""dist"":0,""home"":1,""mots"":1,""plan"":0,""line"":775,""path"":2,""frmo"":2,""prbe"":1,""safe"":0,""estp"":0,""spc"":1,""hold"":0,""macs"":5,""cycs"":1,""sps"":12000,""feed"":558.8,""mark"":1069948221}}",5.179133176360015,0.1981501885709286,0.2036945659210171,0.206542410132904,5.179133176360015,0.1981501885709286,0.2036945659210171,0.206542410132904,-0.9887606599999992,0.0308815599999995,-0.0209366600000052,-1.6353943000000088,-0.8455205200000043,0.9500792600000018,-32.0,36.4998257199999,-39.38318692000025,100.1,34.31500176,90.38728154000482,58.66017424000303,59.21884220000306,59.27733588000299,182.68454240000943,1471.279944939978,-1.0042585599999998,-0.0749168999999995,0.0157500799999979,5.444152200000014,1.8217066199999696,1.9665262799999903,-3.0,16.076420119999902,-94.46554603999998,100.05344554,32.33068948,109.02854810000336,70.01343060000215,77.49578118000238,41.152932340001264,172.0940802200053,1931.2369931799608,-0.9665647800000036,-0.0084611399999975,0.0007040000000012,-5.153993399999996,-8.306066599999994,0.2753511199999916,-13.083058779999895,36.73521715999983,66.65215837999993,100.0,32.627787160000004,118.37278806000693,2.845500000000166,2.276399540000133,2.276399540000133,6.260099600000366,1879.232865799973,-1.00749748,0.1094547999999974,-0.0097031399999997,2.770680279999997,1.796161860000017,3.9645184199999792,-6.0,31.0,38.52034500000017,100.0,33.02205238,84.3302385799881,1.9409860399997283,1.9409860399997283,1.5527882599997829,4.6583657799993485,1848.3288460599997,-0.9396233800000297,0.2283679399999429,-0.0067091599999929,1.8564775799995028,1.2293818199998994,1.214054320000009,10.096197540000354,11.56441980000095,-0.8296911800005413,100.0,40.41113862,115.86766624001764,141.21371860002148,100.66003548001532,76.03815608001157,281.7032642400428,1875.9477612998155,-1.0027549,0.00141542,0.0281372800000017,0.2387832599999662,1.911927920000004,5.037863000000028,10.0,-15.0,26.95514130000017,100.07917952,33.68,198.7412887400358,89.47317000001611,79.97159416001439,95.80755404001724,258.1261368200465,1166.1167872199449,775,X1.6975 Y1.6781
16:36:58.875,5,785,1.63114,1.74404,-0.125,88.99197,61.18388,-29.1675,,558.8,0,0,,2,1,"{""sr"":{""mpox"":88.99197,""mpoy"":61.18388,""mpoz"":-29.1675,""mpoa"":0,""posx"":1.63114,""posy"":1.74404,""posz"":-0.125,""posa"":0,""unit"":0,""stat"":5,""coor"":2,""momo"":1,""dist"":0,""home"":1,""mots"":1,""plan"":0,""line"":785,""path"":2,""frmo"":2,""prbe"":1,""safe"":0,""estp"":0,""spc"":1,""hold"":0,""macs"":5,""cycs"":1,""sps"":12000,""feed"":558.8,""mark"":1069948221}}",5.019887200613899,0.1984435452223351,0.1964340008022418,0.2010985807221908,5.019887200613899,0.1984435452223351,0.1964340008022418,0.2010985807221908,-0.9849771400000004,0.0366436000000004,0.0068842600000011,-1.739553799999999,-0.9120757999999998,0.977,-32.362630179999975,36.91872579999996,-39.08127420000004,100.1,34.33,68.16124188000177,46.60999352000114,47.05389790000115,47.05389790000115,144.71293176000353,1948.61483062,-1.0073280800000002,-0.0713041200000002,0.0302575000000003,5.13378896000002,2.080613459999981,2.0141659799999974,-3.063813540000031,16.0,-94.12762708000008,100.04667298,32.325278520000005,77.94426196000103,61.14190606000081,67.67615584000089,35.47163990000047,149.82100724000196,2008.2812632199764,-1.0071358999999986,-0.0172303600000014,0.0212819399999996,-5.383369239999977,-8.087172640000004,0.4487158599999875,-14.0,37.05721968000003,67.49078110000004,100.0,32.63114436,90.1808423000026,2.1678085400000624,1.73424712000005,1.73424712000005,4.7691792200001375,2067.9651458399767,-1.0106684000000004,0.1270472999999991,-0.0047002199999998,2.872550260000001,1.7406281199999958,3.950015040000001,-6.048287400000024,31.566787299999955,36.56678729999996,100.0,33.021818520000004,134.0380075999953,3.075373359999893,3.075373359999893,2.460298799999914,7.380897119999743,1775.3082428599866,-0.8615947600000001,0.5717775999999875,-0.0294163599999947,3.941899759999964,1.8531839000000692,1.135282080000007,11.026208420000012,10.842749339999925,16.607183520000948,100.0,40.41,44.47454246000704,52.88131596000838,37.69488630000597,28.47455434000451,105.4914447200167,2977.17936591998,-0.9992470800000006,-0.0156373400000001,0.0019680200000026,0.7859648599999967,1.9458697999999808,5.05730641999998,10.0,-15.012814480000008,26.42112518000011,100.0223377,33.6921061,37.05902330000974,23.793577620006253,21.477388340005646,25.4780783400067,68.8539810600181,1768.9160772599776,785,X1.6233 Y1.7475
16:36:59.131,5,792,1.53843,1.75644,-0.125,86.63716,61.49887,-29.1675,,558.8,0,0,,2,1,"{""sr"":{""mpox"":86.63716,""mpoy"":61.49887,""mpoz"":-29.1675,""mpoa"":0,""posx"":1.53843,""posy"":1.75644,""posz"":-0.125,""posa"":0,""unit"":0,""stat"":5,""coor"":2,""momo"":1,""dist"":0,""home"":1,""mots"":1,""plan"":0,""line"":792,""path"":2,""frmo"":2,""prbe"":1,""safe"":0,""estp"":0,""spc"":1,""hold"":0,""macs"":5,""cycs"":1,""sps"":12000,""feed"":558.8,""mark"":1069948221}}",5.429452166289924,0.2018424680984736,0.2072179867409287,0.2026400767935672,5.429452166289924,0.2018424680984736,0.2072179867409287,0.2026400767935672,-0.9861558600000002,0.0371455200000006,-0.015871199999999,-1.7280616599999987,-1.0942381599999975,0.9579383400000012,-32.68751354000002,36.53648395999999,-39.234424799999935,100.1,34.32151034,79.39967073999894,56.33084687999924,56.86733157999924,56.86733157999924,175.43035285999764,1593.4680792200072,-1.0051034599999995,-0.0757008999999998,0.0381569599999993,5.415068179999998,1.7581352599999969,2.075,-3.402746479999976,16.402746479999976,-94.11801894000004,100.0,32.32520796,75.65710089999915,68.22031255999947,75.51103221999941,40.09896175999968,167.1658032799987,1979.8974346999876,-0.9928282000000012,-0.0214274599999999,0.0143075600000004,-5.354008619999975,-8.137106420000013,0.3670575199999938,-14.0,37.0,67.01316684000004,100.0,32.62771066,112.85818161999828,2.731572299999957,2.185258439999966,2.185258439999966,6.009459459999905,1945.7130213000028,-1.012250540000001,0.1312630800000002,-0.0065375800000002,2.88941784,1.6812740000000057,4.022496579999999,-6.0,30.57505851999999,37.424941480000015,100.0,33.019097800000004,93.06220188000306,2.12470788000007,2.12470788000007,1.699766400000056,5.099298720000168,1839.9291110599936,-0.8840363000000074,0.3969648000000007,-0.0482939599999953,0.6854860400001784,1.2089073599999445,1.0747032599999975,11.39755013999996,15.794344419999842,7.553908640000031,100.0,40.39951458,105.4350071799954,126.79565053999444,90.38254099999604,68.27458097999701,252.9410675999889,2371.011279499979,-1.0081209399999995,-0.0052315800000002,0.0258005799999998,0.5433938399999915,1.6335652599999984,4.946912780000001,10.0,-15.0,26.30825996000004,100.0,33.69,173.8171856999906,78.19052563999584,70.55750825999624,84.3923131999955,226.22294399998796,1404.670749960024,792,X1.5327 Y1.7556
16:36:59.389,5,799,1.45318,1.7183,-0.125,84.4719,60.53005,-29.1675,,558.8,0,0,,2,1,"{""sr"":{""mpox"":84.4719,""mpoy"":60.53005,""mpoz"":-29.1675,""mpoa"":0,""posx"":1.45318,""posy"":1.7183,""posz"":-0.125,""posa"":0,""unit"":0,""stat"":5,""coor"":2,""momo"":1,""dist"":0,""home"":1,""mots"":1,""plan"":0,""line"":799,""path"":2,""frmo"":2,""prbe"":1,""safe"":0,""estp"":0,""spc"":1,""hold"":0,""macs"":5,""cycs"":1,""sps"":12000,""feed"":558.8,""mark"":1069948221}}",5.170538916822726,0.2002298467189988,0.2076056556597855,0.2041725942158996,5.170538916822726,0.2002298467189988,0.2076056556597855,0.2041725942158996,-0.9926372399999996,0.0429929199999991,0.0071592400000017,-1.740166539999996,-0.9289554799999956,0.9022108199999944,-32.24453554000004,37.0,-39.51219604000009,100.1,34.32999366,82.30900431999879,51.28593845999868,51.77437639999866,52.26281391999864,159.71906571999585,1600.3278639799826,-0.9972413600000006,-0.0805311399999998,0.0408971800000015,5.305331260000006,1.7584411599999832,2.002409680000002,-3.0,16.683495739999955,-95.49348942,100.0683494,32.33493486,69.08849913999896,65.14058487999903,72.04943481999891,37.99867453999944,158.9035480999976,1571.3527642999863,-1.0031269799999991,-0.0099353200000001,0.0343439799999999,-5.345116319999992,-8.110867420000007,0.5334809199999967,-9.872518699999295,24.524128519998232,44.75541713999681,100.0,32.63970482,102.112794419997,2.4312572599999283,1.9450054599999425,1.9450054599999425,5.348765159999842,1724.1858557399685,-1.0174931399999996,0.1204287400000002,-0.0052083800000006,2.761270820000005,1.7183513199999871,4.028176899999989,-6.0,31.0,37.66851618,100.0,33.01378798,114.24696750000544,2.618299820000123,2.4734439200001503,2.0946395400000983,6.139064140000322,1491.0600530999725,-0.9396155000000028,0.3026764600000201,-0.0182150599999965,4.349233260000067,1.42615795999995,1.2894404200000225,14.18980127999988,4.426719079999836,20.674782880000265,100.0,40.3907896,73.67681407999184,87.6035286399903,62.44559205999308,47.171131019994775,174.75780867998066,1613.2415676199785,-1.0024284199999995,-0.0151217199999989,0.0011270600000021,0.4449422600000151,1.72740791999997,4.892964919999998,10.0,-15.959160880000008,27.522484300000077,100.09591592,33.69,60.26134731999117,49.78111309999271,44.54099577999347,53.2745238399922,144.1032213999789,1105.7318096199938,799,X1.4443 Y1.7107
16:36:59.646,5,805,1.3982,1.64266,-0.125,83.07541,58.60873,-29.1675,,558.8,0,0,,2,1,"{""sr"":{""mpox"":83.07541,""mpoy"":58.60873,""mpoz"":-29.1675,""mpoa"":0,""posx"":1.3982,""posy"":1.64266,""posz"":-0.125,""posa"":0,""unit"":0,""stat"":5,""coor"":2,""momo"":1,""dist"":0,""home"":1,""mots"":1,""plan"":0,""line"":805,""path"":2,""frmo"":2,""prbe"":1,""safe"":0,""estp"":0,""spc"":1,""hold"":0,""macs"":5,""cycs"":1,""sps"":12000,""feed"":558.8,""mark"":1069948221}}",5.366688272926484,0.2014130045770634,0.2106016323805783,0.2110683629689104,5.366688272926484,0.2014130045770634,0.2106016323805783,0.2110683629689104,-0.99241676,0.0386213199999999,-0.00421524,-1.740676240000001,-0.854,0.918470640000001,-32.0,36.50884212,-39.1213876,100.1,34.34491152,68.27089508000024,51.080381920000185,52.06269724000019,52.5538541200002,161.0996660800006,1467.5388584800016,-1.01152028,-0.0735202799999999,0.0216242399999999,5.4774684,1.8002738,2.0901951600000004,-3.496287240000001,16.49628724,-94.75832516,100.02546096,32.33,65.63513032000024,65.76450668000014,72.45791388000016,38.71039248000009,160.55533908000032,1445.578370600004,-0.97309492,-0.03447372,-0.0043214799999999,-5.277200000000001,-8.21066416,0.3644670400000003,-13.487431800000005,36.22789032,66.96834883999999,100.0,32.632595560000006,101.5820844400004,2.4371596800000104,1.9497278800000084,1.9497278800000084,5.361751160000023,1731.867929080002,-1.01857232,0.1341574799999999,-0.0008818,2.813865599999999,1.7031442399999994,4.022134400000001,-6.0,31.0,37.42369679999998,100.0,33.00768448,113.29350651999924,2.5984747599999825,2.078779719999986,2.078779719999986,5.716645119999961,1348.05788144,-0.854805400000001,0.3791028400000001,-0.0354219599999992,3.796572880000011,1.878345560000001,1.1351614799999985,12.531230200000037,9.422105160000044,0.8600851200000409,100.0,40.41,76.19578120000115,89.62452504000139,63.88620020000099,48.25935936000075,179.1466427600028,2278.472820320006,-1.00306672,-0.01811612,-0.0131679600000001,0.4074090399999971,1.972821719999999,4.78794024,10.0,-15.45102852000001,27.05366144,100.1,33.69892704,92.64352916000188,51.47089096000104,46.455917680000944,55.47648488000113,149.34403872000306,1276.694202760003,805,X1.3958 Y1.6367
16:36:59.903,5,811,1.38679,1.54956,-0.125,82.78549,56.24399,-29.1675,,558.8,0,0,,2,1,"{""sr"":{""mpox"":82.78549,""mpoy"":56.24399,""mpoz"":-29.1675,""mpoa"":0,""posx"":1.38679,""posy"":1.54956,""posz"":-0.125,""posa"":0,""unit"":0,""stat"":5,""coor"":2,""momo"":1,""dist"":0,""home"":1,""mots"":1,""plan"":0,""line"":811,""path"":2,""frmo"":2,""prbe"":1,""safe"":0,""estp"":0,""spc"":1,""hold"":0,""macs"":5,""cycs"":1,""sps"":12000,""feed"":558.8,""mark"":1069948221}}",5.10573499883195,0.2032539563377459,0.2043481884306696,0.2089439329737899,5.10573499883195,0.2032539563377459,0.2043481884306696,0.2089439329737899,-0.9955731000000004,0.0441327000000004,0.0028677999999999,-1.7784932000000175,-0.9925611000000124,0.854,-17.056354500000303,19.72140970000035,-20.37940490000033,100.1,34.34,75.56258700000137,55.43315080000098,57.03218460000101,57.03218460000101,175.3606417000031,1062.9681995999924,-1.0133800000000002,-0.0765331999999998,0.0226212,5.367359100000003,1.7935980999999923,1.9745776000000024,-3.482684099999995,16.482684099999997,-95.5173159,100.0,32.3236181,64.66444990000063,69.32028990000067,76.04539240000075,40.8679321000004,168.64488390000164,1187.156787099999,-1.0080673999999985,-0.0267912000000002,0.0323099999999996,-5.572122700000018,-7.877184199999981,0.5251228000000019,-13.713653799999978,36.177464699999966,67.24984219999999,100.0,32.6382255,113.1358482000022,2.680944400000052,2.1447553000000417,2.1447553000000417,5.898077200000114,1365.958359800001,-1.0197058000000008,0.1253646,-0.0014768999999999,2.7569048000000023,1.6699207000000005,3.920722400000001,-6.0,31.0,38.24134880000002,100.0,33.01,96.14682299999602,2.1916483999999112,1.950299599999892,1.753318699999929,4.821626799999805,1158.380304999982,-1.019065100000003,0.1985118999999954,0.0064391999999985,4.769940399999897,2.4400195000000027,1.205152000000006,13.111398599999823,-0.3043314000005108,26.74771920000045,100.0,40.4086882,102.92436670000588,121.63788780000696,86.70598160000498,66.12110840000379,243.899558700014,1519.7627397000008,-1.0042052,-0.0125631000000005,0.0005265999999997,0.6702005000000084,1.6538150999999792,4.915208300000002,9.729444100000052,-16.0,27.27055589999995,100.0337699,33.69,135.77081110000938,76.16411330000527,68.21655370000471,82.12478310000569,221.2070776000153,975.5289500000022,811,X1.387 Y1.5474
16:37:00.161,5,818,1.42125,1.46303,-0.125,83.66082,54.04629,-29.1675,,558.8,0,0,,2,1,"{""sr"":{""mpox"":83.66082,""mpoy"":54.04629,""mpoz"":-29.1675,""mpoa"":0,""posx"":1.42125,""posy"":1.46303,""posz"":-0.125,""posa"":0,""unit"":0,""stat"":5,""coor"":2,""momo"":1,""dist"":0,""home"":1,""mots"":1,""plan"":0,""line"":818,""path"":2,""frmo"":2,""prbe"":1,""safe"":0,""estp"":0,""spc"":1,""hold"":0,""macs"":5,""cycs"":1,""sps"":12000,""feed"":558.8,""mark"":1069948221}}",5.338611858372233,0.2047909322978306,0.2127828048080927,0.2058339952395389,5.338611858372233,0.2047909322978306,0.2127828048080927,0.2058339952395389,-0.99566438,0.0547134799999992,-0.0018206000000001,-1.662348600000007,-0.9502376800000042,0.8923269600000059,-32.0,37.0,-37.6200754000001,100.1,34.330588,66.54879682000163,45.69684020000111,47.47147546000116,47.915134060001165,146.40735306000357,1873.264825999976,-1.00140066,-0.0603413600000002,0.0216959199999995,5.44877084,1.7566689399999962,2.0895447599999937,-3.466867900000006,16.39072637999997,-95.0662652,100.0,32.32,60.23593430000057,63.49398854000084,68.6295314400009,37.74013138000046,153.990153760002,1774.8762923599954,-0.9729161600000028,-0.0072493199999996,-0.0072499000000001,-5.356788760000009,-8.16678167999999,0.4290413000000065,-13.516733780000052,36.0,67.78336721999999,100.0,32.63133344,90.92367362000266,2.166834140000064,1.7334671400000514,1.7334671400000514,4.767035140000142,1867.9739332999904,-1.0378302999999978,0.0941716000000027,-0.0053439799999999,2.974218339999992,1.6606381599999958,4.030724900000009,-6.0,30.701108720000025,38.09170280000004,100.0,33.02,132.85052329999542,3.0470305999998955,2.437624539999916,2.437624539999916,6.70346697999977,1854.4642099599887,-0.8925803999999947,0.2341874800000085,-0.038859619999998,2.9513883200000137,2.9644184799999813,1.1365668000000126,8.372006780000213,2.229811699999351,6.481430680000442,100.0,40.41772374,45.9388238600072,53.78264734000835,38.141775480005926,29.08653316000452,107.29089218001673,2115.967822059992,-0.9992645400000002,-0.0193884399999994,-0.009802179999998,0.5043059400000162,1.828313279999974,5.081665619999986,9.126312340000062,-15.205625840000057,27.747375319999875,100.1,33.69126308,44.45925402001238,23.852608680006405,21.38509788000575,25.57693034000685,69.04331640001853,1299.779344899993,818,X1.4302 Y1.4517
16:37:00.418,5,824,1.49377,1.40313,-0.125,85.50293,52.52471,-29.1675,,558.8,0,0,,2,1,"{""sr"":{""mpox"":85.50293,""mpoy"":52.52471,""mpoz"":-29.1675,""mpoa"":0,""posx"":1.49377,""posy"":1.40313,""posz"":-0.125,""posa"":0,""unit"":0,""stat"":5,""coor"":2,""momo"":1,""dist"":0,""home"":1,""mots"":1,""plan"":0,""line"":824,""path"":2,""frmo"":2,""prbe"":1,""safe"":0,""estp"":0,""spc"":1,""hold"":0,""macs"":5,""cycs"":1,""sps"":12000,""feed"":558.8,""mark"":1069948221}}",5.293026133628938,0.2110802157801002,0.2178053831807158,0.2071240841162641,5.293026133628938,0.2110802157801002,0.2178053831807158,0.2071240841162641,-0.993746,0.052746,-0.017452,-1.846508,-0.996571,0.905423,-32.0,37.0,-38.418077,100.1,34.34,91.943887,59.35618,62.265797,62.84772,192.616625,1501.86421,-1.004236,-0.071427,0.004357,5.211309,1.919586,2.041586,-3.0,16.0,-95.0,100.045224,32.319045,66.27952,75.591519,81.069165,44.9167,181.857858,1598.268244,-1.00749,-0.048416,0.025628,-5.318449,-8.253807,0.268936,-14.0,36.0,68.408783,100.0,32.631824,123.564253,2.956083,2.364866,2.364866,6.503382,1587.837857,-1.020147,0.112676,-0.004529,2.93,1.645759,3.964759,-6.0,31.0,39.0,100.0,33.026544,74.990974,1.727903,1.382322,1.382322,3.801386,1477.684232,-0.899076,0.308828,-0.086012,2.829895,1.617048,1.106964,14.0,3.623147,10.753706,100.0,40.441884,133.909627,159.068405,112.808716,86.026791,317.325237,1677.105197,-1.007,-0.0045,0.0007,0.274513,2.062795,5.017205,10.0,-15.899958,27.0,100.010004,33.69,161.092523,105.295113,94.495614,112.494779,304.185882,1296.09503,824,X1.5037 Y1.3987
16:37:00.676,5,830,1.58549,1.38523,-0.125,87.83247,52.07004,-29.1675,,558.8,0,0,,2,1,"{""sr"":{""mpox"":87.83247,""mpoy"":52.07004,""mpoz"":-29.1675,""mpoa"":0,""posx"":1.58549,""posy"":1.38523,""posz"":-0.125,""posa"":0,""unit"":0,""stat"":5,""coor"":2,""momo"":1,""dist"":0,""home"":1,""mots"":1,""plan"":0,""line"":830,""path"":2,""frmo"":2,""prbe"":1,""safe"":0,""estp"":0,""spc"":1,""hold"":0,""macs"":5,""cycs"":1,""sps"":12000,""feed"":558.8,""mark"":1069948221}}",5.150598740081936,0.2003729666946541,0.204490112252072,0.2109039691099489,5.150598740081936,0.2003729666946541,0.204490112252072,0.2109039691099489,-0.9957505200000004,0.0391267200000003,-0.0229243600000003,-1.8515583199999917,-0.9167634799999866,0.8508932799999939,-32.0,36.646156719999965,-37.800725560000025,100.1,34.34353808,71.29684763999826,45.13515987999871,47.81645675999863,48.71022199999861,147.91819763999578,1771.9945500400124,-0.9989634000000004,-0.0684827600000005,0.0308072000000003,5.120766879999982,2.1067776000000067,2.0668956799999982,-3.5393490399999563,16.0,-96.39422088000003,100.0,32.31533216,47.14528855999924,65.81668979999894,69.55097031999887,39.20994315999936,156.83977195999748,1618.1599740000004,-0.9632014800000008,0.0029326800000023,0.0042144400000004,-5.142279439999993,-8.007646600000001,0.4006023999999951,-13.934916000000031,36.49783524000005,67.55859056000011,100.0,32.62995652,90.47568315999692,2.1854029599999256,1.748322199999941,1.748322199999941,4.807886679999838,1740.2520636799948,-1.03048444,0.0831742399999951,0.0012836000000013,2.7680781999999904,1.7809773999999954,3.9703668799999994,-6.0,31.0,38.88960928000005,100.0,33.020552,132.31203456000537,3.033413720000124,2.426730640000099,2.426730640000099,6.6735103600002725,1759.840208200021,-1.0411091199999989,0.1444449199999958,0.0311208799999991,2.0180944400001017,0.5185423599999494,1.0525230800000065,11.402447080000115,0.6993954400004162,-0.4190461199995673,100.0,40.42,50.523847279991074,55.63300083999017,39.45401567999303,30.08723503999468,110.69831735998044,1724.0096830799966,-0.9992502399999998,-0.0068633199999995,0.0125976000000018,0.5135684000000116,1.9167087200000272,4.911751599999992,9.015643999999993,-15.0,25.24349179999993,100.0243496,33.69015648,43.74679575998773,26.88605123999246,23.92402911999329,28.70883483999195,77.69613175997821,1519.2927246799948,830,X1.5935 Y1.3857
16:37:00.933,5,836,1.67473,1.4133,-0.125,90.09936,52.78306,-29.1675,,558.8,0,0,,2,1,"{""sr"":{""mpox"":90.09936,""mpoy"":52.78306,""mpoz"":-29.1675,""mpoa"":0,""posx"":1.67473,""posy"":1.4133,""posz"":-0.125,""posa"":0,""unit"":0,""stat"":5,""coor"":2,""momo"":1,""dist"":0,""home"":1,""mots"":1,""plan"":0,""line"":836,""path"":2,""frmo"":2,""prbe"":1,""safe"":0,""estp"":0,""spc"":1,""hold"":0,""macs"":5,""cycs"":1,""sps"":12000,""feed"":558.8,""mark"":1069948221}}",5.177338735676077,0.1940175104234595,0.2026951881761372,0.1973105133059327,5.177338735676077,0.1940175104234595,0.2026951881761372,0.1973105133059327,-0.9900883,0.0392213999999997,-0.0127710000000006,-1.691351199999996,-0.9128125999999972,1.0055637000000004,-31.17256060000002,37.0,-38.64081520000002,100.1,34.341725600000004,74.97604889999938,53.17450259999956,56.89671799999953,57.96020809999953,176.00760389999857,1649.8979742999968,-1.0049870999999997,-0.0728757999999997,0.0119424000000001,5.485386500000001,1.9597914999999972,2.1276740999999992,-3.0,16.479197700000004,-94.24782569999996,100.1,32.33,54.759663899999886,74.09037439999963,78.1203021999996,44.40465949999979,176.6883720999991,1842.5115420000009,-1.0237151999999996,-0.0533362999999992,0.0287639000000002,-5.167532000000009,-8.068264999999986,0.4673595000000048,-13.586010900000018,36.58601090000001,66.58601090000002,100.0,32.6253638,112.93342849999888,2.681948799999974,2.145559099999979,2.145559099999979,5.900287299999943,1936.7968091999944,-1.0349812999999992,0.0956263000000002,-0.0139176999999999,2.705069200000002,1.7432928999999993,3.998755600000002,-5.645799800000028,31.0,38.6668101,100.0,33.04,96.22647050000192,2.186965000000044,1.7495723000000352,1.7495723000000352,4.811323800000096,1897.4041254,-0.9569207999999984,0.1520087999999969,0.0178136999999982,1.2546272000000074,1.3542296000000082,1.1417565000000018,4.510381400000246,1.2342478000000443,-1.457740000000065,100.0,40.425657400000006,106.52353479999692,121.83296869999651,86.40195229999755,65.88925859999813,242.4786173999931,2439.873212899998,-1.005019800000001,-0.0159094999999996,-0.0170092999999992,0.4922652999999835,1.9200126000000104,4.883,9.971310699999998,-15.339022400000024,25.028689300000003,100.1,33.6933901,132.9138696999954,77.99535329999729,70.06362249999756,83.94415099999709,226.05432809999212,1309.875034299998,836,X1.6791 Y1.4159
16:37:01.190,5,842,1.73994,1.48084,-0.125,91.75553,54.49859,-29.1675,,558.8,0,0,,2,1,"{""sr"":{""mpox"":91.75553,""mpoy"":54.49859,""mpoz"":-29.1675,""mpoa"":0,""posx"":1.73994,""posy"":1.48084,""posz"":-0.125,""posa"":0,""unit"":0,""stat"":5,""coor"":2,""momo"":1,""dist"":0,""home"":1,""mots"":1,""plan"":0,""line"":842,""path"":2,""frmo"":2,""prbe"":1,""safe"":0,""estp"":0,""spc"":1,""hold"":0,""macs"":5,""cycs"":1,""sps"":12000,""feed"":558.8,""mark"":1069948221}}",5.271863039435978,0.1990135507227875,0.2040241632159366,0.2254100954139483,5.271863039435978,0.1990135507227875,0.2040241632159366,0.2254100954139483,-0.9894524800000004,0.0390099200000016,-0.0156512400000008,-1.8332912800000172,-0.9324481199999975,0.9614622800000052,-31.745285760000087,37.27350983999996,-38.25471423999991,100.1,34.35,71.95792019999593,48.569604759997695,52.49442103999751,53.47562487999746,162.38928311999229,1715.1669837200254,-1.0094464800000005,-0.0746348800000002,0.0154174400000013,5.185971559999975,1.9345745599999744,2.049978839999986,-3.506105360000013,16.0,-95.69456983999991,100.04938952,32.32200684,64.70022415999827,71.61475199999809,74.57812071999801,42.96885103999885,168.91203555999547,1402.586092240005,-0.9952348800000024,-0.0247122399999997,0.0168908000000018,-5.286671439999968,-7.990208959999985,0.3554557599999876,-14.0,36.509180640000025,66.35468355999988,100.0,32.64,104.05376739999406,2.45409823999986,1.963278879999888,1.963278879999888,5.399016279999692,1707.1108175199888,-1.0152654800000005,0.1231291600000009,-0.0092306399999986,2.837423279999997,1.7553843599999843,4.041022800000009,-6.0,31.0,39.84792016000005,100.0,33.04365568,112.11680076000972,2.5882558800002267,2.0706046800001814,2.0706046800001814,5.6941624000005,1507.6286255200046,-1.0035575999999842,0.2700686400000175,0.0198548799999945,3.4273211599999893,1.430670480000013,1.2545544399999795,9.60965148000049,-3.3321496800004358,-5.774044439999888,100.0,40.4129598,75.68900051998483,90.45758603998188,64.15104303998714,48.920939119990194,180.45365367996385,2107.739550200028,-1.0048555599999998,-0.0120191999999989,-0.0027748800000005,0.4249818399999673,1.9240137600000244,5.028781919999977,9.491728319999863,-15.042657559999986,26.0,100.1,33.69042636,83.07808379997783,53.43941631998575,47.601496799987295,57.03198171998479,154.0312587999589,1274.1562167600289,842,X1.7429 Y1.4857
16:37:01.449,5,846,1.7765,1.56746,-0.125,92.68432,56.69871,-29.1675,,558.8,0,0,,2,1,"{""sr"":{""mpox"":92.68432,""mpoy"":56.69871,""mpoz"":-29.1675,""mpoa"":0,""posx"":1.7765,""posy"":1.56746,""posz"":-0.125,""posa"":0,""unit"":0,""stat"":5,""coor"":2,""momo"":1,""dist"":0,""home"":1,""mots"":1,""plan"":0,""line"":846,""path"":2,""frmo"":2,""prbe"":1,""safe"":0,""estp"":0,""spc"":1,""hold"":0,""macs"":5,""cycs"":1,""sps"":12000,""feed"":558.8,""mark"":1069948221}}",5.299754674878723,0.1966546169762147,0.2063345566886359,0.2057202444470488,5.299754674878723,0.1966546169762147,0.2063345566886359,0.2057202444470488,-0.9873145400000004,0.0361155400000014,-0.0092831800000016,-1.7433921999999786,-0.9282893199999832,0.9867101400000032,-32.0,37.15918542000006,-38.51891685999998,100.1,34.35359724,71.20026706000313,47.14612290000207,51.47586844000226,52.91911762000232,159.719518140007,1354.720854979999,-1.0098521199999997,-0.0750187999999995,0.020425379999998,5.288613140000008,1.935808640000004,2.100218700000009,-3.2818271999999404,16.206709360000072,-94.43634560000012,100.02067086,32.32281852,69.428681260002,71.3263538200017,74.25757370000179,42.99122704000103,167.84990456000395,1578.5120193599805,-1.0005797399999976,-0.0300058800000011,0.0154129999999979,-5.290722860000001,-8.101523779999999,0.3642507000000079,-11.114349219998866,28.18240217999717,52.232840959994775,100.0,32.64017268,99.70138606000498,2.385200400000119,1.9081607400000955,1.9081607400000955,5.247441700000262,1655.0288111599966,-1.0031274800000016,0.1230052199999999,-0.0078570399999994,2.871494979999987,1.8205059799999896,3.949332760000008,-5.212934039999955,31.0,38.57413130000009,100.0,33.04538382,116.82085775999116,2.6917249799997967,2.153379659999837,2.153379659999837,5.921794659999553,1332.17293125997,-0.9392796999999924,0.2977843599999765,0.0155332399999943,2.362345880000171,1.0996923200001063,1.199563440000002,9.659820260000073,-3.5396086599996237,2.319724919998512,100.0,40.37886602,68.97927576001335,82.6717050000161,58.7428162000114,44.71020784000872,165.34340938003223,1524.5419777999723,-0.9997151400000004,-0.0196019000000008,-0.0187408999999991,0.6013383200000239,1.7054107599999568,4.914387840000005,10.0,-15.0,26.65685999999988,100.1,33.7,77.8260959200209,47.63316204001262,42.42953936001124,50.89253002001345,137.69586320003646,1054.159174859996,846,X1.7796 Y1.5809
16:37:01.705,5,851,1.77981,1.66113,-0.125,92.76827,59.07795,-29.1675,,558.8,0,0,,2,1,"{""sr"":{""mpox"":92.76827,""mpoy"":59.07795,""mpoz"":-29.1675,""mpoa"":0,""posx"":1.77981,""posy"":1.66113,""posz"":-0.125,""posa"":0,""unit"":0,""stat"":5,""coor"":2,""momo"":1,""dist"":0,""home"":1,""mots"":1,""plan"":0,""line"":851,""path"":2,""frmo"":2,""prbe"":1,""safe"":0,""estp"":0,""spc"":1,""hold"":0,""macs"":5,""cycs"":1,""sps"":12000,""feed"":558.8,""mark"":1069948221}}",5.067306401048569,0.1871824335891686,0.2045648906005849,0.2101593978804385,5.067306401048569,0.1871824335891686,0.2045648906005849,0.2101593978804385,-0.9894172400000004,0.0366163000000011,-0.0201878400000028,-1.688112699999989,-0.839344180000005,0.9328144399999873,-31.89013309999995,37.0,-38.648074660000034,100.1,34.35571688,82.21363985999655,52.74434327999817,57.58821163999801,59.20283417999795,178.6849183199938,1600.8695984199762,-1.015017300000001,-0.0741563399999991,0.0203712999999976,5.295393040000008,1.9062898200000011,2.019832580000005,-3.0,16.0,-94.80676002000013,100.01418248,32.33523098,77.94307743999835,76.89686179999838,79.51240115999832,46.55660323999901,180.47222593999615,1653.361190460016,-0.9966698200000026,-0.0420366199999986,0.008998060000001,-5.335161119999996,-8.09808044,0.366,-13.0,36.84530155999993,66.69766190000006,100.0,32.623094,113.47936223999535,2.7148170399998888,2.1718535799999112,2.1718535799999112,5.972598019999755,1903.3195335600165,-0.9873621400000008,0.1294868399999994,-0.0208203399999993,2.7728882600000024,1.5818852200000073,4.10861022,-5.180395819999665,17.843585939998846,21.872783259998585,100.0,33.04916158,93.11397274000822,2.122002400000186,1.6976017800001486,1.6976017800001486,4.668404940000409,1643.1912184799803,-0.9346520199999953,0.391390940000009,-0.0485222399999938,4.208129440000003,1.5423817199998553,1.274855619999995,10.181025759999766,14.214300479999467,-13.968517879999668,100.0,40.36138454,107.09681977998758,127.21804091998526,90.87002907998946,68.80159371999203,255.08515299997043,2301.611859600105,-1.010548479999999,-0.000686040000001,0.006012959999997,0.5061036399999803,1.904878360000024,4.808067000000019,9.302781120000096,-15.0,26.3027811200001,100.1,33.70697208,105.97722007998532,82.96900807998851,73.90516689998977,88.54675585998774,239.8431823199668,1227.746485480019,851,X1.7788 Y1.6668
16:37:01.963,5,857,1.74157,1.7472,-0.125,91.797,61.26423,-29.1675,,558.8,0,0,,2,1,"{""sr"":{""mpox"":91.797,""mpoy"":61.26423,""mpoz"":-29.1675,""mpoa"":0,""posx"":1.74157,""posy"":1.7472,""posz"":-0.125,""posa"":0,""unit"":0,""stat"":5,""coor"":2,""momo"":1,""dist"":0,""home"":1,""mots"":1,""plan"":0,""line"":857,""path"":2,""frmo"":2,""prbe"":1,""safe"":0,""estp"":0,""spc"":1,""hold"":0,""macs"":5,""cycs"":1,""sps"":12000,""feed"":558.8,""mark"":1069948221}}",5.295738600735145,0.2096447149266427,0.2123177071958121,0.206046342065028,5.295738600735145,0.2096447149266427,0.2123177071958121,0.206046342065028,-0.9793841999999998,0.0372368000000023,-0.0016466000000057,-1.722535200000015,-0.8437802999999796,0.9502607000000172,-31.04188410000008,37.43600070000003,-38.56399929999997,100.1,34.3556397,61.91207100000455,42.29204830000312,46.65205310000344,47.96005510000353,145.1881656000107,1843.709068999949,-1.0099358,-0.0889444999999993,0.0553660000000016,5.302231499999995,1.7123391000000068,2.0173391000000063,-3.40895729999991,16.054739600000108,-94.81791459999982,100.0,32.325910400000005,75.88522500000451,68.16342030000273,70.48190370000282,41.26900910000165,160.4390706000064,2423.7787627999246,-1.007648600000001,-0.0529295999999966,0.0140488000000012,-5.524024599999959,-8.18442769999999,0.3472311000000121,-13.574051899999963,36.42594810000004,67.0,100.0,32.6236684,88.72745310000705,2.129739400000183,1.7037913000001463,1.7037913000001463,4.685426000000402,2239.931850599948,-1.0001333,0.1143680000000017,-0.0138212999999976,2.872994300000008,1.7472736999999867,4.16106699999998,-6.0,31.622126599999937,38.312392699999926,100.0,33.0468761,135.00142779998671,3.110631899999694,2.4885052999997552,2.4885052999997552,6.843390399999326,2297.511210999929,-0.8409052000000264,0.6785750999999305,-0.0853779999999889,1.1583692999999116,0.8816945000002907,1.22595820000001,10.40895000000031,3.0621793000017417,8.496186500000746,100.0,40.34,40.39703320002018,48.875423100024406,34.91101620001744,26.432627200013204,97.7508462000488,3443.3342903998278,-1.0047422000000026,-0.0116088999999978,0.0246868000000076,0.4874594999999758,1.58507110000006,4.954445399999998,10.08561699999998,-15.0,27.90995199999982,100.09099519999998,33.6990995,37.54952530004008,20.904103000019077,18.62046160001698,22.30942110002035,60.25300260005495,1701.305375399954,857,X1.7353 Y1.7553
16:37:02.220,5,862,1.67034,1.80764,-0.125,89.98777,62.7993,-29.1675,,558.8,0,0,,2,1,"{""sr"":{""mpox"":89.98777,""mpoy"":62.7993,""mpoz"":-29.1675,""mpoa"":0,""posx"":1.67034,""posy"":1.80764,""posz"":-0.125,""posa"":0,""unit"":0,""stat"":5,""coor"":2,""momo"":1,""dist"":0,""home"":1,""mots"":1,""plan"":0,""line"":862,""path"":2,""frmo"":2,""prbe"":1,""safe"":0,""estp"":0,""spc"":1,""hold"":0,""macs"":5,""cycs"":1,""sps"":12000,""feed"":558.8,""mark"":1069948221}}",5.185324340522197,0.195077070883851,0.1874981977053707,0.1997714686064167,5.185324340522197,0.195077070883851,0.1874981977053707,0.1997714686064167,-0.9901007600000004,0.0276350799999984,-0.0028779599999984,-1.8281768000000065,-0.8662806399999953,1.038,-31.40422144000004,37.57263764000001,-38.61891947999991,100.1,34.3602314,91.04936632000228,56.1184776800014,60.69957692000152,62.990127480001576,190.11565772000475,1725.5778027199876,-1.0125387600000009,-0.0831173600000003,0.065389320000001,5.25546720000001,1.801376279999992,2.040945000000002,-3.5219635200000496,16.98183900000004,-95.98183900000004,100.04598772,32.32956096,90.6184518800004,79.3982640000012,82.09888468000123,48.07105780000072,186.8829879200028,1739.8796068399945,-1.0004340399999996,-0.0291291600000013,0.0333169200000016,-5.271271800000002,-8.215739800000001,0.4541692399999945,-14.0,37.57090432000005,67.41279735999998,100.0,32.63287264,122.1543539600035,2.936011360000085,2.3488086800000683,2.3488086800000683,6.459224360000187,1676.7725779199825,-1.00025664,0.1323026399999989,-0.0187628399999995,2.9402596400000145,1.675218199999991,3.931199399999991,-6.628140480000059,31.0,38.34436352,100.0,33.05013748,77.71020507999387,1.7905575599998589,1.432446039999887,1.432446039999887,3.93922663999969,1580.0843305599703,-0.8130624800000006,0.3447173999999915,-0.044938639999995,3.8095860000000887,2.158331200000044,1.369051199999993,8.992676720000016,18.41243011999992,-6.455750960000381,100.0,40.332208640000005,128.16397476000938,154.1465055200112,109.32550804000792,83.36494712000606,308.2930120000224,2441.9639523999963,-1.0057862399999995,-0.0192543600000016,-0.0049790400000008,0.6916099600000256,1.718200519999992,5.041905920000015,10.0,-14.99616568000001,27.127826479999925,100.1,33.6913168,116.39404672000887,103.78868008000876,92.4504205200078,110.76607012000936,298.2795984000252,1762.699838440022,862,X1.6672 Y1.8094
16:37:02.478,5,867,1.57972,1.83397,-0.125,87.68608,63.46799,-29.1675,,558.8,0,0,,2,1,"{""sr"":{""mpox"":87.68608,""mpoy"":63.46799,""mpoz"":-29.1675,""mpoa"":0,""posx"":1.57972,""posy"":1.83397,""posz"":-0.125,""posa"":0,""unit"":0,""stat"":5,""coor"":2,""momo"":1,""dist"":0,""home"":1,""mots"":1,""plan"":0,""line"":867,""path"":2,""frmo"":2,""prbe"":1,""safe"":0,""estp"":0,""spc"":1,""hold"":0,""macs"":5,""cycs"":1,""sps"":12000,""feed"":558.8,""mark"":1069948221}}",5.197356670164068,0.1952707667247703,0.187921702495688,0.2030717707873933,5.197356670164068,0.1952707667247703,0.187921702495688,0.2030717707873933,-0.9924058,0.0335929999999991,-0.0096426000000033,-1.5894027999999811,-0.7148053999999899,0.9506421999999924,-32.0,37.33566240000008,-39.664337599999925,100.1,34.3666432,65.13348799999383,44.27506439999731,47.88935559999709,49.69650059999698,149.9930757999909,1703.0305684000364,-1.0144566000000004,-0.0726550000000004,0.0275794000000033,5.406458400000041,1.7144881999999575,2.014,-2.6542173999998298,17.0,-95.0,100.0473098,32.3441928,85.63105959999714,69.54566719999768,71.9111657999976,41.63277999999861,163.21942279999453,1744.0444316000437,-0.9913291999999974,-0.0418234000000023,0.0050527999999981,-5.196831799999995,-8.160850400000026,0.3726812000000039,-14.0,37.4733488000001,68.44523879999997,100.0,32.6155478,93.05492759999342,2.2261947999998424,1.780955199999874,1.780955199999874,4.8976275999996535,2282.0250348000523,-0.9943337999999996,0.1126709999999996,-0.0180450000000008,2.9578098000000104,1.6377356000000234,4.121020800000006,-6.069034399999941,31.049852800000224,37.59396080000005,100.0,33.06,127.7016116000114,2.969804800000265,2.375844000000212,2.375844000000212,6.602605600000524,2010.345963400068,-0.942924199999985,0.2459656000000247,0.0240858000000108,4.179022200000441,1.0476543999998833,1.2608680000000083,14.157661800000406,11.196922599999988,15.504082600000268,100.0,40.3372834,50.68353099998238,60.57299999997895,43.26642879998496,32.75886759998861,121.14600019995788,2093.024744400059,-1.011328800000001,-0.0063577999999986,0.0131166000000034,0.4855200000000336,1.966621799999993,4.959870199999992,11.0,-15.0,26.53876039999971,100.02785919999998,33.7,63.48035979996632,30.69951799998371,27.317368399985504,32.7808417999826,88.45623919995306,1088.2699693999994,867,X1.5776 Y1.8342
16:37:02.735,5,872,1.48647,1.82316,-0.125,85.31751,63.19361,-29.1675,,558.8,0,0,,2,1,"{""sr"":{""mpox"":85.31751,""mpoy"":63.19361,""mpoz"":-29.1675,""mpoa"":0,""posx"":1.48647,""posy"":1.82316,""posz"":-0.125,""posa"":0,""unit"":0,""stat"":5,""coor"":2,""momo"":1,""dist"":0,""home"":1,""mots"":1,""plan"":0,""line"":872,""path"":2,""frmo"":2,""prbe"":1,""safe"":0,""estp"":0,""spc"":1,""hold"":0,""macs"":5,""cycs"":1,""sps"":12000,""feed"":558.8,""mark"":1069948221}}",5.400688052019924,0.2103434446605223,0.2060781367835556,0.201668401192349,5.400688052019924,0.2103434446605223,0.2060781367835556,0.201668401192349,-0.9904794599999998,0.0380228799999994,0.0029859400000001,-1.6597206000000102,-0.9337454800000128,0.8041971599999992,-32.525499040000014,37.0,-39.525499040000014,100.1,34.37,72.51889706000136,51.49892650000097,56.22842018000105,57.27941826000108,173.94025260000328,1553.0293163600038,-1.0093489399999998,-0.0717018399999999,0.0083301999999998,5.221373220000001,1.8718844599999984,2.014,-3.154533399999972,16.484296779999994,-95.51570322,100.05157052,32.32638848,87.46287410000092,75.13810516000088,78.38685688000088,45.22733102000054,177.24729986000204,1622.5306934799987,-1.0058817800000008,-0.02563946,0.0175762800000004,-5.38915795999999,-7.987602680000002,0.5573973199999985,-13.609368439999963,37.47170719999999,67.60936843999997,100.0,32.62609346,108.04713380000231,2.6414656600000583,2.113172860000047,2.113172860000047,5.811225120000129,1743.448344899994,-0.999421199999999,0.1261925599999993,-0.0170250800000002,2.7747801999999986,1.6887845599999998,4.054360400000003,-6.567865659999959,31.0,37.43213434000004,100.0,33.05253948,97.57088249999585,2.248177439999904,2.248177439999904,1.7985420199999231,5.3956250599997695,1477.0238266600015,-0.8740959199999988,0.3858360399999948,0.002149319999998,2.6122842199999297,1.6859178999999804,1.31529530000001,12.663198220000028,18.902443800000167,13.487348699999876,100.0,40.3393659,99.44028458000652,117.56112680000768,83.37243142000544,63.57897684000415,234.5224514600153,2045.5484362800173,-1.00243764,-0.0170210000000002,-0.0144207599999992,0.5299307399999855,1.8821155200000017,4.932488439999993,10.0,-15.405641619999944,27.37323349999995,100.09675912,33.7,141.2168903000113,73.95843638000594,65.81047254000528,78.94015926000635,211.814637340017,1326.246383400011,872,X1.4803 Y1.8213
16:37:02.992,5,877,1.40363,1.77877,-0.125,83.21345,62.06605,-29.1675,,558.8,0,0,,2,1,"{""sr"":{""mpox"":83.21345,""mpoy"":62.06605,""mpoz"":-29.1675,""mpoa"":0,""posx"":1.40363,""posy"":1.77877,""posz"":-0.125,""posa"":0,""unit"":0,""stat"":5,""coor"":2,""momo"":1,""dist"":0,""home"":1,""mots"":1,""plan"":0,""line"":877,""path"":2,""frmo"":2,""prbe"":1,""safe"":0,""estp"":0,""spc"":1,""hold"":0,""macs"":5,""cycs"":1,""sps"":12000,""feed"":558.8,""mark"":1069948221}}",5.169588022891534,0.1964921741024237,0.2041388043699721,0.2072338780680221,5.169588022891534,0.1964921741024237,0.2041388043699721,0.2072338780680221,-0.99073924,0.0385268000000001,-0.0042183999999999,-1.736722999999995,-0.8932208400000042,0.916,-31.49699260000001,37.0,-39.84234900000006,100.1,34.36781808,67.4698927200009,49.20228640000072,53.17822876000079,54.1722144800008,164.00762180000245,1470.4124847199928,-1.01035404,-0.0738405599999999,0.0131854,5.323234320000013,2.173630159999996,2.0667625200000064,-4.0,16.78116703999998,-94.78635263999998,100.0218832,32.33497404,98.4866476800008,71.62665264000059,75.10850400000062,43.27443600000036,169.6158931200014,1419.8588831999962,-0.9690092799999992,-0.0346578800000002,0.0046532799999994,-5.029654880000001,-8.274783040000006,0.361496959999995,-13.0,38.0,67.5036052,100.0,32.63187672,103.25008684000176,2.481973520000043,1.9855787200000343,1.9855787200000343,5.460341360000094,1485.9832951599922,-0.9945316000000004,0.11203652,-0.0172021999999995,2.8073343200000016,1.850596560000004,4.047596560000004,-6.166083840000016,30.66062668000003,37.16608384000001,100.0,33.0583392,110.52895411999692,2.52728427999993,2.52728427999993,2.021827119999944,6.065481359999833,1339.73251463999,-0.9414856400000038,0.3220189999999989,-0.0258349599999992,1.8601560800000243,1.7457690800000576,1.1927597999999864,12.898526759999813,6.837162559999884,13.138045759999622,100.0,40.31845676,77.39946796000451,95.41066488000556,67.66368536000395,51.599644960003005,190.3345404800111,1857.4100247199829,-1.0064359600000004,-0.0065313999999994,0.0032693200000014,0.4871175199999952,1.731383360000002,4.883,10.0,-15.045867840000003,26.515700319999965,100.1,33.70484292,120.59070140000917,56.6631003600043,50.367200040003816,60.53750028000459,162.24050124001232,1156.3221495199896,877,X1.3926 Y1.7696
16:37:03.250,5,881,1.34221,1.70769,-0.125,81.65336,60.26047,-29.1675,,558.8,0,0,,2,1,"{""sr"":{""mpox"":81.65336,""mpoy"":60.26047,""mpoz"":-29.1675,""mpoa"":0,""posx"":1.34221,""posy"":1.70769,""posz"":-0.125,""posa"":0,""unit"":0,""stat"":5,""coor"":2,""momo"":1,""dist"":0,""home"":1,""mots"":1,""plan"":0,""line"":881,""path"":2,""frmo"":2,""prbe"":1,""safe"":0,""estp"":0,""spc"":1,""hold"":0,""macs"":5,""cycs"":1,""sps"":12000,""feed"":558.8,""mark"":1069948221}}",5.384519246794266,0.1975776741816515,0.2033145324012957,0.2032958163204777,5.384519246794266,0.1975776741816515,0.2033145324012957,0.2032958163204777,-0.98774356,0.0373961199999998,0.0002285200000003,-1.765037119999991,-0.7602803199999975,1.0020689600000032,-32.0,37.0,-38.37028415999998,100.1,34.36370304,72.20591220000081,47.818484920000536,51.16577892000058,52.12214892000058,157.80100104000178,1707.9967762000022,-1.00256096,-0.0668908,0.0286549999999996,5.372267880000004,1.7164235199999975,2.0556316800000016,-3.513333119999997,17.095032959999966,-95.70915008,100.01958184,32.3097334,88.95348260000043,69.10668156000044,73.00001576000045,41.36667552000026,164.68918584000104,1815.269720120005,-1.070301959999999,-0.0592257199999997,0.0166488400000003,-5.302999439999979,-8.062447680000012,0.419015599999992,-12.735170079999993,37.47474192000001,67.04611439999996,100.0,32.63214308,98.70022656000135,2.373709960000032,1.8989680400000253,1.8989680400000253,5.222161840000071,1820.5788733200093,-0.949321960000001,0.177605119999999,-0.0203565999999999,2.8179109600000047,1.75018996,4.031495759999995,-6.219785599999988,30.764327439999978,37.3247556,100.0,33.053088759999994,119.25457115999768,2.722707559999946,2.722707559999946,2.1781657199999573,6.534497159999872,1651.2704974400071,-0.9731847200000028,0.1551197200000081,-0.0286489999999988,5.241124159999975,1.3281509199999997,1.249870799999999,12.819049960000044,11.477806999999997,11.943329519999876,100.0,40.32,68.62507280000358,80.26691952000421,56.92398864000298,43.000135120002255,159.83197848000836,2069.156733200052,-1.0060418000000002,-0.0045496799999996,0.0144333600000005,0.2554604799999994,2.045045239999982,4.938057599999995,10.937372800000004,-15.675945279999969,26.32405472000003,100.0324054,33.70738584,73.22424380000469,44.85512620000317,40.15231352000285,47.94858328000339,128.76514664000914,1548.501447240001,881,X1.3403 Y1.7046
16:37:03.512,5,886,1.30981,1.61897,-0.125,80.83031,58.00708,-29.1675,,558.8,0,0,,2,1,"{""sr"":{""mpox"":80.83031,""mpoy"":58.00708,""mpoz"":-29.1675,""mpoa"":0,""posx"":1.30981,""posy"":1.61897,""posz"":-0.125,""posa"":0,""unit"":0,""stat"":5,""coor"":2,""momo"":1,""dist"":0,""home"":1,""mots"":1,""plan"":0,""line"":886,""path"":2,""frmo"":2,""prbe"":1,""safe"":0,""estp"":0,""spc"":1,""hold"":0,""macs"":5,""cycs"":1,""sps"":12000,""feed"":558.8,""mark"":1069948221}}",5.163430784982751,0.2004217799098138,0.2000716381825782,0.2074735661925436,5.163430784982751,0.2004217799098138,0.2000716381825782,0.2074735661925436,-0.98896456,0.0461506799999999,-0.0056526799999998,-1.678306480000001,-0.9221477200000006,0.94276616,-32.0,37.0,-39.89921679999999,100.1,34.3648916,85.19722163999977,57.19369499999981,60.05016903999981,60.611385679999806,185.2014571199994,1642.3022649200002,-1.00726772,-0.07395584,0.04452172,5.31399228,1.7978788800000003,2.06701544,-3.536140759999999,16.934552839999995,-95.46385924,100.0463858,32.31862288,86.31872579999983,75.05976159999986,79.88503167999984,45.03585667999991,180.14342747999964,1593.174776760001,-0.96475216,-0.0077014800000002,0.00520904,-5.745816279999999,-7.790514920000002,0.5663181999999994,-13.0,37.07073736000001,66.64171504000001,100.0,32.63716584,117.62141547999956,2.85488839999999,2.283910719999992,2.283910719999992,6.280755239999977,1669.250024760002,-1.0193033599999997,0.1215171999999994,-0.0085493199999999,2.8738054000000006,1.8213891999999992,4.141025879999999,-6.0,30.921223239999996,36.30359736,100.0,33.04,81.98562764000077,2.2154679600000136,1.9118706000000176,1.529496480000014,4.588490320000043,1501.8949333200014,-0.9896526000000008,0.2569454399999975,0.0053102800000002,4.585619559999983,1.6052179200000047,1.1291619999999996,10.314147560000036,2.3853683999999715,11.135664439999994,100.0,40.3119602,131.21634171999872,144.4854099599986,102.466693959999,77.40289875999925,287.4964795199972,1690.623462240001,-1.00397952,-0.0003668000000002,-0.0022607199999999,0.3886555600000004,1.886404680000003,4.92796376,10.0,-15.0,26.0,100.08914876,33.72,109.32465819999877,92.44364443999896,82.79735171999906,98.87450687999888,266.076925399997,1403.0530958400016,886,X1.3075 Y1.6042
16:37:03.765,5,890,1.31035,1.52516,-0.125,80.84402,55.6243,-29.1675,,558.8,0,0,,2,1,"{""sr"":{""mpox"":80.84402,""mpoy"":55.6243,""mpoz"":-29.1675,""mpoa"":0,""posx"":1.31035,""posy"":1.52516,""posz"":-0.125,""posa"":0,""unit"":0,""stat"":5,""coor"":2,""momo"":1,""dist"":0,""home"":1,""mots"":1,""plan"":0,""line"":890,""path"":2,""frmo"":2,""prbe"":1,""safe"":0,""estp"":0,""spc"":1,""hold"":0,""macs"":5,""cycs"":1,""sps"":12000,""feed"":558.8,""mark"":1069948221}}",5.149246695302338,0.1946983242945843,0.2038331371917772,0.2085037900803922,5.149246695302338,0.1946983242945843,0.2038331371917772,0.2085037900803922,-0.99814094,0.0363026199999999,0.0024410599999999,-1.83727126,-0.9476242399999996,0.9731600400000006,-31.97475368,37.0,-39.11343638,100.1,34.37,66.75208114000014,43.927176520000096,46.0804692400001,46.51112742000009,141.68667592000028,2343.421976539999,-1.0133894,-0.0900955999999999,0.0214003,5.18386342,1.99560116,1.9000144400000007,-4.0,16.967154019999995,-95.53967586,100.0,32.33493206,84.99571000000009,63.09723410000008,68.16079764000008,37.74656842000004,152.8604142800002,2822.127226359998,-0.99966734,-0.03505194,0.02285954,-5.20558734,-8.122750640000001,0.37968074,-13.384506059999998,38.0,67.76901212,100.0,32.63839772,86.88063478000021,2.0994204200000053,1.679536500000004,1.679536500000004,4.618725700000011,2685.334567059999,-1.01133794,0.1133969399999998,-0.00635518,2.93,1.6456034799999997,3.95062554,-6.9607130199999965,31.0,36.36578376000001,100.0,33.04,137.62487197999965,3.171080259999991,3.171080259999991,2.536864019999993,7.610592119999979,2418.4720532000006,-0.9631383999999996,0.4387277199999996,0.0565848199999995,2.034677199999996,1.3501062199999954,1.1579386800000009,2.9233879400000413,-2.237519720000031,1.9412988600000565,100.0,40.31359832,37.95135062000058,44.810028120000695,31.77854034000049,24.23399456000037,89.39143352000139,4032.4088919599953,-1.00439934,0.0054571799999999,0.0122463399999998,0.5357300400000005,1.5746864800000009,4.831968820000001,10.0,-15.945525579999996,25.09067334,100.0854853,33.72,29.62955984000104,16.692042920000535,14.80511640000048,17.70808000000056,47.75375796000152,1927.090218279999,890,X1.3114 Y1.5188
16:37:04.021,5,895,1.34336,1.43689,-0.125,81.68248,53.38225,-29.1675,,558.8,0,0,,2,1,"{""sr"":{""mpox"":81.68248,""mpoy"":53.38225,""mpoz"":-29.1675,""mpoa"":0,""posx"":1.34336,""posy"":1.43689,""posz"":-0.125,""posa"":0,""unit"":0,""stat"":5,""coor"":2,""momo"":1,""dist"":0,""home"":1,""mots"":1,""plan"":0,""line"":895,""path"":2,""frmo"":2,""prbe"":1,""safe"":0,""estp"":0,""spc"":1,""hold"":0,""macs"":5,""cycs"":1,""sps"":12000,""feed"":558.8,""mark"":1069948221}}",5.273692117041343,0.2052913606253784,0.2056303008173381,0.2193816116464911,5.273692117041343,0.2052913606253784,0.2056303008173381,0.2193816116464911,-0.98972128,0.0493616399999999,0.0039278799999999,-1.8749559199999983,-0.9067189599999996,1.0469890799999992,-31.605904060000004,37.0,-39.0,100.1,34.36965074,93.06936671999983,59.3816822999999,61.094615159999904,61.094615159999904,187.8516671799997,1136.6308639600009,-1.00262044,-0.06872958,0.01972102,5.312686299999999,1.7653296,2.10450748,-3.5382857999999997,16.488990620000003,-95.97272358,100.0,32.33027276,94.78004742000002,73.17958143999994,79.12800071999992,43.573866439999954,177.57973345999983,1250.646400200001,-1.02113748,0.0107665799999998,0.0222322399999999,-5.13840042,-8.2419426,0.2742762400000002,-13.555350119999996,38.0,67.57985988,100.0,32.63420138,118.89575363999978,2.899298399999995,2.319438579999996,2.319438579999996,6.378456739999989,1308.1043095999996,-1.01769256,0.1039432200000001,-0.00574742,2.8867838599999995,1.6574923400000008,3.96574054,-6.385202400000003,31.0,38.22959519999999,100.0,33.03979354,79.83757146000039,1.822775220000009,1.822775220000009,1.458220200000007,4.374661480000021,1099.31572846,-1.03538118,0.2020550400000012,0.0141923399999997,3.130474279999989,2.201197899999996,1.0680278800000007,8.872403640000012,-2.1409070399999344,-10.677528500000015,100.0,40.35234934,131.08130321999937,152.15333201999928,107.90465929999952,82.27579307999962,303.53037171999864,1422.192312000002,-0.99331494,-0.0201475599999999,-0.0246270799999999,0.2292243600000015,2.0374456199999984,4.99561164,9.851976699999994,-15.148023300000006,27.846088359999992,100.08460846,33.7185198,182.23462255999905,97.12530911999949,86.90159223999953,103.94112001999945,279.44236867999854,1222.9813974399997,895,X1.3538 Y1.4206
16:37:04.286,5,899,1.40474,1.36595,-0.125,83.24153,51.58045,-29.1675,,558.8,0,0,,2,1,"{""sr"":{""mpox"":83.24153,""mpoy"":51.58045,""mpoz"":-29.1675,""mpoa"":0,""posx"":1.40474,""posy"":1.36595,""posz"":-0.125,""posa"":0,""unit"":0,""stat"":5,""coor"":2,""momo"":1,""dist"":0,""home"":1,""mots"":1,""plan"":0,""line"":899,""path"":2,""frmo"":2,""prbe"":1,""safe"":0,""estp"":0,""spc"":1,""hold"":0,""macs"":5,""cycs"":1,""sps"":12000,""feed"":558.8,""mark"":1069948221}}",5.34451531797987,0.1987293348852264,0.2008127496514266,0.2047733910521104,5.34451531797987,0.1987293348852264,0.2008127496514266,0.2047733910521104,-0.99204216,0.0437546,-0.0028092400000004,-1.893298999999994,-0.9898675600000032,1.0011369600000035,-31.269664639999988,36.79089507999998,-39.14854556000005,100.1,34.37,76.64201196000043,49.79206072000056,50.74960020000058,51.22836976000058,156.82739364000176,1411.822287160002,-1.0131912799999998,-0.07397264,0.0173231200000001,5.247323640000003,1.812864160000004,2.0601530800000027,-2.43208408000006,10.3763276800003,-61.44744792000176,100.0,32.33162,83.68187132000058,65.19401608000045,71.5188090800005,38.43527792000027,158.6063376800011,1540.238320040009,-1.0076738800000005,-0.0329335199999997,0.0127128400000004,-4.971362879999995,-8.45637684,0.2618290000000017,-13.61937728000002,38.0,66.9464784,100.0,32.63234484,96.54075684000132,2.366195320000032,1.8929558000000255,1.8929558000000255,5.205629160000071,1497.3960330800005,-1.0145964799999996,0.11933176,-0.0092084000000002,2.797534800000003,1.660268080000005,4.1092242400000005,-6.420005759999978,31.0,36.70421872000004,100.0,33.02668468,118.64218747999767,2.721151199999947,2.721151199999947,2.1769209599999577,6.530762599999873,1282.3893475200111,-0.94107876,0.1465538000000057,-0.0243703599999984,1.6273662400000224,1.6427107200000075,1.328678839999996,8.765233879999936,-10.624100280000006,0.1689541199997609,100.0,40.36520576,68.32373672000354,80.25981120000415,57.21083944000296,43.21682136000224,160.10803376000828,1798.713552680008,-1.0059561600000002,-0.0026151599999999,0.0107817200000003,0.5756560799999973,1.762790040000004,4.967703400000001,10.0,-15.0,27.0,100.00348876,33.723886040000004,90.53790524000638,43.9089413200031,39.6346194800028,47.01753880000332,126.67535236000896,1028.5211930000069,899,X1.4137 Y1.3587
16:37:04.536,5,903,1.48739,1.31981,-0.125,85.34092,50.4085,-29.1675,,558.8,0,0,,2,1,"{""sr"":{""mpox"":85.34092,""mpoy"":50.4085,""mpoz"":-29.1675,""mpoa"":0,""posx"":1.48739,""posy"":1.31981,""posz"":-0.125,""posa"":0,""unit"":0,""stat"":5,""coor"":2,""momo"":1,""dist"":0,""home"":1,""mots"":1,""plan"":0,""line"":903,""path"":2,""frmo"":2,""prbe"":1,""safe"":0,""estp"":0,""spc"":1,""hold"":0,""macs"":5,""cycs"":1,""sps"":12000,""feed"":558.8,""mark"":1069948221}}",5.275348931267617,0.1992555190677766,0.2017643313287744,0.1886297783296615,5.275348931267617,0.1992555190677766,0.2017643313287744,0.1886297783296615,-0.99704244,0.0547260399999999,-0.0281104800000004,-1.872024480000003,-0.8645857200000019,1.040675479999999,-32.0,36.79044183999998,-38.26851263999998,100.1,34.36731456,76.2016473599992,54.80255435999941,55.32448391999941,55.84641311999941,170.6708133599982,1328.4572440800025,-1.00055136,-0.0795008399999998,0.0473360000000001,5.460301600000003,1.8393403200000011,2.060360120000003,-3.486552160000003,16.349827839999982,-94.51344784,100.03498304,32.34536028,92.11598191999936,67.7751312399996,74.96340319999953,40.04894107999976,166.19352095999895,1394.23681652,-0.9913506799999996,-0.0337746799999999,0.0112803599999997,-5.09946012000004,-8.268806559999971,0.3934274800000116,-13.37993535999998,37.0,67.85415067999999,100.0,32.6305158,108.74921331999872,2.628923679999968,2.1031389999999743,2.1031389999999743,5.783632679999929,1556.0755395999954,-1.0034772399999998,0.11581548,-0.0117210400000002,2.90981268,1.955248240000002,3.984496400000004,-6.419079679999977,31.0,38.12498768000001,100.0,33.035072,98.48146736000228,2.2796635600000523,2.2796635600000523,1.823730920000042,5.471192400000126,1383.5791145199996,-1.0229641200000004,0.2730404400000076,0.0141245999999995,5.785444759999934,1.3903499199999672,1.2226756400000038,11.414703920000022,4.255187239999947,-5.684545839999634,100.0,40.37480704,94.95892447999664,114.19877731999584,81.35616923999702,61.45609971999775,228.26551195999164,1532.393660480001,-1.00657856,-0.0055135200000002,0.0128175599999993,0.4932426399999958,1.7412437200000024,4.885182680000001,10.0,-15.57875391999997,26.61453611999997,100.0035784,33.72578752,126.7205767199941,69.4426256799969,62.068187879997225,74.35891799999668,200.33890311999104,1164.0354188399986,903,X1.4901 Y1.3188
16:37:04.793,5,908,1.58034,1.30531,-0.125,87.70176,50.04011,-29.1675,,558.8,0,0,,2,1,"{""sr"":{""mpox"":87.70176,""mpoy"":50.04011,""mpoz"":-29.1675,""mpoa"":0,""posx"":1.58034,""posy"":1.30531,""posz"":-0.125,""posa"":0,""unit"":0,""stat"":5,""coor"":2,""momo"":1,""dist"":0,""home"":1,""mots"":1,""plan"":0,""line"":908,""path"":2,""frmo"":2,""prbe"":1,""safe"":0,""estp"":0,""spc"":1,""hold"":0,""macs"":5,""cycs"":1,""sps"":12000,""feed"":558.8,""mark"":1069948221}}",5.039184278256259,0.200336744280555,0.206152153734283,0.2088619379841191,5.039184278256259,0.200336744280555,0.206152153734283,0.2088619379841191,-0.9917785,0.0467099999999999,0.0011419999999975,-1.5826595000000023,-0.7436454999999721,1.0201694999999922,-31.50103450000002,36.498965499999976,-39.65782400000026,100.1,34.36,75.57981450000459,52.60862950000237,53.10966350000239,53.10966350000239,163.8383025000074,1762.2879144999954,-1.0059449999999983,-0.078031,0.0473620000000009,5.453871499999981,1.4851100000000277,2.0556215000000133,-3.7271110000000776,16.72711100000008,-95.22809450000008,100.0,32.32499,83.83484150000214,65.37121600000167,72.85646950000186,38.42430250000098,160.6834465000041,1904.2172645000076,-0.975899500000002,-0.0297885000000018,0.0004235000000004,-5.151839000000014,-8.148507500000001,0.3287884999999894,-13.203341500000056,37.0,66.49987199999998,100.0,32.63,102.52624100000544,2.5006400000001325,2.0005120000001058,2.0005120000001058,5.501408500000292,2048.2076554999653,-0.9993984999999987,0.122985,-0.0146950000000003,2.8572549999999857,1.690198500000012,4.029009500000001,-6.326295499999907,30.49923999999996,37.34740900000018,100.0,33.04,108.16211049999048,2.4961994999997823,2.4961994999997823,1.9969594999998257,5.990878499999477,1663.226558499991,-0.9134424999999822,0.5090134999999749,-0.0058470000000151,3.334885499999732,0.8597570000000221,1.2952455000000007,8.82575049999941,4.650692500000365,-1.250707500000123,100.0,40.3949785,82.64335950001487,97.57890650001754,69.20136700001245,52.77226550000949,194.659961000035,2301.65037850003,-1.009831500000001,-0.0097719999999973,-0.0015479999999951,0.3641075000000576,1.9296079999999791,4.938081999999999,10.0,-15.048509500000014,26.45379299999987,100.0,33.724537999999995,97.54880600002258,56.23987350001301,50.76519500001175,60.22145700001394,162.24954500003756,1401.4630384999905,908,X1.5969 Y1.306
16:37:05.054,5,912,1.67258,1.32362,-0.125,90.04467,50.50519,-29.1675,,558.8,0,0,,2,1,"{""sr"":{""mpox"":90.04467,""mpoy"":50.50519,""mpoz"":-29.1675,""mpoa"":0,""posx"":1.67258,""posy"":1.32362,""posz"":-0.125,""posa"":0,""unit"":0,""stat"":5,""coor"":2,""momo"":1,""dist"":0,""home"":1,""mots"":1,""plan"":0,""line"":912,""path"":2,""frmo"":2,""prbe"":1,""safe"":0,""estp"":0,""spc"":1,""hold"":0,""macs"":5,""cycs"":1,""sps"":12000,""feed"":558.8,""mark"":1069948221}}",5.258851372602856,0.1936046528630186,0.1951117150914428,0.2042972727541067,5.258851372602856,0.1936046528630186,0.1951117150914428,0.2042972727541067,-0.99135224,0.037656279999999,-0.0084928800000007,-1.7242401599999888,-0.8836513199999917,1.0137101200000085,-31.882629880000028,36.58076271999996,-38.88262988000003,100.1,34.37463368,69.04552335999834,48.65624119999883,49.119633799998816,49.119633799998816,151.5294369199964,1458.1100743999853,-0.9975888000000004,-0.0632379199999996,0.0089871999999994,5.429228799999987,1.833508240000001,1.963672360000004,-3.847757840000037,16.520561760000007,-94.80663504000005,100.0,32.32847764,81.52723035999907,62.80642291999921,69.51856019999911,36.91675255999954,153.89970855999803,1601.9781458399991,-1.027829880000001,-0.008038119999999,0.0269736799999997,-5.096949520000002,-8.245628240000011,0.3280923999999977,-13.459520039999989,37.0,66.54047996000001,100.0,32.626249,96.03967927999742,2.297599759999938,1.8380797199999503,1.8380797199999503,5.054720279999864,1517.0673493999875,-0.9855785999999996,0.1091255600000015,-0.0058521600000003,2.9771180000000084,1.7548994399999986,4.005659920000006,-6.0,31.0,36.430669959999975,100.0,33.03752464,123.5445368800046,2.8466487600001056,2.8466487600001056,2.2773187200000846,6.831955880000254,1526.8225084400049,-1.0270301999999991,0.3540222000000066,0.0104870800000001,0.1845775999998207,2.0494215599999683,1.40204136000002,12.141025120000071,7.150838359999843,6.7145670000001445,100.0,40.417724160000006,59.26458471999299,70.98926319999164,50.34442679999406,38.39215255999547,141.7509311999833,1467.8569020799844,-1.0105388400000002,-0.0017600799999995,0.0185190799999994,0.675355320000015,1.7607552399999795,4.94806008,10.747387360000062,-15.252612639999938,26.38572047999995,100.00665568,33.72747384,71.71728931998696,36.06583815999376,32.55500459999437,38.68572639999332,104.36751507998196,1299.1507287999857,912,X1.6807 Y1.3267
16:37:05.309,5,916,1.75318,1.37239,-0.125,92.09184,51.74395,-29.1675,,558.8,0,0,,2,1,"{""sr"":{""mpox"":92.09184,""mpoy"":51.74395,""mpoz"":-29.1675,""mpoa"":0,""posx"":1.75318,""posy"":1.37239,""posz"":-0.125,""posa"":0,""unit"":0,""stat"":5,""coor"":2,""momo"":1,""dist"":0,""home"":1,""mots"":1,""plan"":0,""line"":916,""path"":2,""frmo"":2,""prbe"":1,""safe"":0,""estp"":0,""spc"":1,""hold"":0,""macs"":5,""cycs"":1,""sps"":12000,""feed"":558.8,""mark"":1069948221}}",5.153863415657406,0.2016811007396256,0.2042228592761301,0.2149480036185895,5.153863415657406,0.2016811007396256,0.2042228592761301,0.2149480036185895,-0.98899214,0.0463349399999999,-0.01649712,-1.799058339999999,-0.9828653399999971,0.950974999999999,-32.0,36.92420596,-38.95274241999998,100.1,34.38523662,85.16346743999965,57.97737663999971,58.52954247999971,58.52954247999971,180.4823228799991,1885.32974134,-1.00324924,-0.0758111999999998,0.0228221,5.503251800000002,1.8874846199999984,2.0366443,-3.0,16.0,-95.62877862,100.0,32.30877616,72.1601138199998,68.97657883999979,76.93541537999977,40.32476957999988,169.7885025599995,1669.606081779999,-0.9825211199999992,-0.0738877800000002,0.0021774999999998,-5.5571446,-8.162842119999999,0.3466557599999994,-14.0,37.0,67.56096237999999,100.0,32.62664774,117.24113127999934,2.804811719999984,2.243849519999987,2.243849519999987,6.731548379999961,1874.1744395599967,-0.98513532,0.0889371799999998,-0.0162980599999999,2.839687520000001,1.7171218999999984,3.9621716200000017,-6.598624139999995,31.0,38.0,100.0,33.0559861,87.21657954000116,2.0068780200000265,1.7235909800000322,1.6055021600000212,4.4151312600000585,1521.857385519997,-0.9141036600000016,0.265889899999999,-0.0411084200000003,3.2276079599999723,1.6320872599999956,0.9282198200000016,10.097291899999968,16.080904799999857,0.2199114999998598,100.0,40.42455416,113.25374951999828,137.0230544799979,97.17451373999852,74.10430501999886,273.34701189999583,2036.745439339991,-0.99705016,-0.01240454,-0.0213333799999994,0.3907541800000029,1.9613471399999896,4.851658600000003,10.0,-15.91959408,28.0,100.0,33.72,178.01836617999678,86.35784585999845,77.2675460399986,92.41804509999834,249.2257129799955,1586.116804519995,916,X1.7543 Y1.3733
16:37:05.566,5,920,1.81404,1.44379,-0.125,93.63771,53.55743,-29.1675,,558.8,0,0,,2,1,"{""sr"":{""mpox"":93.63771,""mpoy"":53.55743,""mpoz"":-29.1675,""mpoa"":0,""posx"":1.81404,""posy"":1.44379,""posz"":-0.125,""posa"":0,""unit"":0,""stat"":5,""coor"":2,""momo"":1,""dist"":0,""home"":1,""mots"":1,""plan"":0,""line"":920,""path"":2,""frmo"":2,""prbe"":1,""safe"":0,""estp"":0,""spc"":1,""hold"":0,""macs"":5,""cycs"":1,""sps"":12000,""feed"":558.8,""mark"":1069948221}}",5.311495875370691,0.2105953767059733,0.213342749564544,0.2111862715902361,5.311495875370691,0.2105953767059733,0.213342749564544,0.2111862715902361,-0.9977087200000004,0.04355872,0.0059088000000012,-1.740658040000019,-0.7901544399999952,0.9341978399999924,-32.0,36.42463959999999,-38.55857984000005,100.1,34.385754039999995,64.54519107999775,44.16249899999846,45.43641683999842,45.43641683999842,139.70636731999514,1369.6535043999825,-1.01669248,-0.0772596799999996,0.0243865600000013,5.122061879999985,1.9022807600000025,1.9809295599999996,-3.4359686400000413,16.45786459999999,-95.0,100.0,32.314578319999995,52.56683011999922,61.33194239999892,67.2841801999988,36.14939643999938,149.65599223999735,1803.3026358000143,-1.009003519999996,-0.0271247199999952,0.0424912400000015,-5.581621600000026,-7.878162479999966,0.5062007600000153,-14.0,36.0,66.63090187999991,100.0,32.619764239999995,88.19716411999663,2.081233879999918,1.6649867199999344,1.6649867199999344,4.994961159999803,2167.1456820000226,-0.988418480000002,0.121985119999997,-0.0160925600000001,2.925131720000005,1.81231608,3.9905521999999936,-5.6662243199999685,31.0,38.02616031999994,100.0,33.04667584,137.61380732000598,3.200321000000139,2.5602570000001115,2.5602570000001115,7.0407060000003066,1704.752608759994,-0.9921404400000056,0.2452323599999849,-0.0173820400000016,4.505630840000352,1.6111947600000749,1.2297676000000055,12.536333519999802,8.956786520000286,18.744976599999745,100.0,40.43967548,34.263783359990946,40.8939689599888,29.00133475999206,22.11612571999396,81.7879369999776,2150.7795935600434,-1.0047674400000008,0.0035970400000031,0.0004829200000007,0.4303745600000055,1.875125279999972,4.890763359999996,8.727243120000733,-13.090865160001098,23.56355708000197,100.0,33.72,24.906898079990945,14.728004519991607,13.200696479992471,15.87348487999094,42.7839801599756,1743.1228692000263,920,X1.8225 Y1.4571
16:37:05.824,5,923,1.85364,1.52923,-0.125,94.64356,55.72763,-29.1675,,558.8,0,0,,2,1,"{""sr"":{""mpox"":94.64356,""mpoy"":55.72763,""mpoz"":-29.1675,""mpoa"":0,""posx"":1.85364,""posy"":1.52923,""posz"":-0.125,""posa"":0,""unit"":0,""stat"":5,""coor"":2,""momo"":1,""dist"":0,""home"":1,""mots"":1,""plan"":0,""line"":923,""path"":2,""frmo"":2,""prbe"":1,""safe"":0,""estp"":0,""spc"":1,""hold"":0,""macs"":5,""cycs"":1,""sps"":12000,""feed"":558.8,""mark"":1069948221}}",5.176890004254547,0.1894645417752637,0.1939665750546327,0.2050160212744319,5.176890004254547,0.1894645417752637,0.1939665750546327,0.2050160212744319,-0.98822892,0.03310224,-0.0273816400000002,-1.6336915200000044,-0.9144365999999994,0.9287340400000011,-32.069585000000004,36.930415,-40.05348291999999,100.1,34.38930412,85.91469123999971,56.71492711999981,60.084130119999806,61.2071980399998,186.42926403999937,1851.4814549599976,-1.0204707600000005,-0.0888745999999999,0.0186552400000002,5.146931919999998,1.9116830800000009,2.014,-3.054522960000005,16.46687936,-95.0,100.0,32.33,52.94251763999991,74.26734539999987,79.48950623999986,44.35806359999992,178.2804035999997,2028.1078683599965,-0.97730376,-0.0383719199999999,0.0067663999999999,-4.825368560000005,-8.582616319999998,0.2382292800000016,-13.523650159999994,36.0,67.09618543999999,100.0,32.634748,119.65986223999955,2.862675759999989,2.290141359999992,2.290141359999992,6.870423079999974,2150.4928463199963,-1.0398376799999995,0.14073952,-0.0357368399999998,2.808,1.6037080000000017,4.039712639999999,-6.0,31.0,38.42463576000001,100.0,33.05342084,83.57004464000077,1.9167437600000177,1.533395080000014,1.533395080000014,4.216837200000039,1878.203467999996,-0.85537428,0.1569874799999995,-0.0642149999999994,2.537948919999982,1.6193442799999915,1.2472335199999989,14.167524759999974,18.59090755999985,16.64382928000004,100.0,40.42977572,135.28907347999865,144.5423215199986,102.507054959999,78.17084731999924,289.1070726399972,2792.1450094799857,-1.00456392,-0.0123189600000002,0.0705953199999996,0.2240042799999992,2.0611412,4.796961280000001,9.011507880000002,-15.807327959999991,25.807327959999988,100.0,33.72192708,191.8696333199977,95.26469747999892,85.57676211999903,102.54215747999883,276.12917371999686,1781.726193079997,923,X1.8541 Y1.5306
16:37:06.082,5,927,1.86638,1.62308,-0.125,94.9671,58.11153,-29.1675,,558.8,0,0,,2,1,"{""sr"":{""mpox"":94.9671,""mpoy"":58.11153,""mpoz"":-29.1675,""mpoa"":0,""posx"":1.86638,""posy"":1.62308,""posz"":-0.125,""posa"":0,""unit"":0,""stat"":5,""coor"":2,""momo"":1,""dist"":0,""home"":1,""mots"":1,""plan"":0,""line"":927,""path"":2,""frmo"":2,""prbe"":1,""safe"":0,""estp"":0,""spc"":1,""hold"":0,""macs"":5,""cycs"":1,""sps"":12000,""feed"":558.8,""mark"":1069948221}}",5.327761034136691,0.2035915466891396,0.203162083912764,0.2062337977589066,5.327761034136691,0.2035915466891396,0.203162083912764,0.2062337977589066,-0.98847588,0.03705436,-0.0072578000000007,-1.8595667200000203,-0.9609916800000076,0.9487833600000009,-32.0,37.0,-39.62443515999995,100.1,34.39161868,72.5998456799984,45.331482999998926,49.49457875999883,50.8822774399988,153.89570163999628,1562.524827199994,-1.0082724799999998,-0.0812439599999999,0.0336377199999991,5.347668160000006,1.7983334800000037,2.0356004800000016,-1.946081800000055,8.812709960000102,-49.37499508000054,100.0,32.31390888,47.19731835999941,70.79597667999913,73.2040037599991,42.38126519999948,166.15382391999793,1865.9267110400087,-1.03190664,-0.0560626000000003,0.0327544400000006,-5.495093000000002,-8.144792040000004,0.3520114800000034,-13.540569240000012,36.42590952000004,66.11465971999998,100.0,32.6276986,96.0210465199974,2.2971545199999377,1.8377230399999505,1.8377230399999505,5.053739079999864,1640.1627937999988,-0.9861706,0.1200856400000001,-0.0157877600000003,2.95039168,1.7817924799999971,3.981319680000001,-6.0,31.0,38.903340640000025,100.0,33.049033439999995,124.4275513200047,2.845225120000106,2.276180240000085,2.276180240000085,6.259495840000233,1957.5855203600136,-0.9305677200000048,0.2796253200000099,-0.0164340399999997,3.144028880000035,1.8150624799999937,1.1924939200000042,11.638314280000042,9.731382599999868,10.393930719999844,100.0,40.42828992,57.869768319993184,71.25215215999161,50.63604759999404,38.33872163999549,142.14261859998328,2554.176350359992,-1.0004287199999995,-0.0100916400000003,-0.0193135200000022,0.4713995599999711,1.9482744400000007,5.001828080000012,9.649333440000062,-15.025822999999994,25.67550939999988,100.0,33.72376448,77.96238391998675,38.981192319993376,34.75822919999409,41.90478119999288,113.0454566799808,1447.4622277200071,927,X1.8664 Y1.6288
16:37:06.339,5,931,1.84997,1.71508,-0.125,94.55044,60.44831,-29.1675,,558.8,0,0,,2,1,"{""sr"":{""mpox"":94.55044,""mpoy"":60.44831,""mpoz"":-29.1675,""mpoa"":0,""posx"":1.84997,""posy"":1.71508,""posz"":-0.125,""posa"":0,""unit"":0,""stat"":5,""coor"":2,""momo"":1,""dist"":0,""home"":1,""mots"":1,""plan"":0,""line"":931,""path"":2,""frmo"":2,""prbe"":1,""safe"":0,""estp"":0,""spc"":1,""hold"":0,""macs"":5,""cycs"":1,""sps"":12000,""feed"":558.8,""mark"":1069948221}}",5.162290077982342,0.1977002980476367,0.19952597329852,0.2086300848055392,5.162290077982342,0.1977002980476367,0.19952597329852,0.2086300848055392,-0.9872986000000002,0.0310572400000002,0.0086402599999997,-1.7913601999999982,-0.8726184999999999,1.0083139799999996,-32.0,37.0,-40.0,100.04866628,34.39486668,69.81397467999913,49.280452519999386,54.41383305999933,56.98052361999929,172.48158489999784,1899.661076199976,-1.00866482,-0.0892145799999998,0.046265899999999,5.223012759999998,1.905460019999996,2.056635780000001,-3.491780000000004,16.0,-94.6989441,100.0,32.31381444,60.10355460000046,76.42374411999945,78.45662443999944,46.24803233999966,178.25849501999875,2006.7196863399895,-0.9859966799999996,-0.0584571199999988,-0.0004371800000003,-5.617372819999981,-7.82576758000002,0.5030926399999915,-13.487181220000007,36.65820774000002,66.82923426000004,100.0,32.63512818,106.49529417999848,2.564094319999964,2.051275119999971,2.051275119999971,5.64100699999992,1818.8435935599837,-1.0022902000000005,0.116703320000003,-0.0100045600000002,2.8346628600000026,1.623992020000001,4.114449519999997,-6.0,31.0,37.854301159999984,100.0,33.04854302,102.95693600000266,2.372279820000061,1.897823720000049,1.897823720000049,5.219015320000135,1712.042025339989,-1.000798599999995,-0.0122071000000016,0.0200477799999974,1.5496301800000225,1.351442559999939,1.1481658599999915,13.230331780000022,-2.515271720000326,22.670721440000246,100.0,40.42076776,89.39115513999593,107.77480137999504,76.64579169999651,58.03181383999735,215.15568681999017,1948.6857335199988,-1.0017736399999997,-0.0054415600000006,0.0007813800000001,0.478250119999999,1.8753182199999945,4.939125059999999,10.0,-15.0,25.0,100.0,33.74,87.65893109999509,68.02500523999612,60.71653357999654,73.08471669999582,196.2043546799888,1632.2193641999834,931,X1.8477 Y1.7219
16:37:06.596,5,935,1.80503,1.79821,-0.125,93.40898,62.55982,-29.1675,,558.8,0,0,,2,1,"{""sr"":{""mpox"":93.40898,""mpoy"":62.55982,""mpoz"":-29.1675,""mpoa"":0,""posx"":1.80503,""posy"":1.79821,""posz"":-0.125,""posa"":0,""unit"":0,""stat"":5,""coor"":2,""momo"":1,""dist"":0,""home"":1,""mots"":1,""plan"":0,""line"":935,""path"":2,""frmo"":2,""prbe"":1,""safe"":0,""estp"":0,""spc"":1,""hold"":0,""macs"":5,""cycs"":1,""sps"":12000,""feed"":558.8,""mark"":1069948221}}",5.12359157546725,0.1922918799723691,0.2025209795325424,0.2091070036343894,5.12359157546725,0.1922918799723691,0.2025209795325424,0.2091070036343894,-0.9946123600000012,0.0344715999999998,0.002557800000001,-1.7516057200000237,-0.8669879200000464,0.9371744799999896,-32.492439919999974,36.67621471999992,-39.1551300800002,100.1,34.3949242,70.18330224000343,48.21820796000225,53.80136904000251,56.84672984000266,171.04774916000798,1933.8049581599785,-1.001400559999999,-0.0779171999999989,0.0466597199999967,5.350452079999957,2.0775825200000138,2.073064359999982,-3.0,16.25572848000007,-95.23985983999992,100.02557296,32.3099118,78.18378404000202,76.67054956000199,78.18378404000202,46.405858720001206,178.56167436000464,2193.164756400001,-0.9722384800000006,-0.0395889200000028,0.0112388800000022,-5.305139640000043,-8.133691639999967,0.2568615600000282,-13.229400080000062,37.0,66.77059991999994,100.0,32.62740048,105.70255336000554,2.553201640000134,2.042561200000107,2.042561200000107,5.617043720000295,2274.214922359998,-1.0225646399999997,0.1234569999999999,-0.0130785199999991,2.8174783599999977,1.714684679999991,4.19015240000002,-6.0,31.0,38.0,100.0,33.029068040000006,104.71919095999029,2.4039537199997736,1.9231631999998189,1.9231631999998189,5.288698079999502,2059.987530440032,-0.9814447200000002,0.308152480000027,-8.468000000249384e-05,1.2036647199997417,1.3575793199998345,1.120416440000026,8.0562377999992,5.198028839999071,0.1590512000013087,100.0,40.41359348,92.53481112001604,104.83712716001818,74.34877908001289,56.69762976000983,209.6742548800364,2644.4767657199877,-0.997447559999999,-0.0225338800000014,-0.0298099599999954,0.3290435199999383,1.855247519999992,4.895504960000016,9.45103967999988,-14.45103967999988,24.504581279999893,100.0,33.74,107.5961634000234,66.42416244001446,58.73872152001278,70.8158424400154,190.48912620004143,1493.852439319976,935,X1.8007 Y1.804
16:37:06.853,5,939,1.73698,1.86264,-0.125,91.68033,64.19618,-29.1675,,558.8,0,0,,2,1,"{""sr"":{""mpox"":91.68033,""mpoy"":64.19618,""mpoz"":-29.1675,""mpoa"":0,""posx"":1.73698,""posy"":1.86264,""posz"":-0.125,""posa"":0,""unit"":0,""stat"":5,""coor"":2,""momo"":1,""dist"":0,""home"":1,""mots"":1,""plan"":0,""line"":939,""path"":2,""frmo"":2,""prbe"":1,""safe"":0,""estp"":0,""spc"":1,""hold"":0,""macs"":5,""cycs"":1,""sps"":12000,""feed"":558.8,""mark"":1069948221}}",5.072770917992857,0.1880406734267789,0.2041850415548216,0.2090184223952572,5.072770917992857,0.1880406734267789,0.2041850415548216,0.2090184223952572,-0.9859691,0.0377872999999999,0.0087453999999995,-1.477002300000004,-0.7952520000000026,0.9595164,-32.0,37.0,-39.40598879999999,100.1,34.4,63.212056000000615,44.95079570000044,49.633170200000485,51.97435760000051,156.85954720000151,1890.0387142999991,-1.0172858,-0.0682246000000001,-0.0061065999999998,5.287814999999998,1.789903500000002,1.9823594,-3.836856099999984,16.518702599999997,-95.31815349999998,100.0,32.31,90.49202830000053,72.5208838000004,74.2829295000004,43.79805500000023,169.2616428000009,1975.3028490999989,-1.0045279,0.0134727999999987,0.0154583000000001,-5.268061299999994,-8.0494208,0.4242838999999995,-13.176708400000017,37.28507009999999,67.06834640000005,100.0,32.650081300000004,95.30308950000108,2.308892600000026,1.8471141000000209,1.8471141000000209,5.0795641000000575,1882.6543480000043,-0.9950852,0.1437688000000004,-0.0155126000000001,2.9685869999999976,1.6109738000000062,3.9659520000000055,-6.0,31.23933489999999,37.80343639999998,100.0,33.0276067,122.40995559999806,2.8205057999999554,2.2564049999999645,2.2564049999999645,6.769214599999893,1965.9470716000028,-0.8975031999999943,0.4241053999999921,-0.0569339000000017,1.8922397000000228,0.422000400000012,1.2889783999999982,11.644704399999949,-8.713632500000045,15.116640000000226,100.0,40.4086742,61.859237700002936,73.92882000000347,52.71160270000249,39.91021360000188,147.59248840000694,2672.994991200012,-1.0038983999999995,-0.0067897000000001,-0.0174041000000004,0.4494867999999842,1.775206300000004,4.920140000000003,9.729981999999977,-14.729981999999977,24.54003600000005,100.0,33.7406881,68.17065590000463,40.59213670000274,35.91718120000242,43.032849400002895,116.08493070000785,1447.4502835999965,939,X1.7287 Y1.8684
16:37:07.111,5,943,1.65168,1.90368,-0.125,89.51381,65.23871,-29.1675,,558.8,0,0,,2,1,"{""sr"":{""mpox"":89.51381,""mpoy"":65.23871,""mpoz"":-29.1675,""mpoa"":0,""posx"":1.65168,""posy"":1.90368,""posz"":-0.125,""posa"":0,""unit"":0,""stat"":5,""coor"":2,""momo"":1,""dist"":0,""home"":1,""mots"":1,""plan"":0,""line"":943,""path"":2,""frmo"":2,""prbe"":1,""safe"":0,""estp"":0,""spc"":1,""hold"":0,""macs"":5,""cycs"":1,""sps"":12000,""feed"":558.8,""mark"":1069948221}}",5.27989386605077,0.1940294246172915,0.1994603392857958,0.2088661165241506,5.27989386605077,0.1940294246172915,0.1994603392857958,0.2088661165241506,-0.9827482399999994,0.0426259400000012,-0.0057018400000005,-1.7196978199999866,-0.7766424399999883,0.9394894400000028,-31.941541600000072,37.0,-38.56140161999983,100.1,34.40444456,82.74263716000497,54.38199240000285,58.884569100003,60.60957190000301,183.9338586200093,1521.2748298199838,-1.0118028799999994,-0.0702002599999974,0.0040040200000021,5.386307100000043,1.6945825199999835,2.083867519999996,-3.076388059999904,16.076388059999903,-95.0,100.0,32.31,105.29423486000324,78.56981016000242,81.77674090000251,47.56947666000146,184.93302136000568,1668.524318299968,-0.9915401199999958,-0.0602657799999948,0.0154102400000035,-5.058067419999996,-8.24,0.3675805799999804,-13.0,38.0,67.0,100.0,32.62,117.52483082000664,2.82511638000016,2.260093020000128,2.260093020000128,6.215255120000351,1898.4640323999315,-1.0221198400000016,0.141463900000005,-0.0126984599999994,2.7888490800000003,1.8511771999999955,4.036971880000009,-7.0,30.388952619999944,37.38895261999995,100.0,33.03519176,85.18058297998802,1.9447620999997264,1.9447620999997264,1.555809479999781,4.667429299999343,1607.2575719999709,-0.9997529000000064,0.1297332800000009,-0.0128794800000026,3.0753963800001705,0.6590228799998525,1.10399831999995,7.815617120000167,0.7178929399998126,-0.9464157799995252,100.0,40.38,117.06365584001789,142.35518602002173,101.16612186001544,76.59720704001171,283.26514204004326,1874.1837606798792,-0.9941681599999972,-0.0141760400000045,-0.0175652600000062,0.4956887999999903,1.9910057600000517,4.941388579999988,9.12604647999984,-15.084427060000015,25.21047353999986,100.0,33.742104940000004,122.37656976002192,92.37457188001652,82.1107304800147,98.69078184001766,264.4912948600474,1281.5126987199817,943,X1.6371 Y1.908
16:37:07.368,5,947,1.55843,1.91772,-0.125,87.14513,65.59545,-29.1675,,558.8,0,0,,2,1,"{""sr"":{""mpox"":87.14513,""mpoy"":65.59545,""mpoz"":-29.1675,""mpoa"":0,""posx"":1.55843,""posy"":1.91772,""posz"":-0.125,""posa"":0,""unit"":0,""stat"":5,""coor"":2,""momo"":1,""dist"":0,""home"":1,""mots"":1,""plan"":0,""line"":947,""path"":2,""frmo"":2,""prbe"":1,""safe"":0,""estp"":0,""spc"":1,""hold"":0,""macs"":5,""cycs"":1,""sps"":12000,""feed"":558.8,""mark"":1069948221}}",5.142059296813692,0.1961109036116056,0.2015124022110558,0.2007532722426009,5.142059296813692,0.1961109036116056,0.2015124022110558,0.2007532722426009,-0.994539,0.035521,0.035982,-1.846876,-0.960704,0.951375,-31.579913,37.0,-39.840173,100.1,34.415799,63.433069,42.428742,44.949261,45.369348,138.208476,1725.074467,-1.013815,-0.067062,0.032793,5.19363,1.81974,2.00837,-3.546148,16.546148,-95.0,100.045385,32.33,89.408838,63.539276,67.623944,37.669714,152.494262,1914.009141,-1.045854,-0.07606,0.024446,-5.341946,-8.104385,0.476743,-13.0,38.184537,68.0,100.0,32.64,83.58492,2.038657,1.630925,1.630925,4.485044,1955.757037,-1.000995,0.128825,-0.004869,2.786785,1.648,4.107569,-7.0,31.0,37.0,100.0,33.026956,142.833726,3.913253,3.261044,2.608835,7.826506,1859.416889,-0.889112,0.219861,-0.051804,3.228537,1.127454,1.282,7.0,-6.504654,-1.869182,100.0,40.381869,30.841508,36.635973,25.981634,19.626414,73.085028,2019.328046,-1.010765,-0.01,0.000639,0.531511,2.205532,4.944,10.0,-15.0,26.0,100.0,33.74,19.209765,10.990662,9.748239,11.659659,31.347279,1703.944024,947,X1.5345 Y1.9169
16:37:07.625,5,950,1.46569,1.90413,-0.125,84.78977,65.25014,-29.1675,,558.8,0,0,,2,1,"{""sr"":{""mpox"":84.78977,""mpoy"":65.25014,""mpoz"":-29.1675,""mpoa"":0,""posx"":1.46569,""posy"":1.90413,""posz"":-0.125,""posa"":0,""unit"":0,""stat"":5,""coor"":2,""momo"":1,""dist"":0,""home"":1,""mots"":1,""plan"":0,""line"":950,""path"":2,""frmo"":2,""prbe"":1,""safe"":0,""estp"":0,""spc"":1,""hold"":0,""macs"":5,""cycs"":1,""sps"":12000,""feed"":558.8,""mark"":1069948221}}",5.154417538388607,0.1979730573906353,0.2023883661366167,0.2039297939095627,5.154417538388607,0.1979730573906353,0.2023883661366167,0.2039297939095627,-0.9857672400000002,0.0411380400000004,-0.0033847800000018,-1.6562895800000026,-0.9323582600000035,0.9838541199999988,-32.0,36.0,-37.71793450000007,100.1,34.42080878,83.9830667599984,57.842642139998894,58.95500011999887,59.51117989999887,181.87061391999652,1653.9417980400078,-1.01052584,-0.0763394000000002,0.0453584000000011,5.3957606600000005,1.8308906199999944,2.054229520000006,-4.0,16.467741099999962,-94.99910309999996,100.0,32.31467754,105.59140465999896,71.54300965999909,78.04659589999908,41.91397885999948,174.03225829999786,1932.7793992599925,-0.98394446,-0.0231921200000011,0.003976840000001,-5.428809700000016,-8.21087599999999,0.4028741000000059,-12.624318620000016,37.50991635999996,66.49008364000004,100.0,32.6345269,115.2391784399975,2.835585519999937,2.2684680999999496,2.2684680999999496,6.238288599999862,1950.454354359989,-0.9895269399999987,0.0933780399999997,-0.0034256200000005,2.955482879999993,1.5585782400000057,4.102475519999997,-6.9518224999999765,31.38954160000002,37.56228089999996,100.0,33.04658616,84.92004176000461,2.337249020000127,1.9477074200001057,1.5581656800000845,4.674498040000254,1727.487799619997,-0.9232480999999956,0.3806755800000043,-0.0363282800000024,1.862202199999884,1.5792783999999371,1.175326620000002,7.356957660000081,-3.727353420000076,5.385055860000533,100.0,40.38,117.76395127999312,141.5739584999917,100.40193965999411,75.84319205999556,281.7032842599835,2398.41679851997,-1.0078558800000006,-0.0049015600000008,-0.000475319999997,0.5974890400000122,1.821535739999998,5.027793099999991,10.0,-16.0,26.41756310000011,100.07778098,33.73777784,111.85681251999236,89.39430069999376,79.91308493999442,94.94623935999338,256.3280295599821,1462.9522184400064,950,X1.4567 Y1.9016
16:37:07.883,5,954,1.37995,1.86518,-0.125,82.6118,64.26092,-29.1675,,558.8,0,0,,2,1,"{""sr"":{""mpox"":82.6118,""mpoy"":64.26092,""mpoz"":-29.1675,""mpoa"":0,""posx"":1.37995,""posy"":1.86518,""posz"":-0.125,""posa"":0,""unit"":0,""stat"":5,""coor"":2,""momo"":1,""dist"":0,""home"":1,""mots"":1,""plan"":0,""line"":954,""path"":2,""frmo"":2,""prbe"":1,""safe"":0,""estp"":0,""spc"":1,""hold"":0,""macs"":5,""cycs"":1,""sps"":12000,""feed"":558.8,""mark"":1069948221}}",5.34962058084636,0.1997038943918314,0.1920875997901499,0.1991232081479471,5.34962058084636,0.1997038943918314,0.1920875997901499,0.1991232081479471,-0.9909249999999996,0.035316599999999,0.0198332000000006,-1.6872061999999974,-0.8718816999999949,0.9302032999999992,-32.0,36.17437439999997,-38.11960600000005,100.1,34.4282564,75.62421829999816,49.17726899999904,49.17726899999904,49.47125009999906,152.04098309999705,1966.5008108000063,-0.9979278,-0.0872395000000001,0.0399157999999994,5.375468500000001,1.661330600000007,1.9236174000000004,-2.9720919000001085,14.67855260000044,-81.64544690000243,100.0,32.3296339,92.00190729999905,62.13741409999934,69.84437989999925,36.126403799999615,152.6942657999984,2186.5142258000096,-0.9571948,-0.0031365999999992,0.0493128,-5.341182199999986,-7.994539100000006,0.4894608999999933,-13.414567300000034,37.41456730000003,67.07345400000001,100.0,32.6307347,95.89747189999784,2.3163639999999472,1.8530909999999576,1.8530909999999576,5.096000999999885,2289.66516979999,-0.9881890999999984,0.1321936000000023,0.0017245999999999,2.923674800000001,1.8463692000000047,4.101639399999998,-6.459340000000037,31.436967099999983,36.97762779999994,100.0,33.0533327,121.36305890000374,3.378194700000106,2.8151625000000884,2.252129900000071,6.756389400000212,1879.1869355999936,-0.9900746000000076,0.3780460000000098,-0.027005499999999,2.889246399999872,1.3439261000000364,1.293691700000005,8.783562800000242,14.079891600000105,-9.61513150000071,100.0,40.3943209,59.81918139999435,73.73936859999303,52.294755799995066,39.87945439999624,147.1025150999861,2645.7167666000278,-0.9999956000000008,-0.0099812999999997,-0.0124791999999991,0.5664276999999979,1.8872178999999756,4.868663099999994,10.0,-15.972346900000003,27.027653099999995,100.0,33.74,79.45388489998928,38.19242519999485,34.1003797999954,40.57945179999452,109.46221899998524,1686.4015779000174,954,X1.361 Y1.8523
16:37:08.140,5,957,1.30802,1.80345,-0.125,80.78473,62.69293,-29.1675,,558.8,0,0,,2,1,"{""sr"":{""mpox"":80.78473,""mpoy"":62.69293,""mpoz"":-29.1675,""mpoa"":0,""posx"":1.30802,""posy"":1.80345,""posz"":-0.125,""posa"":0,""unit"":0,""stat"":5,""coor"":2,""momo"":1,""dist"":0,""home"":1,""mots"":1,""plan"":0,""line"":957,""path"":2,""frmo"":2,""prbe"":1,""safe"":0,""estp"":0,""spc"":1,""hold"":0,""macs"":5,""cycs"":1,""sps"":12000,""feed"":558.8,""mark"":1069948221}}",5.0413429787442015,0.195721114592218,0.198009401520926,0.2099625280892191,5.0413429787442015,0.195721114592218,0.198009401520926,0.2099625280892191,-0.99811136,0.04154536,-0.01999432,-1.6025082400000004,-0.8677638799999999,0.9592571999999993,-32.490608800000004,36.23637768,-38.27301408,100.1,34.42509392,79.97444783999973,53.99548671999981,52.97670431999982,53.48609551999981,164.53341815999943,1680.119636439999,-1.01252184,-0.0775883999999999,-0.00418704,5.433633119999998,1.801734479999998,2.03270624,-3.6933384000000062,16.0,-94.01307144,100.0,32.32386688,91.1353274399999,63.823498679999865,72.43460555999985,36.77723231999992,157.33272991999965,1724.126380080001,-1.0331137599999998,0.0163168799999999,0.01127584,-5.579930679999994,-8.118184080000002,0.3785095999999985,-13.179296920000004,37.329798,66.17929692,100.0,32.64981776,106.40093359999958,2.545476599999989,2.036381679999992,2.036381679999992,5.600049119999977,1926.3239607600008,-1.0135168,0.1034476,-0.00605172,2.9779741600000005,1.7830258399999994,3.9656610000000008,-6.3664404799999925,31.48065732,38.51934268,100.0,33.04808428,105.74465176000076,2.403287480000017,2.403287480000017,1.922630160000014,5.767889920000042,1725.5192530800005,-1.0408324800000006,0.3478836399999974,-0.0209326799999984,2.385822400000002,1.1689114400000018,1.221400720000001,10.904550439999964,2.5885009999999893,11.95518939999996,100.0,40.42,88.58271427999881,105.4210516799986,74.76288851999901,57.01342607999925,210.38654011999725,2041.723060160003,-1.00170652,-0.0146714399999998,-0.0026791599999995,0.5926150399999983,1.6899958400000037,5.061917999999997,10.0,-15.546153599999991,26.54615359999999,100.0,33.74495776,73.34176507999898,60.62302839999899,54.61534079999909,64.99225575999891,175.35716631999705,1539.604167959998,957,X1.3012 Y1.7959
16:37:08.397,5,961,1.25581,1.72544,-0.125,79.45877,60.7115,-29.1675,,558.8,0,0,,2,1,"{""sr"":{""mpox"":79.45877,""mpoy"":60.7115,""mpoz"":-29.1675,""mpoa"":0,""posx"":1.25581,""posy"":1.72544,""posz"":-0.125,""posa"":0,""unit"":0,""stat"":5,""coor"":2,""momo"":1,""dist"":0,""home"":1,""mots"":1,""plan"":0,""line"":961,""path"":2,""frmo"":2,""prbe"":1,""safe"":0,""estp"":0,""spc"":1,""hold"":0,""macs"":5,""cycs"":1,""sps"":12000,""feed"":558.8,""mark"":1069948221}}",5.214530950132657,0.1974063675457876,0.2011327969375997,0.2111802834169265,5.214530950132657,0.1974063675457876,0.2011327969375997,0.2111802834169265,-0.98586032,0.0423583200000001,-0.0073551400000005,-1.7025020199999985,-1.0585615800000028,0.9544510199999956,-32.33707802000005,36.0,-38.14939549999994,100.1,34.41,84.89244006000219,54.43376896000136,53.40671658000134,53.92024248000135,165.86893680000415,2388.2124314999846,-1.01628896,-0.0811044600000012,-0.0083206200000002,4.980191019999976,1.7875849800000063,1.8927476200000009,-3.264803640000036,16.506128780000008,-94.96426393999992,100.0,32.31529598,79.96835064000112,63.26610024000088,72.37641898000102,36.44127396000051,155.88767114000217,2017.324505479972,-1.0058102800000015,0.0035283000000016,0.0241789400000003,-5.252060899999992,-8.22267551999999,0.3212326600000038,-14.0,37.0,69.0,100.0,32.63,108.00897096000304,2.571642300000072,2.0573138400000577,2.0573138400000577,6.171941520000173,2183.747745079972,-0.9739416599999976,0.1037468799999971,-0.0198992399999999,2.736393859999999,1.7045484800000048,4.028,-6.525225940000024,31.0,38.0,100.0,33.05799088,103.77452745999464,2.3738682999998786,2.3738682999998786,1.899094239999903,5.49638157999968,1639.544171679957,-0.9213012000000036,0.2749269799999912,-0.0480972200000016,1.904660599999815,1.979286879999947,1.254434340000003,9.30825770000024,15.177932860000285,9.063214120000405,100.0,40.42230586,88.79201624000801,107.42737760000968,76.73384106000692,58.09847970000525,214.85475520001935,2249.722738439928,-1.0044724000000005,-0.0059038400000012,0.0321246799999975,0.2716029399999828,1.9502331399999573,4.845100419999995,6.213076720000718,-9.375519540001084,16.71940302000193,100.05654008,33.75,137.95841366001562,63.32517384000717,57.10573660000647,67.84840020000769,183.1906803200208,2058.9939124199504,961,X1.2449 Y1.7005
16:37:08.655,5,964,1.22683,1.63554,-0.125,78.72264,58.42785,-29.1675,,558.8,0,0,,2,1,"{""sr"":{""mpox"":78.72264,""mpoy"":58.42785,""mpoz"":-29.1675,""mpoa"":0,""posx"":1.22683,""posy"":1.63554,""posz"":-0.125,""posa"":0,""unit"":0,""stat"":5,""coor"":2,""momo"":1,""dist"":0,""home"":1,""mots"":1,""plan"":0,""line"":964,""path"":2,""frmo"":2,""prbe"":1,""safe"":0,""estp"":0,""spc"":1,""hold"":0,""macs"":5,""cycs"":1,""sps"":12000,""feed"":558.8,""mark"":1069948221}}",5.264428488503562,0.2145818100636969,0.2139789872835924,0.214572504620845,5.264428488503562,0.2145818100636969,0.2139789872835924,0.214572504620845,-0.9932507399999996,0.0433478199999996,-0.0278943799999985,-1.6865559599999944,-0.9039923599999948,0.977,-32.10968568000002,37.0,-37.89031431999998,100.1,34.41425722,73.4060145000011,49.24707310000074,48.782477820000736,48.782477820000736,150.99338382000226,1821.5172824000117,-1.01381328,-0.0621553600000005,0.0176649799999998,5.500103879999988,1.778061460000005,2.086331620000001,-3.522176999999996,16.522176999999996,-95.38077131999997,100.0522175,32.3304439,40.21567480000171,60.54211672000049,68.66510802000056,35.217497300000275,149.27579064000122,1677.0073657599924,-0.9910026799999988,-0.0040999600000021,-0.0115839799999992,-5.205662960000007,-8.215822399999997,0.3275270600000015,-13.456431320000007,36.0,67.0,100.0,32.62456442,96.01264436000189,2.2821580800000425,1.825726760000034,1.825726760000034,5.477179280000102,1893.176125159988,-1.0336093000000013,0.1421116800000012,-0.0085355399999996,2.874181419999997,1.7165745600000044,4.042351439999996,-5.745112920000016,31.254887079999985,38.49022510000003,100.0,33.040849200000004,124.81088067999694,2.8758269599999298,2.8758269599999298,2.300661219999944,6.326818659999845,1429.675078099994,-0.8383234600000021,0.4392170600000027,-0.0560331599999984,3.2668330800000778,1.8825602799999723,1.0057105000000035,12.279835439999983,13.96560507999958,13.06172714000018,100.0,40.41139934,56.81842478000452,68.65925230000553,48.69202032000392,37.13204474000299,137.31850386001105,1939.775091799989,-1.0055750799999996,-0.0067469600000009,-0.0241560199999998,0.558731419999993,1.8340747999999896,4.980965720000005,9.302999000000035,-15.931470820000005,27.69700099999996,100.1,33.74234468,72.07411648000884,34.23888780000416,30.90589828000376,36.73140876000445,99.52073198001204,1476.212139999995,964,X1.224 Y1.6192
16:37:09.233,5,967,1.22264,1.54131,-0.125,78.61615,56.03446,-29.1675,,558.8,0,0,,2,1,"{""sr"":{""mpox"":78.61615,""mpoy"":56.03446,""mpoz"":-29.1675,""mpoa"":0,""posx"":1.22264,""posy"":1.54131,""posz"":-0.125,""posa"":0,""unit"":0,""stat"":5,""coor"":2,""momo"":1,""dist"":0,""home"":1,""mots"":1,""plan"":0,""line"":967,""path"":2,""frmo"":2,""prbe"":1,""safe"":0,""estp"":0,""spc"":1,""hold"":0,""macs"":5,""cycs"":1,""sps"":12000,""feed"":558.8,""mark"":1069948221}}",5.191833437196459,0.1993152024077814,0.2082619730206235,0.2075201354453889,5.191833437196459,0.1993152024077814,0.2082619730206235,0.2075201354453889,-0.9892154,0.0445388000000001,-0.0460871999999997,-1.6578560000000002,-0.8796029999999976,0.9835139000000016,-32.0,36.70606160000001,-38.5330906,100.1,34.4217298,79.96355629999933,54.37521809999955,57.04066979999953,58.10685099999952,176.98600369999852,2161.211562099993,-1.0000184999999997,-0.0658068999999992,0.0186479999999986,5.324272200000002,1.7406822999999998,2.0607277999999982,-3.480617500000003,17.0,-95.0,100.0383019,32.31,24.35882409999977,71.94753349999966,77.00499439999962,42.86210659999981,172.84412799999916,2012.0663088,-0.9619936,-0.0978467000000012,0.0298632999999997,-5.405814599999986,-7.934995000000005,0.5469835999999921,-12.94963529999998,36.0,66.75487389999998,100.0,32.6336316,112.41240729999896,2.6804960999999743,2.1443966999999797,2.1443966999999797,6.433189699999938,2229.9333525000047,-1.0132013000000015,0.1674970999999999,-0.0184084999999997,2.8638214999999976,1.6542997000000006,3.967,-5.10327530000001,31.457553599999983,39.457553599999976,100.0,33.0289671,97.05679590000194,2.195855200000044,1.7566841000000353,1.7566841000000353,4.830881500000097,2037.990563600006,-0.9100005000000022,0.1070333000000006,-0.0514443999999979,2.2922621000000385,1.4584456999999826,1.1819837999999985,11.60730939999994,11.68401099999989,3.0336248000002377,100.0,40.3994327,104.06144409999712,122.19780669999656,86.66068949999755,66.08656889999814,244.3388749999931,2373.093538000021,-1.0031451999999994,-0.0104282999999999,-0.0001691999999996,0.5602129999999923,1.9544166000000045,4.996551099999999,9.972298599999997,-14.658923599999977,25.63122219999997,100.1,33.75,105.99364419999657,77.7807027999973,69.87361779999756,83.71101629999708,226.0939469999921,1906.0866224000104,967,X1.2231 Y1.5348
16:37:09.238,5,971,1.24351,1.44971,-0.125,79.14623,53.70794,-29.1675,,558.8,0,0,,2,1,"{""sr"":{""mpox"":79.14623,""mpoy"":53.70794,""mpoz"":-29.1675,""mpoa"":0,""posx"":1.24351,""posy"":1.44971,""posz"":-0.125,""posa"":0,""unit"":0,""stat"":5,""coor"":2,""momo"":1,""dist"":0,""home"":1,""mots"":1,""plan"":0,""line"":971,""path"":2,""frmo"":2,""prbe"":1,""safe"":0,""estp"":0,""spc"":1,""hold"":0,""macs"":5,""cycs"":1,""sps"":12000,""feed"":558.8,""mark"":1069948221}}",5.423501297654126,0.2120388830550197,0.2103754623004691,0.2058072503221545,5.423501297654126,0.2120388830550197,0.2103754623004691,0.2058072503221545,-0.9887072000000002,0.0450113999999997,-0.0452086000000005,-1.6591169999999993,-0.8709210000000049,0.9889421999999968,-32.0,36.748052799999975,-38.517424800000015,100.1,34.422306400000004,77.61368240000134,52.77730380000091,55.36442640000096,56.399276000000974,171.78494960000296,2138.372662800013,-0.9988990000000006,-0.0631072000000015,0.0139710000000026,5.3309475999999965,1.7401174000000004,2.054052400000004,-3.489878999999995,17.0,-95.0,100.0328302,32.31,23.541366800000464,70.76035000000067,75.67974020000075,42.19356980000038,169.90565900000166,2011.2641624000005,-0.9616888000000002,-0.1023205999999974,0.0288784000000005,-5.359235800000026,-7.953645999999989,0.5195348000000156,-12.872336400000044,36.0,66.67316520000004,100.0,32.6322678,108.72651840000208,2.589384800000052,2.0715076000000416,2.0715076000000416,6.214522600000124,2246.7921849999907,-1.0194793999999965,0.1671638000000002,-0.0174180000000005,2.855847000000004,1.6563995999999988,3.967,-5.13770039999998,31.39218880000004,39.39218880000004,100.0,33.0286228,103.89446519999612,2.350553599999912,1.8804427999999296,1.8804427999999296,5.171217999999807,2059.150350799988,-0.9174789999999958,0.1092663999999987,-0.044273200000004,2.4285797999999224,1.3971806000000349,1.1767214000000028,11.39694620000012,11.292815000000225,3.870432399999524,100.0,40.3992436,93.95073580000576,110.03655460000692,78.03612800000491,59.50956520000374,219.99745800001384,2448.691582999957,-1.001214600000001,-0.0103034,0.0009823999999993,0.5332730000000153,1.969228799999992,4.993734800000001,9.963064800000003,-14.577982800000044,25.54104760000005,100.1,33.75,93.83289060000692,68.23891840000543,61.30312340000487,73.44076440000585,198.35894300001576,1942.23113819998,971,X1.2532 Y1.4262
16:37:09.427,5,974,1.28822,1.36672,-0.125,80.282,51.59988,-29.1675,,558.8,0,0,,2,1,"{""sr"":{""mpox"":80.282,""mpoy"":51.59988,""mpoz"":-29.1675,""mpoa"":0,""posx"":1.28822,""posy"":1.36672,""posz"":-0.125,""posa"":0,""unit"":0,""stat"":5,""coor"":2,""momo"":1,""dist"":0,""home"":1,""mots"":1,""plan"":0,""line"":974,""path"":2,""frmo"":2,""prbe"":1,""safe"":0,""estp"":0,""spc"":1,""hold"":0,""macs"":5,""cycs"":1,""sps"":12000,""feed"":558.8,""mark"":1069948221}}",5.322539435486397,0.2050025271140486,0.2091723711706753,0.2108042918813508,5.322539435486397,0.2050025271140486,0.2091723711706753,0.2108042918813508,-0.9931727199999998,0.03995612,-0.0058537200000004,-1.82229742,-0.8730747800000018,0.9853303599999984,-32.44706507999999,36.654399520000005,-39.24193325999998,100.1,34.43,72.14594985999965,54.52251161999974,58.92837183999972,60.580568739999705,182.84317163999916,1862.9859351799976,-0.99690382,-0.0686036000000002,0.0098969400000002,5.619973539999998,1.8322913000000007,2.0289799600000014,-3.0,16.0,-94.5515133,100.00818586,32.3116371,29.98752983999999,76.00298163999979,79.63353497999978,45.69148635999988,180.1142223799995,1855.7494047399975,-1.0007207800000004,-0.0477402799999998,-4.60999999996524e-05,-5.530088699999999,-8.092941140000002,0.4091802400000007,-7.847810459999956,19.693186419999897,38.53117257999977,100.0,32.63926344,117.79081657999936,2.802789819999985,2.2422318199999878,2.2422318199999878,6.726694459999962,2050.9693721999997,-1.00223388,0.1289648200000007,-0.0254977200000001,2.9017360399999994,1.7738275200000004,4.035655040000001,-6.0,31.0,39.46334690000001,100.0,33.02,87.73161468000114,2.003004940000026,1.6024038800000209,1.6024038800000209,4.406610760000057,1779.529861379998,-0.9521168000000017,0.0695532600000002,-0.0580128999999984,2.740334559999989,1.4810839399999811,1.0626606800000011,14.50248498000001,-5.51013287999989,22.56440739999968,100.0,40.38,113.03478985999828,136.79214903999792,97.02064863999853,73.96103555999888,272.85254403999585,1734.1246261199976,-0.99512528,-0.0092347399999998,-0.0231603199999997,0.4133973599999992,1.8604246799999984,4.88190758,10.0,-15.0,26.0,100.02588184,33.75,183.59302941999667,91.09115015999836,81.24085215999854,97.94089609999824,264.20015545999524,1542.3681153600005,974,X1.2977 Y1.3538
16:37:09.684,5,977,1.35319,1.2983,-0.125,81.93222,49.86206,-29.1675,,558.8,0,0,,2,1,"{""sr"":{""mpox"":81.93222,""mpoy"":49.86206,""mpoz"":-29.1675,""mpoa"":0,""posx"":1.35319,""posy"":1.2983,""posz"":-0.125,""posa"":0,""unit"":0,""stat"":5,""coor"":2,""momo"":1,""dist"":0,""home"":1,""mots"":1,""plan"":0,""line"":977,""path"":2,""frmo"":2,""prbe"":1,""safe"":0,""estp"":0,""spc"":1,""hold"":0,""macs"":5,""cycs"":1,""sps"":12000,""feed"":558.8,""mark"":1069948221}}",5.194685755734577,0.1831248267657059,0.1927781553500762,0.2018931984787375,5.194685755734577,0.1831248267657059,0.1927781553500762,0.2018931984787375,-0.9922773200000008,0.0450549600000012,-0.0180138400000017,-1.7771931200000024,-0.9820939999999848,0.9625457199999988,-31.185344639999908,37.18534463999991,-39.629310400000186,100.1,34.42472508,70.9447773199956,45.65013735999767,50.37544499999742,52.45091255999724,158.66848875999145,1430.1131965200243,-1.0080671999999993,-0.0712351999999996,0.0129008799999996,5.192117079999981,1.8447078800000096,1.9639776799999973,-3.0,17.0,-94.51692828000002,100.0,32.30483084,40.09496575999883,72.46078215999789,74.39306907999783,43.47646923999873,169.07515759999504,1712.919146080034,-1.0024832400000054,-0.027899200000001,0.0086625200000006,-5.212470759999967,-8.26833176000001,0.3738197599999674,-13.531915920000028,36.0,66.53191592000003,100.0,32.63535576,98.765763439994,2.340420719999857,1.8723366399998864,1.8723366399998864,5.617010279999659,1409.6421046000128,-1.0017739599999993,0.1286531999999973,-0.0175585200000005,2.835193720000016,1.817424879999996,4.075479680000007,-5.889177600000055,31.0,39.555007319999895,100.0,33.00777472,121.28020752001096,2.779075040000245,2.223259960000196,2.1124375600002514,6.113965160000539,1613.6862035600038,-0.9666832399999892,0.2385306399999906,-0.0376835200000065,2.9674915600002607,1.856562599999979,1.2914184799999815,13.510966280000687,1.2865841600013392,4.895110599998702,100.0,40.35615216,63.49223555998349,75.4210801199804,53.87219979998599,40.78895119998939,151.22696123996067,1705.523672720062,-0.9982442000000002,-0.0227301199999987,-0.0115128399999987,0.6324159200000379,1.796537399999922,4.977760360000011,10.0,-15.0,25.38508619999985,100.1,33.75385076,57.405769199979154,43.2315050399843,38.624869399985975,46.42071431998316,125.0878791199546,1363.4959347600488,977,X1.3582 Y1.2941
16:37:09.942,5,981,1.43412,1.24942,-0.125,83.98773,48.62059,-29.1675,,558.8,0,0,,2,1,"{""sr"":{""mpox"":83.98773,""mpoy"":48.62059,""mpoz"":-29.1675,""mpoa"":0,""posx"":1.43412,""posy"":1.24942,""posz"":-0.125,""posa"":0,""unit"":0,""stat"":5,""coor"":2,""momo"":1,""dist"":0,""home"":1,""mots"":1,""plan"":0,""line"":981,""path"":2,""frmo"":2,""prbe"":1,""safe"":0,""estp"":0,""spc"":1,""hold"":0,""macs"":5,""cycs"":1,""sps"":12000,""feed"":558.8,""mark"":1069948221}}",5.40845250014806,0.2048113235096328,0.2060324237429709,0.2061198068693181,5.40845250014806,0.2048113235096328,0.2060324237429709,0.2061198068693181,-0.98809584,0.0389303999999993,-0.0061770399999988,-1.6868193600000192,-0.8130974000000062,0.9329948800000016,-32.0,37.0,-39.43552131999997,100.1,34.42782224,72.02005703999895,47.34185579999931,53.385497239999225,56.40731743999918,170.73286343999752,1965.4194847600204,-1.0102573599999998,-0.0658322,0.0099119200000001,5.388362279999998,1.7223171200000014,1.9797538400000017,-3.2826667999999755,16.218313600000023,-94.5009804,100.05009804,32.31500976,45.81898356000017,77.3693701599994,78.3713319599994,46.30855487999965,178.7858230399986,1728.5964499999998,-1.026006280000001,-0.0221179199999976,0.0049622799999998,-5.576258280000013,-7.979342559999989,0.4801678400000084,-14.0,36.0,66.69355516000003,100.0,32.6280368,105.58509423999828,2.5139307599999587,2.011144799999967,2.011144799999967,5.5306474399999095,1858.693134800008,-1.0047737999999986,0.1102276399999991,-0.0044690399999987,2.909274360000002,1.7907256399999982,4.099637959999997,-5.660232520000029,30.834629439999983,38.165370560000014,100.0,33.0216536,107.38503692000305,2.47430972000007,1.979447280000056,1.979447280000056,5.443480880000155,1508.7486424400004,-0.945185679999998,0.2615849600000018,-0.02825948,2.382006359999949,2.0983764399999654,1.0162610399999918,10.577478680000038,-3.198561159999551,-2.2733854800002984,100.0,40.354225,85.65333855999526,99.81964551999444,71.12769207999604,54.309768679996985,199.7291259199889,2112.421240159996,-1.0047265600000006,-0.0114697199999991,0.0092428400000011,0.3217169600000015,1.7709583999999907,4.969863519999997,9.530329760000042,-15.954325119999996,25.515345119999964,100.09543232,33.75469664,108.6534520399925,63.38748959999548,56.172652879996,68.02559819999514,182.94763159998692,1716.8272173999728,981,X1.4579 Y1.24
16:37:10.199,5,984,1.52447,1.224,-0.125,86.28265,47.97484,-29.1675,,558.8,0,0,,2,1,"{""sr"":{""mpox"":86.28265,""mpoy"":47.97484,""mpoz"":-29.1675,""mpoa"":0,""posx"":1.52447,""posy"":1.224,""posz"":-0.125,""posa"":0,""unit"":0,""stat"":5,""coor"":2,""momo"":1,""dist"":0,""home"":1,""mots"":1,""plan"":0,""line"":984,""path"":2,""frmo"":2,""prbe"":1,""safe"":0,""estp"":0,""spc"":1,""hold"":0,""macs"":5,""cycs"":1,""sps"":12000,""feed"":558.8,""mark"":1069948221}}",5.176862424740262,0.1902952688715522,0.1967099094846603,0.2038636672786673,5.176862424740262,0.1902952688715522,0.1967099094846603,0.2038636672786673,-0.992222960000001,0.0273015200000012,-0.0062720800000024,-1.7348115999999685,-0.8764462600000043,0.9596913999999908,-31.35812687999993,37.0,-40.28374686000015,100.1,34.43839184,75.26655825999609,48.26042797999812,54.48758031999788,58.63901471999772,176.9549031799931,1670.8035817600592,-1.0106373799999997,-0.0755717199999995,0.0161077799999979,5.39395353999999,1.7922354600000152,2.0311343199999965,-3.0,16.511924879999988,-95.07370563999989,100.0,32.31792824,67.06219825999842,80.37225285999811,80.8841777399981,48.12096673999887,184.80498865999564,1508.7843500400274,-1.0227072800000023,-0.0246060399999966,0.0276802599999997,-5.16059819999999,-8.207726859999964,0.2979511800000137,-13.224605460000078,36.77539453999992,67.97079730000013,100.0,32.62253828,109.01153587999504,2.607931659999881,2.086345279999905,2.086345279999905,5.7374494599997385,1838.3066369400208,-1.0114538999999976,0.1567307599999943,-0.0156825800000004,2.853805699999995,1.6197323799999974,3.995044820000024,-6.0,31.0,38.24908734000009,100.0,33.020347560000005,101.48442858000888,2.3169962000002027,1.853596560000162,1.853596560000162,5.097391420000446,1433.4410671800188,-0.9174289799999912,0.2673480400000201,-0.0134620800000042,6.225324479999872,1.9211730999999288,1.2165706000000194,11.456717119999944,-6.967130439999663,5.740049140001137,100.0,40.3469087,99.8402469399858,111.31613737998416,79.18364395998873,60.82221939999135,223.2060689599682,2084.7538573800985,-1.008629300000002,-0.0029649799999981,0.021352080000005,0.427,1.865191959999972,4.887220439999989,10.0,-15.0,27.284482320000134,100.1,33.75655226,93.99446651998328,73.17290799998698,64.84428421998845,78.52702309998602,211.1900992199624,1459.4778847799864,984,X1.5411 Y1.2217
16:37:10.457,5,987,1.61912,1.22313,-0.125,88.68672,47.95276,-29.1675,,558.8,0,0,,2,1,"{""sr"":{""mpox"":88.68672,""mpoy"":47.95276,""mpoz"":-29.1675,""mpoa"":0,""posx"":1.61912,""posy"":1.22313,""posz"":-0.125,""posa"":0,""unit"":0,""stat"":5,""coor"":2,""momo"":1,""dist"":0,""home"":1,""mots"":1,""plan"":0,""line"":987,""path"":2,""frmo"":2,""prbe"":1,""safe"":0,""estp"":0,""spc"":1,""hold"":0,""macs"":5,""cycs"":1,""sps"":12000,""feed"":558.8,""mark"":1069948221}}",5.245852852534644,0.2011041350575525,0.2060951006126523,0.211062091246233,5.245852852534644,0.2011041350575525,0.2060951006126523,0.211062091246233,-0.9931889600000008,0.0353873000000015,0.0049565399999964,-1.7428791600000415,-0.9608518000000564,0.9436065399999926,-31.54743308000012,36.90789457999991,-38.63677776000005,100.1,34.44,69.20986584000516,42.34550976000316,47.80944702000357,51.45207108000384,155.2668701200116,2009.2400894200032,-1.0035821399999991,-0.06716312,0.057773919999999,5.338072640000043,2.047376599999984,2.045964179999999,-3.355159739999904,16.644840260000095,-95.0,100.0475999,32.331688080000006,80.31585230000279,74.7320514800031,75.20805194000313,45.22003110000188,172.31211902000717,2002.0493202400055,-1.004201759999993,-0.0361104800000009,0.0041234799999987,-5.278070959999969,-8.05355890000002,0.4907831400000157,-14.0,37.0,67.0,100.0,32.63550982,93.51946658000831,2.2449185600001966,1.7959347800001573,1.7959347800001573,4.938820340000433,2246.356172820001,-1.0057198400000007,0.1349512600000005,-0.001744200000002,2.861205840000013,1.7002175999999916,4.133423440000004,-6.856026719999862,31.0,37.0,100.0,33.017282480000006,126.78929309998604,2.921412599999678,2.3371300799997425,2.3371300799997425,6.427107159999292,2027.327381099993,-0.8795210799999762,0.4779544599999823,-0.0311801000000085,4.091728960000108,1.5849693399999338,1.2928574399999735,9.072615879999542,6.035302580000209,-7.675168759999533,100.0,40.36,54.696660400022445,62.41854200002562,44.40081834001823,34.10497628001399,125.33735216005154,2552.6718374600505,-1.00399248,-0.0119510799999991,-0.0055950400000015,0.516611120000022,1.858508340000037,4.939597680000001,10.0,-15.80156791999981,25.927832840000026,100.09278344,33.7619844,50.56588034003331,33.283757000020934,29.495362080018555,35.37638676002232,95.37734172006012,1478.0066343000788,987,X1.6264 Y1.2239
16:37:10.714,5,991,1.71001,1.24689,-0.125,90.99526,48.55637,-29.1675,,558.8,0,0,,2,1,"{""sr"":{""mpox"":90.99526,""mpoy"":48.55637,""mpoz"":-29.1675,""mpoa"":0,""posx"":1.71001,""posy"":1.24689,""posz"":-0.125,""posa"":0,""unit"":0,""stat"":5,""coor"":2,""momo"":1,""dist"":0,""home"":1,""mots"":1,""plan"":0,""line"":991,""path"":2,""frmo"":2,""prbe"":1,""safe"":0,""estp"":0,""spc"":1,""hold"":0,""macs"":5,""cycs"":1,""sps"":12000,""feed"":558.8,""mark"":1069948221}}",5.12265856330975,0.1997615601755556,0.1913349008235758,0.2015622309077383,5.12265856330975,0.1997615601755556,0.1913349008235758,0.2015622309077383,-0.9966283199999996,0.0327736400000006,0.0109449199999976,-1.6767590400000327,-0.8383468000000165,1.0055000800000036,-31.0,37.0,-39.56656819999999,100.1,34.44966216,82.52408711999814,52.69087559999851,59.48969819999832,63.489464199998245,192.1005259599946,1877.60673804,-1.0049125600000002,-0.0774920800000003,0.0480846399999985,5.368340559999997,1.8716329999999808,2.0113405599999963,-3.043596960000056,16.579751360000046,-95.0,100.00435968,32.33,102.94168051999829,83.64011555999859,84.71242443999857,50.39853095999916,193.0156501199968,2262.66003536003,-1.0397375200000003,-0.0009896399999984,0.0381255199999994,-5.275481279999988,-8.20640096,0.4442047999999901,-13.0,38.0,66.71794880000017,100.0,32.63528744,118.66253267999616,2.880158439999907,2.3041269999999257,2.3041269999999257,6.336348479999795,2368.6380533200354,-1.055177359999998,0.1751277999999962,-0.0045109600000003,2.8948092800000063,1.7510695199999995,4.104747439999996,-6.947819679999933,31.0,37.2665619599999,100.0,33.00733404,80.49029132000678,1.8546148400001563,1.4836922400001251,1.4836922400001251,4.451075720000375,2394.324181159984,-0.8925439999999983,0.5630693199999592,0.0601977599999921,2.2103061200003378,1.4639687199999791,1.1262103599999955,7.517790719999942,1.588955439999712,-2.793051199999094,100.0,40.38,126.50862291998932,147.84742643998752,105.16981939999113,80.02051471999324,296.4569535599749,2990.373881240125,-1.010129919999999,-0.0050792000000007,0.0130693599999961,0.5366671199999768,1.7317150799999852,4.969951959999992,9.927933279999907,-15.0,25.91391468000001,100.00860844,33.74913888,155.74185911998472,101.86359419999,90.07772359999116,108.59837695998934,291.2793690399714,1365.693083280043,991,X1.7348 Y1.2582
16:37:10.971,5,994,1.79194,1.29405,-0.125,93.07632,49.75423,-29.1675,,558.8,0,0,,2,1,"{""sr"":{""mpox"":93.07632,""mpoy"":49.75423,""mpoz"":-29.1675,""mpoa"":0,""posx"":1.79194,""posy"":1.29405,""posz"":-0.125,""posa"":0,""unit"":0,""stat"":5,""coor"":2,""momo"":1,""dist"":0,""home"":1,""mots"":1,""plan"":0,""line"":994,""path"":2,""frmo"":2,""prbe"":1,""safe"":0,""estp"":0,""spc"":1,""hold"":0,""macs"":5,""cycs"":1,""sps"":12000,""feed"":558.8,""mark"":1069948221}}",5.1889734254793245,0.1931809873057532,0.2075495350283293,0.2079034686161112,5.1889734254793245,0.1931809873057532,0.2075495350283293,0.2079034686161112,-0.99325354,0.0366312,-0.0247575799999999,-1.8925341399999995,-0.9834270199999996,0.9095907399999994,-31.0,37.0,-39.53554979999999,100.1,34.43429636,57.46418194000012,40.84844962000009,45.53940386000009,47.6874894400001,144.28165256000028,1686.1034472400015,-1.01099732,-0.08632282,0.0285548599999998,5.522455819999999,2.033953260000001,2.1013297799999995,-3.0,17.0,-94.45978894,100.0540216,32.32540196,93.3370989800001,69.88787722000008,71.26724304000008,42.30055712000005,162.7651872600002,1579.2400421200018,-0.9752351400000002,-0.0350126600000002,0.0210752399999998,-5.224809939999999,-8.11065868,0.4072809600000003,-13.0,38.0,67.44361400000001,100.0,32.61024432,85.51321216000021,2.095912000000005,1.6767299400000042,1.6767299400000042,4.191823940000011,1662.9111617400024,-0.9944825200000004,0.1184155799999995,0.0025271799999999,2.796319360000001,1.8882068,3.989130920000001,-7.0,30.020727720000004,36.63719758,100.0,33.01232904,139.5254732599996,3.206713799999993,3.1859860799999917,2.548789439999993,7.646367319999979,1621.754444040002,-1.03311622,0.1023682400000006,-0.0173242799999997,1.883543680000006,1.509675039999998,1.282,10.573622599999997,16.462848799999932,-0.6079670999999507,100.0,40.3801131,37.04239778000058,44.0018787200007,31.205413760000493,23.79693398000037,87.77925808000138,1709.1734098200052,-1.0005655399999998,-0.0106640600000001,-0.0281969199999998,0.391931099999999,2.1674914000000007,4.86421294,10.0,-15.99413524,26.686155919999987,100.1,33.75005862,22.36683624000069,17.626844560000542,15.55309802000048,18.663717800000576,50.21428854000155,1132.7524082800028,994,X1.8111 Y1.3092
16:37:11.241,5,997,1.86284,1.36278,-0.125,94.87719,51.49975,-29.1675,,558.8,0,0,,2,1,"{""sr"":{""mpox"":94.87719,""mpoy"":51.49975,""mpoz"":-29.1675,""mpoa"":0,""posx"":1.86284,""posy"":1.36278,""posz"":-0.125,""posa"":0,""unit"":0,""stat"":5,""coor"":2,""momo"":1,""dist"":0,""home"":1,""mots"":1,""plan"":0,""line"":997,""path"":2,""frmo"":2,""prbe"":1,""safe"":0,""estp"":0,""spc"":1,""hold"":0,""macs"":5,""cycs"":1,""sps"":12000,""feed"":558.8,""mark"":1069948221}}",5.261098786271158,0.1996300125637134,0.2149914008759471,0.214795929681959,5.261098786271158,0.1996300125637134,0.2149914008759471,0.214795929681959,-0.9890483999999992,0.0446651599999998,-0.0075555800000012,-1.6792917000000014,-0.9754702400000052,0.977,-32.0,37.0,-37.69515844000008,100.1,34.45266846,76.15327818000121,49.42398224000078,53.45859234000085,54.97157156000088,166.42769436000265,1740.5789489799963,-1.0139677999999996,-0.0697491399999995,0.0239749399999994,5.2553780400000045,1.869306039999996,2.100537359999997,-3.0,16.504640060000007,-94.50464006,100.07046794,32.34495374,103.67186180000124,74.26807772000075,77.00059902000075,44.70363886000044,174.77743520000172,1688.5307755999886,-1.0171450799999986,-0.0388996999999995,0.0140856599999992,-5.379162280000013,-8.240823720000002,0.4040676200000025,-12.31878090000003,38.31878090000003,68.31878090000002,100.0,32.62375958,104.20260104000194,2.533751740000046,2.027001500000037,2.027001500000037,5.067503400000093,1694.0213340599837,-1.0000401600000013,0.1191332399999985,-0.0037930599999997,2.773026479999993,1.654507299999995,4.008072739999999,-7.159993519999983,31.0,36.51332794000001,100.0,33.00866632,105.6079036399966,2.920034359999906,2.4333622999999216,1.9466892399999371,5.840068719999812,1413.2181263799978,-0.9163134999999936,0.3182723000000028,-0.0196052800000067,2.8026969999999456,1.7187913199999507,1.1195974199999976,11.26368665999992,16.38752747999984,-3.510684079999431,100.0,40.39,84.81294040000517,102.40892416000632,72.62673682000447,55.384418320003405,204.81784832001264,2321.1076230199665,-1.0027401399999996,0.0011408799999997,0.0070872599999979,0.4795332399999955,1.8690517400000075,4.944,5.14993059999954,-7.767091699999306,12.874826499998852,100.1,33.765149720000004,113.95973040000912,61.64054670000483,54.78690832000429,65.33096726000511,175.43198656001377,1514.9579816000066,997,X1.8774 Y1.3815
16:37:11.517,5,1000,1.91616,1.44873,-0.125,96.23171,53.68301,-29.1675,,558.8,0,0,,2,1,"{""sr"":{""mpox"":96.23171,""mpoy"":53.68301,""mpoz"":-29.1675,""mpoa"":0,""posx"":1.91616,""posy"":1.44873,""posz"":-0.125,""posa"":0,""unit"":0,""stat"":5,""coor"":2,""momo"":1,""dist"":0,""home"":1,""mots"":1,""plan"":0,""line"":1000,""path"":2,""frmo"":2,""prbe"":1,""safe"":0,""estp"":0,""spc"":1,""hold"":0,""macs"":5,""cycs"":1,""sps"":12000,""feed"":558.8,""mark"":1069948221}}",5.266261516827998,0.2011327969375997,0.1994142455644982,0.2025296322774754,5.266261516827998,0.2011327969375997,0.1994142455644982,0.2025296322774754,-0.9919696,0.0491723599999992,-0.0267673399999952,-1.9321690799999935,-0.9660619799999944,0.9338347399999938,-18.46192993999951,21.346606399999438,-21.92354247999942,100.1,34.46,84.86010815999799,58.83053011999836,61.73207879999836,62.30901389999834,189.81171913999495,1721.0252335800271,-1.01565532,-0.0638403200000021,-0.0099384599999966,5.044280419999998,1.9813733800000344,2.0528108200000017,-2.541780899999991,17.0,-94.53087301999994,100.0541781,32.351670840000004,111.60680411999824,76.39106475999878,81.26709095999871,45.50957069999928,182.58006373999712,1953.8352216400212,-0.9849009399999984,-0.032536000000006,0.0084191000000011,-5.189443040000007,-8.246056999999974,0.4291645600000104,-12.449202619999296,38.14166855999781,66.20750835999617,100.0,32.63976344,121.7751749999963,2.95570811999991,2.364566679999928,2.364566679999928,5.91141621999982,2109.823087280007,-1.0135105200000043,0.1127757000000059,-0.0156312599999998,2.808795700000004,1.6667816600000005,4.209408599999993,-8.0,31.0,36.352574100000034,100.0,33.02326526,76.88714834000656,2.115441680000177,1.762868560000148,1.4102944600001182,4.2308843600003545,2014.739245840016,-0.76106656,0.5163719200000085,0.0016966599999925,1.411145620000071,2.3131212199999323,0.9892179000000036,12.752164520000006,5.369350200000267,24.111424879999944,100.0,40.40983674,142.3490616199892,156.7439103199881,111.16022227999156,83.96995219999363,311.8883942999763,2111.3414845400475,-0.9957773000000016,-0.0101866399999983,-0.0270347799999956,0.427,1.9207227599999757,4.944,10.0,-15.09049809999999,25.19902602000007,100.1,33.78,140.85256415998765,101.62779975999108,90.93013585999202,107.86810329999057,289.72837503997454,1654.8318034200488,1000,X1.9248 Y1.468
16:37:11.793,5,1005,1.94663,1.545,-0.125,97.00562,56.12824,-29.1675,,558.8,0,0,,2,1,"{""sr"":{""mpox"":97.00562,""mpoy"":56.12824,""mpoz"":-29.1675,""mpoa"":0,""posx"":1.94663,""posy"":1.545,""posz"":-0.125,""posa"":0,""unit"":0,""stat"":5,""coor"":2,""momo"":1,""dist"":0,""home"":1,""mots"":1,""plan"":0,""line"":1005,""path"":2,""frmo"":2,""prbe"":1,""safe"":0,""estp"":0,""spc"":1,""hold"":0,""macs"":5,""cycs"":1,""sps"":12000,""feed"":558.8,""mark"":1069948221}}",5.407637130228468,0.2042197424625097,0.2022564530118868,0.2013645370288047,5.407637130228468,0.2042197424625097,0.2022564530118868,0.2013645370288047,-1.0012295,0.0403969999999976,-0.0039189999999994,-1.81146350000002,-0.9016005000000316,0.9012970000000012,-32.29008850000008,36.78248900000006,-39.27488900000005,100.1,34.457825,80.92586800000322,53.08046050000223,53.80557150000219,54.023082500002126,165.69502300000664,1833.7973589999733,-1.0133914999999996,-0.0862880000000011,0.0506515000000027,5.21453300000001,1.813766500000005,1.9693839999999967,-3.0,16.775552499999936,-95.0,100.022445,32.33,100.57939500000336,65.5738215000022,71.9832925000024,38.45682750000129,160.23678150000538,1781.1691449999764,-0.9813589999999986,-0.0503444999999966,0.0167999999999993,-5.4672295,-7.949270999999989,0.4565600000000053,-13.0,38.0,66.79904049999993,100.0,32.641135,102.43643550000608,2.4743100000001466,1.9794480000001171,1.9794480000001171,5.443482000000323,1985.1273124999648,-0.992947499999999,0.1028324999999993,-0.0052219999999986,2.7267679999999883,1.7196694999999855,3.937551000000009,-8.0,30.506575499999958,37.33416549999991,100.0,33.028276,109.59278349999012,3.039454499999724,2.5328789999997703,2.026302999999816,6.078909499999448,1720.262277999953,-0.9179505000000072,0.3772210000000197,-0.0485325,1.8394389999999432,2.136368500000105,1.121302000000039,10.9626310000004,19.2823289999999,7.410473999999706,100.0,40.415920500000006,81.79498700001467,97.25623450001744,69.32623900001242,52.36874200000939,194.51246900003488,2172.090469999984,-1.0087765000000013,-0.0068515,0.0075700000000073,0.4361210000000026,1.840851499999959,4.996132499999983,10.0,-15.452236499999872,26.54776350000013,100.1,33.7895015,103.06992300002368,55.767302000012805,49.79223350001144,59.25275800001361,158.83722500003648,1690.652340499976,1005,X1.9467 Y1.5456
16:37:12.050,5,1010,1.94357,1.63933,-0.125,96.92773,58.52431,-29.1675,,558.8,0,0,,2,1,"{""sr"":{""mpox"":96.92773,""mpoy"":58.52431,""mpoz"":-29.1675,""mpoa"":0,""posx"":1.94357,""posy"":1.63933,""posz"":-0.125,""posa"":0,""unit"":0,""stat"":5,""coor"":2,""momo"":1,""dist"":0,""home"":1,""mots"":1,""plan"":0,""line"":1010,""path"":2,""frmo"":2,""prbe"":1,""safe"":0,""estp"":0,""spc"":1,""hold"":0,""macs"":5,""cycs"":1,""sps"":12000,""feed"":558.8,""mark"":1069948221}}",5.368086410332048,0.2015110427918284,0.2027567862704768,0.2031632581883704,5.368086410332048,0.2015110427918284,0.2027567862704768,0.2031632581883704,-0.9900965600000003,0.0399401200000004,-0.0038556799999998,-1.7408274799999996,-0.8863489599999996,0.9583595599999982,-32.0,36.47823996,-37.89197059999997,100.1,34.45891976,77.47490588000088,50.693456600000566,49.736976400000565,50.21521664000056,154.47157116000173,1537.1161639600075,-0.9980295600000002,-0.0643817199999998,0.0307543600000007,5.571715199999999,1.7730873999999992,1.961925440000002,-3.0,16.290411519999985,-95.512653,100.05126528,32.3180308,98.5376328800006,62.28697948000044,70.17801244000046,35.77328952000025,153.32745036000105,1535.3599155999948,-1.0079328000000003,-0.0204954000000008,0.02179852,-5.232519599999999,-8.143597199999995,0.4336579200000041,-13.0,38.0,67.25859775999999,100.0,32.64304532,96.76966492000136,2.356170400000032,1.8849361200000252,1.8849361200000252,5.1835747200000695,1878.4231683199944,-1.0110372000000003,0.1078257600000001,-0.0113218800000002,2.892432440000004,1.7556269999999987,4.04147072,-7.779171840000012,31.0,37.22082815999999,100.0,33.01558336,117.95047951999771,3.2613033199999366,2.7177532799999478,2.174202239999958,6.522606999999874,1413.993213720007,-0.9332770400000016,0.3358568799999923,-0.0302395599999999,1.3925272000000473,0.5347898399999896,1.228553679999995,13.584113680000057,3.519931960000092,23.12382983999992,100.0,40.41292068,66.83180616000348,80.22120228000419,56.89156664000298,43.384935960002274,160.03311252000836,2006.9494770799856,-1.0034951599999995,-0.0081273599999999,-0.0084707599999998,0.3337293599999929,1.8884816800000035,5.005939000000011,9.389084880000029,-15.325262160000031,26.547092399999972,100.1,33.78,59.45390068000411,43.124622360003045,38.51942452000272,45.91204088000323,123.2761520800087,1264.9213237199947,1010,X1.9434 Y1.6407
16:37:12.307,5,1015,1.91473,1.72886,-0.125,96.19519,60.7983,-29.1675,,558.8,0,0,,2,1,"{""sr"":{""mpox"":96.19519,""mpoy"":60.7983,""mpoz"":-29.1675,""mpoa"":0,""posx"":1.91473,""posy"":1.72886,""posz"":-0.125,""posa"":0,""unit"":0,""stat"":5,""coor"":2,""momo"":1,""dist"":0,""home"":1,""mots"":1,""plan"":0,""line"":1015,""path"":2,""frmo"":2,""prbe"":1,""safe"":0,""estp"":0,""spc"":1,""hold"":0,""macs"":5,""cycs"":1,""sps"":12000,""feed"":558.8,""mark"":1069948221}}",5.329135307467372,0.2061786709698994,0.2061640311099492,0.2020495709013655,5.329135307467372,0.2061786709698994,0.2061640311099492,0.2020495709013655,-0.9875539599999998,0.0391122399999993,-0.0082449999999979,-1.7420601200000074,-0.9210182800000104,1.0047352599999992,-32.0,36.54531588000001,-38.268390880000105,100.1,34.45907688,82.97180696000197,58.2565041200013,56.167548420001225,56.71286452000124,174.59342974000378,2068.519297860017,-1.00464432,-0.086453320000001,0.0314058800000012,5.462518160000005,1.6884960800000033,2.0386495200000025,-3.0,16.475946919999995,-95.47594691999998,100.01199616,32.32595924,95.3776036400012,64.98254312000081,74.41549278000093,36.68369370000046,159.83609368000202,1934.238147140004,-0.9993549400000052,-0.0683089800000038,0.0170526199999997,-5.259664459999992,-8.26624894,0.3323516799999992,-13.0,37.68161023999997,68.10323274000002,100.0,32.63740004,114.1845701200028,2.758081460000068,2.206464700000054,2.206464700000054,6.067779120000148,1835.4113163599784,-1.016588180000001,0.1315093999999988,-0.0156109799999991,2.8542752200000043,1.7429893799999956,4.035746240000004,-6.413798919999977,31.0,37.270393240000026,100.0,33.027585900000005,89.81080719999498,2.4827945199998647,2.0689955999998872,1.6551956799999097,4.965588039999729,1693.339139699989,-1.0413966199999931,0.1950019400000054,0.0156294599999998,4.299401360000003,2.2772079400000447,1.2408816399999971,14.505543999999894,6.661046819999736,15.835349780000897,100.0,40.41325958,107.17816228000738,132.1189931000091,93.69663290000646,71.45210878000492,263.56390944001816,1798.1027549199575,-1.0005710399999996,-0.0005577599999998,0.0039181599999999,0.6433033600000179,1.674569120000013,4.887630080000001,10.0,-15.72437342000006,27.924091179999994,100.1,33.78,161.53524488001332,79.68106270000659,71.71295564000593,84.75167508000702,228.1775873600189,1992.8164289799304,1015,X1.9073 Y1.7448
16:37:12.565,5,1020,1.86577,1.80977,-0.125,94.95172,62.85343,-29.1675,,558.8,0,0,,2,1,"{""sr"":{""mpox"":94.95172,""mpoy"":62.85343,""mpoz"":-29.1675,""mpoa"":0,""posx"":1.86577,""posy"":1.80977,""posz"":-0.125,""posa"":0,""unit"":0,""stat"":5,""coor"":2,""momo"":1,""dist"":0,""home"":1,""mots"":1,""plan"":0,""line"":1020,""path"":2,""frmo"":2,""prbe"":1,""safe"":0,""estp"":0,""spc"":1,""hold"":0,""macs"":5,""cycs"":1,""sps"":12000,""feed"":558.8,""mark"":1069948221}}",5.358303769777,0.2095156699892406,0.2099294408072306,0.20980688822296,5.358303769777,0.2095156699892406,0.2099294408072306,0.20980688822296,-0.98294244,0.04462052,0.00329268,-1.7155654999999994,-0.7961265400000004,0.9408052,-32.025418820000006,37.0,-38.08419129999999,100.1,34.45025416,64.44035722000012,46.27596094000009,44.11353358000009,44.97850470000009,137.96291258000028,1724.8123929400003,-1.0036033000000002,-0.0833164799999998,0.02084868,5.439968000000001,1.79800556,2.0050271199999994,-3.9673442799999967,16.426448859999997,-96.0,100.0,32.30918172,78.76805848000011,55.58426038000006,64.30723946000008,31.21908374000004,136.41925084000016,1505.8945463,-1.00519934,-0.0024556799999998,0.02228642,-5.570592299999996,-7.903707400000003,0.6293645599999982,-13.964483479999997,37.96448348,67.58184614,100.0,32.63765254,87.6347675400002,2.090770360000005,1.6726165000000042,1.6726165000000042,4.599694640000012,1698.8847915199992,-1.01436424,0.1411252799999997,-0.0107116799999999,2.9634296199999994,1.7072519599999996,3.90774804,-6.323780179999998,31.0,37.96078664,100.0,33.003629520000004,137.59340241999962,3.822038699999989,3.185032239999991,2.548025779999993,7.644078339999979,1649.54118682,-1.0116410799999995,0.3579014199999998,0.0428471999999998,2.9890311599999966,2.3827258199999988,1.0313664400000009,2.548585940000049,-0.3692751400000175,0.5796100600000889,100.0,40.40826006,36.9381547800006,43.67136832000071,31.14501442000049,23.61818904000037,87.11992466000137,1678.1749494000023,-0.9974056800000002,-0.0087408199999999,0.0055168000000001,0.2068091800000012,2.1334748999999977,4.88700162,10.0,-15.086918979999998,27.91308102,100.00541194,33.7794588,29.563977120000978,15.514241040000504,13.96281710000046,16.501510600000547,44.56818388000143,1353.911941740002,1020,X1.8602 Y1.8172
16:37:12.822,5,1023,1.79748,1.87453,-0.125,93.2172,64.49832,-29.1675,,558.8,0,0,,2,1,"{""sr"":{""mpox"":93.2172,""mpoy"":64.49832,""mpoz"":-29.1675,""mpoa"":0,""posx"":1.79748,""posy"":1.87453,""posz"":-0.125,""posa"":0,""unit"":0,""stat"":5,""coor"":2,""momo"":1,""dist"":0,""home"":1,""mots"":1,""plan"":0,""line"":1023,""path"":2,""frmo"":2,""prbe"":1,""safe"":0,""estp"":0,""spc"":1,""hold"":0,""macs"":5,""cycs"":1,""sps"":12000,""feed"":558.8,""mark"":1069948221}}",5.1991915669861015,0.1990443653217512,0.2094691138539753,0.211960600811272,5.1991915669861015,0.1990443653217512,0.2094691138539753,0.211960600811272,-0.9867923199999998,0.034973320000001,-0.0126421199999965,-1.6107686400000103,-0.8696789999999994,0.9601561599999912,-32.567830239999985,36.432169760000015,-38.56783023999999,100.1,34.4556786,100.50590167999704,60.75780499999821,57.9186548799983,59.05431527999826,181.13775451999467,1837.1548907200065,-1.016258839999999,-0.0578567200000008,0.01189636,5.1464712000000015,1.780553800000021,1.9305743199999916,-3.5410515999999905,16.036444480000046,-95.04565871999992,100.00364448,32.32468172,86.92150303999753,64.92621707999886,75.24264571999873,36.25047115999936,159.6102833599972,1602.85350584001,-0.984220439999997,-0.0596053600000033,-0.0074809599999993,-5.18439672000001,-8.057354720000015,0.3438733599999888,-14.0,37.0,68.0,100.0,32.63454256,120.81075687999596,2.890985959999904,2.312788599999924,2.312788599999924,6.938365799999769,1777.2569732800123,-1.002572439999999,0.190192559999999,-0.021508119999999,3.0017241999999897,1.749086279999997,4.089,-6.027840240000035,30.398172800000065,37.65750776,100.0,33.01629704,81.47318960000689,1.8516635600001563,1.8516635600001563,1.4813310000001254,4.443992080000376,1619.359095559996,-1.038071200000006,0.1801082800000005,0.0265904800000013,1.0914291200000534,1.2355354800000595,1.2981965599999872,13.714799599999878,-0.0393742800006629,13.462326840000042,100.0,40.40509876000001,129.98207583998914,149.00265595998758,106.43046919999112,80.58306903999326,298.02045235997514,1726.6466992000148,-1.0056140800000004,-0.0263218399999985,-0.0250181199999954,0.2958140800000602,1.6616183999999776,4.96340360000001,10.0,-15.829853799999908,27.829853799999903,100.01627516,33.77,198.09591955998,92.09779459999088,82.8880148799918,98.79581607999025,266.2537511199737,1197.463036200058,1023,X1.7677 Y1.8954
16:37:13.080,5,1027,1.71526,1.92113,-0.125,91.12886,65.68193,-29.1675,,558.8,0,0,,2,1,"{""sr"":{""mpox"":91.12886,""mpoy"":65.68193,""mpoz"":-29.1675,""mpoa"":0,""posx"":1.71526,""posy"":1.92113,""posz"":-0.125,""posa"":0,""unit"":0,""stat"":5,""coor"":2,""momo"":1,""dist"":0,""home"":1,""mots"":1,""plan"":0,""line"":1027,""path"":2,""frmo"":2,""prbe"":1,""safe"":0,""estp"":0,""spc"":1,""hold"":0,""macs"":5,""cycs"":1,""sps"":12000,""feed"":558.8,""mark"":1069948221}}",5.178860641967837,0.1940090254807258,0.1898568702010792,0.2041962229200146,5.178860641967837,0.1940090254807258,0.1898568702010792,0.2041962229200146,-0.98982072,0.02874248,-0.0060552400000001,-1.7424701999999992,-0.9575964400000004,0.921094719999999,-32.0,36.54374984,-38.50197060000004,100.1,34.46,74.21774788000046,48.81873088000038,46.53748184000037,47.44998140000037,146.13809972000118,1435.9090595199982,-1.01178512,-0.0807509599999996,0.0387439599999998,5.368373399999994,1.8146660800000056,2.122707839999999,-3.0,16.0,-95.69467300000002,100.04767712,32.32414276,54.35151768000024,57.688891520000254,66.74747772000029,32.42020304000014,142.0767737200006,1301.6403690000004,-1.0297466399999995,0.0050701999999997,0.0319941600000001,-5.325206199999997,-8.0687908,0.3441910799999992,-13.449194959999987,36.54749368,66.54749368,100.0,32.629967,94.57378864000086,2.2625310800000205,1.8100245200000165,1.8100245200000165,5.4300738000000495,1387.520042320006,-0.9849254000000002,0.1108744799999991,-0.0040661599999998,2.78232824,1.7283124399999985,3.997273839999999,-6.0,31.0,38.834279039999984,100.0,33.024208480000006,126.91639359999849,2.895742439999965,2.8128819599999573,2.316594359999972,6.3706337199999234,1439.9969984799984,-1.0013271200000016,0.306375680000003,0.0078073200000009,1.728385880000018,1.809600520000012,1.2733649600000054,11.733726319999931,-1.086067639999991,-4.61731876000027,100.0,40.42042,56.46024912000243,66.26472372000285,47.33194556000204,35.837044240001546,132.5294472000057,1514.005011880005,-1.0098710399999995,-0.0034332400000001,0.0222463200000001,0.7315761999999918,1.9047412400000088,5.037952320000001,10.0,-15.292828000000018,26.60838112000004,100.0,33.77022728,61.49385900000385,32.50389672000204,29.28279028000183,34.84652044000218,94.58341196000592,1202.5711136799955,1027,X1.7093 Y1.9239
16:37:13.337,5,1033,1.62403,1.9452,-0.125,88.8114,66.29326,-29.1675,,558.8,0,0,,2,1,"{""sr"":{""mpox"":88.8114,""mpoy"":66.29326,""mpoz"":-29.1675,""mpoa"":0,""posx"":1.62403,""posy"":1.9452,""posz"":-0.125,""posa"":0,""unit"":0,""stat"":5,""coor"":2,""momo"":1,""dist"":0,""home"":1,""mots"":1,""plan"":0,""line"":1033,""path"":2,""frmo"":2,""prbe"":1,""safe"":0,""estp"":0,""spc"":1,""hold"":0,""macs"":5,""cycs"":1,""sps"":12000,""feed"":558.8,""mark"":1069948221}}",5.217634785299099,0.2042279513037925,0.2080118269615499,0.2094825707221558,5.217634785299099,0.2042279513037925,0.2080118269615499,0.2094825707221558,-0.9842584999999996,0.0334227400000003,-0.0050725199999984,-1.779622419999979,-1.058440399999997,0.9428971600000092,-32.0,37.0,-39.0,100.1,34.46220476,89.92776731999635,55.62006401999774,53.54080907999783,54.58043685999778,167.89981983999317,2218.275223199965,-1.0071761999999993,-0.0652109800000002,0.0257821400000016,5.254610160000058,2.1690190199999604,1.9829102400000007,-3.5096732799999883,16.0,-94.68249956000004,100.0336846,32.32827176,30.77964401999993,62.86264277999863,72.03676201999843,35.84995757999925,154.94949039999668,2167.235915279975,-0.9602120200000034,-0.0154509599999944,0.0012156399999996,-5.457181860000063,-8.052849759999969,0.40635902000001,-13.0,36.0,66.30867552000011,100.0,32.64,110.59723051999458,3.1328051999998534,2.088536259999902,2.088536259999902,6.265609779999706,2427.0502632200046,-1.0509108599999946,0.103636700000003,-0.0005875999999995,2.795303800000002,1.6451173399999788,4.040052959999997,-6.0,31.0,39.07591041999992,100.0,33.01405728,100.26369634000868,2.3102232600002,1.84817878000016,1.84817878000016,5.082491620000441,1974.5859623199904,-0.9434645800000008,0.1113482800000034,-0.0339841200000016,2.7894760999996877,1.569752179999998,1.090231119999997,9.495137240000316,-12.71573649999969,10.078575339998832,100.0,40.444265,92.76281835998682,112.4054813199841,79.71613225998874,60.79071969999141,224.30934171996836,2345.7845317999613,-1.007131919999999,-0.0188364400000028,0.0160819199999981,0.4892643400000487,1.9649690599999703,5.025323040000005,9.963759019999989,-15.405645560000105,26.963759019999987,100.04418884,33.77,117.7908151999792,66.60388901998823,60.065995179989386,71.95307497998728,194.4262411199656,2725.305695380009,1033,X1.5789 Y1.9492
16:37:13.594,5,1035,1.52994,1.94558,-0.125,86.42163,66.3031,-29.1675,,558.8,0,0,,2,1,"{""sr"":{""mpox"":86.42163,""mpoy"":66.3031,""mpoz"":-29.1675,""mpoa"":0,""posx"":1.52994,""posy"":1.94558,""posz"":-0.125,""posa"":0,""unit"":0,""stat"":5,""coor"":2,""momo"":1,""dist"":0,""home"":1,""mots"":1,""plan"":0,""line"":1035,""path"":2,""frmo"":2,""prbe"":1,""safe"":0,""estp"":0,""spc"":1,""hold"":0,""macs"":5,""cycs"":1,""sps"":12000,""feed"":558.8,""mark"":1069948221}}",5.31070414680555,0.1973955665016546,0.205267654131294,0.1964722926206458,5.31070414680555,0.1973955665016546,0.205267654131294,0.1964722926206458,-0.9862033199999998,0.0336154399999995,-0.0073007200000001,-1.8735540800000023,-0.9768856400000008,0.9827042400000048,-32.20041680000002,37.0,-38.89968635999993,100.1,34.46,76.64309967999877,53.09928691999923,52.59835067999924,52.89887011999921,163.10493799999762,1511.6206788400063,-1.00335056,-0.0735774399999999,0.0076676400000006,5.450531920000003,1.7380819199999968,1.9996240800000007,-4.0,16.497295720000004,-94.97404579999996,100.0,32.314973120000005,22.11897607999982,63.84340775999947,72.3893761199994,37.20009563999969,157.3463513999987,1790.6376149999994,-0.989015799999999,-0.0474413600000003,0.0166384400000004,-5.312548959999996,-8.226578040000003,0.3833961600000016,-13.714813279999971,35.79040984000002,67.20959015999998,100.0,32.62209612,106.09692663999816,3.031340679999948,2.0208939599999654,2.0208939599999654,6.062681879999896,1608.5740276399863,-1.0002880800000007,0.1292007200000011,-0.0042518400000001,2.8698552399999984,1.750908959999998,4.0470910400000015,-5.687029439999971,30.81998120000001,39.0,100.0,33.023129600000004,107.65175300000304,2.4649478000000697,1.971958440000056,1.971958440000056,5.422885440000153,1567.5843283199831,-0.975224680000002,0.1977958799999955,-0.039152959999999,2.836035159999993,1.1638655999999856,1.2683984,8.527946480000134,3.876952520000136,-7.15731224000047,100.0,40.4561072,82.72164935999542,100.70461675999444,71.41806991999606,54.46270075999699,201.4092329999889,2001.93520899996,-1.0065789599999997,-0.0194525200000003,0.0095751999999985,0.4203122400000183,1.9308317599999885,4.894049079999995,10.0,-15.0,26.91617312000008,100.0,33.77,97.30636539999308,59.0049237999958,53.31146619999621,64.18079435999543,172.8740749599877,1358.6202681199902,1035,X1.5132 Y1.9441
16:37:13.852,5,1041,1.43897,1.92328,-0.125,84.11101,65.73658,-29.1675,,558.8,0,0,,2,1,"{""sr"":{""mpox"":84.11101,""mpoy"":65.73658,""mpoz"":-29.1675,""mpoa"":0,""posx"":1.43897,""posy"":1.92328,""posz"":-0.125,""posa"":0,""unit"":0,""stat"":5,""coor"":2,""momo"":1,""dist"":0,""home"":1,""mots"":1,""plan"":0,""line"":1041,""path"":2,""frmo"":2,""prbe"":1,""safe"":0,""estp"":0,""spc"":1,""hold"":0,""macs"":5,""cycs"":1,""sps"":12000,""feed"":558.8,""mark"":1069948221}}",5.197678367287746,0.1808983764230939,0.1903763591809119,0.1996525459633822,5.197678367287746,0.1808983764230939,0.1903763591809119,0.1996525459633822,-0.9978388800000016,0.0354116800000004,0.0050423600000039,-1.7489330800000151,-0.8608674000000242,0.9604998400000082,-32.0,36.60560747999991,-39.471458999999975,100.1,34.47,70.71886371999616,49.03174563999734,50.446122999997264,50.446122999997264,155.58149971999157,1640.0651107999774,-1.0014600799999998,-0.0783965199999998,0.0348433199999987,5.194821239999991,1.891451720000017,2.014,-4.0,16.515774440000015,-95.0,100.0,32.30318276,14.526772399999562,64.36149255999831,70.52203867999795,37.903995279999016,156.6736899999956,1705.6769282399969,-0.9610961999999984,-0.0215178799999998,0.0115293599999976,-5.359402079999949,-8.050855920000014,0.3296125999999946,-13.0,35.0,67.0,100.0,32.62189504,100.0261653199936,2.806961479999825,2.1496196399999485,1.8713078799998837,5.613922959999651,1862.1481243599703,-1.0249645599999953,0.1167472000000003,-0.0065695600000015,2.890238840000009,1.747338879999981,3.900258200000013,-5.232812280000054,31.0,39.23281228000005,100.0,33.02,121.57546704001084,2.7884282000002485,2.230742560000199,1.6730569200001493,5.576856080000497,1587.8535175200184,-0.9820931199999978,0.2670846000000021,-0.0427132800000026,1.7494940000001695,2.6080879200000786,1.3803453600000062,8.775569439999801,-1.9187808800000403,2.6996147999996523,100.0,40.451275,63.86222239998334,75.7455107199806,53.90206435998616,41.10517147998944,151.2360075199611,1642.9554707999507,-1.0002005999999983,-0.001237799999999,0.0045204800000009,0.5409222000000725,1.7958203599999316,4.965138639999992,9.65345932000013,-15.0,25.63490803999973,100.0,33.77288352,68.31669975997359,40.25689827998496,36.44495011998638,43.72230607998366,117.9983697199559,1359.135317959987,1041,X1.4051 Y1.9075
16:37:14.109,5,1045,1.35616,1.87739,-0.125,82.00765,64.57095,-29.1675,,558.8,0,0,,2,1,"{""sr"":{""mpox"":82.00765,""mpoy"":64.57095,""mpoz"":-29.1675,""mpoa"":0,""posx"":1.35616,""posy"":1.87739,""posz"":-0.125,""posa"":0,""unit"":0,""stat"":5,""coor"":2,""momo"":1,""dist"":0,""home"":1,""mots"":1,""plan"":0,""line"":1045,""path"":2,""frmo"":2,""prbe"":1,""safe"":0,""estp"":0,""spc"":1,""hold"":0,""macs"":5,""cycs"":1,""sps"":12000,""feed"":558.8,""mark"":1069948221}}",5.115074649432101,0.2020824826546892,0.2074969893868686,0.2035824378123887,5.115074649432101,0.2020824826546892,0.2074969893868686,0.2035824378123887,-0.9953509799999998,0.0399481999999999,0.0355871199999997,-1.795764279999996,-0.8648726399999994,0.9764978000000007,-32.0,37.0,-40.0,100.1,34.4645763,76.06539789999978,54.92877879999976,58.029905679999736,59.03813365999973,180.05540813999917,1598.8277709599968,-1.00465474,-0.0654661800000002,-0.0168521599999995,5.468520640000001,1.7089343999999982,1.9484343400000024,-3.0,16.90184563999999,-95.63069332,100.03693034,32.30630672,19.17139041999994,74.02286997999977,78.81571787999975,44.20070665999987,177.33536513999945,1886.0096732199972,-1.0448675599999997,-0.0403576999999995,0.0069170999999994,-5.237066299999998,-8.36950594,0.2375201799999994,-13.0,35.56152286,66.77397866000003,100.0,32.62544718,119.60429871999932,3.3691351599999813,2.246090439999988,2.246090439999988,6.7382703199999625,1894.034733719998,-1.0388354599999998,0.1141808999999994,-0.0255489199999996,2.8452864199999977,1.759966060000001,3.935410519999999,-2.9996607599999736,17.99796555999984,23.397354999999795,100.0,33.02599964,87.61485282000116,2.0003392400000264,1.6002713200000211,1.200203580000016,4.000678480000053,1616.6830023199982,-0.9850156199999996,0.3139171600000009,-0.03395318,4.81422839999998,1.3689021399999954,1.3284775600000012,8.36743878000004,6.905723020000189,7.546490899999843,100.0,40.45146358,125.5033943199981,136.6592509999979,96.91650965999854,73.90755465999888,272.62126135999586,1842.9040914199968,-1.00473306,-0.0207573999999997,0.0480269400000003,0.3958511200000016,1.8211999199999969,4.846854040000002,9.755318419999986,-15.0,25.08191226,100.0,33.77,154.84031233999718,89.88291273999836,80.81908987999853,97.43609857999824,262.85087061999525,1319.54996314,1045,X1.3406 Y1.8665
16:37:14.367,5,1048,1.28692,1.81392,-0.125,80.2489,62.95881,-29.1675,,558.8,0,0,,2,1,"{""sr"":{""mpox"":80.2489,""mpoy"":62.95881,""mpoz"":-29.1675,""mpoa"":0,""posx"":1.28692,""posy"":1.81392,""posz"":-0.125,""posa"":0,""unit"":0,""stat"":5,""coor"":2,""momo"":1,""dist"":0,""home"":1,""mots"":1,""plan"":0,""line"":1048,""path"":2,""frmo"":2,""prbe"":1,""safe"":0,""estp"":0,""spc"":1,""hold"":0,""macs"":5,""cycs"":1,""sps"":12000,""feed"":558.8,""mark"":1069948221}}",5.327796749260868,0.2047578149759559,0.2042359343944617,0.2022111414343937,5.327796749260868,0.2047578149759559,0.2042359343944617,0.2022111414343937,-0.9974779600000024,0.0417395599999999,0.0143200400000007,-1.6000026199999429,-0.9853191399999812,0.8636316600000036,-32.0,37.0,-39.57424546000003,100.04257584,34.47,62.160220919995744,41.72398429999714,45.55577811999688,46.83304369999679,141.7763947199903,1778.5634523799852,-1.017055720000002,-0.0801752000000009,0.0118801400000021,5.418157620000027,1.7871190199999936,2.0477951999999946,-3.0,16.0,-95.45684682,100.0,32.3208628,16.29440708000083,67.12383159999789,69.4297858999976,40.19161865999865,157.11170395999474,2014.9288771600304,-0.9767409800000004,-0.009233159999997,-0.0177457000000045,-5.067467759999912,-8.107922000000094,0.4572678199999506,-13.011787139999887,35.98821286000011,67.0117871399999,100.0,32.6341349,88.86426819999309,2.079220059999721,1.6539467399998655,1.6539467399998655,4.961840199999596,2079.39650905999,-1.0273260800000006,0.14447696,-0.0213571599999995,2.911196740000028,1.8315986800000192,3.9664013199999806,-5.986919440000123,31.0,40.0,100.0,33.0198692,140.81806594001253,3.229772560000287,2.5838176600002294,1.9378637200001725,6.459544120000574,1663.2276429199796,-1.005087300000015,0.2594638399999501,-0.0295578799999927,3.0030883599994995,1.38473996000001,1.004549239999958,6.822307919999383,11.635687540000625,-0.5074541600005616,100.0,40.450161900000005,32.647818979981146,39.4998304799772,28.19797561998386,21.36215327998766,78.99966097995437,2017.6985120799995,-1.004046460000002,0.0017209600000011,0.0428694400000132,0.4420750200000241,1.8101615999999747,5.045389640000028,10.0,-15.887375420000152,26.11262457999985,100.0,33.77,25.29461353997704,13.72206891998162,12.25794729998358,14.753839879980063,39.94548201994633,1749.5431199200204,1048,X1.2832 Y1.809
16:37:14.624,5,1053,1.23698,1.73339,-0.125,78.98049,60.9133,-29.1675,,558.8,0,0,,2,1,"{""sr"":{""mpox"":78.98049,""mpoy"":60.9133,""mpoz"":-29.1675,""mpoa"":0,""posx"":1.23698,""posy"":1.73339,""posz"":-0.125,""posa"":0,""unit"":0,""stat"":5,""coor"":2,""momo"":1,""dist"":0,""home"":1,""mots"":1,""plan"":0,""line"":1053,""path"":2,""frmo"":2,""prbe"":1,""safe"":0,""estp"":0,""spc"":1,""hold"":0,""macs"":5,""cycs"":1,""sps"":12000,""feed"":558.8,""mark"":1069948221}}",5.040587298513088,0.2003889878221142,0.2017146837658263,0.2043501983917642,5.040587298513088,0.2003889878221142,0.2017146837658263,0.2043501983917642,-0.9921226,0.0461135199999999,0.0026742000000001,-1.6435910799999935,-0.9402270400000032,0.9887079199999996,-32.0,37.0,-40.19193307999999,100.04388016,34.47,85.30144404000056,53.31340240000035,59.48653332000039,62.8536954800004,190.2446667600012,2593.217899920006,-0.99528312,-0.0652162799999997,0.0318669199999996,5.302731879999997,1.7960652400000012,2.047803120000001,-3.5361983200000022,17.0,-95.53619832,100.0,32.31409388,17.89110191999962,81.0747864400003,82.68338064000031,48.902911360000175,188.4232711200007,3143.36868540002,-0.9622224399999996,-0.0474955600000003,0.0113833999999996,-5.116278640000002,-8.301286080000002,0.2758233599999986,-13.526385200000014,35.57446464,67.04807944,100.0,32.62,122.26483596000098,2.872324200000022,2.297858680000018,2.297858680000018,6.893576920000054,3068.2072256400083,-1.0022102000000002,0.1323470400000005,-0.0170501999999999,2.793636879999999,1.673806159999999,4.044850960000001,-5.617729200000007,31.0,39.38227079999999,100.0,33.01805356,83.33495791999843,1.911352479999964,1.5290816799999711,1.1468116399999786,3.822704079999928,3555.4050933600124,-0.7145991999999962,0.3268481599999963,-0.0664436800000003,4.089310400000004,1.6395739599999914,1.1974003599999972,13.364363760000051,9.134082000000022,20.74149384000018,100.0,40.45738492,119.09814612000226,144.7197906800028,102.626363200002,78.27900444000151,289.4621001600056,4385.883558880029,-1.0003747200000002,-0.0153371599999996,-0.0146045999999996,0.4739878399999954,1.7419747999999908,5.016098519999999,10.807427920000018,-15.0,27.01063368,100.0,33.762032479999995,186.66474344000423,99.32427916000228,88.81708192000205,107.38792592000247,289.0804969600066,1950.285919880009,1053,X1.2259 Y1.7096
16:37:14.882,5,1057,1.20703,1.64412,-0.125,78.21978,58.6458,-29.1675,,558.8,0,0,,2,1,"{""sr"":{""mpox"":78.21978,""mpoy"":58.6458,""mpoz"":-29.1675,""mpoa"":0,""posx"":1.20703,""posy"":1.64412,""posz"":-0.125,""posa"":0,""unit"":0,""stat"":5,""coor"":2,""momo"":1,""dist"":0,""home"":1,""mots"":1,""plan"":0,""line"":1057,""path"":2,""frmo"":2,""prbe"":1,""safe"":0,""estp"":0,""spc"":1,""hold"":0,""macs"":5,""cycs"":1,""sps"":12000,""feed"":558.8,""mark"":1069948221}}",5.321198913358585,0.2005859613904099,0.2170566477162274,0.2059782806701739,5.321198913358585,0.2005859613904099,0.2170566477162274,0.2059782806701739,-0.9882249199999998,0.0521259599999994,-0.0193394800000008,-1.641336239999987,-0.9911585999999674,1.012808279999983,-31.83820311999992,37.53753183999998,-40.6242650400001,100.0838202,34.47300672,64.72259052000285,42.84772288000195,48.559134680002295,52.42067528000255,158.32583540000758,1902.3299711999912,-1.0016420799999994,-0.085724079999999,0.0522173599999988,5.422760879999966,1.851442840000029,2.014,-3.3922120799999256,16.872059879999938,-95.0,100.0,32.30872068,33.58933016000084,75.33606856000188,75.81591636000189,45.58551920000114,173.22497340000433,1933.4178611600005,-1.0243168800000029,-0.0269801200000014,0.0081331999999961,-5.308315559999969,-7.86078432000004,0.5259647199999834,-13.885820479999945,36.0,67.73655879999978,100.0,32.61228368,97.15521656000526,2.302256240000125,1.8418052800001,1.8418052800001,5.525415400000299,2444.21347459998,-1.0262342399999995,0.0829880400000018,-0.0140088800000003,2.755356679999995,1.7869468399999888,4.031229880000011,-5.096891480000047,30.52839640000009,38.1937826800001,100.0,33.020968800000006,124.12571155999088,2.842475559999789,2.2739804799998318,1.7054856799998737,5.781842319999626,2060.1908038799725,-0.9697216000000068,0.308643999999965,0.0164145199999993,2.9259874399997514,1.811413039999946,1.2411299199999912,10.86198784000045,15.05062459999963,15.66279608000011,100.0,40.45,61.129450040014326,70.17226836001645,49.9163558000117,38.34154848000899,141.06796260003307,2662.89972471991,-1.0070147200000004,-0.0061298399999979,-0.0036597599999987,0.5416403200000178,2.034298679999986,4.848887359999989,10.0,-14.972997359999988,26.347119120000123,100.0,33.770269920000004,63.38311928002189,40.01459528001382,35.53296080001227,42.89564620001481,115.88226856004,1557.0336312399816,1057,X1.2062 Y1.6407
16:37:15.139,5,1061,1.20247,1.54979,-0.125,78.10393,56.24997,-29.1675,,558.8,0,0,,2,1,"{""sr"":{""mpox"":78.10393,""mpoy"":56.24997,""mpoz"":-29.1675,""mpoa"":0,""posx"":1.20247,""posy"":1.54979,""posz"":-0.125,""posa"":0,""unit"":0,""stat"":5,""coor"":2,""momo"":1,""dist"":0,""home"":1,""mots"":1,""plan"":0,""line"":1061,""path"":2,""frmo"":2,""prbe"":1,""safe"":0,""estp"":0,""spc"":1,""hold"":0,""macs"":5,""cycs"":1,""sps"":12000,""feed"":558.8,""mark"":1069948221}}",5.124652980935377,0.2001045556451875,0.2036180987131027,0.1933420061038379,5.124652980935377,0.2001045556451875,0.2036180987131027,0.1933420061038379,-0.9890012600000002,0.0467800400000004,-0.0192318599999997,-1.837534560000016,-0.9948573200000052,0.977,-31.99962193999992,36.48670361999999,-41.02734888000018,100.0243542,34.48000362,73.91469558000182,46.70998096000115,53.38283548000131,58.51580044000144,177.08729146000437,1641.0225246200278,-1.0084126399999995,-0.0732293799999999,0.0518485200000007,5.262523659999989,2.0448726000000006,2.0550395599999964,-3.3149898800000432,16.68501011999996,-96.30276308000003,100.0,32.30821138,51.72279017999967,81.16930504000108,81.16930504000108,48.77803300000064,186.1259518400025,1748.2842345800357,-0.9629570200000004,-0.0363771599999975,0.020496499999999,-5.229608640000031,-8.151878819999977,0.4689374199999989,-12.687504219999983,36.171432659999965,67.34463890000005,100.0,32.63794648,109.40715758000314,2.580357640000074,2.064286080000059,2.064286080000059,5.676786260000163,1717.5051501400303,-1.0014091999999988,0.1130218200000038,-0.0026612000000008,2.8374870999999877,1.837359019999984,3.9417768599999934,-5.620848199999948,31.0,38.37915180000005,100.0,33.03379146,104.32877291999466,2.371108639999879,1.896887059999903,1.4226648999999274,5.216438439999734,1890.517144740069,-0.9081036599999912,0.3155576400000147,0.0020928800000028,0.5451342399998469,1.6809904400000124,1.139976459999987,10.920460820000017,14.663077599999632,4.268179580000966,100.0,40.4438973,88.82655100000801,106.46778666000957,75.7348173600068,58.093581280005246,214.03317884001925,2477.251292640109,-0.9949454200000004,-0.0115062999999991,0.001753619999998,0.5081321799999693,1.831116000000036,5.026117779999987,10.0,-15.0,27.0,100.0,33.785242620000005,105.3699210600119,71.1602280000081,62.68877298000713,75.67833840000861,204.4444656200233,1518.6221919799889,1061,X1.2057 Y1.5134
16:37:15.396,5,1064,1.22002,1.45731,-0.125,78.54971,53.90087,-29.1675,,558.8,0,0,,2,1,"{""sr"":{""mpox"":78.54971,""mpoy"":53.90087,""mpoz"":-29.1675,""mpoa"":0,""posx"":1.22002,""posy"":1.45731,""posz"":-0.125,""posa"":0,""unit"":0,""stat"":5,""coor"":2,""momo"":1,""dist"":0,""home"":1,""mots"":1,""plan"":0,""line"":1064,""path"":2,""frmo"":2,""prbe"":1,""safe"":0,""estp"":0,""spc"":1,""hold"":0,""macs"":5,""cycs"":1,""sps"":12000,""feed"":558.8,""mark"":1069948221}}",5.163083640878286,0.1962202577280443,0.199977514514899,0.1904721727566333,5.163083640878286,0.1962202577280443,0.199977514514899,0.1904721727566333,-0.99351264,0.0444464,-0.0131558399999997,-1.761559160000002,-0.93282132,0.8869080799999997,-32.0,37.0,-41.14083667999999,100.01847648,34.49,69.9914344399996,45.42271239999984,52.56785851999981,58.69226931999979,176.58717499999938,2002.95493488,-1.00255,-0.06740252,0.00486196,5.314309399999996,1.839766320000004,1.96922188,-3.239649960000006,16.746220320000006,-95.23964996,100.0,32.30746208,78.51843299999985,82.06442627999984,82.06442627999984,49.1373419199999,188.44423883999963,1739.5974037599992,-1.0194192399999995,-0.0058168400000003,0.0264692399999999,-5.420513519999999,-7.898921599999999,0.554524560000002,-13.0,36.74008231999999,67.25991768,100.0,32.620509000000006,106.15384387999956,2.5517753199999897,2.041419679999992,2.041419679999992,5.613904839999978,1958.785047879997,-1.0209448,0.1330353600000003,-0.02198176,2.9029584799999992,1.6750415200000006,4.0336291200000005,-6.0,31.0,37.80559152000001,100.0,33.03092272,104.77783848000075,2.4055036800000176,1.9244030800000136,1.9244030800000136,5.292108520000038,1774.5986733999978,-0.97340388,0.2939637999999974,-0.0170862400000006,1.5559104800000167,0.9336935999999888,1.0109192400000002,6.989015279999908,-0.5376163999999929,9.139481759999878,100.0,40.42,87.09388407999884,104.8352311999986,74.72870359999902,56.98735647999924,210.2080793599972,2073.656298560001,-1.0112743599999998,-0.0084513200000001,0.0007217600000003,0.6731418800000021,1.754094119999994,4.92295304,9.60316091999999,-15.0,26.44863964000001,100.0,33.78551364,108.0666412399982,69.47141231999883,61.20100599999898,73.88229543999877,199.04110935999665,1952.825803520001,1064,X1.2204 Y1.4559
16:37:15.654,5,1071,1.26112,1.3725,-0.125,79.5937,51.74674,-29.1675,,558.8,0,0,,2,1,"{""sr"":{""mpox"":79.5937,""mpoy"":51.74674,""mpoz"":-29.1675,""mpoa"":0,""posx"":1.26112,""posy"":1.3725,""posz"":-0.125,""posa"":0,""unit"":0,""stat"":5,""coor"":2,""momo"":1,""dist"":0,""home"":1,""mots"":1,""plan"":0,""line"":1071,""path"":2,""frmo"":2,""prbe"":1,""safe"":0,""estp"":0,""spc"":1,""hold"":0,""macs"":5,""cycs"":1,""sps"":12000,""feed"":558.8,""mark"":1069948221}}",5.27088946483301,0.2060340928136028,0.2085841899922949,0.20408379955704,5.27088946483301,0.2060340928136028,0.2085841899922949,0.20408379955704,-0.9883795600000004,0.0448155200000014,-0.0277610800000012,-1.7483800799999891,-0.939702160000004,0.9232066400000036,-31.41608727999992,36.53422935999998,-41.0496840800001,100.05342312,34.494160879999995,61.947539000002834,41.45361592000189,47.50863912000217,53.56366160000245,160.69098408000733,1632.991707719994,-1.0191638000000007,-0.0756067200000007,0.0236128000000016,5.1671763999999785,1.9260347199999976,1.9812891199999896,-3.519317079999988,17.0,-95.84700995999992,100.0,32.30152992,81.08239028000203,77.87060116000202,77.87060116000202,46.62622460000121,178.81397352000462,1843.861751359997,-0.9669016000000042,-0.0651055199999995,-0.0003554400000005,-5.557551639999965,-7.974228760000038,0.3537167599999928,-13.0,37.293860079999945,66.70613992000006,100.0,32.6391826,95.3743298800051,2.292652160000123,1.8341218400000985,1.8341218400000985,5.04383492000027,1778.3477951200025,-1.0283182799999986,0.1727580799999979,-0.0253203999999994,2.8952964400000027,1.6854538800000078,4.082268679999998,-6.248173919999953,31.0,38.81708859999991,100.0,33.03320708,124.02334999999084,2.844572119999789,2.275657439999832,2.275657439999832,6.258058639999537,1445.4748305199928,-0.9160974399999824,0.067238960000036,-0.0040243600000121,3.301459800000008,1.7085329600000914,1.2764966399999915,9.498587600000176,5.267457840000986,6.961432919998662,100.0,40.42,58.820652360013696,70.80263656001648,50.46957164001175,38.487587440008966,141.60527340003298,2457.9367358000827,-0.984931640000002,-0.0018692000000016,0.0163713599999998,0.0950076000000132,2.0805584000000303,4.992802480000002,10.0,-15.252550200000124,25.252550200000123,100.0,33.80680768,48.02795944001637,39.900489760013805,35.36498188001227,42.45412104001469,114.46090044003968,1348.227115360009,1071,X1.2834 Y1.3407
16:37:15.911,5,1073,1.32231,1.29989,-0.125,81.14791,49.90234,-29.1675,,558.8,0,0,,2,1,"{""sr"":{""mpox"":81.14791,""mpoy"":49.90234,""mpoz"":-29.1675,""mpoa"":0,""posx"":1.32231,""posy"":1.29989,""posz"":-0.125,""posa"":0,""unit"":0,""stat"":5,""coor"":2,""momo"":1,""dist"":0,""home"":1,""mots"":1,""plan"":0,""line"":1073,""path"":2,""frmo"":2,""prbe"":1,""safe"":0,""estp"":0,""spc"":1,""hold"":0,""macs"":5,""cycs"":1,""sps"":12000,""feed"":558.8,""mark"":1069948221}}",5.222967282966204,0.189443550905496,0.1935036532795727,0.2052194191854618,5.222967282966204,0.189443550905496,0.1935036532795727,0.2052194191854618,-0.99,0.0441164800000003,0.0084435199999994,-1.7467733399999863,-0.9729490999999886,0.9464889200000024,-31.05896016000003,37.0,-40.88207967999994,100.09410404,34.49500176,76.74976305999829,50.264399559998985,57.59228945999888,63.74292165999876,192.34706237999623,1535.9920732600162,-0.9993679000000008,-0.0672657600000007,0.0090264599999998,5.393161779999992,1.7544355200000037,2.074095999999997,-3.392949479999969,16.530743379999993,-94.46925662,100.0,32.316070659999994,89.16489267999899,85.44968901999903,85.44968901999903,51.482110419999415,196.90580393999775,1340.948000100016,-0.995313240000001,-0.0191667599999988,0.0266384800000003,-5.347294379999995,-7.919219380000003,0.5310275199999965,-13.91735939999996,37.27004367999993,68.0,100.0,32.62247926,115.75832049999748,2.8233737399999383,2.258698619999951,2.258698619999951,5.646747479999877,1598.1587466000103,-1.0195125799999978,0.1471549399999974,-0.0206711399999996,3.0040440200000087,1.7271588999999987,4.004245999999998,-7.205970899999932,31.0,37.0,100.0,33.0338946,84.68662068000465,1.9470775000001053,1.5576619400000842,1.5576619400000842,4.581264140000208,1443.8108357200258,-0.9821715999999974,0.0376960600000096,-0.0274920999999997,4.391575919999991,1.7669875399999857,1.227098580000012,10.92273804000002,-5.969864159999953,3.8608759200005114,100.0,40.41274146,116.1396260599932,140.81929621999174,100.17042745999412,76.21662969999554,282.36446541998345,1488.1184820000194,-1.0038443400000006,-0.0106558,0.0010466200000016,0.5715180599999813,1.515925880000026,4.984571979999993,9.917450320000006,-15.082549679999994,25.0,100.0,33.8091744,133.72638897999073,98.11877039999318,86.24956415999401,103.6577329799928,279.3219831999806,1378.3770516399934,1073,X1.3326 Y1.2896
16:37:16.169,5,1078,1.39893,1.2454,-0.125,83.09397,48.5184,-29.1675,,558.8,0,0,,2,1,"{""sr"":{""mpox"":83.09397,""mpoy"":48.5184,""mpoz"":-29.1675,""mpoa"":0,""posx"":1.39893,""posy"":1.2454,""posz"":-0.125,""posa"":0,""unit"":0,""stat"":5,""coor"":2,""momo"":1,""dist"":0,""home"":1,""mots"":1,""plan"":0,""line"":1078,""path"":2,""frmo"":2,""prbe"":1,""safe"":0,""estp"":0,""spc"":1,""hold"":0,""macs"":5,""cycs"":1,""sps"":12000,""feed"":558.8,""mark"":1069948221}}",5.194223874461497,0.2022035597685758,0.2013968841412097,0.2093071804001788,5.194223874461497,0.2022035597685758,0.2013968841412097,0.2093071804001788,-0.9874358400000012,0.0412371800000017,-0.011138680000002,-1.7671626600000263,-0.9504875800000084,0.9856961200000104,-31.988371520000108,36.01162847999989,-40.42281197999997,100.0,34.49434464,56.28052825999553,38.48753297999713,43.98409063999674,47.77777091999657,144.59012217998972,2532.196976540049,-1.008167360000001,-0.0787925400000018,0.0517017200000032,5.324322599999972,1.851682819999964,2.102872839999999,-3.0,16.534001020000105,-94.54306574000002,100.0,32.31534002,92.30077473999653,72.65258993999727,72.65258993999727,43.40877985999836,166.7811036599937,2448.079748060006,-0.9815756800000082,-0.0418645999999971,-0.000664380000006,-5.274186219999998,-8.053069860000011,0.5223065200000162,-13.0,38.00823635999992,68.5706408200002,100.0,32.6242935,84.64165869999312,2.064430359999832,1.6515448799998658,1.6515448799998658,4.128861719999664,2601.8779327599723,-1.00699351999999,0.1504455600000045,-0.0345755800000018,2.869423379999996,1.570540819999981,4.0496353399999965,-8.0,31.0,36.0,100.0,33.04,140.6728315000125,3.226600500000285,2.5812800000002283,2.5812800000002283,7.743841000000685,2331.2631147600023,-0.9390538599999868,0.0512212199999915,-0.0360574200000075,3.227837480000137,1.4027767600001488,1.3066654399999835,10.80355850000008,-9.211734699999775,5.607117000000161,100.0,40.42,34.84610483997973,38.8514047799774,27.636566119983925,21.027821779987768,77.90307339995468,2579.5671088400304,-1.0057622000000004,-0.0116884600000002,0.0158139599999951,0.3523357400000174,2.236508680000035,4.930218580000019,9.88704106000015,-15.88512032000017,26.772162360000323,100.0,33.80112944,17.960421639975927,13.66799387998168,12.0865726999838,14.45870445998062,38.97072569994777,2556.078142960067,1078,X1.4065 Y1.2418
16:37:16.426,5,1082,1.48673,1.2123,-0.125,85.32397,47.67773,-29.1675,,558.8,0,0,,2,1,"{""sr"":{""mpox"":85.32397,""mpoy"":47.67773,""mpoz"":-29.1675,""mpoa"":0,""posx"":1.48673,""posy"":1.2123,""posz"":-0.125,""posa"":0,""unit"":0,""stat"":5,""coor"":2,""momo"":1,""dist"":0,""home"":1,""mots"":1,""plan"":0,""line"":1082,""path"":2,""frmo"":2,""prbe"":1,""safe"":0,""estp"":0,""spc"":1,""hold"":0,""macs"":5,""cycs"":1,""sps"":12000,""feed"":558.8,""mark"":1069948221}}",5.129294236827041,0.1956270305341618,0.2073553845975824,0.2106668369285332,5.129294236827041,0.1956270305341618,0.2073553845975824,0.2106668369285332,-0.9907132400000002,0.0433789600000006,-0.0099012000000004,-1.7753557599999907,-0.7939416399999867,1.0051491600000035,-32.0,37.0,-40.35438928000004,100.1,34.51,78.04817492000173,52.03211684000115,58.12098144000128,61.995713240001365,186.5406726800041,2113.8703602000137,-1.0025101199999995,-0.0868018399999988,0.0475647199999998,5.367114199999999,1.8090985600000085,1.980998880000003,-3.0,16.459003720000045,-95.00914747999995,100.0,32.32072848,107.67403720000162,82.82280896000121,83.42750468000118,49.38914528000071,190.78823068000267,2020.9414303600013,-0.9860728399999968,-0.0472232399999978,0.0141485999999995,-5.431453080000011,-7.906284879999967,0.5825388800000182,-13.0,38.0,67.50223951999995,100.0,32.64060988,116.33244468000316,2.816290320000073,2.253032760000058,2.253032760000058,5.6325814800001455,1731.5562139199956,-1.005475799999996,0.1391346000000028,-0.0152343199999997,2.8723691199999983,1.7272853199999922,3.9678416399999903,-8.0,31.0,36.54833520000005,100.0,33.03451648,84.83646531999477,1.9821605999998777,1.9821605999998777,1.5857282799999022,4.757184839999706,2286.1047592399964,-0.9551856399999978,0.4022008400000039,0.0107022000000038,2.883198800000135,1.2816251199999886,1.205131840000002,8.320621439999936,3.542622919999709,-15.977649720000224,100.0,40.44,118.32522832000832,137.69668912000955,97.9579209600068,74.54043288000517,276.0727568000192,2427.254111839997,-1.004476360000001,0.0024220400000025,-0.0024373599999981,0.2929619999999846,1.9722229600000305,4.917092480000007,10.0,-15.014841599999992,26.74234364000008,100.0,33.81227976,120.48070416001002,92.62837336000771,81.06281308000676,97.26053404000812,261.68739828002185,1686.1312627200246,1082,X1.505 Y1.2074
16:37:16.683,5,1087,1.58036,1.20093,-0.125,87.70217,47.38884,-29.1675,,558.8,0,0,,2,1,"{""sr"":{""mpox"":87.70217,""mpoy"":47.38884,""mpoz"":-29.1675,""mpoa"":0,""posx"":1.58036,""posy"":1.20093,""posz"":-0.125,""posa"":0,""unit"":0,""stat"":5,""coor"":2,""momo"":1,""dist"":0,""home"":1,""mots"":1,""plan"":0,""line"":1087,""path"":2,""frmo"":2,""prbe"":1,""safe"":0,""estp"":0,""spc"":1,""hold"":0,""macs"":5,""cycs"":1,""sps"":12000,""feed"":558.8,""mark"":1069948221}}",5.422217037504698,0.2060239043054821,0.2041168474896312,0.2058167129651359,5.422217037504698,0.2060239043054821,0.2041168474896312,0.2058167129651359,-0.9855489000000002,0.0359646999999997,-0.0159638999999998,-1.6583060000000005,-0.9867741000000004,0.9227479000000022,-32.0,36.70515230000001,-39.58969469999997,100.0531474,34.5,70.29503850000056,45.15216710000045,49.66374780000047,51.53785140000049,155.67177570000146,1484.3677082999925,-1.0140704,-0.0781702999999999,0.0232301999999997,5.383167000000002,1.9688634999999908,2.037277799999999,-3.137059200000013,16.518664199999996,-95.62615079999996,100.0,32.3190028,98.19244000000052,71.71898830000038,73.64433020000038,43.32019400000023,168.4674212000009,1727.894098299993,-0.9841279999999992,-0.0344114999999999,0.0066616999999997,-5.228238400000001,-8.024185099999999,0.5237006000000011,-13.0,39.0,68.75660699999997,100.0,32.6346354,93.63843780000109,1.8542262000000211,1.8542262000000211,1.8542262000000211,4.635566400000053,1878.7746181,-1.0182103000000002,0.1285033999999999,-0.0078175,2.9199614999999954,1.6213066999999994,4.279744399999999,-8.0,31.437595500000008,35.56240449999999,100.0,33.030823,122.50061929999806,3.374426499999947,2.812022399999956,2.249617899999965,6.748853399999894,1623.294793599988,-1.0062343999999963,0.2098621000000016,-0.0015293000000011,3.989027899999973,1.2184620999999995,1.317670100000001,10.494240299999928,1.3821608999999182,8.758677600000278,100.0,40.4405604,63.618342500003,73.78222040000348,52.32514610000246,39.90262920000188,146.8115604000069,1725.184022300007,-1.0069536,-0.0156659999999994,-0.0003511000000005,0.4491998000000056,1.6989949999999996,4.903799600000002,10.0,-15.629524699999974,27.629524699999976,100.0,33.8097051,56.60297190000378,39.89486590000266,35.12112070000234,41.9407563000028,112.86496140000752,966.8696320000068,1087,X1.6364 Y1.2059
16:37:16.941,5,1090,1.67342,1.21513,-0.125,90.06593,47.74958,-29.1675,,558.8,0,0,,2,1,"{""sr"":{""mpox"":90.06593,""mpoy"":47.74958,""mpoz"":-29.1675,""mpoa"":0,""posx"":1.67342,""posy"":1.21513,""posz"":-0.125,""posa"":0,""unit"":0,""stat"":5,""coor"":2,""momo"":1,""dist"":0,""home"":1,""mots"":1,""plan"":0,""line"":1090,""path"":2,""frmo"":2,""prbe"":1,""safe"":0,""estp"":0,""spc"":1,""hold"":0,""macs"":5,""cycs"":1,""sps"":12000,""feed"":558.8,""mark"":1069948221}}",5.254727754579676,0.2012067282089831,0.1837746278298727,0.1979352616710794,5.254727754579676,0.2012067282089831,0.1837746278298727,0.1979352616710794,-0.9860409600000004,0.0400559800000007,0.0161041199999989,-1.611901879999999,-0.8775163600000089,0.975019799999998,-32.03739691999995,37.0,-39.73432240000003,100.02656776,34.494939540000004,80.46061596000126,50.09811908000079,53.64041082000084,54.652493800000855,166.48768916000262,2014.4381790200125,-1.0049274200000002,-0.0785459800000001,0.0162549000000009,5.353102779999999,1.6209383000000122,1.9906494999999944,-3.0,17.0,-95.70660719999998,100.0,32.31209208,111.5829885800013,71.95814750000069,75.68567588000072,43.30907956000044,171.56013182000166,1982.7279149800072,-1.0424219199999978,-0.0116471200000023,0.0244899400000004,-5.303975339999989,-7.725032060000007,0.4213764800000003,-12.31906116000003,39.0,66.82562254000004,100.0,32.62506582,103.28252618000198,2.345305520000068,2.026244360000037,2.026244360000037,5.065610940000094,2046.8595415000088,-0.99951572,0.1351929400000003,-0.0098038400000003,2.9483232399999983,1.691093620000004,4.037758899999999,-8.0,31.0,36.51321144000001,100.0,33.026467860000004,105.6331361599966,2.920731819999906,2.433943259999922,1.9471546999999372,5.841463639999812,2310.6715318200154,-1.0480782599999974,0.2618468000000073,0.0326024399999983,3.1408193799999493,1.522150160000011,1.2362581999999984,8.130000240000056,14.223243740000186,-7.472836080000269,100.0,40.45560062,86.57337960000523,102.48553950000635,72.65682374000451,54.9476346200034,204.09121480001264,2287.0660857200323,-1.0047204200000004,-0.0015684400000002,0.0118336,0.5737026000000034,2.054451079999975,4.9142314199999975,9.529534000000044,-14.55351531999995,26.97601868000009,100.0,33.79041538,108.8558174600088,60.85489126000479,53.97094880000425,64.03209572000503,172.50352732001355,1731.1837577200026,1090,X1.6938 Y1.2206
16:37:17.198,5,1095,1.7609,1.2507,-0.125,92.288,48.65302,-29.1675,,558.8,0,0,,2,1,"{""sr"":{""mpox"":92.288,""mpoy"":48.65302,""mpoz"":-29.1675,""mpoa"":0,""posx"":1.7609,""posy"":1.2507,""posz"":-0.125,""posa"":0,""unit"":0,""stat"":5,""coor"":2,""momo"":1,""dist"":0,""home"":1,""mots"":1,""plan"":0,""line"":1095,""path"":2,""frmo"":2,""prbe"":1,""safe"":0,""estp"":0,""spc"":1,""hold"":0,""macs"":5,""cycs"":1,""sps"":12000,""feed"":558.8,""mark"":1069948221}}",5.249385858734855,0.2034291919923748,0.2185146193907334,0.2094124132645005,5.249385858734855,0.2034291919923748,0.2185146193907334,0.2094124132645005,-0.9944734,0.0402043999999992,-0.0027350000000005,-1.745544799999987,-0.9197139999999951,0.9637179999999954,-32.168859599999976,36.652275399999965,-38.68544339999998,100.083114,34.5016884,80.24942980000145,53.03932200000094,55.27451880000096,55.44337840000093,169.43964580000295,2162.815781800029,-1.0245129999999996,-0.0900637999999995,0.0364927999999984,5.505383799999996,1.658096400000009,2.045087800000001,-2.854847200000098,13.017394400000502,-74.77441280000295,100.0,32.327279,105.49633760000108,69.82124780000072,74.91768900000078,41.28117560000042,169.20185560000175,2627.024714800031,-1.0184830000000005,-0.0935676000000006,0.0486050000000014,-5.1314292,-8.181007599999997,0.3655857999999966,-12.236679999999966,38.75652959999998,68.0,100.0,32.6323668,106.04936080000216,2.5992490000000528,2.0793994000000424,2.0793994000000424,5.198497800000105,2481.9010968000266,-1.0252440000000014,0.0728915999999999,0.0095909999999993,2.8398031999999955,1.7540984000000022,4.0476842,-9.0,31.0,36.0,100.0,33.0373932,102.18899039999629,2.8139821999998964,2.3449851999999134,1.8759879999999307,5.6279645999997925,2418.900964600045,-0.8758082000000029,0.1046144000000005,-0.0589269999999977,1.4357602000001397,1.745463200000018,1.3577322000000085,7.554353399999976,3.141284800000049,6.126927399999568,100.0,40.4521016,97.50577360000614,109.83409000000692,77.89254320000491,58.839691200003706,218.5474236000138,2845.513123600011,-1.0075294000000004,-0.0186841999999994,0.0079365999999993,0.4576811999999878,1.863255599999978,4.812143599999994,10.0,-15.580792800000046,27.942047199999998,100.0,33.8,74.92222080000592,65.04875000000513,58.07924140000458,69.11429720000545,185.2727794000146,2454.4311114000634,1095,X1.7609 Y1.2507
16:37:17.455,5,1099,1.83551,1.30811,-0.125,94.18319,50.11134,-29.1675,,558.8,0,0,,2,1,"{""sr"":{""mpox"":94.18319,""mpoy"":50.11134,""mpoz"":-29.1675,""mpoa"":0,""posx"":1.83551,""posy"":1.30811,""posz"":-0.125,""posa"":0,""unit"":0,""stat"":5,""coor"":2,""momo"":1,""dist"":0,""home"":1,""mots"":1,""plan"":0,""line"":1099,""path"":2,""frmo"":2,""prbe"":1,""safe"":0,""estp"":0,""spc"":1,""hold"":0,""macs"":5,""cycs"":1,""sps"":12000,""feed"":558.8,""mark"":1069948221}}",5.304672959323046,0.1974155393703337,0.2005318333042825,0.2028194896846238,5.304672959323046,0.1974155393703337,0.2005318333042825,0.2028194896846238,-0.9850701999999998,0.0369993000000004,-0.0047622000000014,-1.7325461400000035,-0.855962939999989,0.8919915199999965,-32.89065153999995,36.0,-38.79004774000017,100.05380006,34.49428682,69.30026664000285,48.51018610000199,48.51018610000199,48.97218820000201,150.15057656000616,2125.2345635000192,-1.01798516,-0.0742232999999993,0.0038602599999987,5.447174419999999,1.6294046400000295,2.031218760000008,-3.858863159999935,16.858863159999935,-95.0,100.0,32.32,100.91757800000308,62.08270822000154,69.44809918000158,36.13070250000092,153.03986404000358,2043.1266586600211,-0.9369788000000026,-0.0570657200000003,-0.0022086999999997,-5.427242739999973,-7.861191660000012,0.5153933199999898,-9.083624740000632,26.70558072000192,47.51434394000331,100.0,32.639427860000005,92.00422990000447,2.273534200000109,1.8188277000000876,1.8188277000000876,4.547068400000218,2208.4625581400287,-1.0225955600000027,0.1036772399999986,-0.0065348399999984,2.8235681199999974,1.7050625399999972,4.048718100000009,-9.0,31.0,35.16981978000008,100.0,33.031698320000004,124.76835469999202,3.449816379999779,2.874847099999816,2.2998773399998527,6.899632759999558,2349.2500185400195,-1.0099312199999868,0.3446143000000131,-0.039678020000005,2.8913437799999504,2.113509959999986,1.33015768000001,11.56078756000017,12.40130532000108,12.174479479999258,100.0,40.44,56.715126060011855,68.4927292000144,48.72303970001027,36.80517400000777,136.28440654002864,2481.8606064801,-1.0071754399999993,-0.0055779200000025,0.0020568599999955,0.3834040599999972,1.628002940000028,4.9434118799999744,10.0,-15.305906060000096,27.305906060000098,100.0,33.8,62.843827840020126,33.88423356001069,30.213362320009534,35.79099804001126,96.2890517600303,1520.17773794004,1099,X1.8602 Y1.3328
16:37:17.713,5,1101,1.89478,1.3815,-0.125,95.68861,51.97545,-29.1675,,558.8,0,0,,2,1,"{""sr"":{""mpox"":95.68861,""mpoy"":51.97545,""mpoz"":-29.1675,""mpoa"":0,""posx"":1.89478,""posy"":1.3815,""posz"":-0.125,""posa"":0,""unit"":0,""stat"":5,""coor"":2,""momo"":1,""dist"":0,""home"":1,""mots"":1,""plan"":0,""line"":1101,""path"":2,""frmo"":2,""prbe"":1,""safe"":0,""estp"":0,""spc"":1,""hold"":0,""macs"":5,""cycs"":1,""sps"":12000,""feed"":558.8,""mark"":1069948221}}",5.283616696508348,0.2061903818976677,0.21384997206632,0.2140552202472825,5.283616696508348,0.2061903818976677,0.21384997206632,0.2140552202472825,-0.9869084000000004,0.028958500000002,-0.0077367000000044,-1.852416999999992,-0.835940799999994,0.8784140999999969,-32.04200070000008,36.43510200000003,-39.0,100.04771,34.5,86.2004661999958,59.8791628999966,58.22647039999679,58.79136849999675,181.37418359998975,1591.288310700107,-1.0065585,-0.0854756999999987,0.055394699999998,5.333668100000013,2.0617106999999737,2.090779300000009,-3.5919004000000903,17.0,-94.53743599999996,100.0,32.314080600000004,109.09947649999631,67.17948029999773,76.85332549999741,38.15794469999871,166.0676755999944,1578.1451579000764,-1.0050344999999967,-0.034004099999999,0.0232757000000012,-5.249,-8.150155899999987,0.4143826999999973,-13.0,39.0,68.0,100.0,32.6363298,117.6356838999925,2.869163199999817,2.295330699999853,2.295330699999853,6.312158799999597,1950.5807844000533,-1.0108319999999988,0.1339899999999959,-0.018017799999998,2.888070499999991,1.8499671000000004,3.922029400000027,-8.311788799999931,31.0,36.06548210000013,100.0,33.0375372,81.49048310001325,2.263624800000368,1.8863538000003064,1.5090829000002453,4.904519600000797,1680.5350072000683,-0.8911260000000222,0.0998687999999831,-0.0468904999999935,4.888906699999245,1.238779499999884,1.1500074000000104,12.588325299999552,16.680503899999493,2.9597746000026537,100.0,40.4450085,123.82055799997954,147.08381449997572,104.30943989998276,79.54532829998686,292.66677399995166,1956.9277264000705,-1.0070233999999991,-0.0120589000000001,-0.0063162999999928,0.2768341000000416,1.9806199999999217,5.116115499999991,9.178428000000162,-15.0,26.91227790000002,100.0,33.7990929,186.49690489996345,89.55137749998244,80.51408279998421,95.30238339998132,256.3305479999498,1694.3377525000858,1101,X1.8952 Y1.3821
16:37:17.970,5,1108,1.93259,1.46858,-0.125,96.64902,54.18709,-29.1675,,558.8,0,0,,2,1,"{""sr"":{""mpox"":96.64902,""mpoy"":54.18709,""mpoz"":-29.1675,""mpoa"":0,""posx"":1.93259,""posy"":1.46858,""posz"":-0.125,""posa"":0,""unit"":0,""stat"":5,""coor"":2,""momo"":1,""dist"":0,""home"":1,""mots"":1,""plan"":0,""line"":1108,""path"":2,""frmo"":2,""prbe"":1,""safe"":0,""estp"":0,""spc"":1,""hold"":0,""macs"":5,""cycs"":1,""sps"":12000,""feed"":558.8,""mark"":1069948221}}",5.214049581897049,0.2079126541779796,0.2074429355512974,0.2111784561057832,5.214049581897049,0.2079126541779796,0.2074429355512974,0.2111784561057832,-0.9877870400000002,0.0423357200000003,-0.01164272,-1.6361724399999835,-0.8442496000000015,1.072870720000001,-32.57165428000001,36.57165428000001,-38.42834571999999,100.0594832,34.490231800000004,68.01417871999793,45.83294839999847,43.66804107999859,44.52473155999856,136.6189741199955,1309.9706580799732,-1.0101668400000008,-0.0779271599999999,0.0199599599999982,5.271940599999998,2.1091806000000224,2.0688452400000017,-3.47696607999995,16.45868999999999,-95.52303392000005,100.0,32.31541284,87.15118471999848,55.04285339999904,64.21666263999889,30.732259439999464,135.77237167999763,1594.097438079997,-0.93278456,-0.0240974799999952,-0.0113899999999988,-4.758964439999998,-8.335448399999985,0.3385909200000055,-13.567077760000055,38.983594200000034,68.53426616000013,100.0,32.62032812,84.96935931999664,2.082582199999918,1.6660657599999342,1.6660657599999342,4.581680839999819,1797.8692950399466,-1.0323156400000058,0.0873977199999962,-0.0098368,2.937559359999989,1.8072993200000056,4.093170439999996,-7.639245520000028,31.62535648000006,36.98611096000003,100.0,33.03278468,139.35561428000602,3.835475960000166,3.1962294800001385,2.5569839600001107,7.670950960000332,1436.5982019599958,-0.9418819200000028,0.2821545199999977,0.012576920000004,0.7398381999999316,2.107852800000072,1.1479529600000014,9.810158040000005,3.9278276399996,18.19794620000068,100.0,40.4322048,36.17830951999041,41.71146319998894,29.581088679992156,22.558239839994016,83.21011143997792,1492.5041931999615,-1.0057553599999995,-0.0217355600000019,0.0255036800000004,0.7453925599999953,1.8168984400000063,4.890641119999996,10.0,-15.0,26.125271359999928,100.0,33.80870816,25.43007131998504,13.52929855999204,12.151314519992852,14.406198079991526,38.83409847997716,1662.0818065199358,1108,X1.9424 Y1.5052
16:37:18.227,5,1112,1.94628,1.55358,-0.125,96.99662,56.34611,-29.1675,,558.8,0,0,,2,3,"{""sr"":{""mpox"":96.99662,""mpoy"":56.34611,""mpoz"":-29.1675,""mpoa"":0,""posx"":1.94628,""posy"":1.55358,""posz"":-0.125,""posa"":0,""unit"":0,""stat"":5,""coor"":2,""momo"":3,""dist"":0,""home"":1,""mots"":1,""plan"":0,""line"":1112,""path"":2,""frmo"":2,""prbe"":1,""safe"":0,""estp"":0,""spc"":1,""hold"":0,""macs"":5,""cycs"":1,""sps"":12000,""feed"":558.8,""mark"":1069948221}}",5.189547321782568,0.1989288217462022,0.1863752076638165,0.1915019072813064,5.189547321782568,0.1989288217462022,0.1863752076638165,0.1915019072813064,-0.9911404,0.0396169599999999,0.0123192800000001,-1.753531500000001,-0.9662596599999974,0.972618519999998,-31.20849076000002,36.34471077999999,-38.89575461999999,100.01042452,34.50104238,92.57535809999956,58.96168637999971,55.10437985999973,56.75751119999972,174.1298394799991,2357.968004819992,-1.0107543,-0.08062154,0.0294268799999999,5.272211780000005,1.7855456999999977,1.9746225800000023,-3.0,17.0,-94.47255404,100.0,32.31636294,104.26116677999958,62.15679607999981,72.70572363999979,34.20213911999989,152.18637639999957,2078.4175295199966,-0.96553996,-0.0233425800000002,0.0060228000000001,-5.324029279999995,-8.208235700000001,0.3548917599999979,-13.555885119999996,38.0,67.48241829999999,100.0,32.62926542,113.88291231999936,2.7794241399999846,2.223539019999988,2.223539019999988,6.114732759999966,2351.430775179999,-0.9782176200000008,0.1489408400000009,-0.02865452,2.9424701999999976,1.7649292799999998,3.9707827,-7.0,30.46439404000001,36.12402558000001,100.0,33.05071248,86.51205216000113,2.414290140000032,2.0119079800000264,1.609526640000021,4.828579280000064,2075.1039708999974,-0.9304981399999992,0.3131909600000043,-0.0367313399999996,1.4412408600000433,1.0684917600000106,1.3622423399999957,12.495725959999993,0.6051511600000211,19.06869461999989,100.0,40.45,125.39902825999808,136.69514967999794,97.63939297999852,73.92696869999888,272.6585418799959,2010.8475538200064,-1.0047646,-0.0076902800000001,0.0242694399999992,0.548480379999993,1.7532247800000096,4.987972299999999,10.0,-15.244586200000011,27.01727604,100.0,33.810172800000004,128.9088523199978,81.58471975999852,73.27516567999868,86.87261863999842,234.1783631599957,1768.030051159997,1112,G3 X1.9314 Y1.5719 R0.025
16:37:18.485,5,1117,1.91743,1.57754,-0.11987,96.26397,56.95485,-29.03729,,558.8,0,0,,2,1,"{""sr"":{""mpox"":96.26397,""mpoy"":56.95485,""mpoz"":-29.03729,""mpoa"":0,""posx"":1.91743,""posy"":1.57754,""posz"":-0.11987,""posa"":0,""unit"":0,""stat"":5,""coor"":2,""momo"":1,""dist"":0,""home"":1,""mots"":1,""plan"":0,""line"":1117,""path"":2,""frmo"":2,""prbe"":1,""safe"":0,""estp"":0,""spc"":1,""hold"":0,""macs"":5,""cycs"":1,""sps"":12000,""feed"":558.8,""mark"":1069948221}}",5.288572909987451,0.1954314896201027,0.1947118018573621,0.1986487573667196,5.288572909987451,0.1954314896201027,0.1947118018573621,0.1986487573667196,-0.99029956,0.0378128599999998,-0.0076702199999992,-1.730394559999998,-1.0095509200000117,0.9678396200000036,-32.0,36.72309171999997,-38.0,100.1,34.50723064,80.05125785999817,50.78363383999891,47.46133991999899,48.41056727999897,149.5032217799968,1763.5742781600015,-1.0075487599999993,-0.0703711399999995,0.0004770799999993,5.361596620000002,1.6277624999999802,2.0547395399999986,-3.640437279999966,16.0,-95.64043727999996,100.0,32.31794588,86.55882987999898,56.40912495999934,65.64855077999923,30.63599027999964,137.6188135599984,2154.7519510799875,-0.9986700999999992,-0.045436300000001,0.0127998800000004,-5.5057135200000005,-7.877830219999996,0.4794928600000016,-13.389754420000036,37.0,66.86053778000003,100.0,32.63470802,96.98138155999769,2.353916799999944,1.883133439999955,1.883133439999955,5.6494006599998645,2402.0409462000034,-1.032541219999998,0.1365344600000008,-0.0129119600000006,2.922820560000001,1.8166411200000023,4.0208205600000015,-7.0,31.0,36.66780604,100.0,33.04332186,120.0417454600042,3.300661980000116,2.750551380000097,2.200441100000077,6.601323640000231,1656.5357790000037,-0.8444201599999972,0.5927660199999936,-0.0647141999999979,6.724959340000242,1.7157786999999611,1.2463537400000233,11.598373799999845,-0.2168581000004989,-0.1301121399995065,100.0,40.45399612,70.7280393799931,78.32031459999237,55.94308237999456,42.35690539999588,156.2410364199848,3102.33221816001,-1.0047001399999995,-0.0207477000000011,-0.0075675599999999,0.3918092799999793,1.869238860000028,5.003005900000001,9.37116075999995,-15.62883924000005,27.62883924000005,100.0,33.80371148,68.66476985999067,40.08537903999455,36.002609019995106,42.6835053599942,115.4310452399843,1743.0413319799998,1117,X1.915 Y1.5785 Z-0.1177
16:37:18.743,5,1122,1.90845,1.58122,-0.10331,96.03588,57.0481,-28.61649,,558.8,0,0,,2,1,"{""sr"":{""mpox"":96.03588,""mpoy"":57.0481,""mpoz"":-28.61649,""mpoa"":0,""posx"":1.90845,""posy"":1.58122,""posz"":-0.10331,""posa"":0,""unit"":0,""stat"":5,""coor"":2,""momo"":1,""dist"":0,""home"":1,""mots"":1,""plan"":0,""line"":1122,""path"":2,""frmo"":2,""prbe"":1,""safe"":0,""estp"":0,""spc"":1,""hold"":0,""macs"":5,""cycs"":1,""sps"":12000,""feed"":558.8,""mark"":1069948221}}",5.10863793581174,0.1987817223240541,0.2042608807794196,0.2057863883280919,5.10863793581174,0.1987817223240541,0.2042608807794196,0.2057863883280919,-0.9891930000000004,0.0357000000000007,-0.0042605000000021,-1.7682705000000216,-0.8799290000000074,0.9992599999999864,-32.78919349999994,36.0,-38.424280500000165,100.1,34.4992295,86.7307215000038,53.64270100000234,50.13336500000219,51.13603250000224,158.4214340000069,1617.9891854999855,-0.9975949999999988,-0.0633784999999988,-0.008272500000002,5.440263999999981,2.044848499999996,1.9946419999999885,-4.0,16.772449000000066,-94.498858,100.0,32.332713,69.3586970000042,57.36866750000143,67.34582750000168,31.428053000000784,140.45039950000358,1702.936773500002,-0.9812424999999908,-0.0494300000000082,0.024468,-5.1809560000000525,-8.149520999999977,0.3593685000000154,-13.498891499999974,36.20401349999994,67.0,100.0,32.6240805,104.04445750000522,2.5055440000001323,2.0044350000001057,2.0044350000001057,6.013305000000318,1652.0545714999985,-1.0360455000000015,0.137906,-0.0063445000000007,2.8796319999999973,1.7169955000000203,3.997577500000003,-6.326976000000093,31.0,37.67302399999991,100.0,33.021768,107.72621099999064,2.493661999999783,2.493661999999783,1.9949294999998264,5.984789499999479,1391.0453870000251,-0.965674999999991,0.2489240000000228,-0.0402715000000019,2.8029625000003726,1.265209000000027,1.3814860000000282,12.006192000000356,-7.450520499998796,15.159166000000935,100.0,40.45,87.3631590000155,98.30339400001748,70.2167100000125,53.16408050000946,196.1990595000348,1836.65032800008,-1.0004930000000016,-0.0202525000000001,0.0060715000000002,0.4420360000000528,1.984168999999924,4.907302000000023,10.0,-15.049304499999986,27.901390500000023,100.0049305,33.804990000000004,101.27968600002234,53.89229400001229,48.90226700001114,57.88431600001321,156.2371580000356,1659.1046030000264,1122,X1.9082 Y1.5813 Z-0.1
16:37:19.000,5,1123,1.9082,1.5813,-0.03593,96.02941,57.05026,-26.90515,,558.8,0,0,,2,0,"{""sr"":{""mpox"":96.02941,""mpoy"":57.05026,""mpoz"":-26.90515,""mpoa"":0,""posx"":1.9082,""posy"":1.5813,""posz"":-0.03593,""posa"":0,""unit"":0,""stat"":5,""coor"":2,""momo"":0,""dist"":0,""home"":1,""mots"":1,""plan"":0,""line"":1123,""path"":2,""frmo"":2,""prbe"":1,""safe"":0,""estp"":0,""spc"":1,""hold"":0,""macs"":5,""cycs"":1,""sps"":12000,""feed"":558.8,""mark"":1069948221}}",5.472250917217372,0.203855654125813,0.205492899112869,0.2089875695935313,5.472250917217372,0.203855654125813,0.205492899112869,0.2089875695935313,-0.98563264,0.0328601200000001,0.0095378799999997,-1.7233805600000047,-0.880912920000001,0.9874988399999984,-32.0,36.15159240000001,-38.67380432000001,100.1,34.5052222,83.68875659999904,55.87666295999943,52.59179895999944,53.78781555999944,165.91175999999828,1897.387600119992,-1.0091251599999995,-0.0684999999999998,0.0283109999999995,5.37263968,1.7951742399999966,2.0766396799999995,-1.6554491200000276,7.980726600000068,-46.02740952000027,100.0,32.32195768,53.91122251999968,60.07250559999965,69.82787011999959,32.86017407999981,146.84390219999912,2053.284213960011,-0.99135704,-0.0800535200000002,0.0207872399999999,-5.235212839999995,-7.976439919999997,0.436123279999995,-13.78739047999998,36.78739047999998,67.52490024,100.0,32.63999928,110.22902355999872,2.6245009199999694,2.0996003199999755,2.0996003199999755,6.298801319999926,1950.228713760005,-1.0104276799999994,0.1105473600000023,-0.0008534000000006,2.826038400000005,1.7180192000000023,4.028,-6.0,31.0,38.76541355999998,100.0,33.03765424,99.1023399200023,2.283174840000052,2.283174840000052,1.8265404000000416,5.257571560000137,2163.841777559997,-0.8811179599999975,0.3807703199999952,-0.0179026800000001,3.87358451999989,1.3870536800000115,1.2986684800000023,10.341135840000144,-2.558459759999774,-2.8743190400002367,100.0,40.42878848,102.03758639999631,114.93889087999582,82.09920759999703,62.16082843999774,229.87778175999165,2462.423145520027,-1.00217268,-0.0084730399999998,0.0082750799999998,0.4527921199999793,1.7432737200000097,4.920906720000007,9.389324800000027,-15.389324800000027,27.325198080000032,100.0,33.81,101.37206147999544,66.56358219999701,60.4568316799973,72.05965779999677,194.19467127999133,1382.401054360004,1123,G0 Z0.6
16:37:19.256,5,1123,1.9082,1.5813,0.23579,96.02941,57.05026,-20.00343,,558.8,0,0,,2,0,"{""sr"":{""mpox"":96.02941,""mpoy"":57.05026,""mpoz"":-20.00343,""mpoa"":0,""posx"":1.9082,""posy"":1.5813,""posz"":0.23579,""posa"":0,""unit"":0,""stat"":5,""coor"":2,""momo"":0,""dist"":0,""home"":1,""mots"":1,""plan"":0,""line"":1123,""path"":2,""frmo"":2,""prbe"":1,""safe"":0,""estp"":0,""spc"":1,""hold"":0,""macs"":5,""cycs"":1,""sps"":12000,""feed"":558.8,""mark"":1069948221}}",5.200736138712926,0.1771094894260879,0.1873072984312906,0.1992366707548425,5.200736138712926,0.1771094894260879,0.1873072984312906,0.1992366707548425,-0.989884,0.0330737999999999,-0.0137698799999997,-1.760409160000002,-0.977882480000001,0.9500010000000008,-31.89967951999999,35.643244960000004,-38.65771624000002,100.1,34.51457056,72.6749505600006,48.9070424000004,46.62166628000038,47.07874156000039,145.8069764000012,2844.929364839993,-1.0044508000000003,-0.0708981199999996,0.0420002400000001,4.984085280000007,2.141018079999995,1.9793269200000003,-3.346091839999989,17.0,-95.13110504,100.01311048,32.314772160000004,34.7253672000004,57.00136524000022,66.19920296000028,31.84105776000013,139.42524780000056,2878.9526406799923,-0.9663932800000004,-0.0373185599999999,0.0158607999999996,-5.276894520000001,-8.181840199999998,0.3704453999999991,-13.689916960000009,35.68991696000001,67.0,100.0,32.64547288,94.9003545600009,2.573602000000012,1.810815720000017,1.810815720000017,5.4324464000000505,3128.9168734799896,-1.0206307599999989,0.1496419200000001,-0.0264569999999998,2.7724702400000005,1.721844320000003,4.047157280000001,-5.417540240000007,31.0,38.157027440000014,100.0,33.0241756,126.39382703999848,2.9122997999999645,2.9122997999999645,2.3298400399999712,6.407060359999922,2666.1505303999907,-0.946636120000001,0.5567807199999933,-0.0719507599999996,2.3021026000000133,1.7206203599999983,1.2008319200000015,9.610875759999963,-5.634120160000244,-3.386129839999764,100.0,40.43,57.92408500000255,65.5987064000028,46.856218960002,35.476851400001514,130.86272632000558,3519.1112163999937,-1.00390812,-0.0060841599999999,0.0429672399999992,0.5622789600000013,1.942001359999989,4.982728719999999,10.0,-15.708605959999982,27.92629292,100.0,33.81509104,55.65120108000298,32.344723120002044,29.139390240001838,34.74958148000219,93.97625040000592,2699.72152131999,1123,G0 Z0.6
16:37:19.514,5,1123,1.9082,1.5813,0.54126,96.02941,57.05026,-12.24458,,558.8,0,0,,2,0,"{""sr"":{""mpox"":96.02941,""mpoy"":57.05026,""mpoz"":-12.24458,""mpoa"":0,""posx"":1.9082,""posy"":1.5813,""posz"":0.54126,""posa"":0,""unit"":0,""stat"":5,""coor"":2,""momo"":0,""dist"":0,""home"":1,""mots"":1,""plan"":0,""line"":1123,""path"":2,""frmo"":2,""prbe"":1,""safe"":0,""estp"":0,""spc"":1,""hold"":0,""macs"":5,""cycs"":1,""sps"":12000,""feed"":558.8,""mark"":1069948221}}",5.32328666540174,0.2068987798897616,0.2130249076001203,0.2056877346670079,5.32328666540174,0.2068987798897616,0.2130249076001203,0.2056877346670079,-0.9924674400000002,0.0438626399999998,-0.0050863999999988,-1.8553966799999984,-1.1029906399999927,0.9668136799999992,-32.0,36.43361916000001,-38.03367232000004,100.1,34.51,89.48824767999744,60.60280107999827,58.33727579999833,59.43636607999825,182.9074927599947,1737.2754955200064,-1.0070807199999998,-0.0762777599999994,0.0266979200000004,5.506312359999988,2.11891203999998,1.920314560000001,-4.0,16.0,-94.88477119999996,100.0,32.33377056,23.57655835999961,65.37136559999891,75.55215223999873,36.97233007999938,161.2850911999973,1798.3021657600038,-1.0101056400000017,0.0055707199999933,0.0250335599999991,-5.270511480000018,-8.188122799999997,0.3491841599999967,-13.341612799999158,33.92881079999788,64.42392583999595,100.0,32.63905944,121.85300935999616,3.448669719999891,2.299113119999928,2.299113119999928,7.472118159999765,2000.6864411200384,-1.004422920000002,0.1500337999999961,-0.0076899599999999,2.827438679999998,1.8504386799999977,3.915078480000015,-5.681330400000036,31.0,38.947578079999936,100.0,33.02318688,80.89794344000688,1.855457520000158,1.4843660000001266,1.4843660000001266,4.082006480000348,1682.8828387200222,-0.9657072000000012,0.1666107200000099,0.0235244000000001,2.5739314800001782,2.0955305599999683,1.163981920000005,8.168527040000052,-6.262348279999538,13.43658423999872,100.0,40.45,123.3998841599896,149.2986244399874,105.88014691999106,80.74313387999318,298.5972498799748,2012.2191992799812,-0.9998365600000008,-0.018481679999998,0.0159474799999998,0.03463596000002,1.9831980800000155,4.993679400000001,10.072300240000091,-16.0,27.23739252000017,100.0,33.82,152.78810735998496,94.34456895999072,85.16058459999162,101.85873795999,274.68463023997293,1577.6506474400212,1123,G0 Z0.6
16:37:19.771,5,1125,3.78069,2.24607,-0.17761,96.02941,57.05026,-4.51126,,558.8,0,0,,2,0,"{""sr"":{""mpox"":96.02941,""mpoy"":57.05026,""mpoz"":-4.51126,""mpoa"":0,""posx"":3.78069,""posy"":2.24607,""posz"":-0.17761,""posa"":0,""unit"":0,""stat"":5,""coor"":2,""momo"":0,""dist"":0,""home"":1,""mots"":1,""plan"":0,""line"":1125,""path"":2,""frmo"":2,""prbe"":1,""safe"":0,""estp"":0,""spc"":1,""hold"":0,""macs"":5,""cycs"":1,""sps"":12000,""feed"":558.8,""mark"":1069948221}}",5.184344608804455,0.193123682276966,0.1995617409021423,0.206630205072581,5.184344608804455,0.193123682276966,0.1995617409021423,0.206630205072581,-0.9912612,0.04136772,-0.0005341000000001,-1.84831112,-0.9859751599999992,0.94217172,-32.0,36.03486138,-38.39419088,100.1,34.52,65.03096104000016,45.44470614000009,45.0853766400001,45.479567520000096,139.9059839600003,1455.1374412599985,-1.0017537,-0.08096896,0.00156668,5.36601862,1.80768246,2.10789382,-4.0,16.0,-95.0272205,100.0,32.32054444,6.450488860000007,58.51514990000007,65.88713732000008,34.09544230000004,144.2145040200001,1669.4209776799992,-0.98056834,-0.0547933799999998,0.00888232,-5.646870099999999,-8.050143480000001,0.4043856799999999,-13.556169799999996,35.0,67.0,100.0,32.63160986,88.09249712000022,2.5169289000000066,2.097440300000005,1.6779526400000042,5.453345520000014,1557.4783399599996,-1.0163631,0.1208293599999999,-0.00333312,3.0169528000000003,1.6617140199999996,3.88362732,-5.3667726400000015,30.387590000000007,38.63322736,100.0,33.02,138.6560790399996,3.1661387999999917,2.532911439999993,1.8996830799999949,6.332278539999983,1488.571198939999,-0.9913811599999998,0.1946585000000003,-0.00630508,2.7129795399999987,1.5650031399999995,1.2380056799999992,8.606333179999998,16.08434197999996,-8.687379819999935,100.0,40.45,35.814647280000564,44.14887328000069,31.309660360000493,23.876431520000374,88.0724982400014,2177.66449064,-0.99707848,-0.0098816799999999,-0.01090094,0.3925223399999989,1.9250043600000009,4.925655679999999,10.0,-15.849639679999994,26.99396172,100.0,33.81144298,27.85408904000088,16.596996180000524,15.009457440000476,18.04021282000057,48.636414920001535,1413.0128060599998,1125,G53 G0 Z0.
16:37:20.029,5,1125,3.78069,2.24607,-0.00493,96.02941,57.05026,-0.12523,,558.8,0,0,,2,0,"{""sr"":{""mpox"":96.02941,""mpoy"":57.05026,""mpoz"":-0.12523,""mpoa"":0,""posx"":3.78069,""posy"":2.24607,""posz"":-0.00493,""posa"":0,""unit"":0,""stat"":5,""coor"":2,""momo"":0,""dist"":0,""home"":1,""mots"":1,""plan"":0,""line"":1125,""path"":2,""frmo"":2,""prbe"":1,""safe"":0,""estp"":0,""spc"":1,""hold"":0,""macs"":5,""cycs"":1,""sps"":12000,""feed"":558.8,""mark"":1069948221}}",5.019377639494295,0.1955800020064076,0.2024039125010298,0.20335436598215,5.019377639494295,0.1955800020064076,0.2024039125010298,0.20335436598215,-0.9935865800000004,0.038674319999999,-0.0021720799999977,-1.8659481400000049,-0.9596346000000036,0.916,-32.0,36.671907819999966,-39.2898558200001,100.1,34.52,70.79247778000152,56.633982580001216,58.26765482000125,58.81221190000127,179.70398174000383,1615.5210461999948,-0.9987256400000012,-0.0697336200000015,0.0135919200000015,5.333087760000005,1.9291609600000157,2.001777680000004,-3.4261030800000403,16.57389691999996,-95.42610308000005,100.0,32.3237351,18.721882340000867,69.24411642000078,75.88547820000093,41.25073454000046,168.812499660002,1791.7946700400012,-1.013666720000003,-0.0143179400000002,0.0204926799999981,-5.4033505799999855,-8.278920180000016,0.3769863599999963,-13.0,35.0,67.54003867999997,100.0,32.63550012,117.2430889000028,3.30008572000008,2.7500713600000664,2.200057000000053,7.150185580000173,1807.989955540005,-1.0319714800000015,0.1083158399999966,0.000386440000001,2.878271019999997,1.648,3.956613679999997,-5.509144220000048,31.0,39.58513618000002,100.0,33.02509106,90.02537031999508,2.0743173199998863,1.659453499999909,1.244590459999932,4.148634419999773,1846.332438120004,-1.0447240999999965,0.3506158799999992,0.0619539399999954,1.5692087200001137,1.5832212200000315,1.1586828000000091,8.756682939999727,3.0403595199996323,11.119253560000958,100.0,40.45632424,108.08182646000726,131.23082418000902,93.54402376000644,71.3357298600049,261.869720600018,2190.9009011399985,-1.0031257399999995,0.0029326200000005,0.0065114199999997,0.6442352799999799,1.8458176800000097,4.9549221400000105,9.27364983999994,-15.021286319999993,27.0,100.0,33.82,179.16092174001574,85.00426086000697,76.28805848000626,92.26776314000756,249.18069452002044,1707.7239290999937,1125,G53 G0 Z0.
16:37:20.286,5,1125,3.78069,2.24607,0.0,96.02941,57.05026,0.0,,558.8,0,0,,2,0,"{""sr"":{""mpox"":96.02941,""mpoy"":57.05026,""mpoz"":0,""mpoa"":0,""posx"":3.78069,""posy"":2.24607,""posz"":0,""posa"":0,""unit"":0,""stat"":5,""coor"":2,""momo"":0,""dist"":0,""home"":1,""mots"":1,""plan"":0,""line"":1125,""path"":2,""frmo"":2,""prbe"":1,""safe"":0,""estp"":0,""spc"":1,""hold"":0,""macs"":5,""cycs"":1,""sps"":0,""feed"":558.8,""mark"":1069948221}}",5.28778219757356,0.2041040311861609,0.2068505262726218,0.2193321762327565,5.28778219757356,0.2041040311861609,0.2068505262726218,0.2193321762327565,-0.99379084,0.0460453600000005,-0.018852880000001,-1.7525096400000022,-0.9860927200000033,0.8388957999999995,-31.79078095999998,36.47859632,-38.79078095999998,100.1,34.522092320000006,74.48055276000095,48.39838772000052,51.20980768000059,52.1670003200006,158.8939825600018,1940.3623919600032,-1.0262947999999996,-0.0875588799999996,0.0553190799999999,5.424729559999996,1.5590471600000109,2.0649887599999994,-3.487569200000003,16.164120400000016,-94.5124308,100.0,32.33209052,20.96546644000013,67.77208896000042,72.16021004000045,40.95579448000026,161.872903480001,1994.1150687199995,-0.9863930000000004,-0.0445176800000015,-0.0212714800000001,-5.532743999999992,-7.906623000000004,0.4932710799999971,-13.37879167999998,35.146191680000015,66.52498336,100.0,32.626712080000004,102.12856944000136,2.850099560000038,2.375082560000032,1.9000665600000253,5.700199400000076,1961.200630840003,-1.0235184399999997,0.1624562000000006,-0.0089328400000003,2.8613852799999995,1.7238556800000011,3.98720896,-5.419044479999978,31.0,39.24966216000002,100.0,33.0154392,119.27813143999764,2.719377799999948,2.175502239999958,1.6316266799999686,5.438755879999895,2057.1551641200067,-0.9213557200000008,0.093421400000001,-0.031055639999999,5.847036040000022,1.4684190000000283,1.2373776799999907,8.90574771999995,17.636987639999905,0.9711534400001692,100.0,40.45454252,69.29026612000362,79.95030776000416,56.99021924000297,43.46016732000227,160.31061608000834,2274.612212800004,-0.99172504,-0.0104598399999998,-0.0579629600000003,0.5345725599999945,1.8693154000000112,4.906778800000001,9.610184439999973,-15.0,26.0,100.0,33.81456876,64.70945572000457,46.77791968000331,42.10012832000297,50.67607992000358,136.43559980000964,1597.1729840799971,1125,G53 G0 Z0.
16:37:20.800,5,1125,3.78069,2.24607,0.0,96.02941,57.05026,0.0,,558.8,0,0,,2,0,"{""sr"":{""mpox"":96.02941,""mpoy"":57.05026,""mpoz"":0,""mpoa"":0,""posx"":3.78069,""posy"":2.24607,""posz"":0,""posa"":0,""unit"":0,""stat"":5,""coor"":2,""momo"":0,""dist"":0,""home"":1,""mots"":1,""plan"":0,""line"":1125,""path"":2,""frmo"":2,""prbe"":1,""safe"":0,""estp"":0,""spc"":1,""hold"":0,""macs"":5,""cycs"":1,""sps"":0,""feed"":558.8,""mark"":1069948221}}",5.325875238075997,0.2024871781362854,0.2088219250156169,0.2073261711688116,5.325875238075997,0.2024871781362854,0.2088219250156169,0.2073261711688116,-0.99496988,0.0424411200000001,0.0068767600000002,-1.516868800000003,-0.8222030000000055,1.002400599999998,-32.0,36.84814155999999,-38.67461124000001,100.1,34.53477272,77.13089571999913,49.813387119999504,55.41181035999943,58.5483285999994,177.43228019999813,1770.1122083599985,-0.99951112,-0.0670040399999999,0.0412138400000003,5.453214440000004,1.7564850799999994,2.0885149200000006,-2.834968960000062,11.339874560000249,-67.20954836000152,100.01959264,32.31195912,16.9228683999999,77.94775579999954,79.48619847999953,47.17890499999972,181.02340759999893,1827.993946880002,-0.9989319600000002,-0.0389609200000003,0.0220767600000002,-5.8417869199999926,-7.6433691600000015,0.5900734399999986,-13.524812919999992,35.78739659999998,68.04998027999997,100.0,32.63950024,110.21069483999872,2.6240639599999693,2.0992510399999755,2.0992510399999755,6.297753759999926,1757.3328677200018,-1.0337292399999998,0.1154521200000006,-0.0090762799999996,2.929259919999998,1.8716751999999977,3.933856880000001,-4.7655985999999775,30.54332851999999,38.98786867999996,100.0,33.02,99.77674456000226,2.283359400000052,1.8266879200000412,1.370015440000031,4.566718800000103,1884.475757199996,-0.977326000000002,0.3746098399999965,-0.0225941999999992,1.2885014000001334,1.1909630000000204,1.1705342399999974,10.707620959999971,23.180888320000097,10.921949999999832,100.0,40.4387872,95.57450647999654,114.33759995999586,81.50218659999705,62.15274675999776,229.26154627999168,1899.6808307600172,-1.0040648400000003,-0.0105320399999996,-0.0063157999999986,0.3627752399999916,1.8227135999999893,4.838056280000003,10.0,-15.0,25.93816192,100.0,33.84,104.22827199999531,76.0253281999966,68.05493111999695,82.15640283999632,220.71869463999008,1388.0794143600087,1125,G53 G0 Z0.
16:37:21.314,5,1125,3.78069,2.24607,0.0,96.02941,57.05026,0.0,,558.8,0,0,,2,0,"{""sr"":{""mpox"":96.02941,""mpoy"":57.05026,""mpoz"":0,""mpoa"":0,""posx"":3.78069,""posy"":2.24607,""posz"":0,""posa"":0,""unit"":0,""stat"":5,""coor"":2,""momo"":0,""dist"":0,""home"":1,""mots"":1,""plan"":0,""line"":1125,""path"":2,""frmo"":2,""prbe"":1,""safe"":0,""estp"":0,""spc"":1,""hold"":0,""macs"":5,""cycs"":1,""sps"":0,""feed"":558.8,""mark"":1069948221}}",5.186522600333294,0.2059455331734992,0.2091325652147275,0.2110561853471132,5.186522600333294,0.2059455331734992,0.2091325652147275,0.2110561853471132,-0.9867039199999982,0.0414322799999994,-0.0390125600000073,-1.7800150400000134,-1.0013580000000029,1.0033128800000204,-31.43306891999997,37.0,-40.0,100.1,34.5346686,71.46712216000354,51.05758916000251,58.42769796000288,65.16336520000338,196.12453800001,2551.456208479983,-1.0112468399999994,-0.0765049999999982,0.0156977599999969,5.337367680000013,1.934331439999991,2.1023676800000133,-3.4643465199999843,16.0,-95.11480775999992,100.0,32.31535688,53.02968220000155,86.24019000000253,85.7045365200025,51.42272176000151,197.12043396000576,2761.002640680038,-0.9956733999999964,-0.0294739600000049,-0.0096122000000023,-5.282975280000012,-8.322808320000025,0.4667382399999986,-13.802101960000044,36.0,67.9527626400001,100.0,32.63622524,119.6687113600068,2.876651320000164,2.301321440000131,2.301321440000131,6.328633520000361,3018.418379240024,-0.990354919999998,0.084033279999998,0.0068555199999987,2.874797839999981,1.8246121600000145,3.9155816799999785,-5.628536200000056,30.94764096000012,38.37146379999994,100.0,33.03319148,81.08389047998756,1.8573199999997203,1.485856199999776,1.1143923999998322,4.086104799999385,2518.0456882400067,-0.9984718800000149,0.4143280800000324,-0.0026899199999972,1.8524806399998468,0.9053967999999192,1.240958560000041,11.019334919999396,1.260127879997991,18.952707200002248,100.0,40.4089202,122.59836252001838,147.72721948002211,105.08431120001576,79.95545424001197,295.4544398800443,3991.55289172016,-1.0061442400000014,-0.0084203199999981,-0.0006683600000003,0.2835305600000078,1.7493373199999631,4.99618664000002,10.0,-15.0,25.092576840000017,100.0,33.83,192.09209368003357,105.23305948001838,93.54049752001634,112.7497074000197,304.0066174000532,2259.3738230399263,1125,G53 G0 Z0.
16:37:21.829,5,1125,3.78069,2.24607,0.0,96.02941,57.05026,0.0,,558.8,0,0,,2,0,"{""sr"":{""mpox"":96.02941,""mpoy"":57.05026,""mpoz"":0,""mpoa"":0,""posx"":3.78069,""posy"":2.24607,""posz"":0,""posa"":0,""unit"":0,""stat"":5,""coor"":2,""momo"":0,""dist"":0,""home"":1,""mots"":1,""plan"":0,""line"":1125,""path"":2,""frmo"":2,""prbe"":1,""safe"":0,""estp"":0,""spc"":1,""hold"":0,""macs"":5,""cycs"":1,""sps"":0,""feed"":558.8,""mark"":1069948221}}",5.217890867244649,0.1960535896224278,0.1895943111458287,0.2055958141255067,5.217890867244649,0.1960535896224278,0.1895943111458287,0.2055958141255067,-0.9910621999999988,0.0361235600000005,-0.0200680399999962,-1.8016836000000196,-0.9617389200000016,0.8618647800000075,-31.33035573999991,36.79649450000021,-39.91441140000006,100.1,34.54796522,77.6195697399954,47.2230949799972,54.82221327999675,62.42133235999629,187.2639962999889,1767.8123146799912,-1.002407819999999,-0.0636921000000031,0.0040811400000049,5.12605764000001,2.178362979999993,2.0554206200000023,-3.0,16.426023519999884,-94.1002379400001,100.0,32.31373478,80.19223895999939,85.7806930399969,85.7806930399969,51.57366833999813,197.3482206399929,1612.0462558800623,-0.9869476400000092,-0.0414292999999989,0.0360428799999958,-5.038671179999942,-8.491631160000017,0.3442276600000027,-14.0,37.0,67.44644388000005,100.0,32.62732576,115.69323717999174,2.767780939999802,2.214225039999841,2.214225039999841,6.089118219999565,1667.377547240034,-1.0169465600000078,0.0975648200000021,-0.0086251200000007,3.016830660000002,1.6919652000000218,4.118907640000009,-6.0,31.0,37.92318325999992,100.0,33.03336644,90.13772626001396,2.06737906000032,1.653902960000256,1.653902960000256,4.548234000000704,1737.9377543200244,-0.9487178400000004,0.0756056399999923,-0.0383362200000088,2.635341720000007,1.2498613799997933,1.2273057200000312,10.286682660000093,-6.815520659999411,14.404840879997186,100.0,40.37367810000001,109.10933563997878,131.18886663997432,93.5141153199817,71.31292255998605,262.37773427994864,1880.4825652999937,-1.0038312200000006,-0.0139906599999975,0.0106629199999998,0.4700670800000294,1.9915284599999088,4.925775199999988,10.0,-15.0,25.70123871999981,100.1,33.83,154.60015247996387,91.0901375399788,80.24607377998132,96.8519402599774,260.93707669993915,1693.300945999963,1125,G53 G0 Z0.
16:37:22.344,5,1125,3.78069,2.24607,0.0,96.02941,57.05026,0.0,,558.8,0,0,,2,0,"{""sr"":{""mpox"":96.02941,""mpoy"":57.05026,""mpoz"":0,""mpoa"":0,""posx"":3.78069,""posy"":2.24607,""posz"":0,""posa"":0,""unit"":0,""stat"":5,""coor"":2,""momo"":0,""dist"":0,""home"":1,""mots"":1,""plan"":0,""line"":1125,""path"":2,""frmo"":2,""prbe"":1,""safe"":0,""estp"":0,""spc"":1,""hold"":0,""macs"":5,""cycs"":1,""sps"":0,""feed"":558.8,""mark"":1069948221}}",5.409291185243366,0.2012566048025475,0.1964191023322332,0.201612698739051,5.409291185243366,0.2012566048025475,0.1964191023322332,0.201612698739051,-0.98600068,0.04139732,-0.0170430800000003,-1.7949996400000017,-0.9346425599999966,0.9527593199999967,-31.503112719999997,37.49688728000001,-39.69869224000003,100.1,34.55,65.58917944000095,44.71989468000066,51.17943532000074,56.64520040000082,170.9293767600025,2093.041409600005,-1.004166,-0.07568792,0.0199641199999991,5.344676560000008,1.8605264799999963,1.9818984799999972,-3.0,16.502572919999995,-95.0,100.0502576,32.33739456,100.6224218000006,80.08576336000064,79.84889036000067,48.01355604000041,184.0717085200015,1961.98916860002,-1.0365712399999996,-0.0332245999999994,0.0215997199999999,-5.313251480000005,-8.156978679999996,0.4485164000000044,-13.504140719999992,38.0,67.78700280000002,100.0,32.63008288,102.99564536000176,2.479297400000041,1.9834381200000328,1.9834381200000328,4.958595320000082,2350.6123323200145,-0.97970452,0.0972385199999999,-0.0046457999999995,2.859972839999999,1.7236298799999936,4.028,-6.492838600000013,31.0,36.0,100.0,33.03327588,109.54679763999698,2.5358054799999303,2.0286440799999443,2.0286440799999443,6.085933239999832,2088.477922840005,-0.9711898400000006,0.330223000000007,-0.0186724399999996,2.44274240000001,1.3656891599999708,1.1718654800000032,8.460930840000156,-0.4922537199998097,-13.959430919999605,100.0,40.4,80.1880862800047,94.5111412800055,67.22957460000391,51.15293748000298,189.41190284001104,2675.916215960008,-1.0035572399999992,-0.0139216400000005,0.0025028799999987,0.3673566000000042,2.2131613600000084,4.981520559999997,10.0,-15.0,26.028241599999927,100.04353936,33.83949508,85.05432556000613,59.76313728000453,52.910342560004025,63.1138046800048,170.39212720001294,1637.765177879996,1125,G53 G0 Z0.
16:37:22.858,5,1125,3.78069,2.24607,0.0,96.02941,57.05026,0.0,,558.8,0,0,,2,0,"{""sr"":{""mpox"":96.02941,""mpoy"":57.05026,""mpoz"":0,""mpoa"":0,""posx"":3.78069,""posy"":2.24607,""posz"":0,""posa"":0,""unit"":0,""stat"":5,""coor"":2,""momo"":0,""dist"":0,""home"":1,""mots"":1,""plan"":0,""line"":1125,""path"":2,""frmo"":2,""prbe"":1,""safe"":0,""estp"":0,""spc"":1,""hold"":0,""macs"":5,""cycs"":1,""sps"":0,""feed"":558.8,""mark"":1069948221}}",5.343516263549879,0.2052460972194073,0.2084615234756809,0.204269015784292,5.343516263549879,0.2052460972194073,0.2084615234756809,0.204269015784292,-0.9898020000000008,0.0265561999999971,0.0022428000000057,-1.8124622000000403,-0.8661546000000067,0.9262707999999912,-31.547568400000028,37.0,-40.073236799999805,100.1,34.555366400000004,68.31715039999592,42.98098859999743,47.95773399999714,50.219891799997,152.01696899999095,1791.1661986000113,-1.0047903999999988,-0.0839094,0.0168981999999996,5.435470799999992,1.7445667999999934,2.023852599999996,-4.0,17.0,-94.89079100000008,100.036464,32.310569,101.91216119999588,72.24306879999747,73.19076119999744,43.22922979999851,167.7046099999942,1928.1684579999571,-0.9999158000000034,-0.0121715999999983,0.0205412000000012,-5.458777000000056,-7.944970199999968,0.533276600000015,-12.649721600000138,39.0,67.8820634000001,100.0,32.627677,90.12377459999344,1.8891269999997744,1.7711903999998748,1.7711903999998748,4.427975799999687,1705.840894799922,-1.0044536000000033,0.1410184000000011,-0.0078267999999989,2.817844799999989,1.7419869999999902,4.063980400000003,-7.869384600000111,31.0,36.3103126,100.0,33.0317972,127.99711480001125,3.5390904000003105,2.9492426000002587,2.359394200000207,7.0781816000006215,1951.7843257999648,-1.0108760000000123,0.3260481999999817,-0.0213089999999994,3.114411799999945,1.202654599999827,1.0649984000000057,10.746882200000597,12.0255623999991,7.397111400001772,100.0,40.4170496,50.82408999998197,60.52663559997921,42.877359399985295,32.65935759998883,120.59610279995852,2004.194624999852,-1.0071794,-0.0091623999999992,-0.0193380000000001,0.4051935999999613,2.0698930000000564,4.985490399999996,10.0,-14.079957600000018,25.0,100.0,33.84,61.53206639996884,30.92880799998369,27.2807181999856,32.49227539998286,87.57486779995378,1500.3171141999655,1125,G53 G0 Z0.
16:37:23.500,3,1126,96.02941,57.05026,0.0,96.02941,57.05026,0.0,,0.0,1,0,,1,4,"{""sr"":{""mpox"":96.02941,""mpoy"":57.05026,""mpoz"":0,""mpoa"":0,""posx"":96.02941,""posy"":57.05026,""posz"":0,""posa"":0,""unit"":1,""stat"":3,""coor"":1,""momo"":4,""dist"":0,""home"":1,""mots"":0,""plan"":0,""line"":1126,""path"":2,""frmo"":2,""prbe"":1,""safe"":0,""estp"":0,""spc"":0,""hold"":0,""macs"":3,""cycs"":0,""sps"":0,""feed"":0,""mark"":1478216375}}",5.271734421249131,0.2054202581398969,0.208818548897137,0.2091189832431819,5.271734421249131,0.2054202581398969,0.208818548897137,0.2091189832431819,-0.9960284799999998,0.0442822399999996,-0.0045412799999994,-1.8849213199999904,-0.9572209600000006,0.8436868000000015,-31.847325439999985,36.84732543999999,-39.58344292000003,100.1,34.55476892,83.12412375999894,53.72426551999944,55.96924811999944,56.12192267999945,171.56928375999829,1768.985681559992,-1.0152159200000002,-0.0710784800000005,0.0330524799999994,5.321463159999996,1.8710344000000023,2.063046559999999,-3.707363200000016,16.0,-95.29263679999998,100.07073664,32.32534232,116.60031283999932,70.0624688399996,75.17651719999957,41.42379527999976,169.786420399999,1892.4072390800077,-0.997154599999999,0.01001244,0.0068473199999992,-5.152863480000002,-8.22695476,0.5071893999999971,-5.915380440000092,19.011284120000244,32.53117852000043,100.0,32.64526592,104.9435773999988,2.62358935999997,2.098871759999976,2.098871759999976,5.24717871999994,1966.77235212,-0.9858054,0.1327684799999988,-0.0180488400000001,2.8125476399999965,1.7752899999999987,4.00841116,-8.0,31.0,35.765592839999975,100.0,33.05012188,99.07810068000222,2.739823440000062,2.283185880000052,1.8265489600000413,5.479646880000124,1684.4274879200034,-0.9220323599999984,0.231894639999994,-0.0322861999999976,3.860162960000141,1.0074003599999977,1.1779110800000017,9.655050440000007,14.102645519999928,9.39437387999996,100.0,40.4,101.3604789599963,114.25025087999585,81.43992275999703,61.51936591999775,227.9146037199917,1971.814607280012,-1.01198024,-0.0086600000000002,0.0451136800000003,0.253860440000005,1.735157680000018,5.024756800000001,10.612783479999973,-15.0,25.450552840000025,100.03872156,33.84612748,131.74837867999412,68.63171303999694,61.27831519999727,72.92119575999675,195.4778261599913,1710.2923601200016,1126,M30
16:37:23.771,3,1126,96.02941,57.05026,0.0,96.02941,57.05026,0.0,,0.0,1,0,,1,4,"{""sr"":{""mpox"":96.02941,""mpoy"":57.05026,""mpoz"":0,""mpoa"":0,""posx"":96.02941,""posy"":57.05026,""posz"":0,""posa"":0,""unit"":1,""stat"":3,""coor"":1,""momo"":4,""dist"":0,""home"":1,""mots"":0,""plan"":0,""line"":1126,""path"":2,""frmo"":2,""prbe"":1,""safe"":0,""estp"":0,""spc"":0,""hold"":0,""macs"":3,""cycs"":0,""sps"":0,""feed"":0,""mark"":1478216375}}",5.302405554185759,0.2006581238636666,0.2023191580454606,0.2025564945824272,5.302405554185759,0.2006581238636666,0.2023191580454606,0.2025564945824272,-0.99306658,0.0549766599999999,-0.0133303,-1.7174744199999998,-1.0388562199999998,0.854,-31.43054022,37.0,-39.0,100.1,34.55569488,67.55987844000015,45.2066773400001,45.602349660000094,45.602349660000094,139.85569554000028,1570.515228080002,-0.997161,-0.0713309,0.0230050599999999,5.598643779999999,1.7529958,2.1000593000000003,-3.5115884199999967,16.972783039999996,-94.97278304,100.05388028,32.324884520000005,98.23443654000012,59.49409548000007,65.95081898000008,34.12839598000004,146.65986244000015,1950.4159775600008,-1.00530058,-0.0181618400000002,0.0169555199999999,-5.137777260000001,-8.444567379999999,0.3388446999999998,-12.445170640000002,39.4205788,68.55482936,100.0,32.62603970000001,83.2746699800002,2.1028958200000054,1.682316080000004,1.682316080000004,4.205791640000011,2003.1794721600008,-0.99796438,0.10765916,-0.0005196,3.02727104,1.6714611,4.07961764,-8.0,30.97921582,34.76920160000001,100.0,33.05594634,138.07260859999965,3.81710121999999,3.180917839999991,2.544734459999993,7.63420243999998,1678.4404676800004,-0.8897945400000001,0.2676687600000015,-0.0456262599999999,2.649274799999999,1.7642185199999976,1.264102119999999,10.282029280000009,6.946171240000019,5.274456980000037,100.0,40.39763468,36.47776994000057,43.90842628000069,31.298826700000493,23.64299864000037,87.59168172000139,2567.7719651800007,-0.99732398,-0.0183842199999998,-0.0234179,0.606999959999998,2.115025379999999,4.891677680000001,10.00593328,-15.0,26.154120320000008,100.01481888,33.84,19.70889380000061,16.300588360000503,14.522343060000445,17.337899460000532,46.38258464000143,1684.0605457800011,1126,M30
16:37:24.286,3,1126,96.02941,57.05026,0.0,96.02941,57.05026,0.0,,0.0,1,0,,1,4,"{""sr"":{""mpox"":96.02941,""mpoy"":57.05026,""mpoz"":0,""mpoa"":0,""posx"":96.02941,""posy"":57.05026,""posz"":0,""posa"":0,""unit"":1,""stat"":3,""coor"":1,""momo"":4,""dist"":0,""home"":1,""mots"":0,""plan"":0,""line"":1126,""path"":2,""frmo"":2,""prbe"":1,""safe"":0,""estp"":0,""spc"":0,""hold"":0,""macs"":3,""cycs"":0,""sps"":0,""feed"":0,""mark"":1478216375}}",5.0616107403806,0.1967048588211855,0.203359101008416,0.2027238810000724,5.0616107403806,0.1967048588211855,0.203359101008416,0.2027238810000724,-0.99478928,0.0442929599999996,-0.0153948399999998,-1.7202867999999991,-0.9632811200000002,0.8030942000000019,-32.0,36.20902464000002,-39.32595263999995,100.1,34.54476536,78.39963004000133,50.71942712000061,48.39532500000055,49.08086328000057,151.32218344000174,2064.644975960001,-1.00238912,-0.0727657600000005,0.0482235600000003,5.187747440000009,1.8799007199999969,2.1030994000000005,-3.348371199999981,16.34837119999998,-95.30325760000004,100.0,32.30861504,106.62671792000064,57.451838960000345,65.2419184800004,31.16031936000019,141.68207708000085,1818.3426295600093,-0.9887848399999994,0.0113568400000008,0.0327681199999995,-5.143227839999993,-8.03111248000001,0.5138227600000012,-13.0,38.47444292,67.29576952000004,100.0,32.64051104,95.83744940000123,2.3722142400000306,1.8977713200000244,1.8977713200000244,5.218870760000067,1884.707528680008,-1.0036088400000012,0.1275968399999992,-0.0028402400000001,2.7954034800000005,1.8537830399999968,4.063606720000002,-7.54092819999999,31.0,36.54092819999999,100.0,33.03665556,118.33859515999772,3.2455684799999376,2.704640279999948,2.1637124399999585,6.491136319999876,1914.1406778400185,-0.9213143599999972,0.5005749200000005,-0.0111488399999995,2.6085492399999834,1.7736074400000157,1.170971839999997,11.135878040000014,0.9696831199997754,8.624175080000382,100.0,40.41,69.30168392000361,79.14334336000414,56.58954048000295,43.05725908000224,157.87661760000825,2176.0730762000057,-1.0041870800000003,0.0024962800000001,0.0026301600000012,0.485583839999991,1.9606963200000047,4.983518879999998,10.0,-16.0,27.15627391999994,100.00348552,33.83421888,72.75750068000518,41.79686192000297,37.539774440002674,44.50591796000316,119.19845864000848,2045.7815729200177,1126,M30
16:37:24.752,3,1126,96.02941,57.05026,0.0,96.02941,57.05026,0.0,,0.0,1,0,,1,4,"{""sr"":{""mpox"":96.02941,""mpoy"":57.05026,""mpoz"":0,""mpoa"":0,""posx"":96.02941,""posy"":57.05026,""posz"":0,""posa"":0,""unit"":1,""stat"":3,""coor"":1,""momo"":4,""dist"":0,""home"":1,""mots"":0,""plan"":0,""line"":1126,""path"":2,""frmo"":2,""prbe"":1,""safe"":0,""estp"":0,""spc"":0,""hold"":0,""macs"":3,""cycs"":0,""sps"":0,""feed"":0,""mark"":1478216375}}",5.121544237593454,0.1994191473530098,0.2029848615237078,0.197499375636547,5.121544237593454,0.1994191473530098,0.2029848615237078,0.197499375636547,-0.9890377199999992,0.0429751600000006,-0.0069480799999992,-1.938278319999982,-0.8497229999999943,0.991268919999984,-32.13373792000005,36.60516616000008,-39.12735799999982,100.1,34.55394808,74.4856215200032,49.97136640000216,46.67137072000202,48.08565444000208,147.55695900000637,1427.591883400015,-1.0070248799999997,-0.0754806399999998,0.0215550400000016,5.471647039999992,1.3269579600000714,2.045556199999999,-3.5173144399999883,16.0,-94.17502432000008,100.0,32.31350048,91.90038512000604,54.54352260000133,62.4415238800016,29.268823840000653,133.5713961600034,1598.5849124399904,-1.0112990399999982,-0.0317002400000035,0.0212372799999993,-5.037544320000031,-8.318460919999985,0.2345150000000103,-13.811404479999926,38.0,67.90987848000012,100.0,32.63434208,95.43028648000478,2.3365638000001123,1.8692512400000896,1.8692512400000896,5.140441160000247,1722.616133040027,-1.0087684000000037,0.1015898400000067,-0.0012704800000003,2.7995262400000125,1.7684142400000076,4.25024708,-6.556461639999962,31.0,36.44353836000004,100.0,33.04765264,121.8650891199916,2.782307839999808,2.782307839999808,2.2258461999998462,6.677538959999539,1350.2580853200204,-0.9145492400000172,0.3205497999999654,-0.0279989599999925,2.9869806000000807,1.513296120000046,1.290303760000017,9.73608623999975,-12.523660000000351,8.11797420000061,100.0,40.43,66.90762496001324,73.63186280001483,53.092448360010685,40.303756400008105,147.13593628002968,1743.7969231599684,-1.0111146400000015,-0.0068619199999992,0.0031707200000023,0.3612909599999335,1.7774244800000367,4.965858159999987,9.711951039999889,-15.065570359999988,26.0,100.00655724,33.84065552,58.8248219600145,37.83726584001076,33.947453280009654,40.37817112001145,108.98031668003092,1224.983637720024,1126,M30
16:37:25.273,3,1126,96.02941,57.05026,0.0,96.02941,57.05026,0.0,,0.0,1,0,,1,4,"{""sr"":{""mpox"":96.02941,""mpoy"":57.05026,""mpoz"":0,""mpoa"":0,""posx"":96.02941,""posy"":57.05026,""posz"":0,""posa"":0,""unit"":1,""stat"":3,""coor"":1,""momo"":4,""dist"":0,""home"":1,""mots"":0,""plan"":0,""line"":1126,""path"":2,""frmo"":2,""prbe"":1,""safe"":0,""estp"":0,""spc"":0,""hold"":0,""macs"":3,""cycs"":0,""sps"":0,""feed"":0,""mark"":1478216375}}",5.150832440055437,0.1930194677024392,0.201035549090913,0.197314315278914,5.150832440055437,0.1930194677024392,0.201035549090913,0.197314315278914,-0.9910937,0.0351440999999998,0.0076281000000006,-1.8114733000000047,-0.9337910999999924,0.8656787999999986,-32.62002989999996,36.05782369999995,-39.0,100.1,34.5705782,72.07072919999867,46.84393109999858,43.77937509999867,44.71278649999859,137.96285579999574,1368.9848333999992,-1.0092782999999992,-0.0655782999999995,0.0065992999999983,5.426086499999996,2.001946800000024,1.9542282999999945,-3.0,16.0,-94.51006519999996,100.0045733,32.315100400000006,86.36572149999861,52.93382909999915,60.82747039999903,28.324242399999548,130.01291399999792,1495.9089283000087,-0.9961554999999976,-0.0442190000000019,-0.002454800000001,-5.2516262000000165,-8.172957199999983,0.4480749000000033,-14.0,37.42762879999999,67.89632909999993,100.0,32.6357234,89.3744477999968,2.138144999999924,1.7105161999999388,1.7105161999999388,4.703917899999832,1502.6083850999987,-1.0326351000000047,0.0985295999999984,-0.0024863999999995,3.0035409000000075,1.7131984000000098,3.960749399999989,-6.96526050000003,31.620713300000023,37.0,100.0,33.04,136.52224010000572,3.103567400000129,3.103567400000129,2.4828541000001034,6.827849000000285,1427.8965050000024,-1.0384179000000058,0.2540377000000133,0.0026237000000003,2.3631384000001465,1.1564804999999525,1.2943637000000128,10.475096599999908,13.412010800000187,-11.673498300000505,100.0,40.43,42.723391299990745,47.41555549998973,34.079930599992615,25.93038199999438,94.33719879997956,1918.1835368000516,-1.0095923000000009,0.0010578000000015,0.0156861000000014,0.635262900000015,1.7776280999999725,5.006138099999999,9.90671400000008,-15.039805500000051,25.93719090000014,100.0990671,33.8482023,34.14961279998692,19.411358499992563,17.434276299993318,20.84923719999201,56.07725889997851,1417.0169972000408,1126,M30
16:37:25.782,3,1126,96.02941,57.05026,0.0,96.02941,57.05026,0.0,,0.0,1,0,,1,4,"{""sr"":{""mpox"":96.02941,""mpoy"":57.05026,""mpoz"":0,""mpoa"":0,""posx"":96.02941,""posy"":57.05026,""posz"":0,""posa"":0,""unit"":1,""stat"":3,""coor"":1,""momo"":4,""dist"":0,""home"":1,""mots"":0,""plan"":0,""line"":1126,""path"":2,""frmo"":2,""prbe"":1,""safe"":0,""estp"":0,""spc"":0,""hold"":0,""macs"":3,""cycs"":0,""sps"":0,""feed"":0,""mark"":1478216375}}",5.240958765811336,0.1973590333182754,0.1946111362191201,0.1968649315317173,5.240958765811336,0.1973590333182754,0.1946111362191201,0.1968649315317173,-0.98969472,0.0402735199999997,-0.00015596,-1.6585466399999993,-0.8585772800000013,1.038,-32.0,37.0,-39.67726612000008,100.1,34.58,75.79775751999921,51.67660611999878,46.82945855999903,49.01960547999891,150.02130399999663,1247.5162108399943,-1.00587288,-0.07630288,0.0237535200000003,5.440399320000006,1.9744319200000136,2.021753199999998,-3.127099839999969,16.127099839999968,-95.0,100.01271004,32.32127092,80.32848131999897,50.98694023999935,59.645100279999234,27.417505559999647,123.6192803599984,1173.0841513999922,-0.9791444399999994,-0.0287141999999997,0.0064868399999996,-5.642887320000011,-8.056422279999985,0.4647806000000083,-13.57505095999996,37.42494904000004,67.11527123999997,100.0,32.64344504,96.09390951999744,2.2988977199999394,1.8391177199999516,1.8391177199999516,5.057574439999866,1267.1689261599895,-1.01061828,0.1233352799999999,-0.0106543200000001,2.9732001200000044,1.793582839999995,3.98083360000001,-6.0,31.0,37.0,100.0,33.04805456,124.50239216000456,2.851097360000105,2.753829560000129,2.2808781200000845,6.2724146800002325,1016.8737257999956,-1.0059517999999976,0.1822379599999994,-0.0160224800000016,3.403936759999973,1.228714880000011,1.3168982399999971,13.47810360000008,12.98426980000056,17.95249123999935,100.0,40.441134080000005,60.169644559993,70.38025123999181,50.323702959994144,38.28977375999554,141.48983163998352,1341.420034159991,-1.0081993600000003,-0.00943684,0.0075362799999999,0.642683919999995,1.5965433999999872,4.897298879999988,10.0,-16.0,26.65069640000006,100.03221724,33.843493360000004,71.84380679998772,34.149970719994165,30.60610607999477,36.40515735999378,97.93953915998328,1242.8784964799931,1126,M30
16:37:26.295,3,1126,96.02941,57.05026,0.0,96.02941,57.05026,0.0,,0.0,1,0,,1,4,"{""sr"":{""mpox"":96.02941,""mpoy"":57.05026,""mpoz"":0,""mpoa"":0,""posx"":96.02941,""posy"":57.05026,""posz"":0,""posa"":0,""unit"":1,""stat"":3,""coor"":1,""momo"":4,""dist"":0,""home"":1,""mots"":0,""plan"":0,""line"":1126,""path"":2,""frmo"":2,""prbe"":1,""safe"":0,""estp"":0,""spc"":0,""hold"":0,""macs"":3,""cycs"":0,""sps"":0,""feed"":0,""mark"":1478216375}}",5.3497061225254985,0.2053934069042893,0.2070922551490021,0.2068143367561896,5.3497061225254985,0.2053934069042893,0.2070922551490021,0.2068143367561896,-0.9865289199999998,0.0384792200000001,-0.0049015799999999,-1.8392452999999904,-0.8956043199999971,0.9815214799999956,-32.0,36.19355051999998,-39.49346709999999,100.1,34.57312984,85.11398952000168,62.92947838000106,51.66632858000083,57.35761964000097,170.50794710000278,2152.604666619966,-1.0082692800000002,-0.0755021400000001,0.032673240000001,5.234667060000003,1.784748160000001,1.9682788999999985,-4.0,16.749522640000027,-94.75306177999995,100.05025842,32.3174953,87.95226682000077,35.18090682000031,40.20675064000036,18.595622020000164,72.37215086000064,2143.226772859977,-0.974103800000001,-0.0248581599999999,0.0103433199999995,-5.138323680000005,-8.212929799999998,0.3629764800000031,-13.77811507999998,37.27145519999997,67.95042972000006,100.0,32.64778114,105.38524748000192,2.0266395200000367,1.5199796400000276,1.5199796400000276,5.066598260000092,2513.330768419964,-1.058121659999999,0.12035252,-0.0108701999999995,2.855980419999997,1.7250700000000054,3.978445840000001,-6.187635420000018,30.812364579999983,38.0,100.0,33.05437104,105.58881531999668,2.2478633799999046,1.948399239999938,1.4612991399999535,4.8709975999998445,2218.7412554799766,-1.0445566599999982,0.2035235399999956,0.0442927599999991,3.057415459999819,1.461596220000006,1.2066561199999868,10.392023599999824,3.5348994799997797,11.060919240000276,100.0,40.43099306,84.45841590000512,90.79279722000553,66.51100274000403,51.73077966000314,186.86424504001133,2790.188229659948,-0.99931644,-0.0084694399999993,-0.0049122000000001,0.3465304599999986,1.810351999999984,4.847450879999998,10.417224599999953,-15.46994479999996,25.582775400000045,100.05827754,33.8558278,124.03288934000967,87.45908830000684,71.5574365600056,83.74870306000655,227.92368558001783,2011.5591994599415,1126,M30
16:37:26.810,3,1126,96.02941,57.05026,0.0,96.02941,57.05026,0.0,,0.0,1,0,,1,4,"{""sr"":{""mpox"":96.02941,""mpoy"":57.05026,""mpoz"":0,""mpoa"":0,""posx"":96.02941,""posy"":57.05026,""posz"":0,""posa"":0,""unit"":1,""stat"":3,""coor"":1,""momo"":4,""dist"":0,""home"":1,""mots"":0,""plan"":0,""line"":1126,""path"":2,""frmo"":2,""prbe"":1,""safe"":0,""estp"":0,""spc"":0,""hold"":0,""macs"":3,""cycs"":0,""sps"":0,""feed"":0,""mark"":1478216375}}",5.154589918211325,0.1962146764683703,0.1922372792867064,0.1957863650651384,5.154589918211325,0.1962146764683703,0.1922372792867064,0.1957863650651384,-0.9877837199999996,0.0433905600000001,-0.0123388799999999,-1.6907418800000058,-0.9286489600000032,0.9662587200000006,-31.932351360000037,36.0,-40.0,100.1,34.57,92.04412036000198,68.10111620000153,56.474096560001264,62.07842088000135,181.116957280004,1321.2034739599974,-1.0109669599999995,-0.07269884,0.0384126399999997,5.401013879999996,1.9790885599999983,2.047880159999997,-4.0,16.381218880000034,-94.61878111999997,100.0,32.3246828,78.68958196000106,27.64769116000037,29.7744360800004,14.355531560000196,51.04189080000069,1907.8996967199723,-0.9728659200000006,-0.0255614799999993,0.0083976799999995,-5.215612800000002,-8.248800960000006,0.4001414400000009,-13.440306279999986,37.65419467999997,67.65419467999997,100.0,32.629055040000004,115.29694456000291,2.238775720000057,1.6790820000000428,1.6790820000000428,5.037245000000128,1635.8570953199674,-1.0203973600000025,0.1220446399999999,-0.0069367999999995,2.8448850400000016,1.6821789600000052,4.034348959999996,-5.375511200000311,27.773474720001605,33.753657160001936,100.0,33.04,86.38979403999463,1.5813141999999034,1.2900668799998758,1.1859854399999274,3.5579573199997823,1538.7951264799522,-1.0165624400000102,0.126338719999984,0.0051432800000035,-0.0140351600001975,1.1156588799999323,1.2251945199999863,7.450022760000179,-9.052765000000756,22.442339880000564,100.0,40.44129856,107.88038508000751,114.977778880008,83.03950704000579,66.00576136000458,233.50425424001625,2298.559521399892,-1.00593916,-0.0150802400000004,-0.0014160800000019,0.5732566799999913,1.7015551600000098,4.904282959999986,10.0,-15.917077719999993,26.143942559999928,100.02268672,33.82061028,114.42406344000943,168.5435526000139,139.16440188001147,156.17338372001288,438.36786460003617,1221.986638439941,1126,M30
16:37:27.324,3,1126,96.02941,57.05026,0.0,96.02941,57.05026,0.0,,0.0,1,0,,1,4,"{""sr"":{""mpox"":96.02941,""mpoy"":57.05026,""mpoz"":0,""mpoa"":0,""posx"":96.02941,""posy"":57.05026,""posz"":0,""posa"":0,""unit"":1,""stat"":3,""coor"":1,""momo"":4,""dist"":0,""home"":1,""mots"":0,""plan"":0,""line"":1126,""path"":2,""frmo"":2,""prbe"":1,""safe"":0,""estp"":0,""spc"":0,""hold"":0,""macs"":3,""cycs"":0,""sps"":0,""feed"":0,""mark"":1478216375}}",5.372667370517965,0.1985078779358643,0.2009738143618795,0.1950116777595991,5.372667370517965,0.1985078779358643,0.2009738143618795,0.1950116777595991,-0.99406984,0.04143768,-0.004702,-1.762365759999994,-0.8978766399999988,0.9245238400000008,-32.0,36.3676464,-39.26470720000001,100.1,34.55,90.5602223999997,68.62327407999977,56.81107135999981,62.99841571999978,183.9328739199994,1741.4906228399957,-1.0020704,-0.07644912,0.0237488,5.481579639999998,1.8790996,2.0759631999999995,-3.4805468799999937,17.0,-95.05469984,100.0,32.33961136,85.95586535999982,27.297564319999942,29.973796799999946,14.451651679999973,51.328951239999896,1553.924307559999,-1.00065412,-0.0305673999999999,0.0105183199999999,-5.434381639999998,-8.167010199999998,0.4503637599999998,-13.0,37.95086144,67.95086144,100.0,32.626052439999995,118.06195443999958,2.271367199999992,1.7035249599999938,1.7035249599999938,5.110575879999981,1907.0175911599983,-1.01147252,0.12127872,-0.0110585999999999,2.8354208799999987,1.825566039999998,4.056145159999999,-6.0,31.0,37.95854432,100.0,33.0395854,83.08468120000074,1.538605000000014,1.1539534400000104,1.1539534400000104,3.461861320000031,2742.826845519988,-0.98045572,0.6553805199999979,-0.0546239599999994,2.7308320799999777,1.308611840000009,1.2764412399999996,8.843916720000026,4.3310726799999735,8.085313880000278,100.0,40.43288872,111.57290031999892,117.39839519999887,84.3964707999992,67.51717723999936,237.7551021599977,3325.2488601999803,-1.00360308,-0.01042196,-0.0009888,0.5599572799999974,1.9294506799999989,4.967468399999998,10.0,-15.79490751999999,26.19302672000001,100.0012066,33.77,186.72302223999785,175.920097639998,145.25512631999837,163.02059631999816,457.5536487199948,1813.323980439992,1126,M30
