t_console,stat,line,posx,posy,posz,mpox,mpoy,mpoz,vel,feed,unit,dist,plane,coor,momo,raw_json,spindle,x_motor,y_motor,z_motor,spindle_A,x_motor_A,y_motor_A,z_motor_A,spindle2.Ax,spindle2.Ay,spindle2.Az,spindle2.Gx,spindle2.Gy,spindle2.Gz,spindle2.Mx,spindle2.My,spindle2.Mz,spindle2.Pressure,spindle2.Temperature,spindle2.Proximity,spindle2.ColorR,spindle2.ColorG,spindle2.ColorB,spindle2.ColorA,spindle2.RMS,frame_l3.Ax,frame_l3.Ay,frame_l3.Az,frame_l3.Gx,frame_l3.Gy,frame_l3.Gz,frame_l3.Mx,frame_l3.My,frame_l3.Mz,frame_l3.Pressure,frame_l3.Temperature,frame_l3.Proximity,frame_l3.ColorR,frame_l3.ColorG,frame_l3.ColorB,frame_l3.ColorA,frame_l3.RMS,frame_l2.Ax,frame_l2.Ay,frame_l2.Az,frame_l2.Gx,frame_l2.Gy,frame_l2.Gz,frame_l2.Mx,frame_l2.My,frame_l2.Mz,frame_l2.Pressure,frame_l2.Temperature,frame_l2.Proximity,frame_l2.ColorR,frame_l2.ColorG,frame_l2.ColorB,frame_l2.ColorA,frame_l2.RMS,frame_r2.Ax,frame_r2.Ay,frame_r2.Az,frame_r2.Gx,frame_r2.Gy,frame_r2.Gz,frame_r2.Mx,frame_r2.My,frame_r2.Mz,frame_r2.Pressure,frame_r2.Temperature,frame_r2.Proximity,frame_r2.ColorR,frame_r2.ColorG,frame_r2.ColorB,frame_r2.ColorA,frame_r2.RMS,y_bed__3.Ax,y_bed__3.Ay,y_bed__3.Az,y_bed__3.Gx,y_bed__3.Gy,y_bed__3.Gz,y_bed__3.Mx,y_bed__3.My,y_bed__3.Mz,y_bed__3.Pressure,y_bed__3.Temperature,y_bed__3.Proximity,y_bed__3.ColorR,y_bed__3.ColorG,y_bed__3.ColorB,y_bed__3.ColorA,y_bed__3.RMS,y_bed__4.Ax,y_bed__4.Ay,y_bed__4.Az,y_bed__4.Gx,y_bed__4.Gy,y_bed__4.Gz,y_bed__4.Mx,y_bed__4.My,y_bed__4.Mz,y_bed__4.Pressure,y_bed__4.Temperature,y_bed__4.Proximity,y_bed__4.ColorR,y_bed__4.ColorG,y_bed__4.ColorB,y_bed__4.ColorA,y_bed__4.RMS,gcode_line,gcode_string
16:28:43.826,5,26,1.5437,1.4565,0.0979,86.77111,53.88034,-23.50584,,185.42,0,0,,2,1,"{""sr"":{""mpox"":86.77111,""mpoy"":53.88034,""mpoz"":-23.50584,""mpoa"":0,""posx"":1.5437,""posy"":1.4565,""posz"":0.0979,""posa"":0,""unit"":0,""stat"":5,""coor"":2,""momo"":1,""dist"":0,""home"":1,""mots"":0,""plan"":0,""line"":26,""path"":2,""frmo"":2,""prbe"":1,""safe"":0,""estp"":0,""spc"":0,""hold"":0,""macs"":5,""cycs"":1,""sps"":0,""feed"":185.42,""mark"":153225072}}",4.957692834286718,0.2011327969375997,0.2064272067218553,0.212344488245435,4.957692834286718,0.2011327969375997,0.2064272067218553,0.212344488245435,-1.034,-0.07,-0.006,2.38,1.282,1.099,11.0,-27.0,41.0,100.0,40.54,0.0,0.0,0.0,0.0,0.0,389.0,-1.004,-0.011,-0.002,0.549,1.953,4.761,10.0,-17.0,30.0,100.0,32.88,0.0,0.0,0.0,0.0,0.0,432.0,-0.991,0.039,-0.009,-1.648,-1.038,0.916,-33.0,35.0,-31.0,100.0,33.54,0.0,0.0,0.0,0.0,0.0,321.0,-1.006,-0.073,0.02,5.371,1.709,2.014,-5.0,17.0,-95.0,100.0,32.23,244.0,25.0,28.0,21.0,66.0,373.0,-0.997,-0.029,0.013,-4.639,-8.728,0.244,4.0,28.0,44.0,100.0,32.61,145.0,12.0,9.0,9.0,26.0,464.0,-1.008,0.123,-0.011,2.869,1.526,4.211,-23.0,35.0,33.0,100.0,33.04,0.0,0.0,0.0,0.0,0.0,404.0,26,X1.5437 Y1.4565 Z0.0979
16:28:44.093,5,58,1.6877,1.6224,0.0884,90.42871,58.0942,-23.74714,,185.42,0,0,,2,1,"{""sr"":{""mpox"":90.42871,""mpoy"":58.0942,""mpoz"":-23.74714,""mpoa"":0,""posx"":1.6877,""posy"":1.6224,""posz"":0.0884,""posa"":0,""unit"":0,""stat"":5,""coor"":2,""momo"":1,""dist"":0,""home"":1,""mots"":0,""plan"":0,""line"":58,""path"":2,""frmo"":2,""prbe"":1,""safe"":0,""estp"":0,""spc"":0,""hold"":0,""macs"":5,""cycs"":1,""sps"":0,""feed"":185.42,""mark"":153225072}}",5.340939790495183,0.2098619620465077,0.2057407989955925,0.2082640539463585,5.340939790495183,0.2098619620465077,0.2057407989955925,0.2082640539463585,-1.03197738,-0.07034098,-0.004,2.27880666,1.54676654,0.97704012,11.9996702,-27.0,42.0,100.0,40.54658878,104.15864253999996,123.27675827999992,88.33735609999995,66.58263433999997,245.23537861999984,475.66401966,-1.00404158,-0.01067432,-0.00307368,0.46362926,1.89511398,4.83933392,11.0,-17.316316620000002,29.04160112,100.0,32.86725278,150.88937837999993,62.92408117999997,49.44034911999997,54.57700883999997,157.95228519999992,410.27318088,-0.991,0.03985414,-0.01047464,-1.62180786,-0.8603101000000001,0.8748820399999999,-32.52503742,35.0,-32.0,100.0,33.53145724,89.29291436000001,31.347512060000003,27.072851820000004,25.173002500000003,79.79366806,304.34550304,-1.0065512,-0.0746653799999999,0.02109316,5.15251014,1.57302394,2.03477146,-4.5511175,16.44274386,-94.33437056,100.0,32.23114482,140.76893785999997,13.931391839999996,15.154276419999997,11.702369279999996,36.22161877999999,420.39947218,-0.99740054,-0.02940054,0.0135994599999999,-5.21316092,-8.04844956,0.4063480399999999,4.0,28.0,44.0,100.0,32.62536976,89.69265283999997,7.190350299999998,5.392762719999998,5.392762719999998,15.579091879999991,533.17201726,-1.00634736,0.1239932,-0.0119966,2.79033196,1.78922608,4.18980482,-24.0,35.65590536,32.99662924,100.0,33.02006732,73.59639584000008,1.3628961800000017,1.022172300000001,1.022172300000001,3.0665165600000037,442.592259,58,X1.6877 Y1.6224 Z0.0884
16:28:44.341,5,91,1.4648,1.628,0.0786,84.76705,58.23644,-23.99606,,185.42,0,0,,2,1,"{""sr"":{""mpox"":84.76705,""mpoy"":58.23644,""mpoz"":-23.99606,""mpoa"":0,""posx"":1.4648,""posy"":1.628,""posz"":0.0786,""posa"":0,""unit"":0,""stat"":5,""coor"":2,""momo"":1,""dist"":0,""home"":1,""mots"":0,""plan"":0,""line"":91,""path"":2,""frmo"":2,""prbe"":1,""safe"":0,""estp"":0,""spc"":0,""hold"":0,""macs"":5,""cycs"":1,""sps"":0,""feed"":185.42,""mark"":153225072}}",5.149866289638831,0.198368017027942,0.1822672567276245,0.1988852695591173,5.149866289638831,0.198368017027942,0.1822672567276245,0.1988852695591173,-1.0300202,-0.0709988,-0.0049958,2.4651942,1.4412735,1.1116375,11.9950079,-27.0,41.9994375,100.0,40.53,51.0142206,57.7303014,41.3214829,30.6905677,115.1567354,424.8319612,-1.0042793,-0.0102793,-0.003951,0.5289614,1.8160979,4.9718266,10.0,-17.0,29.7208431,100.0,32.87,68.3301835,32.1933575,25.2947802,27.9228096,80.8118967,322.9184777,-0.9901284,0.039,-0.0094548,-1.5702286,-1.0223223,0.8461609999999999,-33.0,35.399137200000006,-32.8714932,100.0,33.55,110.0342002,35.3521487,30.0757089,27.9651323,88.6441934,309.9818682,-1.0056673,-0.0759049,0.0250995,5.4667946,1.8195284,2.0255884,-4.5226686,16.0,-93.427682,100.0,32.2557231,98.7945046,10.2643641,10.6920461,8.1259548,26.943956,332.9129169,-0.9976261,-0.029,0.0139451,-5.3932122,-8.2117939,0.5597539,4.0549105,28.0,43.4836132,100.0,32.64,56.4425952,4.485504499999999,3.3641282,3.3641282,9.7185927,434.7769387,-1.0079946,0.123307,-0.0110026999999999,2.826557,1.7278942,4.21616,-24.0,35.0,33.0,100.0,33.0539159,149.6022397,2.7831427,2.0873571,1.3915715,5.5662864,394.4416305,91,X1.4648 Y1.628 Z0.0786
16:28:44.603,5,112,1.5101,1.4715,0.0723,85.91767,54.26134,-24.15608,,185.42,0,0,,2,1,"{""sr"":{""mpox"":85.91767,""mpoy"":54.26134,""mpoz"":-24.15608,""mpoa"":0,""posx"":1.5101,""posy"":1.4715,""posz"":0.0723,""posa"":0,""unit"":0,""stat"":5,""coor"":2,""momo"":1,""dist"":0,""home"":1,""mots"":0,""plan"":0,""line"":112,""path"":2,""frmo"":2,""prbe"":1,""safe"":0,""estp"":0,""spc"":1,""hold"":0,""macs"":5,""cycs"":1,""sps"":12000,""feed"":185.42,""mark"":153225072}}",5.250544823576782,0.2013794103113662,0.209572852950124,0.2107913997694325,5.250544823576782,0.2013794103113662,0.209572852950124,0.2107913997694325,-1.03262282,-0.06991994,-0.00499178,2.29533548,1.6250084,1.04352998,5.5486725,-12.490508340000002,18.97234418,100.0,40.524625920000005,73.58364552,87.84982889999999,62.55275824,46.914568200000005,174.77976456000002,424.24999124,-1.004,-0.0110299,-0.00345702,0.49165516,1.95274118,4.97110648,10.0,-17.0,28.02996026,100.0,32.87495694,103.39717884,45.64379986,35.862985560000006,39.58900984,115.04100524000002,409.52633438,-0.99101182,0.039,-0.00996946,-1.60375166,-0.84301202,1.00712518,-33.23152608,34.76847392,-32.23152608,100.0,33.54768448,69.84796036,33.40554662,29.35638918,26.82566572,85.03229988,322.2020434,-1.00648636,-0.07582828,0.02205752,5.2560476,1.66017188,1.9704363,-4.82845928,16.82845928,-94.5140019,100.0,32.24142898,117.29708374,11.6639547,12.149952799999998,9.23396374,30.13188218,361.77127458,-0.998,-0.02910044,0.01362556,-5.14673568,-8.17592448,0.4712676799999999,4.10024506,28.0,43.89975494,100.0,32.62,70.66999162,5.6974874,4.27311528,4.27311528,12.34455598,510.04014222,-1.00708504,0.12300324,-0.012,2.6863969,1.74736602,4.05601032,-24.54081512,34.54406916,32.99674596,100.0,33.049967599999995,118.43846428,2.16326002,1.6224449,1.08162978,4.32651904,456.35772582,112,X1.5101 Y1.4715 Z0.0723
16:28:45.112,5,112,1.5101,1.4715,0.0723,85.91767,54.26134,-24.15608,,185.42,0,0,,2,1,"{""sr"":{""mpox"":85.91767,""mpoy"":54.26134,""mpoz"":-24.15608,""mpoa"":0,""posx"":1.5101,""posy"":1.4715,""posz"":0.0723,""posa"":0,""unit"":0,""stat"":5,""coor"":2,""momo"":1,""dist"":0,""home"":1,""mots"":0,""plan"":0,""line"":112,""path"":2,""frmo"":2,""prbe"":1,""safe"":0,""estp"":0,""spc"":1,""hold"":0,""macs"":5,""cycs"":1,""sps"":12000,""feed"":185.42,""mark"":153225072}}",5.311457902031651,0.198790184022206,0.1965737481625395,0.1945732816422958,5.311457902031651,0.198790184022206,0.1965737481625395,0.1945732816422958,-1.0335571600000002,-0.07027944,-0.00455788,2.1432104,1.55276628,1.04526224,12.0,-27.0,41.0,100.0,40.54,44.54932736,54.07559911999999,38.38526975999999,28.578814280000003,107.87101352,370.99985248,-1.00468964,-0.01098068,-0.0042910399999999,0.69355084,1.60115504,4.88835024,9.8061798,-16.98106284,29.10798208,100.0,32.84349344,73.60212179999998,30.434632160000003,23.91292576,26.39738536,76.70769648,346.73324512,-0.99015736,0.03884264,-0.01,-1.600521,-0.94894176,0.9956768,-33.30617208,34.46356204,-31.62095172,100.0,33.54,113.72491372,35.94136396,30.5769818,28.96766664,90.12162996,375.56135712,-1.0062304,-0.0755792,0.02492872,5.2301344,1.80098632,1.94138868,-4.2302437600000005,16.579404959999998,-94.80964872,100.0,32.26,97.90627932,9.864035480000002,10.93546832,7.99130404,26.07688704,392.64958964,-0.99758804,-0.02922764,0.0129048399999999,-5.17132,-8.2579478,0.58581304,4.22776936,28.0,43.0,100.0,32.61359972,54.68807588000001,4.31925364,3.23944012,3.23944012,9.35838248,394.51697992,-1.00771448,0.1230072,-0.0110072,2.82498424,1.709,4.06284112,-24.0,35.0,32.99284824,100.0,33.0471444,152.88546452,2.8576718,2.1432546,2.1432546,6.429762800000001,371.57592816,112,X1.5101 Y1.4715 Z0.0723
16:28:45.626,5,112,1.5101,1.4715,0.0723,85.91767,54.26134,-24.15608,,185.42,0,0,,2,1,"{""sr"":{""mpox"":85.91767,""mpoy"":54.26134,""mpoz"":-24.15608,""mpoa"":0,""posx"":1.5101,""posy"":1.4715,""posz"":0.0723,""posa"":0,""unit"":0,""stat"":5,""coor"":2,""momo"":1,""dist"":0,""home"":1,""mots"":0,""plan"":0,""line"":112,""path"":2,""frmo"":2,""prbe"":1,""safe"":0,""estp"":0,""spc"":1,""hold"":0,""macs"":5,""cycs"":1,""sps"":12000,""feed"":185.42,""mark"":153225072}}",5.320728279038413,0.2028419547023701,0.2024655717016678,0.206514238007275,5.320728279038413,0.2028419547023701,0.2024655717016678,0.206514238007275,-1.030998,-0.07,-0.002004,2.136239,1.465119,0.976881,11.0,-26.998044,42.0,100.0,40.53002,0.309101,0.377573,0.268018,0.199546,0.75319,433.737851,-1.004069,-0.011,-0.003931,0.370212,1.669059,4.891424,10.0,-17.930954,29.069046,100.0,32.85069,16.985238,6.766477,5.316518,5.868883,17.054284,418.752528,-0.991427,0.039427,-0.008573,-1.682981,-0.916,0.968037,-33.0,35.0,-31.426536,100.0,33.53,92.327779,38.422119,33.260939,30.393617,96.34203,275.706142,-1.006682,-0.074318,0.021682,5.36815,1.850383,1.953,-4.682243,15.317757,-95.0,100.0,32.236822,78.486061,7.943933,8.897205,6.355147,20.654227,343.149523,-0.998,-0.029,0.013,-5.332642,-8.007321,0.587358,4.0,27.814411,43.814411,100.0,32.63,27.838312,2.227065,1.670299,1.855887,4.825307,412.681195,-1.007994,0.123994,-0.012,2.808743,1.829142,4.089372,-24.0,35.0,34.987815,100.0,33.030061,212.696187,3.97563,2.981722,2.981722,8.945167,348.396018,112,X1.5101 Y1.4715 Z0.0723
16:28:46.159,5,112,1.5101,1.4715,0.0723,85.91767,54.26134,-24.15608,,185.42,0,0,,2,1,"{""sr"":{""mpox"":85.91767,""mpoy"":54.26134,""mpoz"":-24.15608,""mpoa"":0,""posx"":1.5101,""posy"":1.4715,""posz"":0.0723,""posa"":0,""unit"":0,""stat"":5,""coor"":2,""momo"":1,""dist"":0,""home"":1,""mots"":0,""plan"":0,""line"":112,""path"":2,""frmo"":2,""prbe"":1,""safe"":0,""estp"":0,""spc"":1,""hold"":0,""macs"":5,""cycs"":1,""sps"":12000,""feed"":185.42,""mark"":153225072}}",5.36401314779443,0.2058327333914559,0.2047245644197144,0.2036400607887436,5.36401314779443,0.2058327333914559,0.2047245644197144,0.2036400607887436,-1.0339774,-0.0706816199999999,-0.004,2.0944192600000004,1.2612093000000004,0.9964192600000004,11.340828379999996,-26.65917162000001,41.0,100.0,40.53659188,104.8083214800006,127.22016406000073,90.3065412800005,67.23552708000038,253.7811561800014,413.9657135600005,-1.005,-0.011,-0.0037419999999999,0.3779519599999993,1.7571540999999995,4.92826954,10.0,-17.02364292,29.640760740000005,100.0,32.84,151.1794395800008,62.79454336000031,49.338569520000256,54.46465476000027,158.26787970000078,390.9271769200004,-0.9913289,0.03908834,-0.0101941399999999,-1.6225548199999995,-0.8671308599999993,1.0752969000000003,-33.0,34.71746126,-32.8057121,100.0,33.53,24.123177000000027,32.22991017999997,27.461646079999973,25.27180175999997,80.1068434199999,323.8689608400002,-1.00623154,-0.075,0.02479078,5.5771243,1.7813631000000003,2.0553707400000003,-4.768359020000003,16.0,-94.55940038,100.0,32.23208956,137.61259452000033,13.985019840000032,15.66322198000004,11.747416320000028,36.36105138000009,417.9718832800005,-0.997,-0.029,0.0138013999999999,-5.4032107000000025,-7.88443722,0.6755863600000003,4.0,27.4008333,43.27768786,100.0,32.61400834,91.07329450000036,7.189996720000028,5.392497620000022,5.991664320000023,15.57832650000006,535.3908272800008,-1.00667616,0.12332714,-0.0119934,2.7673178,1.7305440799999998,3.967,-24.0,35.33977949999999,32.33977949999999,100.0,33.03993334,73.3923693399992,1.3591176799999851,1.0193381799999888,0.6829081799999926,3.0580151999999674,385.8419665600004,112,X1.5101 Y1.4715 Z0.0723
16:28:46.668,5,112,1.5101,1.4715,0.0723,85.91767,54.26134,-24.15608,,185.42,0,0,,2,1,"{""sr"":{""mpox"":85.91767,""mpoy"":54.26134,""mpoz"":-24.15608,""mpoa"":0,""posx"":1.5101,""posy"":1.4715,""posz"":0.0723,""posa"":0,""unit"":0,""stat"":5,""coor"":2,""momo"":1,""dist"":0,""home"":1,""mots"":0,""plan"":0,""line"":112,""path"":2,""frmo"":2,""prbe"":1,""safe"":0,""estp"":0,""spc"":1,""hold"":0,""macs"":5,""cycs"":1,""sps"":12000,""feed"":185.42,""mark"":153225072}}",5.2337945184163,0.2053580267131595,0.2043156003856444,0.2074468181322291,5.2337945184163,0.2053580267131595,0.2043156003856444,0.2074468181322291,-1.03436096,-0.06932,-0.005,2.38966128,1.4038878,0.92610364,12.67815664,-27.0,40.32184336,100.0,40.5284032,133.2665761200001,161.76422456000012,114.82745420000012,85.49197380000007,322.6902916400002,366.7641412,-1.005,-0.011,-0.00398896,0.427,1.94961008,4.8457680000000005,10.0111144,-17.0,29.9888856,100.0,32.8301112,112.80216116000008,78.06160860000006,61.334121520000046,67.70649732000004,196.74711616000013,329.65705664,-0.99063964,0.03936036,-0.01063964,-1.58198776,-0.8765292799999999,0.94368548,-33.0,34.45268104,-32.54731896,100.0,33.50452648,102.70215255999996,30.329631159999995,26.255501319999997,23.99209664,76.05041791999999,283.72347964,-1.00610912,-0.07446072,0.0234344,5.12932776,1.87023556,2.02377848,-4.7305616,16.0,-94.6214304,100.0,32.22839664,129.87900920000004,15.535766360000007,17.400058400000006,12.428613360000003,40.39299308000002,324.86572816,-0.99728312,-0.02915288,0.01371688,-5.2716560800000005,-8.04274432,0.5504004,4.7164313600000005,28.0,43.13030896,100.0,32.62,104.59903720000004,8.597181320000006,6.447886240000004,6.447886240000004,18.62722552000001,444.6090227600001,-1.0071584,0.1231659599999999,-0.0103312399999999,2.7268984,1.74977424,4.089,-24.0,35.834215,33.67575564,100.0,33.02626532,35.66572999999986,0.6631398399999973,0.4973548399999979,0.4973548399999979,1.492063839999994,402.22351608,112,X1.5101 Y1.4715 Z0.0723
16:28:47.169,5,112,1.5101,1.4715,0.0723,85.91767,54.26134,-24.15608,,185.42,0,0,,2,1,"{""sr"":{""mpox"":85.91767,""mpoy"":54.26134,""mpoz"":-24.15608,""mpoa"":0,""posx"":1.5101,""posy"":1.4715,""posz"":0.0723,""posa"":0,""unit"":0,""stat"":5,""coor"":2,""momo"":1,""dist"":0,""home"":1,""mots"":0,""plan"":0,""line"":112,""path"":2,""frmo"":2,""prbe"":1,""safe"":0,""estp"":0,""spc"":1,""hold"":0,""macs"":5,""cycs"":1,""sps"":12000,""feed"":185.42,""mark"":153225072}}",5.20533042218545,0.1956443164037407,0.1980165929003855,0.1975850238997748,5.20533042218545,0.1956443164037407,0.1980165929003855,0.1975850238997748,-1.0348584200000002,-0.07085842,-0.0048584199999999,2.1618909800000004,1.32573968,0.8714019000000002,11.141480200000002,-27.0,41.1414802,100.0,40.54,136.50470543999975,165.6943905799997,117.61726149999976,87.56905655999984,330.53026149999937,364.34731080000006,-1.004,-0.011,-0.0055968199999999,0.5625587999999997,1.5854495800000004,4.82259318,10.187137240000002,-17.0,30.0,100.0,32.83196846,199.52664695999965,79.65083989999988,62.580718919999896,69.0933466799999,200.7674132799997,327.03993846000003,-0.99008036,0.039,-0.00879072,-1.6431001399999998,-0.92089986,0.8583556999999998,-33.56447998,35.0,-33.20928708,100.0,33.4864482,50.57048046000007,29.179817620000016,25.260140460000013,23.43773570000001,73.16730284000005,289.58518756,-1.006,-0.07553914,0.0243484599999999,5.15400422,1.7836512600000003,1.9307114,-4.0,16.63500332,-94.0,100.0,32.205557420000005,161.29079161999985,15.875077419999986,17.780087379999983,13.335065139999989,41.275202779999965,335.34638464000005,-0.9978409,-0.02972666,0.0141590999999999,-5.5026373,-8.21212418,0.4922483600000001,4.841151120000001,28.0,43.84115112,100.0,32.62273082,115.57801339999985,8.722869339999988,6.542151359999991,6.542151359999991,18.899549139999976,421.3301803800002,-1.00615034,0.12300516,-0.0127165199999999,2.75615598,1.64017874,4.15848862,-24.0,35.0,32.860843079999995,100.0,33.02,31.394805540000355,0.5785043600000062,0.4338787000000047,0.4284091000000049,1.3016351000000137,356.43830784000016,112,X1.5101 Y1.4715 Z0.0723
16:28:47.828,5,16,4.38295,-0.52487,1.02333,158.98269,3.48771,0.0,,0.0,0,0,,2,0,"{""sr"":{""mpox"":158.98269,""mpoy"":3.48771,""mpoz"":0,""mpoa"":0,""posx"":4.38295,""posy"":-0.52487,""posz"":1.02333,""posa"":0,""unit"":0,""stat"":5,""coor"":2,""momo"":0,""dist"":0,""home"":1,""mots"":1,""plan"":0,""line"":16,""path"":2,""frmo"":2,""prbe"":1,""safe"":0,""estp"":0,""spc"":1,""hold"":0,""macs"":5,""cycs"":1,""sps"":12000,""feed"":0,""mark"":153225072}}",5.113839155807441,0.1921712822586638,0.1973692303805573,0.2062956822888608,5.113839155807441,0.1921712822586638,0.1973692303805573,0.2062956822888608,-1.0329204399999998,-0.07103968,-0.0040018,2.248273520000001,1.749588120000002,1.0917942400000007,12.0,-27.0,41.95824176000001,100.0,40.53041824,6.561704639999334,8.059408799999181,5.72092699999942,4.259376559999566,16.077058399998368,434.27316816000007,-1.00496288,-0.0110371199999999,-0.0030371199999999,0.4229209599999999,1.9525519200000008,4.930866760000002,9.331302399999997,-16.75923592,27.06077599999999,100.0,32.820669120000005,23.581564999999262,10.189771199999642,8.006248639999718,8.83806639999969,25.682381439999094,403.75618952,-0.99001708,0.03844896,-0.0085852,-1.7224328000000004,-0.8690243200000004,0.8074190399999993,-33.0,35.0,-32.55078272,100.0,33.49,139.77783452000014,38.04632288000004,32.91855048000004,30.096345320000037,95.3997354800001,340.8681915200001,-1.00535808,-0.074,0.02264192,5.193081239999999,1.83178172,2.01458628,-4.987184680000001,15.345081279999995,-95.34508128,100.0,32.226901760000004,74.42766755999966,7.974393319999963,8.63892523999996,6.313060719999971,20.268248799999903,413.9157384000001,-0.99758112,-0.02979056,0.014,-5.1274396,-8.04554332,0.5135518799999997,4.0,28.20943936,44.78335424000001,100.0,32.632022279999994,31.415959039999592,2.513276319999968,1.8849572399999757,1.8849572399999757,5.4454323999999295,512.8841135599998,-1.007,0.1239504,-0.0119508,2.695017719999999,1.5290916799999996,4.028069919999999,-24.9504672,35.0,32.04915076,100.0,33.0395088,206.3342480000009,3.803396040000016,2.8525468000000127,1.9016985200000085,8.55764132000004,422.9587787199998,16,G0 X1.4919 Y1.4848
16:28:48.084,5,16,3.87735,-0.17341,1.02333,146.0457,12.48067,0.0,,0.0,0,0,,2,0,"{""sr"":{""mpox"":146.0457,""mpoy"":12.48067,""mpoz"":0,""mpoa"":0,""posx"":3.87735,""posy"":-0.17341,""posz"":1.02333,""posa"":0,""unit"":0,""stat"":5,""coor"":2,""momo"":0,""dist"":0,""home"":1,""mots"":1,""plan"":0,""line"":16,""path"":2,""frmo"":2,""prbe"":1,""safe"":0,""estp"":0,""spc"":1,""hold"":0,""macs"":5,""cycs"":1,""sps"":12000,""feed"":0,""mark"":153225072}}",5.067652768248002,0.197812330502341,0.2037250635025099,0.2000077806988701,5.067652768248002,0.197812330502341,0.2037250635025099,0.2000077806988701,-1.0314872,-0.07167564,-0.00200016,2.13601248,1.4023237600000005,0.95557424,12.0,-27.0,41.0,100.0,40.56,133.24491059999988,161.73728347999986,114.80833111999988,85.47773507999993,322.6365497199997,335.87598888,-1.005,-0.01085104,-0.0045307199999999,0.3482996400000001,1.77908464,4.78825392,10.14892848,-17.05705784,29.85107152,100.0,32.82942964,178.65300895999988,77.81331111999994,61.13903011999996,67.49113667999995,196.1213036399999,349.82711904,-0.99,0.0385476,-0.01,-1.65219408,-0.8804094000000001,0.91291592,-33.0,35.0,-33.41023268,100.0,33.485477200000005,85.92837944000001,30.301060520000007,25.778514080000004,23.969495040000005,75.97877788000002,318.1740056,-1.00542376,-0.07542376,0.02559552,5.49406936,1.6800804799999998,2.0459948800000003,-5.0,16.42367012,-94.37325588,100.0,32.2225348,154.75529411999997,14.890607399999997,15.517351519999997,11.807302559999997,38.60604183999998,354.48676396,-0.997,-0.02928596,0.0143986399999999,-5.301213,-8.2938336,0.50544688,4.684618479999999,28.2860108,43.97062928,100.0,32.61970624,105.69978643999993,8.567871239999995,6.425903639999996,6.425903639999996,18.56372171999999,448.66709452,-1.007,0.12383244,-0.01199904,2.75730192,1.7900995199999998,4.1195856,-24.16686928,34.83313072,32.99899344,100.0,33.05664208,36.54431420000016,0.6674764400000028,0.500607160000002,0.3337378800000014,1.3349520400000057,385.6921924,16,G0 X1.4919 Y1.4848
16:28:48.341,5,16,3.36973,0.17946,1.02333,133.15217,21.44341,0.0,,0.0,0,0,,2,0,"{""sr"":{""mpox"":133.15217,""mpoy"":21.44341,""mpoz"":0,""mpoa"":0,""posx"":3.36973,""posy"":0.17946,""posz"":1.02333,""posa"":0,""unit"":0,""stat"":5,""coor"":2,""momo"":0,""dist"":0,""home"":1,""mots"":1,""plan"":0,""line"":16,""path"":2,""frmo"":2,""prbe"":1,""safe"":0,""estp"":0,""spc"":1,""hold"":0,""macs"":5,""cycs"":1,""sps"":12000,""feed"":0,""mark"":153225072}}",5.052697696198792,0.2019092828432033,0.2003965047299354,0.2068496456791237,5.052697696198792,0.2019092828432033,0.2003965047299354,0.2068496456791237,-1.0346009,-0.0696999,-0.003,2.2153282,1.465,1.0746566999999994,12.0,-27.0,42.0,100.0,40.5730048,47.77396909999916,57.98978669999898,41.16373479999928,30.64745209999946,115.67910829999796,328.04652189999945,-1.0047203999999998,-0.0106693,-0.0037204,0.4435766000000018,1.7399988999999991,4.8018405,10.720445600000003,-17.0,29.330478,100.0,32.8205089,78.24422339999887,32.38682179999955,25.16723489999965,28.090610699999612,81.29753299999886,295.5231074999991,-0.9894018,0.0385302,-0.0095302,-1.7038250999999995,-0.8788934000000002,0.9446751,-32.5299211,35.0,-31.726911899999998,100.0,33.4840152,123.56909740000025,35.10319440000005,30.205490300000044,28.08580720000004,88.49678710000013,320.5128609,-1.00585,-0.075,0.0252343,5.419937699999999,1.7908323000000017,2.1475314000000005,-4.903895300000002,16.4265366,-93.618746,100.0,32.2205082,97.67697589999956,8.530740199999961,8.530740199999961,6.824592099999969,23.032998599999896,342.06194140000014,-0.9976919,-0.0300543,0.0134273999999999,-5.253724300000004,-8.201277899999997,0.448018200000001,4.373098599999996,28.572555200000004,43.4274448,100.0,32.6280051,56.33785949999949,4.477181199999959,3.357885499999969,3.357885499999969,9.700558899999912,475.6545037999994,-1.0070066,0.1230108,-0.0106979,2.735732699999998,1.7517222000000003,4.1682778,-24.0,35.0,32.0,100.0,33.036938,151.97571710000113,2.8014763000000213,2.101107500000016,1.4007380000000107,5.602953000000043,385.8348648999991,16,G0 X1.4919 Y1.4848
16:28:48.599,5,16,2.85817,0.53505,1.02333,120.15872,30.47563,0.0,,0.0,0,0,,2,0,"{""sr"":{""mpox"":120.15872,""mpoy"":30.47563,""mpoz"":0,""mpoa"":0,""posx"":2.85817,""posy"":0.53505,""posz"":1.02333,""posa"":0,""unit"":0,""stat"":5,""coor"":2,""momo"":0,""dist"":0,""home"":1,""mots"":1,""plan"":0,""line"":16,""path"":2,""frmo"":2,""prbe"":1,""safe"":0,""estp"":0,""spc"":1,""hold"":0,""macs"":5,""cycs"":1,""sps"":12000,""feed"":0,""mark"":153225072}}",5.08295090952426,0.1998870534589514,0.2043689099811245,0.2055317207962345,5.08295090952426,0.1998870534589514,0.2043689099811245,0.2055317207962345,-1.02892476,-0.0732855799999999,-0.00299892,2.34683584,1.4220787599999989,0.9385057599999992,12.0,-26.542690080000003,41.0009828,100.0,40.56542668,87.21488878000073,104.54952528000088,74.21391152000064,55.25415318000047,208.01563546000176,521.8882049400012,-1.0034014,-0.0098876399999999,-0.00144516,0.3115718,1.9204556800000003,4.78697252,10.0,-17.425780139999997,29.851560739999996,100.0,32.82,128.11748654000095,51.67764138000038,40.91146614000031,45.21793616000033,131.34733892000096,502.7615849000012,-0.98395414,0.03602804,-0.00950484,-1.7500406199999996,-0.89723312,0.96505242,-32.308753100000004,35.308753100000004,-33.18663408,100.0,33.47804132,81.24351873999989,32.69556265999996,27.741689099999963,26.255527639999965,82.72968065999989,303.23310275999984,-1.00538852,-0.07536882,0.0235044799999999,5.137998720000001,2.1878578399999986,1.98410194,-4.490130799999998,16.1408359,-93.5098692,100.0,32.23630964,123.05315128000042,10.197379680000036,10.197379680000036,8.157903960000029,28.042795120000093,365.19984944,-0.99819992,-0.0297981799999999,0.01287966,-5.4003279,-8.10332608,0.5808242799999994,2.7213390999999816,15.683876019999897,24.566737359999838,100.0,32.63319598,80.31959220000047,6.230578180000036,4.672933480000027,4.672933480000027,13.499585440000075,465.02173789999983,-1.00431976,0.12053614,-0.0109277199999999,2.747,1.7372990599999998,4.18270094,-11.133996299999891,16.237077699999837,15.309244739999848,100.0,33.03463906,101.597715099999,1.8556659999999816,1.3917494799999863,0.9278329599999908,3.7113319199999633,550.1342927600012,16,G0 X1.4919 Y1.4848
16:28:48.856,5,16,2.35055,0.88792,1.02333,107.26521,39.43837,0.0,,0.0,0,0,,2,0,"{""sr"":{""mpox"":107.26521,""mpoy"":39.43837,""mpoz"":0,""mpoa"":0,""posx"":2.35055,""posy"":0.88792,""posz"":1.02333,""posa"":0,""unit"":0,""stat"":5,""coor"":2,""momo"":0,""dist"":0,""home"":1,""mots"":1,""plan"":0,""line"":16,""path"":2,""frmo"":2,""prbe"":1,""safe"":0,""estp"":0,""spc"":1,""hold"":0,""macs"":5,""cycs"":1,""sps"":12000,""feed"":0,""mark"":153225072}}",5.155969641034959,0.2042275864014753,0.2057242021407869,0.2120113883959414,5.155969641034959,0.2042275864014753,0.2057242021407869,0.2120113883959414,-1.0351754,-0.0711239999999999,-0.0021599999999999,2.3531842000000003,1.5609838000000005,0.9537626000000003,11.401488599999992,-27.0,41.620543600000005,100.0,40.57,100.20478480000108,119.47767420000132,84.81057720000094,63.14364120000069,237.71723840000257,491.7218020000007,-1.007382,-0.010602,-0.003912,0.415136000000001,1.9189697999999995,4.773423800000001,10.0,-17.398164199999997,30.0,100.0,32.8204396,107.14047640000103,58.97990740000057,45.73951960000044,51.1560420000005,148.05160360000144,481.0154928000003,-0.9892284,0.0387123999999999,-0.0115432,-1.6619267999999996,-0.945513,0.9925862000000002,-33.2283096,35.0,-32.5110176,100.0,33.465162,79.61325040000008,31.93201299999993,27.322138399999936,25.642374199999946,80.79766859999982,324.1951262000003,-1.0064656,-0.074808,0.0242313999999999,5.415322000000001,1.6529569999999996,2.042399,-5.0,16.0,-93.8891144,100.0,32.2291872,134.67825820000064,11.223188600000054,10.688750800000053,8.551000200000042,29.928501600000143,332.67632360000016,-0.9976724,-0.0294361999999999,0.0135447999999999,-5.347862600000002,-8.192431599999999,0.3570569999999989,4.672519200000006,28.0,43.3274808,100.0,32.62,84.01000240000067,6.765906200000054,5.074429600000041,5.074429600000041,14.659463600000118,554.206279,-1.0085738,0.1233674,-0.011229,2.723085399999998,1.8404634000000009,4.0176534,-23.942688800000003,34.35419480000001,32.983141400000015,100.0,33.0399202,84.81982759999852,1.542106199999973,1.1565797999999798,0.7710533999999866,3.084212799999946,493.51782480000014,16,G0 X1.4919 Y1.4848
16:28:49.113,5,16,1.84294,1.24078,1.02333,94.37169,48.40111,0.0,,0.0,0,0,,2,0,"{""sr"":{""mpox"":94.37169,""mpoy"":48.40111,""mpoz"":0,""mpoa"":0,""posx"":1.84294,""posy"":1.24078,""posz"":1.02333,""posa"":0,""unit"":0,""stat"":5,""coor"":2,""momo"":0,""dist"":0,""home"":1,""mots"":1,""plan"":0,""line"":16,""path"":2,""frmo"":2,""prbe"":1,""safe"":0,""estp"":0,""spc"":1,""hold"":0,""macs"":5,""cycs"":1,""sps"":12000,""feed"":0,""mark"":153225072}}",5.237176255034141,0.2036172066418853,0.2064238096404099,0.2173161385552105,5.237176255034141,0.2036172066418853,0.2064238096404099,0.2173161385552105,-1.03204454,-0.0727356,-0.0015191799999999,2.24205914,1.57080828,1.25018044,11.7407254,-27.0,41.0,100.0,40.57,41.38781665999984,49.9767144399998,35.400899819999864,26.55067467999989,99.69312815999956,421.8802403199999,-1.0059818,-0.01070936,-0.00343666,0.4414317399999999,1.78663784,4.8508072,10.0,-17.70916596,30.69108452,100.0,32.8298193,64.27432727999978,28.501737859999903,22.103388199999923,24.720894819999923,71.54517857999979,416.24955122,-0.98946544,0.03868328,-0.00931672,-1.6878730200000005,-0.93800644,0.98607062,-33.0,35.0,-33.53427832,100.0,33.46,102.04722926000004,35.26239366000001,30.453885560000007,28.316770540000007,89.22454066000003,320.6293991199999,-1.00588424,-0.0754103399999999,0.02476418,5.09874112,1.95994476,2.0427675,-5.0,16.0,-94.05900788,100.0,32.24235764,103.3831127799999,9.312762039999992,8.900173099999993,7.249815379999994,24.401774119999978,392.68399548,-0.99721242,-0.029954,0.01478758,-5.2933833,-8.15575376,0.52223488,4.0,28.0,43.34871158,100.0,32.627875020000005,51.5658537199999,4.184541439999991,3.138405959999994,3.138405959999994,9.066506039999982,527.26230866,-1.00772602,0.1239926,-0.0110074,2.6711812,1.6057333199999997,4.1342414000000005,-25.0,35.0,33.0,100.0,33.01741664,160.00235488000024,2.935822660000004,2.201867180000003,1.4679117000000022,5.871646060000009,445.2692069999999,16,G0 X1.4919 Y1.4848
16:28:49.370,5,16,1.49803,1.48054,1.02333,85.61119,54.49086,0.0,,0.0,0,0,,2,0,"{""sr"":{""mpox"":85.61119,""mpoy"":54.49086,""mpoz"":0,""mpoa"":0,""posx"":1.49803,""posy"":1.48054,""posz"":1.02333,""posa"":0,""unit"":0,""stat"":5,""coor"":2,""momo"":0,""dist"":0,""home"":1,""mots"":1,""plan"":0,""line"":16,""path"":2,""frmo"":2,""prbe"":1,""safe"":0,""estp"":0,""spc"":1,""hold"":0,""macs"":5,""cycs"":1,""sps"":12000,""feed"":0,""mark"":153225072}}",5.279462350624801,0.2047534464238765,0.2244047114616453,0.2188080275496533,5.279462350624801,0.2047534464238765,0.2244047114616453,0.2188080275496533,-1.03275408,-0.0732623599999999,-0.0028774799999999,2.1734810000000016,1.5110081999999994,1.137511799999999,12.0,-27.0,40.24577352000001,100.0,40.55122848,136.82962943999922,164.89724523999905,118.41025595999936,88.5884137999995,328.04026499999816,430.5377019199996,-1.00503268,-0.0095756,-0.00177516,0.4163153599999997,1.83049288,4.85557616,10.0,-17.0,29.63304339999999,100.0,32.800166319999995,127.77639571999936,78.4026891999996,62.05563287999968,68.59611819999964,199.24786927999895,410.8424170399995,-0.98851332,0.03969164,-0.0113083599999999,-1.6438313199999997,-0.96611084,0.9958019599999998,-33.37657488,35.0,-33.486746919999995,100.0,33.4506834,50.29878908000035,29.809227400000047,25.36008936000004,23.58043332000004,74.30061192000012,373.3517397599997,-1.00699728,-0.075,0.02004928,5.22180156,1.729252880000001,1.89697808,-5.0,16.3586722,-94.19825292,100.0,32.23163212,157.71756211999957,15.324783199999958,15.963316519999951,12.132119999999963,40.86608895999988,442.1138174399993,-0.99847492,-0.03,0.0146394799999999,-5.099939720000001,-8.00490808,0.4410939199999996,5.0,28.262477800000003,43.262477800000006,100.0,32.61902032,109.15323379999953,8.850262599999962,6.637696759999971,6.637696759999971,19.17556807999992,586.5864051999989,-1.0068811999999998,0.1246384399999999,-0.01100176,2.73964384,1.7017555999999998,4.042823320000001,-24.118761240000005,35.0,33.118761240000005,100.0,33.02003696,25.930685880001057,0.4823628000000198,0.3617721600000147,0.2411814000000099,0.9647266000000384,419.5635812399992,16,G0 X1.4919 Y1.4848
16:28:49.627,5,17,1.4919,1.4848,0.99763,85.45539,54.59916,-0.65278,,0.0,0,0,,2,0,"{""sr"":{""mpox"":85.45539,""mpoy"":54.59916,""mpoz"":-0.65278,""mpoa"":0,""posx"":1.4919,""posy"":1.4848,""posz"":0.99763,""posa"":0,""unit"":0,""stat"":5,""coor"":2,""momo"":0,""dist"":0,""home"":1,""mots"":1,""plan"":0,""line"":17,""path"":2,""frmo"":2,""prbe"":1,""safe"":0,""estp"":0,""spc"":1,""hold"":0,""macs"":5,""cycs"":1,""sps"":12000,""feed"":0,""mark"":153225072}}",5.253154381306155,0.2016528663804671,0.2085189671634141,0.2105518671742558,5.253154381306155,0.2016528663804671,0.2085189671634141,0.2105518671742558,-1.0359160799999998,-0.07199794,-0.00401598,2.2593311000000003,1.52609788,1.0394323000000003,12.0,-27.0,41.00177086,100.0,40.5398171,3.471062380001076,3.9124696200012097,2.803168660000867,2.108248640000652,7.734532780002392,383.1667922599997,-1.00498136,-0.011,-0.0031430799999999,0.3726419800000007,1.9387579,4.81763116,10.07161546,-17.0,29.07161546,100.0,32.8090973,16.342947640000805,8.772652120000568,6.8588195200004405,7.671048080000492,22.200915700001424,399.3437624199996,-0.99001712,0.039,-0.0095661799999999,-1.6809916399999996,-0.91546956,0.8891234599999999,-33.0,35.0,-33.11591619999999,100.0,33.45442086,46.63191228000018,37.39844717999994,32.29127043999994,30.02521651999995,94.60775643999985,344.7944867399999,-1.0063263,-0.0746737,0.0213410799999999,5.43653752,1.9905307199999969,2.0763035199999997,-5.0,16.0,-94.0,100.0,32.2300633,73.39729170000055,8.15525474000006,8.807675200000066,6.524203600000049,21.52987216000016,339.46141733999985,-0.9971956,-0.02919934,0.0131956,-5.38248644,-8.02162892,0.4999418400000002,4.199507580000005,28.195774740000004,44.79675957999999,100.0,32.61007466,30.149319220000653,2.349297900000051,1.7619736600000382,1.7619736600000382,5.090144300000111,426.5040884399998,-1.00699986,0.124,-0.0119731399999999,2.804769139999999,1.712206640000001,3.970247000000001,-24.9998677,34.0264827,32.9998677,100.0,33.02973796,212.25578255999852,3.894599379999973,2.92094977999998,1.947299199999987,7.789197779999946,373.6063482999997,17,Z0.6
16:28:49.884,5,17,1.4919,1.4848,0.76528,85.45539,54.59916,-6.5545,,0.0,0,0,,2,0,"{""sr"":{""mpox"":85.45539,""mpoy"":54.59916,""mpoz"":-6.5545,""mpoa"":0,""posx"":1.4919,""posy"":1.4848,""posz"":0.76528,""posa"":0,""unit"":0,""stat"":5,""coor"":2,""momo"":0,""dist"":0,""home"":1,""mots"":1,""plan"":0,""line"":17,""path"":2,""frmo"":2,""prbe"":1,""safe"":0,""estp"":0,""spc"":1,""hold"":0,""macs"":5,""cycs"":1,""sps"":12000,""feed"":0,""mark"":153225072}}",5.390046104314735,0.2116416461791399,0.2032271432027609,0.2074086676137051,5.390046104314735,0.2116416461791399,0.2032271432027609,0.2074086676137051,-1.03299984,-0.0701625199999999,-0.0053517599999999,2.29926348,1.3546352399999997,1.0281198,12.0,-27.0,40.16196504,100.0,40.53837816,134.0854220799999,150.84631407999987,107.26848947999991,80.45117691999992,296.6644168799997,355.0346789200001,-1.00473036,-0.011,-0.0037908399999999,0.3989172800000001,1.92595616,4.76844408,10.20879776,-17.0,30.0,100.0,32.79852224,155.07563347999988,75.95541183999994,60.13136787999995,66.46098579999995,193.05333947999983,350.47657828000007,-0.99006832,0.03906832,-0.00924388,-1.69650688,-0.8566313200000001,0.89232296,-32.9317312,35.0682688,-31.1365376,100.0,33.45449064,59.72509584000001,29.63801760000001,25.147408280000004,23.800225840000007,74.9931652,364.13479464000005,-1.00605072,-0.07505072,0.02396172,5.5100586400000005,1.8014343200000005,2.06027516,-4.9492176,16.0,-93.53165252,100.0,32.2276052,141.86251859999993,15.568144839999997,17.430228879999994,13.034584399999996,41.586532079999984,377.93077424000006,-0.9972878,-0.03010816,0.014,-5.22865608,-8.061302920000001,0.5037532,4.02924368,28.0,43.97075632,100.0,32.61712504,112.60478751999992,8.550041559999993,6.4125309199999965,6.4125309199999965,18.52508987999999,468.80215992000007,-1.00783656,0.12383496,-0.01183336,2.97061996,1.5052669600000002,4.2715068800000005,-25.0,35.0,32.0,100.0,33.03001616,35.71194012000016,0.6552651200000028,0.4914488000000021,0.3276326400000013,1.4743457200000063,353.2670890800001,17,Z0.6
16:28:50.160,5,18,1.4919,1.4848,0.43783,85.45539,54.59916,-14.8716,,0.0,0,0,,2,0,"{""sr"":{""mpox"":85.45539,""mpoy"":54.59916,""mpoz"":-14.8716,""mpoa"":0,""posx"":1.4919,""posy"":1.4848,""posz"":0.43783,""posa"":0,""unit"":0,""stat"":5,""coor"":2,""momo"":0,""dist"":0,""home"":1,""mots"":1,""plan"":0,""line"":18,""path"":2,""frmo"":2,""prbe"":1,""safe"":0,""estp"":0,""spc"":1,""hold"":0,""macs"":5,""cycs"":1,""sps"":12000,""feed"":0,""mark"":153225072}}",5.30458021691447,0.1994291100127002,0.2058514573519805,0.2041168409557627,5.30458021691447,0.1994291100127002,0.2058514573519805,0.2041168409557627,-1.033,-0.07,-0.0043579199999999,2.2407075999999995,1.3671346799999995,1.0771462000000005,12.0,-27.0,40.64174096,100.0,40.54,106.62333871999977,122.92244759999974,87.60771107999982,65.19643583999986,243.1283767599995,393.16518224,-1.00465788,-0.0113642,-0.00334212,0.5792594399999994,1.9323532,4.79979332,10.0,-17.0,29.683717240000004,100.0,32.79022176,151.3503553999997,64.49786627999987,50.67689471999991,55.94202711999989,161.9028063999997,374.44597908,-0.99047608,0.03881632,-0.0092924,-1.58571768,-0.9516456,0.9498061599999996,-33.0,35.0,-32.58435256,100.0,33.451837440000006,61.043920120000045,31.70270644000001,27.127275840000014,25.22360788000001,79.77033616000003,309.32861196,-1.0067824,-0.0753456,0.0262543999999999,5.310041920000001,1.7968098800000003,1.93192128,-4.781621119999999,16.0,-94.21769316,100.0,32.227816319999995,139.29027847999987,14.662134839999986,16.353919079999987,11.842492999999989,37.78319319999997,356.2033476,-0.9973876,-0.03,0.01403732,-5.37963688,-8.1630624,0.4697870799999997,5.0,28.6119872,43.3880128,100.0,32.62,87.51417335999987,7.34384639999999,5.507884799999991,5.507884799999991,15.911667879999978,468.53063824,-1.0066764,0.1236763999999999,-0.0123599199999999,2.78761004,1.6522244399999997,4.0893944,-24.32317348,35.31671008,33.35365236,100.0,33.04,70.4583204800003,1.2926946000000057,0.9695211200000042,0.9695211200000042,2.908562680000012,420.2329250399999,18,G0 Z0.2
16:28:50.436,5,18,1.4919,1.4848,0.20354,85.45539,54.59916,-20.82256,,0.0,0,0,,2,0,"{""sr"":{""mpox"":85.45539,""mpoy"":54.59916,""mpoz"":-20.82256,""mpoa"":0,""posx"":1.4919,""posy"":1.4848,""posz"":0.20354,""posa"":0,""unit"":0,""stat"":5,""coor"":2,""momo"":0,""dist"":0,""home"":1,""mots"":1,""plan"":0,""line"":18,""path"":2,""frmo"":2,""prbe"":1,""safe"":0,""estp"":0,""spc"":1,""hold"":0,""macs"":5,""cycs"":1,""sps"":12000,""feed"":0,""mark"":153225072}}",5.347303589726748,0.2056305339431387,0.2071019333949415,0.2059374873200467,5.347303589726748,0.2056305339431387,0.2071019333949415,0.2059374873200467,-1.035995,-0.0590104000000001,-0.0033926,2.002336200000006,1.0877362000000057,1.0500428000000006,10.802081399999988,-30.18909640000017,37.41282759999976,100.0,40.55,31.52964900000166,36.94544360000196,26.304574600001384,19.47743280000103,73.48929080000387,419.6762090000007,-1.0048138,-0.0118896,-0.0019104,0.3807230000000006,1.7110961999999992,4.859441000000001,10.0,-17.0,29.0551456,100.0,32.8005512,49.75439720000188,23.5980710000009,18.3433110000007,20.46039980000078,59.31925560000226,385.35767660000056,-0.9906356,0.0394647999999999,-0.0082562,-1.6026316000000007,-0.9394583999999988,0.9250834000000012,-32.450133,35.0,-32.98568420000001,100.0,33.4553552,103.59386679999972,37.30552819999989,31.8068595999999,29.22836179999992,92.37763299999972,351.00223900000003,-1.0064852,-0.075,0.0222908,5.182080800000001,1.8563336,1.935261199999999,-5.0,16.387828400000004,-93.936346,100.0,32.2248482,95.79352900000096,10.083529400000105,11.247013200000112,8.144389000000082,25.984479600000263,407.6612234,-0.997037,-0.029037,0.0134003999999999,-5.341432399999999,-8.0721774,0.5543634000000013,5.0,28.299728400000006,44.6632736,100.0,32.623367200000004,48.55604020000112,3.5967436000000825,2.6975574000000617,2.6975574000000617,7.792944800000178,542.3593961999999,-1.0054008,0.1230016,-0.0111986,2.8201864000000008,1.6600244000000035,3.9915560000000014,-24.20128000000001,35.0,32.0015094,100.0,33.0140106,175.2486739999977,3.200916599999958,2.400687199999968,1.6004585999999787,7.202062399999905,446.0498629999998,18,G0 Z0.2
16:28:50.693,5,19,1.4919,1.4848,0.10301,85.45539,54.59916,-23.37605,,0.0,0,0,,2,0,"{""sr"":{""mpox"":85.45539,""mpoy"":54.59916,""mpoz"":-23.37605,""mpoa"":0,""posx"":1.4919,""posy"":1.4848,""posz"":0.10301,""posa"":0,""unit"":0,""stat"":5,""coor"":2,""momo"":0,""dist"":0,""home"":1,""mots"":1,""plan"":0,""line"":19,""path"":2,""frmo"":2,""prbe"":1,""safe"":0,""estp"":0,""spc"":1,""hold"":0,""macs"":5,""cycs"":1,""sps"":12000,""feed"":0,""mark"":153225072}}",5.326383247850143,0.2077932741787244,0.2067109586321907,0.2101860491604927,5.326383247850143,0.2077932741787244,0.2067109586321907,0.2101860491604927,-1.01223534,0.2816042000000001,-0.0239645999999999,4.015848059999997,1.4077236800000013,1.2599696199999997,7.346797260000002,-29.9956770399999,20.96114547999997,100.0,40.55,104.79444451999966,121.9299713599996,86.99868195999971,64.5899310399998,242.5423571799992,1866.091111800001,-1.00445642,-0.01135908,-0.00020758,0.5078663799999997,1.8819869199999992,4.80010494,10.95645452,-16.68461464,30.32568346,100.0,32.8,135.90660345999962,62.82475079999981,48.721235659999856,54.49085507999985,157.70294615999953,1086.583818480001,-0.99058786,0.0337059,-0.0209355199999999,-1.7637459400000002,-0.916,0.98596682,-33.14699458,34.62136262,-33.0,100.0,33.46,117.16900094000007,32.25705298000002,27.513368260000014,25.141526400000014,79.69389520000004,1386.8605394800013,-1.0106811800000002,-0.08115644,0.02157368,5.41789842,1.83636544,1.94637952,-5.0,15.55941008,-93.11882016,100.0,32.23,123.38705989999984,14.54465911999998,16.222888699999977,11.747609379999984,37.58899919999995,1366.332421360002,-0.99540908,-0.0323872799999999,0.0124716399999999,-5.135373859999999,-8.219151040000002,0.4602922200000001,4.539827199999999,28.0,43.0,100.0,32.62414966,92.0203588599998,7.227075999999984,5.420307079999988,5.420307079999988,15.658664279999964,2242.178423320004,-1.01025166,0.12737258,-0.0126437399999999,2.76785154,1.85051348,4.04885154,-25.0,35.0,31.6652556,100.0,33.02003536,73.74598864000046,1.3531376000000086,1.0148531200000064,0.6765686400000043,3.044559360000019,1464.4657954600011,19,Z0.1
16:28:50.952,5,22,1.50845,1.47204,0.09926,85.87565,54.27513,-23.47122,,185.42,0,0,,2,1,"{""sr"":{""mpox"":85.87565,""mpoy"":54.27513,""mpoz"":-23.47122,""mpoa"":0,""posx"":1.50845,""posy"":1.47204,""posz"":0.09926,""posa"":0,""unit"":0,""stat"":5,""coor"":2,""momo"":1,""dist"":0,""home"":1,""mots"":1,""plan"":0,""line"":22,""path"":2,""frmo"":2,""prbe"":1,""safe"":0,""estp"":0,""spc"":1,""hold"":0,""macs"":5,""cycs"":1,""sps"":12000,""feed"":185.42,""mark"":153225072}}",5.329501631086329,0.2044100920063129,0.209134932515178,0.2067751872275702,5.329501631086329,0.2044100920063129,0.209134932515178,0.2067751872275702,-0.9507242,0.1541844000000003,-0.0226475200000002,2.3580307600000125,0.9846362000000024,1.3087207599999988,8.923483999999975,-20.43621411999998,24.6802232799999,100.0,40.56,82.68686332000101,97.24715800000118,69.16482664000084,50.96423056000062,192.93510016000235,1937.542192800001,-1.00215184,-0.0017034399999999,0.00175056,0.4920206400000007,1.911662799999999,4.84952824,10.517196760000006,-17.0,30.45128548,100.0,32.81968464,115.57570320000129,50.62227100000055,39.792651520000426,43.93022752000047,127.16742660000136,2015.7036880800028,-0.99182952,0.0428670399999999,-0.00356844,-1.6437480400000002,-0.9610402400000004,0.8852989600000001,-32.727198720000004,35.0,-32.82804735999999,100.0,33.46222352,68.58531908000036,33.17695607999994,28.22517123999995,26.466834759999955,83.18997951999985,2163.9913035600016,-1.01036828,-0.07887992,0.04328212,5.292846040000002,1.952293,1.9224990400000004,-5.0,15.833339479999998,-94.32754336,100.0,32.21672448,116.33309280000051,13.15069752000006,14.668085880000064,11.127513560000052,33.88833580000016,2043.8197530000004,-0.98225504,-0.0168895999999998,0.01370208,-5.498880679999998,-8.03487752,0.4451782399999996,4.0,28.0,43.90439072,100.0,32.62787248,81.21353352000065,6.129323360000049,4.596992520000036,4.596992520000036,13.280200280000106,3118.473241040004,-1.0087071600000002,0.1195040399999999,-0.01208672,2.9005094800000006,1.6453622399999992,4.091328360000001,-24.51654936000001,35.0,32.521621440000004,100.0,33.02526728,103.95711035999868,1.9338025599999749,1.450351919999981,0.9669012799999874,4.351055759999943,2010.71299524,22,X1.5123 Y1.4696 Z0.0991
16:28:51.209,5,26,1.53664,1.45857,0.09816,86.59177,53.93283,-23.49928,,185.42,0,0,,2,1,"{""sr"":{""mpox"":86.59177,""mpoy"":53.93283,""mpoz"":-23.49928,""mpoa"":0,""posx"":1.53664,""posy"":1.45857,""posz"":0.09816,""posa"":0,""unit"":0,""stat"":5,""coor"":2,""momo"":1,""dist"":0,""home"":1,""mots"":1,""plan"":0,""line"":26,""path"":2,""frmo"":2,""prbe"":1,""safe"":0,""estp"":0,""spc"":1,""hold"":0,""macs"":5,""cycs"":1,""sps"":12000,""feed"":185.42,""mark"":153225072}}",5.408546947029734,0.2004581021653976,0.2036972342788412,0.2117115505029719,5.408546947029734,0.2004581021653976,0.2036972342788412,0.2117115505029719,-0.9572766,0.2227161000000001,-0.03079352,2.6594141599999985,1.204480340000001,1.3208665999999996,11.99824322,-30.045134280000013,12.749705980000025,100.0,40.55340544,54.149505860000325,63.00414238000038,44.61374384000028,33.03460432000021,124.64603276000076,2376.46704748,-1.00410778,-0.0107612199999999,-0.0013671999999999,0.5832924799999999,1.6252291000000003,4.89060098,10.02698274,-17.0,29.286241239999995,100.0,32.83973004,67.45021384000036,34.974185320000174,27.12283702000014,30.33475258000016,87.79234252000043,2330.1862753600003,-0.99275846,0.03652656,-0.0119565199999999,-1.65949828,-0.8897460200000001,0.8460423200000001,-33.241507940000005,35.0,-32.19484414,100.0,33.47523326,84.25645255999994,35.06324409999998,30.353256319999986,27.736596139999985,87.91977653999994,2171.81264346,-1.00275878,-0.06720974,0.0103042799999999,5.18793968,1.7841822199999997,2.03650286,-4.768493999999999,15.7896316,-93.0211376,100.0,32.21441848,99.88374506000017,11.48873448000002,12.814358020000022,9.721237200000015,30.04746040000005,1709.0557597599998,-0.99488516,-0.0313387599999999,0.0120093599999999,-4.986920480000001,-8.1540727,0.5762192999999998,4.0,28.0,43.72310876,100.0,32.61446208,60.82062796000019,4.788168480000016,3.591126440000012,3.591126440000012,10.374365320000036,3559.39282112,-0.99332938,0.117334,-0.00536868,2.8073914,1.7315080200000006,4.02825542,-24.65775416,35.0,32.65775416,100.0,33.01008382,142.73263453999957,2.631016659999992,1.973262159999993,1.973262159999993,5.919786819999982,2122.19924872,26,X1.5437 Y1.4565 Z0.0979
16:28:51.466,5,29,1.56725,1.45274,0.09706,87.36921,53.78474,-23.52722,,185.42,0,0,,2,1,"{""sr"":{""mpox"":87.36921,""mpoy"":53.78474,""mpoz"":-23.52722,""mpoa"":0,""posx"":1.56725,""posy"":1.45274,""posz"":0.09706,""posa"":0,""unit"":0,""stat"":5,""coor"":2,""momo"":1,""dist"":0,""home"":1,""mots"":1,""plan"":0,""line"":29,""path"":2,""frmo"":2,""prbe"":1,""safe"":0,""estp"":0,""spc"":1,""hold"":0,""macs"":5,""cycs"":1,""sps"":12000,""feed"":185.42,""mark"":153225072}}",5.199059784815075,0.1987026924125439,0.2007599786356967,0.1865763656474971,5.199059784815075,0.1987026924125439,0.2007599786356967,0.1865763656474971,-0.9985788000000008,0.2650675999999994,-0.0079891999999995,3.019449599999995,1.3815598000000084,1.183552599999998,11.59824559999998,-23.016518200000107,35.03706100000011,100.0,40.5220306,126.07016919999832,148.411718199998,105.32444499999862,78.19542179999897,295.2272789999961,2127.4708814000032,-1.002828,-0.0046899999999999,0.0047856,0.4131155999999994,2.0076105999999974,4.8375776,11.0,-17.0,30.25536720000001,100.0,32.8598612,157.61789679999808,74.3342109999991,58.40545179999928,64.47355039999921,186.59404059999773,2651.7662696000075,-0.9941388,0.0475573999999998,-0.0059572,-1.7073551999999994,-0.940078399999999,0.9403612000000005,-32.658599200000005,35.5438804,-32.4561196,100.0,33.488852800000004,106.81638540000012,30.67472900000011,26.113533600000093,24.17433600000008,76.62808540000027,2245.401797800004,-1.00878,-0.0810835999999999,0.0314679999999999,5.4041934,1.867472200000003,2.046097200000001,-4.064663199999967,13.817858399999883,-80.31630159999932,100.0,32.2038982,154.990367199999,15.865155799999895,17.695750599999887,13.424362399999913,42.10368279999973,1750.1606892000034,-0.9997888,-0.0318593999999999,0.0138189999999999,-5.3316924,-8.052250800000001,0.5313768000000002,4.692619399999993,28.0,43.2888984,100.0,32.63,105.97080619999896,8.311435999999919,6.233577199999939,6.233577199999939,18.008110599999824,3562.0689348000114,-1.017872,0.124411,-0.0175825999999999,2.8568788,1.6601212000000003,4.003981800000002,-24.0,34.994928,32.79622039999999,100.0,33.0359242,44.02140900000228,0.8151176000000417,0.6113380000000317,0.6113380000000317,1.834014200000096,1991.3000164000075,29,X1.5689 Y1.4526 Z0.097
16:28:51.724,5,33,1.5986,1.45485,0.09595,88.16557,53.83843,-23.55537,,185.42,0,0,,2,1,"{""sr"":{""mpox"":88.16557,""mpoy"":53.83843,""mpoz"":-23.55537,""mpoa"":0,""posx"":1.5986,""posy"":1.45485,""posz"":0.09595,""posa"":0,""unit"":0,""stat"":5,""coor"":2,""momo"":1,""dist"":0,""home"":1,""mots"":1,""plan"":0,""line"":33,""path"":2,""frmo"":2,""prbe"":1,""safe"":0,""estp"":0,""spc"":1,""hold"":0,""macs"":5,""cycs"":1,""sps"":12000,""feed"":185.42,""mark"":153225072}}",5.374884318111035,0.2056042382013647,0.2029557915055352,0.2047155512424155,5.374884318111035,0.2056042382013647,0.2029557915055352,0.2047155512424155,-1.0068967199999994,0.1698537999999992,-0.0519754399999993,1.248587600000009,2.533267039999991,1.1550286799999985,6.167795920000051,-22.761873359999925,20.46981976000014,100.0,40.54,6.526545840001998,7.72830396000237,5.484603120001677,4.071902240001255,15.371911760004686,2417.120830639999,-1.00153888,-0.0038859999999999,0.0028976799999999,0.6317677599999958,1.662566000000002,4.822,10.89231999999999,-17.0,30.9970716,100.0,32.87997072,21.683588520002264,10.265660400001067,8.065875680000842,8.903889520000925,25.76890312000268,3348.8986932,-0.99295424,0.0373496000000001,-0.0141927999999998,-1.6822885999999997,-1.005880919999998,0.9877651200000008,-32.43464432,35.0,-32.0,100.0,33.51542492,100.06792043999968,38.444172519999874,32.79061779999989,29.963840479999902,94.97972139999968,2440.916540640004,-1.00416836,-0.0736879199999999,0.0243209599999999,5.191813560000002,1.8338520000000005,2.0156664,-5.0,16.0,-93.3086448,100.0,32.20437356,85.50668648000114,8.73504132000012,9.742930480000137,7.082543720000106,22.845492000000316,2004.954827679996,-1.00262932,-0.0307576399999999,0.01345296,-5.43001192,-7.922407320000005,0.650225079999997,4.789798039999992,28.0,43.21020196000001,100.0,32.618224,32.09573920000121,2.522425360000097,1.8918185600000723,1.8918185600000723,5.465254640000208,5020.329324039999,-1.00998136,0.1229052799999999,-0.0109123999999999,2.994078000000001,1.77,4.0914252000000015,-24.0,35.0,32.9893008,100.0,33.02909828,208.8996097999972,3.7981747599999496,2.848630599999962,2.848630599999962,8.545892759999886,2819.224992879996,33,X1.6028 Y1.4557 Z0.0958
16:28:51.980,5,37,1.6282,1.46475,0.09485,88.91748,54.08992,-23.58335,,185.42,0,0,,2,1,"{""sr"":{""mpox"":88.91748,""mpoy"":54.08992,""mpoz"":-23.58335,""mpoa"":0,""posx"":1.6282,""posy"":1.46475,""posz"":0.09485,""posa"":0,""unit"":0,""stat"":5,""coor"":2,""momo"":1,""dist"":0,""home"":1,""mots"":1,""plan"":0,""line"":37,""path"":2,""frmo"":2,""prbe"":1,""safe"":0,""estp"":0,""spc"":1,""hold"":0,""macs"":5,""cycs"":1,""sps"":12000,""feed"":185.42,""mark"":153225072}}",5.390845033876027,0.2098294749086145,0.2097888159858356,0.2082770408812295,5.390845033876027,0.2098294749086145,0.2097888159858356,0.2082770408812295,-0.9106046000000008,0.4797548799999982,-0.0176936399999997,-0.3846682400000189,2.06816052,1.16049128,12.899959040000006,-37.05267424000007,17.463239359999957,100.0,40.559201040000005,145.65631520000113,170.39040608000133,120.92222332000094,89.7755902800007,338.0325799200026,2129.0969537199976,-1.0022740799999998,-0.00492552,0.0049612799999999,0.5092675999999988,1.9142828800000025,4.72436308,10.074479439999994,-17.0,29.98812932000001,100.0,32.89937348,215.72789072000157,83.70242144000059,65.58127824000046,72.48457080000051,211.4133326400015,2682.006639079994,-0.98860296,0.0364649599999999,-0.01157024,-1.7576038000000005,-0.8664387599999994,1.0642497200000007,-32.4666806,35.0,-32.5333194,100.0,33.52,25.08715683999993,29.412527919999928,25.08715683999993,22.92447083999994,72.66624659999982,2220.514958679996,-1.0098978,-0.08222324,0.03976676,5.492723920000002,1.7975490399999992,1.91181456,-4.649813560000003,16.0,-93.6244546,100.0,32.196498559999995,160.27574988000066,16.895156000000068,18.844596680000077,13.671446320000053,44.187330720000176,2139.54664248,-0.9961198799999998,-0.02678384,0.0132455999999999,-5.4038996400000014,-8.02779744,0.6561022000000019,4.0,28.0,43.0,100.0,32.614476440000004,122.91026800000073,9.226005240000054,6.919504120000041,6.919504120000041,19.98967748000012,3872.672529279992,-0.9926961599999998,0.1184837999999999,-0.0066435599999999,2.81281784,1.657792359999999,4.15472448,-24.080010319999992,35.0,32.08052072,100.0,33.02,17.282129799998476,0.3200393599999718,0.2400299599999788,0.2400299599999788,0.7200889599999366,2186.726966079996,37,X1.6345 Y1.4679 Z0.0946
16:28:52.238,5,40,1.65436,1.48184,0.09383,89.5818,54.52405,-23.60926,,185.42,0,0,,2,1,"{""sr"":{""mpox"":89.5818,""mpoy"":54.52405,""mpoz"":-23.60926,""mpoa"":0,""posx"":1.65436,""posy"":1.48184,""posz"":0.09383,""posa"":0,""unit"":0,""stat"":5,""coor"":2,""momo"":1,""dist"":0,""home"":1,""mots"":1,""plan"":0,""line"":40,""path"":2,""frmo"":2,""prbe"":1,""safe"":0,""estp"":0,""spc"":1,""hold"":0,""macs"":5,""cycs"":1,""sps"":12000,""feed"":185.42,""mark"":153225072}}",5.387914527329893,0.1972921568851534,0.2037921658278157,0.1955853259683052,5.387914527329893,0.1972921568851534,0.2037921658278157,0.1955853259683052,-0.95210132,0.2429091999999995,-0.0246448800000003,1.7125178800000362,1.748500679999988,1.1282980400000018,10.721648680000042,-31.440788879999733,44.13957523999977,100.0,40.570012160000005,37.46436720000221,44.66761860000263,31.699600320001867,23.53455196000138,88.85494012000524,2430.557997599991,-1.00245688,-0.0071865600000001,0.0002729599999999,0.5621834399999978,1.7464699200000025,4.819007360000003,10.719860999999987,-16.719860999999987,30.719860999999987,100.0,32.91,64.39067212000269,27.453588720001196,21.57067708000094,23.81178680000103,68.91411168000299,3197.7058984799755,-0.99033752,0.0415349999999998,-0.0071856800000001,-1.6879443599999986,-1.036224919999999,0.8844941600000007,-33.0,35.0,-32.56588344000001,100.0,33.53,112.94796547999988,35.63314199999988,30.2652926799999,28.44960099999989,90.17986763999966,2492.260783319992,-1.0053,-0.07725884,0.0207735600000002,5.25369392,1.8164248400000045,1.9893046,-4.0,16.0,-93.92305,100.0,32.199230560000004,99.99589060000127,10.525883000000134,11.740408160000149,8.906516360000113,27.52923328000035,1600.1863324399994,-0.9945158400000002,-0.0277681199999999,0.015,-5.15689656,-8.039071159999997,0.5086624400000022,4.0,28.044812560000004,43.66531835999999,100.0,32.6,49.53289776000132,4.016181120000107,3.0121357200000807,3.0121357200000807,8.701725520000233,4957.931031439975,-1.0116380399999996,0.1265725199999998,-0.0155708399999998,2.8851748399999977,1.709,3.996786240000002,-24.0,35.0,32.243352760000015,100.0,33.02,164.19085351999698,3.026589199999944,2.269941959999958,1.514888799999972,6.809825119999874,2434.437137439984,40,X1.6553 Y1.4826 Z0.0938
16:28:52.494,5,44,1.67529,1.50499,0.09274,90.1134,55.1121,-23.63686,,185.42,0,0,,2,1,"{""sr"":{""mpox"":90.1134,""mpoy"":55.1121,""mpoz"":-23.63686,""mpoa"":0,""posx"":1.67529,""posy"":1.50499,""posz"":0.09274,""posa"":0,""unit"":0,""stat"":5,""coor"":2,""momo"":1,""dist"":0,""home"":1,""mots"":1,""plan"":0,""line"":44,""path"":2,""frmo"":2,""prbe"":1,""safe"":0,""estp"":0,""spc"":1,""hold"":0,""macs"":5,""cycs"":1,""sps"":12000,""feed"":185.42,""mark"":153225072}}",5.193875946359314,0.1885618211213615,0.1867352983913957,0.2072057119789407,5.193875946359314,0.1885618211213615,0.1867352983913957,0.2072057119789407,-1.00770744,0.0744653999999972,-0.0029577600000007,2.736882760000005,1.472124320000007,1.1429852399999982,10.797269399999928,-18.235755800000227,42.515766440000256,100.0,40.560021760000005,100.39589248000222,118.3008919200026,84.40928496000187,62.66749968000139,235.96231996000523,1681.2799352399966,-1.00496316,-0.0137605599999999,-0.0016743599999999,0.4496726400000017,1.9372394000000048,4.761,11.0,-17.0,29.334905479999986,100.0,32.90334908,130.95682968000258,61.113186680001206,47.39389988000094,53.00633532000104,153.406571520003,1687.4313325600042,-0.99141324,0.0351499199999999,-0.0121660000000001,-1.7199899199999995,-0.8574214400000003,1.0127936800000017,-33.0,34.62982335999999,-33.10607207999999,100.0,33.52,50.00605779999977,31.90862731999985,27.62239375999988,25.241153079999886,80.00969187999964,1481.8432261999976,-1.0117464,-0.0764577599999999,0.0266177599999998,5.113621480000001,1.6415229199999983,1.959742600000001,-4.0,15.885116800000004,-93.23411903999998,100.0,32.20774568,138.1652635200013,14.436891120000135,16.10268596000015,12.215830720000117,37.64313980000036,1394.823425319999,-0.98916196,-0.03225784,0.01512116,-5.0995090400000045,-8.19643676,0.5207771199999991,4.0,28.0,43.59312684000001,100.0,32.60406896,91.60849628000145,7.117520280000109,5.338140120000083,5.338140120000083,15.42129288000024,2515.2130700399944,-1.01433496,0.1254461199999999,-0.0104608799999999,2.968100160000001,1.6867769600000009,4.14954856,-24.364314239999988,35.635685760000015,32.364314239999985,100.0,33.0263942,76.81102755999702,1.4424601599999445,1.081845279999958,1.081845279999958,3.245536199999874,1493.2461498399969,44,X1.6776 Y1.5083 Z0.0926
16:28:52.753,5,48,1.68982,1.5328,0.09163,90.48065,55.81264,-23.6648,,185.42,0,0,,2,1,"{""sr"":{""mpox"":90.48065,""mpoy"":55.81264,""mpoz"":-23.6648,""mpoa"":0,""posx"":1.68982,""posy"":1.5328,""posz"":0.09163,""posa"":0,""unit"":0,""stat"":5,""coor"":2,""momo"":1,""dist"":0,""home"":1,""mots"":1,""plan"":0,""line"":48,""path"":2,""frmo"":2,""prbe"":1,""safe"":0,""estp"":0,""spc"":1,""hold"":0,""macs"":5,""cycs"":1,""sps"":12000,""feed"":185.42,""mark"":153225072}}",5.321039745863359,0.2013310162488964,0.2015396309807554,0.2044164221141811,5.321039745863359,0.2013310162488964,0.2015396309807554,0.2044164221141811,-0.8966255400000003,0.2864960799999993,0.0059225200000001,2.235185320000008,1.5640587399999992,1.1270600000000002,8.380652740000011,-26.752168040000026,22.698461420000115,100.0,40.5446,85.42377599999945,98.94074585999935,70.28550111999955,51.90330979999966,196.2595334999987,2253.7952913,-1.0030685,-0.0081687399999999,0.00110232,0.5160803600000006,2.00628994,4.8526639,10.96840076,-17.0,28.56588934,100.0,32.9,120.2065367799993,52.3288090999997,40.60603113999977,45.414639579999736,131.43531029999926,2942.402102339997,-0.99337104,0.04562786,-0.0059342199999999,-1.71363326,-0.9456692999999996,0.8694732399999998,-33.23053194,35.0,-33.046339960000005,100.0,33.54,46.044132760000124,33.00396132000004,28.308528420000027,26.107611760000022,82.75620196000008,2135.8064968,-1.0081732,-0.0773315,0.02496842,5.075327439999999,1.7595591,1.9376041199999996,-4.828842140000002,15.48425502,-94.20264828,100.0,32.20313076,130.99920845999966,13.409367839999966,14.95660223999996,10.830643099999971,34.55490959999992,1621.679698,-0.99030314,-0.03445364,0.0145759199999999,-5.525360479999998,-7.948141220000001,0.6330137599999996,4.525246439999997,28.0,43.09923256,100.0,32.59723708,80.36269925999966,6.302956819999973,4.72721749999998,4.72721749999998,13.65640651999994,4145.345514879999,-1.00580544,0.11947646,-0.0091833399999999,2.80832346,1.83545288,4.1777886,-24.0,35.0,32.0,100.0,33.0146083,99.54366358000075,1.843401040000014,1.3825508200000105,0.9270022400000067,4.1476523800000304,2287.2446323199997,48,X1.692 Y1.5391 Z0.0914
16:28:53.010,5,51,1.69669,1.56316,0.09053,90.65703,56.58939,-23.69295,,185.42,0,0,,2,1,"{""sr"":{""mpox"":90.65703,""mpoy"":56.58939,""mpoz"":-23.69295,""mpoa"":0,""posx"":1.69669,""posy"":1.56316,""posz"":0.09053,""posa"":0,""unit"":0,""stat"":5,""coor"":2,""momo"":1,""dist"":0,""home"":1,""mots"":1,""plan"":0,""line"":51,""path"":2,""frmo"":2,""prbe"":1,""safe"":0,""estp"":0,""spc"":1,""hold"":0,""macs"":5,""cycs"":1,""sps"":12000,""feed"":185.42,""mark"":153225072}}",5.273283331173701,0.18196128596064,0.1930395981539676,0.2037060956561204,5.273283331173701,0.18196128596064,0.1930395981539676,0.2037060956561204,-0.8613377599999998,0.4299211199999989,-0.0457693599999999,2.738216479999992,1.935166719999998,1.221,10.323089480000007,-32.93853420000004,26.5232470400001,100.0,40.56,50.72498084000111,58.47911800000128,41.3553986400009,30.370370680000665,115.3427909600025,2326.836092880003,-1.00340648,-0.0064652799999999,0.00536488,0.4414563999999981,1.8755364400000007,4.78453348,10.02074624,-16.365050000000007,30.0,100.0,32.9,68.17213340000121,33.3974596800006,26.16708132000046,29.265814520000525,84.35440760000152,2784.5533311200065,-0.99103172,0.03714152,-0.01347908,-1.739230040000001,-0.9256367999999996,0.8355268799999992,-33.0,35.0,-31.890854840000006,100.0,33.54291584,75.20596679999986,35.23636211999993,30.50311955999994,27.873540119999944,88.35386327999983,2416.710028080002,-1.00417608,-0.0737428399999999,0.0189205599999999,5.38431828,1.8256136,2.0272301200000005,-4.782148400000002,16.0,-93.2178516,100.0,32.21217872,102.93419664000056,11.097932960000067,12.403600040000075,9.139671880000051,29.15990516000017,2127.639931759997,-0.99812136,-0.0322166399999999,0.0148412799999999,-5.102103639999998,-8.411999679999997,0.4110745599999996,4.0,28.738927359999995,43.386098800000006,100.0,32.58897232,59.06208788000068,4.633184840000054,3.4748888000000404,3.4748888000000404,10.038567600000116,3840.591848120011,-1.0035884000000002,0.120861,-0.01053536,2.8526726399999984,1.808930240000001,4.1494662,-24.0,35.0,32.00437444,100.0,33.023169280000005,148.63744663999844,2.714839159999972,2.036129119999979,2.036129119999979,6.108388359999937,2157.034711640005,51,X1.6968 Y1.5641 Z0.0905
16:28:53.267,5,55,1.69566,1.5944,0.08943,90.63082,57.383,-23.72101,,185.42,0,0,,2,1,"{""sr"":{""mpox"":90.63082,""mpoy"":57.383,""mpoz"":-23.72101,""mpoa"":0,""posx"":1.69566,""posy"":1.5944,""posz"":0.08943,""posa"":0,""unit"":0,""stat"":5,""coor"":2,""momo"":1,""dist"":0,""home"":1,""mots"":1,""plan"":0,""line"":55,""path"":2,""frmo"":2,""prbe"":1,""safe"":0,""estp"":0,""spc"":1,""hold"":0,""macs"":5,""cycs"":1,""sps"":12000,""feed"":185.42,""mark"":153225072}}",5.167077981127003,0.1989344961343628,0.206665445278371,0.213651394860653,5.167077981127003,0.1989344961343628,0.206665445278371,0.213651394860653,-0.9611388199999974,0.2556619400000056,0.0178183200000015,0.7662754199999362,1.1547042399999925,1.4817788200000062,9.990443700000002,-17.029607859999583,38.78250180000003,100.0,40.5418,128.06603500000384,147.76722410000446,105.07822036000316,77.16681772000231,291.4278761400087,2086.5344564999964,-1.00203762,-0.0015333399999999,0.00625674,0.2939894399999892,1.9158338200000096,4.956060879999999,11.0,-17.0,29.235259799999977,100.0,32.91,162.49628408000447,76.17095738000211,59.07135414000162,66.06664632000184,191.20464760000527,2320.9067517999865,-0.98975026,0.04579376,-0.00684834,-1.626203080000003,-0.9314680599999968,0.93378372,-32.65185587999999,34.450974159999994,-32.24531408000002,100.0,33.558971660000005,82.25481986000125,30.11246439999977,25.705548839999796,23.901651019999807,75.76372285999939,2146.512971060002,-1.0122134800000002,-0.0835261600000002,0.0401326600000001,5.364479579999998,1.5560145000000016,1.9764938999999997,-1.925741659999955,6.162372379999856,-35.818790799999164,100.0,32.214920539999994,149.40896516000217,15.986144300000234,17.83069936000026,12.91188596000019,41.1950642600006,1675.7126850999991,-1.0048736799999998,-0.0299831200000002,0.0141468799999999,-5.386480280000002,-8.117534119999997,0.5243225999999981,4.0,28.85304674000002,43.0,100.0,32.59555298,105.34101192000236,8.427281180000188,6.320460520000141,6.320460520000141,18.25910904000041,3340.527071699986,-1.0167641200000006,0.1296690200000003,-0.0163796000000002,2.6193794399999923,1.77,4.138760480000002,-24.0,35.0,31.184247239999976,100.0,33.038103920000005,39.62928503999471,0.7369881399999022,0.5527417199999263,0.3684944799999509,1.6582245199997792,2096.3851480199933,55,X1.6951 Y1.598 Z0.0893
16:28:53.524,5,59,1.6868,1.62438,0.08832,90.40586,58.14449,-23.7491,,185.42,0,0,,2,1,"{""sr"":{""mpox"":90.40586,""mpoy"":58.14449,""mpoz"":-23.7491,""mpoa"":0,""posx"":1.6868,""posy"":1.62438,""posz"":0.08832,""posa"":0,""unit"":0,""stat"":5,""coor"":2,""momo"":1,""dist"":0,""home"":1,""mots"":1,""plan"":0,""line"":59,""path"":2,""frmo"":2,""prbe"":1,""safe"":0,""estp"":0,""spc"":1,""hold"":0,""macs"":5,""cycs"":1,""sps"":12000,""feed"":185.42,""mark"":153225072}}",5.343952298357159,0.203701190197639,0.1977557328006837,0.1923333768881579,5.343952298357159,0.203701190197639,0.1977557328006837,0.1923333768881579,-0.9607275200000032,0.2839081199999985,0.0527275200000032,2.632601239999996,2.400458040000021,1.3963987600000038,9.124616839999936,-15.456927079999767,12.955392479999512,100.0,40.55,6.604669799996617,7.3939071599962,5.233889519997327,3.821569919998039,14.4555040799926,2652.935333880004,-1.00238876,-0.0147426000000002,0.0042534000000001,0.5965097600000027,1.824698880000001,4.8763436800000015,10.002911559999998,-17.0,29.89379168000002,100.0,32.9189376,21.89901295999612,10.123128639998203,7.850589559998608,8.780264159998442,25.41111879999548,2970.729410040006,-0.98611436,0.0362792799999999,0.0119972000000003,-1.736653640000004,-0.977,0.9043577600000012,-32.432286399999995,35.0,-33.38653792000002,100.0,33.56432316,115.24586736000064,38.03681372000021,32.35967696000018,30.088822640000163,95.37589016000052,2337.010601760001,-1.01342272,-0.0836464000000002,0.0717157200000013,5.283067000000001,1.9293641600000009,1.9123396399999997,-5.0,16.0,-95.27907896000002,100.0,32.2030624,82.63363715999864,8.6694672399998,9.669790399999776,7.00226223999984,22.340550359999483,2069.50695984,-0.9902733999999996,-0.0234617200000008,0.0116992799999997,-5.471195239999995,-8.023450400000005,0.5705616000000004,4.790598160000013,28.176736960000003,44.72526844000005,100.0,32.60823264,33.465832039998055,2.512824799999839,1.8846193199998789,1.8846193199998789,5.444454239999649,3718.378693559991,-0.9774321999999982,0.1627635200000008,-0.0083050800000003,2.691433639999996,1.7120300799999988,4.087185280000002,-24.0,35.0,32.03971179999998,100.0,33.02,205.2692111200045,3.801282080000084,2.850961560000062,1.9006410400000415,8.552883760000189,2389.3871254400037,59,X1.6842 Y1.6301 Z0.0881
16:28:53.781,5,62,1.67069,1.65111,0.08722,89.99669,58.82347,-23.77719,,185.42,0,0,,2,1,"{""sr"":{""mpox"":89.99669,""mpoy"":58.82347,""mpoz"":-23.77719,""mpoa"":0,""posx"":1.67069,""posy"":1.65111,""posz"":0.08722,""posa"":0,""unit"":0,""stat"":5,""coor"":2,""momo"":1,""dist"":0,""home"":1,""mots"":1,""plan"":0,""line"":62,""path"":2,""frmo"":2,""prbe"":1,""safe"":0,""estp"":0,""spc"":1,""hold"":0,""macs"":5,""cycs"":1,""sps"":12000,""feed"":185.42,""mark"":153225072}}",5.176547858038846,0.1924407234605015,0.1969293847561747,0.2120099970667182,5.176547858038846,0.1924407234605015,0.1969293847561747,0.2120099970667182,-0.9921754999999984,0.4040160999999956,-0.0229144999999997,1.9715956999999935,1.4771155000000018,1.0501155000000018,10.099307400000017,-22.89376680000013,10.780607900000394,100.0,40.5590069,136.90527119999786,147.7135820999977,107.18241629999832,77.45956129999878,289.12231619999545,2271.505810000002,-1.0009655,-0.0056249999999999,0.0047216999999998,0.6614352999999974,1.8008128999999968,4.726301300000002,10.845662099999988,-17.0,28.15433790000001,100.0,32.929388,178.43462839999742,90.48580739999868,71.88124879999896,80.33786639999883,230.01999529999668,2453.9931277999995,-0.9951055,0.0401844,-0.0033631000000001,-1.7456342000000002,-0.8859895999999995,0.9226669999999998,-32.558264599999994,35.0,-32.968065400000015,100.0,33.570423,88.78885090000043,31.363225600000156,27.38760590000013,25.620663300000125,79.5124034000004,2106.1942946000013,-1.0120789,-0.0720698,0.0187177999999999,5.352523300000001,1.6889396000000032,1.9549404000000004,-4.646956599999995,16.0,-94.0,100.0,32.1961515,159.54383859999868,17.499640899999864,19.44051149999985,14.26485719999989,45.31878019999964,2287.9102728,-0.9799190000000004,-0.0440398999999995,0.0120264,-5.486892599999995,-8.182615600000004,0.3969397999999989,2.4703650999999764,32.0184228,51.07769260000005,100.0,32.5947033,88.88685449999882,9.796869299999884,6.800870699999922,7.554476499999912,20.38419009999976,3503.0320421999963,-1.0307658999999996,0.1054514,-0.0083248,2.657878600000004,1.9874626999999967,3.9868320000000015,-22.891405899999985,33.99934,32.10859410000001,100.0,33.0289211,23.63753510000306,0.4317356000000559,0.4317356000000559,0.3238015000000419,1.0793396000001398,2028.8658470000016,62,X1.6704 Y1.6515 Z0.0872
16:28:54.039,5,66,1.64819,1.67291,0.08611,89.42512,59.37705,-23.80527,,185.42,0,0,,2,1,"{""sr"":{""mpox"":89.42512,""mpoy"":59.37705,""mpoz"":-23.80527,""mpoa"":0,""posx"":1.64819,""posy"":1.67291,""posz"":0.08611,""posa"":0,""unit"":0,""stat"":5,""coor"":2,""momo"":1,""dist"":0,""home"":1,""mots"":1,""plan"":0,""line"":66,""path"":2,""frmo"":2,""prbe"":1,""safe"":0,""estp"":0,""spc"":1,""hold"":0,""macs"":5,""cycs"":1,""sps"":12000,""feed"":185.42,""mark"":153225072}}",5.217336411817206,0.1942975380661132,0.1728807883251369,0.1889693068505483,5.217336411817206,0.1942975380661132,0.1728807883251369,0.1889693068505483,-0.9361826600000004,0.1980639000000004,0.0144038400000001,2.0877071799999967,1.850709059999997,1.009462599999999,12.0122914,-9.779829959999985,28.73104391999988,100.0,40.5599593,38.83851421999917,47.25912603999899,33.79716529999928,24.81979337999947,92.942204379998,1618.0715966800003,-1.00169482,-0.0095334999999999,0.0005041999999999,0.6726822999999996,1.9269911000000013,4.841929640000001,11.0,-16.05368774,29.0,100.0,32.9424232,71.34070569999881,36.92188189999938,29.575232819999503,33.36971971999944,94.00025287999844,1677.1223975600035,-0.98874016,0.04225858,-0.0126835199999999,-1.7214274400000005,-0.8676583199999996,0.9938709,-32.0,35.11104314,-34.11104314,100.0,33.57111046,102.66895096000016,40.06049360000006,34.691930740000046,33.72926156000004,103.53893680000014,1705.3087654600006,-1.00632318,-0.0805429999999999,0.0326152400000001,5.427613700000001,1.6160168199999978,1.90218888,-4.0,16.0,-94.41224884,100.0,32.19412252,83.68655259999959,11.95522189999994,13.191968899999935,9.481727899999951,30.50642789999985,1735.095727719999,-0.99933506,-0.0319750399999999,0.0148895599999999,-5.3193368,-8.30138196,0.3838468799999993,-2.048595039999999,36.4446322,57.84066861999999,100.0,32.61159308,45.167455959999536,3.821861399999961,3.126977639999968,3.474419759999964,8.68604941999991,2635.262283600003,-1.02894936,0.12672516,-0.0068484399999999,2.804761860000001,1.782690800000001,4.047481159999999,-19.735441600000005,32.99828374,33.47431498000001,100.0,33.027371280000004,163.65411574000123,3.685787820000028,2.9486299600000225,2.2114728400000168,7.371574900000056,1577.4543310000024,66,X1.6457 Y1.6748 Z0.086
16:28:54.296,5,70,1.62092,1.68827,0.08501,88.73242,59.76741,-23.83336,,185.42,0,0,,2,1,"{""sr"":{""mpox"":88.73242,""mpoy"":59.76741,""mpoz"":-23.83336,""mpoa"":0,""posx"":1.62092,""posy"":1.68827,""posz"":0.08501,""posa"":0,""unit"":0,""stat"":5,""coor"":2,""momo"":1,""dist"":0,""home"":1,""mots"":1,""plan"":0,""line"":70,""path"":2,""frmo"":2,""prbe"":1,""safe"":0,""estp"":0,""spc"":1,""hold"":0,""macs"":5,""cycs"":1,""sps"":12000,""feed"":185.42,""mark"":153225072}}",5.201974942260328,0.2028614049830958,0.2058795754895542,0.2161903043291474,5.201974942260328,0.2028614049830958,0.2058795754895542,0.2161903043291474,-0.9221614000000012,0.1112968000000033,-0.0076233999999992,1.8197283999999705,1.330921399999996,1.099,9.798676400000042,-3.1947062000001702,7.382795600000552,100.0,40.5660066,98.5085197999965,109.32043079999612,78.68668379999721,58.864847199997925,216.23821459999235,1930.857235800011,-1.0059744000000002,-0.011802,-0.0016295999999999,0.2828740000000084,2.0516918000000066,4.977531999999998,10.62890279999998,-16.0,28.0,100.0,32.94,116.68228999999636,82.50262979999742,66.59140839999792,74.84167139999768,211.56031439999344,1903.9882326000063,-0.9932246,0.0408537999999999,-0.0111791999999997,-1.581607800000003,-0.8737798000000015,0.9277855999999984,-32.0,35.0,-35.17184279999998,100.0,33.581714,92.21449760000058,41.25385440000026,35.91512060000023,35.42978060000022,107.74536080000068,1658.3534522000014,-1.0065932,-0.0708719999999999,0.0367746000000002,5.334808799999999,1.5683992000000035,1.9648799999999995,-4.406700399999986,16.0,-93.93236260000002,100.0,32.1872044,124.76070639999806,16.67549479999977,17.743132199999753,12.811646599999817,41.10403299999941,2159.753887600002,-1.0132332000000004,-0.0218874000000003,0.0144165999999999,-5.140556800000001,-8.170042,0.4239868000000019,-5.512015200000017,40.0,63.09745540000004,100.0,32.595373800000004,104.42239899999753,3.295038799999916,2.807053399999933,2.7336277999999288,7.151487799999818,2788.117321799997,-0.9778761999999996,0.1331718000000004,-0.0139730000000001,2.7472432,1.8305132,4.052652600000001,-16.99601,31.0,33.400153000000024,100.0,33.0320446,89.23420080000466,2.000767000000105,1.600613400000084,1.200460000000063,4.00153340000021,1781.4835600000024,70,X1.6155 Y1.6904 Z0.0848
16:28:54.554,5,73,1.5907,1.6963,0.0839,87.96491,59.97126,-23.86144,,185.42,0,0,,2,1,"{""sr"":{""mpox"":87.96491,""mpoy"":59.97126,""mpoz"":-23.86144,""mpoa"":0,""posx"":1.5907,""posy"":1.6963,""posz"":0.0839,""posa"":0,""unit"":0,""stat"":5,""coor"":2,""momo"":1,""dist"":0,""home"":1,""mots"":1,""plan"":0,""line"":73,""path"":2,""frmo"":2,""prbe"":1,""safe"":0,""estp"":0,""spc"":1,""hold"":0,""macs"":5,""cycs"":1,""sps"":12000,""feed"":185.42,""mark"":153225072}}",5.398684194795663,0.1998489369769408,0.1977870008168828,0.2014071432747636,5.398684194795663,0.1998489369769408,0.1977870008168828,0.2014071432747636,-0.9082962799999998,0.2263680000000004,-0.03030152,1.495328839999997,1.47218404,1.24784,11.116280240000004,-15.526695480000024,2.937110280000046,100.0,40.58,88.04125960000023,100.93390652000024,73.45745428000019,55.51290448000014,201.86632496000053,1953.3835212400008,-1.00794092,-0.0065376799999999,-0.0021065999999999,0.1905264400000003,1.8610646,4.7863738,10.0,-16.0,27.4463592,100.0,32.94030404,119.13052476000028,93.2917574800002,76.68253712000016,86.06403760000019,239.48989400000053,1312.3178694,-0.99098376,0.0361902,-0.02568432,-1.736099,-1.0222707200000003,0.90220012,-31.49200628,35.7461046,-35.730117160000006,100.0,33.58,87.86257227999995,47.18524347999998,40.551052079999984,42.01128639999999,125.57342139999996,1120.81062036,-1.0060178,-0.07858112,0.0273241999999999,5.55292276,1.75901056,2.06401056,-4.700465160000001,16.0,-94.52031148,100.0,32.19360304,123.83413336000012,18.731213760000017,20.81245924000002,13.007787360000012,40.58429596000004,1712.7950035600004,-1.00515064,-0.0214360799999999,0.00955656,-5.336374600000001,-8.03039248,0.4862856000000001,-7.710911559999999,36.22552587999999,59.35826043999998,100.0,32.5953764,108.06071808000016,2.1504618000000035,2.1504618000000035,1.6128468800000026,4.838540080000008,1889.3942998400005,-1.01507544,0.12542988,-0.01027012,2.75557964,1.5804772399999998,4.05386724,-13.42967284,30.9943804,34.0,100.0,33.029944,96.99498691999972,2.204559319999993,1.7636472799999945,1.3227356799999956,4.409118639999986,1565.92301876,73,X1.5907 Y1.6963 Z0.0839
16:28:54.810,5,77,1.55963,1.6963,0.0828,87.17582,59.97126,-23.88938,,185.42,0,0,,2,1,"{""sr"":{""mpox"":87.17582,""mpoy"":59.97126,""mpoz"":-23.88938,""mpoa"":0,""posx"":1.55963,""posy"":1.6963,""posz"":0.0828,""posa"":0,""unit"":0,""stat"":5,""coor"":2,""momo"":1,""dist"":0,""home"":1,""mots"":1,""plan"":0,""line"":77,""path"":2,""frmo"":2,""prbe"":1,""safe"":0,""estp"":0,""spc"":1,""hold"":0,""macs"":5,""cycs"":1,""sps"":12000,""feed"":185.42,""mark"":153225072}}",5.394093565513123,0.2071120602730186,0.2058498290667231,0.2096435454052916,5.394093565513123,0.2071120602730186,0.2058498290667231,0.2096435454052916,-1.0172807200000002,0.2228199600000004,-0.0104607599999999,0.9650182799999956,1.040071759999993,1.0792949600000004,11.0,-6.477469640000059,21.570128920000094,100.0,40.57,50.71694679999934,55.23947715999928,39.73365847999948,31.3346742799996,111.12502983999856,2149.8324476000016,-1.0066107199999998,-0.0080993999999999,0.00116016,0.1668542399999975,1.6615809599999984,4.7890196,10.97680896,-16.0,26.97680896,100.0,32.946334199999995,79.32160543999915,66.6164134399993,54.94137199999941,61.46565959999934,172.03516995999814,1392.3962746799994,-0.99025988,0.04479204,-0.0183252,-1.6754236800000004,-0.8989516799999994,0.9704983999999998,-31.4735342,35.8165232,-38.342989,100.0,33.59473576,121.61354796000016,59.49061016000008,50.01422980000006,54.22595384000007,157.93967200000017,1360.47094432,-1.00594844,-0.0794394399999999,0.03073684,5.34473596,1.7490031999999995,2.15713172,-4.0,16.0,-93.4349816,100.0,32.19216376,102.20517019999969,19.78612691999994,22.61239995999993,11.52590455999996,38.70450391999987,1739.2434005200005,-0.9959137999999998,-0.0196130800000001,0.0154866799999999,-5.18170128,-8.212990320000001,0.3347867600000001,-11.12518256,40.261328,67.73867200000001,100.0,32.60976592,76.65424887999947,1.4208593599999884,1.159531359999992,1.159531359999992,3.0920831599999783,1681.7419903200002,-1.0143842399999998,0.1241326,-0.0099796399999999,2.8082992,1.645571239999999,4.066048919999999,-9.9950904,31.0,35.678302880000004,100.0,33.01321696,146.51335996000094,3.391512720000021,2.7132105200000165,2.034907640000013,6.7830258000000425,1702.4879969599997,77,X1.5568 Y1.696 Z0.0827
16:28:55.068,5,81,1.52935,1.68841,0.08169,86.40655,59.77081,-23.91753,,185.42,0,0,,2,1,"{""sr"":{""mpox"":86.40655,""mpoy"":59.77081,""mpoz"":-23.91753,""mpoa"":0,""posx"":1.52935,""posy"":1.68841,""posz"":0.08169,""posa"":0,""unit"":0,""stat"":5,""coor"":2,""momo"":1,""dist"":0,""home"":1,""mots"":1,""plan"":0,""line"":81,""path"":2,""frmo"":2,""prbe"":1,""safe"":0,""estp"":0,""spc"":1,""hold"":0,""macs"":5,""cycs"":1,""sps"":12000,""feed"":185.42,""mark"":153225072}}",5.157594910432095,0.196029589783881,0.2016543057002758,0.2178112303977502,5.157594910432095,0.196029589783881,0.2016543057002758,0.2178112303977502,-0.8890969199999973,0.2727830400000027,-0.0289540000000008,2.523363640000028,1.1796536799999977,1.2015498400000024,7.006670239999999,9.269603199999844,20.04758912000012,100.0,40.55160252,134.48702912000314,120.20651116000283,87.42344780000204,70.61038048000167,243.77446772000576,2139.546184999983,-1.00791872,-0.00965856,-0.0047989600000001,0.5248719999999969,1.7340531199999978,4.786760799999998,11.01160128,-15.205351559999984,26.01160128,100.0,32.949884000000004,168.6626752400036,191.3130368000041,159.53870336000347,178.59866304000388,500.8662634800109,1283.9232983199972,-0.98903084,0.04643892,0.0121271199999999,-1.698606559999999,-0.9714256000000008,0.9379399600000006,-31.45104996,36.0,-39.54895004,100.0,33.6,69.29064579999947,61.78207471999972,50.42031839999974,56.55224651999973,163.34204199999922,1506.4415485999998,-1.01015052,-0.08025536,0.0205063199999998,5.2540645199999965,1.7935779599999946,2.0303825200000003,-2.9257592799999745,11.703036279999898,-68.7553388799994,100.0,32.20377732,126.94070120000148,37.957758720000434,44.18034184000052,20.53452560000024,72.80422596000084,1737.1754760399983,-1.0141733999999996,-0.0489477600000003,0.02315664,-5.178197120000002,-8.368683600000008,0.3021583599999975,-12.153823320000004,38.84617667999999,66.97670787999998,100.0,32.59,146.70736544000258,2.8625826000000503,2.1469371200000382,2.1469371200000382,5.7251652000001005,1753.301452319996,-0.980711,0.0936945599999997,-0.0042853199999997,2.938330279999999,1.8109399600000025,4.028,-7.15885663999998,30.005571720000003,36.0,100.0,32.993344279999995,36.0099050399957,0.6577152799999217,0.6577152799999217,0.4932860799999409,1.6387155599998038,1475.798412760003,81,X1.5243 Y1.6863 Z0.0815
16:28:55.326,5,85,1.50192,1.6731,0.08068,85.70997,59.38205,-23.94316,,185.42,0,0,,2,1,"{""sr"":{""mpox"":85.70997,""mpoy"":59.38205,""mpoz"":-23.94316,""mpoa"":0,""posx"":1.50192,""posy"":1.6731,""posz"":0.08068,""posa"":0,""unit"":0,""stat"":5,""coor"":2,""momo"":1,""dist"":0,""home"":1,""mots"":1,""plan"":0,""line"":85,""path"":2,""frmo"":2,""prbe"":1,""safe"":0,""estp"":0,""spc"":1,""hold"":0,""macs"":5,""cycs"":1,""sps"":12000,""feed"":185.42,""mark"":153225072}}",5.319529020731036,0.1960476320580765,0.2074454520168479,0.2077149190435068,5.319529020731036,0.1960476320580765,0.2074454520168479,0.2077149190435068,-0.931847,0.290142,-0.027068,2.438347,1.769654,1.099,8.998109,-1.964075,8.964075,100.0,40.540019,0.308197,0.274163,0.200423,0.162607,0.553998,2655.00545,-1.009265,-0.010294,0.00078,0.318444,1.835481,4.769963,10.0,-15.926536,24.0,100.0,32.93,13.443937,18.65989,15.574397,17.484464,49.000578,1508.763139,-0.998,0.038101,0.010471,-1.632111,-0.895939,0.94163,-32.15968,36.0,-39.0,100.0,33.595798,86.396143,83.496944,68.421107,76.538865,220.918998,1282.361281,-1.005,-0.079088,0.015956,5.703469,1.623207,2.158117,-3.318712,16.681288,-93.681288,100.0,32.21,57.368126,20.716268,25.496945,11.154913,42.069959,1323.997225,-1.022763,-0.040895,0.022605,-5.31642,-8.08429,0.488,-14.0,38.0,68.815792,100.0,32.612632,37.578432,0.736832,0.552624,0.552624,1.473664,1223.684064,-1.015734,0.129867,-0.01999,2.686624,1.708376,3.908494,-7.0,30.0,37.0,100.0,33.02,215.771377,3.959108,3.959108,2.969331,8.907993,1279.182157,85,X1.4957 Y1.6682 Z0.0804
16:28:55.582,5,88,1.47945,1.65135,0.07958,85.13917,58.82953,-23.9713,,185.42,0,0,,2,1,"{""sr"":{""mpox"":85.13917,""mpoy"":58.82953,""mpoz"":-23.9713,""mpoa"":0,""posx"":1.47945,""posy"":1.65135,""posz"":0.07958,""posa"":0,""unit"":0,""stat"":5,""coor"":2,""momo"":1,""dist"":0,""home"":1,""mots"":1,""plan"":0,""line"":88,""path"":2,""frmo"":2,""prbe"":1,""safe"":0,""estp"":0,""spc"":1,""hold"":0,""macs"":5,""cycs"":1,""sps"":12000,""feed"":185.42,""mark"":153225072}}",5.041703736694801,0.1995633050848526,0.2035040552657602,0.2042518636788237,5.041703736694801,0.1995633050848526,0.2035040552657602,0.2042518636788237,-1.0055694799999997,0.2867081600000006,0.0342882399999997,2.957363479999996,1.014027360000001,1.1451892799999996,7.607008400000014,-7.392991599999986,11.0,100.0,40.54,126.5181670399996,134.42555251999957,99.28161759999968,80.83105147999974,274.1226953599991,1731.5519138400005,-1.01032376,-0.0093825199999999,0.00821796,0.3256249600000003,1.7331009600000002,4.77131204,10.169056360000004,-15.887933319999997,25.83094364,100.0,32.911690920000005,93.06571879999971,201.9193718799994,166.18878335999952,188.62426951999944,527.6493882399984,1251.9267970400008,-0.99177804,0.03894708,-0.00862216,-1.715792,-1.02403524,0.9531209599999998,-31.051186360000003,36.0,-39.49551448,100.0,33.58504504,68.42654348000006,64.42759000000007,52.43072880000005,59.09565152000005,171.51068796000015,1464.1782921199997,-1.0077012,-0.0771299199999999,0.0221850799999999,5.147547599999999,1.7449230400000004,2.00237664,-3.358588400000001,16.0382596,-95.0,100.0,32.230382559999995,117.7428777999998,43.127601679999934,53.46670355999992,23.808740679999964,91.01290135999986,1528.2813391199988,-0.99470012,-0.02672944,0.00485372,-5.28640996,-7.97681056,0.4399584399999997,-13.0220572,38.9779428,67.9779428,100.0,32.61693384,153.32949407999962,2.9499166399999925,2.2124379199999944,2.2124379199999944,5.899833279999985,1419.5774457200002,-1.02589428,0.1268688,-0.00425928,2.74709912,1.5652998400000009,4.02013968,-6.0,30.87195936,37.0,100.0,33.01999184,28.04082236000061,0.5121615600000112,0.5121615600000112,0.3841209200000084,1.1523628800000252,1770.8797819999993,88,X1.4781 Y1.6497 Z0.0795
16:28:55.839,5,92,1.4633,1.6247,0.07847,84.72895,58.15262,-23.99933,,185.42,0,0,,2,1,"{""sr"":{""mpox"":84.72895,""mpoy"":58.15262,""mpoz"":-23.99933,""mpoa"":0,""posx"":1.4633,""posy"":1.6247,""posz"":0.07847,""posa"":0,""unit"":0,""stat"":5,""coor"":2,""momo"":1,""dist"":0,""home"":1,""mots"":1,""plan"":0,""line"":92,""path"":2,""frmo"":2,""prbe"":1,""safe"":0,""estp"":0,""spc"":1,""hold"":0,""macs"":5,""cycs"":1,""sps"":12000,""feed"":185.42,""mark"":153225072}}",5.352717267263106,0.2102423209195388,0.2070424505768751,0.2078317292067856,5.352717267263106,0.2102423209195388,0.2070424505768751,0.2078317292067856,-0.91277448,0.2539487799999985,-0.0327744000000004,2.4739121599999883,1.5273579199999987,1.1621667399999986,9.775532579999982,4.8419788199999605,18.150902399999907,100.0,40.54,41.48905287999912,46.52594987999901,34.892253639999254,26.70904065999943,95.18037295999798,2279.921500739997,-1.00714612,-0.0104031399999999,0.00534772,0.6351415799999959,1.8419994800000012,4.674862719999999,10.293955639999997,-15.243078419999994,24.94912278,100.0,32.92706014,47.95999487999923,57.11218907999907,46.620233719999234,54.02000123999911,148.0518876199976,1127.5967317199988,-0.99253088,0.04217036,-0.0045605,-1.715872480000001,-0.8202596999999995,0.88709506,-31.888735860000004,36.46620326,-39.77747198000001,100.0,33.58,76.84414904000013,74.93149184000012,62.3429076200001,69.05973196000012,205.06653462000037,1392.4619896999998,-1.00349036,-0.0760738399999999,0.02532866,5.305482940000001,1.6002915999999987,1.953,-3.504610440000004,16.495389559999996,-93.67116254,100.0,32.23671162,71.70778767999964,33.79332517999983,42.85982735999978,18.957231379999907,81.18640349999959,1662.1487290599994,-0.96731256,-0.02599932,0.0036203199999999,-5.154132219999999,-8.085315260000002,0.3321322199999996,-13.0,38.0,67.04866524,100.0,32.61305072,70.53361341999927,1.3898251199999858,1.0423688399999893,1.0423688399999893,3.127106259999968,1726.204971399999,-0.9956396999999998,0.12021404,-0.0119249,2.92978446,1.8273663800000013,3.9956835600000007,-6.7351093400000055,30.735109340000005,37.0,100.0,33.00998232,158.4320184400012,2.9492745400000224,2.9475068000000224,2.210629980000017,7.368766760000056,1660.6012416599983,92,X1.4613 Y1.6203 Z0.0783
16:28:56.098,5,96,1.45428,1.59486,0.07737,84.49979,57.39457,-24.02739,,185.42,0,0,,2,1,"{""sr"":{""mpox"":84.49979,""mpoy"":57.39457,""mpoz"":-24.02739,""mpoa"":0,""posx"":1.45428,""posy"":1.59486,""posz"":0.07737,""posa"":0,""unit"":0,""stat"":5,""coor"":2,""momo"":1,""dist"":0,""home"":1,""mots"":1,""plan"":0,""line"":96,""path"":2,""frmo"":2,""prbe"":1,""safe"":0,""estp"":0,""spc"":1,""hold"":0,""macs"":5,""cycs"":1,""sps"":12000,""feed"":185.42,""mark"":153225072}}",5.02946983697746,0.198641309980303,0.2032677086361642,0.2062435261244023,5.02946983697746,0.198641309980303,0.2032677086361642,0.2062435261244023,-1.05594368,0.1805525999999996,0.0176287199999999,1.50153928,1.49869084,1.1311891599999992,9.54412008,16.079293120000003,9.704177720000017,100.0,40.54996144,89.53443712000022,104.63783872000027,77.2196671200002,59.31277972000015,213.1948442400005,1380.1736822400003,-1.00385084,-0.0119066799999999,0.00069532,1.02676084,1.7609156400000003,4.729936,11.0,-15.409918519999998,26.0,100.0,32.935496640000004,81.35034008000018,84.09866264000017,70.35705072000016,82.9993338800002,221.51477792000048,1343.10046832,-0.9900416,0.04207056,-0.00576364,-1.67531984,-1.02293176,1.0264962,-31.81141116,35.67816072,-39.34269552,100.0,33.58,71.96708331999997,63.64435891999997,55.81120739999998,60.21735531999998,180.16249351999997,1386.8070650399998,-1.00612424,-0.07374492,0.0192082,5.388132720000001,1.6298317999999998,2.02858328,-3.619532639999999,16.140433039999998,-94.14043304,100.0,32.23,99.14235180000011,51.51032832000005,62.16836208000006,29.732130240000025,128.96605404000013,1073.56369808,-0.96761176,-0.0271962799999999,0.00570144,-5.10856036,-8.14242492,0.3197888399999999,-13.91918564,38.0,67.54473232,100.0,32.62383108,109.27997828000018,2.144329160000004,1.6082471200000026,1.6082471200000026,4.905555720000007,1440.757794,-0.99467364,0.11987276,-0.01923456,2.71423296,1.85004488,3.93277876,-7.0,30.0047674,37.0047674,100.0,33.01995248,95.26165963999968,2.1949693599999933,1.7559752399999944,1.3169816799999958,4.3899381599999865,1196.0786809600002,96,X1.4533 Y1.5873 Z0.0771
16:28:56.356,5,99,1.45328,1.56358,0.07626,84.47444,56.60017,-24.0555,,185.42,0,0,,2,1,"{""sr"":{""mpox"":84.47444,""mpoy"":56.60017,""mpoz"":-24.0555,""mpoa"":0,""posx"":1.45328,""posy"":1.56358,""posz"":0.07626,""posa"":0,""unit"":0,""stat"":5,""coor"":2,""momo"":1,""dist"":0,""home"":1,""mots"":1,""plan"":0,""line"":99,""path"":2,""frmo"":2,""prbe"":1,""safe"":0,""estp"":0,""spc"":1,""hold"":0,""macs"":5,""cycs"":1,""sps"":12000,""feed"":185.42,""mark"":153225072}}",5.183799059960228,0.192566418372476,0.1957072546093292,0.2082806910202954,5.183799059960228,0.192566418372476,0.1957072546093292,0.2082806910202954,-0.9231949999999997,0.125,-0.0383833999999988,3.8813923999999855,1.452743599999996,1.099,9.400310000000022,-0.2024776000001702,-8.19008899999932,100.0,40.52,98.94889799999648,113.94115519999598,83.95664039999703,63.56717079999775,233.2795233999917,1629.726289399995,-1.0056742,-0.0078209999999999,0.0053426000000001,0.535908600000005,1.5779082000000022,4.8796056,10.56060939999998,-15.0,25.43939060000002,100.0,32.9397216,140.8580553999956,72.54419019999774,63.07361639999803,75.43070719999766,199.8404649999937,1104.6170121999971,-0.9926508,0.0385687999999999,-0.0105407999999999,-1.6810075999999994,-0.8808076000000009,0.9630023999999991,-31.0,36.0,-39.02735439999998,100.0,33.59,73.76996560000039,59.27370860000042,54.95173160000035,57.84216800000039,173.52650360000118,1243.887079600001,-1.0039322,-0.0747527999999999,0.0232725999999998,5.252511199999996,1.785321999999994,2.075,-4.0,16.189988199999995,-94.72764279999998,100.0,32.2427236,115.05808719999834,61.29262579999911,69.89509959999899,36.02285899999948,152.6939099999978,1120.2938164000038,-1.0133566000000005,-0.029766,0.0173901999999998,-4.842094800000001,-8.240528399999999,0.1893458000000011,-13.326625200000018,38.56067979999999,68.0,100.0,32.6143932,114.37875439999728,2.2427207999999466,2.2427207999999466,1.68204039999996,5.606801599999866,1429.8824566000012,-1.016078,0.12597,-0.0046103999999999,2.8573392000000024,1.8072441999999984,4.099266800000004,-6.40142320000002,30.401423200000018,37.0,100.0,33.01994,87.50429160000454,2.0071164000001045,1.6056932000000836,1.2102640000000624,4.415656600000229,1107.9610530000052,99,X1.4534 Y1.5619 Z0.0762
16:28:56.612,5,103,1.46021,1.53311,0.07515,84.65043,55.82634,-24.08358,,185.42,0,0,,2,1,"{""sr"":{""mpox"":84.65043,""mpoy"":55.82634,""mpoz"":-24.08358,""mpoa"":0,""posx"":1.46021,""posy"":1.53311,""posz"":0.07515,""posa"":0,""unit"":0,""stat"":5,""coor"":2,""momo"":1,""dist"":0,""home"":1,""mots"":1,""plan"":0,""line"":103,""path"":2,""frmo"":2,""prbe"":1,""safe"":0,""estp"":0,""spc"":1,""hold"":0,""macs"":5,""cycs"":1,""sps"":12000,""feed"":185.42,""mark"":153225072}}",5.373258608127814,0.2024889178209686,0.2152280224251297,0.2105450317684462,5.373258608127814,0.2024889178209686,0.2152280224251297,0.2105450317684462,-0.9770957199999984,0.4277914800000035,0.0127438399999982,2.211308480000009,1.040450919999992,1.2479228799999975,12.882717959999926,5.972230959999667,4.30708948000035,100.0,40.52,45.24992080000299,53.35021524000352,38.82554928000256,29.887293240001977,108.65567384000715,1714.1571460400098,-1.0136496,0.0009572399999998,0.0276700799999996,0.2241324000000021,1.7723453599999968,4.799697520000002,10.01995924,-16.0,25.0,100.0,32.96,64.82149688000337,36.25088452000187,31.64272148000164,38.09415000000198,101.07238140000524,1206.7829228799958,-0.98880024,0.03498868,-0.00925424,-1.685467359999999,-0.8909841999999972,0.9632289999999996,-31.5328644,36.30710663999999,-39.23870904000003,100.0,33.5983998,86.32400155999957,62.87797615999968,59.6807913199997,62.34511203999969,186.50247171999905,1366.8858621200002,-1.0043764,-0.07519124,0.0421784799999996,5.22761852,1.7750920000000014,2.0279773599999995,-3.808778759999988,16.770867920000008,-94.57964667999998,100.0,32.23611556,73.10187620000109,50.442382880000814,56.74768076000091,29.84507656000048,124.424544440002,1473.337847839999,-1.013648,-0.0278010799999999,0.0254248399999999,-5.402782959999999,-8.122370279999997,0.413911679999998,-11.281369360000044,32.97631088000013,59.01024056000024,100.0,32.6227846,73.86481724000238,1.575347920000043,1.443145120000047,1.443145120000047,3.607863600000117,1471.19841504,-1.0147743599999997,0.1311701599999997,-0.0156572799999999,2.92969328,1.83008056,4.02769328,-6.99497512,30.277154640000017,37.27715464000002,100.0,33.02,155.76703751999605,3.589102399999909,2.871281919999927,2.871281919999927,7.8960245599998,1506.3279007999947,103,X1.4617 Y1.529 Z0.075
16:28:56.870,5,107,1.47467,1.50526,0.07404,85.01781,55.1188,-24.11184,,185.42,0,0,,2,1,"{""sr"":{""mpox"":85.01781,""mpoy"":55.1188,""mpoz"":-24.11184,""mpoa"":0,""posx"":1.47467,""posy"":1.50526,""posz"":0.07404,""posa"":0,""unit"":0,""stat"":5,""coor"":2,""momo"":1,""dist"":0,""home"":1,""mots"":1,""plan"":0,""line"":107,""path"":2,""frmo"":2,""prbe"":1,""safe"":0,""estp"":0,""spc"":1,""hold"":0,""macs"":5,""cycs"":1,""sps"":12000,""feed"":185.42,""mark"":153225072}}",5.170552763642087,0.2055487605794662,0.2095016228311826,0.2096358066622434,5.170552763642087,0.2055487605794662,0.2095016228311826,0.2096358066622434,-0.9405252800000002,0.05234592,-0.0474296399999998,2.8635523199999984,2.024717519999997,1.03817776,11.476544560000011,18.93872283999995,9.942683360000045,100.0,40.53880108,148.4729217199995,166.04440591999946,121.2388800399996,93.12543407999968,339.1172539599989,1624.97722868,-1.01066328,-0.0068358399999999,0.0087605599999999,0.544919199999999,1.8835547600000009,4.7810148,11.0,-15.172311280000002,23.352879040000005,100.0,32.979917439999994,174.5349956799995,96.83958583999971,85.25194327999975,101.8057183999997,270.6624839999992,1195.3808278799995,-0.9901232,0.0480293999999999,-0.0056873999999999,-1.61531976,-0.8456087599999997,1.038,-31.55444912,36.06878064,-38.89110264,100.0,33.6,69.40433128000008,52.12948372000005,49.52495820000005,51.68393284000005,155.12057928000016,1378.6037661199996,-1.00413852,-0.07850752,0.0409896399999999,5.35378984,1.87603032,2.06501024,-4.0,16.0,-95.0,100.0,32.24282128,110.02491727999984,75.68187959999987,85.85759463999986,45.15473447999993,186.9787603999997,1273.13580084,-1.02496932,-0.01228548,0.0295695999999999,-5.382020079999999,-8.161707920000001,0.3600003599999998,-13.1615504,38.0,66.61816656,100.0,32.61,153.19950027999965,2.9603767599999924,2.9603767599999924,2.9603767599999924,7.400941839999981,1447.2988361200005,-1.00180516,0.1188290799999999,-0.0166425199999999,2.9151068399999995,1.7311620400000003,4.021798560000001,-6.005835279999999,30.119161320000003,37.0,100.0,33.01017512,26.772527000000597,0.6249813600000141,0.4999847600000113,0.4999847600000113,1.3749585600000311,1193.5336928400004,107,X1.4787 Y1.4997 Z0.0738
16:28:57.127,5,110,1.49569,1.48203,0.07293,85.55163,54.52889,-24.13999,,185.42,0,0,,2,1,"{""sr"":{""mpox"":85.55163,""mpoy"":54.52889,""mpoz"":-24.13999,""mpoa"":0,""posx"":1.49569,""posy"":1.48203,""posz"":0.07293,""posa"":0,""unit"":0,""stat"":5,""coor"":2,""momo"":1,""dist"":0,""home"":1,""mots"":1,""plan"":0,""line"":110,""path"":2,""frmo"":2,""prbe"":1,""safe"":0,""estp"":0,""spc"":1,""hold"":0,""macs"":5,""cycs"":1,""sps"":12000,""feed"":185.42,""mark"":153225072}}",5.167250559885302,0.1883970635064982,0.1981048284768526,0.2059761276054899,5.167250559885302,0.1883970635064982,0.1981048284768526,0.2059761276054899,-0.7190433399999973,0.6449566600000027,-0.04792026,3.714488140000004,1.4735118599999957,1.217352060000002,7.119604679999936,5.880395320000064,-3.840527080000085,100.0,40.55980066,3.289128919998247,3.747613559998003,2.7509078199985337,2.113016159998874,7.634765919995932,2905.3820424400005,-1.00557236,0.0121955800000003,0.0192538000000003,0.2544785799999989,1.7476475999999983,4.880728920000001,10.01861535999999,-15.0,25.06727896,100.0,33.00914058,16.726440259998146,9.945073739998945,8.761174499999063,10.47905207999888,27.896892379997023,1699.9128094400007,-0.99013268,0.03771434,-0.01196578,-1.70014312,-0.8897570199999998,0.9501451600000004,-31.008555139999995,36.56831644,-40.423128440000006,100.0,33.61,87.64909410000016,66.49305022000017,62.51483322000017,65.35641638000017,196.6290114000005,1536.219928699996,-0.99663346,-0.0801634199999999,0.0409177400000001,5.328219679999999,1.7896498200000013,1.9931899599999996,-4.0,16.0,-94.67374552,100.0,32.2332628,62.967169079999245,38.17180683999955,43.71813793999948,22.51157891999973,94.94013583999887,1985.162449660001,-1.0014707399999998,0.0309161200000001,0.0293002799999999,-5.211142419999996,-8.00723438,0.4635640399999983,-12.003607679999998,38.0,66.00721537999999,100.0,32.62003608,40.16878129999861,0.7799765199999729,0.7799765199999729,0.7799765199999729,1.949940799999932,1841.463157399998,-1.1325179600000015,0.0955791399999998,-0.01496696,2.8062036200000007,1.7108214199999994,4.031680379999998,-6.969732900000011,31.0,36.06094553999998,100.0,33.03969924,209.46243676000225,4.8486625800000525,3.878930640000042,3.878930640000042,10.667058060000116,1213.2512312199926,110,X1.4964 Y1.4814 Z0.0729
16:28:57.384,5,114,1.52189,1.46504,0.07183,86.21718,54.0973,-24.16814,,185.42,0,0,,2,1,"{""sr"":{""mpox"":86.21718,""mpoy"":54.0973,""mpoz"":-24.16814,""mpoa"":0,""posx"":1.52189,""posy"":1.46504,""posz"":0.07183,""posa"":0,""unit"":0,""stat"":5,""coor"":2,""momo"":1,""dist"":0,""home"":1,""mots"":1,""plan"":0,""line"":114,""path"":2,""frmo"":2,""prbe"":1,""safe"":0,""estp"":0,""spc"":1,""hold"":0,""macs"":5,""cycs"":1,""sps"":12000,""feed"":185.42,""mark"":153225072}}",5.307101869553558,0.2036596316996724,0.2157941692439122,0.2105819164417903,5.307101869553558,0.2036596316996724,0.2157941692439122,0.2105819164417903,-0.9114010800000012,0.1503995599999999,0.0554704800000018,4.935336240000011,1.6333916799999906,1.159832,10.838825600000014,2.06865936000017,-9.14420908000034,100.0,40.56,142.6003039200024,156.86033440000264,114.91906840000196,88.0766584800015,320.4312712400054,1929.280827000008,-1.00368992,-0.0177397199999999,0.00238176,0.5082967999999974,2.146742560000003,4.861350480000001,10.94296232,-15.794026320000013,24.20597367999999,100.0,33.01,150.86502836000233,91.3130434000014,80.19667276000123,96.07720232000148,255.676521360004,1179.1539333200017,-0.98835676,0.0413257999999999,-0.01246472,-1.7108512800000004,-0.8922208799999998,0.9811638399999996,-32.86348112000001,36.0,-38.57965988000001,100.0,33.6161758,75.26584107999966,52.73115791999976,49.12560859999977,51.37907731999976,155.03861807999928,1179.5408776800011,-1.01230228,-0.0740156,0.0133321999999999,5.2521064,1.7384205599999971,1.9561064,-4.0,16.0,-94.6756494,100.0,32.248523920000004,120.87738220000097,72.41712016000061,83.71308624000069,42.43034292000036,179.8697381600015,1239.4942919600026,-0.9662079199999996,-0.0371446799999998,0.0057754,-5.151288319999997,-8.358406440000003,0.5192282400000017,-13.0,38.0,67.28542372,100.0,32.6059984,145.86033760000183,2.858303600000036,2.858303600000036,2.858303600000036,7.14575976000009,1385.484398160003,-0.9982160399999996,0.11950908,-0.00383576,3.010958280000003,1.719260639999999,3.9265212799999984,-6.0,30.0,36.99896864,100.0,33.0233638,36.276725639996975,0.83586963999993,0.6686950399999442,0.6686950399999442,1.838912199999846,1218.130473240002,114,X1.5251 Y1.4635 Z0.0717
16:28:57.640,5,118,1.55143,1.45521,0.07072,86.96756,53.84769,-24.19614,,185.42,0,0,,2,1,"{""sr"":{""mpox"":86.96756,""mpoy"":53.84769,""mpoz"":-24.19614,""mpoa"":0,""posx"":1.55143,""posy"":1.45521,""posz"":0.07072,""posa"":0,""unit"":0,""stat"":5,""coor"":2,""momo"":1,""dist"":0,""home"":1,""mots"":1,""plan"":0,""line"":118,""path"":2,""frmo"":2,""prbe"":1,""safe"":0,""estp"":0,""spc"":1,""hold"":0,""macs"":5,""cycs"":1,""sps"":12000,""feed"":185.42,""mark"":153225072}}",5.382956621343631,0.2041511106830498,0.2048461581800807,0.2090388919124441,5.382956621343631,0.2041511106830498,0.2048461581800807,0.2090388919124441,-0.8741934799999992,0.3960331200000013,-0.0755148400000003,1.4760084399999935,1.276157599999994,1.1260175200000009,13.32528624000004,7.916473280000077,7.488892039999888,100.0,40.5555824,47.82532287999879,51.74448243999869,38.03949203999904,29.36783803999926,106.00505979999733,2217.179231800002,-1.00421968,-0.0088744399999999,0.0069879599999999,0.4948028000000011,1.760683160000001,4.857059,10.313744959999994,-15.0,26.313744959999998,100.0,33.02313764,60.76936515999884,35.7669620799993,31.42727899999939,37.70218463999928,100.45124003999804,1657.2466461599995,-0.98880488,0.04110672,-0.0130009600000001,-1.654473,-1.0372581200000006,0.7752391199999996,-31.46915964,36.0,-39.58899879999999,100.0,33.62589024,87.5717112400002,61.57742748000012,57.33070860000011,60.395908880000114,181.4274044000004,1797.75611872,-0.99502992,-0.0578695599999998,0.0385501599999999,5.1018474,2.103416360000001,1.98405232,-4.0,16.490946400000006,-96.0,100.0,32.24071576,82.6104870399995,47.80505339999971,55.77256279999966,27.67660967999983,119.09329155999929,1851.439284759998,-0.9703570399999998,-0.0099727599999998,0.01063732,-5.11439796,-8.1392296,0.4111944400000001,-12.637027120000004,38.58509216,67.05193496,100.0,32.61414928,74.77244111999909,1.4518919599999822,1.4518919599999822,1.4518919599999822,3.6297303999999553,1767.956355479999,-1.0126012800000002,0.0963333999999998,-0.00956944,2.7987415999999987,1.7262863999999996,4.1062864,-6.716616080000007,30.0,36.28531144,100.0,33.03998068,156.22230300000157,3.583080400000035,2.866464320000028,2.866464320000028,7.882776600000078,1327.606063799997,118,X1.5576 Y1.4541 Z0.0705
16:28:57.899,5,121,1.58276,1.45319,0.06961,87.76316,53.7963,-24.22444,,185.42,0,0,,2,1,"{""sr"":{""mpox"":87.76316,""mpoy"":53.7963,""mpoz"":-24.22444,""mpoa"":0,""posx"":1.58276,""posy"":1.45319,""posz"":0.06961,""posa"":0,""unit"":0,""stat"":5,""coor"":2,""momo"":1,""dist"":0,""home"":1,""mots"":1,""plan"":0,""line"":121,""path"":2,""frmo"":2,""prbe"":1,""safe"":0,""estp"":0,""spc"":1,""hold"":0,""macs"":5,""cycs"":1,""sps"":12000,""feed"":185.42,""mark"":153225072}}",5.170147102614827,0.1988331710326113,0.2017252056642386,0.2060416628305286,5.170147102614827,0.1988331710326113,0.2017252056642386,0.2060416628305286,-0.9355109000000004,0.1843571799999993,-0.0237470199999999,4.428213079999989,1.9482986400000004,1.2489570800000005,9.083365199999992,12.157731299999986,4.421326359999965,100.0,40.53460136,99.33842671999936,99.87830945999936,73.42405443999954,56.14780663999964,204.07568115999865,2238.2683320800024,-1.00164206,-0.00698092,0.0181086199999999,0.3646123799999985,1.8845489000000013,4.93958064,10.573353679999997,-14.96377626,25.462870060000004,100.0,33.02462884,91.84922343999948,60.69568591999965,53.7129960999997,64.45559571999964,171.34445851999902,1138.3763441400004,-0.99327222,0.03636344,-0.0103196799999999,-1.7472249999999998,-0.8473493000000002,0.916,-31.6914791,36.1962751,-39.8037249,100.0,33.64495216,81.70865126000008,57.44365812000006,52.986822200000056,55.95804566000006,168.36934198000017,1239.54569196,-1.00763912,-0.07183354,0.02475714,5.199609560000001,1.73141054,2.014,-3.853765539999999,16.0,-94.6326164,100.0,32.24146234,94.8586502399998,57.37894319999986,67.28391287999983,33.23891367999992,143.52047545999963,1513.9091666600011,-0.97252412,-0.0225697799999999,0.0062683599999999,-5.150084360000002,-8.484653979999997,0.2268649800000006,-13.08527158,39.0,67.96307397999999,100.0,32.61524196,106.84601127999954,2.5355932399999883,2.096692039999991,2.096692039999991,5.241729559999977,1751.7299065400002,-1.0127429599999995,0.1261523799999999,-0.0104173,2.8964230200000003,1.80268458,3.962929000000001,-6.00487738,30.0,36.46419094,100.0,33.04,99.21174756000076,2.2965681800000177,1.837254620000014,1.837254620000014,5.052449840000038,1335.9248753600016,121,X1.583 Y1.4532 Z0.0696
16:28:58.161,5,125,1.61412,1.45943,0.06855,88.55971,53.95479,-24.25129,,185.42,0,0,,2,1,"{""sr"":{""mpox"":88.55971,""mpoy"":53.95479,""mpoz"":-24.25129,""mpoa"":0,""posx"":1.61412,""posy"":1.45943,""posz"":0.06855,""posa"":0,""unit"":0,""stat"":5,""coor"":2,""momo"":1,""dist"":0,""home"":1,""mots"":1,""plan"":0,""line"":125,""path"":2,""frmo"":2,""prbe"":1,""safe"":0,""estp"":0,""spc"":1,""hold"":0,""macs"":5,""cycs"":1,""sps"":12000,""feed"":185.42,""mark"":153225072}}",5.375624862019005,0.2056612986279179,0.2009418523910525,0.205604936049172,5.375624862019005,0.2056612986279179,0.2009418523910525,0.205604936049172,-0.8141330999999984,0.4421213000000014,-0.0285567000000015,4.531853500000032,1.3184676999999978,1.1541972999999968,7.803086899999894,2.963687399999999,0.0152440999998222,100.0,40.5370051,115.98934490000292,131.35588640000333,96.42067890000244,74.06214530000187,268.9996149000068,1549.6412678000013,-1.0060361999999998,-0.0089621,0.0083997999999997,0.4444973999999992,1.811010699999998,4.8817967,10.653984800000018,-15.0,25.65398480000001,100.0,33.0365401,130.28254720000297,76.12928070000174,67.37104510000154,80.19126860000185,214.2399227000049,1116.6518880000017,-0.9929292,0.0409153,-0.0087562999999999,-1.8152711000000024,-1.013591100000001,0.9552025999999992,-31.528705500000004,36.82863310000001,-37.81402859999998,100.0,33.6582864,75.83531749999942,54.67015559999971,50.12857869999972,52.956344899999706,159.76881749999916,1259.0259621000018,-1.0022234,-0.0778773,0.0317759999999999,5.4192688000000055,1.7961720999999995,1.9803693000000009,-3.224337400000006,16.0,-93.8777332,100.0,32.2434658,111.90465210000126,62.80363110000071,73.65153150000083,35.3984106000004,156.43813630000176,1183.032343700001,-1.0288012000000002,-0.0253115999999999,0.0255714000000001,-4.745774899999991,-8.142430200000007,0.273621899999995,-13.129868200000002,38.1298682,67.1298682,100.0,32.62,128.40416070000228,2.505447300000045,2.505447300000045,2.505447300000045,6.263617500000112,1552.268612400001,-1.0192575000000006,0.1160960999999997,-0.0052444999999999,2.8084375,1.6736654000000022,3.985542799999999,-6.303982899999983,30.9928236,38.095227300000055,100.0,33.0430403,66.2611189999962,1.5199152999999137,1.21593169999993,1.21593169999993,3.3438134999998086,1382.6436119000057,125,X1.6162 Y1.4601 Z0.0685
16:28:58.419,5,129,1.6421,1.47321,0.06747,89.27047,54.30488,-24.27873,,185.42,0,0,,2,1,"{""sr"":{""mpox"":89.27047,""mpoy"":54.30488,""mpoz"":-24.27873,""mpoa"":0,""posx"":1.6421,""posy"":1.47321,""posz"":0.06747,""posa"":0,""unit"":0,""stat"":5,""coor"":2,""momo"":1,""dist"":0,""home"":1,""mots"":1,""plan"":0,""line"":129,""path"":2,""frmo"":2,""prbe"":1,""safe"":0,""estp"":0,""spc"":1,""hold"":0,""macs"":5,""cycs"":1,""sps"":12000,""feed"":185.42,""mark"":153225072}}",5.161038551116893,0.198684424616994,0.1970226823723202,0.1961565814812908,5.161038551116893,0.198684424616994,0.1970226823723202,0.1961565814812908,-0.96783966,0.23483064,-0.00541532,2.144277520000001,1.4215739199999995,1.2297869599999998,11.279752960000016,2.127358160000045,12.288098699999994,100.0,40.5585592,24.63244621999939,27.513434659999323,20.02286571999953,15.26923557999962,56.03521419999864,1613.9542685600009,-1.00764584,-0.00927282,-0.00716744,0.5192051799999995,1.7335180799999994,4.872207540000001,10.99038564,-15.0,24.19615972,100.0,33.03990382,35.07053857999941,20.893086259999656,18.654541659999698,22.198904919999645,59.13489651999903,1321.6565242800004,-0.98357928,0.0318193799999999,0.00796344,-1.702934,-0.8385361400000002,0.9867676599999996,-32.0,36.62978462,-38.370215380000005,100.0,33.6637023,80.80918444000008,63.76779144000006,58.27056848000005,61.56890280000005,186.35587520000016,1352.21068156,-1.00717132,-0.0791439,0.03530222,5.24470518,1.91780812,1.9871551,-3.904877280000002,16.09512272,-95.09512272,100.0,32.24,64.16583639999975,39.65046369999986,46.67430871999984,22.550240639999924,98.89375859999964,1478.82563096,-0.99986744,-0.0366347999999999,0.00859446,-5.261215900000001,-7.851428919999998,0.5363618800000007,-13.045832740000003,38.0,67.88623824,100.0,32.62159616,56.74437727999953,1.366782019999989,1.0934257599999913,1.0934257599999913,2.733564039999978,1625.5180822400005,-1.0101532,0.12029854,-0.0046934599999999,2.9211722200000003,1.77882778,4.115818640000001,-6.855287640000004,30.855287640000004,37.71674406,100.0,33.03987702,184.7421257000008,4.276438340000017,3.4211507000000143,3.4211507000000143,9.40816332000004,1289.6551521800006,129,X1.6461 Y1.4759 Z0.0673
16:28:58.676,5,133,1.66586,1.4937,0.06636,89.87408,54.82529,-24.307,,185.42,0,0,,2,1,"{""sr"":{""mpox"":89.87408,""mpoy"":54.82529,""mpoz"":-24.307,""mpoa"":0,""posx"":1.66586,""posy"":1.4937,""posz"":0.06636,""posa"":0,""unit"":0,""stat"":5,""coor"":2,""momo"":1,""dist"":0,""home"":1,""mots"":1,""plan"":0,""line"":133,""path"":2,""frmo"":2,""prbe"":1,""safe"":0,""estp"":0,""spc"":1,""hold"":0,""macs"":5,""cycs"":1,""sps"":12000,""feed"":185.42,""mark"":153225072}}",5.474243392164708,0.2048700273735448,0.2066337393362378,0.2061439817903633,5.474243392164708,0.2048700273735448,0.2066337393362378,0.2061439817903633,-0.898001,0.390005,-0.050999,2.990968,1.404012,1.342999,9.000175,5.999913,20.999956,100.0,40.55,167.996327,191.995803,138.996961,105.997683,391.99143,1913.015172,-0.998566,-0.010142,-0.016075,0.492341,1.822318,4.900365,11.0,-15.928834,25.142333,100.0,33.049288,161.617041,104.02936,92.883357,110.531195,294.440242,1147.04468,-0.983007,0.036856,0.00229,-1.665368,-0.871939,0.714526,-31.428819,36.428819,-39.713544,100.0,33.67,68.182186,49.742979,45.454791,48.027703,144.940748,1447.826471,-0.99144,-0.079,0.026608,5.415614,1.869693,2.075,-3.0,16.0,-94.317156,100.0,32.239515,129.057456,73.064274,85.355461,40.970621,181.63642,1486.254989,-1.008812,-0.023693,0.008386,-5.249,-8.18262,0.278428,-11.366177,30.851053,55.207148,100.0,32.628119,167.245183,4.059349,3.247479,3.247479,8.118698,1586.789408,-1.028547,0.111937,-0.01493,2.686,1.830151,3.967,-6.0,31.0,38.0,100.0,33.02,1.510839,0.034812,0.02785,0.02785,0.076586,1125.34812,133,X1.6706 Y1.4993 Z0.0661
16:28:58.934,5,136,1.6834,1.51934,0.06526,90.31957,55.47652,-24.33494,,185.42,0,0,,2,1,"{""sr"":{""mpox"":90.31957,""mpoy"":55.47652,""mpoz"":-24.33494,""mpoa"":0,""posx"":1.6834,""posy"":1.51934,""posz"":0.06526,""posa"":0,""unit"":0,""stat"":5,""coor"":2,""momo"":1,""dist"":0,""home"":1,""mots"":1,""plan"":0,""line"":136,""path"":2,""frmo"":2,""prbe"":1,""safe"":0,""estp"":0,""spc"":1,""hold"":0,""macs"":5,""cycs"":1,""sps"":12000,""feed"":185.42,""mark"":153225072}}",5.205745092001252,0.1798015773561869,0.1854434127255896,0.2006898737757012,5.205745092001252,0.1798015773561869,0.1854434127255896,0.2006898737757012,-0.929494760000002,0.4029444799999981,-0.0061357599999999,1.6775030399999789,1.209820600000005,1.0969430400000058,8.379091559999845,6.703273079999875,0.0,100.0,40.5584,26.59335608000256,30.95935448000298,22.53062992000217,17.181631480001652,62.89543672000605,1726.023407879999,-0.99941316,-0.0218599599999999,-0.0146398399999996,0.4396107200000008,1.7392103999999975,4.924347559999999,11.0,-15.0,25.20672948000001,100.0,33.06,37.32273512000231,23.153720920001508,20.67296516000135,24.600828440001607,65.74002928000428,1314.1889101599986,-0.98983432,0.0339193999999999,-0.00290276,-1.6898141200000008,-0.9231833999999992,0.9643905599999988,-32.0,36.0,-39.06852992,100.0,33.69,88.57038611999961,63.617053959999744,58.13282467999976,61.42336207999975,185.36693175999923,1360.1202560799973,-1.0087423999999998,-0.07285424,0.0200094000000004,5.252623040000002,1.6912240000000027,2.006215199999999,-3.051274560000005,16.051274560000007,-95.0,100.0,32.257005,65.02595236000097,40.59423644000061,47.73581472000071,22.928225800000344,100.73384528000152,1475.1804107200005,-0.9819406000000002,-0.0272543199999999,0.01063568,-5.343235959999997,-8.079582880000006,0.4968387599999982,-13.28503280000001,37.9700192,66.71496719999999,100.0,32.62,59.286856920002045,1.425165160000049,1.1401322000000391,1.1401322000000391,3.135362280000108,1880.6487513199968,-1.01516764,0.11249728,-0.0101917600000001,2.970592039999998,1.841204400000001,4.119289399999997,-6.832721679999985,30.0,37.167278320000015,100.0,33.01996784,179.0334570799967,4.163606399999924,3.3308848799999384,3.3308848799999384,9.15993379999983,1629.416229639994,136,X1.6842 Y1.5208 Z0.0652
16:28:59.192,5,140,1.69393,1.54887,0.06415,90.58685,56.2265,-24.3632,,185.42,0,0,,2,1,"{""sr"":{""mpox"":90.58685,""mpoy"":56.2265,""mpoz"":-24.3632,""mpoa"":0,""posx"":1.69393,""posy"":1.54887,""posz"":0.06415,""posa"":0,""unit"":0,""stat"":5,""coor"":2,""momo"":1,""dist"":0,""home"":1,""mots"":1,""plan"":0,""line"":140,""path"":2,""frmo"":2,""prbe"":1,""safe"":0,""estp"":0,""spc"":1,""hold"":0,""macs"":5,""cycs"":1,""sps"":12000,""feed"":185.42,""mark"":153225072}}",5.39107736047281,0.204106519032046,0.2070639996913238,0.2015493541837101,5.39107736047281,0.204106519032046,0.2070639996913238,0.2015493541837101,-1.0282198800000009,0.3821014400000003,0.0480465200000003,0.8216479599999956,1.5672484400000004,1.4234693199999997,7.680362400000004,-7.885989639999962,4.4532671199999285,100.0,40.57678952,109.99528332000068,126.9673371200008,93.01906632000058,71.29187672000045,260.0454458400016,2590.470461640004,-0.9967784,-0.0078758399999999,0.0230594400000002,0.3344853199999981,1.7914227600000008,4.9071794,10.0,-15.701859840000004,25.29814016,100.0,33.06950904,160.5734105600009,73.10659300000042,65.27374408000037,78.32849296000045,208.2232431200012,1650.333437280001,-0.99036888,0.0437701999999999,-0.0054755199999998,-1.71532752,-0.9052967199999996,0.93977144,-31.38969032,36.0,-38.9498142,100.0,33.69610292,82.15893175999989,55.08922623999992,50.34015487999993,53.18959715999993,160.51860635999978,1847.0301517199991,-1.01109312,-0.07913056,0.0279240399999999,5.353912520000001,1.7903659200000002,2.0123612799999995,-3.898201280000001,16.0,-94.92506996000002,100.0,32.25898208,85.6571176000003,61.512382520000166,72.79905804000019,35.090493680000094,153.49879012000042,1831.76069776,-1.00950628,-0.02472192,0.022272,-5.076662639999999,-8.2533948,-8.334488600000055,-13.0,37.44510436,67.77207015999998,100.0,32.61286976,125.48512388000054,3.069825080000013,2.455860000000011,2.455860000000011,6.75361424000003,1783.78566784,-1.01510416,0.13045488,-0.0042820799999999,2.9492273199999994,1.7702832,4.06892276,-6.0,30.326808159999995,37.0,100.0,33.01002336,70.4133826399991,1.622428599999979,1.2979426799999831,1.2979426799999831,3.5693421199999538,1592.15403056,140,X1.6948 Y1.5529 Z0.064
16:28:59.449,5,144,1.6967,1.57988,0.06304,90.65731,57.01419,-24.39129,,185.42,0,0,,2,1,"{""sr"":{""mpox"":90.65731,""mpoy"":57.01419,""mpoz"":-24.39129,""mpoa"":0,""posx"":1.6967,""posy"":1.57988,""posz"":0.06304,""posa"":0,""unit"":0,""stat"":5,""coor"":2,""momo"":1,""dist"":0,""home"":1,""mots"":1,""plan"":0,""line"":144,""path"":2,""frmo"":2,""prbe"":1,""safe"":0,""estp"":0,""spc"":1,""hold"":0,""macs"":5,""cycs"":1,""sps"":12000,""feed"":185.42,""mark"":153225072}}",5.19196813976882,0.1989290375042228,0.1928763328964328,0.1971725404465951,5.19196813976882,0.1989290375042228,0.1928763328964328,0.1971725404465951,-0.9888882800000008,0.2891654400000015,0.0489195199999994,3.098431540000004,1.7698623200000103,1.2067875399999954,13.37963567999996,2.67629568000023,7.100523079999694,100.0,40.56002646,78.15191169999784,85.09988627999766,62.437416339998286,48.09993557999868,173.9023877799952,2052.10428549999,-1.0004380599999998,-0.01029816,-0.0036722999999997,0.6947866999999992,1.782077759999995,4.841883539999998,10.03903282,-15.46800949999999,25.03903282,100.0,33.07571004,105.84776407999748,52.88504007999876,46.800920659998894,56.161105039998674,150.23095539999647,1246.518799859998,-0.99503374,0.0520573599999999,-0.0285342799999994,-1.6838077799999989,-0.8732369600000004,0.9417213400000012,-31.19566974,36.0,-39.60866006000001,100.0,33.69689716,83.74311054000037,58.68923240000022,53.62981574000021,56.665465660000216,171.20395028000064,1567.478950679999,-1.01190462,-0.08030162,0.0620634000000002,5.396859459999996,1.814897220000001,2.0005537799999997,-4.0,16.0,-94.88360848000002,100.0,32.26,68.78516021999934,52.7998762199995,62.48792727999941,30.032957679999715,131.75749001999876,1816.2530769399991,-1.0134033800000006,-0.0338697599999999,0.0185650400000001,-5.237034180000003,-8.122704999999998,0.3718202600000012,-13.473243579999991,37.0,68.03275639999998,100.0,32.61258796,98.43466767999831,2.36621827999996,1.892974239999968,1.892974239999968,5.205679599999912,2058.805742499999,-0.98915726,0.1201471599999999,-0.01697056,2.939816860000003,1.7040918399999985,4.0608428000000005,-6.461596239999987,30.53840376000001,38.91588077999997,100.0,33.01615194,117.62692258000274,2.710297820000063,2.168237980000051,2.168237980000051,5.96265502000014,1515.9393533999996,144,X1.6963 Y1.5866 Z0.0628
16:28:59.707,5,147,1.6914,1.61081,0.06193,90.52262,57.7997,-24.41959,,185.42,0,0,,2,1,"{""sr"":{""mpox"":90.52262,""mpoy"":57.7997,""mpoz"":-24.41959,""mpoa"":0,""posx"":1.6914,""posy"":1.61081,""posz"":0.06193,""posa"":0,""unit"":0,""stat"":5,""coor"":2,""momo"":1,""dist"":0,""home"":1,""mots"":1,""plan"":0,""line"":147,""path"":2,""frmo"":2,""prbe"":1,""safe"":0,""estp"":0,""spc"":1,""hold"":0,""macs"":5,""cycs"":1,""sps"":12000,""feed"":185.42,""mark"":153225072}}",5.382411295539853,0.2020819593673138,0.208611789788695,0.2045651376960678,5.382411295539853,0.2020819593673138,0.208611789788695,0.2045651376960678,-0.98367178,0.2469585200000002,0.0367907199999999,3.636076340000005,1.4359489399999994,1.3402480400000014,12.762026979999996,18.136755839999992,14.67508722000004,100.0,40.56,66.19222129999952,69.61595663999948,50.97561849999962,39.1827516599997,143.03606403999893,2542.0436057,-1.00240096,-0.0104491399999999,0.0019237599999999,0.4315679799999999,1.9057690200000008,4.822,10.424848939999997,-15.424848939999997,25.0,100.0,33.08,91.17417315999944,45.18719933999972,40.38855883999975,48.3862932599997,129.1634115599992,1307.7681233800004,-0.98756058,0.03623674,-0.0094214999999999,-1.73854468,-1.0006898999999996,0.9054007200000004,-31.0,36.0,-39.0479877,100.0,33.70218158,76.83400086000006,59.817074700000056,55.17609428000005,57.75441718000005,175.32590806000016,1465.04569338,-1.0093338,-0.07330816,0.0159061799999999,5.43567642,1.6463119999999998,2.03878704,-3.741850800000002,16.0,-96.5439654,100.0,32.26456038,58.38952655999988,50.81772841999989,59.740535599999866,28.928067079999938,126.26132687999971,1809.42085392,-1.02145814,-0.03410274,0.02003562,-5.176692280000002,-8.315197359999997,0.3117829400000015,-13.114339160000002,37.0,67.6882518,100.0,32.62376496,88.93794193999962,2.130437039999991,1.7043496799999929,1.7043496799999929,4.68696205999998,1760.29956884,-1.00263518,0.12189696,-0.01606122,2.7243772,1.6403417200000006,4.0218782,-6.616184860000003,30.0,37.76115438,100.0,33.0137734,133.09588734000062,3.080923300000014,2.464738440000011,2.464738440000011,6.778031460000032,1629.051747500001,147,X1.6912 Y1.6115 Z0.0619
16:28:59.964,5,151,1.67841,1.63926,0.06082,90.19277,58.52247,-24.44776,,185.42,0,0,,2,1,"{""sr"":{""mpox"":90.19277,""mpoy"":58.52247,""mpoz"":-24.44776,""mpoa"":0,""posx"":1.67841,""posy"":1.63926,""posz"":0.06082,""posa"":0,""unit"":0,""stat"":5,""coor"":2,""momo"":1,""dist"":0,""home"":1,""mots"":1,""plan"":0,""line"":151,""path"":2,""frmo"":2,""prbe"":1,""safe"":0,""estp"":0,""spc"":1,""hold"":0,""macs"":5,""cycs"":1,""sps"":12000,""feed"":185.42,""mark"":153225072}}",5.30677218526854,0.2043023341334503,0.2100071283981895,0.2087556807257223,5.30677218526854,0.2043023341334503,0.2100071283981895,0.2087556807257223,-0.9116262800000008,0.3012252399999988,-0.0303925600000006,2.319675560000012,1.10067108,1.4057742400000115,6.486895479999904,10.33644052000053,3.5258428399988917,100.0,40.54998176,130.4709889200083,142.60915264000906,103.9228023600066,79.64915696000506,291.2871951200185,2793.5214582800786,-1.00290168,-0.0125176799999999,-0.0137507600000003,0.3590423999999915,1.8575618400000051,5.0217772400000165,10.0,-15.290099959999957,25.290099959999957,100.0,33.09,158.37630720000928,82.71104828000479,73.27908644000424,88.51533204000512,235.78340496001368,1197.400655640011,-0.99055452,0.0465828800000002,-0.00654672,-1.6390337199999985,-0.9170853999999962,0.8827215999999996,-31.0,36.0,-39.0,100.0,33.70137616,74.59695951999912,53.73716351999919,49.56790067999925,52.34740931999921,157.9687300799976,1491.4537498399975,-0.9995174,-0.0747590799999999,0.0329744000000009,5.206239119999992,1.7203397599999926,1.895063279999999,-3.163322879999967,16.595485800000016,-95.07786844000005,100.0,32.25567864,71.45827028000211,67.289871160002,78.60409740000232,38.70656340000114,166.73596440000492,1794.4251135200016,-0.9755007600000009,-0.0380028799999999,0.0035663600000001,-5.613765000000025,-7.815034439999984,0.5385152000000105,-13.142416400000007,37.0,67.0,100.0,32.62,138.96878972000638,3.308780560000152,2.647024760000121,2.647024760000121,7.279317440000334,1908.6278396400223,-1.0254368800000002,0.1424329200000004,-0.0052459599999999,2.763438079999997,1.7855888800000086,4.025433759999989,-6.0,30.992001,38.007999,100.0,33.02,53.27754783998973,1.2274088399997631,0.9819274799998106,0.97392847999981,2.70029979999948,1726.391430800019,151,X1.6767 Y1.6421 Z0.0607
16:29:00.220,5,155,1.65867,1.66347,0.05971,89.69148,59.13743,-24.47591,,185.42,0,0,,2,1,"{""sr"":{""mpox"":89.69148,""mpoy"":59.13743,""mpoz"":-24.47591,""mpoa"":0,""posx"":1.65867,""posy"":1.66347,""posz"":0.05971,""posa"":0,""unit"":0,""stat"":5,""coor"":2,""momo"":1,""dist"":0,""home"":1,""mots"":1,""plan"":0,""line"":155,""path"":2,""frmo"":2,""prbe"":1,""safe"":0,""estp"":0,""spc"":1,""hold"":0,""macs"":5,""cycs"":1,""sps"":12000,""feed"":185.42,""mark"":153225072}}",5.35848820381299,0.2036081282504042,0.2032517045303498,0.2086430481815585,5.35848820381299,0.2036081282504042,0.2032517045303498,0.2086430481815585,-1.0596960400000006,0.1499679600000003,0.0372563999999999,2.762127480000001,1.5567450399999971,1.259308839999998,12.0,0.3880776399998532,-7.264084399999842,100.0,40.52,20.706997080001884,23.68285332000215,17.235165000001572,13.26735760000121,48.35765780000436,1662.85186188,-0.9944188800000002,-0.0223303599999998,-0.0173476000000001,0.3236443599999975,1.948439399999996,4.842164720000001,10.16943796000001,-15.17774208000001,25.830562039999997,100.0,33.09830576,37.44585392000217,19.48539892000113,17.282702400001,20.6714670400012,55.236870960003216,1435.0715631599987,-0.988,0.04020744,-0.0200188399999997,-1.7006780000000008,-0.8287372800000009,0.9348512399999992,-31.378810079999997,36.93135712,-40.24237984000001,100.0,33.6962116,88.96005851999975,64.09544619999981,59.67507099999983,62.437805199999815,188.97105659999943,1545.900214879997,-1.0102207600000002,-0.0775726800000001,0.0048282800000001,5.2539998,1.8307448,2.0579148000000003,-4.0,16.637951919999995,-96.08196432,100.0,32.25719896,43.70520476000058,41.55352488000048,48.15234896000055,24.175234200000272,103.1836040000012,1428.360894720001,-0.9879036000000004,0.0431668799999999,-0.0047456399999997,-5.155015159999998,-7.990595560000003,0.3800075199999991,-13.097395720000009,37.06611795999999,68.80520855999998,100.0,32.608488120000004,54.40143308000146,1.3045480000000358,1.0436386000000282,1.0436386000000282,2.8700055200000776,1647.0411752400023,-0.96288796,0.1669511999999987,-0.0331683999999998,2.761893080000001,1.7570455599999986,3.867532720000002,-6.0,30.874750639999988,38.00635624,100.0,32.99131568,189.8208315999976,4.373751679999944,3.499001799999955,2.6242511599999663,9.622253999999876,1542.4355705199996,155,X1.6543 Y1.6675 Z0.0595
16:29:00.478,5,159,1.63328,1.68201,0.05859,89.04652,59.60826,-24.50428,,185.42,0,0,,2,1,"{""sr"":{""mpox"":89.04652,""mpoy"":59.60826,""mpoz"":-24.50428,""mpoa"":0,""posx"":1.63328,""posy"":1.68201,""posz"":0.05859,""posa"":0,""unit"":0,""stat"":5,""coor"":2,""momo"":1,""dist"":0,""home"":1,""mots"":1,""plan"":0,""line"":159,""path"":2,""frmo"":2,""prbe"":1,""safe"":0,""estp"":0,""spc"":1,""hold"":0,""macs"":5,""cycs"":1,""sps"":12000,""feed"":185.42,""mark"":153225072}}",5.36313388326343,0.2008213610679377,0.1978731567442823,0.2011606274392918,5.36313388326343,0.2008213610679377,0.1978731567442823,0.2011606274392918,-0.8692723600000098,0.2736020800000007,-0.0756512399999911,2.6541166799999614,1.8163034399999824,1.2746512399999912,10.959845279999952,11.678761359999616,6.92356028000111,100.0,40.51,171.81229235999135,185.25012543999068,135.33817423999318,102.70343731999483,377.219166959981,1950.3995903600496,-1.0032423600000004,-0.0082738399999997,-0.0153040399999999,0.6480950399999925,1.562686960000004,4.883545840000005,10.934169920000002,-15.103219440000045,25.140608840000088,100.0,33.09934144,135.41382239999368,104.02651207999514,92.36836887999569,110.30397395999486,295.04071171998623,1418.8761458800066,-0.98887972,0.0434223199999999,-0.0002103200000004,-1.7110914000000026,-0.9850225999999992,0.8306655200000034,-31.54861887999997,36.43423860000001,-38.45138112000003,100.0,33.7,66.43850084000105,50.3716743200008,47.33200428000075,49.50319716000079,149.37806772000238,1566.34184328,-1.00265656,-0.0706423599999998,0.0292733599999997,5.269034559999998,1.830220479999999,1.9730345599999977,-3.348562240000033,16.0,-96.30287647999994,100.0,32.266514560000005,62.67948903999948,77.061953359998,88.35364327999771,45.17953667999883,191.32006003999504,1664.7862055999958,-0.9648720400000012,0.0352617599999977,0.0061105999999997,-5.331682479999994,-8.287594879999999,0.305,-12.78759919999997,37.212400800000026,67.78759919999997,100.0,32.62553128,163.84268447999372,3.937996039999848,3.1503968399998783,3.1503968399998783,8.663591239999667,1882.1849901199937,-1.041118559999998,0.137109879999999,-0.0258580399999998,2.927035999999997,1.8224175999999912,4.025217159999997,-6.0,30.046471440000047,38.0,100.0,33.000469120000005,10.130831080010346,0.2323581600002373,0.1858867200001898,0.1394152800001424,0.4647173200004746,1510.9655887999777,159,X1.6259 Y1.6857 Z0.0583
16:29:00.736,5,162,1.60424,1.6932,0.05749,88.3089,59.89252,-24.53236,,185.42,0,0,,2,1,"{""sr"":{""mpox"":88.3089,""mpoy"":59.89252,""mpoz"":-24.53236,""mpoa"":0,""posx"":1.60424,""posy"":1.6932,""posz"":0.05749,""posa"":0,""unit"":0,""stat"":5,""coor"":2,""momo"":1,""dist"":0,""home"":1,""mots"":1,""plan"":0,""line"":162,""path"":2,""frmo"":2,""prbe"":1,""safe"":0,""estp"":0,""spc"":1,""hold"":0,""macs"":5,""cycs"":1,""sps"":12000,""feed"":185.42,""mark"":153225072}}",5.220944448844607,0.2054690854992109,0.2046544655892173,0.2164533082158898,5.220944448844607,0.2054690854992109,0.2046544655892173,0.2164533082158898,-1.104834399999997,0.0498879999999997,0.0458991999999985,2.258104399999965,1.0009104000000382,1.1477999999999982,10.004402599999858,20.786441599999545,-3.3670023999997727,100.0,40.52,34.057696400004815,38.870920400005495,28.251545400003995,21.639481200003058,78.94403380001116,1725.4091776000112,-1.004649,-0.0158845999999997,-0.0135483999999991,0.5102829999999933,1.738419200000003,4.868290399999999,11.0,-15.241141400000023,26.241141400000025,100.0,33.1094504,46.3166136000049,27.97241000000284,24.837570800002524,29.90154200000304,79.76284820000811,1367.405810599994,-0.9858928,0.0440633999999997,-0.0093161999999999,-1.7873041999999988,-1.0830365999999991,0.8927004000000017,-31.540104000000017,36.54010400000002,-39.743571399999965,100.0,33.7045992,95.24874819999908,63.26318339999951,59.99094939999954,62.71781119999952,188.69880479999856,1496.0012218000045,-1.0098176,-0.0815637999999998,0.0296883999999998,5.245166199999999,1.945332399999999,2.021667600000001,-1.4192442000000671,7.234105600000311,-43.40463280000187,100.0,32.259042400000006,49.82806700000135,46.32453120000125,52.55303980000142,27.24972420000073,114.05956040000308,1632.0155014000045,-0.9799294000000016,-0.058782399999998,0.0123281999999996,-5.523839399999997,-8.293149000000001,0.3845255999999972,-4.562514200000306,12.881524000000857,23.36257660000156,100.0,32.6110972,65.11937320000375,1.5578796000000898,1.246303400000072,1.246303400000072,3.4273356000001973,1699.5874690000037,-1.0468693999999996,0.1389999999999996,-0.0048388000000001,2.7850128000000054,1.7318603999999949,3.967,-6.0,30.790892799999973,38.0,100.0,33.0099792,173.6607241999939,3.964856999999861,3.171885599999889,2.3789141999999166,7.929713199999721,1128.9270554000116,162,X1.6019 Y1.6938 Z0.0574
16:29:00.993,5,166,1.57306,1.69676,0.05637,87.51679,59.98287,-24.56067,,185.42,0,0,,2,1,"{""sr"":{""mpox"":87.51679,""mpoy"":59.98287,""mpoz"":-24.56067,""mpoa"":0,""posx"":1.57306,""posy"":1.69676,""posz"":0.05637,""posa"":0,""unit"":0,""stat"":5,""coor"":2,""momo"":1,""dist"":0,""home"":1,""mots"":1,""plan"":0,""line"":166,""path"":2,""frmo"":2,""prbe"":1,""safe"":0,""estp"":0,""spc"":1,""hold"":0,""macs"":5,""cycs"":1,""sps"":12000,""feed"":185.42,""mark"":153225072}}",5.256743051000707,0.1972511911469176,0.2009584447042956,0.2017243954556911,5.256743051000707,0.1972511911469176,0.2009584447042956,0.2017243954556911,-0.9528011000000002,0.1653717200000145,0.0064452200000002,1.53749082000004,1.0188881399999965,1.1185373399999932,6.015174059999999,-3.1124489600006617,-0.8609965999993408,100.0,40.51332274,106.98464815999102,126.67507397998936,92.54500233999222,70.88553393999405,257.94458087997833,1835.411638920008,-0.99854714,-0.0040636399999997,0.0025779600000011,0.3376158600000159,1.7956603199999843,4.721519520000012,11.0,-15.0,25.04465494,100.0,33.10910702,154.1138508599885,74.81875759999441,65.86608563999509,79.93457015999402,212.30621799998417,1102.8463536799927,-0.99491468,0.03867632,-0.0155009799999998,-1.7695722199999957,-0.9502604399999984,0.923407579999994,-31.854060779999976,36.47684504000001,-38.669094180000016,100.0,33.71,67.23513696000111,55.31401330000092,52.92978876000088,54.83716826000091,165.94204022000275,1255.757296139993,-1.00058268,-0.0767321999999995,0.03633476,5.432,1.7425539000000023,2.0135029600000034,-4.0,16.0,-94.89172291999998,100.0,32.27,67.71700321999859,67.0936669999976,75.4668406999973,39.74129973999859,165.89711749999404,1433.0954860399952,-1.0137943600000026,-0.0386146399999971,0.0261880799999998,-5.120302539999993,-8.168607660000017,0.366,-13.0,37.0,67.06246752000001,100.0,32.614611759999995,124.58825489999276,3.0063605999998244,2.40508821999986,2.40508821999986,6.613993259999615,1559.6853463999885,-1.00268094,0.1241581400000006,-0.0089520599999998,2.787309499999997,1.7486961399999963,3.887148360000007,-1.7361888200002746,10.402046460001646,12.831705220002032,100.0,33.00344216,74.69589408001181,1.7211037000002725,1.3768830200002178,1.0326620200001633,3.442207400000545,1386.2963644799786,166,X1.5682 Y1.6967 Z0.0562
16:29:01.251,5,170,1.54217,1.69231,0.05537,86.73236,59.87002,-24.58621,,185.42,0,0,,2,1,"{""sr"":{""mpox"":86.73236,""mpoy"":59.87002,""mpoz"":-24.58621,""mpoa"":0,""posx"":1.54217,""posy"":1.69231,""posz"":0.05537,""posa"":0,""unit"":0,""stat"":5,""coor"":2,""momo"":1,""dist"":0,""home"":1,""mots"":1,""plan"":0,""line"":170,""path"":2,""frmo"":2,""prbe"":1,""safe"":0,""estp"":0,""spc"":1,""hold"":0,""macs"":5,""cycs"":1,""sps"":12000,""feed"":185.42,""mark"":153225072}}",5.06781699280959,0.1948817466719704,0.20414541231581,0.2008561057691857,5.06781699280959,0.1948817466719704,0.20414541231581,0.2008561057691857,-0.9591449999999992,0.4145815000000019,0.0005185000000023,3.414732500000061,1.2818245,1.3728950000000064,11.003720499999858,1.4881139999996809,6.53998950000032,100.0,40.529992,79.93694050000566,95.9194060000068,69.94123400000495,53.45508550000378,195.33587400001383,1619.499460500025,-1.0029695,-0.0123009999999996,-0.0114229999999999,0.3921775000000022,1.8108039999999896,4.854961500000002,10.037069999999998,-15.962930000000002,25.0,100.0,33.11,119.3431480000074,58.88457900000356,52.34184800000316,62.910875500003804,167.59457150001015,1250.6987645000015,-0.9898694999999998,0.0433609999999998,-0.0136180000000001,-1.5745334999999965,-0.9023154999999996,1.0377135000000013,-31.0,36.28740599999998,-39.498824500000005,100.0,33.71,76.8056684999995,58.13633249999939,56.13163149999941,58.13633249999939,174.91017299999817,1622.1740175000025,-1.006528,-0.073321,0.0127215000000002,5.329577500000001,1.7095734999999954,1.9933845,-3.341094499999976,16.0,-95.4984325,100.0,32.2684265,57.31973400000148,60.80876100000157,67.78681550000174,36.38557000000094,150.02817300000385,1166.772018000004,-1.0236350000000003,-0.0304269999999996,0.0209400000000003,-5.050272000000014,-8.111789499999993,0.3831610000000066,-13.503015000000024,37.50301500000002,67.0,100.0,32.61,104.6271475000047,2.515075500000113,2.01206050000009,2.01206050000009,5.533166500000249,1770.6158135,-0.9974819999999996,0.1170145000000003,-0.0150255000000003,2.8084385000000043,1.7092210000000043,3.966996499999996,-5.499969999999965,30.0035665,39.0,100.0,32.9999995,108.4935364999924,2.4998509999998246,1.99988099999986,1.4999104999998951,5.496105499999615,1251.814081500013,170,X1.535 Y1.6901 Z0.0551
16:29:01.508,5,173,1.51337,1.6801,0.05425,86.00069,59.55985,-24.61451,,185.42,0,0,,2,1,"{""sr"":{""mpox"":86.00069,""mpoy"":59.55985,""mpoz"":-24.61451,""mpoa"":0,""posx"":1.51337,""posy"":1.6801,""posz"":0.05425,""posa"":0,""unit"":0,""stat"":5,""coor"":2,""momo"":1,""dist"":0,""home"":1,""mots"":1,""plan"":0,""line"":173,""path"":2,""frmo"":2,""prbe"":1,""safe"":0,""estp"":0,""spc"":1,""hold"":0,""macs"":5,""cycs"":1,""sps"":12000,""feed"":185.42,""mark"":153225072}}",5.205938110334873,0.2112528431508981,0.2077339975243118,0.2107028593321123,5.205938110334873,0.2112528431508981,0.2077339975243118,0.2107028593321123,-1.0311910400000006,0.1134804400000008,0.0153953600000004,2.0969096000000005,1.0942715599999984,1.325818840000001,10.922483639999976,19.718344000000016,15.359172000000008,100.0,40.54640828,58.18587444000138,68.60186460000162,50.28408900000119,38.43141084000092,140.07710556000333,1509.2455363999995,-1.0039452,-0.01526604,-0.00586696,0.5174736800000017,1.7976582000000003,4.711895040000002,11.0,-15.593798399999992,25.0,100.0,33.11976384,79.96271912000155,45.14641544000087,39.79006100000077,47.82459284000091,127.78731196000248,1217.9704116399994,-0.9919548,0.0420689199999999,-0.0114204,-1.8072266799999976,-0.8740777199999996,0.8833474800000001,-31.793853559999995,36.206146440000005,-38.73279616,100.0,33.70473336,75.8375810399998,61.09138471999984,59.51143527999985,61.09138471999984,184.32745423999955,1323.056881079998,-1.01712916,-0.07687084,0.02375916,5.36742404,1.6543302799999997,2.07142404,-3.203503999999997,15.203503999999995,-94.796496,100.0,32.27103756,62.69643324000047,55.32114552000038,61.39119440000042,33.16020712000023,135.98110860000094,1344.6526070399984,-1.01839432,-0.0191736,0.0194309599999999,-5.510897040000001,-7.869287359999999,0.5026858800000011,-13.0,37.0,67.88465728,100.0,32.62524056,84.90142984000111,2.0436724000000277,1.6349379600000216,1.6349379600000216,4.49607952000006,1523.6794974,-1.02598924,0.1407333999999999,-0.0060351999999999,2.80842624,1.721545239999997,4.028,-5.642528999999992,30.99301696,38.64252899999999,100.0,33.012850400000005,138.5490632799982,3.177730719999958,2.5421847599999663,1.9066381599999749,6.991007679999908,1091.733766400001,173,X1.5121 Y1.6794 Z0.0542
16:29:01.765,5,177,1.48871,1.66101,0.05315,85.37448,59.075,-24.6426,,185.42,0,0,,2,1,"{""sr"":{""mpox"":85.37448,""mpoy"":59.075,""mpoz"":-24.6426,""mpoa"":0,""posx"":1.48871,""posy"":1.66101,""posz"":0.05315,""posa"":0,""unit"":0,""stat"":5,""coor"":2,""momo"":1,""dist"":0,""home"":1,""mots"":1,""plan"":0,""line"":177,""path"":2,""frmo"":2,""prbe"":1,""safe"":0,""estp"":0,""spc"":1,""hold"":0,""macs"":5,""cycs"":1,""sps"":12000,""feed"":185.42,""mark"":153225072}}",5.28907340478922,0.2049998103521354,0.2111939478037234,0.2057221535224088,5.28907340478922,0.2049998103521354,0.2111939478037234,0.2057221535224088,-0.9917191800000016,0.3319308399999989,-0.0054247600000014,5.177864420000087,1.94526978,1.22021478,1.5901453799998724,0.7263296799999458,5.2869842399995575,100.0,40.5522,125.78072864000296,148.30093618000348,107.92581190000251,83.07958196000195,301.26054016000705,1663.1991484600042,-1.0029215800000002,-0.0089295999999998,-0.0018064999999997,0.4609295999999978,1.6962197600000009,4.777500219999999,11.0,-15.01524556,25.729508260000017,100.0,33.12984754,157.46093942000343,87.88095356000187,77.45440030000167,93.094230300002,248.0182762400053,1244.995016100003,-1.00027548,0.04591418,-0.0115938400000005,-1.907037160000004,-0.9819505000000004,0.8617860199999994,-31.666161559999992,36.33383844000001,-39.20825694000002,100.0,33.7,74.08588781999978,53.29269035999969,51.9144309799997,53.75211029999969,161.25633067999908,1477.157234040003,-1.00488628,-0.0778562799999999,0.0344338399999999,5.190805400000003,1.8133400600000005,2.014,-3.7524685599999934,15.0,-95.64475242,100.0,32.28602818,76.55296320000085,75.34740416000083,83.18353442000092,45.2084429400005,183.84766664000205,1426.0944736199997,-0.9789052199999996,-0.0273636999999997,0.0049776399999997,-5.379596560000006,-7.954743419999996,0.5575777000000034,-13.820788440000015,38.67825124000001,67.82078844000002,100.0,32.62142506,141.75448990000243,3.3912558600000584,2.7130044000000466,2.7130044000000466,6.782511500000117,1470.4403577399924,-1.0258598200000004,0.1088892600000002,-0.00137902,2.739589359999996,1.816747640000001,3.96651094,-6.0,30.782375780000017,36.45127097999996,100.0,33.01774342,48.9789368999961,1.1281775599999098,0.902541959999928,0.6769065799999459,2.4819912799998014,1420.7787287599954,177,X1.4858 Y1.6581 Z0.053
16:29:02.022,5,181,1.46964,1.63611,0.05203,84.88999,58.4424,-24.6709,,185.42,0,0,,2,1,"{""sr"":{""mpox"":84.88999,""mpoy"":58.4424,""mpoz"":-24.6709,""mpoa"":0,""posx"":1.46964,""posy"":1.63611,""posz"":0.05203,""posa"":0,""unit"":0,""stat"":5,""coor"":2,""momo"":1,""dist"":0,""home"":1,""mots"":1,""plan"":0,""line"":181,""path"":2,""frmo"":2,""prbe"":1,""safe"":0,""estp"":0,""spc"":1,""hold"":0,""macs"":5,""cycs"":1,""sps"":12000,""feed"":185.42,""mark"":153225072}}",5.191967001364919,0.2023818342869013,0.2077965673851755,0.2094927773187381,5.191967001364919,0.2023818342869013,0.2077965673851755,0.2094927773187381,-0.97879563999999,0.209719800000004,-0.0011538400000044,-0.6280288799999557,0.6527004399999419,1.0330657200000029,9.595552160000228,-4.676441680000182,13.514662560000271,100.0,40.54919136,13.589447399992366,15.369018039991383,11.243649799993689,8.574293879995187,31.38515171998239,1639.482175919973,-1.0109178000000003,-0.0117929199999997,0.0162549600000016,0.3579402000000022,1.890673920000001,4.770054359999998,9.945652560000031,-15.77547728000009,26.578128320000165,100.0,33.13005432,27.78853411999205,16.23290599999536,14.306968079995926,17.19587491999508,45.80981199998692,1310.7032000399884,-0.9903995199999996,0.0367404799999994,0.0016991599999995,-1.817027120000008,-0.9742054400000016,0.8944412399999973,-31.0,36.04581255999997,-39.561395280000006,100.0,33.71607252,86.45480588000103,65.12180224000078,63.99901176000076,65.68319660000077,197.04959072000236,1565.859794759976,-1.00032252,-0.07944772,0.0019665999999996,5.142801119999998,1.929150440000004,1.9675500800000028,-3.3477459599999837,16.0,-95.70686132,100.0,32.2865228,48.74774355999675,43.468242599997936,47.98893955999772,26.08094523999876,106.41025771999496,1414.3416771999846,-0.9957073599999988,-0.0143464399999996,0.03534236,-5.021612399999982,-8.11338664000001,0.5321920399999968,-13.0,37.93443152000004,67.76387640000003,100.0,32.60577272,49.153089199994064,1.1806172399998556,0.9444936399998848,0.9444936399998848,2.4268029599996743,1389.9528437999809,-1.0023386,0.1095285199999998,-0.0049534399999994,2.878015159999994,1.689613600000011,3.8512026399999977,-6.01111176,30.079452399999955,37.92054760000004,100.0,32.9920334,196.43810332000965,4.547178280000223,3.6377424400001774,2.728306600000133,10.00379240000049,1430.458457039976,181,X1.4664 Y1.6304 Z0.0518
16:29:02.279,5,184,1.45751,1.60739,0.05093,84.582,57.71305,-24.69899,,185.42,0,0,,2,1,"{""sr"":{""mpox"":84.582,""mpoy"":57.71305,""mpoz"":-24.69899,""mpoa"":0,""posx"":1.45751,""posy"":1.60739,""posz"":0.05093,""posa"":0,""unit"":0,""stat"":5,""coor"":2,""momo"":1,""dist"":0,""home"":1,""mots"":1,""plan"":0,""line"":184,""path"":2,""frmo"":2,""prbe"":1,""safe"":0,""estp"":0,""spc"":1,""hold"":0,""macs"":5,""cycs"":1,""sps"":12000,""feed"":185.42,""mark"":153225072}}",5.336842316318343,0.2037779728075408,0.2164532240216423,0.2076582042369681,5.336842316318343,0.2037779728075408,0.2164532240216423,0.2076582042369681,-0.98550362,0.1970460000000004,-0.0258749599999999,2.4725249599999937,-0.2668889599999977,1.2743806799999997,7.374709500000009,-11.06245128,6.062451280000002,100.0,40.54,154.69549207999975,179.07175157999973,130.31923251999982,100.31768245999984,365.6438902199995,1485.039977380001,-1.01136604,-0.01192048,0.0302744,0.4308887799999999,1.87452944,4.98265302,10.93624732,-15.05566302,26.0,100.0,33.13055662,187.56443943999972,103.90893901999983,91.58075899999989,110.07302805999986,292.3539626999996,1194.1704042600004,-0.98693826,0.03684548,-0.0103614399999999,-1.61521092,-0.8093406400000002,0.90613258,-31.5375249,36.4624751,-39.5375249,100.0,33.71563316,66.80762924000003,50.651535800000026,49.34158236000002,51.08818726000002,153.2645617800001,1449.8883337600005,-1.02396674,-0.0720947,0.02892342,5.247830899999999,1.8362238,1.97335804,-3.0,16.01916526,-95.61895562,100.0,32.28,113.37910271999992,82.16082369999994,90.68638471999994,49.29649455999996,201.11053169999985,1589.96503604,-1.01332432,-0.0394116999999999,0.0367153799999999,-5.15204434,-8.0549762,0.3746932400000003,-13.0,37.77813398,67.76707477999999,100.0,32.60687728,161.07370297999984,3.890668839999996,3.1125349199999963,3.1125349199999963,7.781338619999991,1585.0477151200002,-0.98367934,0.10761308,-0.0108561799999999,2.86044766,1.8664254199999997,3.9840497200000007,-6.070102180000002,30.07010218,37.0696517,100.0,33.01,14.9751390200003,0.3482593800000069,0.2786076800000056,0.2786076800000056,0.7661695200000153,1244.5915893800004,184,X1.4573 Y1.6067 Z0.0509
16:29:02.537,5,188,1.45324,1.57642,0.04981,84.47335,56.92631,-24.72729,,185.42,0,0,,2,1,"{""sr"":{""mpox"":84.47335,""mpoy"":56.92631,""mpoz"":-24.72729,""mpoa"":0,""posx"":1.45324,""posy"":1.57642,""posz"":0.04981,""posa"":0,""unit"":0,""stat"":5,""coor"":2,""momo"":1,""dist"":0,""home"":1,""mots"":1,""plan"":0,""line"":188,""path"":2,""frmo"":2,""prbe"":1,""safe"":0,""estp"":0,""spc"":1,""hold"":0,""macs"":5,""cycs"":1,""sps"":12000,""feed"":185.42,""mark"":153225072}}",5.199073940945015,0.2004739150934144,0.1770753801594196,0.1941537326944827,5.199073940945015,0.2004739150934144,0.1770753801594196,0.1941537326944827,-0.8382187999999992,0.211471499999994,-0.0839034600000003,3.25230798000007,1.7104590199999696,1.09854702,10.32345913999989,-4.406153619999962,3.8235326399999248,100.0,40.53996178,35.3543392599971,42.95300347999647,31.319898059997424,23.93735031999803,87.24828769999284,2128.12857116,-1.00194394,-0.01636688,0.0099542800000006,0.414464840000001,1.927929680000002,4.847070319999998,11.0,-15.0,24.76858519999995,100.0,33.14256202,44.206878279997326,29.97483041999812,26.388098699998345,31.76819599999801,84.5443933999947,1127.659564540004,-0.99380926,0.03844612,-0.0093015400000004,-1.8130453600000025,-0.9046593200000002,1.0199509800000022,-31.55289307999999,36.45861758,-38.0942755,100.0,33.73,77.30195278000025,62.80036440000031,61.17621692000031,62.80036440000031,189.48385848000092,1510.0767215,-1.0138222800000003,-0.07756362,0.0465960000000001,5.539616140000002,1.803750439999999,2.107293560000001,-2.3295221200000324,9.600649340000103,-56.93321596000064,100.0,32.26929358,75.19236993999876,49.59496707999919,54.79443981999909,29.59699633999951,121.98762123999798,1703.7456687600022,-0.9832152200000004,-0.0348879000000003,0.0018758599999999,-5.465188139999997,-8.047301900000004,0.5459082599999957,-12.365068299999985,38.0,66.36506829999999,100.0,32.600803660000004,66.6018435599976,1.6244351799999417,1.2995481199999537,1.2995481199999537,3.2488705799998834,2162.7140128200003,-1.00214092,0.13807492,-0.01507162,2.983223460000006,1.6815085400000025,3.953303720000001,-6.0,30.99839136,36.77546770000002,100.0,32.99775444,168.27487208000397,3.8773382800000906,3.1018705800000728,3.1018705800000728,8.5301440400002,1685.5970158000057,188,X1.4532 Y1.5733 Z0.0497
16:29:02.794,5,192,1.45692,1.54529,0.0487,84.5669,56.13557,-24.75559,,185.42,0,0,,2,1,"{""sr"":{""mpox"":84.5669,""mpoy"":56.13557,""mpoz"":-24.75559,""mpoa"":0,""posx"":1.45692,""posy"":1.54529,""posz"":0.0487,""posa"":0,""unit"":0,""stat"":5,""coor"":2,""momo"":1,""dist"":0,""home"":1,""mots"":1,""plan"":0,""line"":192,""path"":2,""frmo"":2,""prbe"":1,""safe"":0,""estp"":0,""spc"":1,""hold"":0,""macs"":5,""cycs"":1,""sps"":12000,""feed"":185.42,""mark"":153225072}}",5.247803696738376,0.2063518108638351,0.2116527782092907,0.205066722017986,5.247803696738376,0.2063518108638351,0.2116527782092907,0.205066722017986,-1.01052104,0.2899510000000014,0.03188132,1.8943202799999943,1.069429720000017,1.2429707200000006,10.559283919999968,5.398209759999915,3.042506320000119,100.0,40.55360224,108.12974363999857,122.84562607999835,89.5749359999988,68.4608434399991,249.53017835999668,2531.038083760008,-1.00206548,-0.0203048399999999,-0.01339004,0.5253854399999981,1.70363424,4.92888284,10.423746920000006,-15.335785320000008,25.620233879999997,100.0,33.15,130.86931687999845,72.56734627999914,63.88407423999924,76.28874855999909,203.4366637999976,1234.108873320002,-0.99341744,0.0398235999999999,-0.01309112,-1.8610710000000013,-1.0074222399999997,1.0156230400000004,-31.633168640000005,36.0,-38.51985188,100.0,33.73153036,70.10163136000018,55.697186680000144,54.25674204000015,55.697186680000144,167.57170716000044,1337.7090290800015,-1.00481436,-0.07267736,0.01978192,5.369496079999999,1.8177194800000005,1.95928644,-3.4484732400000038,16.0,-94.67779108,100.0,32.27677796,106.63042907999936,68.27464707999961,75.55915235999957,40.812973279999774,167.54944619999907,1552.1769115600025,-1.0219123599999995,-0.0343833999999998,0.0214826399999999,-5.536539679999997,-8.00007376,0.5940514799999981,-12.93321928,38.52099712,67.52099711999999,100.0,32.63108764,121.67004271999888,2.9388901999999733,2.3511117199999783,2.3511117199999783,5.877779759999946,1686.8988914000015,-1.0136788799999996,0.1238663999999999,-0.0100998400000001,2.934980640000002,1.8639676799999976,4.028,-7.0,31.0,36.27890051999998,100.0,32.99729792,78.59983852000182,1.8027485200000417,1.4421986000000333,1.4421986000000333,3.966046880000092,1298.4721573599982,192,X1.4583 Y1.5399 Z0.0485
16:29:03.052,5,196,1.46823,1.51629,0.04759,84.85407,55.39912,-24.78368,,185.42,0,0,,2,1,"{""sr"":{""mpox"":84.85407,""mpoy"":55.39912,""mpoz"":-24.78368,""mpoa"":0,""posx"":1.46823,""posy"":1.51629,""posz"":0.04759,""posa"":0,""unit"":0,""stat"":5,""coor"":2,""momo"":1,""dist"":0,""home"":1,""mots"":1,""plan"":0,""line"":196,""path"":2,""frmo"":2,""prbe"":1,""safe"":0,""estp"":0,""spc"":1,""hold"":0,""macs"":5,""cycs"":1,""sps"":12000,""feed"":185.42,""mark"":153225072}}",5.183313724581675,0.1983618201686854,0.1932872564562552,0.2035632240296719,5.183313724581675,0.1983618201686854,0.1932872564562552,0.2035632240296719,-0.9462448799999988,0.2229913599999983,-0.0083931600000006,-1.27507776,0.9140398000000028,1.0989532,12.435595400000034,12.062338119999955,6.774336800000136,100.0,40.57,85.09726783999814,98.06847383999786,71.60538631999842,55.0013224399988,199.76836651999565,1879.483797559988,-1.0058763999999998,-0.0139813200000002,-0.0023427600000004,0.515217280000003,1.7112228799999976,4.97152928,11.0,-15.0,24.515667320000013,100.0,33.15033024,119.62216479999768,60.01492031999887,52.771740079999,63.15217747999881,168.17828803999683,1343.908565479996,-0.99030744,0.03891332,-0.0014858,-1.5873683199999995,-0.8064454799999999,1.0488251199999987,-31.274180320000006,36.77719976,-39.94861991999999,100.0,33.7377718,76.32902868000036,57.64974604000019,55.43902356000019,57.15276548000019,172.22945780000055,1680.917148959996,-1.0016274,-0.0726687199999999,0.0201353599999999,5.251136039999999,1.7187432000000007,2.00379968,-3.1672174399999964,16.32694624000001,-94.67305376,100.0,32.2749416,108.75486003999912,62.217896639999495,69.29960875999944,36.9260691199997,152.76264127999875,1350.70183092,-1.0186449199999998,-0.02876272,0.0196020799999998,-5.230995119999999,-8.050561639999994,0.4253426800000008,-13.513584439999992,38.0,66.60921087999999,100.0,32.62,105.28482219999852,2.567922159999964,2.0543382399999714,2.0543382399999714,5.135844839999928,1556.4032304400002,-1.0139453200000004,0.12834972,-0.0108965199999998,2.895390720000002,1.70851328,4.0914150399999984,-7.0,30.52378623999999,36.00398736,100.0,33.00051588,104.68391140000244,2.401007080000056,1.9208059600000449,1.9208059600000449,5.282215760000124,1198.496485279998,196,X1.4725 Y1.5093 Z0.0473
16:29:03.310,5,199,1.48683,1.49109,0.04648,85.32672,54.75904,-24.81198,,185.42,0,0,,2,1,"{""sr"":{""mpox"":85.32672,""mpoy"":54.75904,""mpoz"":-24.81198,""mpoa"":0,""posx"":1.48683,""posy"":1.49109,""posz"":0.04648,""posa"":0,""unit"":0,""stat"":5,""coor"":2,""momo"":1,""dist"":0,""home"":1,""mots"":1,""plan"":0,""line"":199,""path"":2,""frmo"":2,""prbe"":1,""safe"":0,""estp"":0,""spc"":1,""hold"":0,""macs"":5,""cycs"":1,""sps"":12000,""feed"":185.42,""mark"":153225072}}",5.281323363952085,0.1996433000056021,0.1994864234734746,0.2043255939002844,5.281323363952085,0.1996433000056021,0.1994864234734746,0.2043255939002844,-0.9351722799999967,0.2584201199999952,-0.0594764800000005,2.463378199999848,2.924390199999978,1.16,14.03065408000012,16.445732760000435,15.785419399999167,100.0,40.56323128,51.69843387999367,60.4225444399926,43.94366855999461,33.92709699999583,122.78378003998496,1774.6545462799754,-0.99976332,-0.0164748799999991,0.0084103600000013,0.366,2.200456359999994,4.807063159999995,10.655023640000037,-15.021726719999997,25.633296920000035,100.0,33.16,45.536909919995466,39.67230811999605,34.84263607999654,42.0871443199958,111.77241579998886,1301.1467548399935,-0.9883991200000004,0.0463039200000001,-0.006631800000001,-1.5452547199999955,-0.7865385599999976,0.9834614400000024,-31.816713280000023,36.28921080000002,-39.94908087999997,100.0,33.74816704,83.34540132000093,60.66279164000068,58.55278172000065,60.66279164000068,181.98837560000203,1586.0515266800069,-1.01226388,-0.0837805199999998,0.0090279999999993,5.115987159999996,1.7435867599999986,1.9581834799999969,-4.0,16.217323839999974,-94.43382699999998,100.0,32.29,82.22047839999678,52.49306971999827,59.43430171999803,31.45286919999894,129.93160295999567,1653.347298119996,-1.035944800000001,0.0122298399999999,0.0048416000000001,-5.15298543999999,-8.095808320000021,0.5131553599999927,-13.383688679999976,38.12311332000001,66.73942464000004,100.0,32.6223262,79.5753991599947,1.9184441199998743,1.534755439999899,1.534755439999899,3.836888599999748,1712.1361929999955,-1.0493555600000006,0.1522508800000022,0.0003866799999998,2.730194560000009,1.7109974400000072,3.9863718399999977,-6.0,30.007269880000003,37.68242688000004,100.0,33.01660604,148.5344711600086,3.3757833200001954,2.7006266400001566,2.7006266400001566,7.42672396000043,1604.230544399997,199,X1.4883 Y1.4895 Z0.0464
16:29:03.566,5,203,1.51114,1.47144,0.04537,85.9442,54.25993,-24.84019,,185.42,0,0,,2,1,"{""sr"":{""mpox"":85.9442,""mpoy"":54.25993,""mpoz"":-24.84019,""mpoa"":0,""posx"":1.51114,""posy"":1.47144,""posz"":0.04537,""posa"":0,""unit"":0,""stat"":5,""coor"":2,""momo"":1,""dist"":0,""home"":1,""mots"":1,""plan"":0,""line"":203,""path"":2,""frmo"":2,""prbe"":1,""safe"":0,""estp"":0,""spc"":1,""hold"":0,""macs"":5,""cycs"":1,""sps"":12000,""feed"":185.42,""mark"":153225072}}",5.208364778410209,0.2000624226322832,0.2026113713319071,0.1952911364216729,5.208364778410209,0.2000624226322832,0.2026113713319071,0.1952911364216729,-1.0453983999999985,0.4944339999999921,0.0823673999999969,2.494141399999981,0.7084116000000139,1.221,8.19714660000017,16.580474200000083,2.62366560000037,100.0,40.5520152,133.66446279999528,149.6732481999947,109.65271159999612,84.04112859999702,304.14884699998925,2418.015122399982,-1.0043260000000005,-0.0112563999999999,0.0272592,0.4897540000000002,1.5723745999999983,4.774748400000001,11.0,-15.745859199999972,25.9856222,100.0,33.1674584,178.61078479999415,86.66702419999721,76.78394179999754,91.98868339999704,244.05047099999211,1623.898865599992,-0.9906888,0.0451419999999999,0.0112164000000004,-1.5502664000000022,-0.761883799999998,0.9892466000000004,-31.0,36.88579859999999,-37.88588100000005,100.0,33.755432400000004,74.67402120000057,52.52309900000047,49.89696520000046,52.06637680000046,156.65585280000138,1711.7681445999965,-1.0114533999999995,-0.0792917999999995,0.0346397999999998,5.262413199999999,1.8185395999999971,2.0119203999999997,-3.746023200000009,16.609940599999987,-95.355963,100.0,32.2827216,107.34948619999818,72.58289119999878,83.56181619999859,43.30575899999927,180.5423187999969,1741.2882141999962,-1.0307136000000006,-0.0360855999999972,0.0238016000000001,-5.4015108,-7.9287002,0.4908980000000051,-13.0,38.14681519999999,67.30946680000002,100.0,32.6216266,143.63088999999627,3.4526657999999104,2.762132599999928,2.762132599999928,6.905331399999821,1916.7993743999948,-1.0254331999999988,0.1417912000000019,-0.0043572000000007,2.783190000000005,1.6841900000000052,4.0290576,-7.0,30.9913312,36.991331200000005,100.0,32.9941288,45.190618400006095,1.032144800000139,0.8257160000001111,0.8257160000001111,2.270719400000305,1362.905823400005,203,X1.5152 Y1.469 Z0.0452
16:29:03.824,5,207,1.53977,1.45862,0.04425,86.67121,53.9341,-24.86855,,185.42,0,0,,2,1,"{""sr"":{""mpox"":86.67121,""mpoy"":53.9341,""mpoz"":-24.86855,""mpoa"":0,""posx"":1.53977,""posy"":1.45862,""posz"":0.04425,""posa"":0,""unit"":0,""stat"":5,""coor"":2,""momo"":1,""dist"":0,""home"":1,""mots"":1,""plan"":0,""line"":207,""path"":2,""frmo"":2,""prbe"":1,""safe"":0,""estp"":0,""spc"":1,""hold"":0,""macs"":5,""cycs"":1,""sps"":12000,""feed"":185.42,""mark"":153225072}}",5.176180294701867,0.2021075719836987,0.2071310133354048,0.209284086131631,5.176180294701867,0.2021075719836987,0.2071310133354048,0.209284086131631,-0.8854120399999958,0.559624240000008,0.0031403199999993,-0.5797026400003574,1.3007274800000237,1.1089373199999943,6.16290027999991,10.837099720000092,-2.755650040000136,100.0,40.56,6.719634399996249,7.615585439995761,5.538607599996928,4.276131159997608,15.51624567999136,2393.6414707200224,-1.0052903999999998,-0.00146916,0.0158398799999998,0.2371733200000013,2.0748402,4.88331956,11.0,-15.0,25.00261944,100.0,33.17893308,23.575957959995677,12.05467535999778,10.667854279998036,12.80142547999764,34.13713403999375,1509.8553406800074,-0.9878351599999998,0.0337832399999997,-0.01791164,-1.6316033199999993,-0.7890159999999972,0.8684204800000017,-31.022904079999982,36.56719992000001,-38.97709592000001,100.0,33.75,98.12562876000057,65.22801888000039,61.82481848000036,64.09361908000038,193.41525704000117,1476.3946916400048,-0.99108156,-0.076831,0.0322845200000001,5.440662320000005,1.7869990000000011,2.07165924,-4.0,16.027300159999985,-94.33327616,100.0,32.286393,56.19290759999885,39.02065419999902,45.32560807999887,23.02338039999941,97.03807159999756,1471.8414545600074,-1.0459936800000005,-0.0496297199999999,0.0260789600000004,-5.318269879999999,-8.209331879999997,0.5028503599999979,-12.854091359999977,38.0,68.0,100.0,32.60967484,43.87515991999705,1.054691759999929,0.8437530399999431,0.8437530399999431,2.109382599999857,1702.5774243200106,-0.9876509999999988,0.1521920000000011,-0.0092208799999997,2.8670213600000016,1.7719786399999986,4.1451710800000034,-7.0,30.95328108000002,36.9857248,100.0,33.0007206,205.90868180000484,4.766404360000112,3.813123320000089,3.813123320000089,10.486089840000243,1614.0525031200075,207,X1.5466 Y1.4567 Z0.044
16:29:04.081,5,210,1.57052,1.45347,0.04324,87.45233,53.80336,-24.89416,,185.42,0,0,,2,1,"{""sr"":{""mpox"":87.45233,""mpoy"":53.80336,""mpoz"":-24.89416,""mpoa"":0,""posx"":1.57052,""posy"":1.45347,""posz"":0.04324,""posa"":0,""unit"":0,""stat"":5,""coor"":2,""momo"":1,""dist"":0,""home"":1,""mots"":1,""plan"":0,""line"":210,""path"":2,""frmo"":2,""prbe"":1,""safe"":0,""estp"":0,""spc"":1,""hold"":0,""macs"":5,""cycs"":1,""sps"":12000,""feed"":185.42,""mark"":153225072}}",5.211456715823723,0.1940618559088423,0.1922853246643404,0.1958927031600331,5.211456715823723,0.1940618559088423,0.1922853246643404,0.1958927031600331,-0.9407543999999994,0.2722680000000034,-0.0438584000000014,-1.0938577000000516,0.5752301999999819,1.2695530000000026,10.489879900000105,0.4080963999999153,9.775711600000257,100.0,40.54,149.0640089000035,168.819480300004,123.02270670000289,94.28747540000222,343.0268169000081,2559.076339500019,-0.9945703,-0.0164965,0.0163769000000005,0.4290518999999987,1.9864642999999955,4.735516099999995,11.0,-16.0,25.15193469999998,100.0,33.1794087,167.91696730000365,95.83140070000208,84.80654900000184,101.7678588000022,269.68482610000586,1813.1029485000145,-0.9825279,0.0351128999999999,-0.0005823999999999,-1.8277112000000024,-1.0065521999999991,0.8840364999999992,-31.95750520000001,35.55803280000001,-38.95750520000001,100.0,33.7404249,71.59864049999949,50.82619509999964,47.73242639999966,49.94226159999965,150.26875109999892,1886.1151776000088,-1.0014311,-0.0605769999999997,0.0096251000000001,5.4222474000000025,1.6634669000000013,1.9747912999999997,-3.3892122999999854,16.031975599999992,-95.6427633,100.0,32.29,121.74134310000152,74.5285819000009,86.74108630000103,43.67593740000053,185.0519145000022,2138.3429682000155,-0.9400002999999982,-0.0998080000000018,-0.0039790000000002,-5.188,-8.2073149,0.4585609000000014,-13.268952499999983,38.25052239999999,67.0184301,100.0,32.6073107,152.91182370000274,3.747387200000067,2.9979096000000536,2.9979096000000536,7.494774300000134,2259.138816800008,-1.0412410000000012,0.1561957000000009,-0.0158215000000002,2.9778710000000026,1.673909599999995,4.136940500000002,-6.894096200000021,30.89409620000002,37.0,100.0,32.988964,22.875153999995483,0.5295172999998955,0.4236142999999164,0.4236142999999164,1.1649382999997702,1828.365443400004,210,X1.5717 Y1.4534 Z0.0432
16:29:04.339,5,214,1.60164,1.45643,0.04213,88.24286,53.87853,-24.92243,,185.42,0,0,,2,1,"{""sr"":{""mpox"":88.24286,""mpoy"":53.87853,""mpoz"":-24.92243,""mpoa"":0,""posx"":1.60164,""posy"":1.45643,""posz"":0.04213,""posa"":0,""unit"":0,""stat"":5,""coor"":2,""momo"":1,""dist"":0,""home"":1,""mots"":1,""plan"":0,""line"":214,""path"":2,""frmo"":2,""prbe"":1,""safe"":0,""estp"":0,""spc"":1,""hold"":0,""macs"":5,""cycs"":1,""sps"":12000,""feed"":185.42,""mark"":153225072}}",5.171650275098021,0.1910903787007959,0.2059139855314855,0.2168768984262041,5.171650275098021,0.1910903787007959,0.2059139855314855,0.2168768984262041,-0.9325085600000044,0.2697933199999979,-0.0115405999999989,3.552628900000039,1.3052365400000654,1.2679217200000057,10.733055099999971,-8.45935115999994,5.79458198000021,100.0,40.53739818,43.4458522800049,48.97488254000552,35.80705208000404,27.38186334000309,99.78930268001126,2407.104841759998,-1.0011080400000003,-0.0137187999999997,-0.0009121799999993,0.5834264999999987,1.8682332199999965,4.839759360000001,11.0,-15.242975980000027,26.48595222000005,100.0,33.18,61.03900546000538,32.6078060800029,28.822971740002565,34.64579430000309,92.29173778000822,1209.2658967599973,-0.99462084,0.0392195000000002,-0.0037554800000001,-1.4894426000000078,-0.9602393200000032,0.8855344600000016,-32.0,36.0,-38.0,100.0,33.7588859,88.31535565999926,61.41389537999951,57.141624259999546,59.811793339999525,180.92606031999856,1239.5016144600042,-1.00345706,-0.07633066,0.0461240400000002,5.4223011399999965,1.785285200000004,1.988349800000002,-2.7509745999999717,15.08534817999986,-86.10718331999914,100.0,32.2925602,82.28315608000214,47.13708456000123,54.99326524000144,27.289891100000712,117.42922786000308,1669.6434734200018,-0.9949391600000004,-0.0221037599999999,0.0151093600000002,-5.565921660000003,-7.721500939999996,0.7015179000000009,-13.347567480000018,38.347567480000016,67.95129055999999,100.0,32.62,71.94644282000388,1.7378371400000936,1.390269660000075,1.390269660000075,3.4756735400001872,1645.1746806599988,-0.99166688,0.1128972200000002,-0.01552224,2.962043200000004,1.8308297,3.934615939999997,-6.002793700000001,30.0,37.0027937,100.0,32.98804716,160.85714515999362,3.6727924199998543,2.938234179999883,2.938234179999883,8.08014355999968,1433.8843559800089,214,X1.6052 Y1.4572 Z0.042
16:29:04.595,5,218,1.63101,1.46724,0.04101,88.9889,54.1532,-24.95074,,185.42,0,0,,2,1,"{""sr"":{""mpox"":88.9889,""mpoy"":54.1532,""mpoz"":-24.95074,""mpoa"":0,""posx"":1.63101,""posy"":1.46724,""posz"":0.04101,""posa"":0,""unit"":0,""stat"":5,""coor"":2,""momo"":1,""dist"":0,""home"":1,""mots"":1,""plan"":0,""line"":218,""path"":2,""frmo"":2,""prbe"":1,""safe"":0,""estp"":0,""spc"":1,""hold"":0,""macs"":5,""cycs"":1,""sps"":12000,""feed"":185.42,""mark"":153225072}}",5.413285019238392,0.1991638690477361,0.206496259194981,0.2069665623556708,5.413285019238392,0.1991638690477361,0.206496259194981,0.2069665623556708,-0.9661789000000046,0.2811071199999864,-0.0152675599999972,1.5038836800001685,2.607292099999996,1.1227638999999976,6.219091520000382,-9.311975660000574,8.701544940000534,100.0,40.4976062,106.89913610000656,115.60623512000709,83.90960212000515,64.64004524000397,236.18478066001447,2584.238937940016,-1.00669992,-0.0099768800000001,0.0076105399999993,0.3928983399999981,1.6887248399999957,4.795101660000002,11.0,-15.0,26.64475776000004,100.0,33.18644776,121.58387648000672,67.41284296000372,59.58813772000329,71.62614502000395,190.8024208400105,1449.8169167999847,-0.9910678200000002,0.04351842,-0.0043522799999998,-1.71507966000001,-0.9907085600000056,0.9509241999999972,-32.0,36.48401442,-38.35506470000002,100.0,33.75871078,73.08614727999914,55.66163497999934,51.30550705999939,54.20959233999936,163.11279205999807,1522.3459115199869,-1.01203568,-0.07606386,0.0085314000000004,5.359963239999996,1.5773555400000034,1.969768819999996,-3.455836399999986,15.576911999999972,-94.96725222000003,100.0,32.29846176,105.5025404800032,61.36945588000159,72.37381172000185,35.37065996000091,153.21209608000396,1714.514791119996,-1.0051242199999997,-0.0266727000000004,0.0168338199999995,-5.243771319999997,-8.230493279999997,0.5456733600000043,-13.929871380000009,38.50779612000003,67.43766750000003,100.0,32.61351962,120.7161662400051,2.889624180000122,2.311699820000097,2.311699820000097,6.357173100000268,1776.3893630399866,-1.0102813000000004,0.1231736200000003,-0.0147780999999999,2.7334790399999958,1.7467777800000024,4.074789719999996,-6.0,30.386346939999964,37.00282416,100.0,33.0,83.60799189999177,1.9176148999998115,1.5340911199998493,1.5340911199998493,4.218751579999585,1535.959227879987,218,X1.6363 Y1.4701 Z0.0408
16:29:04.853,5,221,1.6567,1.4851,0.0399,89.64131,54.60678,-24.97904,,185.42,0,0,,2,1,"{""sr"":{""mpox"":89.64131,""mpoy"":54.60678,""mpoz"":-24.97904,""mpoa"":0,""posx"":1.6567,""posy"":1.4851,""posz"":0.0399,""posa"":0,""unit"":0,""stat"":5,""coor"":2,""momo"":1,""dist"":0,""home"":1,""mots"":1,""plan"":0,""line"":221,""path"":2,""frmo"":2,""prbe"":1,""safe"":0,""estp"":0,""spc"":1,""hold"":0,""macs"":5,""cycs"":1,""sps"":12000,""feed"":185.42,""mark"":153225072}}",5.265139912483066,0.1985610119894058,0.1730888586135235,0.1881619048572715,5.265139912483066,0.1985610119894058,0.1730888586135235,0.1881619048572715,-0.8706144400000008,0.7270374400000026,-0.0018760999999993,4.014530460000053,3.11110557999999,1.202959600000004,8.918298639999975,3.2957470199999364,7.163402260000051,100.0,40.52,88.69950560000208,100.59821934000236,73.55568770000173,56.24846654000132,205.52324474000483,2465.341048119994,-1.00578702,-0.0041068,0.0181502999999999,0.3917456999999965,2.03661168,4.8523199,11.46545797999999,-15.0,26.0,100.0,33.18968398,113.4758545600024,59.334173900001225,52.91966844000109,63.61051090000131,169.4182558200035,1349.0498418599984,-0.98763696,0.03191064,0.0089165999999996,-2.003968519999998,-1.0527705000000005,0.8692763400000005,-32.0,36.50578274,-37.21901282,100.0,33.7623058,79.0739175199998,56.83498783999979,52.38703227999981,54.8581184199998,166.32064683999937,1647.446276859996,-1.0066893999999995,-0.0774455,0.0349534199999999,5.245369359999998,1.6256545999999994,1.9705119799999988,-3.686505860000009,16.0,-94.31349414,100.0,32.2931349,80.57345998000072,57.47915578000052,68.25649788000061,32.8452320400003,143.6978902600013,1945.8593927599984,-0.98337954,-0.0404417999999999,0.0003275399999999,-5.471420839999999,-8.030051980000003,0.4848321399999991,-13.899390439999998,38.10060956,67.62657476000001,100.0,32.60879716,108.87478172000164,2.62982554000004,2.103860340000032,2.103860340000032,5.785616820000088,2302.06460972,-1.0127201599999995,0.1273699600000002,-0.0078980000000001,2.841143320000001,1.7375905399999991,4.050814659999998,-6.99598996,30.460678259999987,36.53932174000001,100.0,33.00547308,100.42780163999724,2.3033898399999373,1.8427121199999497,1.8427121199999497,5.067458019999862,1760.5387392599991,221,X1.6567 Y1.4851 Z0.0399
16:29:05.110,5,225,1.67675,1.50887,0.03879,90.15069,55.2105,-25.00712,,185.42,0,0,,2,1,"{""sr"":{""mpox"":90.15069,""mpoy"":55.2105,""mpoz"":-25.00712,""mpoa"":0,""posx"":1.67675,""posy"":1.50887,""posz"":0.03879,""posa"":0,""unit"":0,""stat"":5,""coor"":2,""momo"":1,""dist"":0,""home"":1,""mots"":1,""plan"":0,""line"":225,""path"":2,""frmo"":2,""prbe"":1,""safe"":0,""estp"":0,""spc"":1,""hold"":0,""macs"":5,""cycs"":1,""sps"":12000,""feed"":185.42,""mark"":153225072}}",5.241689493029259,0.213577957242462,0.2160694441997587,0.2131910870630312,5.241689493029259,0.213577957242462,0.2160694441997587,0.2131910870630312,-0.910645760000006,0.2926166000000082,-0.0162039999999955,1.2848970400000896,1.081525400000088,1.1774247200000076,12.070588839999813,10.702860799999875,3.874013400000374,100.0,40.53999744,58.22419100000564,59.8700916400058,43.773834720004224,33.47575004000323,122.31309396001186,2948.567470720042,-1.0000483200000003,0.0006588000000007,0.0105583600000013,0.3029180799999951,2.054713400000003,4.840945159999997,10.633299639999972,-15.0,27.0,100.0,33.19344732,76.870186720006,38.262739040003,34.12622692000268,41.020413560003206,109.27286640000852,1651.3945330800252,-0.9841288399999998,0.0391756399999999,-0.0389240400000004,-1.663231719999999,-0.8720961599999991,0.8352791999999972,-32.0,36.0,-38.81706367999998,100.0,33.76182944,80.35338063999932,60.39633187999949,55.66966263999953,58.295589879999504,176.4623257199985,2010.1632376800007,-1.00716796,-0.0719424800000003,0.0275639200000004,5.307029560000002,2.041208999999992,2.04854512,-3.2165731999999903,16.216573199999992,-94.43368392,100.0,32.3,71.11500712000131,48.57258908000127,57.6799502800015,27.75576552000072,120.78121692000316,1981.9919470400064,-0.9828808400000006,-0.0230725600000009,0.0166938399999999,-5.328298240000008,-7.982169640000002,0.5555144400000003,-14.0,38.0,67.12664387999999,100.0,32.62,80.2940616000041,1.933189880000098,1.5465524400000783,1.5465524400000783,4.253018200000216,2196.7699023600003,-1.04010596,0.1221280000000003,-0.0027391999999997,2.6457510400000017,1.7902906800000018,3.991231559999991,-6.67491739999997,31.0,36.31753120000003,100.0,33.0,146.45710963999335,3.374587359999847,2.6996702799998773,2.6996702799998773,7.424093119999664,1916.2237904000256,225,X1.6782 Y1.5111 Z0.0387
16:29:05.368,5,229,1.69024,1.5371,0.03768,90.49323,55.92758,-25.03543,,185.42,0,0,,2,1,"{""sr"":{""mpox"":90.49323,""mpoy"":55.92758,""mpoz"":-25.03543,""mpoa"":0,""posx"":1.69024,""posy"":1.5371,""posz"":0.03768,""posa"":0,""unit"":0,""stat"":5,""coor"":2,""momo"":1,""dist"":0,""home"":1,""mots"":1,""plan"":0,""line"":229,""path"":2,""frmo"":2,""prbe"":1,""safe"":0,""estp"":0,""spc"":1,""hold"":0,""macs"":5,""cycs"":1,""sps"":12000,""feed"":185.42,""mark"":153225072}}",5.294905879411106,0.1925026037152047,0.2031310272223846,0.2080751166169343,5.294905879411106,0.1925026037152047,0.2031310272223846,0.2080751166169343,-1.0589450400000011,0.190397959999993,0.0017845200000013,1.472905159999901,0.8027731199999988,1.2722268800000014,12.48066219999994,18.48066219999994,11.441987439999822,100.0,40.53,144.44201904000343,155.35914772000365,113.37018896000266,86.49725516000204,316.5967502000075,1572.7347009599878,-1.00311212,-0.0041496,-0.0111921600000006,0.3544791200000008,1.7309495200000031,4.933570679999995,11.0,-15.0,26.01050976,100.0,33.19989488,191.97676116000417,88.48229440000192,78.2213178800017,94.02360468000202,251.24584528000543,1075.736411720002,-0.99087676,0.0368035199999999,-0.0007460399999998,-1.5982595199999985,-0.854,0.9055503599999992,-32.0,36.09229167999999,-39.549993480000005,100.0,33.77,73.35110435999951,51.750779199999656,47.70071851999968,49.95075211999967,151.202276759999,1173.5058731999975,-1.0130618000000002,-0.0719916399999999,0.0205711199999998,5.374004920000002,1.8583146,1.9814365599999992,-4.0,16.0,-95.26691420000002,100.0,32.29375784,114.23953280000131,69.91709108000082,83.02654620000095,39.95262340000046,174.168468320002,1431.439070799999,-1.0034578000000005,-0.0238546799999995,0.0068752400000001,-5.259227400000003,-7.895491479999993,0.3390165200000005,-13.286176559999989,37.0,67.0,100.0,32.62,147.04767108000257,3.569118560000062,2.85529428000005,2.85529428000005,7.852060400000139,1448.5096511199995,-1.0177244800000005,0.1214918799999999,-0.00677136,2.8476433599999957,1.6678215999999977,4.078820320000001,-6.0,30.84193376000002,36.9911884,100.0,33.006750520000004,36.212473919995794,0.8343890399999027,0.6675111999999223,0.6675111999999223,1.8356550799997864,1202.7666709200018,229,X1.6918 Y1.5419 Z0.0375
16:29:05.626,5,233,1.69613,1.56786,0.03657,90.64295,56.70888,-25.06373,,185.42,0,0,,2,1,"{""sr"":{""mpox"":90.64295,""mpoy"":56.70888,""mpoz"":-25.06373,""mpoa"":0,""posx"":1.69613,""posy"":1.56786,""posz"":0.03657,""posa"":0,""unit"":0,""stat"":5,""coor"":2,""momo"":1,""dist"":0,""home"":1,""mots"":1,""plan"":0,""line"":233,""path"":2,""frmo"":2,""prbe"":1,""safe"":0,""estp"":0,""spc"":1,""hold"":0,""macs"":5,""cycs"":1,""sps"":12000,""feed"":185.42,""mark"":153225072}}",5.350135029888163,0.2001984893286135,0.2018567590959996,0.1948124623515487,5.350135029888163,0.2001984893286135,0.2018567590959996,0.1948124623515487,-0.961,0.417,-0.015,5.127,2.502,1.221,9.0,5.0,29.0,100.0,40.53,0.0,0.0,0.0,0.0,0.0,1957.0,-1.004514,-0.012306,-0.000972,0.479531,1.599703,4.887234,10.069417,-15.069417,26.0,100.0,33.209306,17.146023,7.774715,6.94171,8.330052,22.144054,1591.056321,-0.992425,0.045858,0.000429,-1.857177,-0.977,0.977,-31.429135,36.570865,-39.0,100.0,33.78,99.330425,65.649419,60.511638,63.365961,191.810476,1615.53138,-1.008913,-0.075087,0.052436,5.454104,1.711657,2.097104,-4.0,16.0,-95.637633,100.0,32.296812,56.749317,36.026252,42.402579,20.723065,89.268588,1518.771624,-0.995131,-0.021122,0.001122,-5.206825,-8.083789,0.510807,-13.813057,37.0,66.186943,100.0,32.62,38.510256,0.934715,0.747772,0.747772,2.056373,1897.504668,-1.001957,0.115057,-0.007021,2.93,1.709865,4.209702,-6.0,30.007091,38.007091,100.0,32.990142,214.468237,4.964543,3.971634,3.971634,10.921994,1758.794643,233,X1.6964 Y1.5753 Z0.0363
16:29:05.883,5,236,1.69396,1.59908,0.03545,90.58765,57.5018,-25.09203,,185.42,0,0,,2,1,"{""sr"":{""mpox"":90.58765,""mpoy"":57.5018,""mpoz"":-25.09203,""mpoa"":0,""posx"":1.69396,""posy"":1.59908,""posz"":0.03545,""posa"":0,""unit"":0,""stat"":5,""coor"":2,""momo"":1,""dist"":0,""home"":1,""mots"":1,""plan"":0,""line"":236,""path"":2,""frmo"":2,""prbe"":1,""safe"":0,""estp"":0,""spc"":1,""hold"":0,""macs"":5,""cycs"":1,""sps"":12000,""feed"":185.42,""mark"":153225072}}",5.2524951698987365,0.204037288965609,0.2208360945426571,0.2134405153483496,5.2524951698987365,0.204037288965609,0.2208360945426571,0.2134405153483496,-1.0255437200000044,0.237284899999993,0.0379747600000025,5.769816360000124,1.0927630200000216,1.2477880200000109,12.577407160000131,4.578522580000132,6.424265539999869,100.0,40.51720126,140.95925606000722,159.00891642000815,115.1740262400059,87.66978122000448,324.0343868200166,1109.7163357199906,-1.00327334,-0.0089623000000001,-0.0003684800000002,0.697368820000007,1.6152298599999897,4.890954659999998,10.941160519999997,-15.058839480000003,25.189243739999963,100.0,33.20941176,158.09747504000742,91.6154599000043,81.0756282400038,97.29075386000456,260.2527667400122,1066.9113752999965,-0.99007422,0.0355976599999998,-0.00410512,-1.5815879399999937,-0.916,0.9086488800000024,-31.94023470000002,37.0,-37.17929589999994,100.0,33.77507048,68.43893927999902,51.44103265999926,47.41521329999932,50.09909253999928,151.1919059399978,1186.9730283399929,-0.9940422799999998,-0.07260328,0.0183135999999995,5.299084760000003,1.8282712600000008,2.03393322,-3.4162362999999702,16.371501819999985,-95.58376370000002,100.0,32.29,102.45399572000343,71.6487444200018,84.21869900000212,41.48085182000104,177.28110156000446,1211.9123516999991,-0.9838794200000008,-0.0389001199999997,0.0078495000000004,-5.189676880000013,-8.18331597999998,0.3692201000000124,-13.974699200000009,37.0,67.9746992,100.0,32.61450848,151.61721998000584,3.62720610000014,2.901764680000112,2.901764680000112,7.979853480000306,1432.662229859999,-0.9951321800000004,0.1215649800000001,-0.0175571400000001,2.825989319999995,1.935106440000005,3.975851019999997,-6.0,30.14667101999996,37.00313894,100.0,33.02,31.632174939990577,0.725508679999784,0.5804070599998271,0.5804070599998271,1.5961189799995246,939.7758933799925,236,X1.6937 Y1.6005 Z0.0354
16:29:06.139,5,240,1.68379,1.62863,0.03434,90.32943,58.25233,-25.12034,,185.42,0,0,,2,1,"{""sr"":{""mpox"":90.32943,""mpoy"":58.25233,""mpoz"":-25.12034,""mpoa"":0,""posx"":1.68379,""posy"":1.62863,""posz"":0.03434,""posa"":0,""unit"":0,""stat"":5,""coor"":2,""momo"":1,""dist"":0,""home"":1,""mots"":1,""plan"":0,""line"":240,""path"":2,""frmo"":2,""prbe"":1,""safe"":0,""estp"":0,""spc"":1,""hold"":0,""macs"":5,""cycs"":1,""sps"":12000,""feed"":185.42,""mark"":153225072}}",5.307430380738888,0.2082152215188323,0.2136261244991366,0.2128665566842234,5.307430380738888,0.2082152215188323,0.2136261244991366,0.2128665566842234,-0.991396619999996,0.4351412200000059,-0.0131817800000045,6.147426540000003,1.23238155999996,1.2210069,10.962118480000164,-2.2913112999997955,13.060163359999674,100.0,40.49521184,46.773523739992605,46.78011269999261,33.78606967999467,25.469498879995975,94.859090719985,1298.306613940009,-1.00814338,-0.0056019000000002,0.0086184999999986,0.3167606799999974,1.7038938599999904,4.929288940000003,10.951631379999998,-15.710466560000036,25.951631379999995,100.0,33.222895720000004,48.68588445999373,32.71725499999599,29.24285623999641,35.033520999995694,93.76039803998847,1062.1781678199989,-0.9895946799999996,0.0366175199999996,-0.0061817399999998,-1.5978448399999914,-0.9466555999999978,0.8351279599999974,-32.11138477999998,37.0,-39.26621819999993,100.0,33.79422614,85.27756144000115,61.40630318000069,57.13456088000063,59.80439960000066,181.12648764000195,1190.5335391600042,-1.00797072,-0.0715637199999998,0.0098702599999995,5.111839239999999,1.9328572800000032,1.891071939999993,-3.586357400000015,16.08255207999999,-94.99239009999994,100.0,32.30090134,38.8824441999986,47.56894749999827,55.84180845999798,27.714082559999,117.88826187999574,969.1734401400064,-0.9962097999999988,-0.0177201599999998,0.0208462400000003,-5.227777019999998,-8.13642872,0.310840639999999,-13.650018200000025,37.0,67.04787354,100.0,32.61602138,72.44618769999462,1.74990777999987,1.3999259799998962,1.3999259799998962,3.849797619999715,1343.5868313199985,-1.0088416800000002,0.11999428,-0.0156045999999997,2.8934781400000147,1.741219279999995,3.9223691199999977,-6.0,31.0,38.0,100.0,33.02731638,160.1164612000088,3.6724607600002015,2.9379686600001613,2.9379686600001613,8.079413880000443,903.6514659999908,240,X1.6821 Y1.6321 Z0.0342
16:29:06.396,5,244,1.66646,1.65462,0.03322,89.88922,58.91259,-25.14864,,185.42,0,0,,2,1,"{""sr"":{""mpox"":89.88922,""mpoy"":58.91259,""mpoz"":-25.14864,""mpoa"":0,""posx"":1.66646,""posy"":1.65462,""posz"":0.03322,""posa"":0,""unit"":0,""stat"":5,""coor"":2,""momo"":1,""dist"":0,""home"":1,""mots"":1,""plan"":0,""line"":244,""path"":2,""frmo"":2,""prbe"":1,""safe"":0,""estp"":0,""spc"":1,""hold"":0,""macs"":5,""cycs"":1,""sps"":12000,""feed"":185.42,""mark"":153225072}}",5.2954584216544935,0.2051153480033759,0.2098301019611887,0.2035658017640486,5.2954584216544935,0.2051153480033759,0.2098301019611887,0.2035658017640486,-0.9056116000000016,0.4615725999999961,-0.0249911999999988,5.663944799999964,1.4528180000000026,1.221,6.599601599999944,-9.79880579999983,2.599601599999944,100.0,40.52,98.4163206000023,109.21811200000256,78.61303620000184,59.4098524000014,220.2365224000052,2256.100184999986,-1.0117504000000002,-0.0065765999999998,0.0198112,0.2064527999999954,1.8512413999999997,4.9165574,10.410529399999987,-15.0,25.628820400000013,100.0,33.22,113.76785220000238,67.1996644000014,59.53654480000124,71.9154302000015,191.577990000004,1374.9030592000004,-0.9882058,0.0456514000000001,0.0093860000000001,-1.8907796000000023,-0.9643725999999988,0.916,-31.65620959999999,36.1700012,-38.65620959999999,100.0,33.795138,76.82093599999968,55.91397239999976,52.510512999999776,54.94155559999977,165.7970831999993,1455.9084168000002,-1.002845,-0.0714878000000001,0.0367046,5.325945999999999,1.7917328000000017,1.9652940000000003,-3.0,16.127438399999996,-95.5903872,100.0,32.31,66.5215422000007,62.4254124000006,72.62939080000069,36.64694040000035,154.9257084000015,1492.9575579999937,-0.9708599999999996,-0.0161500000000004,0.0042599999999998,-5.139068600000009,-8.146197599999994,0.336181400000003,-13.438974799999992,36.48851640000001,66.95045839999997,100.0,32.6112204,118.15881720000192,2.805126200000045,2.244101600000036,2.244101600000036,6.1712786000000985,1743.0286385999957,-1.017528,0.0999528000000007,-0.0061756,2.8684428,1.6974123999999984,3.8823158000000006,-5.0030456,31.0,37.40653879999999,100.0,33.0181004,87.55796019999697,2.01746499999993,1.613971799999944,1.613971799999944,4.438422199999846,1337.4805279999948,244,X1.6623 Y1.6593 Z0.033
16:29:06.654,5,247,1.64309,1.67546,0.03211,89.29573,59.44185,-25.17694,,185.42,0,0,,2,1,"{""sr"":{""mpox"":89.29573,""mpoy"":59.44185,""mpoz"":-25.17694,""mpoa"":0,""posx"":1.64309,""posy"":1.67546,""posz"":0.03211,""posa"":0,""unit"":0,""stat"":5,""coor"":2,""momo"":1,""dist"":0,""home"":1,""mots"":1,""plan"":0,""line"":247,""path"":2,""frmo"":2,""prbe"":1,""safe"":0,""estp"":0,""spc"":1,""hold"":0,""macs"":5,""cycs"":1,""sps"":12000,""feed"":185.42,""mark"":153225072}}",5.054744548741332,0.2022211717928167,0.2011691120868071,0.206090826121055,5.054744548741332,0.2022211717928167,0.2011691120868071,0.206090826121055,-1.01236688,0.213992799999997,0.0171344399999984,3.720062919999881,0.2897528000000082,1.1140043199999918,11.3180098800001,2.4340292000000336,-10.854126240000069,100.0,40.5256,92.17636063999444,102.84223483999378,73.62072947999556,55.637039919996646,206.8104404799875,1691.8368458399946,-1.00062196,-0.0085047199999997,0.0039719600000008,0.2731763200000019,2.062716959999999,4.851176320000002,11.0,-15.028766320000004,27.0,100.0,33.22,81.27276911999606,63.3034746799966,56.147429639996986,67.70719443999637,180.5237530799903,1277.2195310399898,-0.99206504,0.0392749999999999,-0.0174751200000004,-1.7532595199999947,-0.977,0.945067760000003,-31.76022536000001,36.760225360000014,-37.73087783999999,100.0,33.79,75.91586484000088,56.47685604000056,53.530237200000535,55.49464976000055,168.19703384000167,1450.883039519996,-1.01800656,-0.0899248400000002,0.0197197200000002,5.463944239999993,1.8579526400000037,2.066536119999999,-3.820222080000011,16.0,-94.4794848,100.0,32.296593040000005,69.74903651999836,61.94130879999854,70.79006703999833,36.43606403999914,152.5109533599964,1226.1768931599936,-0.9922346400000004,-0.0417468000000002,0.0208811200000003,-5.458519080000007,-8.05491623999999,0.4399388800000069,-13.358684920000028,36.536643239999975,66.35868492000003,100.0,32.6182204,113.76839747999546,2.683216879999893,2.1465736399999145,2.1465736399999145,5.9030771199997645,1359.275097199994,-1.0349116399999994,0.2000946400000003,-0.0114080399999997,2.884157959999992,1.7843957999999918,3.993392600000002,-5.9958336,30.55899763999997,38.56316403999997,100.0,33.00995856,96.58368792000736,2.205011800000168,1.7640094400001347,1.7640094400001347,4.85102608000037,1300.5636149199966,247,X1.6429 Y1.6756 Z0.0321
16:29:06.918,5,251,1.61451,1.68974,0.03107,88.56958,59.80456,-25.20336,,185.42,0,0,,2,1,"{""sr"":{""mpox"":88.56958,""mpoy"":59.80456,""mpoz"":-25.20336,""mpoa"":0,""posx"":1.61451,""posy"":1.68974,""posz"":0.03107,""posa"":0,""unit"":0,""stat"":5,""coor"":2,""momo"":1,""dist"":0,""home"":1,""mots"":1,""plan"":0,""line"":251,""path"":2,""frmo"":2,""prbe"":1,""safe"":0,""estp"":0,""spc"":1,""hold"":0,""macs"":5,""cycs"":1,""sps"":12000,""feed"":185.42,""mark"":153225072}}",5.17252832139532,0.19955925737838,0.2014785481323242,0.2103641467826611,5.17252832139532,0.19955925737838,0.2014785481323242,0.2103641467826611,-0.8385780800000062,0.2045224799999874,-0.053853159999997,-0.5562372399996912,1.9877860000000496,1.4235780800000064,13.037137959999692,2.234752279999438,9.320954240000102,100.0,40.53,27.2811005200087,29.2068254400093,21.022495640006703,15.887229840005055,59.055559360018826,2271.8612473999337,-1.008078920000001,-0.0149479599999993,0.0010110800000008,0.2683888400000051,2.0506111599999945,4.918208439999994,11.0,-15.0,25.98850272,100.0,33.230115039999994,41.95463012000897,23.65089452000506,21.18297516000453,25.29617348000541,67.86778332001452,1327.6259819199724,-0.9915063999999998,0.03193552,0.0064498399999996,-1.672830239999999,-0.7985920000000019,0.8939424400000013,-32.0,36.90832895999997,-38.18334208000006,100.0,33.79,88.96275563999878,63.54482607999912,60.78200727999916,62.99226231999912,189.52934987999737,1648.1892622399732,-1.00778804,-0.0877768399999995,0.0324619999999988,5.255624000000002,1.648,1.9327856000000008,-3.731430160000016,16.0,-94.89140879999997,100.0,32.31268548,43.55674400000289,45.52787524000219,51.67104028000252,27.04699200000129,112.28535088000544,1608.4067103199754,-1.0156170000000009,-0.0276151999999999,0.0322430399999993,-5.320359760000005,-8.34512419999999,0.3319447600000014,-12.868931679999958,36.28639524000003,66.0,100.0,32.60441704,59.41487668000676,1.4319762000001623,1.1455809600001297,1.1455809600001297,3.1503469600003573,1687.5460436399671,-1.0220795199999984,0.0609272000000035,2.411999999975745e-05,2.859317919999997,1.7368746000000097,4.007463879999994,-5.0,31.0,38.0,100.0,33.00177956,180.47280251998916,4.15835935999975,3.3266877599997997,3.3266877599997997,9.14839099999945,1353.5276651599754,251,X1.6127 Y1.6904 Z0.031
16:29:07.176,5,255,1.58382,1.69599,0.02995,87.79016,59.96342,-25.23166,,185.42,0,0,,2,1,"{""sr"":{""mpox"":87.79016,""mpoy"":59.96342,""mpoz"":-25.23166,""mpoa"":0,""posx"":1.58382,""posy"":1.69599,""posz"":0.02995,""posa"":0,""unit"":0,""stat"":5,""coor"":2,""momo"":1,""dist"":0,""home"":1,""mots"":1,""plan"":0,""line"":255,""path"":2,""frmo"":2,""prbe"":1,""safe"":0,""estp"":0,""spc"":1,""hold"":0,""macs"":5,""cycs"":1,""sps"":12000,""feed"":185.42,""mark"":153225072}}",5.350554974261004,0.2020377010918302,0.2054129698660831,0.2145125372004184,5.350554974261004,0.2020377010918302,0.2054129698660831,0.2145125372004184,-1.139,0.293,0.054,5.188,0.61,1.221,12.0,-6.0,21.0,100.0,40.56,166.0,185.0,134.0,102.0,375.0,2167.0,-1.009904,-0.025137,-0.021589,0.370177,2.110935,5.057645,11.0,-15.0,26.0,100.0,33.25,198.413153,108.055989,95.946266,115.508127,308.332176,1405.248192,-0.993531,0.040614,-0.021083,-1.629807,-1.099,0.889623,-31.574563,36.0,-39.0,100.0,33.8,66.793641,48.925278,47.223529,48.499841,146.775835,1588.306836,-1.002458,-0.061356,0.03386,5.598456,1.667386,2.033386,-3.682199,16.0,-95.682199,100.0,32.316822,96.87219,83.22822,94.143396,49.800492,205.341755,1805.316653,-0.892039,-0.004037,0.044112,-5.397632,-8.030368,0.514632,-13.0,37.0,65.812197,100.0,32.608122,168.937053,4.060987,3.248789,3.248789,8.934171,2133.218699,-0.949186,0.053823,0.024528,2.687339,1.648,3.907339,-4.01098,30.0,39.0,100.0,33.00989,2.393532,0.054898,0.043918,0.032939,0.120775,1841.609064,255,X1.5795 Y1.6963 Z0.0298
16:29:07.433,5,259,1.55264,1.69426,0.02884,86.99819,59.91944,-25.25996,,185.42,0,0,,2,1,"{""sr"":{""mpox"":86.99819,""mpoy"":59.91944,""mpoz"":-25.25996,""mpoa"":0,""posx"":1.55264,""posy"":1.69426,""posz"":0.02884,""posa"":0,""unit"":0,""stat"":5,""coor"":2,""momo"":1,""dist"":0,""home"":1,""mots"":1,""plan"":0,""line"":259,""path"":2,""frmo"":2,""prbe"":1,""safe"":0,""estp"":0,""spc"":1,""hold"":0,""macs"":5,""cycs"":1,""sps"":12000,""feed"":185.42,""mark"":153225072}}",5.076320484569245,0.1984707600294565,0.2018001574316378,0.20174824902225,5.076320484569245,0.1984707600294565,0.2018001574316378,0.20174824902225,-0.9757466,0.078412799999996,-0.0032507600000011,3.692897800000226,2.557724620000044,1.125314299999994,13.715606980000068,5.298805599999932,15.978962179999762,100.0,40.55003912,23.595214499994437,26.595457719993725,19.26650917999545,14.805504039996505,53.7698617199873,1405.270005539984,-1.0050355599999998,-0.0078100600000002,0.0051613599999993,0.5103783599999986,1.7400537799999944,4.898162099999998,9.56714648000035,-12.235517340000449,23.482995880000857,100.0,33.24059168,28.22124531999581,22.16082029999656,19.50909885999697,23.676090099996323,62.883696259990245,1087.6891000999965,-0.9904336600000002,0.0476998800000002,-0.0132755199999999,-1.4149055799999972,-0.8039652199999974,0.9431770399999996,-31.50511299999998,36.05959351999999,-40.435293480000034,100.0,33.804352460000004,83.90530296000072,63.21075194000058,61.60690476000055,63.7652324600006,191.8501773200018,1099.4760882199992,-1.0168600400000003,-0.07567554,0.0212254199999998,5.437011960000005,1.616678979999998,2.0365124599999995,-4.0,15.630940780000012,-94.04493076,100.0,32.31089866,46.13240459999846,45.76334523999847,51.29923365999829,27.67944295999908,112.56306721999626,1113.1974903599896,-1.0038234800000008,-0.0332285799999994,0.0255964600000004,-5.079954159999995,-8.322399840000005,0.3579876799999953,-12.973719060000006,37.0,65.59662447999995,100.0,32.62,57.1265501399955,1.360156219999893,1.0881250599999144,1.0881250599999144,2.9923430199997645,1202.009243659992,-0.9861667799999986,0.1265995199999996,-0.0165095600000005,2.8511720000000045,1.673599360000008,4.010299680000004,-5.854393400000033,31.0,37.85439340000004,100.0,33.01145572,184.5520373200073,4.271965420000169,3.4175720200001343,2.563179480000101,9.39832352000037,958.2778740799884,259,X1.546 Y1.6929 Z0.0286
16:29:07.691,5,262,1.52287,1.68459,0.02773,86.24199,59.67386,-25.28827,,185.42,0,0,,2,1,"{""sr"":{""mpox"":86.24199,""mpoy"":59.67386,""mpoz"":-25.28827,""mpoa"":0,""posx"":1.52287,""posy"":1.68459,""posz"":0.02773,""posa"":0,""unit"":0,""stat"":5,""coor"":2,""momo"":1,""dist"":0,""home"":1,""mots"":1,""plan"":0,""line"":262,""path"":2,""frmo"":2,""prbe"":1,""safe"":0,""estp"":0,""spc"":1,""hold"":0,""macs"":5,""cycs"":1,""sps"":12000,""feed"":185.42,""mark"":153225072}}",5.254001174185276,0.1980727339064197,0.2004474900334452,0.1999524484417415,5.254001174185276,0.1980727339064197,0.2004474900334452,0.1999524484417415,-0.9189567000000124,0.2868971000000007,0.0398111999999967,4.345536799999989,0.915608700000026,1.3003089999999975,11.499254600000212,21.998509500000424,2.4026824999992327,100.0,40.5530013,111.9761531000068,131.571980100008,95.1797302000058,72.78449940000444,265.9433640000162,2397.6882333999747,-1.0147877999999992,-0.0060987,0.0126704999999998,0.4010393999999986,1.709,4.896998799999998,10.328040199999965,-15.0,25.049275100000003,100.0,33.249507200000004,135.06390830000737,78.61928990000429,69.88381330000381,83.99496810000457,223.7625951000122,1405.7487361999802,-0.9880615,0.0366349999999999,-0.0081895999999999,-1.7773342000000123,-0.9202159000000056,0.902538699999998,-31.871786000000014,36.402375400000025,-39.402375400000025,100.0,33.8046942,73.69743139999902,53.51278479999928,52.573963599999296,53.98219469999928,163.3548164999978,1297.6730418999912,-1.0027167,-0.0750016,0.0449028000000001,5.228535800000007,1.7207038999999984,1.825247500000001,-3.9040663000000135,15.571276400000016,-94.6672104,100.0,32.295246299999995,95.20268830000278,71.98086390000194,79.40746140000213,43.417029100001166,175.4778806000047,1473.6977680999769,-1.0210589,-0.0350988,0.0209674999999997,-5.151800300000025,-8.185521299999976,0.3285494000000075,-13.431169499999966,36.62419760000002,66.48653659999997,100.0,32.613758,130.4018321000056,3.120986000000134,2.4967884000001077,2.4967884000001077,6.866168600000295,1622.2740530999718,-1.0067616,0.117998299999999,-0.0126365000000004,2.873690600000008,1.732733600000005,4.052553200000005,-6.0,30.30210189999996,38.68782170000004,100.0,33.0108698,65.85823779999089,1.510510199999791,1.208408299999833,0.9063056999998744,3.32312189999954,1123.8778458999884,262,X1.5222 Y1.6843 Z0.0277
16:29:07.947,5,266,1.49668,1.66771,0.02661,85.57673,59.24496,-25.31657,,185.42,0,0,,2,1,"{""sr"":{""mpox"":85.57673,""mpoy"":59.24496,""mpoz"":-25.31657,""mpoa"":0,""posx"":1.49668,""posy"":1.66771,""posz"":0.02661,""posa"":0,""unit"":0,""stat"":5,""coor"":2,""momo"":1,""dist"":0,""home"":1,""mots"":1,""plan"":0,""line"":266,""path"":2,""frmo"":2,""prbe"":1,""safe"":0,""estp"":0,""spc"":1,""hold"":0,""macs"":5,""cycs"":1,""sps"":12000,""feed"":185.42,""mark"":153225072}}",5.174003539024485,0.2002100175543305,0.1783358098193973,0.193599754681207,5.174003539024485,0.2002100175543305,0.1783358098193973,0.193599754681207,-1.0372808400000009,0.0945469400000031,0.0058443400000005,1.625161619999979,1.6211958800000612,1.1660999999999904,8.680466899999875,16.096732859999843,5.600466900000625,100.0,40.56000464,68.53561401999491,81.14961695999396,58.02441189999568,44.14900941999672,163.56110093998782,1395.2278905799983,-1.0030329799999995,-0.0141921599999993,0.0067816400000014,0.281723579999999,1.8850249199999995,5.022608340000007,10.572166140000029,-15.38971799999997,25.0,100.0,33.243897180000005,72.43541053999536,50.05658013999684,44.4947381599972,53.47925207999663,142.46872781999102,937.594305920002,-0.9910100999999998,0.0453669800000003,-0.0297344000000001,-1.9016940399999955,-1.0487749800000024,0.8558725799999972,-31.512203280000005,36.0,-38.51220328,100.0,33.81,79.32247168000053,58.39115242000051,57.87894914000051,59.41555840000052,178.75887890000158,1284.3658426600005,-1.0109927399999998,-0.0755202799999998,0.0310130799999998,5.4123312,1.587323699999997,1.9933344,-4.0,16.0,-94.60538887999998,100.0,32.29605368,50.98503883999878,59.48254511999857,65.14754963999843,35.40627657999915,145.4017771399965,1489.0149477999971,-0.9924960800000006,-0.0383429999999996,0.0080160200000003,-5.21054634,-8.208145479999994,0.3017007200000031,-13.078713879999995,37.0,66.0,100.0,32.61527068,93.25288223999593,2.2416560799999017,1.7933245799999211,1.7933245799999211,4.931642659999784,1739.4117519599986,-0.9929007400000002,0.1127084199999998,-0.0158417399999999,2.9122930400000056,1.735050939999998,4.079918079999996,-6.0,30.57293212000003,37.57293212000003,100.0,33.01996976,123.26394512000655,2.879786580000153,2.3038292000001226,1.7308976600000918,6.335530960000337,1581.4988267200065,266,X1.4943 Y1.6657 Z0.0265
16:29:08.205,5,270,1.47559,1.6446,0.0255,85.04109,58.65808,-25.34487,,185.42,0,0,,2,1,"{""sr"":{""mpox"":85.04109,""mpoy"":58.65808,""mpoz"":-25.34487,""mpoa"":0,""posx"":1.47559,""posy"":1.6446,""posz"":0.0255,""posa"":0,""unit"":0,""stat"":5,""coor"":2,""momo"":1,""dist"":0,""home"":1,""mots"":1,""plan"":0,""line"":270,""path"":2,""frmo"":2,""prbe"":1,""safe"":0,""estp"":0,""spc"":1,""hold"":0,""macs"":5,""cycs"":1,""sps"":12000,""feed"":185.42,""mark"":153225072}}",5.2267492441899766,0.2040279414512178,0.2117769495181063,0.210908194377523,5.2267492441899766,0.2040279414512178,0.2117769495181063,0.210908194377523,-0.9649136199999978,0.1522643399999999,-0.00357836,5.111350539999934,2.0327482600000795,1.124700539999998,7.736054620000092,8.050793780000218,3.8426299199999376,100.0,40.54421308,68.25305093999499,81.73513523999398,58.56280293999568,44.23808829999675,164.3129008199879,1568.3664529000064,-0.99632968,-0.0188259200000004,0.0397116199999996,0.3591901999999966,1.7665535599999962,4.6931065399999925,10.0,-15.542035520000027,25.457964479999973,100.0,33.2454201,92.96561759999416,50.7867722399968,44.76122363999717,53.7995470399966,143.32199373999097,1022.946409300001,-0.97757632,0.0403222199999996,-0.0243440999999999,-1.461936759999997,-0.8999505000000024,1.0401710200000045,-31.510151780000005,36.249730020000015,-38.729966419999975,100.0,33.81510138,90.29685148000078,58.1572937800005,57.6471425800005,59.17759734000051,178.04294422000154,1284.7125209400049,-1.0113061399999996,-0.0768580599999999,0.0454885999999999,5.358650600000003,1.8940043200000003,2.011377420000003,-2.855782240000085,12.137073680000364,-67.82482442000202,100.0,32.29344304,72.36203715999851,59.33137437999857,64.51109751999844,35.50112391999916,144.5613642999965,1259.848228280005,-1.0166031799999995,-0.0320815400000002,0.0146916399999997,-5.213743720000005,-8.282557859999995,0.4743194800000013,-14.656033020000026,37.54876608000002,67.0,100.0,32.61107242,93.77155461999584,2.256169179999901,1.8049356799999208,1.8049356799999208,4.963573279999783,1354.9590586200077,-1.019399339999999,0.1174427399999999,-0.0086870200000002,2.757978520000004,1.7016348799999963,3.90640136,-6.0,31.0,38.0,100.0,33.00416598,125.74794488000668,2.884126940000153,2.3073019000001227,1.730476280000092,6.345080080000337,1047.2265501000045,270,X1.4725 Y1.64 Z0.0253
16:29:08.463,5,274,1.46105,1.61694,0.02438,84.67184,57.95559,-25.37318,,185.42,0,0,,2,1,"{""sr"":{""mpox"":84.67184,""mpoy"":57.95559,""mpoz"":-25.37318,""mpoa"":0,""posx"":1.46105,""posy"":1.61694,""posz"":0.02438,""posa"":0,""unit"":0,""stat"":5,""coor"":2,""momo"":1,""dist"":0,""home"":1,""mots"":1,""plan"":0,""line"":274,""path"":2,""frmo"":2,""prbe"":1,""safe"":0,""estp"":0,""spc"":1,""hold"":0,""macs"":5,""cycs"":1,""sps"":12000,""feed"":185.42,""mark"":153225072}}",5.403803862743275,0.199904595068971,0.1942650075094925,0.2029355588261847,5.403803862743275,0.199904595068971,0.1942650075094925,0.2029355588261847,-0.9301366399999972,0.2230857600000031,-0.032842540000001,3.159219060000108,1.9135788000000515,1.2503461800000026,7.227074100000068,-4.724696660000023,13.716767420000023,100.0,40.5426,121.45081824000373,143.6647008000044,102.93501808000312,77.75666796000239,288.8116356200088,1860.442100379988,-1.0029137,-0.0145853999999998,0.0030006600000008,0.2629272999999987,1.8636037399999936,4.9429665,10.689712560000022,-15.016944459999998,24.70665702000002,100.0,33.25,144.17504752000403,82.6789117200023,73.49236594000206,88.33217088000247,234.62719046000652,1106.1333811599943,-0.98987324,0.03881822,-0.0103625,-1.9112067000000008,-1.067284800000002,1.0036007599999992,-31.149648199999987,36.85035180000001,-38.94459446000003,100.0,33.8168513,66.72464975999948,52.9544774799996,52.48996445999961,53.88350351999961,162.1150235799988,1486.2168952799989,-1.00374334,-0.0740726,0.0241179799999998,5.397148699999995,1.7882077000000018,2.114393740000002,-3.822899440000016,16.585106360000008,-93.41489364,100.0,32.2859196,103.56384920000144,74.30852436000104,81.32980264000113,44.46809364000062,180.7979061000025,1486.8750493599978,-1.0180567400000002,-0.0354660999999998,0.0186678000000002,-5.405433120000015,-8.068070239999994,0.514626340000002,-14.0,37.13946558000001,67.58160326,100.0,32.615759659999995,134.89052378000295,3.2425603200000714,2.594048360000057,2.594048360000057,7.133633600000157,1560.7113323799983,-1.00602804,0.1131726399999993,-0.0072415000000001,2.792532959999996,1.7528246800000014,3.982180279999999,-6.00817626,30.99182374,36.99182374,100.0,33.0,57.82431293999517,1.326057959999889,1.0608462199999114,1.0608462199999114,2.917327659999755,1587.1168777600024,274,X1.4586 Y1.6094 Z0.0241
16:29:08.720,5,277,1.45418,1.58628,0.02326,84.4973,57.17675,-25.4017,,185.42,0,0,,2,1,"{""sr"":{""mpox"":84.4973,""mpoy"":57.17675,""mpoz"":-25.4017,""mpoa"":0,""posx"":1.45418,""posy"":1.58628,""posz"":0.02326,""posa"":0,""unit"":0,""stat"":5,""coor"":2,""momo"":1,""dist"":0,""home"":1,""mots"":1,""plan"":0,""line"":277,""path"":2,""frmo"":2,""prbe"":1,""safe"":0,""estp"":0,""spc"":1,""hold"":0,""macs"":5,""cycs"":1,""sps"":12000,""feed"":185.42,""mark"":153225072}}",5.320009916277795,0.197655260345919,0.205723303620858,0.2047489680751916,5.320009916277795,0.197655260345919,0.205723303620858,0.2047489680751916,-0.9265361600000002,0.2515018799999963,-0.09460404,5.285646039999922,2.0904645599999787,1.221,10.637629479999966,-11.516838719999956,9.946565999999804,100.0,40.54120808,19.688810600001855,23.433308080002185,16.789844920001585,12.682976160001184,47.228987560004406,1659.3484485200004,-0.99989388,-0.00706588,-0.02176,0.2548268000000006,1.9834700400000016,4.742804640000002,10.00823896,-15.16925056000001,24.17748952000001,100.0,33.271692200000004,35.03493384000204,19.80235404000116,17.432841640001012,20.98711024000121,56.0220440800033,1306.6986610400024,-0.99046844,0.0408157599999998,0.00498368,-1.6354578399999988,-1.0628890399999973,0.9628904000000004,-31.375913999999995,36.375914,-39.0,100.0,33.82555532,78.88808775999978,63.33269047999981,62.77714079999982,64.4437899599998,193.8869203199994,1864.699897160005,-1.00993024,-0.07708148,0.0302774799999998,5.3149692,1.8956921599999963,1.99187696,-3.637325879999996,16.081463080000006,-94.83707395999998,100.0,32.288002199999994,67.0868584000007,46.05958984000052,50.41167680000057,27.56321888000031,112.06624500000126,1658.058093319998,-0.97992952,-0.0379991200000001,0.0046803599999998,-4.973850360000003,-8.21618564,0.3188861999999992,-13.260624200000008,38.16275424,67.90213003999999,100.0,32.61260584,54.33962032000147,1.3031217600000358,1.0424975600000288,1.0424975600000288,2.8668667200000786,1824.9264529600025,-1.0229394799999998,0.1437726800000001,-0.01016268,2.8771321600000004,1.7632063199999994,3.981925960000001,-6.118686480000012,30.874000719999987,36.9926872,100.0,33.018667,189.6582174799976,4.370004719999945,3.496003999999956,3.496003999999956,9.614011159999878,2023.93695888,277,X1.454 Y1.5846 Z0.0232
16:29:08.977,5,281,1.45532,1.55503,0.02215,84.52626,56.38304,-25.43,,185.42,0,0,,2,1,"{""sr"":{""mpox"":84.52626,""mpoy"":56.38304,""mpoz"":-25.43,""mpoa"":0,""posx"":1.45532,""posy"":1.55503,""posz"":0.02215,""posa"":0,""unit"":0,""stat"":5,""coor"":2,""momo"":1,""dist"":0,""home"":1,""mots"":1,""plan"":0,""line"":281,""path"":2,""frmo"":2,""prbe"":1,""safe"":0,""estp"":0,""spc"":1,""hold"":0,""macs"":5,""cycs"":1,""sps"":12000,""feed"":185.42,""mark"":153225072}}",5.370168435561812,0.2037489460033442,0.2133240389265127,0.2093552304601767,5.370168435561812,0.2037489460033442,0.2133240389265127,0.2093552304601767,-0.87388578,0.3820317800000063,0.0077248799999997,3.684407840000023,-0.1136053799999912,1.221,10.908260079999904,-4.137610380000144,-2.4954289399994725,100.0,40.53,161.21571601999605,189.55059933999533,135.81202799999667,102.59181981999748,382.0323939999906,2409.7841251600094,-1.0123905799999997,-0.0055907200000002,0.0141361599999994,0.6739686599999986,1.8211884399999931,4.87889086,10.06736912,-15.018696460000022,24.981303539999978,100.0,33.27981304,197.4098874799955,106.93035599999754,94.13527013999784,113.3278979399974,300.68450479999314,1254.4794014199972,-0.9955901599999998,0.0485434999999997,-0.0143717999999999,-1.6615634999999953,-0.7661520199999992,0.8902909800000011,-31.559875959999985,36.56845418,-38.56845418,100.0,33.83,68.61580872000054,49.1962397400004,48.76469390000039,49.6277855600004,149.74645028000117,1499.6672085599969,-0.99894094,-0.07505102,0.0321238600000003,5.170173279999995,1.888832080000007,2.01438906,-3.3311068800000165,16.006377900000007,-94.66889311999998,100.0,32.3,110.88482121999874,85.75308825999888,93.86272227999878,51.32062567999933,208.65247993999728,1795.887984440001,-1.0169513599999993,-0.02409716,0.0332041999999995,-5.054620739999999,-8.397986139999997,0.4151696799999991,-13.0,38.0,66.80975982,100.0,32.60996302,166.04516703999684,4.030312559999923,3.224250039999939,3.224250039999939,8.064321439999851,1658.340278840005,-1.02493698,0.1112489800000002,-0.0020013,3.1627679199999914,1.76999012,3.730524300000006,-6.0,30.969283699999977,37.0,100.0,33.01,6.630210200005143,0.1527693800001185,0.1222160800000947,0.1222160800000947,0.3360940000002607,1788.6724620200005,281,X1.456 Y1.551 Z0.022
16:29:09.235,5,285,1.46442,1.52516,0.02103,84.75747,55.62437,-25.4583,,185.42,0,0,,2,1,"{""sr"":{""mpox"":84.75747,""mpoy"":55.62437,""mpoz"":-25.4583,""mpoa"":0,""posx"":1.46442,""posy"":1.52516,""posz"":0.02103,""posa"":0,""unit"":0,""stat"":5,""coor"":2,""momo"":1,""dist"":0,""home"":1,""mots"":1,""plan"":0,""line"":285,""path"":2,""frmo"":2,""prbe"":1,""safe"":0,""estp"":0,""spc"":1,""hold"":0,""macs"":5,""cycs"":1,""sps"":12000,""feed"":185.42,""mark"":153225072}}",5.335100934667097,0.2016636330352057,0.2013608340988234,0.2052096405666144,5.335100934667097,0.2016636330352057,0.2013608340988234,0.2052096405666144,-1.0371946999999997,0.1046621600000011,0.0419468999999999,0.3956484800000249,2.5983761599999924,1.193390500000001,12.00387792,7.092060019999979,0.9913570000000468,100.0,40.5282,29.45157138000068,35.82028068000083,25.53343064000059,19.471537320000447,72.00794846000166,1446.5655340800004,-1.00587758,-0.01250356,0.0107303599999999,0.5867610600000004,1.4821597600000005,4.94738868,10.224865640000004,-15.168429960000005,26.0,100.0,33.278315740000004,52.89023552000092,26.08442722000043,22.99274284000038,27.658488160000456,73.58753716000122,999.4575463600004,-0.98784086,0.03470258,-0.0085596999999999,-1.882276520000001,-0.95872862,1.0611463,-31.0,36.92314144,-39.07685856,100.0,33.83,81.32945199999989,61.981300359999935,60.89390909999993,62.52499575999993,188.1186839599998,1266.0024627399996,-1.0126781,-0.07788408,0.0209621399999999,5.211327600000001,1.8971492599999984,2.0211370799999995,-3.057922560000001,16.0,-95.05792256,100.0,32.29825072,75.94848470000031,48.33085424000019,53.31737096000021,28.768365620000115,117.75850952000047,1025.4698069200003,-1.01724194,-0.0290724199999999,0.0174087,-5.34216336,-8.134082,0.24606478,-13.297483540000004,37.33133182,66.59496726,100.0,32.593652119999994,61.28165036000056,1.4874188800000134,1.1899351600000103,1.1899351600000103,3.272321300000029,1165.3564866600016,-1.00824716,0.1361691,-0.0102473799999999,2.945784039999999,1.6863477399999995,3.982960799999999,-6.815050439999996,30.81360072,37.18349984,100.0,33.02,177.68099959999907,4.075252199999979,3.2602017599999837,3.2602017599999837,8.965554659999954,830.9200144200016,285,X1.4672 Y1.5193 Z0.0208
16:29:09.492,5,288,1.48081,1.49858,0.01992,85.17367,54.94924,-25.48661,,185.42,0,0,,2,1,"{""sr"":{""mpox"":85.17367,""mpoy"":54.94924,""mpoz"":-25.48661,""mpoa"":0,""posx"":1.48081,""posy"":1.49858,""posz"":0.01992,""posa"":0,""unit"":0,""stat"":5,""coor"":2,""momo"":1,""dist"":0,""home"":1,""mots"":1,""plan"":0,""line"":288,""path"":2,""frmo"":2,""prbe"":1,""safe"":0,""estp"":0,""spc"":1,""hold"":0,""macs"":5,""cycs"":1,""sps"":12000,""feed"":185.42,""mark"":153225072}}",5.141646694728145,0.1978603671889877,0.2006001824524085,0.2157024690138598,5.141646694728145,0.1978603671889877,0.2006001824524085,0.2157024690138598,-0.8592797600000002,0.4303557999999891,-0.0703627199999991,3.760073679999867,1.6870277600000037,1.0550551600000075,12.400507279999845,11.080608399999813,11.36020291999994,100.0,40.47,110.85653931999492,132.6197862399939,94.53410403999568,72.0907559999967,266.5997753999878,2098.6073855999853,-0.9989110399999998,-0.0136295999999996,-0.0136897599999998,0.4233172800000052,1.8519246400000016,5.054132800000006,10.955274360000002,-16.0,26.29830176000003,100.0,33.27,96.574959919996,75.55183899999687,67.01119663999724,80.1506467999967,213.5160675199912,1439.1480797600047,-0.99270796,0.0317776800000003,-0.0005588799999999,-1.583182400000002,-0.7656118400000033,0.8780964799999988,-31.38865331999998,36.61134668000002,-38.80022868000002,100.0,33.84,71.12326280000067,54.05367944000051,52.6312140800005,54.05367944000051,163.10934904000155,1812.913448240001,-1.00684904,-0.0726416799999997,0.0228210399999999,5.311555599999998,1.4759231200000031,1.97336316,-4.0,16.56389599999999,-95.46161119999998,100.0,32.287684320000004,116.98884543999736,69.92311319999861,78.38155475999844,41.728309519999165,172.44991455999656,1607.4466436399937,-0.9666952800000012,-0.0274655199999998,-0.0024665599999999,-5.205525839999998,-8.406135639999995,0.287474160000002,-13.445241720000023,38.0,66.94073567999999,100.0,32.58614008,126.54792367999596,3.070113319999902,2.456090719999921,2.456090719999921,6.1994909599998085,1926.6598711199924,-0.9839708000000006,0.1206863200000008,-0.0159436799999999,2.86830272,1.6467769600000055,4.110536119999996,-6.32156860000003,30.0,36.32156860000003,100.0,33.00321564,69.78043272000664,1.6078436800001532,1.2862750800001226,1.2862750800001226,3.537256960000337,1401.9815800799995,288,X1.4811 Y1.4982 Z0.0199
16:29:09.750,5,292,1.5035,1.47711,0.01887,85.7501,54.40394,-25.51324,,185.42,0,0,,2,1,"{""sr"":{""mpox"":85.7501,""mpoy"":54.40394,""mpoz"":-25.51324,""mpoa"":0,""posx"":1.5035,""posy"":1.47711,""posz"":0.01887,""posa"":0,""unit"":0,""stat"":5,""coor"":2,""momo"":1,""dist"":0,""home"":1,""mots"":1,""plan"":0,""line"":292,""path"":2,""frmo"":2,""prbe"":1,""safe"":0,""estp"":0,""spc"":1,""hold"":0,""macs"":5,""cycs"":1,""sps"":12000,""feed"":185.42,""mark"":153225072}}",5.376884697932734,0.199895102656825,0.1961847028804588,0.1973590367609179,5.376884697932734,0.199895102656825,0.1961847028804588,0.1973590367609179,-0.9288004399999972,0.1782748000000011,0.0037171599999992,4.619926160000025,2.546371439999991,1.194021679999998,14.98807244,15.953188520000024,23.59468679999994,100.0,40.46000468,81.46188076000193,92.9628997600022,66.60743824000157,50.31542588000119,187.84256056000444,2444.52274024,-1.0069678,-0.0056804399999999,-0.0128338799999999,0.3216134400000031,2.2493698000000024,4.82406544,10.44769888000001,-15.51843923999999,26.96613812,100.0,33.27,104.46102408000222,54.89797644000113,48.637681080001,58.2689047600012,155.57812932000317,1421.5087046800031,-0.9962446,0.04098348,-0.0079691200000001,-1.902980639999999,-0.939407719999999,0.9143982799999985,-31.29604743999999,36.5010444,-39.99791068,100.0,33.84,76.95532059999962,57.11906971999981,55.11489155999983,57.11906971999981,171.85825351999944,1498.244506160001,-0.99739536,-0.0624019599999998,0.01927656,5.165245759999998,1.8816724800000024,1.96230624,-3.152557920000004,16.0,-95.35390628,100.0,32.29,74.52387284000062,60.7048764400005,68.10790992000057,36.0280969200003,149.54128048000123,1779.365830440002,-1.0373767199999993,-0.0975610799999997,0.0144195600000002,-5.288575920000005,-7.891161479999999,0.5113285200000012,-13.086980800000005,38.0869808,67.42321499999998,100.0,32.6059718,100.40984104000148,2.449020480000036,1.959216280000029,1.959216280000029,5.387845160000079,1749.439703360002,-1.0385563599999994,0.095972880000001,-0.0219694799999999,2.8683500800000004,1.6199735199999994,4.02832496,-6.0,30.51923987999999,36.51391235999999,100.0,33.00989344,114.21679415999756,2.5961998799999444,2.0769595199999555,2.0769595199999555,5.711638639999878,1372.6145892400027,292,X1.5058 Y1.4754 Z0.0188
16:29:10.006,5,296,1.53106,1.4621,0.01778,86.45005,54.02258,-25.54089,,185.42,0,0,,2,1,"{""sr"":{""mpox"":86.45005,""mpoy"":54.02258,""mpoz"":-25.54089,""mpoa"":0,""posx"":1.53106,""posy"":1.4621,""posz"":0.01778,""posa"":0,""unit"":0,""stat"":5,""coor"":2,""momo"":1,""dist"":0,""home"":1,""mots"":1,""plan"":0,""line"":296,""path"":2,""frmo"":2,""prbe"":1,""safe"":0,""estp"":0,""spc"":1,""hold"":0,""macs"":5,""cycs"":1,""sps"":12000,""feed"":185.42,""mark"":153225072}}",5.135636676671931,0.1978742420790315,0.2012933330683639,0.2092305485223735,5.135636676671931,0.1978742420790315,0.2012933330683639,0.2092305485223735,-0.9291206000000009,0.2872418000000015,-0.0198261999999997,3.365498800000036,2.564793599999987,1.1234925999999992,10.606086799999945,13.219781199999815,8.772610600000254,100.0,40.49,67.05411579999765,77.89520059999725,55.81150939999803,42.15977359999852,156.5934435999945,1946.6010517999944,-1.0067874,-0.0093619999999998,-0.0031173999999998,0.2263680000000023,2.185112200000004,4.918923000000001,10.9721164,-15.0,26.411092999999987,100.0,33.28,87.56274059999737,46.864565199998594,41.52036039999876,49.74221399999851,131.96074959999603,1291.2892088000003,-0.992102,0.0416961999999998,-0.0094339999999999,-1.6918599999999988,-0.8194699999999994,0.9754389999999992,-31.25539240000001,36.255392400000005,-39.20421439999998,100.0,33.85,71.0429834000003,59.20248620000024,56.11366080000023,58.17287760000024,176.0630454000007,1493.568123799998,-1.0073084,-0.0777746,0.0242958000000001,5.247676,2.0418620000000045,2.042415,-1.5910785999999897,7.453185799999919,-44.25329239999952,100.0,32.290785799999995,96.61335239999904,56.364719799999385,64.28372979999929,33.34573139999963,139.55363279999847,1276.2252877999967,-0.9969050000000004,-0.0309625999999999,0.0037148,-4.856871600000002,-8.289000800000002,0.2559991999999982,-13.564150600000008,38.11084100000001,68.0,100.0,32.61675,89.57084499999819,2.179247599999955,1.7433981999999646,1.7433981999999646,4.794345199999902,1480.4651204000004,-1.0002079999999998,0.1217415999999999,-0.0195644,2.9663148000000006,1.7811694000000018,4.0885392,-7.595325400000014,30.9924478,37.0,100.0,33.01,130.37627120000306,2.976627200000069,2.381301800000056,2.381301800000056,7.143905200000167,1497.5337627999995,296,X1.5358 Y1.4603 Z0.0176
16:29:10.264,5,300,1.56136,1.45462,0.01667,87.21968,53.83258,-25.56919,,185.42,0,0,,2,1,"{""sr"":{""mpox"":87.21968,""mpoy"":53.83258,""mpoz"":-25.56919,""mpoa"":0,""posx"":1.56136,""posy"":1.45462,""posz"":0.01667,""posa"":0,""unit"":0,""stat"":5,""coor"":2,""momo"":1,""dist"":0,""home"":1,""mots"":1,""plan"":0,""line"":300,""path"":2,""frmo"":2,""prbe"":1,""safe"":0,""estp"":0,""spc"":1,""hold"":0,""macs"":5,""cycs"":1,""sps"":12000,""feed"":185.42,""mark"":153225072}}",5.390002788445213,0.1995724169720475,0.2005960057435272,0.2050166955662061,5.390002788445213,0.1995724169720475,0.2005960057435272,0.2050166955662061,-0.9620322800000004,0.2663211199999989,-0.0053124800000001,-1.278563039999984,1.0884633599999982,1.16013056,8.724206800000017,17.706093200000016,5.095820479999955,100.0,40.46998388,125.49339139999908,146.7867368799989,104.9563195999992,79.85806939999941,296.6167556799978,2447.6970311200016,-1.00531404,-0.00904812,0.0045770799999998,0.42800608,2.0780184800000003,4.931852040000001,10.98350552,-15.272448000000006,25.98350552,100.0,33.28711056,128.14634667999917,82.21338847999945,72.75521099999949,87.3062529599994,232.10561743999847,1223.1593476400014,-0.99215656,0.0382671600000001,0.0005108399999999,-1.85546028,-0.9732142399999998,0.9488922,-31.677446120000003,37.0,-38.13823064,100.0,33.85,72.02054148000016,52.667646360000106,49.9029399600001,51.6078471600001,156.6666788400003,1445.15277192,-0.99938804,-0.0641784799999999,0.0409675599999998,5.4108757600000015,1.7961713199999996,1.9892652000000008,-3.592460359999998,16.0,-94.83657464,100.0,32.29163416,130.34117215999953,70.50272531999975,81.16700279999972,41.47219143999986,175.3681229999994,1643.05987492,-0.9162116800000002,0.0288412799999993,0.0235491599999999,-5.529000080000001,-8.119264719999999,0.3940659600000016,-12.804146319999996,38.0,66.08911515999999,100.0,32.61,137.62565067999924,3.308309119999982,2.646646839999986,2.646646839999986,7.27827999999996,1844.91814676,-1.0972265199999995,0.08277504,-0.0259750799999998,2.850918040000001,1.7234744000000004,3.9675054,-7.0,30.754425359999995,36.77100247999999,100.0,33.01008284,52.80679352000118,1.2278722000000273,0.9905861200000224,0.9822975600000224,2.709606840000061,1674.7045333599983,300,X1.5688 Y1.454 Z0.0164
16:29:10.521,5,303,1.59256,1.45521,0.01555,88.01216,53.84761,-25.59749,,185.42,0,0,,2,1,"{""sr"":{""mpox"":88.01216,""mpoy"":53.84761,""mpoz"":-25.59749,""mpoa"":0,""posx"":1.59256,""posy"":1.45521,""posz"":0.01555,""posa"":0,""unit"":0,""stat"":5,""coor"":2,""momo"":1,""dist"":0,""home"":1,""mots"":1,""plan"":0,""line"":303,""path"":2,""frmo"":2,""prbe"":1,""safe"":0,""estp"":0,""spc"":1,""hold"":0,""macs"":5,""cycs"":1,""sps"":12000,""feed"":185.42,""mark"":153225072}}",5.14719066774964,0.1982634922904953,0.203869337944413,0.2005470595454702,5.14719066774964,0.1982634922904953,0.203869337944413,0.2005470595454702,-0.9095368999999964,0.7128843000000056,0.0081423999999989,0.35969899999986,1.7565799000000286,1.324547500000004,9.302502599999936,-2.798331600000042,17.991657900000213,100.0,40.4789913,17.746821599996256,19.46100319999588,13.915121699997052,10.587592799997774,39.32534409999165,2266.240135500017,-1.0012727,-0.0101451000000002,0.0069399999999999,0.3464447000000023,2.117704000000002,4.832407799999999,10.156849199999982,-15.0,26.0,100.0,33.29,24.625372499997127,17.567144399997954,15.684950199998166,18.66509069999781,50.03499189999416,1323.6805078000032,-0.992633,0.0392581000000001,-0.0056665,-1.495573399999999,-0.7868667999999975,0.9569396999999988,-32.0,36.94255130000001,-38.6136885,100.0,33.8538628,83.99225910000047,63.411374800000345,60.07393360000034,62.29889440000035,188.00916370000104,1486.5113941000025,-1.0120151000000002,-0.0769167999999999,0.0262216,5.253140099999999,1.8185798000000024,2.0709019000000013,-3.0678697999999853,16.0,-95.287856,100.0,32.2835569,59.81585069999836,41.68783259999908,48.44662979999895,24.545105799999472,103.93991289999776,1542.0546294000028,-0.9982403999999996,-0.0372031000000002,0.0195765999999998,-5.360734800000001,-8.087792100000001,0.5086455000000014,-13.752397100000014,38.0,68.50479320000002,100.0,32.617524200000005,50.51108399999728,1.2380163999999332,0.9904134999999462,0.9904134999999462,2.723636699999853,1807.938144500011,-1.0329911000000005,0.1120837,-0.0022607999999999,2.8101384,1.719782099999997,4.015079500000002,-7.0,30.89409030000002,36.11292159999998,100.0,33.0109188,192.2294367000045,4.470452300000104,4.470452300000104,3.5763620000000835,10.72908520000025,1214.9735590999996,303,X1.594 Y1.4554 Z0.0155
16:29:10.778,5,307,1.62258,1.46379,0.01444,88.77467,54.06554,-25.6258,,185.42,0,0,,2,1,"{""sr"":{""mpox"":88.77467,""mpoy"":54.06554,""mpoz"":-25.6258,""mpoa"":0,""posx"":1.62258,""posy"":1.46379,""posz"":0.01444,""posa"":0,""unit"":0,""stat"":5,""coor"":2,""momo"":1,""dist"":0,""home"":1,""mots"":1,""plan"":0,""line"":307,""path"":2,""frmo"":2,""prbe"":1,""safe"":0,""estp"":0,""spc"":1,""hold"":0,""macs"":5,""cycs"":1,""sps"":12000,""feed"":185.42,""mark"":153225072}}",5.216723026847798,0.2034764843701945,0.206622514215553,0.2068389353931128,5.216723026847798,0.2034764843701945,0.206622514215553,0.2068389353931128,-0.8438124400000121,0.2886493599999929,-0.0193691599999981,-1.6008453999999477,2.149888119999948,1.279382519999997,13.78546483999976,-0.3432568000003834,0.6865126400007668,100.0,40.49,156.96324279999214,183.7618454399908,132.0788266799934,100.49475915999496,372.3091557199813,3173.9118150799018,-1.0020590799999998,-0.0193093999999997,-0.0104586800000003,0.437880120000008,1.9190103199999848,4.941731999999997,10.0,-15.0,25.933175360000003,100.0,33.29933184,214.1429245599901,100.35149575999534,88.70355507999588,106.62346515999506,284.9265695999868,1160.0054050399965,-0.9964913199999996,0.0445083599999997,-0.01379816,-1.776930839999998,-1.0752460799999926,0.821608680000003,-31.982982639999975,36.0,-38.01701736000002,100.0,33.85451744,69.54912928000113,49.553753960000805,46.51098036000075,48.24970840000079,146.05317072000238,1304.1279118399946,-1.00802556,-0.075,0.02243964,5.453679560000006,1.7895010000000002,1.994499,-3.0127721600000155,16.0,-96.64199199999996,100.0,32.29012772,120.99003883999704,78.08892951999793,90.7848844799976,45.37967003999879,192.9051068399949,1852.440860199973,-0.9797538000000016,-0.0326894399999997,0.0068168000000004,-5.065396599999992,-8.086308520000015,0.3762157599999919,-13.78643583999996,38.0,67.0,100.0,32.61220808,165.07759899999357,3.968385999999846,3.1747085999998768,3.1747085999998768,8.730448399999661,2062.38983883996,-1.0146609600000007,0.13209304,-0.0049541999999999,2.805128559999997,1.880399679999988,4.086071759999997,-7.0,31.0,36.99953452,100.0,33.01,10.074060760010138,0.2353755600002368,0.2353755600002368,0.1883002800001895,0.5178254800005211,2084.9587191199616,307,X1.6261 Y1.4653 Z0.0143
16:29:11.036,5,311,1.64959,1.47981,0.01331,89.46061,54.47252,-25.65432,,185.42,0,0,,2,1,"{""sr"":{""mpox"":89.46061,""mpoy"":54.47252,""mpoz"":-25.65432,""mpoa"":0,""posx"":1.64959,""posy"":1.47981,""posz"":0.01331,""posa"":0,""unit"":0,""stat"":5,""coor"":2,""momo"":1,""dist"":0,""home"":1,""mots"":1,""plan"":0,""line"":311,""path"":2,""frmo"":2,""prbe"":1,""safe"":0,""estp"":0,""spc"":1,""hold"":0,""macs"":5,""cycs"":1,""sps"":12000,""feed"":185.42,""mark"":153225072}}",5.216164296154606,0.1937850976284823,0.2044202473922866,0.1964271577204818,5.216164296154606,0.1937850976284823,0.2044202473922866,0.1964271577204818,-0.9488721999999984,0.1479618000000044,-0.0154265999999992,5.919656599999952,1.8823797999999807,1.1961635999999964,9.98549459999986,0.2213747999997436,-16.1728449999996,100.0,40.4800368,33.790347600004694,39.08706200000543,28.093825400003904,21.37206260000297,79.192015800011,1518.6419658000043,-0.9979450000000004,-0.0182503999999998,-0.0162204000000002,0.5306297999999986,1.6663702000000014,4.863128400000005,10.813458199999973,-15.0,26.0,100.0,33.2981346,43.414107800003855,27.124080200002712,24.14063940000242,29.017535600002912,77.29881440000774,1207.862590199995,-0.9882091999999998,0.0382857999999995,-0.002043599999999,-1.6634824000000046,-0.8417908000000033,0.9107017999999992,-31.08545480000001,36.0,-38.37117779999999,100.0,33.86,87.6466347999996,61.85845439999952,57.59696799999956,60.22835179999953,181.9426997999986,1285.2358500000043,-1.0059492,-0.0723656,0.0262637999999994,5.291263000000003,1.7234902000000023,1.974111,-3.0,16.54470879999998,-95.60887499999998,100.0,32.3069832,65.31787300000171,44.979373600001175,52.80187340000138,26.20537380000069,111.86174700000294,1543.3900938000018,-0.9621342,-0.0435557999999997,0.0005769999999999,-5.272824000000006,-8.265112199999994,0.4227614000000033,-13.652359999999977,38.0,67.34219079999995,100.0,32.6196254,63.89496880000368,1.5508486000000894,1.2406794000000714,1.2406794000000714,3.411867400000196,1663.6401080000078,-0.9989456000000004,0.1169996000000012,-0.0083709999999999,2.9202006000000065,1.5745811999999983,4.114115400000004,-6.0022712,30.208135200000022,37.0,100.0,33.01,173.41383259999392,3.959323799999861,3.169730199999889,3.167458999999889,8.710512399999695,1492.229457199991,311,X1.6543 Y1.4836 Z0.0131
16:29:11.294,5,314,1.6715,1.502,0.0122,90.01723,55.03604,-25.68262,,185.42,0,0,,2,1,"{""sr"":{""mpox"":90.01723,""mpoy"":55.03604,""mpoz"":-25.68262,""mpoa"":0,""posx"":1.6715,""posy"":1.502,""posz"":0.0122,""posa"":0,""unit"":0,""stat"":5,""coor"":2,""momo"":1,""dist"":0,""home"":1,""mots"":1,""plan"":0,""line"":314,""path"":2,""frmo"":2,""prbe"":1,""safe"":0,""estp"":0,""spc"":1,""hold"":0,""macs"":5,""cycs"":1,""sps"":12000,""feed"":185.42,""mark"":153225072}}",5.243444076746117,0.2066328485186728,0.2060164557527652,0.2081965068403998,5.243444076746117,0.2066328485186728,0.2060164557527652,0.2081965068403998,-0.9694364,0.2247986000000003,0.0096140399999998,-1.754440200000008,1.7245597999999918,1.142805160000001,10.563769559999969,4.204712039999957,-4.795287960000043,100.0,40.48,106.3964401599986,123.70188531999835,88.45005287999882,67.2989531999991,249.96754019999668,1872.0307827600084,-1.00888,-0.0098869199999998,-0.0263763599999997,0.4414391999999977,1.6446856800000007,4.900411599999999,10.334169280000008,-15.380392000000008,25.668338560000016,100.0,33.30953792,136.93343663999838,69.39613095999918,61.34122275999928,73.73338923999913,197.0354433999977,1499.528175720001,-0.99234032,0.03815516,-0.0062379999999998,-1.866162759999999,-1.024173039999999,0.977,-32.0,36.47911188,-38.0,100.0,33.86,68.99215600000016,54.139677880000136,50.30678020000013,52.70234124000013,160.0234728800004,1501.4754032799992,-1.0125951199999998,-0.07424188,0.0185577199999999,5.24266608,1.7433721600000005,2.0147347600000005,-3.4365228799999943,16.11491128,-95.43652288,100.0,32.30436544,77.52380007999972,63.41493739999965,74.44362171999958,36.3946594799998,157.15875695999912,1732.7305569600028,-1.0164202799999995,-0.0224384000000001,0.02960444,-5.16022576,-8.06653292,0.4221400800000014,-12.477757440000008,38.0,66.06692292,100.0,32.61299432,122.15805095999887,2.9458283999999733,2.3566622799999783,2.3566622799999783,6.480821639999941,1822.202605760002,-1.0129369600000004,0.1128016000000001,-0.0122432,2.9305266800000003,1.70882432,4.044384639999999,-6.635736439999992,31.0,37.36138536000001,100.0,32.99737152,79.40939876000182,1.8213165200000416,1.4570536000000334,1.4570536000000334,4.006896240000092,1465.9668074399997,314,X1.6715 Y1.502 Z0.0122
16:29:11.551,5,318,1.68686,1.52917,0.01109,90.40731,55.72619,-25.71092,,185.42,0,0,,2,1,"{""sr"":{""mpox"":90.40731,""mpoy"":55.72619,""mpoz"":-25.71092,""mpoa"":0,""posx"":1.68686,""posy"":1.52917,""posz"":0.01109,""posa"":0,""unit"":0,""stat"":5,""coor"":2,""momo"":1,""dist"":0,""home"":1,""mots"":1,""plan"":0,""line"":318,""path"":2,""frmo"":2,""prbe"":1,""safe"":0,""estp"":0,""spc"":1,""hold"":0,""macs"":5,""cycs"":1,""sps"":12000,""feed"":185.42,""mark"":153225072}}",5.251725861332801,0.1986107473845588,0.1935052843715676,0.2018475951795774,5.251725861332801,0.1986107473845588,0.1935052843715676,0.2018475951795774,-0.9611634999999992,0.4767354999999905,-0.0263525000000008,4.236272000000202,3.200367499999972,1.1598685000000042,13.488154500000036,-7.990697999999716,11.50539799999975,100.0,40.4749845,84.31755550000598,96.29164600000684,68.8510215000049,52.38664700000371,195.07740600001387,1766.557363499976,-1.005418,-0.0109799999999996,0.0019725000000003,0.4700289999999972,1.741592499999998,4.974504999999998,11.0,-15.0,26.46569950000003,100.0,33.310342,90.80068600000564,55.99085650000344,49.957617500003074,59.49028500000364,159.43973850000978,1299.036340999999,-0.9880620000000002,0.0383435000000003,-0.0133599999999998,-1.4735885000000015,-0.8235024999999997,0.9154945000000008,-32.0,36.0,-38.28648699999998,100.0,33.86,75.2720944999997,56.50493349999942,52.50458449999946,55.00480249999943,166.51453899999828,1646.7695815000027,-1.009837,-0.0790189999999999,0.024663500000001,5.380669500000002,1.7274755000000044,1.973900499999997,-4.0,16.160805500000013,-95.65965950000002,100.0,32.293239,83.30862050000214,57.36821200000147,67.34529200000173,32.924365500000846,141.67454050000362,1372.32463949999,-0.9682530000000004,-0.0290935000000003,0.0087614999999996,-5.334895000000007,-7.932620000000001,0.4880080000000027,-13.0,38.0,65.77669650000004,100.0,32.619077999999995,104.51364800000468,2.5003265000001123,2.00026150000009,2.00026150000009,5.500718500000247,1771.6706944999828,-0.9966044999999998,0.1116009999999999,-0.0144689999999997,2.838026499999998,1.5255259999999915,3.9975005000000015,-6.500005000000034,31.0,37.50000500000004,100.0,33.005,108.99115199999238,2.499974999999825,1.9999799999998604,1.9999799999998604,5.499944999999616,1309.208146499994,318,X1.6878 Y1.5314 Z0.011
16:29:11.809,5,322,1.69486,1.55949,0.00996,90.61051,56.4964,-25.73944,,185.42,0,0,,2,1,"{""sr"":{""mpox"":90.61051,""mpoy"":56.4964,""mpoz"":-25.73944,""mpoa"":0,""posx"":1.69486,""posy"":1.55949,""posz"":0.00996,""posa"":0,""unit"":0,""stat"":5,""coor"":2,""momo"":1,""dist"":0,""home"":1,""mots"":1,""plan"":0,""line"":322,""path"":2,""frmo"":2,""prbe"":1,""safe"":0,""estp"":0,""spc"":1,""hold"":0,""macs"":5,""cycs"":1,""sps"":12000,""feed"":185.42,""mark"":153225072}}",5.223697255219577,0.2097429122805726,0.2089152698331457,0.2067359035147123,5.223697255219577,0.2097429122805726,0.2089152698331457,0.2067359035147123,-0.9772831199999992,0.1903907599999985,0.0024171999999997,1.1339554600000123,0.0617249800000055,1.2198797400000028,12.961142000000091,-5.668350719999969,19.60266872000011,100.0,40.47340528,53.97374239999752,65.515296959997,46.84513473999786,35.64303727999837,132.38842395999393,1746.205543520001,-1.00174764,-0.0081481400000001,0.0001899799999994,0.4435065999999994,1.9319981399999984,4.755717200000002,10.385100439999986,-15.362201099999986,27.0,100.0,33.33,85.84166129999679,40.56652367999849,36.220110499998654,43.46413179999839,115.9043524599957,1343.9491484599985,-0.99178694,0.0402986399999999,-0.0040599000000002,-1.9321584800000016,-1.0116757400000007,0.7995671999999985,-31.47858182,36.28422966000001,-37.43154067999998,100.0,33.86715738,81.86264426000035,58.92024724000024,55.27032030000024,57.35599270000024,174.1536508200007,1569.4916816999987,-1.01382646,-0.0710745399999998,0.0137851999999998,5.2349325,1.666797840000002,1.8837996000000004,-2.9227801199999908,12.61356837999992,-74.66244825999954,100.0,32.29557716,71.70986409999941,50.86038625999936,59.70567011999925,29.40109079999964,126.4875681199984,1473.8192717799984,-0.9960637399999994,-0.0462011200000003,0.0139325799999999,-5.158065459999996,-8.059455199999999,0.3755370799999991,-13.878738199999995,37.8787382,67.67646751999997,100.0,32.62,83.27646613999791,1.9943219799999503,1.5954573199999602,1.5954573199999602,4.3875079599998905,1682.1527776599974,-1.01098774,0.1262912199999995,-0.0150539199999998,2.829758859999996,1.8085386200000064,3.987354160000002,-6.0080124,31.0,38.0,100.0,33.01,142.0950243400033,3.2740786400000768,2.619263240000061,2.619263240000061,7.202973680000168,1496.8947885999985,322,X1.6954 Y1.564 Z0.0098
16:29:12.066,5,326,1.69488,1.59062,0.00885,90.61101,57.28706,-25.76775,,185.42,0,0,,2,1,"{""sr"":{""mpox"":90.61101,""mpoy"":57.28706,""mpoz"":-25.76775,""mpoa"":0,""posx"":1.69488,""posy"":1.59062,""posz"":0.00885,""posa"":0,""unit"":0,""stat"":5,""coor"":2,""momo"":1,""dist"":0,""home"":1,""mots"":1,""plan"":0,""line"":326,""path"":2,""frmo"":2,""prbe"":1,""safe"":0,""estp"":0,""spc"":1,""hold"":0,""macs"":5,""cycs"":1,""sps"":12000,""feed"":185.42,""mark"":153225072}}",5.142434102228189,0.2025105852927579,0.1904240556880816,0.1995803685618187,5.142434102228189,0.2025105852927579,0.1904240556880816,0.1995803685618187,-0.8963197999999986,0.1516614000000044,-0.0265255999999996,4.010848000000027,-0.0311461999999707,1.184530600000003,12.595051399999944,3.79741559999983,21.027557599999856,100.0,40.4619984,132.38872339999529,153.92241859999453,110.05851659999612,83.74017559999703,311.03493819998897,1801.4482372000325,-1.0044914000000005,-0.0221534,-0.0141864000000001,0.3213272000000017,2.001167199999999,4.896706400000001,10.253332800000026,-15.253332800000026,27.25432299999992,100.0,33.33,152.46986479999512,85.23074399999726,76.09887839999756,91.31865419999706,245.0240669999921,1257.7050140000026,-0.9875236000000002,0.0426196000000001,-0.0019082000000005,-1.8641702,-0.9088931999999992,0.8839378000000018,-31.114626400000017,36.0,-38.77074739999997,100.0,33.866584,71.04725760000038,51.55335840000047,48.359787000000445,50.64090900000046,152.72055060000136,1488.1206166000004,-1.010035,-0.0716799999999999,0.0132727999999994,5.260495800000005,1.873533400000004,2.061620400000001,-3.39033280000001,15.74559840000001,-94.52626400000004,100.0,32.298815399999995,87.79204759999853,70.72137219999881,82.9147117999986,40.84768919999932,174.97442899999706,1690.5977204000042,-1.0315178,-0.0303925999999992,0.0287668,-5.289085999999996,-8.1237292,0.3011388000000033,-14.0,37.1484616,66.85153840000001,100.0,32.62,143.05579839999626,3.43884099999991,2.751073199999928,2.751073199999928,7.565450599999802,1714.0612550000114,-1.0164288,0.1263086000000003,-0.009224,2.9067922000000053,1.7579471999999985,4.076402399999998,-6.0,31.0,36.61062060000009,100.0,33.0120654,45.01160000000607,1.0325806000001392,0.826065000000111,0.826065000000111,2.2716776000003054,1677.2646161999965,326,X1.6938 Y1.5975 Z0.0086
16:29:12.323,5,329,1.68684,1.6208,0.00773,90.40694,58.05349,-25.79605,,185.42,0,0,,2,1,"{""sr"":{""mpox"":90.40694,""mpoy"":58.05349,""mpoz"":-25.79605,""mpoa"":0,""posx"":1.68684,""posy"":1.6208,""posz"":0.00773,""posa"":0,""unit"":0,""stat"":5,""coor"":2,""momo"":1,""dist"":0,""home"":1,""mots"":1,""plan"":0,""line"":329,""path"":2,""frmo"":2,""prbe"":1,""safe"":0,""estp"":0,""spc"":1,""hold"":0,""macs"":5,""cycs"":1,""sps"":12000,""feed"":185.42,""mark"":153225072}}",5.10286656805607,0.195882013683079,0.1983049649095084,0.2035526522277641,5.10286656805607,0.195882013683079,0.1983049649095084,0.2035526522277641,-1.00782384,0.09097636,-0.0279609999999999,-0.0371603999999941,2.9343286600000003,1.1527009399999997,13.812403059999996,17.692745899999995,13.501093799999987,100.0,40.47002068,10.102861140000227,11.938273480000271,8.536175180000203,6.4949158600001535,24.12397242000056,1318.6442275200004,-1.00063758,-0.01822682,-0.0086864799999999,0.4347621600000001,1.9155259600000003,4.95176216,11.0,-15.00394176,27.12724384,100.0,33.31003942,23.30414962000022,13.93316948000014,12.45354006000013,14.919587880000147,39.8266689400004,1097.17295154,-0.98648874,0.0358253,-0.00234612,-1.61378698,-0.89619972,0.9636785,-32.37056638,36.03428316,-38.59515046,100.0,33.87,85.25183775999997,63.93887831999998,60.01280639999998,62.25627647999998,188.45143033999992,1267.8337544800002,-1.0043175,-0.07689394,0.0451043799999999,5.2940105,1.7031495600000002,2.0700074,-3.0,16.0,-94.740401,100.0,32.29259598,41.35439288000009,39.94895720000006,46.43639514000007,23.218197600000032,99.31930452000014,1222.88181012,-1.01007862,-0.02843028,0.0133625999999999,-5.39609932,-7.90902546,0.4435689200000001,-13.048984,37.0,66.8753378,100.0,32.616526699999994,46.82797512000021,1.1131501800000043,0.8905199800000035,0.8905199800000035,2.448929620000009,1293.8683889400002,-1.02824722,0.12404154,-0.0039979399999999,2.75203476,1.82643712,4.076256,-6.059314920000001,30.94068508,38.93294324,100.0,33.00992292,203.3816718599997,4.664717199999994,3.7317739599999946,3.7317739599999946,10.262377699999986,1161.63584936,329,X1.6865 Y1.6217 Z0.0077
16:29:12.580,5,333,1.67126,1.64801,0.00661,90.01107,58.74473,-25.82457,,185.42,0,0,,2,1,"{""sr"":{""mpox"":90.01107,""mpoy"":58.74473,""mpoz"":-25.82457,""mpoa"":0,""posx"":1.67126,""posy"":1.64801,""posz"":0.00661,""posa"":0,""unit"":0,""stat"":5,""coor"":2,""momo"":1,""dist"":0,""home"":1,""mots"":1,""plan"":0,""line"":333,""path"":2,""frmo"":2,""prbe"":1,""safe"":0,""estp"":0,""spc"":1,""hold"":0,""macs"":5,""cycs"":1,""sps"":12000,""feed"":185.42,""mark"":153225072}}",5.207200445426706,0.2066228676635213,0.2063114317938592,0.2082263569830302,5.207200445426706,0.2066228676635213,0.2063114317938592,0.2082263569830302,-1.0047753200000018,0.2161684799999994,-0.0131041199999991,4.681237439999882,2.509131119999945,1.2159494399999986,8.413761160000128,19.248169160000074,8.000879040000001,100.0,40.48083036,154.08936223999572,177.0205565199951,126.57412671999649,96.30640099999734,357.7094895199901,1981.921902519986,-1.0042518400000002,-0.0137456000000001,0.00068376,0.6054685599999985,1.9064706800000055,4.939468559999998,11.0,-14.940077640000002,26.0,100.0,33.3113418,154.11082939999605,98.70019387999749,88.31069983999775,105.6265235199973,282.2479231999928,1084.568045840001,-0.9940242800000002,0.03922512,-0.0048148400000004,-1.5899371600000038,-1.0016754799999996,0.943954839999998,-31.56132836,36.47283356000002,-38.03416192000001,100.0,33.879658400000004,68.43278612000059,50.00857480000042,47.3765438000004,49.13123052000042,148.27103592000125,1331.4489413999968,-1.00160248,-0.0744151600000001,0.0190838800000004,5.286851439999997,1.722387999999998,1.956117040000001,-3.347226920000009,15.65277307999999,-95.34722692,100.0,32.3025442,74.03290471999883,77.6800106399989,89.42992823999873,45.06689951999937,191.3136447999973,1404.4853712399972,-1.0187679999999997,-0.0232487599999998,0.0274269599999998,-4.87128388000001,-8.398881159999988,0.2287231200000038,-13.24985408000002,38.0,66.23511752000002,100.0,32.6177964,158.33058179999665,3.8244104799999192,3.0595279999999354,3.0595279999999354,8.413702519999823,1391.2730656799984,-1.0257825599999992,0.1192201599999994,-0.0034069200000004,2.702005320000005,1.5979195600000031,4.022569439999999,-6.0,30.99905776,38.99811552,100.0,33.01088096,18.997774520005464,0.4357284000001253,0.3485828400001002,0.3485828400001002,0.9586031200002756,1474.3907566399994,333,X1.6694 Y1.6505 Z0.0065
16:29:12.837,5,337,1.6494,1.67025,0.0056,89.45597,59.30955,-25.85033,,185.42,0,0,,2,1,"{""sr"":{""mpox"":89.45597,""mpoy"":59.30955,""mpoz"":-25.85033,""mpoa"":0,""posx"":1.6494,""posy"":1.67025,""posz"":0.0056,""posa"":0,""unit"":0,""stat"":5,""coor"":2,""momo"":1,""dist"":0,""home"":1,""mots"":1,""plan"":0,""line"":337,""path"":2,""frmo"":2,""prbe"":1,""safe"":0,""estp"":0,""spc"":1,""hold"":0,""macs"":5,""cycs"":1,""sps"":12000,""feed"":185.42,""mark"":153225072}}",5.271583210553684,0.1973929984216254,0.1960836323674294,0.2029388168120363,5.271583210553684,0.1973929984216254,0.1960836323674294,0.2029388168120363,-0.973137339999999,0.2480320599999984,-0.022464680000001,3.53992720000002,1.1735551999999527,1.09891288,14.46238272000013,18.900376500000093,9.642234999999776,100.0,40.50779922,35.754680899997,42.55465081999643,30.270834039997457,23.032156099998065,85.54800887999282,1791.6095538600032,-1.00854274,0.00222304,0.0067250000000003,0.4378347200000042,1.8452479199999936,4.83762622,10.461765859999966,-15.256170139999984,26.0,100.0,33.33,49.6090381799968,29.408983919998157,26.12934773999836,31.508919239998026,84.22937957999471,1338.570840360001,-0.9903441399999998,0.0490004799999998,-0.0099984599999997,-1.5917190800000005,-0.7601404599999998,0.947346120000001,-32.0,36.90538174000001,-39.44406492000001,100.0,33.87,89.6106401800004,61.40987926000029,58.71646370000028,60.427131160000286,183.24688990000087,1395.991241480002,-1.01178786,-0.0800266199999999,0.01807956,5.500027060000001,1.641508999999997,1.9243902800000008,-3.070762999999994,16.469008759999987,-95.53099124,100.0,32.30468976,33.85091525999943,48.1877734399992,54.95795637999908,28.27547037999953,119.07557315999802,1592.8224935400058,-1.0688138800000004,-0.0689112400000009,-0.0036036200000005,-5.217788479999999,-8.118,0.4682831200000006,-13.323231979999989,37.04127706,67.36450903999997,100.0,32.607593040000005,67.87866875999757,1.616158679999942,1.2929269199999536,1.2929269199999536,3.5555493399998723,1689.8152633799991,-0.9764437999999986,0.1581735600000018,-0.0043285199999994,2.722374179999992,1.7282249600000033,3.825775039999997,-5.99753512,30.229098699999984,37.22909869999998,100.0,32.99460638,168.59627008000393,3.86683012000009,3.093464720000072,3.093464720000072,8.507027200000199,1312.966560219999,337,X1.645 Y1.6736 Z0.0054
16:29:13.095,5,341,1.62233,1.68617,0.00447,88.76835,59.71385,-25.87885,,185.42,0,0,,2,1,"{""sr"":{""mpox"":88.76835,""mpoy"":59.71385,""mpoz"":-25.87885,""mpoa"":0,""posx"":1.62233,""posy"":1.68617,""posz"":0.00447,""posa"":0,""unit"":0,""stat"":5,""coor"":2,""momo"":1,""dist"":0,""home"":1,""mots"":1,""plan"":0,""line"":341,""path"":2,""frmo"":2,""prbe"":1,""safe"":0,""estp"":0,""spc"":1,""hold"":0,""macs"":5,""cycs"":1,""sps"":12000,""feed"":185.42,""mark"":153225072}}",5.241388704408498,0.2086394029686792,0.2130209352500747,0.2063091080278837,5.241388704408498,0.2086394029686792,0.2130209352500747,0.2063091080278837,-0.95167224,0.1195081999999996,-0.0401142600000003,-0.0209183400001076,1.0568031400000653,1.273134200000007,13.471227840000152,10.324897240000269,20.29862529999977,100.0,40.5,108.86026026000673,119.99917474000738,85.36123140000525,64.94800658000399,241.8550003600149,1262.3656183399828,-1.00156872,-0.0148037200000001,-0.0191270200000001,0.6275515600000044,1.637213559999989,4.919682940000002,6.481172040000362,-9.700504580000542,16.740530120000937,100.0,33.33,111.8529111600062,69.15636972000384,61.94005276000343,73.96724736000411,198.44871358001097,1087.0498995599962,-0.99645116,0.0461045400000002,-0.01193794,-1.6164361399999996,-0.8562289600000034,0.9454361399999996,-32.0,36.16224213999998,-38.0,100.0,33.88127344,71.41918865999916,55.01207767999936,53.081829559999385,54.529515959999365,165.03623327999807,1102.5787941999963,-1.00843892,-0.0713075199999997,0.0296902599999996,5.398925599999999,1.6862234400000025,1.9626819799999968,-3.121567319999988,16.336227219999998,-94.12156731999998,100.0,32.3107432,73.6816929400027,66.27057484000167,75.36649220000191,39.58096302000101,163.98903794000412,1201.3313423000016,-0.9659290200000006,-0.0348460800000004,0.0078348200000003,-5.354877440000009,-8.099592359999994,0.4015106800000053,-13.0,37.0,66.07009366,100.0,32.60991942,120.12907592000504,2.8705478200001204,2.2964381800000964,2.2964381800000964,6.315204660000266,1348.0866394399986,-1.0150155000000007,0.1231438799999998,-0.007278719999999,2.695944899999993,1.5827259199999884,4.051583619999998,-5.616549740000038,30.99682928,37.00317072,100.0,33.03,83.20868891999181,1.917250679999812,1.5338010399998494,1.5338010399998494,4.217952239999586,955.5323766200052,341,X1.6152 Y1.689 Z0.0042
16:29:13.353,5,344,1.59236,1.69462,0.00336,88.00708,59.92859,-25.90716,,185.42,0,0,,2,1,"{""sr"":{""mpox"":88.00708,""mpoy"":59.92859,""mpoz"":-25.90716,""mpoa"":0,""posx"":1.59236,""posy"":1.69462,""posz"":0.00336,""posa"":0,""unit"":0,""stat"":5,""coor"":2,""momo"":1,""dist"":0,""home"":1,""mots"":1,""plan"":0,""line"":344,""path"":2,""frmo"":2,""prbe"":1,""safe"":0,""estp"":0,""spc"":1,""hold"":0,""macs"":5,""cycs"":1,""sps"":12000,""feed"":185.42,""mark"":153225072}}",5.3014449086423125,0.2061350402803524,0.2069226060083734,0.206032106537417,5.3014449086423125,0.2061350402803524,0.2069226060083734,0.206032106537417,-1.0025813399999974,0.1935091400000014,-0.0088513800000005,2.4489301200000404,2.8880927600000064,1.108600960000003,8.640343320000204,3.7830664000000898,10.837217400000256,100.0,40.49461092,91.61297804000216,105.08547470000248,74.90708168000177,57.12338596000135,211.248749380005,1765.8606481599988,-1.0075821800000002,0.0007173000000001,0.0181174200000001,0.6061866000000001,1.6245804799999977,4.939822079999999,10.03125838,-15.96874162,26.46575483999999,100.0,33.33434476,109.58848364000232,61.97244212000128,55.02725466000114,66.24640378000137,177.36940342000366,1334.2093022999984,-0.99400482,0.0389729599999999,0.00537732,-1.6040648599999985,-0.9479451599999992,0.93288724,-32.0,36.0,-38.73815604000001,100.0,33.895058060000004,76.11062361999973,56.3416300799998,54.8589560399998,56.0797861199998,170.0133409599994,1593.698676599998,-0.99726432,-0.0579491600000002,0.0380285400000002,5.48254168,1.7403948000000016,2.0263819400000007,-3.828235179999996,16.0,-94.82823518,100.0,32.31,53.10761420000048,64.45098770000058,72.18510644000065,38.67059262000035,158.29162624000142,1503.24971488,-0.97117268,0.0056855400000005,0.0067074400000002,-5.555074940000002,-8.081726639999998,0.3918356200000003,-13.523591340000008,37.0,66.89994448,100.0,32.61476434,109.43060872000169,2.6179568600000405,2.094365980000032,2.094365980000032,5.759505600000089,1617.0450834399985,-1.0049745600000002,0.1505598999999996,-0.0109660400000002,2.8349279999999992,1.7359279999999992,4.153555240000002,-2.781020979999925,14.36125361999961,17.605777659999525,100.0,33.03095026,101.03640233999728,2.3175173799999373,1.85401377999995,1.3978644399999625,5.098538359999863,1437.6202572599989,344,X1.5907 Y1.6949 Z0.0033
16:29:13.610,5,348,1.56104,1.69506,0.00224,87.21155,59.93969,-25.93568,,185.42,0,0,,2,1,"{""sr"":{""mpox"":87.21155,""mpoy"":59.93969,""mpoz"":-25.93568,""mpoa"":0,""posx"":1.56104,""posy"":1.69506,""posz"":0.00224,""posa"":0,""unit"":0,""stat"":5,""coor"":2,""momo"":1,""dist"":0,""home"":1,""mots"":1,""plan"":0,""line"":348,""path"":2,""frmo"":2,""prbe"":1,""safe"":0,""estp"":0,""spc"":1,""hold"":0,""macs"":5,""cycs"":1,""sps"":12000,""feed"":185.42,""mark"":153225072}}",5.32370594581148,0.1906403856071126,0.1952856840595336,0.2046692499619363,5.32370594581148,0.1906403856071126,0.1952856840595336,0.2046692499619363,-0.990213120000003,0.3801624399999924,0.0026983600000017,1.906224200000072,-0.1851131599999943,1.2188868400000057,13.35642591999994,5.6782131199999695,20.321786880000037,100.0,40.48678236,54.38200412000524,62.74846652000604,44.72839456000432,34.109423040003286,126.46229468001218,2213.702466999965,-1.00909532,-0.0066064799999998,0.015885,0.1761179999999898,1.9122203599999967,4.904044400000002,10.978548799999997,-15.0,26.676464879999973,100.0,33.33,76.24193892000598,40.36337924000317,35.87855968000281,43.12326820000338,115.22537420000904,1352.5125156399906,-0.9938570800000002,0.0355701200000001,-0.0093708800000004,-1.708452600000009,-1.0846096799999996,0.926777960000002,-31.70961960000001,36.29038039999999,-39.47370776,100.0,33.89,81.0490088799993,59.47102607999948,58.94473351999949,59.99731831999948,181.57083163999843,1545.8471332799909,-1.0134719999999997,-0.07921824,0.0107957600000003,5.3630898,1.7777638399999949,2.0219102000000007,-4.0,16.21818144000002,-95.0,100.0,32.29783384,58.5723206400011,55.09823176000142,61.4142858000016,33.10273516000086,135.02351540000348,1525.172959519988,-0.99325468,-0.0285987200000008,0.0116258000000006,-5.0900543999999845,-8.276013119999996,0.3716552799999957,-12.874416920000009,37.0,66.87441692,100.0,32.61990616,79.67241944000405,1.9307483600000983,1.544598560000079,1.544598560000079,4.247646200000216,1738.683235039988,-1.01321556,0.12629988,-0.0092453199999996,2.7868928800000035,1.797189239999985,3.944952440000004,-4.099705719999816,20.54476755999908,26.013610879998826,100.0,33.02323108,147.55597535999337,3.384311319999848,2.707449119999878,2.707449119999878,7.445484839999665,1312.484183280002,348,X1.5572 Y1.6946 Z0.0021
16:29:13.866,5,352,1.5306,1.68739,0.00111,86.43837,59.74484,-25.9642,,185.42,0,0,,2,1,"{""sr"":{""mpox"":86.43837,""mpoy"":59.74484,""mpoz"":-25.9642,""mpoa"":0,""posx"":1.5306,""posy"":1.68739,""posz"":0.00111,""posa"":0,""unit"":0,""stat"":5,""coor"":2,""momo"":1,""dist"":0,""home"":1,""mots"":1,""plan"":0,""line"":352,""path"":2,""frmo"":2,""prbe"":1,""safe"":0,""estp"":0,""spc"":1,""hold"":0,""macs"":5,""cycs"":1,""sps"":12000,""feed"":185.42,""mark"":153225072}}",5.288495467320133,0.2085759865125345,0.2127058203049721,0.2086842098283084,5.288495467320133,0.2085759865125345,0.2127058203049721,0.2086842098283084,-0.873579600000003,0.3109803999999969,-0.0435101999999985,4.080050399999825,0.0521685999999895,1.1113446000000018,15.80071799999983,6.398777399999774,20.004960000000427,100.0,40.4900222,131.21644039999538,156.0280065999945,111.21996359999606,84.81522399999702,313.65630079998897,1740.8303749999875,-1.0055512,-0.0136855999999997,0.0059530000000007,0.3498138000000109,2.1203243999999857,4.839246000000002,11.0,-15.0,26.0,100.0,33.3401438,131.35082999999585,88.96769979999715,79.08239959999746,95.05096079999696,254.7221979999918,962.6802956000038,-0.9863128,0.0345132000000001,-0.0110870000000002,-1.8833189999999973,-0.7999737999999973,0.8648594000000003,-31.114207800000017,36.5430514,-38.68548079999997,100.0885792,33.89,73.91166180000052,51.63516540000046,51.17821680000045,52.549061600000464,158.1041336000014,1103.0118751999971,-1.0072132,-0.0733938,0.0067392,5.395918200000004,1.648914600000003,2.014,-4.0,16.13616520000002,-94.47033179999995,100.0257336,32.285297,78.84462519999867,77.6316307999987,85.51609339999857,46.700277999999216,189.8335981999968,1310.0063275999978,-1.0186469999999996,-0.0193280000000004,0.0259847999999997,-5.243973199999987,-8.0761406,0.612832399999995,-13.163011800000024,37.16301180000002,66.1507616,100.0,32.6351096,142.7351387999963,3.431132999999911,2.744906399999929,2.744906399999929,7.548493199999804,1287.557408799997,-1.0145708000000002,0.1213270000000002,-0.0098354000000001,2.7106492000000038,1.7221654000000015,4.014834599999999,-6.0,30.80254759999997,38.0,100.0,33.0279334,44.831368000006,1.0331926000001392,0.8265538000001107,0.8265538000001107,2.273023200000305,1145.242525200001,352,X1.5251 Y1.6851 Z0.0009
16:29:14.125,5,355,1.5033,1.6724,0.0,85.74495,59.3642,-25.9925,,185.42,0,0,,2,1,"{""sr"":{""mpox"":85.74495,""mpoy"":59.3642,""mpoz"":-25.9925,""mpoa"":0,""posx"":1.5033,""posy"":1.6724,""posz"":0,""posa"":0,""unit"":0,""stat"":5,""coor"":2,""momo"":1,""dist"":0,""home"":1,""mots"":1,""plan"":0,""line"":355,""path"":2,""frmo"":2,""prbe"":1,""safe"":0,""estp"":0,""spc"":1,""hold"":0,""macs"":5,""cycs"":1,""sps"":12000,""feed"":185.42,""mark"":153225072}}",5.407354993469144,0.1999900227602544,0.202254730498527,0.2093482666446354,5.407354993469144,0.1999900227602544,0.202254730498527,0.2093482666446354,-0.7889660200000023,0.3135765800000041,-0.0158287799999986,4.426897640000037,2.3621370799999792,1.279447879999997,16.89541653999988,5.958166419999952,18.20916592000024,100.0,40.480208700000006,3.409408620003911,4.078740940004689,2.9074105800033685,2.2171619600025494,8.178398180009427,1528.4266140800269,-1.0109243799999998,-6.330000000049493e-05,0.0154262199999991,0.4935930000000015,1.664618780000004,4.938566239999999,11.0,-15.0,25.0,100.0,33.33909636,16.211512580003777,10.510761100002457,9.263721760002172,11.13428078000262,29.839872080006963,1285.9989166200028,-0.98985688,0.03272424,-0.0021650800000001,-1.8864109999999927,-0.7595314600000019,0.8908579800000015,-32.0,37.0,-39.41678909999999,100.0,33.89,94.9118988799994,64.0369436199996,64.60870263999959,65.75221967999958,198.4001750799988,1427.5910178599968,-1.0018856399999998,-0.0812468199999998,0.0384005399999993,5.448120199999999,1.789540799999997,2.073343659999998,-3.3262505400000086,15.986423359999984,-94.32625054000002,100.0,32.30687282,54.755821480001394,42.39902224000111,46.32760824000123,25.76023322000067,102.76899088000272,1276.6108527199992,-0.97747522,-0.0370865599999996,0.0054236199999999,-5.413024399999991,-7.798375900000003,0.6818500799999939,-13.0,37.0,66.19741254000002,100.0,32.601812020000004,41.06175956000315,0.9870617200000756,0.7896491800000607,0.7896491800000607,2.1715350200001664,1761.9861953199998,-1.0139203200000002,0.1142403400000003,-0.0095182200000005,2.86797982,1.70951058,4.085057439999996,-6.0083652800000005,30.980231159999978,38.95209703999996,100.0,33.01963474,212.83863101999484,4.859329379999882,3.887463499999906,3.887463499999906,10.690524639999738,1322.7038197399972,355,X1.5033 Y1.6724 Z0.
16:29:14.382,5,359,1.48076,1.65067,-0.00112,85.17251,58.8123,-26.02102,,185.42,0,0,,2,1,"{""sr"":{""mpox"":85.17251,""mpoy"":58.8123,""mpoz"":-26.02102,""mpoa"":0,""posx"":1.48076,""posy"":1.65067,""posz"":-0.00112,""posa"":0,""unit"":0,""stat"":5,""coor"":2,""momo"":1,""dist"":0,""home"":1,""mots"":1,""plan"":0,""line"":359,""path"":2,""frmo"":2,""prbe"":1,""safe"":0,""estp"":0,""spc"":1,""hold"":0,""macs"":5,""cycs"":1,""sps"":12000,""feed"":185.42,""mark"":153225072}}",5.193161022229647,0.2015727135715439,0.2074540223598219,0.2104954051095489,5.193161022229647,0.2015727135715439,0.2074540223598219,0.2104954051095489,-0.7313301600000005,0.6556183600000004,-0.0770685999999998,-0.7354882399999901,0.6650105199999984,1.1823301600000005,14.267872919999984,12.51191523999999,5.342234000000031,100.0,40.4912206,145.7444745999995,171.20585835999944,122.0390476399996,93.06574863999973,343.2896955599989,3266.92850944,-1.01032792,-0.00456296,0.02582752,0.5660888000000004,1.7599159999999996,4.82900568,10.0,-15.0,25.77379504,100.0,33.35942536,173.72403191999948,98.0834241199997,86.44640799999974,103.90193255999972,278.4571795199992,1499.0012040399995,-0.99110892,0.034751,-0.008088,-1.7449359600000007,-0.8820294799999998,0.8300095200000001,-31.55432744,36.94846408,-38.94288104,100.0,33.896059,70.41628324000006,49.91533980000005,50.36101248000005,51.252357600000046,155.09409172000014,2135.865330919999,-1.00181084,-0.0729686,0.00485584,5.360610199999999,1.7496706800000006,1.9941088,-4.0,16.0,-95.19417408,100.0,32.30882664,106.39762979999983,83.25068059999987,90.27960979999986,50.20460883999992,201.4539357999997,1834.5138692800003,-1.0079294,-0.0398265999999999,0.0158414,-5.33617544,-8.14417544,0.5315881599999999,-13.263284080000002,37.28544352,67.0,100.0,32.62044316,153.21468455999965,3.6835780799999913,2.946862039999993,2.946862039999993,8.103871959999982,2280.49843352,-1.00773288,0.1317094399999999,-0.0086424,2.7549220000000005,1.7088248,3.974484,-6.0,31.0,37.0,100.0,33.0187296,27.372239280000606,0.6278036400000139,0.5022425600000111,0.5022425600000111,1.3811676000000306,1929.1322589999988,359,X1.4794 Y1.649 Z-0.0012
16:29:14.639,5,363,1.46455,1.62408,-0.00224,84.76059,58.13687,-26.04932,,185.42,0,0,,2,1,"{""sr"":{""mpox"":84.76059,""mpoy"":58.13687,""mpoz"":-26.04932,""mpoa"":0,""posx"":1.46455,""posy"":1.62408,""posz"":-0.00224,""posa"":0,""unit"":0,""stat"":5,""coor"":2,""momo"":1,""dist"":0,""home"":1,""mots"":1,""plan"":0,""line"":363,""path"":2,""frmo"":2,""prbe"":1,""safe"":0,""estp"":0,""spc"":1,""hold"":0,""macs"":5,""cycs"":1,""sps"":12000,""feed"":185.42,""mark"":153225072}}",5.282124897461464,0.1920067738156398,0.1948516445989361,0.2011383361023809,5.282124897461464,0.1920067738156398,0.1948516445989361,0.2011383361023809,-0.9648745999999976,0.4586691600000023,-0.0046469600000032,1.2412919599998244,2.1948442000000954,1.130485739999995,12.223833820000124,13.01097544,-1.5981660000005344,100.0,40.4974,42.86953213999331,51.29354945999201,36.56309423999431,27.88264735999565,102.85344939998396,2140.083267240042,-0.9987292999999998,-0.0207173399999998,0.0097219200000026,0.6237532600000038,1.7965548799999984,4.845622999999998,10.0,-15.0,25.04805634,100.0,33.35048026,57.15645421999308,34.35604201999577,30.27990199999627,36.39411239999552,97.24506909998804,1260.1996487400115,-0.99763174,0.0403678599999998,-0.0034927999999999,-1.6408544799999871,-0.8133018399999968,0.9680227400000028,-31.11033619999998,36.53675084000001,-39.70582618000002,100.0,33.91,81.87233894000117,60.1160878600007,60.6528387000007,61.72634012000072,186.25252326000216,1555.8764588200115,-1.00399268,-0.0727221799999997,0.0111700999999999,5.360501359999994,1.7086377199999967,1.957683279999996,-3.414312819999985,16.414312819999985,-94.0,100.0,32.29497022,61.73263647999778,54.275002159998046,59.24675803999786,32.73072631999882,131.33721861999527,1469.5545953200117,-0.9846044200000004,-0.0364834999999998,0.0017611600000001,-5.269188319999988,-8.146557080000012,0.4936164399999948,-14.0,38.0,66.95106176,100.0,32.61701186,72.6716545599946,1.7385564999998708,1.3908448599998966,1.3908448599998966,3.824824159999716,1424.6710634800115,-1.0118686400000008,0.1251103800000003,-0.0072870799999999,2.718830739999995,1.70881384,4.015502099999993,-6.0,31.0,37.26910717999996,100.0,33.01996958,159.26583528000873,3.669720080000201,2.935775420000161,2.935775420000161,8.073383080000442,1731.228667420024,363,X1.4627 Y1.6199 Z-0.0024
16:29:14.895,5,367,1.45566,1.59404,-0.00336,84.53489,57.37386,-26.07785,,185.42,0,0,,2,1,"{""sr"":{""mpox"":84.53489,""mpoy"":57.37386,""mpoz"":-26.07785,""mpoa"":0,""posx"":1.45566,""posy"":1.59404,""posz"":-0.00336,""posa"":0,""unit"":0,""stat"":5,""coor"":2,""momo"":1,""dist"":0,""home"":1,""mots"":1,""plan"":0,""line"":367,""path"":2,""frmo"":2,""prbe"":1,""safe"":0,""estp"":0,""spc"":1,""hold"":0,""macs"":5,""cycs"":1,""sps"":12000,""feed"":185.42,""mark"":153225072}}",5.420265930934514,0.2023725929957703,0.2037416134120263,0.2048521851121116,5.420265930934514,0.2023725929957703,0.2037416134120263,0.2048521851121116,-0.8819469999999959,0.540183700000003,-0.0253698399999991,0.0839416799999485,1.578378180000007,1.1367930600000022,11.902238879999809,10.141343499999884,7.858656500000115,100.0,40.47380468,106.5629784000066,120.81267914000748,86.11775604000532,65.67253344000406,242.24491040001496,1794.7255143800082,-0.9980873399999992,-0.0099757400000003,-0.0240001600000018,0.4612010400000018,1.6846489200000156,4.839712300000004,10.602929260000034,-15.0,25.354815879999965,100.0,33.35,110.3360570000061,70.54272486000389,62.70464458000345,75.36615908000415,200.7754482400111,1166.9070891200074,-0.99293796,0.05089172,-0.0192327599999994,-1.9057368399999928,-0.9333395999999972,1.000676600000002,-31.838373080000014,36.83837308000002,-39.645038219999975,100.0,33.90516564,77.82921545999909,54.142062959999365,54.62547463999936,55.59229723999935,167.74371393999803,1656.503492480009,-1.01546514,-0.0784788600000001,0.0256499799999996,5.365599519999998,1.7869992999999955,2.1137912800000023,-3.0,16.0,-94.84581020000006,100.0,32.30544274,81.58077898000202,71.29859032000182,77.82975872000199,42.996860140001104,172.53170274000442,1580.5669176600009,-1.0196665400000002,-0.0184891600000005,0.0212284599999994,-5.6238465600000005,-7.912847559999998,0.5664182199999994,-13.0,38.0,66.92973952000001,100.0,32.615739500000004,118.30152320000497,2.8696907000001204,2.2957527600000964,2.2957527600000964,6.3133197200002655,1883.8171134999927,-1.0108944400000008,0.121577920000001,-0.0057902199999999,2.798942060000007,1.8729117000000135,4.041776340000005,-7.0,31.0,37.0,100.0,33.0160974,83.6887298199918,1.919466479999812,1.5355726599998494,1.5355726599998494,4.222825779999586,1642.7887817400072,367,X1.4547 Y1.5874 Z-0.0036
16:29:15.155,5,370,1.45477,1.56268,-0.00448,84.51218,56.57731,-26.10637,,185.42,0,0,,2,1,"{""sr"":{""mpox"":84.51218,""mpoy"":56.57731,""mpoz"":-26.10637,""mpoa"":0,""posx"":1.45477,""posy"":1.56268,""posz"":-0.00448,""posa"":0,""unit"":0,""stat"":5,""coor"":2,""momo"":1,""dist"":0,""home"":1,""mots"":1,""plan"":0,""line"":370,""path"":2,""frmo"":2,""prbe"":1,""safe"":0,""estp"":0,""spc"":1,""hold"":0,""macs"":5,""cycs"":1,""sps"":12000,""feed"":185.42,""mark"":153225072}}",5.409079686472797,0.2092709403518153,0.2044922339231988,0.2028993317803265,5.409079686472797,0.2092709403518153,0.2044922339231988,0.2028993317803265,-0.9905063000000004,0.2913478799999991,-0.0123612599999995,0.333582579999989,1.7552608799999867,0.9868985999999988,13.83935110000002,1.2619467000000295,20.54162203999987,100.0,40.48580336,94.0141783199984,113.16326207999806,80.66509455999862,61.514388759998944,226.9071730599961,1740.1864705800072,-1.0056244800000005,-0.0174044399999999,-0.00118314,0.5501551599999975,1.8888087600000008,4.939066180000001,10.0,-15.0,25.40242682000001,100.0,33.34430996,118.66323913999815,66.57391347999899,58.60780455999912,70.55696835999892,188.37015023999717,1219.7222978800023,-0.98953588,0.03959604,0.0048319799999998,-1.7736066199999974,-0.96097364,0.8870637799999987,-31.0,36.0,-39.76026483999999,100.0,33.902397359999995,76.50063774000017,54.71250094000016,55.20100506000016,56.17801446000016,169.2622820800005,1543.0045208000006,-1.00385634,-0.0735809399999999,0.0057593999999997,5.248907679999998,1.632599120000002,2.022674719999999,-3.4724330200000035,16.0,-94.71406946,100.0,32.32428128,82.82804693999944,68.58373279999954,75.44210637999949,41.67780745999972,167.23879523999886,1573.3275300200005,-0.9806301600000004,-0.0379992999999999,0.0061328200000001,-5.132867959999999,-8.275218,0.385254099999999,-13.0,37.44919732,66.1070187,100.0,32.618718460000004,112.36381533999874,2.7540153999999686,2.2032117199999752,2.2032117199999752,6.05883289999993,1711.3641810200045,-1.01200418,0.1172665400000001,-0.0073521999999998,2.7730127600000007,1.7191963799999987,3.976890719999999,-7.0,30.57856815999999,36.42143184000001,100.0,33.007406759999995,91.4507433400021,2.107160040000049,1.685728200000039,1.685728200000039,4.635751920000108,1711.117431600002,370,X1.4548 Y1.5622 Z-0.0045
16:29:15.411,5,374,1.46198,1.53227,-0.00556,84.69532,55.80484,-26.13378,,185.42,0,0,,2,1,"{""sr"":{""mpox"":84.69532,""mpoy"":55.80484,""mpoz"":-26.13378,""mpoa"":0,""posx"":1.46198,""posy"":1.53227,""posz"":-0.00556,""posa"":0,""unit"":0,""stat"":5,""coor"":2,""momo"":1,""dist"":0,""home"":1,""mots"":1,""plan"":0,""line"":374,""path"":2,""frmo"":2,""prbe"":1,""safe"":0,""estp"":0,""spc"":1,""hold"":0,""macs"":5,""cycs"":1,""sps"":12000,""feed"":185.42,""mark"":153225072}}",5.210460289368617,0.1891172105508397,0.1826225500309805,0.2030287078013991,5.210460289368617,0.1891172105508397,0.1826225500309805,0.2030287078013991,-0.9641145999999996,0.5088419000000007,-0.0072551999999998,4.660951999999976,0.7056983999999924,1.1358886000000008,14.395265299999986,-1.185794899999957,21.60473470000001,100.0,40.47,49.58826770000117,58.96166030000136,42.02908050000099,32.05095350000075,118.22568710000276,1453.0090096000015,-1.0018513,-0.0185958999999999,-0.0172490999999999,0.2250725999999985,2.0066032,5.005,9.672429899999994,-15.0,25.632010299999997,100.0,33.34,65.18651570000121,37.99816960000071,33.739754400000635,40.618733200000754,107.770671600002,1160.9243547,-0.9889237,0.038909,-0.0097291999999999,-1.6894324999999983,-0.8216375,0.8477749999999994,-31.5305349,36.2976911,-39.343548000000006,100.0,33.9070229,88.06884599999982,59.41994399999988,59.41994399999988,60.48101449999989,183.03464989999964,1623.3738809999995,-1.003472,-0.0770585,0.0327968,5.610541499999998,1.7689245999999983,2.032908099999999,-3.775864900000002,16.203526000000004,-95.203526,100.0,32.3179648,74.65523800000051,55.371828700000336,60.72789900000036,33.3575782000002,134.71329780000082,1326.7834636,-1.021854,-0.0201562,0.0294389999999999,-5.0842332999999975,-8.175885200000003,0.3824181999999989,-13.0,38.1292466,66.24361710000001,100.0,32.6275637,76.30779920000091,1.8643186000000225,1.4914542000000175,1.4914542000000175,4.101499900000049,1617.3523499999988,-1.0190263,0.1372451999999999,-0.0062926999999999,2.8508527,1.6490514,4.069276299999999,-7.0,30.0,37.9913844,100.0,33.027928,150.57325209999848,3.4694299999999654,2.775543499999972,2.775543499999972,7.632745399999925,1441.106127699999,374,X1.4634 Y1.5285 Z-0.0057
16:29:15.668,5,378,1.47672,1.50475,-0.00664,85.06972,55.10599,-26.16117,,185.42,0,0,,2,1,"{""sr"":{""mpox"":85.06972,""mpoy"":55.10599,""mpoz"":-26.16117,""mpoa"":0,""posx"":1.47672,""posy"":1.50475,""posz"":-0.00664,""posa"":0,""unit"":0,""stat"":5,""coor"":2,""momo"":1,""dist"":0,""home"":1,""mots"":1,""plan"":0,""line"":378,""path"":2,""frmo"":2,""prbe"":1,""safe"":0,""estp"":0,""spc"":1,""hold"":0,""macs"":5,""cycs"":1,""sps"":12000,""feed"":185.42,""mark"":153225072}}",5.358566180573444,0.1998617566726354,0.204983848412271,0.2080982071088919,5.358566180573444,0.1998617566726354,0.204983848412271,0.2080982071088919,-0.9550670399999972,0.4297072800000124,-0.0145884800000024,1.254170359999991,1.8369895600000208,1.1918216399999908,13.202697919999745,-1.3111003200001026,7.917236320000616,100.0,40.4600168,136.86638899999173,163.73102235999008,117.54980343999289,89.0025042799946,329.14133735998007,3318.075165720041,-1.0074623199999997,-0.0101508800000002,0.0123917599999983,0.4181059600000114,2.10529127999998,4.953713280000001,10.0,-15.0,24.78359231999995,100.0,33.36,167.51049363999064,92.22308203999488,81.0927097999955,97.78826807999457,259.9851215999856,1447.9795924800123,-0.99027392,0.0356769200000004,-0.00806884,-1.6194521999999965,-0.7258395600000063,0.8875632000000022,-31.36017183999998,36.36017183999998,-39.45149344000001,100.0,33.90908672,64.9339733200013,50.56727328000082,50.56727328000082,51.47026016000083,155.3137675200025,1863.6439269599848,-1.0020778399999997,-0.0792764799999998,0.0217350399999996,5.276255600000001,1.753704840000001,2.061730559999996,-3.108765440000034,16.891234559999965,-94.37589552,100.0,32.29841648,119.20402951999648,79.88542299999763,88.62289103999737,48.05607455999857,195.34482363999425,2133.5915104400037,-0.9723479999999998,-0.0245251200000002,0.00665412,-5.134955360000002,-8.050614560000003,0.4156034400000037,-13.0,38.71096175999997,66.86958399999996,100.0,32.62841408,147.88012551999333,3.55481079999984,2.843848879999872,2.843848879999872,7.820583199999647,1993.8050643600243,-1.0217816400000004,0.1393438799999988,-0.0091301599999996,2.817645600000003,1.71020036,3.976645600000003,-7.0,30.00983808,36.84187583999995,100.0,33.02,36.28965604001077,0.8398103600002498,0.6816862000001994,0.6718481200001999,1.857420880000549,1737.3336923199845,378,X1.4813 Y1.4987 Z-0.0069
16:29:15.927,5,381,1.49809,1.48194,-0.00782,85.6126,54.52653,-26.1911,,185.42,0,0,,2,1,"{""sr"":{""mpox"":85.6126,""mpoy"":54.52653,""mpoz"":-26.1911,""mpoa"":0,""posx"":1.49809,""posy"":1.48194,""posz"":-0.00782,""posa"":0,""unit"":0,""stat"":5,""coor"":2,""momo"":1,""dist"":0,""home"":1,""mots"":1,""plan"":0,""line"":381,""path"":2,""frmo"":2,""prbe"":1,""safe"":0,""estp"":0,""spc"":1,""hold"":0,""macs"":5,""cycs"":1,""sps"":12000,""feed"":185.42,""mark"":153225072}}",5.119314510867255,0.1991363619955691,0.2083312165674178,0.2114831842275134,5.119314510867255,0.1991363619955691,0.2083312165674178,0.2114831842275134,-0.9179425399999956,0.2209068600000025,-0.0518492200000025,-1.3348018200000138,3.4760064800001444,1.4624600400000056,13.919765780000182,6.959532540000091,-3.818362420000409,100.0,40.4598,3.379062799992407,3.9456121399911344,2.812513459993681,2.144793999995181,7.931691739982178,1539.7009336200051,-1.0161032400000003,0.0070285400000002,0.0261735800000012,0.4943072400000056,1.663464519999985,4.995258780000002,9.812350620000426,-14.71852594000064,24.60133954000107,100.0,33.36018764,17.61430983999019,10.242454439995512,9.082490519996025,10.885814799995194,28.98033187998724,1337.4894631399989,-0.9946643200000002,0.0393267200000002,-0.0276967000000004,-1.6854730399999944,-0.795618459999994,0.8124149799999952,-31.99144294000002,36.43703703999997,-38.1515981,100.0,33.9086552,85.75373408000095,64.58180718000075,63.43020908000076,64.58180718000075,196.0229455600023,1560.5186326999888,-1.0100623400000002,-0.0870989400000003,0.0279947200000001,5.453365040000014,1.830607740000001,2.034787140000003,-3.993569400000015,16.326396179999982,-94.67360382000004,100.0,32.31340798,50.59141625999747,41.12592535999794,46.0218688999977,24.479717699998773,101.18283153999494,1390.6603284400014,-1.0909496199999995,-0.0524292599999992,0.0462323200000022,-5.419194840000014,-7.812752559999978,0.5254981200000122,-13.0,38.79834622000004,66.99624322000001,100.0,32.62,40.9647672799941,0.9894869199998576,0.791589919999886,0.791589919999886,2.1768717999996863,1617.7098231999958,-1.0525785199999975,0.0598415399999986,0.0042181800000012,3.050255400000003,1.5887342399999973,4.090703139999997,-7.0,30.0,36.027756339999954,100.0,33.01971892,211.94918268000976,4.861220220000224,3.8889755800001793,3.8889755800001793,11.666927740000537,1357.2803957200042,381,X1.4999 Y1.4804 Z-0.0079
16:29:16.184,5,385,1.52463,1.46533,-0.0089,86.28681,54.1047,-26.21856,,185.42,0,0,,2,1,"{""sr"":{""mpox"":86.28681,""mpoy"":54.1047,""mpoz"":-26.21856,""mpoa"":0,""posx"":1.52463,""posy"":1.46533,""posz"":-0.0089,""posa"":0,""unit"":0,""stat"":5,""coor"":2,""momo"":1,""dist"":0,""home"":1,""mots"":1,""plan"":0,""line"":385,""path"":2,""frmo"":2,""prbe"":1,""safe"":0,""estp"":0,""spc"":1,""hold"":0,""macs"":5,""cycs"":1,""sps"":12000,""feed"":185.42,""mark"":153225072}}",5.349607042066882,0.2040766268743975,0.2021592891536183,0.1916113014900425,5.349607042066882,0.2040766268743975,0.2021592891536183,0.1916113014900425,-0.9035731200000012,0.3431749600000028,0.0120682800000092,-0.5998261200001543,1.5213019600000917,1.2012590400000096,9.809043239999603,5.485425839999762,3.896487680001027,100.0,40.46838236,149.19806432001403,163.44731720001542,116.50860044001098,88.0100941600083,326.8946350800308,2090.335978400057,-1.0029797599999997,-0.0150957600000008,-0.0028366000000002,0.4518911199999915,1.7040311600000104,5.037788360000008,10.149590719999926,-15.945567159999996,25.0,100.0,33.37,164.76710492001433,90.74130424000788,80.393611360007,96.31313848000838,257.10036120002235,1593.315537360012,-0.9887951999999998,0.0445033199999994,-0.0033653999999995,-1.6755045599999991,-0.939934480000014,0.8442552000000006,-31.068927999999968,36.51982239999995,-38.51982239999995,100.0,33.91901772,68.0850219999983,50.95104255999873,49.59836003999877,50.50014899999874,153.3040229199962,1969.8363626800133,-1.0071339599999998,-0.0702363599999996,0.0304128799999999,5.29001112,1.6627728400000037,2.063533720000007,-3.6210856800000286,16.051231359999974,-94.67231704,100.0,32.317608,124.28735420000667,77.01465948000353,86.952034920004,45.9603612800021,190.6221591200088,1417.4295640000269,-0.9582739599999984,-0.0172750399999997,0.0034958000000002,-5.1442358800000045,-8.059177039999991,0.3317229599999924,-14.0,38.318724719999935,67.0,100.0,32.63362564,148.6232865600104,3.5555809600002486,2.8444650400001987,2.8444650400001987,7.822278520000546,1479.8770399999944,-1.033766480000001,0.1404862000000012,-0.0051822399999999,2.7672031199999902,1.70888176,4.19067864000001,-7.0,30.0,36.83730864000008,100.0,33.01668832,35.72470911998308,0.82314955999961,0.658520319999688,0.658520319999688,1.975560279999064,1589.652432640049,385,X1.5299 Y1.463 Z-0.0091
16:29:16.441,5,388,1.5544,1.45605,-0.00998,87.04296,53.8688,-26.24588,,185.42,0,0,,2,1,"{""sr"":{""mpox"":87.04296,""mpoy"":53.8688,""mpoz"":-26.24588,""mpoa"":0,""posx"":1.5544,""posy"":1.45605,""posz"":-0.00998,""posa"":0,""unit"":0,""stat"":5,""coor"":2,""momo"":1,""dist"":0,""home"":1,""mots"":1,""plan"":0,""line"":388,""path"":2,""frmo"":2,""prbe"":1,""safe"":0,""estp"":0,""spc"":1,""hold"":0,""macs"":5,""cycs"":1,""sps"":12000,""feed"":185.42,""mark"":153225072}}",5.167922570799218,0.1912246760104319,0.2003854486603893,0.2032265967220988,5.167922570799218,0.1912246760104319,0.2003854486603893,0.2032265967220988,-1.0412276999999963,0.1347164999999955,0.0344843999999963,4.98965330000004,1.229300199999955,1.093486400000005,13.679091799999972,6.765042199999602,6.291051500000029,100.0,40.4600033,51.20237630000478,58.80030920000548,41.8270237000039,31.824909200002963,118.206806300011,1647.0179551999895,-0.9985058,-0.0101305999999998,0.0132570000000009,0.5456994000000025,1.5811292999999842,4.844962700000002,10.0,-15.0,26.0,100.0,33.3728074,57.13590280000395,37.13095870000279,32.90709360000246,39.47894430000296,105.52604720000792,1497.4158436999903,-0.9931335,0.0414718000000002,-0.0043188999999999,-1.7621525999999992,-0.9238474000000008,0.9198397000000011,-31.599079200000016,36.40092079999999,-38.801840899999966,100.0,33.9172775,83.52777679999939,59.84094279999954,57.59403359999954,59.31137689999954,178.8646163999986,1394.339345400001,-1.0010474,-0.0869607000000004,0.0256124999999996,5.260564199999997,1.8890494999999976,2.0430261999999986,-4.0,16.904593999999992,-94.904594,100.0,32.3138046,94.75489260000228,52.736886100001264,59.59696850000143,30.87037220000074,129.9128163000031,1255.6429015000012,-0.9889705999999996,-0.0621052999999973,0.0265423,-5.02354670000001,-7.891571799999986,0.437308300000001,-13.056329500000006,38.0,65.68295429999999,100.0,32.614860500000006,76.54186130000366,1.866874800000089,1.4934999000000713,1.4934999000000713,4.107124100000196,1541.7437971000018,-1.0347324999999994,0.1219632000000008,-0.0044982000000002,2.851005699999998,1.8070191000000035,4.009387399999999,-6.694877199999972,30.0,37.003378,100.0,33.0038974,150.795200599994,3.4743876999998617,3.4743876999998617,2.7795104999998888,8.338531499999668,1308.238146099997,388,X1.5551 Y1.4559 Z-0.01
16:29:16.699,5,392,1.58569,1.45492,-0.01116,87.8377,53.84026,-26.27592,,185.42,0,0,,2,1,"{""sr"":{""mpox"":87.8377,""mpoy"":53.84026,""mpoz"":-26.27592,""mpoa"":0,""posx"":1.58569,""posy"":1.45492,""posz"":-0.01116,""posa"":0,""unit"":0,""stat"":5,""coor"":2,""momo"":1,""dist"":0,""home"":1,""mots"":1,""plan"":0,""line"":392,""path"":2,""frmo"":2,""prbe"":1,""safe"":0,""estp"":0,""spc"":1,""hold"":0,""macs"":5,""cycs"":1,""sps"":12000,""feed"":185.42,""mark"":153225072}}",5.437142382135692,0.2118040196743841,0.2094574309567415,0.2089046712688629,5.437142382135692,0.2118040196743841,0.2094574309567415,0.2089046712688629,-1.0555233399999997,0.1547151800000009,0.0682736600000048,0.0515462600001839,-0.034925440000084,1.1648462000000064,13.079448000000102,-8.920551999999898,12.460275999999949,100.0,40.46920544,90.13390870000856,104.70645702000992,74.48191284000704,56.67102036000535,209.95263812001983,2526.0839349400253,-1.0034690999999998,-0.0083278799999989,0.0136972400000017,0.2138868399999975,1.8967298600000004,4.985262259999988,10.0,-15.428800959999952,25.922459779999997,100.0,33.37428812,112.3424827000093,60.16445742000497,53.2428831400044,63.89145966000528,170.3772249400141,1322.7481788400014,-0.99116404,0.0441067799999995,0.0039757599999999,-1.593728900000003,-0.7387289000000031,0.977,-31.801790140000023,36.49327679999999,-38.08790637999993,100.0,33.92691498,82.3771943599988,55.2469804399992,52.780597439999234,54.7537036399992,165.24766451999758,1554.6474479400026,-1.00755738,-0.07607434,0.0112869200000003,5.379247940000009,1.761040120000001,2.0211088799999968,-3.146880759999984,16.0,-94.22140950000004,100.0,32.31,106.22377852000557,62.33574142000225,71.4619460200026,36.57717042000132,154.2576629400056,1666.084843319993,-0.983920039999998,-0.0277047000000011,-0.0022884200000004,-5.291077860000014,-8.136898620000002,0.5130680200000071,-13.441918180000044,37.52711340000003,66.52711340000003,100.0,32.62472872,107.7015778400066,2.6355684600001617,2.1084546000001296,2.1084546000001296,5.798250320000356,1992.127798380012,-1.0236700799999998,0.1255200000000021,-0.0051823800000001,2.784613940000009,1.7174202000000125,4.003876560000009,-7.0,30.533502180000053,37.60856306000015,100.0,33.0046648,101.28088079998903,2.3123488399997494,2.3123488399997494,1.8498792399997996,5.549637259999399,1586.046446780001,392,X1.5898 Y1.4553 Z-0.0113
16:29:16.955,5,396,1.6161,1.46166,-0.01223,88.61007,54.01129,-26.30323,,185.42,0,0,,2,1,"{""sr"":{""mpox"":88.61007,""mpoy"":54.01129,""mpoz"":-26.30323,""mpoa"":0,""posx"":1.6161,""posy"":1.46166,""posz"":-0.01223,""posa"":0,""unit"":0,""stat"":5,""coor"":2,""momo"":1,""dist"":0,""home"":1,""mots"":1,""plan"":0,""line"":396,""path"":2,""frmo"":2,""prbe"":1,""safe"":0,""estp"":0,""spc"":1,""hold"":0,""macs"":5,""cycs"":1,""sps"":12000,""feed"":185.42,""mark"":153225072}}",5.23354692573826,0.1983906382152757,0.1733602375098685,0.1892830031974647,5.23354692573826,0.1983906382152757,0.1733602375098685,0.1892830031974647,-0.8631097400000056,0.4802665399999998,0.0074879399999995,4.267181619999803,1.7593586400000345,1.2719639600000048,12.15764383999992,-9.56210815999996,8.450243920000517,100.0,40.48,95.40307023999344,112.17001781999232,79.79104357999454,60.71057669999584,224.9184157399846,2059.208235119965,-1.00025914,-0.0191972199999999,-0.0107991599999991,0.4513594800000019,1.900745459999991,4.926648879999993,10.0,-15.028809480000003,25.571852459999967,100.0,33.37028812,100.73680391999402,64.04747677999613,57.18524773999655,68.0792541599959,182.420939739989,1230.1270329199997,-0.99296786,0.0412488199999999,-0.0038201599999998,-1.5996493800000045,-0.8531132400000049,0.8834739200000028,-32.0,36.51151508,-37.24885769999998,100.0,33.92488488,78.90409820000085,54.71026778000064,52.018988060000616,53.733298520000616,162.9049769600019,1356.7654274199904,-1.00984676,-0.07447236,0.0124401800000002,5.210079679999993,1.7606001599999992,2.010644220000002,-4.0,16.472493800000013,-94.71421225999995,100.0,32.31813298,81.7634547199978,62.77323317999831,72.79585027999804,36.925431259999,155.6143178199958,1453.608069799993,-1.02010904,-0.0288336799999997,0.0259882799999999,-5.094474360000005,-8.212471539999997,0.3066488800000059,-13.0,38.0,68.20636885999994,100.0,32.622063919999995,112.48596189999488,2.743559659999875,2.1948479599999,2.1948479599999,6.035832019999725,1375.821801800007,-1.0153744800000004,0.12737382,-0.0037789399999998,2.737338880000005,1.7951683200000024,4.052834240000003,-6.994524800000001,30.0054752,36.9945248,100.0,33.0257648,91.49178008000848,2.1177385200001964,1.6996659000001566,1.6941907000001568,5.082572520000471,1548.2210796399845,396,X1.6233 Y1.4645 Z-0.0125
16:29:17.213,5,399,1.6439,1.47614,-0.01332,89.3162,54.37917,-26.33074,,185.42,0,0,,2,1,"{""sr"":{""mpox"":89.3162,""mpoy"":54.37917,""mpoz"":-26.33074,""mpoa"":0,""posx"":1.6439,""posy"":1.47614,""posz"":-0.01332,""posa"":0,""unit"":0,""stat"":5,""coor"":2,""momo"":1,""dist"":0,""home"":1,""mots"":1,""plan"":0,""line"":399,""path"":2,""frmo"":2,""prbe"":1,""safe"":0,""estp"":0,""spc"":1,""hold"":0,""macs"":5,""cycs"":1,""sps"":12000,""feed"":185.42,""mark"":153225072}}",5.127344191634134,0.204132715467,0.2074195956844005,0.2079655997989452,5.127344191634134,0.204132715467,0.2074195956844005,0.2079655997989452,-0.9163093399999954,0.4614653200000087,-0.0332276400000005,1.5435833800000511,1.4366665400000234,1.1279913400000028,11.475272920000045,3.425819020000135,-8.114001340000248,100.0,40.48262376,43.28998359999628,50.89852641999561,36.206168599996886,27.54817187999763,102.3217799199912,3212.237607400035,-1.00417222,-0.0098990199999998,-0.0065875199999996,0.4448605999999988,1.6680295199999986,4.981890859999997,10.0,-15.70719794000002,25.9822238,100.0,33.37,57.38924955999615,32.7938567799978,29.28022913999804,34.843473159997664,93.40393191999377,1542.2210861799988,-0.99126068,0.0470326799999998,-0.00908538,-1.5867431599999962,-0.9039491799999964,0.8150996799999988,-31.46731642,36.53268358,-38.31885564000001,100.0,33.93,89.49078328000053,59.66052236000036,56.46442288000034,58.59515594000035,176.85083376000105,1869.6225021200053,-1.00943742,-0.0786894000000001,0.03829092,5.35653966,1.8341586399999985,1.9426397799999973,-4.0,16.586556540000007,-95.0,100.0,32.31,68.81366575999871,48.78636323999904,56.64179389999888,28.52761867999944,120.9019638999976,1862.969811520011,-0.9848192600000004,-0.0306094400000002,0.0003723199999999,-5.016611260000003,-8.2842982,0.3713483800000029,-12.924056840000022,38.0,66.78715906000002,100.0,32.62650264,72.10713299999705,1.748693859999928,1.3989548799999425,1.3989548799999425,3.847126179999842,1859.0515747400036,-1.0092312599999995,0.1248821800000001,-0.0036628399999999,2.852713280000001,1.77,4.089,-6.99078922,30.99078922,36.52478297999996,100.0,33.00751386,161.2607707800049,3.665017080000111,2.932013960000089,2.932013960000089,8.796042140000267,1688.7395969000097,399,X1.6459 Y1.4775 Z-0.0134
16:29:17.471,5,403,1.66703,1.49733,-0.0145,89.90378,54.91751,-26.3608,,185.42,0,0,,2,1,"{""sr"":{""mpox"":89.90378,""mpoy"":54.91751,""mpoz"":-26.3608,""mpoa"":0,""posx"":1.66703,""posy"":1.49733,""posz"":-0.0145,""posa"":0,""unit"":0,""stat"":5,""coor"":2,""momo"":1,""dist"":0,""home"":1,""mots"":1,""plan"":0,""line"":403,""path"":2,""frmo"":2,""prbe"":1,""safe"":0,""estp"":0,""spc"":1,""hold"":0,""macs"":5,""cycs"":1,""sps"":12000,""feed"":185.42,""mark"":153225072}}",5.183011159077164,0.1963216435020273,0.200671012523076,0.2020348882067695,5.183011159077164,0.1963216435020273,0.200671012523076,0.2020348882067695,-1.0266693000000156,0.6497715000000128,0.0291659000000049,2.345762700000238,2.971748400000327,0.9894549999999896,8.20210689999983,1.6983499999994052,-2.799671099998469,100.0,40.4799959,144.00176460001356,174.59862360001645,124.19902090001172,94.49925520000892,351.8972255000332,2633.6632875000187,-1.002218999999999,-0.0092364000000003,0.0207049000000011,0.4582910000000141,1.6287296999999794,4.892638499999996,10.0,-15.158001999999929,26.006510899999995,100.0,33.38,164.99254390001445,94.30377630000824,84.19980050000736,100.19776210000876,268.5973632000235,1285.7584446999886,-0.9891839999999996,0.0435817999999997,-0.0113088000000002,-1.8815793000000012,-0.9669647999999932,0.8753982999999971,-31.942957400000047,36.0,-38.17083209999998,100.0,33.9355686,71.2828715999981,49.62776629999865,46.52603099999873,48.35549359999864,146.667773199996,1459.3438190000163,-1.0058352000000004,-0.0777592999999996,0.030036799999999,5.444107099999991,1.813622299999996,2.084405700000009,-1.4302364999998785,5.653155999999572,-33.96811129999711,100.0,32.3142538,123.99110040000583,75.80803080000358,88.01440850000417,43.68598410000207,186.9503122000088,1695.6480684999783,-1.005644999999998,-0.0273340999999996,0.0198721999999994,-5.4523538000000284,-8.260120400000005,0.4426515000000062,-12.830953899999985,38.0,66.25055359999995,100.0,32.6274947,153.63654890001095,3.747232800000268,2.997786400000214,2.997786400000214,8.243912000000588,1839.4684205999897,-1.0366768000000024,0.1226476000000001,-0.0047488000000003,2.6939143999999957,1.7996101000000255,3.79794049999999,-6.0,31.0,37.0103167,100.0,33.0089086,23.488848599982088,0.5455322999995839,0.4364261999996667,0.4364261999996667,1.2001714999990851,1697.1269737000002,403,X1.6707 Y1.5018 Z-0.0147
16:29:17.728,5,406,1.68388,1.52346,-0.01558,90.33156,55.58108,-26.38811,,185.42,0,0,,2,1,"{""sr"":{""mpox"":90.33156,""mpoy"":55.58108,""mpoz"":-26.38811,""mpoa"":0,""posx"":1.68388,""posy"":1.52346,""posz"":-0.01558,""posa"":0,""unit"":0,""stat"":5,""coor"":2,""momo"":1,""dist"":0,""home"":1,""mots"":1,""plan"":0,""line"":406,""path"":2,""frmo"":2,""prbe"":1,""safe"":0,""estp"":0,""spc"":1,""hold"":0,""macs"":5,""cycs"":1,""sps"":12000,""feed"":185.42,""mark"":153225072}}",5.400228057848414,0.203867853853868,0.1980247110498818,0.2014100663145683,5.400228057848414,0.203867853853868,0.1980247110498818,0.2014100663145683,-1.058970879999998,0.2981679999999978,-0.0298351999999986,-0.2245043200001166,2.447703679999939,0.9184956800000028,9.960459839999954,-13.115864320000137,12.794485759999771,100.0,40.4600096,6.754438400007591,7.849141760008818,5.583409920006273,4.248246720004772,15.779203200017726,1818.45966207999,-1.0019712,-0.0166895999999995,0.0069833599999994,0.424187359999992,1.6221204800000064,4.775399000000002,10.0,-15.0,26.96256095999996,100.0,33.3803744,21.313442440009094,11.608002960004416,10.364288200003942,12.43714548000473,33.165721920012615,1462.2174373599946,-0.9871266399999998,0.0381839999999999,0.0083386399999996,-1.7854342399999985,-0.9868236800000016,0.9056127999999984,-18.0241701199998,20.294458639999792,-21.949690079999737,100.0,33.94017268,87.01758891999935,62.52133947999931,59.141807999999344,61.39482963999932,185.89152011999795,1793.9501519999903,-1.0031964800000004,-0.0796666399999999,0.0145070800000006,5.288906800000001,1.669960480000006,2.014,-3.666445799999984,16.0,-94.33289255999998,100.0,32.30346432,48.69885580000238,39.02579568000191,45.69687092000223,22.68165836000111,96.73060320000474,1389.9235987599984,-0.9675551599999996,-0.0307417599999989,0.0141439999999999,-5.288413200000006,-8.12119176000001,0.5233236799999965,-13.217823680000038,37.99264131999999,67.0,100.0,32.61804284,43.98727112000599,1.0523270000001437,0.8418620000001147,0.8418620000001147,2.315120000000316,1480.1709660799904,-1.0173223599999992,0.1373268799999993,-0.0013454400000012,2.8109643600000025,1.7059930399999972,4.0919004400000025,-6.0,30.0,37.95139951999995,100.0,33.00951396,208.50885683999024,4.760492359999777,3.808393319999821,3.808393319999821,10.473082799999508,1392.676735799995,406,X1.6842 Y1.5241 Z-0.0156
16:29:17.985,5,410,1.69344,1.55334,-0.01666,90.57462,56.34005,-26.41562,,185.42,0,0,,2,1,"{""sr"":{""mpox"":90.57462,""mpoy"":56.34005,""mpoz"":-26.41562,""mpoa"":0,""posx"":1.69344,""posy"":1.55334,""posz"":-0.01666,""posa"":0,""unit"":0,""stat"":5,""coor"":2,""momo"":1,""dist"":0,""home"":1,""mots"":1,""plan"":0,""line"":410,""path"":2,""frmo"":2,""prbe"":1,""safe"":0,""estp"":0,""spc"":1,""hold"":0,""macs"":5,""cycs"":1,""sps"":12000,""feed"":185.42,""mark"":153225072}}",5.1968255405113615,0.1836983799841927,0.1890295532645545,0.2022522167115133,5.1968255405113615,0.1836983799841927,0.1890295532645545,0.2022522167115133,-0.9047284199999996,0.2383754399999975,-0.0182680600000009,0.709813040000001,1.1156810999999909,1.1100934799999995,6.909295539999958,-8.181408920000084,-10.0,100.0,40.43818168,134.9932431800014,158.71932832000164,112.90343964000115,85.90479084000089,319.8930788600033,1894.3194105799903,-1.01238172,-0.00888278,0.0379069999999997,0.5558049599999995,1.682171419999999,4.920109740000001,10.0,-15.167733539999992,26.05617984,100.0,33.39776088,188.5889332000018,86.92164780000083,77.60861436000074,93.13033758000088,249.1236519200024,1341.0677738399968,-0.98418432,0.03556916,0.0095595599999997,-1.7534101199999983,-0.9759990199999996,0.98738006,-32.37647774,37.0,-39.01641214000001,100.0,33.95,78.4304592599998,50.32243375999986,47.60230255999987,49.415723359999866,150.06059069999958,1577.3273105399978,-1.0071435599999998,-0.0747495399999999,0.0256372199999998,5.49650118,1.6182654600000006,2.075,-3.556390500000006,16.0,-95.498993,100.0,32.31170224,93.36612494000032,71.87060092000036,84.08896414000041,41.73758816000021,178.6123258200009,1449.8253372199986,-1.02975238,-0.0308851399999998,0.0183253599999998,-5.162243279999996,-8.13202362,0.3194872599999986,-13.334323999999992,37.0,66.63537957999999,100.0,32.62,145.4468718800011,3.494719280000027,2.795775680000021,2.795775680000021,7.688382980000059,1629.5059904399964,-1.0117030000000005,0.1390073600000001,0.0004497200000001,2.914267359999998,1.858015800000001,4.0775813,-5.184967659999992,30.0,37.0022221,100.0,33.00997786,40.32285527999818,0.9248364799999582,0.7398688199999666,0.7398688199999666,2.034639979999908,1138.253530579996,410,X1.6942 Y1.5574 Z-0.0168
16:29:18.242,5,414,1.69498,1.58461,-0.01784,90.6135,57.13429,-26.44568,,185.42,0,0,,2,1,"{""sr"":{""mpox"":90.6135,""mpoy"":57.13429,""mpoz"":-26.44568,""mpoa"":0,""posx"":1.69498,""posy"":1.58461,""posz"":-0.01784,""posa"":0,""unit"":0,""stat"":5,""coor"":2,""momo"":1,""dist"":0,""home"":1,""mots"":1,""plan"":0,""line"":414,""path"":2,""frmo"":2,""prbe"":1,""safe"":0,""estp"":0,""spc"":1,""hold"":0,""macs"":5,""cycs"":1,""sps"":12000,""feed"":185.42,""mark"":153225072}}",5.18898663582632,0.2000462063810934,0.1960407632933327,0.1930999652581361,5.18898663582632,0.2000462063810934,0.1960407632933327,0.1930999652581361,-0.9952590400000072,0.1186751600000008,-0.0501610800000016,2.789257360000088,-0.2991191599999886,1.1190919999999962,9.72004576000025,4.0062850800000005,-14.740631560000253,100.0,40.42000448,53.16014595998974,62.51292275998793,44.467955639991416,33.83431355999347,125.67030883997576,1421.4191625999788,-1.01042132,-0.0096735999999999,-0.0038923199999992,0.3739829599999906,1.5949829599999903,4.928585760000003,10.0,-14.299287359999942,26.29928735999994,100.0,33.4,81.62982295998721,38.73957711999393,34.88819543999452,41.80597739999344,111.67557147998248,1077.8966931599773,-0.9866632799999996,0.0406977199999996,0.0071116400000024,-1.798138399999996,-1.0197624799999951,0.916,-32.0,36.27475455999995,-37.52457608000001,100.0,33.94475432,85.96794720000112,58.22797740000097,55.21789652000089,57.70340132000096,173.77215832000286,1431.150902359993,-1.0052783199999995,-0.0747950799999997,0.0448139599999984,5.505689000000015,1.6996393999999933,2.001573760000002,-3.10185343999998,16.0,-94.10185344,100.0,32.31,61.9363743199968,51.468254239997336,59.7555161999969,30.09584387999844,127.36212143999342,1485.896245119985,-1.0057402,-0.0422383600000011,0.0074520399999988,-5.322239320000008,-8.06479011999999,0.5181958000000039,-14.0,37.0,66.44610871999994,100.0,32.6255386,81.31935771999173,1.9361749999998028,1.5489401999998422,1.5489401999998422,4.259585479999567,1702.3924282799908,-1.0064566000000017,0.1298757200000019,-0.0116208799999995,2.788388760000004,1.771249200000011,4.026521359999989,-6.325251119999939,29.65426451999988,38.0,100.0,32.99661796,146.41290592001323,3.3737427200003047,2.698993840000244,2.698993840000244,7.4222336400006705,1410.3476173999982,414,X1.6942 Y1.5921 Z-0.0181
16:29:18.500,5,417,1.6884,1.61525,-0.01892,90.4465,57.91259,-26.47319,,185.42,0,0,,2,1,"{""sr"":{""mpox"":90.4465,""mpoy"":57.91259,""mpoz"":-26.47319,""mpoa"":0,""posx"":1.6884,""posy"":1.61525,""posz"":-0.01892,""posa"":0,""unit"":0,""stat"":5,""coor"":2,""momo"":1,""dist"":0,""home"":1,""mots"":1,""plan"":0,""line"":417,""path"":2,""frmo"":2,""prbe"":1,""safe"":0,""estp"":0,""spc"":1,""hold"":0,""macs"":5,""cycs"":1,""sps"":12000,""feed"":185.42,""mark"":153225072}}",5.407688079847202,0.2036378807318435,0.2048788767014895,0.2081462567334101,5.407688079847202,0.2036378807318435,0.2048788767014895,0.2081462567334101,-1.055636560000003,0.2309071199999952,0.0174722800000005,1.4750950399999765,0.9491276800000388,1.0965995999999971,10.118060840000137,2.1967675600002265,0.8032324399997733,100.0,40.44480328,85.22699204000372,100.8172952000044,71.71539560000315,54.56606180000239,203.19362104000888,1994.348199879995,-1.00217732,-0.0199175599999998,-0.0079203599999994,0.418462719999995,1.6967891200000045,4.8830535999999976,10.48272471999998,-15.0,27.0,100.0,33.40482724,106.55871184000404,58.45210892000222,52.24480512000198,62.59031160000238,167.59719712000637,1219.0072037599966,-0.9909241999999998,0.0392720799999998,-0.00082404,-1.8754343999999965,-0.8848172399999998,0.9581823199999988,-31.79477168000001,36.49705503999999,-38.30360604000002,100.0,33.94794752,84.49937843999943,55.173123679999634,52.68784743999965,54.676068119999634,165.5193700399989,1271.343321959997,-1.00589432,-0.0763231599999999,0.03686284,5.292248920000001,1.967868359999995,1.9839803600000008,-3.507877280000008,15.846621280000006,-94.50787728000002,100.0,32.31798876,83.87490632000161,60.59076140000098,70.08704864000114,35.196903040000564,149.6226434000024,1404.0679765999976,-0.9865373200000004,-0.0261576800000001,0.0151018800000001,-5.3274136000000025,-8.061094919999999,0.5082800800000014,-13.488906319999986,37.0,67.48890631999998,100.0,32.62,105.88565648000294,2.555466880000071,2.0443737200000567,2.0443737200000567,5.622027440000156,1530.6930927199987,-1.0077475200000006,0.1194039599999999,-0.0092262399999995,2.957690039999996,1.7364361199999958,3.996648159999999,-6.0,30.00416256,37.51813004000002,100.0,33.01513968,106.0113607199951,2.4093492399998886,1.927479279999911,1.927479279999911,5.300568439999755,1103.4150228800015,417,X1.6877 Y1.6173 Z-0.019
16:29:18.758,5,421,1.67433,1.64297,-0.02,90.0892,58.6166,-26.5005,,185.42,0,0,,2,1,"{""sr"":{""mpox"":90.0892,""mpoy"":58.6166,""mpoz"":-26.5005,""mpoa"":0,""posx"":1.67433,""posy"":1.64297,""posz"":-0.02,""posa"":0,""unit"":0,""stat"":5,""coor"":2,""momo"":1,""dist"":0,""home"":1,""mots"":1,""plan"":0,""line"":421,""path"":2,""frmo"":2,""prbe"":1,""safe"":0,""estp"":0,""spc"":1,""hold"":0,""macs"":5,""cycs"":1,""sps"":12000,""feed"":185.42,""mark"":153225072}}",5.169346669991747,0.1953081964506109,0.2018929311661663,0.2068410704046759,5.169346669991747,0.1953081964506109,0.2018929311661663,0.2068410704046759,-1.0173224400000027,0.1321412000000007,-0.0077807199999988,0.7629975599999208,1.54205767999995,1.237978880000002,12.194854800000083,-3.7184446799999655,6.968063319999812,100.0,40.45000108,104.05165052000278,123.8397013600033,88.09215900000234,67.02664252000179,248.95619696000665,1422.0087374400007,-1.00255448,-0.0122714399999997,0.0076034400000007,0.4123575999999982,1.709,4.834867199999997,4.060114399999841,-6.054671999999761,10.92207535999957,100.0,33.40620004,129.19628980000323,70.68247872000168,63.2185513200015,75.64265288000182,202.7234442400048,1109.512705120001,-0.9946776,0.0437038800000001,-0.0048572399999999,-1.7677076800000031,-0.92971316,0.8824499199999991,-31.48027976,36.0,-39.272763520000005,100.0,33.95272768,77.59780767999959,53.791334679999714,51.38993651999972,53.10353867999973,160.68620903999914,1180.9769387200013,-1.0031376,-0.0744133600000001,0.0230618399999998,5.151571439999995,1.988230680000002,2.04149572,-3.4507497599999937,15.754909120000011,-94.79434112,100.0,32.314901760000005,58.76976140000066,66.45926272000074,75.79651412000084,38.99675740000044,163.67653128000185,1303.0103997600015,-0.9614299200000002,-0.0361896000000002,-0.0028634000000001,-5.3646359599999975,-8.185368400000005,0.3375849199999995,-13.120519680000005,37.0,66.87948032,100.0,32.63827364,122.54545444000222,2.931709640000053,2.3453672400000425,2.3453672400000425,6.449760320000118,1319.013991199999,-1.0014093599999998,0.1202963199999999,-0.0115797600000003,2.74801056,1.787110560000002,4.0336763999999965,-5.637488320000017,30.0,38.35699039999998,100.0,33.02351472,79.74152211999632,1.812558319999916,1.450046999999933,1.450046999999933,3.987628679999816,1237.8334894399998,421,X1.671 Y1.6477 Z-0.0202
16:29:19.015,5,424,1.65346,1.66637,-0.02118,89.5589,59.21109,-26.53042,,185.42,0,0,,2,1,"{""sr"":{""mpox"":89.5589,""mpoy"":59.21109,""mpoz"":-26.53042,""mpoa"":0,""posx"":1.65346,""posy"":1.66637,""posz"":-0.02118,""posa"":0,""unit"":0,""stat"":5,""coor"":2,""momo"":1,""dist"":0,""home"":1,""mots"":1,""plan"":0,""line"":424,""path"":2,""frmo"":2,""prbe"":1,""safe"":0,""estp"":0,""spc"":1,""hold"":0,""macs"":5,""cycs"":1,""sps"":12000,""feed"":185.42,""mark"":153225072}}",5.201503793685276,0.1968436990362791,0.2173998891245102,0.2136837400933391,5.201503793685276,0.1968436990362791,0.2173998891245102,0.2136837400933391,-0.922567140000001,0.0895794200000019,-0.0261212200000008,-0.4529870799998632,1.2147679200000896,1.282,6.218614139999706,-2.33198021999989,1.5546534799999263,100.0,40.44,37.40911152000617,43.19861640000713,30.728912820005068,23.38069456000385,86.61990628001428,1735.3441583600008,-0.9998677000000008,-0.0128956399999993,0.0024712200000005,0.5751828599999955,1.5809960000000072,4.942152879999999,10.0,-15.0,26.255106080000036,100.0,33.41,56.63352628000711,29.337186740003684,26.020809580003263,31.378034720003942,83.92986504001053,1339.8139331400112,-0.9847161,0.0432730999999998,0.0153190999999999,-1.7670429999999924,-0.9490022599999997,0.977,-31.541019719999998,36.33263801999998,-39.20838170000001,100.0,33.95459016,88.7272475399991,60.594218059999385,58.43013861999941,60.05319833999939,181.78265417999816,1457.586606619993,-1.0143060799999997,-0.0727320400000002,0.0219958400000001,5.288348300000007,1.7424824800000054,1.992587,-3.399108800000013,16.600891199999985,-94.39910880000002,100.0,32.30850752,50.85969408000058,48.9411289400016,55.47611190000184,28.98569304000094,120.78069876000396,1550.9190543199911,-0.9836781600000032,-0.0359741199999991,0.0274003399999997,-5.467462699999998,-8.196730959999998,0.4535964399999987,-13.324361200000023,37.17902302000003,66.14533818,100.0,32.62351244,67.61237468000479,1.621804000000116,1.2974428000000926,1.2974428000000926,3.567968200000254,1646.8315160599927,-1.0659443799999964,0.1133991000000004,-0.0195448599999993,2.914968019999998,1.5693684600000064,4.013543659999998,-5.990558880000001,30.781896179999965,37.22754494000004,100.0,33.03326822,169.16772211999208,3.8622770799998185,3.089821239999856,3.089821239999856,8.497009219999603,1384.8942496000025,424,X1.6531 Y1.6667 Z-0.0212
16:29:19.272,5,428,1.62717,1.68341,-0.02227,88.89117,59.64388,-26.55807,,185.42,0,0,,2,1,"{""sr"":{""mpox"":88.89117,""mpoy"":59.64388,""mpoz"":-26.55807,""mpoa"":0,""posx"":1.62717,""posy"":1.68341,""posz"":-0.02227,""posa"":0,""unit"":0,""stat"":5,""coor"":2,""momo"":1,""dist"":0,""home"":1,""mots"":1,""plan"":0,""line"":428,""path"":2,""frmo"":2,""prbe"":1,""safe"":0,""estp"":0,""spc"":1,""hold"":0,""macs"":5,""cycs"":1,""sps"":12000,""feed"":185.42,""mark"":153225072}}",5.193324298727825,0.1999855973073143,0.2042313513096473,0.188812950450471,5.193324298727825,0.1999855973073143,0.2042313513096473,0.188812950450471,-1.011230639999999,0.2080027199999955,-0.0116387199999984,5.593299679999771,0.6182915199999398,1.2013797999999778,8.91803119999991,5.84461979999982,-10.276079559999184,100.0,40.45079664,152.66791295998496,179.33652751998238,127.83466059998744,96.56600171999048,358.6737199999647,1641.870668079995,-1.004760639999999,-0.0096397600000009,-0.0033206399999995,0.5235782799999852,1.633604999999993,4.839058440000009,10.137097400000078,-15.0,26.005458000000008,100.0,33.41,159.76798007998565,100.09124835999089,88.8789717999919,106.99446999999024,285.62077419997394,1231.510764240009,-0.9889422800000002,0.0418077600000002,-0.00928132,-1.8808191999999877,-0.9320025199999992,0.840792680000004,-31.60670736000004,36.95417703999995,-38.95417703999995,100.0,33.96560876,69.9110536000022,49.18096648000148,47.86361884000144,49.18096648000148,148.81442428000443,1404.9911067600326,-1.0097961999999987,-0.0721241199999998,0.0431030000000011,5.39892592000001,1.7908379200000042,2.0210870800000054,-2.116187280000088,11.286331240000466,-66.9581967200027,100.0,32.31705416,59.24090167999702,80.72386651999595,91.1398498799954,48.17392027999758,199.20567087999,1435.1844700799943,-0.9813143200000004,-0.0244677200000069,0.0172993199999988,-5.72022215999996,-7.900218960000021,0.5412930399999872,-13.826865200000016,37.0,66.06516712000007,100.0,32.60476624,159.95661163998804,3.8084912399997153,3.046792239999772,3.046792239999772,8.378679559999375,1405.6058860400144,-0.9864386000000028,0.1219798799999992,-0.0158822799999986,2.696995280000011,1.872046399999978,3.9273106000000215,-5.9888726000000005,30.0,37.92100551999991,100.0,33.01842008,19.79340756001952,0.4506084000004433,0.3604875200003549,0.3604875200003549,0.991339680000976,1252.4243658800178,428,X1.6237 Y1.6851 Z-0.0224
16:29:19.529,5,432,1.59747,1.69325,-0.02335,88.13678,59.89379,-26.58559,,185.42,0,0,,2,1,"{""sr"":{""mpox"":88.13678,""mpoy"":59.89379,""mpoz"":-26.58559,""mpoa"":0,""posx"":1.59747,""posy"":1.69325,""posz"":-0.02335,""posa"":0,""unit"":0,""stat"":5,""coor"":2,""momo"":1,""dist"":0,""home"":1,""mots"":1,""plan"":0,""line"":432,""path"":2,""frmo"":2,""prbe"":1,""safe"":0,""estp"":0,""spc"":1,""hold"":0,""macs"":5,""cycs"":1,""sps"":12000,""feed"":185.42,""mark"":153225072}}",5.148107406040477,0.1905567282254651,0.1995316471938835,0.2052290767404345,5.148107406040477,0.1905567282254651,0.1995316471938835,0.2052290767404345,-1.00651944,0.2829957400000004,0.0010738400000001,-0.9138400999999596,1.95271694,1.1563274999999995,10.0006145,18.93879184,-3.9998106,100.0,40.46059614,10.080721600000953,11.701307260001103,8.340931640000788,6.3607103200006,23.52242506000222,1940.2177023600009,-1.01102994,-0.0073973199999999,0.0029948000000001,0.3579423200000001,1.657914299999999,4.95546796,10.0,-15.0,26.055906140000005,100.0,33.420559080000004,22.74483870000095,14.146850420000568,12.617333500000507,15.178401480000613,40.66712292000164,1402.80585656,-0.99680058,0.0453347599999999,-0.0235929199999999,-1.8096778199999988,-1.0096499599999995,0.8914847399999994,-31.464759300000004,36.56099546,-40.0,100.0,33.96464764,85.70918229999992,62.83152195999991,61.73528579999992,63.39251747999991,191.3252990599997,1422.8120158000002,-0.9996653,-0.07337176,0.0285535,5.30672428,1.7565187400000009,2.014,-3.019321800000002,16.0,-94.0193218,100.0,32.30042908,33.7784430200002,43.33194254000026,48.10869180000029,25.93092626000016,106.11207832000063,1531.82935902,-1.04268868,-0.0424077199999998,0.0298558799999999,-5.13927578,-8.297642139999997,0.3025698200000012,-14.0,37.0,67.0,100.0,32.62670228,46.24625940000074,1.117059080000018,0.8936474400000143,0.8936474400000143,2.45753068000004,1668.8397532200008,-0.98680466,0.1541522799999997,-0.0189256799999999,2.8602496199999994,1.6567503800000007,4.019249619999999,-5.99930412,30.00069588,38.0,100.0,33.02926896,201.4373596799988,4.641381999999972,3.7131053999999777,3.7131053999999777,10.21103965999994,1373.3416924800017,432,X1.5903 Y1.6945 Z-0.0236
16:29:19.787,5,435,1.56647,1.6951,-0.0245,87.3496,59.94078,-26.6148,,185.42,0,0,,2,1,"{""sr"":{""mpox"":87.3496,""mpoy"":59.94078,""mpoz"":-26.6148,""mpoa"":0,""posx"":1.56647,""posy"":1.6951,""posz"":-0.0245,""posa"":0,""unit"":0,""stat"":5,""coor"":2,""momo"":1,""dist"":0,""home"":1,""mots"":1,""plan"":0,""line"":435,""path"":2,""frmo"":2,""prbe"":1,""safe"":0,""estp"":0,""spc"":1,""hold"":0,""macs"":5,""cycs"":1,""sps"":12000,""feed"":185.42,""mark"":153225072}}",5.171506062335157,0.1974256880899327,0.1806085549074523,0.1965116858616167,5.171506062335157,0.1974256880899327,0.1806085549074523,0.1965116858616167,-0.904008859999985,0.359534020000013,-0.0682805400000085,2.1819904199997224,2.6520501199999917,1.2210540000000405,10.443440639999851,7.773763899999413,3.33032247999956,100.0,40.45221684,126.85956576001196,152.54279134001436,108.18085668001018,82.49763188000777,305.0855819000287,1699.1896682800275,-1.0133284600000014,-0.0140268400000003,0.0155578200000035,0.3158754599999745,1.9107440200000327,4.861162000000008,10.0,-15.0,26.052141440000007,100.0,33.427428340000006,155.24249192001335,86.90608416000748,77.24985224000666,92.848380220008,248.83365958002145,1209.1401330600102,-0.9912759000000004,0.0437062800000002,-0.0149498200000019,-1.7562924400000193,-0.9662040800000008,0.831484360000002,-32.35250946000008,37.0,-39.188166659999936,100.0,33.96094094,67.52062251999843,50.98495943999881,50.98495943999881,51.90360775999879,157.54811813999632,1230.1332723600078,-1.0103490000000004,-0.0778727800000007,0.0223688200000004,5.326434500000001,1.693173699999999,1.9694345000000015,-3.5994314400000262,16.0,-94.6699938,100.0,32.31400606,77.25675810000298,76.79775194000335,85.11922608000376,46.226762260002005,188.29194928000825,1316.600990040002,-0.9633798799999956,-0.0592552000000048,-0.0072730400000011,-5.201747120000008,-8.161583280000002,0.4457147200000064,-13.673759560000049,37.0,66.67375956000004,100.0,32.62592326,140.30489452000958,3.368798360000232,2.695039020000185,2.695039020000185,7.41135650000051,1266.882665260001,-1.012804320000002,0.1429009399999991,-0.0168234399999994,2.8272668800000136,1.70911726,3.9667657,-5.0,30.229331919999925,38.22741109999993,100.0,33.01772554,49.57558523998423,1.137054939999638,0.9096438399997104,0.9096438399997104,2.501520199999204,1209.5343803200203,435,X1.5643 Y1.695 Z-0.0246
16:29:20.043,5,439,1.53574,1.68885,-0.02561,86.5689,59.7821,-26.64295,,185.42,0,0,,2,1,"{""sr"":{""mpox"":86.5689,""mpoy"":59.7821,""mpoz"":-26.64295,""mpoa"":0,""posx"":1.53574,""posy"":1.68885,""posz"":-0.02561,""posa"":0,""unit"":0,""stat"":5,""coor"":2,""momo"":1,""dist"":0,""home"":1,""mots"":1,""plan"":0,""line"":439,""path"":2,""frmo"":2,""prbe"":1,""safe"":0,""estp"":0,""spc"":1,""hold"":0,""macs"":5,""cycs"":1,""sps"":12000,""feed"":185.42,""mark"":153225072}}",5.135030020429542,0.1992410177920059,0.1968823490310429,0.2029983294708754,5.135030020429542,0.1992410177920059,0.1968823490310429,0.2029983294708754,-0.8964480199999922,0.5326026000000121,-0.0421534199999993,0.4259030600001504,-0.1015608000001253,1.1394539200000038,10.636514560000249,3.617567780000437,3.719253219999689,100.0,40.45342598,55.52061185998993,66.80263143998786,47.61828617999135,36.3132253399934,133.95072009997568,2136.122631720036,-1.0019262199999994,-0.0115364600000006,-0.0145289400000018,0.4992588199999956,1.989944800000024,4.985672020000004,10.639053560000054,-14.955907379999996,25.044092620000004,100.0,33.42955912,79.62875225998812,42.54762513999361,37.53846361999437,45.47929193999318,121.2781120599818,1243.4842796400014,-0.98762446,0.0366493400000001,-0.0103239800000007,-1.6407880400000077,-0.952800200000006,0.8159231200000022,-31.624209199999964,37.0,-39.770115779999934,100.0,33.97145894,88.94048974000175,57.908410220000974,58.43010726000098,59.47350202000099,179.98559852000304,1473.81536208,-1.0050820399999998,-0.0761328400000001,0.0136875200000003,5.471778519999992,1.6958885800000023,2.0406670999999945,-4.0,16.0,-94.88646455999996,100.0,32.31550672,57.17695831999706,58.06342287999701,63.38220927999674,35.015346839998195,140.50461815999276,1575.5175481000183,-0.9980813200000012,-0.0292896799999997,0.0217851200000011,-5.193084099999989,-8.427459639999995,0.3011651400000007,-13.462477519999949,37.60038746000004,67.39961253999995,100.0,32.629371340000006,83.91857907999173,1.998061379999803,1.5984488399998429,1.5984488399998429,4.395734979999567,1787.4495443800065,-1.0018909200000006,0.1123309799999999,-0.0150971799999994,2.848087480000004,1.6481819,3.928831979999985,-5.657172820000062,30.99701786,37.68863715999988,100.0,33.01002992,141.95823992001326,3.285863460000307,2.6286903000002457,2.6286903000002457,7.228898740000676,1343.7429444799925,439,X1.5305 Y1.687 Z-0.0258
16:29:20.302,5,442,1.50771,1.67493,-0.02669,85.85684,59.42841,-26.67047,,185.42,0,0,,2,1,"{""sr"":{""mpox"":85.85684,""mpoy"":59.42841,""mpoz"":-26.67047,""mpoa"":0,""posx"":1.50771,""posy"":1.67493,""posz"":-0.02669,""posa"":0,""unit"":0,""stat"":5,""coor"":2,""momo"":1,""dist"":0,""home"":1,""mots"":1,""plan"":0,""line"":442,""path"":2,""frmo"":2,""prbe"":1,""safe"":0,""estp"":0,""spc"":1,""hold"":0,""macs"":5,""cycs"":1,""sps"":12000,""feed"":185.42,""mark"":153225072}}",5.129372052679867,0.2051312434731021,0.2144475845489172,0.2053746362299609,5.129372052679867,0.2051312434731021,0.2144475845489172,0.2053746362299609,-0.9452084399999984,0.4924510800000136,-0.0339191200000001,1.6137975600000083,1.219275039999867,1.1282658400000027,8.560690919999864,11.64161247999968,-11.08092155999982,100.0,40.4552022,75.32383860000714,93.55508632000884,66.6879846000063,50.85558572000482,187.58994248001773,1756.0525912400292,-1.00974776,-0.00210468,0.0156430799999999,0.4547669199999972,1.720157080000006,4.847646680000002,10.0,-15.0,26.45518915999996,100.0,33.44,65.15448904000534,56.94984924000467,50.67571392000416,60.81085620000499,162.64490944001335,1403.3656792400136,-0.98831752,0.0305573999999998,-0.0057018399999998,-1.569193920000001,-0.8941542400000088,0.8877843200000032,-31.497128480000008,36.77754192000002,-39.72532959999997,100.0,33.97274656,77.442224959999,55.81874691999927,56.82448991999926,57.32736143999925,173.99357139999773,1470.1624039199887,-1.0067022,-0.07698652,0.0277855999999991,5.370522519999999,1.8717153200000016,1.992904800000004,-3.4933592000000164,16.0,-94.0,100.0,32.31506684,64.60280308000245,65.12340268000217,70.71662200000233,39.46872908000132,157.54782508000525,1479.4284424800176,-1.00204716,-0.0358527999999997,0.0203299199999996,-5.206446280000013,-8.157427159999997,0.2893477200000037,-13.389749440000037,38.0,66.0,100.0,32.618016,101.06762584000592,2.4272102000001428,1.9417677600001144,1.9417677600001144,5.339861840000314,1810.202438480028,-1.00387488,0.1298192400000002,-0.0161669999999996,2.9333889199999943,1.6530831599999891,3.9750482799999833,-6.0,30.00694356,38.04166619999991,100.0,33.00531288,111.23267147999044,2.586806319999777,2.069444759999822,2.069444759999822,5.690973719999511,1222.475637640006,442,X1.5075 Y1.6748 Z-0.0267
16:29:20.565,5,446,1.4838,1.6536,-0.02787,85.24965,58.88668,-26.70031,,185.42,0,0,,2,1,"{""sr"":{""mpox"":85.24965,""mpoy"":58.88668,""mpoz"":-26.70031,""mpoa"":0,""posx"":1.4838,""posy"":1.6536,""posz"":-0.02787,""posa"":0,""unit"":0,""stat"":5,""coor"":2,""momo"":1,""dist"":0,""home"":1,""mots"":1,""plan"":0,""line"":446,""path"":2,""frmo"":2,""prbe"":1,""safe"":0,""estp"":0,""spc"":1,""hold"":0,""macs"":5,""cycs"":1,""sps"":12000,""feed"":185.42,""mark"":153225072}}",5.309130086685131,0.2087927516485623,0.2099477756459382,0.2074210661393242,5.309130086685131,0.2087927516485623,0.2099477756459382,0.2074210661393242,-1.0095474599999965,0.6023024399999986,-0.0055838799999967,2.7352237199997886,1.864440920000104,1.1124200000000042,11.334978359999797,16.78254319999993,5.237489179999455,100.0,40.45780638,130.7269086599886,151.7350121799868,108.15937595999058,82.48125073999282,304.2468769599735,1616.0589879400472,-1.0004603400000005,-0.0130570999999995,0.0069812800000014,0.498458619999988,1.9388962000000107,4.899543120000004,10.0,-15.0,25.014939540000004,100.0,33.44,138.76861083998915,87.76114495999302,78.0925447199938,93.71105363999254,250.63988107998009,1089.0198769600102,-0.9932119799999996,0.0436837599999999,-0.012497999999999,-1.6485450199999894,-0.8166553800000018,0.8236886800000096,-31.33482201999997,36.46008210000001,-41.28939751999991,100.0,33.96334854,68.84367106000165,50.60900098000105,51.98924594000109,52.44932826000109,159.1883118400033,1388.7822391000032,-1.0027839600000004,-0.0711455799999999,0.0195802799999989,5.282610659999992,1.7855944399999937,2.0446376199999974,-3.4007982200000244,16.25112957999998,-94.85033135999996,100.0,32.31348092,72.50343325999704,79.69385671999675,86.28507839999648,48.53535609999802,192.3438198399921,1448.5553303999989,-1.01347288,-0.0250456999999997,0.0256498999999999,-5.3778468,-7.976406500000009,0.5098400600000068,-13.141747839999988,37.0,66.85825216,100.0,32.61141726,141.28088467999103,3.396175279999784,2.7169401999998275,2.7169401999998275,7.471585079999526,1614.050124280009,-0.9986950600000012,0.1052493399999997,-0.0135701799999995,2.8701099400000003,1.64689006,3.946872960000012,-6.0,30.217284760000062,37.0,100.0,33.01,49.151863880014446,1.1319029200003323,0.905522360000266,0.905522360000266,2.490186180000733,1258.777237640012,446,X1.4819 Y1.6514 Z-0.028
16:29:20.822,5,450,1.4667,1.62765,-0.02898,84.81531,58.22755,-26.72847,,185.42,0,0,,2,1,"{""sr"":{""mpox"":84.81531,""mpoy"":58.22755,""mpoz"":-26.72847,""mpoa"":0,""posx"":1.4667,""posy"":1.62765,""posz"":-0.02898,""posa"":0,""unit"":0,""stat"":5,""coor"":2,""momo"":1,""dist"":0,""home"":1,""mots"":1,""plan"":0,""line"":450,""path"":2,""frmo"":2,""prbe"":1,""safe"":0,""estp"":0,""spc"":1,""hold"":0,""macs"":5,""cycs"":1,""sps"":12000,""feed"":185.42,""mark"":153225072}}",5.26587274866414,0.2005022802948392,0.2075755642883054,0.2248989771951633,5.26587274866414,0.2005022802948392,0.2075755642883054,0.2248989771951633,-1.0092556000000033,0.5789789600000051,-0.028492440000003,-2.171075320000156,1.692616560000065,1.109404599999995,13.91517392000004,16.248571920000355,19.573099960000203,100.0,40.45,14.77024755999304,16.263867999992314,11.534069919994549,8.79576555999586,32.527736999984626,2264.763714120004,-1.00259044,-0.0270374400000005,-0.0248642800000001,0.4259496000000005,1.6310586799999884,4.979335280000007,9.0,-15.0,25.00573984,100.0,33.44,32.740672719991764,16.097497319995966,14.187624759996444,17.1888535599957,45.83694215998853,1229.3969192799975,-0.9923461999999998,0.0345495199999993,0.0055113600000003,-1.8452578000000144,-0.9294100400000016,0.885628960000002,-31.606537159999984,37.0,-40.0,100.0,33.97951416,79.78678680000102,61.37445112000079,63.04830016000081,63.60624948000081,193.05054688000249,1438.978247799986,-1.0082668400000003,-0.0769646800000003,0.0460458400000006,5.141165759999999,1.719493919999996,1.9564574399999983,-3.3515619199999844,16.648438080000016,-94.35156192,100.0,32.3176182,67.17280487999895,47.10932483999793,50.62494563999777,28.47653223999875,113.20300419999502,1592.4342923199997,-1.0053988400000011,-0.0601234799999994,0.0026960000000002,-5.116895800000011,-8.349627600000007,0.4504713200000073,-14.0,37.759995000000025,67.0,100.0,32.61517224,50.09334179999455,1.2000229999998693,0.9600180799998954,0.9600180799998954,2.640050079999712,1636.7403197599938,-0.9936185999999988,0.1092692000000003,-0.0098709199999996,2.817263199999995,1.635985480000007,4.083517760000003,-6.0087236,30.00814752,37.92057608000004,100.0,33.01991236,199.8218598000086,4.562142720000196,3.649714160000157,3.649714160000157,10.036714840000432,1281.1336869199886,450,X1.464 Y1.6218 Z-0.0292
16:29:21.080,5,453,1.45676,1.59798,-0.03006,84.56294,57.47395,-26.75598,,185.42,0,0,,2,1,"{""sr"":{""mpox"":84.56294,""mpoy"":57.47395,""mpoz"":-26.75598,""mpoa"":0,""posx"":1.45676,""posy"":1.59798,""posz"":-0.03006,""posa"":0,""unit"":0,""stat"":5,""coor"":2,""momo"":1,""dist"":0,""home"":1,""mots"":1,""plan"":0,""line"":453,""path"":2,""frmo"":2,""prbe"":1,""safe"":0,""estp"":0,""spc"":1,""hold"":0,""macs"":5,""cycs"":1,""sps"":12000,""feed"":185.42,""mark"":153225072}}",5.22287082904542,0.1994656141113949,0.2095671366362361,0.2134180493652239,5.22287082904542,0.1994656141113949,0.2095671366362361,0.2134180493652239,-0.9161080799999946,-0.0231349600000023,-0.0462435999999998,0.7487899199997525,-0.0394922800000703,1.2358367999999926,14.08107799999996,9.16215599999992,22.83784400000008,100.0,40.4491892,154.37893252000666,180.1087550400078,127.73018792000552,97.40575540000422,360.21750916001554,1350.6475231199863,-1.0119769199999995,0.003472560000001,-0.0035912000000018,0.4827261199999949,2.046655880000016,4.769163399999998,9.925189520000036,-14.133830319999966,25.05901984,100.0,33.43133872,123.86221768000496,102.20798376000408,90.0816124000036,108.27116860000432,290.1667326000116,1017.0857885199888,-0.9788516799999998,0.0473490400000004,-0.01628664,-1.8982939999999928,-0.918084799999999,1.0389775600000035,-31.55928092000001,36.474896199999975,-40.49092668000005,100.0,33.980341759999995,70.95570643999908,48.479053919999366,49.80121023999936,50.24192931999935,152.48866135999802,1597.1115077999943,-1.0092593999999993,-0.07699088,0.005042519999999,5.381272480000009,1.998007159999996,2.073441600000001,-3.270920680000024,15.591238560000203,-91.5985264800012,100.0,32.32322016,90.56095264000206,87.42650712000193,93.95087316000208,52.84736652000117,209.43215568000463,1318.632176599995,-0.9870929200000008,-0.0304174400000005,0.0149266000000006,-5.08864232000001,-8.169104479999985,0.4125461600000015,-10.68265884000035,28.995788520000943,51.8872010400017,100.0,32.61236928,157.20262220000515,3.8152350000001247,3.0521880000001,3.0521880000001,8.393517840000275,1354.129377639999,-1.005099960000001,0.0962700799999998,-0.01899488,2.641165039999993,1.7753053599999975,4.0835701600000025,-6.00102024,30.0,37.08799479999996,100.0,33.0191302,18.69952427999163,0.4348727999998052,0.3478982399998442,0.3478982399998442,0.9567200799995718,945.122330039992,453,X1.4565 Y1.5968 Z-0.0301
16:29:21.338,5,457,1.45488,1.56679,-0.03119,84.51516,56.68175,-26.7847,,185.42,0,0,,2,1,"{""sr"":{""mpox"":84.51516,""mpoy"":56.68175,""mpoz"":-26.7847,""mpoa"":0,""posx"":1.45488,""posy"":1.56679,""posz"":-0.03119,""posa"":0,""unit"":0,""stat"":5,""coor"":2,""momo"":1,""dist"":0,""home"":1,""mots"":1,""plan"":0,""line"":457,""path"":2,""frmo"":2,""prbe"":1,""safe"":0,""estp"":0,""spc"":1,""hold"":0,""macs"":5,""cycs"":1,""sps"":12000,""feed"":185.42,""mark"":153225072}}",5.378085046512642,0.201925829461912,0.1985289205959431,0.2019946289840049,5.378085046512642,0.201925829461912,0.1985289205959431,0.2019946289840049,-1.0477692399999972,0.1512032399999978,0.0452516399999977,1.850961759999869,2.9432557600000013,1.03810052,7.724171240000068,14.766340999999978,14.231083960000024,100.0,40.4000168,41.2215472400039,46.73767168000442,33.31525696000315,25.4058795600024,93.71413984000888,1797.9400122800023,-0.9969684400000002,-0.0108606400000001,-0.0054112400000005,0.3059948400000016,1.8709958799999973,4.9408308,9.051950559999998,-14.72393623999998,25.0,100.0,33.45,62.96912952000471,32.3514134400023,28.710633760002047,34.50797296000246,91.98119104000656,1060.623591400002,-0.98266604,0.0367142399999999,0.0122306000000002,-1.8980246799999965,-1.147441279999999,0.9096176799999994,-31.89705871999999,37.0,-40.51052515999998,100.0,33.99,77.98419323999953,59.16042235999964,60.77388879999963,61.31171119999964,185.98347939999888,1370.538621879997,-1.01250328,-0.0712375999999999,0.0129617599999995,5.302637879999997,2.0169124800000007,1.9866047999999967,-3.594279239999992,16.516964919999985,-95.0,100.0,32.31077304,73.84111708000148,53.96081636000108,58.42374116000117,32.86335412000066,130.23625648000262,1777.5869198400037,-0.9640183600000004,-0.0357433599999999,0.0012377200000001,-5.035566080000015,-8.186622039999989,0.4505810000000037,-13.0,38.0,67.90962368,100.0,32.619548079999994,70.08712896000297,1.676725800000071,1.341380840000057,1.341380840000057,3.6887958000001566,1762.685115560008,-1.0058553199999996,0.1155469200000001,-0.0145087600000001,2.8993791999999976,1.7090620800000056,4.134958879999999,-6.249517480000022,31.0,37.0,100.0,33.01246548,163.49319255999518,3.767124319999889,3.0136993999999118,3.0136993999999118,8.287673559999757,1672.0199472400063,457,X1.4552 Y1.5622 Z-0.0314
16:29:21.595,5,461,1.46106,1.53612,-0.03232,84.67201,55.90281,-26.81356,,185.42,0,0,,2,1,"{""sr"":{""mpox"":84.67201,""mpoy"":55.90281,""mpoz"":-26.81356,""mpoa"":0,""posx"":1.46106,""posy"":1.53612,""posz"":-0.03232,""posa"":0,""unit"":0,""stat"":5,""coor"":2,""momo"":1,""dist"":0,""home"":1,""mots"":1,""plan"":0,""line"":461,""path"":2,""frmo"":2,""prbe"":1,""safe"":0,""estp"":0,""spc"":1,""hold"":0,""macs"":5,""cycs"":1,""sps"":12000,""feed"":185.42,""mark"":153225072}}",5.246861415098168,0.2020429361770743,0.2005763882144327,0.1847261222575456,5.246861415098168,0.2020429361770743,0.2005763882144327,0.1847261222575456,-0.9648076000000008,0.2674505999999992,-0.0114238999999988,-0.8771121200000137,0.7209500200000221,1.3049737999999993,12.379912659999988,19.146335159999964,2.4781505400000454,100.0,40.39998898,99.0358564400018,120.7026302400022,86.03931058000158,65.61271146000121,242.02314838000444,1790.6685782400016,-1.00113484,-0.0125677000000001,-0.0079965000000002,0.1514447599999965,2.089634119999999,4.909419079999999,3.944634699999901,-5.916951979999851,9.467123119999762,100.0,33.45,113.23533304000183,70.84777480000116,62.370263600001024,75.08653140000123,201.0381312400033,1357.9999174600043,-0.98892,0.0382377999999999,-0.0086989,-1.875978379999999,-1.004770379999999,0.94760068,-31.0,37.0,-40.609652699999984,100.0,33.985180480000004,70.84772475999976,53.01530445999983,53.97921895999983,54.94313345999982,165.79331487999943,1595.3933620200016,-1.00234762,-0.07804824,0.03853616,5.414886520000001,1.7045164000000017,2.044855220000001,-4.0,16.0,-95.33552454,100.0,32.31878096,88.55452988000047,71.61997924000053,78.00898680000059,43.28414834000033,173.50229258000132,1268.4307866399995,-1.0008212800000005,-0.0315372199999999,0.0175441800000001,-5.0881567200000015,-8.125788159999995,0.4448729800000017,-13.0,38.07021982,67.0,100.0,32.61929776,119.73941536000147,2.8662589200000355,2.2930070600000287,2.2930070600000287,6.305770320000079,1543.1518567000037,-0.9961420600000002,0.11793852,-0.0151097399999999,2.9576148600000027,1.564367740000001,4.041909200000002,-6.0,30.0,36.0033269,100.0,33.02380976,83.78351113999759,1.921640199999944,1.5373119599999554,1.5373119599999554,4.227608259999878,1121.524322100002,461,X1.4639 Y1.5287 Z-0.0326
16:29:21.851,5,464,1.47496,1.50813,-0.03341,85.02522,55.19176,-26.84107,,185.42,0,0,,2,1,"{""sr"":{""mpox"":85.02522,""mpoy"":55.19176,""mpoz"":-26.84107,""mpoa"":0,""posx"":1.47496,""posy"":1.50813,""posz"":-0.03341,""posa"":0,""unit"":0,""stat"":5,""coor"":2,""momo"":1,""dist"":0,""home"":1,""mots"":1,""plan"":0,""line"":464,""path"":2,""frmo"":2,""prbe"":1,""safe"":0,""estp"":0,""spc"":1,""hold"":0,""macs"":5,""cycs"":1,""sps"":12000,""feed"":185.42,""mark"":153225072}}",5.206375755832225,0.2022228332317053,0.2054929206134455,0.2111766306099228,5.206375755832225,0.2022228332317053,0.2054929206134455,0.2111766306099228,-0.9186515,0.26031,-0.0048854999999999,2.3405515,2.9226695,1.1294145,6.530808,9.543848,6.5246770000000005,100.0,40.3999975,80.2323505,97.6741655,69.268924,52.82378399999999,194.849994,2324.8870005,-1.0064295,-0.005972,0.016658,0.431081,2.0929335,4.913454000000001,10.0,-14.965791,25.933098,100.0,33.45,115.090611,58.087916500000006,51.111515,61.593222,164.783559,1333.522822,-0.99178,0.0394285,-0.0020815,-1.8005215,-0.9199725,0.9769105,-31.785555,37.0,-38.5725775,100.0,33.985711,70.3857215,55.080687,55.867709,56.582887500000005,171.53715100000002,1647.745399,-1.005983,-0.075118,0.035058,5.3931005,1.940864,2.075,-4.0,16.8405755,-94.1594245,100.0,32.311594,98.192314,65.6285365,71.640311,39.5775145,159.31202000000002,1591.9572985,-1.0078785,-0.0357785,0.015168,-5.2582075,-8.2840665,0.468771,-13.0,38.0,66.0925325,100.0,32.6168475,103.56063249999998,2.5014645,2.0011715000000003,2.0011715000000003,5.503222000000001,1655.3165385000002,-1.002499,0.1150955,-0.015464,2.7774965,1.8019,3.9678365,-6.5045905,30.4954095,36.5045905,100.0,33.0150005,107.4923785,2.4997175,2.004308,1.999774,5.503912,1414.789827,464,X1.4764 Y1.5059 Z-0.0335
16:29:22.109,5,468,1.49562,1.48466,-0.03452,85.54979,54.59556,-26.86937,,185.42,0,0,,2,1,"{""sr"":{""mpox"":85.54979,""mpoy"":54.59556,""mpoz"":-26.86937,""mpoa"":0,""posx"":1.49562,""posy"":1.48466,""posz"":-0.03452,""posa"":0,""unit"":0,""stat"":5,""coor"":2,""momo"":1,""dist"":0,""home"":1,""mots"":1,""plan"":0,""line"":468,""path"":2,""frmo"":2,""prbe"":1,""safe"":0,""estp"":0,""spc"":1,""hold"":0,""macs"":5,""cycs"":1,""sps"":12000,""feed"":185.42,""mark"":153225072}}",5.413239848063652,0.2004721224771046,0.2026668068761603,0.2039308419940849,5.413239848063652,0.2004721224771046,0.2026668068761603,0.2039308419940849,-0.9726241200000068,0.4749776600000164,0.0110666999999961,5.505139059999886,1.7641003000000572,1.1001801399999886,13.980656820000188,19.301095140000317,15.7182480399995,100.0,40.4,56.40363981998963,66.25728779998782,47.22955385999133,36.01678185999339,132.85435709997557,1954.1204699400344,-1.0001050799999982,-0.0199807200000006,0.0118807399999992,0.4153021799999923,1.545728280000006,4.928286779999993,10.360233099999943,-15.0,26.0,100.0,33.4497807,83.57411771998734,41.42682575999373,36.74379279999444,43.94845811999335,117.79627715998215,1357.1433282199982,-0.9917866799999996,0.0430564600000006,0.007601440000001,-1.9587941199999908,-1.1334046400000015,0.9538803599999944,-31.76300112000002,37.0,-39.0,100.0,33.9980569,82.8924962000014,57.34701002000097,57.86834614000097,58.389682580000986,177.254394200003,1410.3807578199996,-1.0113585399999994,-0.0726274599999995,0.0397948400000008,5.416711479999998,1.6762001000000029,2.0198374599999984,-3.230355099999957,16.0,-95.0,100.0,32.3323035,87.58726337999681,57.020045339997125,62.76625151999684,34.26557605999824,139.46535007999293,1502.8592224000065,-0.9918897200000032,-0.0629202200000017,0.0008767599999986,-5.143599439999973,-8.139684780000001,0.2513237399999887,-13.0,38.122501940000014,67.32347826000009,100.0,32.61230522,81.99038069999202,1.997557879999803,1.5980466999998426,1.5980466999998426,4.394627939999567,1658.085459140013,-1.041535860000003,0.0901069199999983,-0.0075088999999989,2.888211540000019,1.52755364,4.045295300000007,-6.345500319999939,30.0,36.00848892,100.0,33.02,140.71738374001313,3.272497080000306,2.617998060000245,2.617998060000245,7.853993520000733,1354.22593220001,468,X1.5002 Y1.4807 Z-0.0348
16:29:22.366,5,471,1.52157,1.46724,-0.03568,86.20892,54.15318,-26.89865,,185.42,0,0,,2,1,"{""sr"":{""mpox"":86.20892,""mpoy"":54.15318,""mpoz"":-26.89865,""mpoa"":0,""posx"":1.52157,""posy"":1.46724,""posz"":-0.03568,""posa"":0,""unit"":0,""stat"":5,""coor"":2,""momo"":1,""dist"":0,""home"":1,""mots"":1,""plan"":0,""line"":471,""path"":2,""frmo"":2,""prbe"":1,""safe"":0,""estp"":0,""spc"":1,""hold"":0,""macs"":5,""cycs"":1,""sps"":12000,""feed"":185.42,""mark"":153225072}}",5.426289805115728,0.2069825291482115,0.2040576630429056,0.20247153729773,5.426289805115728,0.2069825291482115,0.2040576630429056,0.20247153729773,-0.8927261999999928,0.0913636000000009,-0.0376582000000031,-1.3533674000000395,0.4600739999999709,1.2574460000000034,13.00779119999986,3.7971987999998857,12.218550399999687,100.0,40.4280258,131.57481280000465,155.4971774000055,110.84157780000396,83.72930520000297,311.79172040001106,2034.834969600012,-1.0068814,-0.0063871999999995,0.0098288000000009,0.3367155999999901,2.1145986000000088,4.959313599999999,10.0,-15.0,26.237385999999976,100.0,33.4574896,129.08665440000414,86.9516514000028,77.03767000000249,93.038903800003,247.863198400008,1250.5400616000002,-0.9970858,0.0434258000000004,0.0088168,-1.6166153999999946,-0.9280465999999956,0.9089006000000012,-31.885492800000016,37.0,-39.772531199999975,100.0,34.0,72.2372473999994,50.21311019999955,49.87113499999953,50.784100599999526,153.9492185999986,1634.0652398000054,-1.0128149999999998,-0.0717602000000002,0.0266751999999993,5.346142200000004,1.7671223999999968,2.065680600000004,-4.0,15.86416500000002,-95.6094354,100.0,32.3360944,115.79274960000194,77.3983118000013,85.93040860000146,46.31710000000078,190.1438838000032,1659.656979600003,-0.9892246,-0.0438280000000001,-0.0019876,-5.219076399999999,-7.906817599999996,0.4962616000000065,-13.0,38.0,67.68924020000001,100.0,32.6232658,141.98345160000372,3.4462004000000896,2.756960200000072,2.756960200000072,7.581640200000198,1699.3552154000065,-1.0005089999999988,0.114802200000001,-0.0249301999999999,2.6157776000000017,1.7834214000000068,3.9537456000000017,-7.0,30.802530200000028,37.20737459999997,100.0,33.0060506,45.42502379999394,1.0368749999998617,1.0368749999998617,0.8295001999998893,2.488499999999666,1373.9259392000033,471,X1.5222 Y1.4669 Z-0.0357
16:29:22.624,5,475,1.55119,1.4572,-0.03676,86.96126,53.89819,-26.92616,,185.42,0,0,,2,1,"{""sr"":{""mpox"":86.96126,""mpoy"":53.89819,""mpoz"":-26.92616,""mpoa"":0,""posx"":1.55119,""posy"":1.4572,""posz"":-0.03676,""posa"":0,""unit"":0,""stat"":5,""coor"":2,""momo"":1,""dist"":0,""home"":1,""mots"":1,""plan"":0,""line"":475,""path"":2,""frmo"":2,""prbe"":1,""safe"":0,""estp"":0,""spc"":1,""hold"":0,""macs"":5,""cycs"":1,""sps"":12000,""feed"":185.42,""mark"":153225072}}",5.408371834377189,0.2066606274718717,0.2050022783115901,0.2080154671962398,5.408371834377189,0.2066606274718717,0.2050022783115901,0.2080154671962398,-1.008437959999999,0.2085421999999947,0.0387567200000066,1.4382233600000554,0.2659149199998293,1.1016732799999944,13.087647799999818,12.0,-0.5617629600009028,100.0,40.44956204,7.53768503998448,8.545630319982413,6.047677399987532,4.60149315999051,17.047438199964883,2302.152413720097,-1.0013848399999998,-0.0080458799999998,0.0149267199999994,0.7134487200000135,1.7383231200000242,4.83512559999999,10.893848320000084,-15.0,26.893848320000085,100.0,33.47893856,23.962224319981868,11.774541559991093,10.431830079992103,12.497538879990543,33.46448507997468,1739.7626388000394,-0.99087324,0.0473708400000004,-0.0095377199999997,-1.6746299599999992,-0.910485359999992,0.9247207599999984,-31.022859519999948,37.0,-38.0,100.0,33.9902286,91.27805668000208,61.97892740000141,60.85203776000138,62.54237220000142,188.7540062400043,1525.0051849600115,-1.0021041999999998,-0.0741226800000001,0.0226751199999996,5.16790195999999,1.7515642799999862,2.0173246399999925,-3.334103559999967,16.02725107999994,-95.66589644000004,100.0,32.32945496,72.07858135999527,41.79016415999583,47.10856615999536,24.75089611999751,102.95832027998976,1662.804264800027,-0.977729599999998,-0.0874627200000053,0.0302874799999993,-5.018578560000007,-8.182038559999981,0.4172827200000095,-13.0,38.032584999999926,66.82534335999999,100.0,32.61650656,42.62659547998828,1.0362082799997123,0.8289665999997701,0.8289665999997701,2.279657239999367,1476.8398073599924,-0.9744889199999954,0.1321379600000011,-0.0299680000000017,2.8719549999999945,1.8226792800000164,4.031501239999995,-6.04845011999991,30.951549880000087,37.951549880000094,100.0,33.00969424,206.48635732001927,4.757750360000445,4.757750360000445,3.806200480000356,11.418600480001068,1659.4739380000524,475,X1.5552 Y1.4564 Z-0.0369
16:29:22.881,5,479,1.58239,1.4551,-0.03786,87.75395,53.84471,-26.95403,,185.42,0,0,,2,1,"{""sr"":{""mpox"":87.75395,""mpoy"":53.84471,""mpoz"":-26.95403,""mpoa"":0,""posx"":1.58239,""posy"":1.4551,""posz"":-0.03786,""posa"":0,""unit"":0,""stat"":5,""coor"":2,""momo"":1,""dist"":0,""home"":1,""mots"":1,""plan"":0,""line"":479,""path"":2,""frmo"":2,""prbe"":1,""safe"":0,""estp"":0,""spc"":1,""hold"":0,""macs"":5,""cycs"":1,""sps"":12000,""feed"":185.42,""mark"":153225072}}",5.157207188699672,0.1959817325764068,0.2022040969558363,0.2095865977791041,5.157207188699672,0.1959817325764068,0.2022040969558363,0.2095865977791041,-1.018855900000004,0.2556170999999921,0.015885600000002,3.883363699999888,0.7384458000001327,1.007536000000013,10.201191600000085,-0.0961273000000428,14.299106300000128,100.0,40.44999730000001,151.14995729999285,174.54221279999172,124.15889339999411,94.46872319999552,349.08442559998343,1458.5001707999972,-0.9899914,-0.0120620999999997,0.0039864999999992,0.5304953999999874,1.9388575000000037,4.987024099999996,10.945829900000003,-15.0,26.0,100.0,33.479610099999995,213.16404349999075,96.3501478999958,85.26561719999629,102.31874029999554,274.555287499988,1285.592527799988,-0.9991683999999996,0.0427202999999999,-0.0306871999999995,-1.7770904999999992,-0.975124200000003,0.9500451999999996,-32.0,37.0,-38.55811659999999,100.0,33.9904274,70.25940700000099,48.60713680000068,47.281487500000665,48.60713680000068,146.70517610000203,1545.2414367999934,-1.0049358999999998,-0.0667246000000005,0.0355460999999999,5.279771599999994,1.7392284000000051,2.014,-3.6421487999999846,16.0,-95.9679306,100.0,32.3235782,136.77776429999676,79.59442249999809,89.90087849999786,46.84481719999887,196.4334948999953,1709.4109989999806,-1.0270248999999994,0.0138220999999972,0.0297823999999998,-5.131084899999995,-8.267452099999995,0.427,-14.0,38.0,66.26571160000003,100.0,32.6128423,154.38620859999452,3.764160299999866,3.0113287999998923,3.0113287999998923,8.281152999999705,1751.0033356999768,-1.0141968999999993,0.1204987999999982,-0.0028957999999999,2.747,1.7092351,4.034369800000002,-6.108281800000042,30.10828180000004,36.21527900000008,100.0,33.0178472,23.53939370000917,0.5349860000002085,0.5349860000002085,0.4279888000001667,1.2839673000005003,1497.072406999984,479,X1.5898 Y1.4557 Z-0.0382
16:29:23.138,5,482,1.61303,1.46105,-0.03902,88.53197,53.99591,-26.98373,,185.42,0,0,,2,1,"{""sr"":{""mpox"":88.53197,""mpoy"":53.99591,""mpoz"":-26.98373,""mpoa"":0,""posx"":1.61303,""posy"":1.46105,""posz"":-0.03902,""posa"":0,""unit"":0,""stat"":5,""coor"":2,""momo"":1,""dist"":0,""home"":1,""mots"":1,""plan"":0,""line"":482,""path"":2,""frmo"":2,""prbe"":1,""safe"":0,""estp"":0,""spc"":1,""hold"":0,""macs"":5,""cycs"":1,""sps"":12000,""feed"":185.42,""mark"":153225072}}",5.343737135799826,0.2104618562816102,0.2062573697924749,0.2045397661778169,5.343737135799826,0.2104618562816102,0.2062573697924749,0.2045397661778169,-0.9574810799999982,0.0935749599999982,-0.0281693200000009,4.140568999999963,2.162170560000016,1.16,13.484432279999975,-4.515567720000023,22.0,100.0,40.42242232,39.96567543999813,46.9899455999978,33.42583755999844,25.43270231999881,94.22210683999558,1390.5920530799976,-0.9997355999999998,-0.0133466000000001,-0.0195989600000002,0.6206775200000018,1.6004773599999969,4.910451520000001,10.72501408000001,-15.0,26.22365551999999,100.0,33.47,53.44621787999794,31.07336347999889,27.498551799999017,32.99826163999882,88.27035039999684,912.2595276399992,-0.98962656,0.0435648000000001,-0.01483024,-1.8652974,-0.9917510799999985,0.8888596399999996,-32.0,36.8976388,-39.56224988,100.0,34.0,85.71869564000022,59.41222292000019,57.25177812000018,59.30986172000019,178.67441812000058,1218.5451956000024,-1.0143192,-0.07808976,0.0318129600000001,5.262513559999999,1.5748695199999965,2.0031664,-3.516296120000008,16.0,-95.40717916,100.0,32.30043924,70.0348453999993,49.67587835999949,56.59792683999943,28.90973215999971,122.96815803999876,1352.7516114400028,-1.00952864,-0.0258113599999999,0.0268715200000001,-5.288444279999995,-8.12910264,0.4942883999999984,-8.65981076000009,25.18028292000027,45.05945336000048,100.0,32.61,69.83372319999853,1.6868047599999645,1.3494437599999716,1.3494437599999716,3.7109705199999214,1439.0118834800032,-1.0052765200000002,0.1110131999999998,-0.01272732,2.746260079999997,1.7395146400000012,3.96753304,-7.0,30.75012000000001,36.75885696000001,100.0,33.02,164.15809620000243,3.765160760000056,3.765160760000056,3.012128360000044,9.036385840000133,1197.009018920003,482,X1.6151 Y1.4617 Z-0.0391
16:29:23.394,5,486,1.6411,1.47477,-0.04011,89.24507,54.34438,-27.01125,,185.42,0,0,,2,1,"{""sr"":{""mpox"":89.24507,""mpoy"":54.34438,""mpoz"":-27.01125,""mpoa"":0,""posx"":1.6411,""posy"":1.47477,""posz"":-0.04011,""posa"":0,""unit"":0,""stat"":5,""coor"":2,""momo"":1,""dist"":0,""home"":1,""mots"":1,""plan"":0,""line"":486,""path"":2,""frmo"":2,""prbe"":1,""safe"":0,""estp"":0,""spc"":1,""hold"":0,""macs"":5,""cycs"":1,""sps"":12000,""feed"":185.42,""mark"":153225072}}",5.181410864663822,0.1826149262996386,0.1899430079383814,0.2041254164982674,5.181410864663822,0.1826149262996386,0.1899430079383814,0.2041254164982674,-0.9377694400000008,0.307421240000003,-0.0245350799999991,-0.0166148000000135,1.915170639999999,1.060178119999999,11.636428120000016,-7.170983199999898,18.79812223999992,100.0,40.41998848,106.0324965600028,123.9174964800033,88.14749764000234,67.06874804000178,249.11133156000665,1911.606829440003,-1.0029902000000002,-0.0077824799999998,0.0037296800000003,0.5296583199999951,1.6847349600000054,5.022452120000001,10.04073408,-15.0,27.622681400000012,100.0,33.47,127.02699264000304,69.74030964000167,62.26813384000148,74.72176048000178,199.8807089200048,1182.6471739600008,-0.98900864,0.0348547200000001,-0.0031539600000002,-1.5399645999999965,-0.8708070399999988,0.98893728,-32.0,36.846384400000005,-39.63257919999999,100.0,34.00521036,78.54999643999959,52.68597335999973,50.77011959999973,52.20700975999973,158.05791971999918,1369.1636050399975,-1.01334644,-0.07242336,0.0256648399999998,5.378799999999998,1.627663,1.9271568799999983,-3.8847319600000056,16.448664759999993,-94.01259755999996,100.0,32.32,90.49397448000092,66.71155008000075,76.63558204000086,39.029525840000446,165.28526896000184,1484.6990265199986,-0.9975852799999996,-0.0376886799999999,0.0112804799999997,-5.2506930799999925,-8.319908400000005,0.3781762799999994,-13.521482240000012,38.0,67.52148224000001,100.0,32.60933472,121.58680904000222,2.940093760000054,2.352074880000043,2.352074880000043,6.468206760000119,1581.65566404,-1.0101362800000002,0.1267007199999999,-0.0116838000000001,2.769648919999999,1.747546560000001,4.104897000000002,-6.364887999999984,30.99679456,37.0,100.0,33.023648599999994,79.18068591999638,1.8244397199999165,1.8244397199999165,1.4595517199999333,4.3786557999998,1359.35568144,486,X1.6457 Y1.4779 Z-0.0403
16:29:23.654,5,489,1.66473,1.49522,-0.04119,89.84536,54.86396,-27.03877,,185.42,0,0,,2,1,"{""sr"":{""mpox"":89.84536,""mpoy"":54.86396,""mpoz"":-27.03877,""mpoa"":0,""posx"":1.66473,""posy"":1.49522,""posz"":-0.04119,""posa"":0,""unit"":0,""stat"":5,""coor"":2,""momo"":1,""dist"":0,""home"":1,""mots"":1,""plan"":0,""line"":489,""path"":2,""frmo"":2,""prbe"":1,""safe"":0,""estp"":0,""spc"":1,""hold"":0,""macs"":5,""cycs"":1,""sps"":12000,""feed"":185.42,""mark"":153225072}}",5.273369181977311,0.2012135367748642,0.2101439920167137,0.2199589429236854,5.273369181977311,0.2012135367748642,0.2101439920167137,0.2199589429236854,-1.0114927999999968,0.3434468800000183,-0.0005793199999989,-2.557060600000162,1.3323204799999544,1.1064872800000085,11.122740080000137,-2.122740080000136,1.561370320000068,100.0,40.36,89.81920388001087,108.9057843600132,77.46906344000938,58.943852280007135,218.37293948002647,2194.366207480076,-0.9991681599999996,-0.0149314399999997,-0.0120815599999982,0.5199390400000039,1.764799839999976,4.945160760000007,10.44825399999994,-15.55174600000006,26.10349200000012,100.0,33.4797184,107.70856676001183,61.795546560006656,55.17459524000595,66.20951400000713,177.11045048001907,1199.347177999998,-0.98770072,0.0390109999999999,0.0081027599999992,-1.8927921600000104,-1.0057767600000131,0.8844587999999993,-31.75983951999997,37.0,-38.74888540000004,100.0,34.01,77.30465267999892,54.04027939999894,51.58390299999898,53.54900431999894,161.62956311999682,1464.4252276400027,-1.0110541599999996,-0.0747176399999998,0.0302000799999983,5.196100919999998,1.904907440000002,2.014,-3.298785959999954,16.0,-93.87962332000008,100.0,32.31298804,76.85228040000362,62.73655564000296,72.1470390000034,36.59632404000172,155.2729746400073,1639.045451840026,-0.9781688799999984,-0.0292474400000009,0.0148593999999996,-5.306678080000009,-8.30731736,0.4408757600000003,-14.103561920000011,38.0,68.0,100.0,32.61641708,112.47652936000898,2.690826080000215,2.1526606400001715,2.1526606400001715,5.9198176000004725,1738.3486553600171,-0.9849076799999996,0.13658916,-0.0134718799999994,2.902488480000004,1.6936646799999835,4.02830744,-6.564110040000068,30.0,37.43588995999993,100.0,33.02435908,96.1173889199854,2.204642639999665,2.204642639999665,1.7637143599997325,5.291142959999196,1311.5831547200012,489,X1.6649 Y1.4954 Z-0.0412
16:29:23.916,5,493,1.6825,1.5218,-0.0424,90.29663,55.53896,-27.06946,,185.42,0,0,,2,1,"{""sr"":{""mpox"":90.29663,""mpoy"":55.53896,""mpoz"":-27.06946,""mpoa"":0,""posx"":1.6825,""posy"":1.5218,""posz"":-0.0424,""posa"":0,""unit"":0,""stat"":5,""coor"":2,""momo"":1,""dist"":0,""home"":1,""mots"":1,""plan"":0,""line"":493,""path"":2,""frmo"":2,""prbe"":1,""safe"":0,""estp"":0,""spc"":1,""hold"":0,""macs"":5,""cycs"":1,""sps"":12000,""feed"":185.42,""mark"":153225072}}",5.129932267236603,0.1900596086708658,0.1951389573257272,0.207011799417033,5.129932267236603,0.1900596086708658,0.1951389573257272,0.207011799417033,-0.9871804000000072,0.1505968000000106,-0.0066111999999947,-0.1215754000001387,2.2948884000001804,1.2209976,9.600485199999827,3.200773399999659,7.597777200000968,100.0,40.379999600000005,33.01583739999063,38.818620799988985,27.61324579999216,21.01007859999403,77.83733799997788,3169.719214600016,-1.0169840000000006,-0.0074555999999994,0.0225134000000009,0.4285723999999996,2.011351999999988,4.956229599999998,10.012888799999995,-15.76085200000005,26.76085200000005,100.0,33.48,55.48242399998852,26.78461859999446,23.914838199995057,28.697805399994063,76.76662959998414,1660.0734067999942,-0.984198,0.0398132000000001,-0.0110695999999989,-1.7629674000000095,-0.962885800000004,0.8946895999999985,-32.22896440000006,36.45846439999999,-39.426785600000045,100.0,34.01,85.5625820000013,59.5688860000009,56.86120940000086,58.48581560000088,178.1651230000027,1640.4043113999733,-0.9954823999999995,-0.0702183999999997,0.0257291999999983,5.293376200000004,1.6743867999999975,2.051075400000001,-3.136260399999961,16.0,-95.13626039999995,100.0,32.3264818,67.13409119999612,47.06512519999753,54.12489399999716,27.062447399998582,116.09397499999392,2160.89507719999,-1.0193246000000007,-0.0027919999999995,0.0264621999999997,-5.289841399999976,-8.34104640000002,0.3191197999999947,-14.0,37.31149879999997,68.14848400000001,100.0,32.609854600000006,64.62879739999258,1.557495199999821,1.245996399999857,1.245996399999857,3.426490199999606,2224.7733903999765,-1.0006060000000014,0.1026376000000013,-0.0155200000000003,2.7717372000000102,1.6969124000000035,3.992427999999993,-6.198157199999944,30.0,37.0,100.0,33.0240656,173.35490200001215,3.9578744000002777,3.9578744000002777,3.166299800000222,8.707323600000612,2026.389672800008,493,X1.6838 Y1.5244 Z-0.0425
16:29:24.175,5,497,1.69254,1.55136,-0.04348,90.55176,56.28981,-27.09698,,185.42,0,0,,2,1,"{""sr"":{""mpox"":90.55176,""mpoy"":56.28981,""mpoz"":-27.09698,""mpoa"":0,""posx"":1.69254,""posy"":1.55136,""posz"":-0.04348,""posa"":0,""unit"":0,""stat"":5,""coor"":2,""momo"":1,""dist"":0,""home"":1,""mots"":1,""plan"":0,""line"":497,""path"":2,""frmo"":2,""prbe"":1,""safe"":0,""estp"":0,""spc"":1,""hold"":0,""macs"":5,""cycs"":1,""sps"":12000,""feed"":185.42,""mark"":153225072}}",5.067172502863466,0.2026899762859102,0.2028214126065253,0.2054014740018774,5.067172502863466,0.2026899762859102,0.2028214126065253,0.2054014740018774,-0.9469287200000072,0.2187895600000041,-0.0039218199999962,0.5942207000002063,0.3668417400002742,1.0394364600000117,13.94000405999972,-3.1117956800005637,18.84816363999925,100.0,40.39,155.17005485998513,189.32696067998188,135.65178695998705,102.4707774399902,380.6057414199636,2598.049526780023,-1.002912,-0.0093731799999994,0.0393903399999965,0.3216701800000167,1.9908276400000335,5.060338939999994,10.0,-15.0,26.08895572000008,100.0,33.47001282,154.0730064399868,102.03699141999093,92.0142176199918,109.32534759999028,293.356349499974,1363.4722202200078,-0.994616779999999,0.0307776799999999,0.0090272799999982,-1.828201979999987,-1.0453000999999915,0.9522547800000056,-31.58286888000004,37.0,-38.85719678000002,100.0,34.02,70.20986202000189,47.14582086000153,45.002828920001456,46.71722248000151,141.00886324000456,1855.514431059999,-1.00488672,-0.081188119999999,0.0349779599999974,5.312950279999996,1.922005279999984,2.115882239999998,-4.0,16.0,-94.67019453999995,100.0,32.33326816,98.51859775999507,80.42334511999597,92.48684687999538,46.24342343999769,198.3775845999901,1827.5064156600235,-0.988952260000002,-0.0411376799999982,0.0018363200000018,-5.330580839999988,-8.208134460000013,0.3408407000000061,-13.20128036000006,37.0,67.81501128000001,100.0,32.62798684,166.9325009399877,3.9936001799997065,3.1948805399997653,3.1948805399997653,8.785920999999353,2092.3863569399978,-1.0206602999999987,0.1139204999999999,-0.0255235799999991,2.983271959999977,1.8881354799999888,3.845474020000006,-6.0,30.980276459999907,37.01972354000009,100.0,33.02916918,6.904776820019901,0.1583663200004564,0.1266926600003651,0.1266926600003651,0.3484063000010062,2011.4594249399909,497,X1.6937 Y1.5575 Z-0.0437
16:29:24.432,5,500,1.69473,1.58253,-0.04457,90.60736,57.08159,-27.12449,,185.42,0,0,,2,1,"{""sr"":{""mpox"":90.60736,""mpoy"":57.08159,""mpoz"":-27.12449,""mpoa"":0,""posx"":1.69473,""posy"":1.58253,""posz"":-0.04457,""posa"":0,""unit"":0,""stat"":5,""coor"":2,""momo"":1,""dist"":0,""home"":1,""mots"":1,""plan"":0,""line"":500,""path"":2,""frmo"":2,""prbe"":1,""safe"":0,""estp"":0,""spc"":1,""hold"":0,""macs"":5,""cycs"":1,""sps"":12000,""feed"":185.42,""mark"":153225072}}",5.232622989384196,0.1936381100646073,0.2045366520570695,0.2041576844012569,5.232622989384196,0.1936381100646073,0.2045366520570695,0.2041576844012569,-1.0150654399999997,0.1785074400000013,0.0196395599999992,4.598767879999968,2.080891639999966,1.099,9.754108639999975,-9.0,14.508216279999957,100.0,40.42,21.638470600001995,23.974441960002206,16.966528000001563,12.909315240001188,47.94888480000442,1756.6129134400044,-0.99816676,-0.0205255999999997,-0.0098730799999993,0.3865794000000027,2.0681543599999994,5.021566319999996,1.6799153600000991,-2.519873040000149,4.312013280000258,100.0,33.47,32.414794760001776,18.98304680000112,16.967148720001003,20.3269794400012,54.54149224000322,1346.286780319999,-0.99308752,0.03814716,-0.0235886000000002,-1.793400560000002,-0.9704862400000004,0.8977297200000007,-31.44660644,37.0,-40.34749695999998,100.0,34.02,90.67935795999962,60.87324691999982,58.10628163999984,60.31985423999983,182.11782219999947,1578.1706700000004,-1.0071212,-0.06783332,0.0091094400000001,5.315638320000001,1.6549952800000003,1.9941192,-3.0,16.364143840000004,-94.0,100.0,32.314023920000004,51.34426496000058,44.061390120000496,50.25183356000057,25.490060560000288,108.51482864000124,1628.8308624,-1.0191296400000005,-0.0348768,0.0210124000000001,-5.2603581599999965,-7.945952880000003,0.4374271999999984,-13.0,37.0222372,66.0222372,100.0,32.617845960000004,54.66010796000149,1.3076584000000355,1.0461267200000286,1.0461267200000286,2.8768476000000787,1858.0692005200003,-0.99214004,0.1263587199999998,-0.01099556,2.823452760000001,1.5495845200000022,4.02793256,-6.00110628,31.0,36.12887580000001,100.0,33.0187336,189.5173073199976,4.366682039999945,3.493345279999955,3.493345279999955,9.606700079999875,1695.8440762799987,500,X1.6947 Y1.5835 Z-0.0446
16:29:24.689,5,504,1.68858,1.61333,-0.04576,90.45094,57.86376,-27.15476,,185.42,0,0,,2,1,"{""sr"":{""mpox"":90.45094,""mpoy"":57.86376,""mpoz"":-27.15476,""mpoa"":0,""posx"":1.68858,""posy"":1.61333,""posz"":-0.04576,""posa"":0,""unit"":0,""stat"":5,""coor"":2,""momo"":1,""dist"":0,""home"":1,""mots"":1,""plan"":0,""line"":504,""path"":2,""frmo"":2,""prbe"":1,""safe"":0,""estp"":0,""spc"":1,""hold"":0,""macs"":5,""cycs"":1,""sps"":12000,""feed"":185.42,""mark"":153225072}}",5.355809615317731,0.2025061586688829,0.2049380904416168,0.20412972317518,5.355809615317731,0.2025061586688829,0.2049380904416168,0.20412972317518,-1.0457689400000012,0.3022273799999989,0.0177222800000009,5.853977820000049,1.7653537799999792,1.130633439999997,5.9348888400001805,-3.7045247200001135,-4.462312540000135,100.0,40.41478518,123.82957756000378,143.8464659200044,102.32377470000311,77.85504596000237,289.1729052000088,1504.0036492800093,-1.00207252,-0.0118913200000002,-0.0084396200000008,0.4096405000000029,2.0674930800000046,4.833751119999999,10.05035478,-16.0,25.75700114000002,100.0,33.47242996,158.99544434000444,79.85104572000223,72.07793472000202,86.2108632600024,230.36673270000645,1139.043960100003,-0.99455952,0.0421749199999999,-0.0094799799999997,-1.8129568000000007,-1.0028866800000007,0.9511133199999992,-31.536131320000003,36.88823796000001,-39.46386868,100.0,34.02647912,70.9719631799995,51.02559471999964,49.17011899999966,50.56172603999964,153.07678415999894,1229.6080063999989,-1.00283674,-0.0783344,0.0414467,5.365449079999999,1.9356865799999956,2.094160299999996,-3.5870928600000083,15.916810140000008,-95.42071314000002,100.0,32.31579334,67.90300468000055,71.12138738000098,81.60586396000114,41.68357064000058,176.21095340000244,1413.5401803799962,-0.97054372,-0.0244472599999998,0.00188996,-5.633184080000013,-7.971608540000001,0.5001736399999966,-13.648334480000017,37.0,66.95180848000001,100.0,32.62455554,134.25335208000294,3.24167066000007,2.5933364400000567,2.5933364400000567,7.131675320000157,1700.794160220003,-0.9978518999999996,0.1107871999999999,-0.0136446800000001,2.7187720799999973,1.52662322,4.08879226,-6.00340496,31.0,37.00681018,100.0,33.03996594,57.18270529999519,1.3175741199998887,1.054058859999911,1.054058859999911,2.898662279999756,1316.601285959994,504,X1.6873 Y1.6172 Z-0.0459
16:29:24.946,5,508,1.67491,1.64139,-0.04684,90.10373,58.57645,-27.18228,,185.42,0,0,,2,1,"{""sr"":{""mpox"":90.10373,""mpoy"":58.57645,""mpoz"":-27.18228,""mpoa"":0,""posx"":1.67491,""posy"":1.64139,""posz"":-0.04684,""posa"":0,""unit"":0,""stat"":5,""coor"":2,""momo"":1,""dist"":0,""home"":1,""mots"":1,""plan"":0,""line"":508,""path"":2,""frmo"":2,""prbe"":1,""safe"":0,""estp"":0,""spc"":1,""hold"":0,""macs"":5,""cycs"":1,""sps"":12000,""feed"":185.42,""mark"":153225072}}",5.090257722838551,0.1977802619145205,0.206281586199664,0.2073373940045124,5.090257722838551,0.1977802619145205,0.206281586199664,0.2073373940045124,-0.9013977999999944,0.2852925999999918,-0.010220400000005,0.6339078000000138,1.5816746000001385,1.1725689999999898,10.391928800000228,1.5979820000000566,-11.195964600000112,100.0,40.3659796,64.72486119999087,77.99144719998903,55.4784525999922,42.21186559999405,156.38491279997797,1460.9611805999898,-1.0057572000000004,-0.0116537999999992,0.012619000000002,0.3634769999999997,2.059930400000009,4.900788199999996,10.0,-15.41568179999995,25.62567560000005,100.0,33.4841566,58.38328219999392,47.38772759999439,42.39954539999497,50.71318179999399,136.34363679998384,985.3449003999924,-0.9922938,0.0428452000000004,-0.013747,-1.7788482000000023,-0.8370614000000051,0.975252399999999,-31.655984599999968,36.51432460000001,-39.00339660000009,100.0,34.0282968,80.90906220000106,56.40538260000095,54.68870380000087,56.23167680000089,170.41170920000275,1251.8407243999948,-0.9971092,-0.0742973999999998,0.0302973999999994,5.320835400000017,1.9016274000000104,1.9336622000000057,-1.7825069999998846,9.378024399999404,-56.91153839999633,100.0,32.3194036,58.18631499999748,57.25533379999752,64.7031821999972,33.51531739999855,141.0436281999939,1378.3042279999918,-0.9980229999999992,-0.0411556000000008,0.0101251999999992,-5.004698199999984,-8.20302079999999,0.4089088000000025,-13.511532199999952,36.51153219999996,67.0,100.0,32.615857,91.41406619999252,2.186938999999821,1.7495515999998572,1.7495515999998572,4.811266399999608,1434.9102166000005,-0.9940852,0.1207172000000001,-0.0146864000000007,2.85571880000001,1.6005871999999897,4.113250999999996,-6.0,31.0,38.0,100.0,33.0259244,130.25067900001207,2.9871706000002773,2.3897366000002216,2.3897366000002216,6.57177620000061,1091.0918865999831,508,X1.6706 Y1.6475 Z-0.0471
16:29:25.203,5,511,1.65438,1.66485,-0.04792,89.58226,59.17243,-27.2098,,185.42,0,0,,2,1,"{""sr"":{""mpox"":89.58226,""mpoy"":59.17243,""mpoz"":-27.2098,""mpoa"":0,""posx"":1.65438,""posy"":1.66485,""posz"":-0.04792,""posa"":0,""unit"":0,""stat"":5,""coor"":2,""momo"":1,""dist"":0,""home"":1,""mots"":1,""plan"":0,""line"":511,""path"":2,""frmo"":2,""prbe"":1,""safe"":0,""estp"":0,""spc"":1,""hold"":0,""macs"":5,""cycs"":1,""sps"":12000,""feed"":185.42,""mark"":153225072}}",5.305149331112905,0.2056271426729789,0.2100992375189817,0.2138709899155723,5.305149331112905,0.2056271426729789,0.2100992375189817,0.2138709899155723,-0.9704504800000088,0.2720650799999926,-0.0091514599999945,3.4361191599999845,2.901969920000003,1.2869565800000062,12.081240120000102,-8.784507400000358,6.756251479999693,100.0,40.37540644,76.25583829999152,89.1183196999901,63.39344391999296,48.23414177999464,178.2366393999802,1726.8899263399878,-0.9966411599999996,-0.0314776000000004,-0.0233140599999998,0.2720006999999856,2.069143979999983,5.059286559999995,10.0,-15.0,25.529010840000044,100.0,33.49026036,114.45035401998912,54.163747579994855,48.51187833999539,57.93166055999449,155.42640647998522,1209.2123579999968,-0.98635092,0.0421811599999993,0.0074253999999997,-1.7398371200000005,-0.855180380000001,0.9621685799999976,-32.0,37.0,-39.49447011999999,100.0,34.032320920000004,73.30176722000104,55.10270800000078,54.09164924000077,55.60823688000079,168.3412997400024,1579.8598385800094,-1.0091501600000006,-0.0869096599999999,0.0137851399999994,5.20545646,1.859572180000011,1.9531517400000016,-3.4846070999999816,16.0,-94.03327612000008,100.0,32.33,55.5759345799969,60.26390883999774,67.84499445999742,35.548946459998675,148.63502959999445,1544.6535295000235,-0.9676401200000022,-0.0238008999999972,0.0247079399999999,-5.142517500000005,-8.2886286,0.2791128799999986,-6.638993439999553,17.54591117999882,32.14513301999782,100.0,32.62525758,98.63647301999336,2.3710691399998405,1.8968556199998725,1.8968556199998725,5.216352339999649,1786.6068614400233,-0.9989499200000012,0.0622487400000003,-0.0014549399999993,2.923810359999994,1.676903679999997,4.021810359999994,-5.45417731999995,31.0,38.0,100.0,33.02908362,117.9183182400109,2.7045481800002498,2.1636389600002004,2.1636389600002004,5.95000658000055,1501.3218929000063,511,X1.6528 Y1.6663 Z-0.048
16:29:25.460,5,515,1.62848,1.68227,-0.04911,88.92462,59.61495,-27.23985,,185.42,0,0,,2,1,"{""sr"":{""mpox"":88.92462,""mpoy"":59.61495,""mpoz"":-27.23985,""mpoa"":0,""posx"":1.62848,""posy"":1.68227,""posz"":-0.04911,""posa"":0,""unit"":0,""stat"":5,""coor"":2,""momo"":1,""dist"":0,""home"":1,""mots"":1,""plan"":0,""line"":515,""path"":2,""frmo"":2,""prbe"":1,""safe"":0,""estp"":0,""spc"":1,""hold"":0,""macs"":5,""cycs"":1,""sps"":12000,""feed"":185.42,""mark"":153225072}}",5.338117847256148,0.2041083451673347,0.2046682195880613,0.2064594774733511,5.338117847256148,0.2041083451673347,0.2046682195880613,0.2064594774733511,-0.9698230799999984,0.251709319999997,-0.0113869999999994,5.482379279999988,1.709198159999997,1.199351199999998,6.317490759999982,-12.054385400000102,0.9575182799999488,100.0,40.41,115.84387176000288,132.10264724000334,93.48803684000232,71.13220228000178,263.52785908000664,1796.6304529600077,-1.01039956,-0.0080678,0.0105721200000001,0.1120138399999977,1.937700879999998,4.922059599999998,10.0,-15.0,25.705645719999968,100.0,33.49,117.91934444000258,76.31369664000171,67.78063396000152,81.59998676000184,219.1136736400049,1366.195080520003,-0.98943116,0.0372684799999998,-0.0194549200000002,-1.710304759999998,-0.9814744399999984,0.8154422399999989,-31.47402464,36.47402464,-39.70843231999999,100.0,34.04,73.03554635999967,51.66867727999973,51.48622031999975,52.61672655999973,159.0897959199992,1324.461570480001,-1.00839256,-0.08116032,0.0410941999999999,5.248762679999997,1.9720481200000008,1.9454180800000012,-3.2176300799999886,16.0,-93.218926,100.0,32.33126884,68.74019064000073,71.55741196000078,79.44562996000087,42.25831400000046,175.2311422000019,1262.4593585200012,-1.023408880000001,-0.04032164,0.0300543600000002,-5.162980039999996,-8.381057400000003,0.3524404399999987,-14.0,37.0,65.77771127999998,100.0,32.61739488,128.34028848000224,3.055721280000053,2.4445767600000425,2.4445767600000425,6.722586760000117,1287.5495073200009,-1.0073260799999997,0.1153528000000004,-0.0101545599999998,2.887949159999999,1.729139159999999,3.925742039999999,-6.0,30.99349716,37.99349716,100.0,33.02,70.85815027999635,1.6182117599999164,1.294569079999933,1.294569079999933,3.560064879999816,1288.3792867199995,515,X1.6235 Y1.6847 Z-0.0493
16:29:25.718,5,518,1.59903,1.69254,-0.05019,88.17658,59.87587,-27.26737,,185.42,0,0,,2,1,"{""sr"":{""mpox"":88.17658,""mpoy"":59.87587,""mpoz"":-27.26737,""mpoa"":0,""posx"":1.59903,""posy"":1.69254,""posz"":-0.05019,""posa"":0,""unit"":0,""stat"":5,""coor"":2,""momo"":1,""dist"":0,""home"":1,""mots"":1,""plan"":0,""line"":518,""path"":2,""frmo"":2,""prbe"":1,""safe"":0,""estp"":0,""spc"":1,""hold"":0,""macs"":5,""cycs"":1,""sps"":12000,""feed"":185.42,""mark"":153225072}}",5.476017535076904,0.1998555350857174,0.2047544600050203,0.2069337736290338,5.476017535076904,0.1998555350857174,0.2047544600050203,0.2069337736290338,-0.8176781999999905,0.4401049200000281,0.0191210000000023,5.745332560000352,1.0819537200000673,1.2110799600000048,5.3252545199998425,2.0,-5.162627679999921,100.0,40.42,28.134516439986346,31.549688839984675,22.44256203998909,17.0758628399917,63.26200551996925,3052.9972982401337,-1.0095708,-0.0037663199999987,0.0259354000000004,0.2726831199999897,2.073105920000001,4.894184759999996,10.0,-15.0,25.010350239999998,100.0,33.49,47.13780047998401,23.67093027999197,21.222212799992796,25.507467679991343,68.15595403997683,1402.2158664000203,-0.9899261599999998,0.0317433599999991,-0.0057962400000003,-1.7198250400000077,-0.9548117599999936,0.854,-31.091759679999956,36.90824032000005,-39.81371112000002,100.0,34.0390824,84.82602280000177,59.65184816000125,59.65184816000125,60.74637820000128,184.42819216000385,1558.725676680019,-1.0040914399999996,-0.067420519999999,0.0202578400000007,5.423724279999993,1.8723549199999905,1.982670479999995,-3.3779403999999715,16.269483760000025,-94.53896752000004,100.0,32.33647408,43.63745855999554,48.754337519996334,53.66756555999597,28.992969879997865,119.21231783999112,1983.4951989600147,-1.0024475600000018,-0.0150982400000005,-0.0054199199999996,-5.579439160000015,-8.22101096,0.427,-13.155645280000016,37.0,67.68871027999997,100.0,32.62714524,59.220674559989625,1.4273156399997506,1.1418524399998005,1.1418524399998005,3.1400937999994523,1858.1662831600388,-0.9879700399999984,0.1374703999999993,-0.0189087599999989,2.775347639999985,1.850670160000019,4.008659840000009,-5.934846239999994,29.674232039999968,37.428834520000045,100.0,33.013388119999995,180.24337716001688,4.153073600000389,3.3224586800003117,3.3224586800003117,9.136761280000856,1282.743756039988,518,X1.5988 Y1.6926 Z-0.0502
16:29:25.973,5,522,1.56788,1.69471,-0.05127,87.38537,59.93083,-27.29488,,185.42,0,0,,2,1,"{""sr"":{""mpox"":87.38537,""mpoy"":59.93083,""mpoz"":-27.29488,""mpoa"":0,""posx"":1.56788,""posy"":1.69471,""posz"":-0.05127,""posa"":0,""unit"":0,""stat"":5,""coor"":2,""momo"":1,""dist"":0,""home"":1,""mots"":1,""plan"":0,""line"":522,""path"":2,""frmo"":2,""prbe"":1,""safe"":0,""estp"":0,""spc"":1,""hold"":0,""macs"":5,""cycs"":1,""sps"":12000,""feed"":185.42,""mark"":153225072}}",5.176651770851107,0.1874711009261403,0.1918452016195243,0.2014442328072618,5.176651770851107,0.1874711009261403,0.1918452016195243,0.2014442328072618,-1.0661676399999995,0.2051761400000014,0.0141820199999998,2.396634060000007,-0.0240811999999964,1.328446219999999,8.065237320000007,-2.00142692,19.43622197999995,100.0,40.42,155.84220559999906,178.37431557999892,127.67842333999924,97.6363166999994,355.8098233399979,1251.354327680005,-0.99477248,-0.0130116799999999,-0.0244262199999998,0.1994473800000007,2.12702362,4.829973420000001,10.873405699999994,-15.873405699999994,25.9917791,100.0,33.4900411,171.12382965999905,102.6693656199994,91.2616584599995,109.6894929999994,294.8453573999984,1111.7162407400044,-0.99102376,0.0340428,0.0041995799999998,-1.871453799999999,-0.8851474400000005,1.0417346199999995,-31.56527272,36.40034788,-39.59965212,100.0,34.03434726,62.612923600000165,47.38526592000009,48.22034108000009,48.6894478200001,147.77287224000028,1630.9743630600024,-1.00476366,-0.0759749199999999,0.0498750199999997,5.233205720000001,1.9189264800000003,2.03595656,-3.040736700000004,16.659604459999997,-94.40068326,100.0,32.34659594,64.6412817999998,86.40824425999973,94.3235034799997,52.10878853999984,210.41396841999935,1451.335225320002,-0.9869383799999994,-0.05658556,0.0139683399999999,-5.636227259999996,-8.016854920000002,0.5370829199999989,-13.048840540000004,37.77704702,67.55409309999999,100.0,32.61825912,162.4027418399993,3.885233159999982,3.1081861399999857,3.1081861399999857,8.547512459999963,1358.8780009400025,-1.0097591200000002,0.0998312199999997,-0.0053459399999999,2.68343978,1.7022797399999994,4.03162712,-6.0,31.0,38.0,100.0,33.03863596,14.878260160001236,0.341043780000028,0.2728346000000221,0.2728346000000221,0.7502966200000614,1215.9906953800023,522,X1.5643 Y1.6945 Z-0.0514
16:29:26.233,5,526,1.53721,1.68884,-0.05246,86.60616,59.78168,-27.32494,,185.42,0,0,,2,1,"{""sr"":{""mpox"":86.60616,""mpoy"":59.78168,""mpoz"":-27.32494,""mpoa"":0,""posx"":1.53721,""posy"":1.68884,""posz"":-0.05246,""posa"":0,""unit"":0,""stat"":5,""coor"":2,""momo"":1,""dist"":0,""home"":1,""mots"":1,""plan"":0,""line"":526,""path"":2,""frmo"":2,""prbe"":1,""safe"":0,""estp"":0,""spc"":1,""hold"":0,""macs"":5,""cycs"":1,""sps"":12000,""feed"":185.42,""mark"":153225072}}",5.018062028717391,0.1997062149503413,0.2062650249791098,0.2040777754256822,5.018062028717391,0.1997062149503413,0.2062650249791098,0.2040777754256822,-0.8970818599999977,0.4310681200000014,-0.0331235400000072,6.643908420000214,1.3826173799999144,1.2649232000000066,10.99622432,1.5380831599994065,4.441858840000216,100.0,40.418600000000005,22.6718278799913,26.16978059998996,18.752847019992807,14.27469915999452,52.20022019997997,2375.397345319961,-1.00932246,-0.0049679400000001,0.0199690200000002,0.2793089999999879,2.25575046000001,4.82549246,10.0,-14.057255360000005,24.375302019999907,100.0,33.4907312,35.97539875999249,22.085563299994483,19.703355179995096,23.64402701999412,63.36878417998421,1278.861321360002,-0.99187002,0.0404151799999995,-0.0041850799999998,-1.934692060000007,-0.9854946399999934,0.8519596999999977,-31.550424780000007,36.939973880000025,-40.07922965999991,100.0,34.0256966,82.23295998000062,59.44583420000082,61.09710754000085,62.19795624000087,187.75474412000256,1559.009365999988,-1.0029546599999997,-0.0803440999999999,0.0375032999999997,5.345956599999992,1.9285976200000112,2.03381196,-3.415050359999963,16.584949640000037,-95.58494964000003,100.0,32.33630108,49.93934163999739,49.56942041999741,53.63855167999719,29.59368361999845,119.11457763999375,1688.1447345799809,-0.9718896,-0.0330064399999997,-0.0058264799999998,-5.52650969999999,-8.008165180000006,0.3612598800000018,-13.275491519999964,37.0,67.0,100.0,32.61724478,57.85315913999288,1.377456459999831,1.1019649399998646,1.1019649399998646,3.030403579999628,1822.7002881599803,-1.000007,0.1245100799999994,-0.0163247400000005,2.728788040000006,1.6992549200000036,4.037105979999996,-5.850720880000053,30.0,38.149279119999946,100.0,33.02,186.30790970001152,4.253604980000263,3.4028841000002106,3.4028841000002106,9.35793170000058,1297.0075234799767,526,X1.5306 Y1.6865 Z-0.0527
16:29:26.490,5,529,1.50893,1.67517,-0.05355,85.88803,59.43447,-27.35267,,185.42,0,0,,2,1,"{""sr"":{""mpox"":85.88803,""mpoy"":59.43447,""mpoz"":-27.35267,""mpoa"":0,""posx"":1.50893,""posy"":1.67517,""posz"":-0.05355,""posa"":0,""unit"":0,""stat"":5,""coor"":2,""momo"":1,""dist"":0,""home"":1,""mots"":1,""plan"":0,""line"":529,""path"":2,""frmo"":2,""prbe"":1,""safe"":0,""estp"":0,""spc"":1,""hold"":0,""macs"":5,""cycs"":1,""sps"":12000,""feed"":185.42,""mark"":153225072}}",5.360211120996711,0.1994509476903505,0.2000123603650499,0.2035637803410113,5.360211120996711,0.1994509476903505,0.2000123603650499,0.2035637803410113,-0.8978032000000002,0.4644938399999918,0.0023304399999982,3.3487691600000065,1.5360849199999649,1.186660519999996,6.850039680000102,11.714777439999969,-5.424864879999931,100.0,40.41716688,114.10079211999462,131.3126691199938,94.71644323999554,71.03686299999666,261.9021183599877,2141.46472156,-1.0048740399999998,-0.0115747200000004,0.0173714799999987,0.4082193999999982,1.835550879999987,5.081029919999997,9.954050320000002,-15.0,26.0,100.0,33.48045936,156.4197497199933,81.67048911999649,72.67289239999688,87.20747107999625,233.93750215998995,1380.0517344399962,-0.9964046,0.0451945600000004,-0.0047696800000003,-1.754798999999993,-0.9288716800000004,0.8731510400000012,-31.58879144000002,36.41120855999998,-40.41120855999998,100.0,34.04588808,76.29829888000077,50.553474440000514,52.425825160000535,52.89391252000054,160.55408928000165,1444.8215616000027,-1.0075923999999998,-0.0733177200000001,-0.0054864400000002,5.232750679999998,1.9000140000000068,1.9937344,-3.089901840000011,16.0,-94.91009816,100.0,32.34553812,63.69520247999975,78.01265523999837,83.79137107999824,46.89749543999903,187.23037383999605,1674.2807779199952,-1.0177515599999996,-0.0279751999999999,0.0328861199999998,-5.207069960000002,-8.20373448,0.3565861199999921,-13.588841199999973,37.0,67.58884119999998,100.0,32.62818628,133.9575263199955,3.204725279999892,2.563780279999914,2.563780279999914,7.050395839999763,1842.820379159999,-0.9983295599999996,0.1200013199999992,-0.0168155999999996,2.607616160000012,1.58731052,4.071212359999998,-6.0,31.0,37.28905256000004,100.0,33.01716024,62.7449736000073,1.432533600000167,1.1460270800001335,1.1460270800001335,3.151573720000367,1567.1490962399964,529,X1.5077 Y1.6744 Z-0.0536
16:29:26.746,5,533,1.48542,1.65471,-0.05463,85.29086,58.9149,-27.38019,,185.42,0,0,,2,1,"{""sr"":{""mpox"":85.29086,""mpoy"":58.9149,""mpoz"":-27.38019,""mpoa"":0,""posx"":1.48542,""posy"":1.65471,""posz"":-0.05463,""posa"":0,""unit"":0,""stat"":5,""coor"":2,""momo"":1,""dist"":0,""home"":1,""mots"":1,""plan"":0,""line"":533,""path"":2,""frmo"":2,""prbe"":1,""safe"":0,""estp"":0,""spc"":1,""hold"":0,""macs"":5,""cycs"":1,""sps"":12000,""feed"":185.42,""mark"":153225072}}",5.112861075951421,0.1878093268360102,0.1996505535699209,0.2083974126674647,5.112861075951421,0.1878093268360102,0.1996505535699209,0.2083974126674647,-1.0308535999999977,0.3071783999999896,0.027939599999999,2.4939389999998705,1.474613599999962,1.1845068000000016,11.205067200000084,3.41022180000017,10.196504999999943,100.0,40.404016600000006,64.66722140000456,73.9053954000052,52.617428400003725,39.36265640000278,146.60581220001035,1641.681894399995,-1.0046916,-0.0179957999999998,-0.0215653999999997,0.3612966000000002,1.906972199999992,4.875549999999995,10.0,-15.0,25.625955999999974,100.0,33.4896142,92.07503420000556,48.68660220000292,43.3228240000026,51.98738880000312,139.45823300000836,1149.3109760000032,-0.9945315999999996,0.0452088000000001,-0.0094139999999997,-1.7228521999999995,-1.020310599999995,0.8435191999999992,-31.342001799999984,36.82818479999999,-40.17344380000005,100.0,34.054862,74.67366639999939,55.49224679999957,57.547515399999554,58.06133239999955,176.75308299999864,1428.455683999999,-1.0120334,-0.0709228000000002,-0.0019981999999997,5.215147000000004,1.943971599999992,1.968734000000001,-2.14168159999996,8.56672719999984,-50.45849019999906,100.0,32.3318712,76.65562740000166,63.182819800001376,67.82861540000147,38.09552360000083,151.4529364000033,1571.178824399996,-0.9912719999999992,-0.0313564000000002,0.0179229999999997,-5.093660400000002,-8.212339599999998,0.4660351999999992,-13.511223200000025,37.0,67.58679800000003,100.0,32.6112874,91.05058600000372,2.1782434000000888,1.7425950000000712,1.7425950000000712,4.792136200000196,1560.5594020000012,-1.006715400000001,0.1184014,-0.0133505999999996,2.784459200000007,1.7447983999999983,4.052028800000001,-6.0,30.9961556,37.0038444,100.0,33.0280324,131.0455645999939,2.99199539999986,2.3935965999998885,2.3935965999998885,6.582390199999693,1403.294219200002,533,X1.4822 Y1.6511 Z-0.0548
16:29:27.005,5,537,1.4678,1.62897,-0.05582,84.84325,58.261,-27.41024,,185.42,0,0,,2,1,"{""sr"":{""mpox"":84.84325,""mpoy"":58.261,""mpoz"":-27.41024,""mpoa"":0,""posx"":1.4678,""posy"":1.62897,""posz"":-0.05582,""posa"":0,""unit"":0,""stat"":5,""coor"":2,""momo"":1,""dist"":0,""home"":1,""mots"":1,""plan"":0,""line"":537,""path"":2,""frmo"":2,""prbe"":1,""safe"":0,""estp"":0,""spc"":1,""hold"":0,""macs"":5,""cycs"":1,""sps"":12000,""feed"":185.42,""mark"":153225072}}",5.26324548092783,0.2051540416937935,0.2183513835368409,0.2168639829153283,5.26324548092783,0.2051540416937935,0.2183513835368409,0.2168639829153283,-1.0454397999999994,0.3181014400000049,0.0118202000000005,1.243540840000135,2.0530430400000097,1.0636195999999989,9.67997581999992,11.51996351999988,3.48003648000012,100.0,40.39,67.6190295799968,78.95886633999626,56.27919181999734,42.41939095999799,157.07774513999257,1832.478830439996,-1.00977226,-0.0132044799999998,0.0092774799999995,0.3780376800000044,1.7073373199999975,4.8517495599999965,10.0,-15.0,26.429238159999983,100.0,33.5,51.50859117999792,50.650114279997965,45.07001697999819,54.084020459997824,145.0825308999942,1265.9381176999948,-0.99335308,0.0429365199999998,-0.02720376,-1.6454313399999994,-0.930032839999998,0.8856527000000002,-32.0,37.0,-41.24827480000001,100.0,34.057587940000005,76.57915978000044,55.13699462000032,57.17910560000032,58.20016138000033,175.621538920001,1480.4301142199936,-1.00529972,-0.07382834,0.0281977200000002,5.407611639999999,1.7168492599999996,1.9878734399999984,-3.5284911400000074,16.0,-94.47150886,100.0,32.35242638,69.59767877999893,64.59674037999902,68.84032211999896,39.135251579999405,154.18346043999765,1263.858540180002,-1.0173549200000005,-0.0418730399999998,0.0102891200000003,-5.381618020000007,-8.085773559999996,0.5538266600000045,-13.550821460000012,37.550821460000016,68.0,100.0,32.62,93.7699946199974,2.245893439999938,1.7967143199999505,1.7967143199999505,4.940964839999863,1314.1972436599958,-1.0071113400000002,0.1280032799999999,-0.0107786599999999,2.908564979999995,1.5963183400000025,3.9884350200000047,-6.0,30.9923556,37.83959341999996,100.0,33.02408312,125.07469084000422,2.8819052400000973,2.3055239400000778,2.3055239400000778,6.340191940000215,1196.9786942799997,537,X1.4644 Y1.6216 Z-0.0561
16:29:27.261,5,540,1.45758,1.5993,-0.05691,84.58368,57.50739,-27.43797,,185.42,0,0,,2,1,"{""sr"":{""mpox"":84.58368,""mpoy"":57.50739,""mpoz"":-27.43797,""mpoa"":0,""posx"":1.45758,""posy"":1.5993,""posz"":-0.05691,""posa"":0,""unit"":0,""stat"":5,""coor"":2,""momo"":1,""dist"":0,""home"":1,""mots"":1,""plan"":0,""line"":540,""path"":2,""frmo"":2,""prbe"":1,""safe"":0,""estp"":0,""spc"":1,""hold"":0,""macs"":5,""cycs"":1,""sps"":12000,""feed"":185.42,""mark"":153225072}}",5.461133259632789,0.2024188016315247,0.2027995655825803,0.1989667387864145,5.461133259632789,0.2024188016315247,0.2027995655825803,0.1989667387864145,-0.9203543000000012,0.2929934999999979,-0.0316764999999996,1.0167374999999206,1.4549279999999798,1.1124222999999966,11.40346030000003,17.80692060000006,7.103505900000043,100.0,40.396967,113.55826040000228,133.76187710000272,95.44467250000196,72.45435020000147,266.8270777000054,1491.0463034999934,-0.9988152,-0.0164693000000001,-0.0011667999999999,0.4664065000000031,1.754295899999996,4.822333899999998,6.715177000000122,-10.052736200000185,17.459460100000317,100.0,33.503230200000004,128.5698127000023,79.23908940000145,70.5093585000013,84.61123060000153,226.30146600000413,1142.912953599997,-0.9940975,0.0418135999999999,-0.0188287,-1.818013400000002,-0.9734861999999996,0.8356893999999996,-32.0,36.8289766,-40.60035220000002,100.0,34.0582897,69.0952801999997,50.88952969999978,52.77432699999978,53.416549899999765,162.0925758999993,1291.7988541999987,-0.9992786,-0.0768708999999999,0.0359501999999998,4.992996499999999,1.731792799999999,2.023930700000001,-4.0,15.796187800000007,-94.4515294,100.0,32.344515,96.40154110000086,78.1479945000007,83.28180500000074,47.345135600000425,186.52842550000165,1467.8260646,-0.9751942999999996,-0.0356382000000003,0.0019735999999998,-5.098752200000001,-8.4371933,0.3365364000000006,-4.987280799999886,14.200405699999658,25.526452799999376,100.0,32.6300814,130.27146260000188,3.1315253000000447,2.505220100000036,2.505220100000036,6.889356100000098,1443.363802499996,-1.0070261,0.1318392000000004,-0.0100115999999997,2.644105199999999,1.7450854999999983,4.124554199999999,-6.0,30.295782299999985,37.9912913,100.0,33.0299132,66.65731799999698,1.522452999999931,1.2179622999999449,1.2179622999999449,3.349396999999848,1282.0435751999944,540,X1.457 Y1.5967 Z-0.057
16:29:27.519,5,544,1.45528,1.56824,-0.05799,84.52532,56.71858,-27.46549,,185.42,0,0,,2,1,"{""sr"":{""mpox"":84.52532,""mpoy"":56.71858,""mpoz"":-27.46549,""mpoa"":0,""posx"":1.45528,""posy"":1.56824,""posz"":-0.05799,""posa"":0,""unit"":0,""stat"":5,""coor"":2,""momo"":1,""dist"":0,""home"":1,""mots"":1,""plan"":0,""line"":544,""path"":2,""frmo"":2,""prbe"":1,""safe"":0,""estp"":0,""spc"":1,""hold"":0,""macs"":5,""cycs"":1,""sps"":12000,""feed"":185.42,""mark"":153225072}}",5.035675830030267,0.2002138330959034,0.2044433002175903,0.202126817420046,5.035675830030267,0.2002138330959034,0.2044433002175903,0.202126817420046,-0.95342326000001,0.3090801199999992,-0.0087948599999994,0.0484746600004865,1.7155775599999248,1.1071593800000057,9.832660179999916,3.270317380000176,32.071515239999485,100.0,40.41,22.480033760013825,27.290906960016777,19.47239758001197,14.641935300009006,54.15534948003327,1485.6624578800927,-0.9971238200000004,-0.0116301600000006,-0.0105412000000005,0.4040747999999907,1.841274340000029,4.870912499999995,11.0,-14.0,25.187913700000077,100.0,33.50989766,27.999134360011272,22.173810420008937,19.543019500007876,23.489206740009468,62.95107342002537,1190.3363095400152,-0.9920875600000004,0.0359144400000011,-0.0127534199999994,-1.9062714599999924,-1.0555653999999943,0.8028239400000062,-31.36782629999996,36.07986916000005,-41.184478240000026,100.0,34.0692013,83.95026845999809,59.64887509999864,61.85809211999859,62.410396659998575,189.44040785999567,1394.2218238600174,-1.0176206399999994,-0.0751463799999998,0.0176900599999984,5.364145179999994,1.7857628799999965,1.937237120000004,-3.724056100000028,16.629207219999966,-94.09484888000006,100.0,32.34,68.71755116000428,50.52267600000433,54.13575534000459,30.49986192000264,121.24925938001029,1667.5229152400404,-1.0088660600000006,-0.0169425399999992,0.0293148799999997,-4.590106100000089,-8.308133499999993,0.2397159600000258,-12.273165820000054,37.27316582000005,67.11360314000007,100.0,32.6127314,56.54539174001142,1.3658311000002756,1.0926642800002204,1.0926642800002204,3.0048280200006072,1760.3277214800296,-1.0056566799999984,0.1194803799999984,-0.0099030400000006,2.911177899999989,1.6638817600000106,4.063216559999984,-6.853753019999914,30.14624698000009,36.29249410000018,100.0,33.027074879999994,186.97186973998112,4.2687640999995695,3.415011079999655,3.415011079999655,9.391281079999052,1726.060748460072,544,X1.4557 Y1.5622 Z-0.0582
16:29:27.775,5,547,1.46109,1.53759,-0.05917,84.67285,55.94007,-27.49555,,185.42,0,0,,2,1,"{""sr"":{""mpox"":84.67285,""mpoy"":55.94007,""mpoz"":-27.49555,""mpoa"":0,""posx"":1.46109,""posy"":1.53759,""posz"":-0.05917,""posa"":0,""unit"":0,""stat"":5,""coor"":2,""momo"":1,""dist"":0,""home"":1,""mots"":1,""plan"":0,""line"":547,""path"":2,""frmo"":2,""prbe"":1,""safe"":0,""estp"":0,""spc"":1,""hold"":0,""macs"":5,""cycs"":1,""sps"":12000,""feed"":185.42,""mark"":153225072}}",5.305242128371364,0.2122252874039073,0.2158880916407964,0.2029681791768308,5.305242128371364,0.2122252874039073,0.2158880916407964,0.2029681791768308,-1.024560060000004,0.0849966800000084,0.0204006600000024,0.246234299999982,-0.3544537199996863,1.1563446799999828,11.023648560000089,4.090049580000371,18.886735879999527,100.0,40.39981644,166.35352575998414,186.9036065799822,133.08317391998727,100.79091489999036,370.8715523599647,1467.8482768400056,-1.0087316399999997,-0.0006238200000007,0.0313941799999972,0.2998644799999951,1.8257776799999947,4.999517279999994,10.0,-15.0,26.00284600000001,100.0,33.5191434,99.93944783999174,107.14920409999053,95.24373631999158,114.47564519998988,304.9645408199731,1310.8059647999935,-0.9852057400000004,0.0304581400000008,-0.0010590200000002,-1.9010475200000017,-1.106656459999995,0.9239211599999984,-31.01140214000005,36.43153794000001,-40.84027159999992,100.0,34.07,68.96623002000175,46.60608022000143,47.91209518000153,48.763768920001496,147.16578476000458,1337.6900454599916,-1.00798642,-0.0766273199999995,0.0120872000000006,5.3676872199999845,1.7920399999999996,2.0314094999999903,-4.0,16.673867699999967,-94.0,100.0,32.343125220000005,106.47106969999466,90.97211573999544,98.38465935999508,55.25713693999723,219.68081335998895,1392.5267340199916,-0.981633640000002,-0.0336316399999987,0.006892220000002,-5.275359779999994,-8.188893999999994,0.242386460000018,-13.80528913999994,38.0,67.80528913999994,100.0,32.619837399999994,167.5001150399877,4.026444679999703,3.2211565199997634,3.2211565199997634,8.858179479999349,1452.5448862199694,-0.9940858199999998,0.1199489399999995,-0.0120722800000007,3.1046393199999778,1.8262316599999888,3.9120096600000234,-6.0,30.0,37.0,100.0,33.01029418,6.410041920020043,0.1472404400004595,0.1177919600003678,0.1177919600003678,0.3239283600010121,1106.3105004799816,547,X1.4613 Y1.5369 Z-0.0592
16:29:28.034,5,551,1.47463,1.50955,-0.06026,85.01682,55.22774,-27.52306,,185.42,0,0,,2,1,"{""sr"":{""mpox"":85.01682,""mpoy"":55.22774,""mpoz"":-27.52306,""mpoa"":0,""posx"":1.47463,""posy"":1.50955,""posz"":-0.06026,""posa"":0,""unit"":0,""stat"":5,""coor"":2,""momo"":1,""dist"":0,""home"":1,""mots"":1,""plan"":0,""line"":551,""path"":2,""frmo"":2,""prbe"":1,""safe"":0,""estp"":0,""spc"":1,""hold"":0,""macs"":5,""cycs"":1,""sps"":12000,""feed"":185.42,""mark"":153225072}}",5.297513904755956,0.2060544518957938,0.2101857374973192,0.2107637495320977,5.297513904755956,0.2060544518957938,0.2101857374973192,0.2107637495320977,-0.9297299200000032,0.2276089599999932,0.0340174000000084,-0.094628560000286,2.056427599999918,1.1795783999999905,12.15790679999992,17.798292359999603,-0.352740240000321,100.0,40.39839424,26.177903119987,30.647108479984777,21.708505399989217,16.441000439991836,61.13459595996964,2425.5019393200714,-1.0050606000000002,-0.0100585599999996,0.0081999600000022,0.4223915199999784,2.158761360000001,4.834735399999995,10.0,-15.0,26.940274319999997,100.0,33.51059724,36.869360399989546,24.278174639992063,21.50431211999295,25.88868667999151,69.16581635997733,1303.770646560003,-0.9875475199999996,0.0313527199999998,0.0015941999999995,-1.7940798400000229,-1.1068436800000223,0.850809439999993,-31.45085043999999,36.54914956000001,-40.86310288000007,100.0,34.06931552,85.94417932000222,59.30810552000124,60.95555320000128,61.50470260000128,186.64225472000396,1761.834070920013,-1.00251968,-0.0707445199999997,0.0252823600000005,5.138825240000005,1.6897673600000118,1.9760145999999983,-4.0,16.0,-93.80615067999992,100.0,32.35,81.11639627999388,50.55626563999618,54.70640639999587,30.56013047999769,121.8632369199908,1855.6668323200413,-1.0293237200000005,-0.0373094400000008,0.0264929599999991,-5.2484051999999926,-8.031415320000002,0.470589320000003,-13.28541559999995,38.68430264000007,66.34597911999992,100.0,32.61684264,59.0810639599897,1.4270789999997513,1.141663399999801,1.141663399999801,3.1395735999994527,1750.9159524800295,-0.999606599999998,0.1374219200000007,-0.0109664000000009,2.757570999999995,1.7389191600000142,3.926636239999991,-6.830852560000078,30.0,38.0,100.0,33.01340348,181.1258568400169,4.154262480000387,3.32341008000031,3.32341008000031,9.97023092000093,2096.757105080037,551,X1.4769 Y1.5061 Z-0.0604
16:29:28.290,5,555,1.49508,1.48577,-0.06135,85.53625,54.62371,-27.55079,,185.42,0,0,,2,1,"{""sr"":{""mpox"":85.53625,""mpoy"":54.62371,""mpoz"":-27.55079,""mpoa"":0,""posx"":1.49508,""posy"":1.48577,""posz"":-0.06135,""posa"":0,""unit"":0,""stat"":5,""coor"":2,""momo"":1,""dist"":0,""home"":1,""mots"":1,""plan"":0,""line"":555,""path"":2,""frmo"":2,""prbe"":1,""safe"":0,""estp"":0,""spc"":1,""hold"":0,""macs"":5,""cycs"":1,""sps"":12000,""feed"":185.42,""mark"":153225072}}",5.28736349648943,0.1966866097461429,0.1984183059103501,0.200958280121703,5.28736349648943,0.1966866097461429,0.1984183059103501,0.200958280121703,-0.8245792799999816,0.5761065200000138,-0.0386286800000091,3.6080492399999833,1.3201596799999462,1.282,12.557779879999863,19.326660360000407,13.39444983999966,100.0,40.3872112,121.86759916001148,139.17424060001312,98.79207752000931,74.99544568000707,277.62737100002613,2207.2174565600208,-0.9963417999999988,-0.0150265600000005,-0.008992680000002,0.4692942800000036,2.1271110399999835,4.817118159999989,10.0,-15.0,26.30665539999994,100.0,33.51,149.76239772001273,80.42795468000683,71.41447728000607,85.28136560000725,228.1103191600194,1625.6357182400027,-0.99130524,0.0377882399999998,-0.0048570400000013,-1.6631560000000003,-0.908513920000002,0.8869798400000005,-31.41118696000004,36.879258400000026,-40.41118696000004,100.0,34.07,74.42333343999849,50.55169763999897,51.48784079999895,51.955911519998935,157.74002043999678,1947.461771600008,-1.00884436,-0.0881738000000001,0.0316882000000002,5.303239200000007,1.7957523599999985,2.001752040000009,-4.0,16.0,-94.57783224000002,100.0,32.35089964,93.94430252000336,76.76175312000326,83.2078641200035,46.136636440001965,185.97207484000785,1570.575379479997,-1.0170669999999975,0.0066728800000013,0.0013208000000007,-5.33457104000001,-8.080925439999989,0.4640745600000097,-13.0,38.05202903999999,67.0,100.0,32.6146508,133.38197996000903,3.194690960000215,2.555752480000172,2.555752480000172,7.028319680000472,1752.544345160008,-1.011209919999999,0.0996190000000054,0.0010892799999983,2.764480639999996,1.7617667199999878,4.027512519999999,-6.289228239999932,30.0026642,37.421543520000135,100.0,33.01289216,61.61127799998567,1.4328204799996664,1.4328204799996664,1.1462564399997333,3.4387690399992,1337.0670294399663,555,X1.5005 Y1.4811 Z-0.0616
16:29:28.548,5,558,1.52079,1.46821,-0.06253,86.18917,54.1778,-27.58085,,185.42,0,0,,2,1,"{""sr"":{""mpox"":86.18917,""mpoy"":54.1778,""mpoz"":-27.58085,""mpoa"":0,""posx"":1.52079,""posy"":1.46821,""posz"":-0.06253,""posa"":0,""unit"":0,""stat"":5,""coor"":2,""momo"":1,""dist"":0,""home"":1,""mots"":1,""plan"":0,""line"":558,""path"":2,""frmo"":2,""prbe"":1,""safe"":0,""estp"":0,""spc"":1,""hold"":0,""macs"":5,""cycs"":1,""sps"":12000,""feed"":185.42,""mark"":153225072}}",5.02127465714918,0.1974216575886419,0.2025040243286258,0.2044509128075604,5.02127465714918,0.1974216575886419,0.2025040243286258,0.2044509128075604,-0.9377336800000003,0.3098948800000007,-0.0130454799999992,0.4255362799999878,1.127172080000017,1.118563959999999,13.99927604,5.876510479999989,24.490512400000046,100.0,40.38441412,78.139032079999,85.63248503999891,60.47242531999922,45.90607423999942,170.82356543999782,2109.376494800005,-1.00039872,-0.0034715999999999,0.01808404,0.4801488000000016,1.98671508,4.94385644,10.0,-15.0,26.0,100.0,33.52964104,92.952440559999,51.43878119999943,45.62396167999949,54.5698369199994,146.3009751599984,1326.2684344000015,-0.99154684,0.0396131999999999,0.00921928,-1.7572405199999988,-0.89702032,0.8240337200000001,-31.0,36.81184412,-39.98249272,100.0,34.07,78.89882972000017,54.945385840000085,55.45413948000009,56.28349032000009,170.24429056000028,1702.5535990800004,-1.0128302,-0.0753388799999999,0.02800512,5.31937136,1.6274482799999992,1.92980816,-3.055175240000003,13.741481320000029,-80.82965492000017,100.0,32.3590152,105.78110315999956,62.22417815999974,68.92524391999972,37.33450675999984,152.20991351999936,1612.979383400002,-0.9824850799999998,-0.0170525599999998,0.0172128799999999,-5.20713212,-8.169792639999999,0.4455675199999999,-12.544679119999996,38.0,66.62477847999999,100.0,32.6091992,95.23879483999929,2.3228972399999823,1.8583180399999852,1.8583180399999852,5.110374359999961,1682.2856333599996,-1.03537212,0.1301034799999998,-0.00234584,2.680331759999999,1.8436928800000012,3.96031404,-7.00556292,30.99443708,37.0,100.0,33.01005544,122.0997366000012,2.7879190800000275,2.7879190800000275,2.2303350400000217,6.691006120000067,1659.914129280001,558,X1.5225 Y1.4673 Z-0.0626
16:29:28.804,5,562,1.55034,1.45789,-0.06363,86.93981,53.91569,-27.60858,,185.42,0,0,,2,1,"{""sr"":{""mpox"":86.93981,""mpoy"":53.91569,""mpoz"":-27.60858,""mpoa"":0,""posx"":1.55034,""posy"":1.45789,""posz"":-0.06363,""posa"":0,""unit"":0,""stat"":5,""coor"":2,""momo"":1,""dist"":0,""home"":1,""mots"":1,""plan"":0,""line"":562,""path"":2,""frmo"":2,""prbe"":1,""safe"":0,""estp"":0,""spc"":1,""hold"":0,""macs"":5,""cycs"":1,""sps"":12000,""feed"":185.42,""mark"":153225072}}",5.284910717874991,0.2030084892297761,0.20558654797301,0.2076495379854684,5.284910717874991,0.2030084892297761,0.20558654797301,0.2076495379854684,-0.9705015999999996,0.1107719199999995,0.0023253599999997,0.3623165200000257,2.61380532000001,1.282,11.243157000000023,9.0,12.560789640000005,100.0,40.37560792,71.59134939999907,85.2068819199989,60.17187011999921,45.677916319999404,169.9745534799978,1352.232328440001,-1.00366012,-0.01129108,-0.0137924400000001,0.3413109599999995,1.8611261200000004,4.916750840000001,11.0,-14.446707599999996,26.07687336000001,100.0,33.524467,78.17388231999914,50.92470031999944,45.564205679999496,54.49836355999939,145.1800667599984,1061.9577474400012,-0.99069996,0.04599908,0.00290892,-1.784397360000001,-0.9445960400000006,0.8083322399999998,-32.25134736,37.0,-39.49276504,100.0,34.07492744,83.18650100000013,54.78135472000009,54.78135472000009,55.79582364000009,168.40194128000027,1276.282109560001,-1.0084284,-0.0832734,0.02108152,5.29032392,1.8274045599999995,1.9369197999999996,-4.0,16.52108064,-94.47891936,100.0,32.34,104.35762263999943,61.60125851999973,68.48541335999971,36.69747183999984,150.97981819999936,1374.975682200002,-0.9497511599999996,-0.0678902800000002,0.0079133999999999,-5.14087464,-8.0897718,0.4583370800000005,-12.896079679999998,38.0,67.18235348,100.0,32.6146082,95.48605867999926,2.303916319999982,1.8431331199999856,1.8431331199999856,5.068616279999961,1223.634658880002,-1.0275839200000003,0.1852178,-0.0148258799999999,2.89550824,1.7361690399999998,3.9739923200000007,-7.0,30.43456204,37.0,100.0,33.02,121.5249578800012,2.800114480000028,2.800114480000028,2.240091160000022,6.720274040000067,1047.3252450400016,562,X1.5553 Y1.4569 Z-0.0638
16:29:29.063,5,566,1.58144,1.45542,-0.06471,87.72967,53.85297,-27.63609,,185.42,0,0,,2,1,"{""sr"":{""mpox"":87.72967,""mpoy"":53.85297,""mpoz"":-27.63609,""mpoa"":0,""posx"":1.58144,""posy"":1.45542,""posz"":-0.06471,""posa"":0,""unit"":0,""stat"":5,""coor"":2,""momo"":1,""dist"":0,""home"":1,""mots"":1,""plan"":0,""line"":566,""path"":2,""frmo"":2,""prbe"":1,""safe"":0,""estp"":0,""spc"":1,""hold"":0,""macs"":5,""cycs"":1,""sps"":12000,""feed"":185.42,""mark"":153225072}}",5.402128502235604,0.209461399005081,0.2055938523453293,0.2072562730122407,5.402128502235604,0.209461399005081,0.2055938523453293,0.2072562730122407,-0.9842154200000016,0.0673323200000025,-0.0092788199999987,-0.2637274400001617,2.354256280000006,1.025607399999996,12.728693460000022,15.197462800000068,-0.3609178000002262,100.0,40.3974289,119.43124960000368,143.0226072800044,101.00050062000312,76.67191284000235,285.3079837200088,2330.265356840014,-1.0055633599999998,-0.0002338999999998,-0.0176868599999998,0.3639815799999959,1.7099420200000042,4.82522946,10.01764776,-15.0,25.68946022000002,100.0,33.52982346,136.3848770800039,79.92089764000221,71.41794864000198,85.56011672000238,229.1031234600064,1811.310148360009,-1.00084956,0.037493,-0.0156841000000004,-1.8151718000000057,-0.8277119600000008,0.8449249600000008,-31.85122696000001,36.85122696000001,-39.19903557999996,100.0,34.08,75.49775787999938,50.258034159999646,49.79268197999965,50.72338659999964,153.7149894199989,1558.3634850399958,-1.01515828,-0.0777564000000004,0.0065861200000001,5.2911979,1.809436640000002,1.9924366400000015,-3.238684780000008,15.938063219999975,-94.23868478,100.0,32.3416913,125.68201228000174,74.24007258000104,83.00858514000116,43.84256258000061,182.38506022000252,1783.912129179998,-1.0497925600000029,0.0095744800000023,0.0394546199999996,-5.425600160000008,-8.114178019999997,0.4308219800000016,-13.0,38.13716492,66.34884313999999,100.0,32.61514016,133.48719286000292,3.2557853000000714,2.604628440000057,2.604628440000057,7.162727460000157,1794.7815485199976,-1.0102852600000003,0.163446540000003,-0.0158742,2.8663484800000054,1.6502319399999943,3.9512967800000016,-6.742571920000023,30.0,37.257428079999976,100.0,33.01264308,57.869359739995126,1.3215321599998888,1.3215321599998888,1.057225779999911,3.171677599999732,1579.0908915199927,566,X1.5898 Y1.4562 Z-0.065
16:29:29.320,5,569,1.61223,1.46133,-0.0659,88.51186,54.00311,-27.66636,,185.42,0,0,,2,1,"{""sr"":{""mpox"":88.51186,""mpoy"":54.00311,""mpoz"":-27.66636,""mpoa"":0,""posx"":1.61223,""posy"":1.46133,""posz"":-0.0659,""posa"":0,""unit"":0,""stat"":5,""coor"":2,""momo"":1,""dist"":0,""home"":1,""mots"":1,""plan"":0,""line"":569,""path"":2,""frmo"":2,""prbe"":1,""safe"":0,""estp"":0,""spc"":1,""hold"":0,""macs"":5,""cycs"":1,""sps"":12000,""feed"":185.42,""mark"":153225072}}",5.027152354971451,0.2008375531986592,0.199555406608857,0.2072521882655016,5.027152354971451,0.2008375531986592,0.199555406608857,0.2072521882655016,-0.8352802400000008,0.6504816800000011,-0.0436176,-0.3961538400000027,0.8206307200000248,1.1449235199999988,10.247161440000022,6.741485200000068,18.25851479999993,100.0,40.36,20.390841680001877,23.97468696000218,16.930578000001553,12.852409840001169,47.8257932000044,2755.029600239986,-1.0069440799999998,0.0001465599999999,0.0186037999999997,0.7186213599999991,1.5670674799999988,4.801580039999998,10.0,-15.17136988000001,25.82863011999999,100.0,33.52828592,31.189350880001783,19.364816560001117,17.308375960000983,20.735777000001185,55.35252892000317,1220.0678509599995,-0.99272256,0.0444157199999999,-0.0122165599999998,-1.6416619600000002,-0.8396804799999994,0.9391510399999996,-32.0,37.0,-38.757541400000015,100.0,34.09,92.72764955999972,59.61063203999983,58.50673151999983,60.162582359999824,181.59164747999947,1588.7223937600006,-1.0031808,-0.07778056,0.03018996,5.340966280000001,1.734075439999999,2.0239166800000006,-3.363498920000004,16.636501079999995,-94.36349892,100.0,32.3264572,72.01113800000077,45.43735808000051,51.33462336000058,26.616700760000302,112.03893248000126,1743.9899570400023,-0.9884938,-0.03937296,0.0097296399999998,-5.166756160000002,-8.132115319999999,0.3068600800000012,-11.73299379999988,35.03454911999964,60.47004519999938,100.0,32.62097464,53.95033156000145,1.3094738000000354,1.0475794400000285,1.0475794400000285,2.8808429600000784,1680.521509239998,-1.01320636,0.1323423199999998,-0.00414432,2.823263080000001,1.7619825199999992,4.015823079999999,-6.881218599999989,30.86857211999999,36.88121859999999,100.0,33.02868552,188.4802072799976,4.342862359999945,4.342862359999945,3.474289359999956,10.422868959999867,1347.5554195600075,569,X1.615 Y1.4622 Z-0.066
16:29:29.576,5,573,1.64027,1.47483,-0.06698,89.22405,54.34601,-27.69388,,185.42,0,0,,2,1,"{""sr"":{""mpox"":89.22405,""mpoy"":54.34601,""mpoz"":-27.69388,""mpoa"":0,""posx"":1.64027,""posy"":1.47483,""posz"":-0.06698,""posa"":0,""unit"":0,""stat"":5,""coor"":2,""momo"":1,""dist"":0,""home"":1,""mots"":1,""plan"":0,""line"":573,""path"":2,""frmo"":2,""prbe"":1,""safe"":0,""estp"":0,""spc"":1,""hold"":0,""macs"":5,""cycs"":1,""sps"":12000,""feed"":185.42,""mark"":153225072}}",5.30116616007315,0.1999015544930842,0.2047472357559072,0.1989527458499651,5.30116616007315,0.1999015544930842,0.2047472357559072,0.1989527458499651,-0.945033,0.557414,0.044891,2.749633,0.063814,0.977363,14.998513,-4.001487,24.998513,100.0,40.34997,162.757565,194.709971,137.794748,104.84383,387.422916,1931.068931,-1.003266,-0.013534,-0.015402,0.589686,1.448748,4.992811,10.0,-15.0,26.0,100.0,33.54,182.945475,105.473666,94.272923,112.007433,300.55328,1277.594797,-0.991,0.047269,-0.01914,-1.700471,-0.924608,0.827764,-18.237054,21.086594,-23.366226,100.0,34.094301,66.234177,46.449942,45.589758,46.449942,141.070195,1340.779918,-1.009319,-0.077595,0.005744,5.210072,2.011393,1.930928,-4.0,15.680914,-94.319086,100.0,32.34,128.692815,84.433381,96.008925,49.706749,208.359796,1489.178956,-1.012996,-0.025911,0.025996,-5.354524,-7.98468,0.49366,-13.818557,38.0,67.818557,100.0,32.618186,170.259867,4.092785,3.274228,3.274228,9.004128,1492.707283,-1.017046,0.128991,-0.004981,2.808,1.648567,3.846133,-6.009289,30.0,37.0,100.0,33.000093,2.024991,0.046445,0.046445,0.037156,0.111467,1265.97534,573,X1.6454 Y1.4783 Z-0.0672
16:29:29.834,5,576,1.6641,1.49528,-0.06808,89.82926,54.86523,-27.72161,,185.42,0,0,,2,1,"{""sr"":{""mpox"":89.82926,""mpoy"":54.86523,""mpoz"":-27.72161,""mpoa"":0,""posx"":1.6641,""posy"":1.49528,""posz"":-0.06808,""posa"":0,""unit"":0,""stat"":5,""coor"":2,""momo"":1,""dist"":0,""home"":1,""mots"":1,""plan"":0,""line"":576,""path"":2,""frmo"":2,""prbe"":1,""safe"":0,""estp"":0,""spc"":1,""hold"":0,""macs"":5,""cycs"":1,""sps"":12000,""feed"":185.42,""mark"":153225072}}",5.322850435874909,0.2073549862672815,0.2082860298444878,0.2053787696667002,5.322850435874909,0.2073549862672815,0.2082860298444878,0.2053787696667002,-1.0379198799999914,0.1764877200000064,-0.0159749600000015,-1.1152138799996258,1.6193315199998937,1.2306579200000038,15.198987479999689,-3.3146569600001223,12.51498191999981,100.0,40.33320672,26.82418200001046,30.97554372001208,22.034149720008585,16.765113560006533,61.95108744002415,2520.829916279916,-1.00510488,-0.0070580399999991,0.0138071999999998,0.5899724399999973,1.825528799999996,4.881168519999996,10.790996079999946,-15.0,26.05965848,100.0,33.54,42.73083984001259,23.40841812000604,20.96003188000539,25.080448320006468,67.29920364001737,1271.1864505199908,-0.99055436,0.0389830799999993,0.0050232399999992,-1.8034917200000065,-0.9026060000000088,0.8439980399999996,-31.55165511999999,36.55165511999999,-39.964691360000046,100.0,34.08068,84.67524887999866,59.57875999999898,57.92379395999901,59.57875999999898,180.9428996399969,1543.726669079987,-1.01466124,-0.0701415599999999,-0.006057759999999,5.193704800000012,2.0075155199999792,1.9474868800000065,-4.0,16.0,-95.51939975999994,100.0,32.33806436,50.954335800003015,46.42506196000275,52.84153372000313,27.17564552000161,114.36417636000677,2128.524379679956,-0.9761247600000008,-0.0259565600000003,0.0033987599999999,-5.294434639999998,-8.229401880000006,0.3747454799999928,-13.030370240000012,38.0,67.96962975999999,100.0,32.62091104,59.67892464000816,1.4277252400001954,1.142180400000156,1.142180400000156,3.1409958400004294,2431.1078042799545,-1.01733644,0.1144097200000015,0.0011144399999993,2.9289685599999777,1.840935640000004,3.997952040000011,-6.828777599999938,30.82877759999994,37.16705072000006,100.0,33.00513684,179.47269583998684,4.154315599999696,4.154315599999696,3.3234529199997564,9.97035807999927,2209.596208119929,576,X1.6646 Y1.4958 Z-0.0681
16:29:30.092,5,580,1.68156,1.52096,-0.06926,90.27272,55.51772,-27.75166,,185.42,0,0,,2,1,"{""sr"":{""mpox"":90.27272,""mpoy"":55.51772,""mpoz"":-27.75166,""mpoa"":0,""posx"":1.68156,""posy"":1.52096,""posz"":-0.06926,""posa"":0,""unit"":0,""stat"":5,""coor"":2,""momo"":1,""dist"":0,""home"":1,""mots"":1,""plan"":0,""line"":580,""path"":2,""frmo"":2,""prbe"":1,""safe"":0,""estp"":0,""spc"":1,""hold"":0,""macs"":5,""cycs"":1,""sps"":12000,""feed"":185.42,""mark"":153225072}}",5.159674579477547,0.1979006043766006,0.2037520004432657,0.2052182071074654,5.159674579477547,0.1979006043766006,0.2037520004432657,0.2052182071074654,-0.993349760000002,0.1948195199999998,0.0085465599999998,2.46980543999994,1.4149711999999668,1.115666879999996,10.0,4.726773440000068,5.591533119999916,100.0,40.35,111.11602272000276,132.9302112000033,94.07368800000236,71.57780608000178,265.1787289600066,3056.478971200015,-1.0051429600000004,-0.0083870399999999,0.025098160000001,0.61,1.5116490800000024,4.871469760000004,3.4216249199998527,-5.132437719999779,8.896225879999617,100.0,33.537027519999995,146.03992112000327,73.67779800000166,66.44158548000149,78.94049752000176,212.4815066000048,1859.6376434400047,-0.98924448,0.03899544,-0.0128066800000004,-1.8360519599999996,-1.0200026800000028,0.916,-31.86338304000001,37.0,-39.52690092,100.0,34.08863392000001,73.33038347999961,51.56781803999973,49.67542067999973,51.094718959999724,155.17655287999918,1969.419953640004,-1.00318648,-0.06891912,0.0376122399999997,5.5152705999999965,1.7152707199999997,2.05473276,-3.563327840000006,16.0,-94.58718704000002,100.0,32.34484408,83.19157288000048,69.18653840000076,78.86591020000084,39.99628276000043,170.58556592000184,2860.9266180400164,-1.0268912800000003,-0.0192287199999997,0.0110654399999998,-5.344258680000005,-8.19531172,0.4063621600000025,-13.0,38.0,68.05956927999999,100.0,32.61505724,126.80735248000222,3.067296360000053,2.4538371600000426,2.4538371600000426,6.748051920000118,2728.636415480008,-1.0147129199999996,0.1005190400000001,-0.0008291599999995,2.8688057600000003,1.750326200000001,3.926256199999999,-6.99681792,30.328884199999983,37.67111580000002,100.0,33.0165458,72.3058282399963,1.6285095999999166,1.6285095999999166,1.3028074799999334,3.9084234399998,2817.9642305600155,580,X1.6834 Y1.5246 Z-0.0694
16:29:30.349,5,584,1.69195,1.55052,-0.07035,90.53665,56.26837,-27.77939,,185.42,0,0,,2,1,"{""sr"":{""mpox"":90.53665,""mpoy"":56.26837,""mpoz"":-27.77939,""mpoa"":0,""posx"":1.69195,""posy"":1.55052,""posz"":-0.07035,""posa"":0,""unit"":0,""stat"":5,""coor"":2,""momo"":1,""dist"":0,""home"":1,""mots"":1,""plan"":0,""line"":584,""path"":2,""frmo"":2,""prbe"":1,""safe"":0,""estp"":0,""spc"":1,""hold"":0,""macs"":5,""cycs"":1,""sps"":12000,""feed"":185.42,""mark"":153225072}}",5.185099710611815,0.1935083664007155,0.200013927114751,0.2051071342623328,5.185099710611815,0.1935083664007155,0.200013927114751,0.2051071342623328,-1.0538577599999996,0.1269448200000062,0.0031627200000006,2.3957562799999046,3.1201757799999057,1.1225859200000163,13.694094159999548,0.3955705799990918,17.294067020000455,100.0,40.3646,73.84511276001446,89.52643650001754,63.683754040012495,48.45503020000949,179.51434996003516,1584.4518430799872,-0.995976659999999,-0.0066497000000006,-0.0250296000000073,0.4163619000000107,1.557873779999977,4.907081060000015,10.0,-15.0,25.569823179999915,100.0,33.534301920000004,85.04975720001372,52.53639714000895,46.957311440008,56.25578858000959,150.63533466002565,1154.353203120005,-0.9842912999999992,0.0378935399999994,-0.0051024600000007,-1.8461222599999856,-0.9537038799999936,0.9260707800000056,-31.505856179999988,37.0,-40.69095206000005,100.0,34.1,84.02594567999658,55.138343359998565,53.11491809999862,54.63248717999858,165.92088725999568,1283.4977326800104,-1.00756692,-0.0743737200000004,0.0378875000000006,5.449881599999987,1.8667788199999908,2.064426280000002,-3.513319399999967,16.366618959999936,-94.0,100.0,32.32219912,83.2223826800056,59.86171344000402,68.13528394000458,34.554322800002325,147.4642209000099,1359.7314487800118,-0.9732525399999984,-0.0334963599999991,0.0194857599999988,-5.305959780000012,-8.229075000000007,0.4196295599999909,-13.560412460000077,37.91317085999999,66.52641667999995,100.0,32.624735380000004,97.55812194001172,2.367915600000285,1.8943327400002277,1.8943327400002277,5.209414440000625,1360.5810634600111,-1.025422400000001,0.1433318599999992,-0.0112027400000006,2.691064599999989,1.6161793400000055,3.943692479999984,-6.995585379999999,31.0,37.0,100.0,33.020044160000005,117.02914865998062,2.6965244599995537,2.692109379999553,2.157219399999643,5.932352979999019,1092.5491031600304,584,X1.6932 Y1.5576 Z-0.0706
16:29:30.606,5,587,1.69426,1.58181,-0.07144,90.59529,57.06317,-27.80712,,185.42,0,0,,2,1,"{""sr"":{""mpox"":90.59529,""mpoy"":57.06317,""mpoz"":-27.80712,""mpoa"":0,""posx"":1.69426,""posy"":1.58181,""posz"":-0.07144,""posa"":0,""unit"":0,""stat"":5,""coor"":2,""momo"":1,""dist"":0,""home"":1,""mots"":1,""plan"":0,""line"":587,""path"":2,""frmo"":2,""prbe"":1,""safe"":0,""estp"":0,""spc"":1,""hold"":0,""macs"":5,""cycs"":1,""sps"":12000,""feed"":185.42,""mark"":153225072}}",5.084486040559192,0.1870902179140565,0.2042422023053527,0.200560901646906,5.084486040559192,0.1870902179140565,0.2042422023053527,0.200560901646906,-0.9607615999999968,0.1751580000000133,-0.0002048000000003,2.6587795999997788,1.9294596000000728,1.196435999999986,10.19798679999983,-12.399328599999942,17.201341800000115,100.0,40.3639932,65.88928699999065,77.46982899998898,55.10740379999216,41.92954659999404,154.939657399978,1529.8322535999855,-1.0046292,-0.0143707999999998,0.0010138000000001,0.5264000000000102,1.803390199999996,4.906448199999997,10.0,-15.0,25.0,100.0,33.544115399999995,91.36571659998904,46.50597259999443,41.56728499999502,49.79843059999403,134.16767399998392,1340.42739579998,-0.9920062,0.0391020000000002,-0.0191140000000001,-1.7542307999999986,-0.9295640000000004,0.854,-32.0,36.74149239999998,-40.25535439999998,100.0,34.09,82.21791980000125,55.49709580000085,54.46937240000084,55.49709580000085,169.0605980000026,1426.673437999979,-1.0032538,-0.0762819999999998,0.0148617999999994,5.326621199999997,1.8846028000000012,2.0583788000000025,-3.5354178000000203,16.0,-93.656689,100.0,32.3272752,74.37238679999531,57.14365479999748,65.23366419999715,33.44994419999852,141.42520379999377,1601.7636191999914,-1.0196496000000008,-0.0477920000000004,0.0231128,-5.154409400000004,-8.126613600000008,0.3376199999999948,-13.0,37.88747059999999,66.11252940000001,100.0,32.6167596,90.81953039999271,2.182836199999823,1.7462687999998583,1.7462687999998583,4.80223959999961,1665.0146684000008,-1.0148286000000002,0.1280863999999995,-0.0080286000000002,2.819728400000007,1.9138931999999795,3.943344600000004,-6.0,30.596135800000056,37.20834120000011,100.0,33.04,131.1499000000122,2.980679800000277,2.3845440000002216,2.3845440000002216,6.557494800000611,1526.5147073999915,587,X1.6942 Y1.5835 Z-0.0715
16:29:30.863,5,591,1.68843,1.61232,-0.07263,90.44734,57.83808,-27.83718,,185.42,0,0,,2,1,"{""sr"":{""mpox"":90.44734,""mpoy"":57.83808,""mpoz"":-27.83718,""mpoa"":0,""posx"":1.68843,""posy"":1.61232,""posz"":-0.07263,""posa"":0,""unit"":0,""stat"":5,""coor"":2,""momo"":1,""dist"":0,""home"":1,""mots"":1,""plan"":0,""line"":591,""path"":2,""frmo"":2,""prbe"":1,""safe"":0,""estp"":0,""spc"":1,""hold"":0,""macs"":5,""cycs"":1,""sps"":12000,""feed"":185.42,""mark"":153225072}}",5.150555098348987,0.2029300674868267,0.2103277030049757,0.2098941543075068,5.150555098348987,0.2029300674868267,0.2103277030049757,0.2098941543075068,-1.0054793600000025,0.3421097400000001,0.0339847799999988,4.144965600000047,1.7727427399999514,1.3558861400000042,11.734095740000022,0.379798220000227,-3.9513215600000895,100.0,40.34253928,117.1962848400036,142.9942091600044,101.71753030000312,77.39377270000239,285.9884180600088,1503.0151885599698,-1.00658338,-0.0097204800000002,0.0084733799999999,0.5457819800000003,1.5611050599999892,4.88514526,10.0,-14.70663880000002,25.706638800000015,100.0,33.53310912,129.9687577000036,80.55680630000224,72.077142960002,86.20991544000239,231.75989338000645,1178.9368686799935,-0.99280144,0.0420966200000001,-0.0077907,-1.6335501799999983,-0.946603720000004,0.8632234999999991,-31.46558078,37.0,-40.92007190000002,100.0,34.10217566,74.28628811999938,50.282704499999646,49.35154319999965,50.282704499999646,153.17601617999892,1322.0189618599975,-1.00708674,-0.0772245600000001,0.0153187400000001,5.249561140000005,1.6728655400000014,1.900047180000001,-3.7612160599999926,16.0,-94.41557276,100.0,32.331768,99.9370087400014,72.468942080001,82.40420046000115,42.663167460000594,178.83464724000248,1577.86228495999,-0.9737711600000002,-0.0346821599999997,-0.0024362999999998,-5.32992832000001,-8.205069299999995,0.4234895800000056,-13.648935660000015,37.0,67.42301843999996,100.0,32.6178849,134.32973594000296,3.2446797800000717,2.595743380000057,2.595743380000057,7.138295220000155,2007.200439619995,-1.0135469,0.1387709999999996,-0.00480062,2.9462273999999984,1.6927726000000012,3.862389939999999,-6.0,30.0,38.26601911999998,100.0,33.030095460000005,57.49821599999523,1.3300945999998894,1.0640754799999113,1.0640754799999113,2.9262080599997566,1520.441710139989,591,X1.6868 Y1.6171 Z-0.0728
16:29:31.121,5,595,1.67483,1.64059,-0.07372,90.10176,58.55619,-27.86491,,185.42,0,0,,2,1,"{""sr"":{""mpox"":90.10176,""mpoy"":58.55619,""mpoz"":-27.86491,""mpoa"":0,""posx"":1.67483,""posy"":1.64059,""posz"":-0.07372,""posa"":0,""unit"":0,""stat"":5,""coor"":2,""momo"":1,""dist"":0,""home"":1,""mots"":1,""plan"":0,""line"":595,""path"":2,""frmo"":2,""prbe"":1,""safe"":0,""estp"":0,""spc"":1,""hold"":0,""macs"":5,""cycs"":1,""sps"":12000,""feed"":185.42,""mark"":153225072}}",5.160292382864854,0.2010995502780444,0.2061442478638727,0.2061873960709421,5.160292382864854,0.2010995502780444,0.2061442478638727,0.2061873960709421,-0.9267301000000108,0.4744566000000013,0.0300216000000082,1.4972013999997726,3.680920900000336,1.0693745999999742,9.794263100000167,-1.7942631000001694,-2.308605299999746,100.0,40.3120576,16.973279299986032,19.95646209998358,14.195833299988324,10.80117769999112,39.810054899967255,1731.489584199971,-0.9983681999999998,-0.0176251000000002,-0.0355009000000022,0.4368034999999952,1.618039599999984,4.892396199999995,10.0,-15.0,25.006676499999998,100.0,33.5415407,36.35293829998259,17.560317299991578,15.711862699992468,18.946658499990928,50.83249829997564,1453.7390682000091,-0.9940696000000006,0.0446717000000005,-0.0011342000000003,-1.6712848000000022,-0.9695505999999984,0.8939720000000104,-32.0,37.0,-40.0,100.0,34.1094279,90.33095220000205,60.59467640000137,59.47255260000134,61.155738300001374,185.15039980000412,1287.4942987999918,-1.0064243,-0.0723364999999997,0.0067377,5.323630800000004,1.7957505999999963,1.9746195,-3.9322766000000575,16.64334330000003,-94.6455891,100.0,32.3557565,40.73571549999456,44.87097449999623,50.64519919999569,26.392569099997758,110.49574019999064,1389.361119099984,-1.0117114000000016,-0.0360996000000005,0.019145999999999,-5.300065000000008,-8.16934680000002,0.4065853999999944,-13.167490000000017,37.16749000000002,66.33498000000004,100.0,32.6124892,51.2738217999888,1.244622099999732,0.9956976999997852,0.9956976999997852,2.738169499999411,1709.358465399975,-1.0164834000000007,0.1245398000000004,0.0036121000000002,2.7480215,1.7679569999999998,3.9785304999999895,-5.901305300000084,30.892933500000083,38.10706649999992,100.0,33.0300837,195.55244330001824,4.464667300000417,3.5717339000003334,3.5717339000003334,9.822269000000915,1250.1875564999848,595,X1.6702 Y1.6472 Z-0.074
16:29:31.378,5,598,1.65436,1.66423,-0.07481,89.58177,59.15662,-27.89263,,185.42,0,0,,2,1,"{""sr"":{""mpox"":89.58177,""mpoy"":59.15662,""mpoz"":-27.89263,""mpoa"":0,""posx"":1.65436,""posy"":1.66423,""posz"":-0.07481,""posa"":0,""unit"":0,""stat"":5,""coor"":2,""momo"":1,""dist"":0,""home"":1,""mots"":1,""plan"":0,""line"":598,""path"":2,""frmo"":2,""prbe"":1,""safe"":0,""estp"":0,""spc"":1,""hold"":0,""macs"":5,""cycs"":1,""sps"":12000,""feed"":185.42,""mark"":153225072}}",5.426588750084465,0.2088372346194592,0.2097934765712146,0.2051194272017298,5.426588750084465,0.2088372346194592,0.2097934765712146,0.2051194272017298,-0.8316751600000072,0.8458459599999782,-0.058229319999997,0.6919963600000886,1.066688280000097,1.0938842799999944,9.00003908,-7.042032040000045,7.664212679999637,100.0,40.31041996,156.1585569999926,185.8571680399912,131.2496693599938,100.59279719999525,370.75632811998247,2875.254322320011,-1.0120318400000003,-0.0135101999999991,-0.0067271599999985,0.5366371599999952,1.4339231200000202,4.883,10.0,-15.0,26.0,100.0,33.54064032,125.81288583999448,103.34629855999546,92.56233687999594,111.43426959999512,298.35627111998696,1275.882753720016,-1.0016327599999997,0.0450466,-0.0211104000000003,-1.809217240000006,-0.9200113600000064,0.8954173999999964,-32.01719808000002,37.0,-40.96560383999996,100.0,34.11,65.646539320001,46.2117090000007,46.2117090000007,47.07547956000071,142.95397784000218,1475.829045200023,-1.00235836,-0.0819119199999991,0.0283708000000002,5.392121239999999,1.7895482000000005,2.0554518,-3.0128102000000148,16.333277160000016,-94.98718979999998,100.0,32.35333236,94.13660015999706,85.3405093999979,94.68743823999768,50.67092719999875,208.70983459999488,2091.8436958400125,-0.987594719999998,-0.0100211200000021,-0.0020331999999999,-5.532268799999984,-8.21649144,0.5686348799999917,-13.0,36.21863008000004,66.99258927999999,100.0,32.61788756,164.847830279994,3.943905199999857,3.1551245199998856,3.1551245199998856,8.676591999999685,2196.41057236002,-1.0203217199999983,0.0447578800000007,0.0167409599999988,2.7500846800000027,1.778902640000008,3.914998520000008,-6.0,31.0,37.099037760000094,100.0,33.05048456,10.72998276000973,0.2449770800002221,0.1959814400001777,0.1959814400001777,0.5389487600004886,1491.151990440021,598,X1.6524 Y1.666 Z-0.0749
16:29:31.636,5,602,1.62862,1.68166,-0.07599,88.92799,59.59943,-27.92269,,185.42,0,0,,2,1,"{""sr"":{""mpox"":88.92799,""mpoy"":59.59943,""mpoz"":-27.92269,""mpoa"":0,""posx"":1.62862,""posy"":1.68166,""posz"":-0.07599,""posa"":0,""unit"":0,""stat"":5,""coor"":2,""momo"":1,""dist"":0,""home"":1,""mots"":1,""plan"":0,""line"":602,""path"":2,""frmo"":2,""prbe"":1,""safe"":0,""estp"":0,""spc"":1,""hold"":0,""macs"":5,""cycs"":1,""sps"":12000,""feed"":185.42,""mark"":153225072}}",5.182547382861888,0.1950875438453407,0.1974740217438768,0.2072239750496961,5.182547382861888,0.1950875438453407,0.1974740217438768,0.2072239750496961,-0.9312224000000064,0.4074951999999699,-0.0073959999999988,2.870055200000416,1.038181600000052,1.2454360000000104,8.600894400000255,-14.597913599999403,12.998509599999574,100.0,40.3320032,34.05067280001449,38.857826400016535,27.64113440001176,21.031297600008948,77.91595120003315,1681.07004800002,-1.0105895999999992,-0.0092400000000009,0.0256091999999945,0.6075192000000064,1.8051456000000203,4.948452800000005,10.756505199999928,-15.0,25.81333799999992,100.0,33.54,43.70754420001285,28.245376400008528,25.323440400007648,30.3799952000092,81.51386560002464,1083.2691851999757,-0.9958629999999992,0.0433402000000003,-0.0110189999999989,-1.7490409999999912,-0.887629600000003,0.8598485999999985,-31.914102199999963,37.0,-40.001068199999935,100.0,34.110859,86.66990619999744,58.1526981999987,58.69618159999869,59.783147799998666,180.97989319999596,1376.0197735999996,-1.0044649999999993,-0.0843159999999992,0.0542621999999986,5.224978000000018,2.102958799999984,1.984745800000005,-4.0,16.0,-94.93545979999998,100.0,32.35,44.61276480000348,50.87420580000396,56.3529662000044,30.524523200002378,124.44613480000967,1368.1533402000146,-1.0057138000000023,-0.0786202000000014,0.0339445999999988,-5.370113800000007,-8.150054199999998,0.5401109999999962,-14.0,37.0,67.03643000000001,100.0,32.6196358,65.43547240001142,1.5506038000002704,1.2404826000002165,1.2404826000002165,3.411328000000595,1511.1696543999913,-1.023594000000003,0.1026058000000018,0.0012099999999984,2.808,1.6992924000000205,4.088843600000001,-6.0,30.78914319999992,37.79170699999992,100.0,33.04,174.96208039998166,3.958534199999585,3.166827199999668,3.166827199999668,8.708774599999087,1249.843721599972,602,X1.6232 Y1.6843 Z-0.0762
16:29:31.894,5,605,1.59907,1.69199,-0.07708,88.17743,59.86175,-27.95042,,185.42,0,0,,2,1,"{""sr"":{""mpox"":88.17743,""mpoy"":59.86175,""mpoz"":-27.95042,""mpoa"":0,""posx"":1.59907,""posy"":1.69199,""posz"":-0.07708,""posa"":0,""unit"":0,""stat"":5,""coor"":2,""momo"":1,""dist"":0,""home"":1,""mots"":1,""plan"":0,""line"":605,""path"":2,""frmo"":2,""prbe"":1,""safe"":0,""estp"":0,""spc"":1,""hold"":0,""macs"":5,""cycs"":1,""sps"":12000,""feed"":185.42,""mark"":153225072}}",5.464866946078936,0.2012331388401758,0.2001715239945894,0.2062203779065461,5.464866946078936,0.2012331388401758,0.2001715239945894,0.2062203779065461,-0.9755092,0.26056612,-0.0251326000000001,6.247321520000054,2.223458399999996,1.138135400000001,6.716873399999966,-4.358436879999983,-4.641563120000017,100.0,40.34,118.68919556000314,125.10482748000332,88.53572424000234,67.36413804000179,248.9265287200066,1229.2220690400045,-1.0018927199999998,-0.0073589600000001,-0.0032223600000001,0.6377748000000006,1.867202759999995,4.865475959999998,10.04184768,-14.377283439999983,26.0,100.0,33.55,75.34873476000179,72.85786788000173,64.76254940000153,77.83960228000186,209.85556832000492,1193.007815600001,-0.9909046,0.03743376,-0.01107828,-1.757185359999999,-0.8766496000000006,0.8837247199999999,-31.52057204,37.15525107999999,-40.689497840000016,100.0,34.11634688,74.31134375999963,51.29879871999975,52.257654999999744,52.73708295999974,160.6083880399992,1467.1446867599975,-1.01169116,-0.0826901200000002,0.00782904,5.395185840000003,1.81751808,2.12896884,-3.0,16.0,-94.56680896,100.0,32.35115272,63.19135772000082,72.51127944000079,79.09273564000087,43.44318240000048,176.05394716000194,1234.151553999999,-0.9642065199999994,-0.0178412000000002,0.0065115599999998,-5.39033884000001,-8.261478399999998,0.3605441200000021,-13.479053439999989,37.0,67.52094656000001,100.0,32.60759808,121.69147464000224,2.9330628800000538,2.346450160000043,2.346450160000043,6.452738760000119,1385.5899385600078,-1.0069975999999998,0.1488575200000005,-0.0052225199999998,2.852410879999998,1.664329920000002,3.851393599999997,-5.997875280000001,30.366147919999985,37.73441991999997,100.0,33.03366132,79.82015631999636,1.8307375999999165,1.464590039999933,1.464590039999933,4.027622479999816,1142.211024280006,605,X1.5986 Y1.6921 Z-0.0771
16:29:32.149,5,609,1.56788,1.69421,-0.07817,87.38537,59.91813,-27.97814,,185.42,0,0,,2,1,"{""sr"":{""mpox"":87.38537,""mpoy"":59.91813,""mpoz"":-27.97814,""mpoa"":0,""posx"":1.56788,""posy"":1.69421,""posz"":-0.07817,""posa"":0,""unit"":0,""stat"":5,""coor"":2,""momo"":1,""dist"":0,""home"":1,""mots"":1,""plan"":0,""line"":609,""path"":2,""frmo"":2,""prbe"":1,""safe"":0,""estp"":0,""spc"":1,""hold"":0,""macs"":5,""cycs"":1,""sps"":12000,""feed"":185.42,""mark"":153225072}}",5.19107604224669,0.1848667721512152,0.1859998687335646,0.2011511468630856,5.19107604224669,0.1848667721512152,0.1859998687335646,0.2011511468630856,-1.11308224,0.1338525600000007,0.0432693799999999,-0.9621371400000264,1.398818280000003,1.216022940000003,11.98825564,2.99227742,8.216987639999848,100.0,40.35,79.7753477400044,89.90964394000495,64.08943862000353,48.873960760002696,179.35821258000988,1807.914353319984,-1.00188252,-0.0065410999999996,0.0319180200000002,0.3857221999999966,2.009563360000008,5.002616759999998,10.0,-15.0,25.963762220000003,100.0,33.56,109.05688012000525,54.85458220000261,48.84352664000233,58.61223192000279,157.65857580000753,1540.1481210599918,-0.99258028,0.0432066599999996,-0.0109051599999994,-1.831,-0.9522063400000016,0.9282109000000004,-31.80331549999999,37.19668450000001,-40.61822331999997,100.0,34.13297558,75.19510245999938,53.61438533999961,55.6375694399996,56.14336513999959,170.1441688599988,1573.4307481199944,-1.00850258,-0.0841575399999994,0.0226782799999997,5.277024220000001,1.7850707399999974,1.9456979999999984,-3.146762080000008,16.0,-95.22000267999998,100.0,32.34633232,70.53859146000134,65.18738816000123,70.53859146000134,39.40431690000075,157.61726606000298,1429.0582238599957,-1.0631608999999984,0.0103548799999987,0.0198967400000003,-5.279047480000012,-8.182344439999996,0.2917705999999999,-13.913698019999996,36.91369802,66.91369802,100.0,32.60172592,99.91553880000336,2.37894146000008,1.903153200000064,1.903153200000064,5.233671260000175,1584.6682302799843,-1.077249439999998,0.1615643800000005,-0.00208648,2.8684457,1.8588226800000016,4.023199660000003,-5.99545612,31.0,38.53934745999997,100.0,33.03534816,117.05201289999457,2.6967367599998746,2.1573892999999,2.1573892999999,5.932821439999724,1487.3536221399856,609,X1.5643 Y1.694 Z-0.0783
16:29:32.408,5,613,1.5371,1.68828,-0.07937,86.60347,59.7675,-28.00841,,185.42,0,0,,2,1,"{""sr"":{""mpox"":86.60347,""mpoy"":59.7675,""mpoz"":-28.00841,""mpoa"":0,""posx"":1.5371,""posy"":1.68828,""posz"":-0.07937,""posa"":0,""unit"":0,""stat"":5,""coor"":2,""momo"":1,""dist"":0,""home"":1,""mots"":1,""plan"":0,""line"":613,""path"":2,""frmo"":2,""prbe"":1,""safe"":0,""estp"":0,""spc"":1,""hold"":0,""macs"":5,""cycs"":1,""sps"":12000,""feed"":185.42,""mark"":153225072}}",5.350004800406359,0.2010491786192181,0.2112505805261842,0.2122911603843121,5.350004800406359,0.2010491786192181,0.2112505805261842,0.2122911603843121,-0.977644720000002,0.4575374000000063,0.0117914800000014,2.195779639999974,2.895235039999996,1.081847279999998,10.359114919999984,-2.920339360000051,6.99739392,100.0,40.34359708,60.78826663999712,70.14030795999668,49.99745011999764,37.76814795999821,140.28032563999335,1942.4143478399997,-1.00257364,-0.0120241200000001,-0.0041074000000005,0.4297896399999998,1.8590925200000012,4.904748919999999,10.379406159999984,-14.97713352,26.02286648,100.0,33.5697714,77.77825495999696,44.76992287999825,39.83764291999844,48.18457747999812,128.99808151999494,1223.400004080003,-0.9864018,0.0332597199999998,-0.0044980399999999,-1.9327176800000017,-1.063590040000002,0.9327724800000003,-31.274960640000007,36.79455844000001,-40.72503936,100.0,34.13,85.7335830400004,55.07733188000026,57.155721720000265,58.19491696000027,175.6239454800008,1459.189114200003,-1.00104236,-0.0736852400000001,0.0267443600000001,5.599001519999999,1.5445982399999998,2.0812011200000007,-4.0,16.203274240000006,-95.30492796,100.0,32.34508204,64.33671435999891,61.29083135999916,65.57928879999909,36.832203399999486,147.08291487999796,1375.107948759997,-0.96562276,-0.0289193999999999,-0.00190172,-5.055362239999998,-8.120911319999996,0.3332745599999981,-13.292106159999983,36.87930304,66.41280311999999,100.0,32.622921039999994,86.56795667999775,2.064015679999947,1.6512125599999574,1.6512125599999574,4.540834199999884,1646.7500362800024,-1.02426428,0.1223203999999998,-0.00043376,2.791536519999998,1.846413240000002,4.0285248,-6.0,30.365055119999983,37.36505511999999,100.0,33.04982784,137.1481818800036,3.1747264000000834,2.5397808800000665,2.5397808800000665,6.984398040000182,1307.7629549999967,613,X1.5308 Y1.6861 Z-0.0796
16:29:32.665,5,616,1.50901,1.67463,-0.08046,85.89009,59.42071,-28.03614,,185.42,0,0,,2,1,"{""sr"":{""mpox"":85.89009,""mpoy"":59.42071,""mpoz"":-28.03614,""mpoa"":0,""posx"":1.50901,""posy"":1.67463,""posz"":-0.08046,""posa"":0,""unit"":0,""stat"":5,""coor"":2,""momo"":1,""dist"":0,""home"":1,""mots"":1,""plan"":0,""line"":616,""path"":2,""frmo"":2,""prbe"":1,""safe"":0,""estp"":0,""spc"":1,""hold"":0,""macs"":5,""cycs"":1,""sps"":12000,""feed"":185.42,""mark"":153225072}}",5.308357403313781,0.1974132824364312,0.2007465868608465,0.2007667468381136,5.308357403313781,0.1974132824364312,0.2007465868608465,0.2007667468381136,-0.9510815399999988,0.1689184600000013,-0.0623219799999983,-0.2308795199996591,2.527810960000025,1.2746694400000091,10.780043339999963,16.780043339999963,-12.900216919999815,100.0,40.34,138.8477184799934,152.88849903999275,108.42602733999485,82.68459645999609,303.43686783998567,1999.5449099800128,-0.99913756,-0.0171970600000001,-0.0165492199999999,0.5952264399999981,1.680124520000004,4.871476480000006,10.270361480000034,-15.014089240000002,26.72963851999997,100.0,33.56,171.96709481999244,88.48946897999618,78.82101377999659,94.45337795999592,253.59694871998903,1364.496768999987,-0.98558494,0.0341668800000001,-0.0017972200000002,-1.7242719600000027,-1.0023762799999985,0.9283258800000006,-32.0,37.0,-39.37554242000007,100.0,34.1387482,67.48869792000085,48.30146396000057,50.92921374000058,51.38803550000058,155.99939364000178,1512.074095619991,-1.00922554,-0.07934574,0.0524674399999993,5.3733176,1.791643760000004,1.992347640000003,-4.0,16.598236839999988,-94.89728724000004,100.0,32.33149534,100.50373335999778,82.55663837999818,87.94076693999807,49.65362983999891,197.41804767999565,1601.277881600006,-1.0133269000000005,-0.0164440399999998,0.0296619399999999,-5.378079379999997,-7.8919922599999985,0.5400042600000005,-13.673624039999977,37.0,67.0,100.0,32.621474979999995,141.46107181999517,3.368121199999885,2.694496379999908,2.694496379999908,7.4098656599997454,1737.2681488200033,-1.0130216000000003,0.1246627399999999,-0.0002553000000001,2.8902785599999934,1.58822226,3.906,-6.0,30.01002066,38.207035960000034,100.0,33.04,49.51291856000783,1.1353874000001805,0.908310120000144,0.908310120000144,2.4978523000003947,1475.1429011399885,616,X1.508 Y1.674 Z-0.0805
16:29:32.923,5,620,1.48545,1.65405,-0.08155,85.29157,58.89811,-28.06387,,185.42,0,0,,2,1,"{""sr"":{""mpox"":85.29157,""mpoy"":58.89811,""mpoz"":-28.06387,""mpoa"":0,""posx"":1.48545,""posy"":1.65405,""posz"":-0.08155,""posa"":0,""unit"":0,""stat"":5,""coor"":2,""momo"":1,""dist"":0,""home"":1,""mots"":1,""plan"":0,""line"":620,""path"":2,""frmo"":2,""prbe"":1,""safe"":0,""estp"":0,""spc"":1,""hold"":0,""macs"":5,""cycs"":1,""sps"":12000,""feed"":185.42,""mark"":153225072}}",5.278409017021307,0.2185614772325677,0.2200609656585661,0.2082178440838831,5.278409017021307,0.2185614772325677,0.2200609656585661,0.2082178440838831,-1.01703004,0.16372744,0.0021992999999999,-0.6112954799999946,0.2793378999999958,1.099,7.126262939999994,12.252524999999988,-3.189393499999992,100.0,40.33063144,10.984838159999514,12.37372603999945,8.77524389999961,6.691912519999707,24.621189199998863,1956.030323620001,-1.00707538,-0.0054016399999999,0.00929644,0.4345534799999999,1.9372102800000004,4.95109772,8.799124040000025,-13.198686060000036,21.997810100000063,100.0,33.56,22.576469799999536,14.290425239999696,12.729286679999731,15.251125879999687,40.94987367999913,1217.77537034,-0.9887603,0.03381578,-0.0112780200000001,-1.81603292,-0.9953257600000004,0.9775338600000004,-32.0,37.0,-40.36946446,100.0,34.14034242,84.30801890000006,59.015613360000046,62.38793346000004,62.94998680000005,191.66022910000012,1405.11588896,-1.00796382,-0.07672814,0.0271258200000001,5.19147312,1.8693509400000003,1.99482406,-3.657177420000001,16.0,-95.0,100.0,32.33,61.45911183999986,47.65231381999986,50.69708171999984,28.79708163999992,113.77640315999967,1615.4156967999998,-0.98773476,-0.01775984,0.0105138,-5.35869998,-8.12731952,0.4850195000000001,-13.1751596,37.1751596,67.7271193,100.0,32.6177602,47.34568365999965,1.1201007799999914,0.8960805999999927,0.8960805999999927,2.4642216799999805,1652.9727550400005,-1.01975162,0.12921908,-0.0035790999999999,2.8152254999999995,1.5839437,4.1452752,-6.0,30.0,38.93165736,100.0,33.04990882,200.30628644000055,4.658285980000014,3.72662856000001,3.72662856000001,10.24822838000003,1449.5265937199997,620,X1.4826 Y1.6508 Z-0.0817
16:29:33.179,5,624,1.4679,1.6281,-0.08274,84.84579,58.23905,-28.09414,,185.42,0,0,,2,1,"{""sr"":{""mpox"":84.84579,""mpoy"":58.23905,""mpoz"":-28.09414,""mpoa"":0,""posx"":1.4679,""posy"":1.6281,""posz"":-0.08274,""posa"":0,""unit"":0,""stat"":5,""coor"":2,""momo"":1,""dist"":0,""home"":1,""mots"":1,""plan"":0,""line"":624,""path"":2,""frmo"":2,""prbe"":1,""safe"":0,""estp"":0,""spc"":1,""hold"":0,""macs"":5,""cycs"":1,""sps"":12000,""feed"":185.42,""mark"":153225072}}",5.251721795924224,0.1926427699883023,0.2023339588290192,0.2032265314997689,5.251721795924224,0.1926427699883023,0.2023339588290192,0.2032265314997689,-1.0144187999999992,0.322266100000002,0.0650382199999992,5.860482079999989,1.1487436799999988,1.1637636000000005,11.814919139999985,16.321067459999938,-0.0613909600000056,100.0,40.3200003,162.32700527999904,183.9080528199989,130.42458863999923,99.4604773999994,365.93952037999776,2195.3367800800006,-0.99322254,-0.00958002,-0.0122609199999999,0.3278307600000001,1.9882306599999997,4.879588699999999,10.055923240000006,-15.0,25.06366996,100.0,33.57880436,162.8751787399991,104.76835825999942,93.32307549999948,111.81160889999936,299.33816669999834,1400.4785293999994,-0.99851154,0.0412010399999999,0.0029521399999998,-1.9213011399999984,-1.02719952,0.9094234200000002,-32.0,37.53656986,-40.46343014,100.0,34.139010240000005,66.50871300000013,45.94351866000008,48.56886274000009,49.44397804000009,149.20704754000027,1769.49338052,-1.01483882,-0.0798437999999999,0.0484024999999999,5.472226559999999,1.6662844999999995,2.09460476,-3.640296039999997,15.980841939999998,-95.64029604,100.0,32.3362117,117.93535999999956,92.32352967999972,97.5991603599997,56.05357171999983,218.9386570199993,1645.241234539999,-1.02040182,-0.0075633000000001,0.02519196,-5.745420959999996,-7.959786000000002,0.5255741999999984,-14.0,37.76561214,68.0,100.0,32.62011148,162.33191337999924,3.883805799999982,3.1070446399999856,3.1070446399999856,8.54437181999996,1748.4613518800004,-1.0253724199999998,0.1281048799999999,-0.01648182,2.74705172,1.538610880000001,4.089,-6.0,30.068772240000005,37.99957622,100.0,33.03930788,14.923665960001212,0.3438630200000279,0.2750907800000223,0.2750907800000223,0.7564991600000615,1651.7625826600013,624,X1.4648 Y1.6213 Z-0.083
16:29:33.438,5,627,1.45788,1.5987,-0.08382,84.59116,57.49222,-28.12166,,185.42,0,0,,2,1,"{""sr"":{""mpox"":84.59116,""mpoy"":57.49222,""mpoz"":-28.12166,""mpoa"":0,""posx"":1.45788,""posy"":1.5987,""posz"":-0.08382,""posa"":0,""unit"":0,""stat"":5,""coor"":2,""momo"":1,""dist"":0,""home"":1,""mots"":1,""plan"":0,""line"":627,""path"":2,""frmo"":2,""prbe"":1,""safe"":0,""estp"":0,""spc"":1,""hold"":0,""macs"":5,""cycs"":1,""sps"":12000,""feed"":185.42,""mark"":153225072}}",5.101770062476141,0.1960385177021866,0.2059967617703693,0.2149425654763591,5.101770062476141,0.1960385177021866,0.2059967617703693,0.2149425654763591,-0.9341493600000036,0.7070155999999956,-0.0345584799999975,4.4668283599999725,0.2156386800000319,1.16,9.99752848,5.199011240000114,16.674809959999592,100.0,40.3224,44.68251212000423,47.08844392000446,33.394355800003154,25.46619948000241,93.69639308000887,3061.0083699199845,-1.0020793200000002,-0.0060055199999999,0.0096408000000006,0.5278095599999972,1.9914707599999988,4.913140960000002,11.0,-15.0,25.0,100.0,33.558263440000005,62.76252012000448,32.309598560002335,28.508469760002065,34.259072240002475,92.04163004000664,1276.1896056799972,-0.98861392,0.0387658799999997,0.0004310000000007,-1.6654654399999966,-1.0114659999999966,0.8248524799999988,-32.0,37.5391058,-40.4608942,100.0,34.14539084,82.64880375999918,56.60615115999965,59.84078795999962,60.816697919999605,183.83521451999883,1541.8804010000013,-1.0072735600000002,-0.0734238799999999,0.0357562399999999,5.102518360000012,1.79629515999999,1.941525560000001,-3.594052919999992,16.0,-94.40594708,100.0,32.33077496,62.51585444000125,56.83259508000114,60.0801719600012,34.50550448000069,134.7744395200027,1996.788410880001,-0.97620224,-0.0370904399999998,-0.0018583199999998,-5.160382000000009,-8.207546119999995,0.3265705600000035,-14.0,37.661597319999984,67.66159731999998,100.0,32.619561999999995,69.37257988000293,1.6920141600000715,1.3536114800000574,1.3536114800000574,3.722431000000158,2004.71163616,-1.0048547200000002,0.1384170799999988,-0.0108614000000005,2.8698110799999945,1.7844965600000011,4.073902479999998,-6.0,30.99671608,37.24421196000002,100.0,33.02996712,164.00924971999518,3.778939719999889,3.0231516799999114,3.0231516799999114,8.313666479999755,1857.1499275199917,627,X1.4574 Y1.5966 Z-0.0839
16:29:33.694,5,631,1.45583,1.56746,-0.08492,84.5393,56.69861,-28.14938,,185.42,0,0,,2,1,"{""sr"":{""mpox"":84.5393,""mpoy"":56.69861,""mpoz"":-28.14938,""mpoa"":0,""posx"":1.45583,""posy"":1.56746,""posz"":-0.08492,""posa"":0,""unit"":0,""stat"":5,""coor"":2,""momo"":1,""dist"":0,""home"":1,""mots"":1,""plan"":0,""line"":631,""path"":2,""frmo"":2,""prbe"":1,""safe"":0,""estp"":0,""spc"":1,""hold"":0,""macs"":5,""cycs"":1,""sps"":12000,""feed"":185.42,""mark"":153225072}}",5.136135814073974,0.1994758540883893,0.2046888756051087,0.1957428816853251,5.136135814073974,0.1994758540883893,0.2046888756051087,0.1957428816853251,-1.0144190400000048,0.2306755200000071,-0.0123589999999976,2.494081520000068,0.1950331200000125,1.4762787599999896,11.276162039999932,6.285963759999933,6.3759085999996605,100.0,40.33,113.687459319994,125.18394399999336,88.7784092399953,67.70152059999641,249.0917255999868,1549.7466117600125,-1.0085210800000002,-0.0037764800000004,0.0195305199999997,0.3533207200000035,1.9639713600000084,5.032825119999993,10.62414851999997,-15.0,25.959555840000004,100.0,33.5537586,88.6290918399958,73.6495273599965,65.5355965999969,78.64271551999627,210.96220511999,1138.1906937599974,-0.98512064,0.0381119999999996,-0.0141341199999995,-1.6089130000000065,-0.8779472000000039,0.9308623999999972,-31.847311039999987,37.0,-39.45806688000004,100.0,34.1388522,80.33218760000085,50.50826144000053,53.39444804000056,53.87547912000056,163.5505611600017,1301.3425449200004,-1.0033680000000005,-0.0747685199999999,0.0139412799999998,5.435789599999994,1.7160585200000007,1.980515880000001,-3.548924519999988,16.0,-93.66463716,100.0,32.347864200000004,83.99108167999866,76.73365975999829,81.24076527999821,46.10962319999898,182.242797999996,1472.25419088,-1.0289403999999995,-0.0218845599999997,0.02728008,-5.295219559999996,-8.24484056,0.3236477199999981,-13.0,38.0,67.93304971999999,100.0,32.61481024,121.2813496799956,2.9295015599998933,2.3436011599999147,2.3436011599999147,6.444902519999765,1758.7161255600038,-0.9788910800000006,0.1364992799999988,-0.0105940000000002,2.7919516800000044,1.76953668,4.066292319999998,-6.364656680000033,30.0,37.63154495999997,100.0,33.026315520000004,78.40114160000716,1.823282480000166,1.4586258000001333,1.4586258000001333,4.011221000000367,1312.0866448800134,631,X1.4562 Y1.5622 Z-0.0851
16:29:33.952,5,635,1.46179,1.53678,-0.08611,84.6905,55.91939,-28.17965,,185.42,0,0,,2,1,"{""sr"":{""mpox"":84.6905,""mpoy"":55.91939,""mpoz"":-28.17965,""mpoa"":0,""posx"":1.46179,""posy"":1.53678,""posz"":-0.08611,""posa"":0,""unit"":0,""stat"":5,""coor"":2,""momo"":1,""dist"":0,""home"":1,""mots"":1,""plan"":0,""line"":635,""path"":2,""frmo"":2,""prbe"":1,""safe"":0,""estp"":0,""spc"":1,""hold"":0,""macs"":5,""cycs"":1,""sps"":12000,""feed"":185.42,""mark"":153225072}}",5.154160382631771,0.2005780557157176,0.2076416064581035,0.2118730176559821,5.154160382631771,0.2005780557157176,0.2076416064581035,0.2118730176559821,-0.9285148400000096,0.4054632799999909,-0.0143893999999989,1.5306179599999143,1.7050205999998786,1.1255728000000085,6.577011839999864,8.460006040000136,4.4653146000000445,100.0,40.33,92.247979119992,102.14803439999116,72.44171831999371,55.24332443999521,202.7346289999824,1866.3187359600029,-1.0036361600000003,-0.0074661999999993,0.0003684800000007,0.4250367999999998,1.8486775200000012,4.975300880000008,9.515103120000042,-15.032187360000004,25.03218736,100.0,33.55482892,108.55341059999182,61.01593847999536,53.80894627999592,64.63552823999507,173.7724866799868,1620.736470800004,-0.99138288,0.0413560000000001,-0.0079224000000004,-1.628422879999985,-0.8710279599999908,0.9326516800000016,-31.22250175999998,37.0,-41.45404655999995,100.0,34.13727024,72.81474516000115,52.02524872000067,54.50264140000071,55.49359836000072,167.74472952000218,2159.9809325600063,-1.00143172,-0.0744522400000001,0.0331068000000002,5.302287639999993,1.720141279999997,1.9854116799999932,-3.833936960000015,16.0,-94.0,100.0,32.33833912,111.8232378799964,70.65195475999772,75.22654199999758,42.69614567999863,168.2431447599946,1549.2924939200147,-0.9807570400000002,-0.0245515199999999,0.00733352,-5.237001520000001,-8.137165999999999,0.3601603999999961,-13.90165344000001,38.09834655999999,67.21847023999993,100.0,32.62412516,105.24308607999414,2.5544435599998576,2.043555239999886,2.043555239999886,5.619776439999686,1769.8544961599969,-0.9953469600000004,0.1076892399999996,-0.0182043599999995,2.897334880000003,1.7045988000000107,4.028,-6.0,30.480620000000044,36.04413055999991,100.0,33.01480604,103.33866800000958,2.4031000000002227,1.922480000000178,1.922480000000178,5.767440000000534,1439.3177361600044,635,X1.4648 Y1.529 Z-0.0864
16:29:34.208,5,638,1.47563,1.5088,-0.0872,85.04222,55.20876,-28.20738,,185.42,0,0,,2,1,"{""sr"":{""mpox"":85.04222,""mpoy"":55.20876,""mpoz"":-28.20738,""mpoa"":0,""posx"":1.47563,""posy"":1.5088,""posz"":-0.0872,""posa"":0,""unit"":0,""stat"":5,""coor"":2,""momo"":1,""dist"":0,""home"":1,""mots"":1,""plan"":0,""line"":638,""path"":2,""frmo"":2,""prbe"":1,""safe"":0,""estp"":0,""spc"":1,""hold"":0,""macs"":5,""cycs"":1,""sps"":12000,""feed"":185.42,""mark"":153225072}}",5.423988821750974,0.2081639909944863,0.2082098461822453,0.2063813515340963,5.423988821750974,0.2081639909944863,0.2082098461822453,0.2063813515340963,-1.0260009999999975,0.2951221999999884,0.0155295599999976,0.2802295599998879,0.2785855999999916,0.9599305600000042,10.20296691999983,19.043448599999625,11.51720904000024,100.0,40.33000256,62.94865292000596,70.14334716000663,49.99961680000472,37.76949456000358,139.92698504001325,1942.1357703200283,-1.0049606799999995,-0.0106556400000006,0.0111338399999989,0.4677096799999984,1.7925460399999922,4.980488319999998,10.378763680000027,-15.598168959999969,25.598168959999967,100.0,33.56,55.299445200004335,44.31530884000347,39.39138564000308,47.34541592000372,126.50695024000991,1119.7494960399963,-0.98822648,0.03632256,0.0082896799999997,-1.829335519999994,-1.018794959999994,0.8411732399999979,-31.725138560000016,36.72513856000001,-40.06940439999997,100.0,34.14,76.39314699999929,54.5665340799995,57.16493975999947,57.68462163999946,175.13258907999838,1339.4185924399958,-1.0151812,-0.0757952,0.0101560000000001,5.276368800000001,1.7301064000000024,1.9991233599999985,-2.47314959999992,12.09792327999963,-70.72875607999784,100.0,32.33692564,80.73236768000274,61.46761624000167,65.9543035600018,37.03471532000102,147.85589208000405,1608.887548440007,-1.0147147999999997,-0.03170284,0.0246426399999999,-5.281139000000001,-8.362266559999995,0.3335944400000037,-12.585757800000057,38.0,67.40987236000002,100.0,32.61292896,84.25784784000442,2.049362720000108,1.6394897200000862,1.6394897200000862,4.508597440000236,1597.0791590400058,-1.0046232000000002,0.1178171599999998,-0.0165478799999998,2.894940720000008,1.6755772000000082,4.072561560000004,-6.365257680000034,30.634742319999965,36.01788672,100.0,33.030089600000004,137.7390676799928,3.1737112399998337,2.538968919999866,2.538968919999866,7.616907119999601,1503.5563310000002,638,X1.4772 Y1.5064 Z-0.0873
16:29:34.467,5,642,1.49632,1.48529,-0.08829,85.56758,54.61157,-28.23511,,185.42,0,0,,2,1,"{""sr"":{""mpox"":85.56758,""mpoy"":54.61157,""mpoz"":-28.23511,""mpoa"":0,""posx"":1.49632,""posy"":1.48529,""posz"":-0.08829,""posa"":0,""unit"":0,""stat"":5,""coor"":2,""momo"":1,""dist"":0,""home"":1,""mots"":1,""plan"":0,""line"":642,""path"":2,""frmo"":2,""prbe"":1,""safe"":0,""estp"":0,""spc"":1,""hold"":0,""macs"":5,""cycs"":1,""sps"":12000,""feed"":185.42,""mark"":153225072}}",5.255681637635878,0.1927638388508478,0.2014340305031423,0.2055095700122836,5.255681637635878,0.1927638388508478,0.2014340305031423,0.2055095700122836,-1.0512378999999958,0.6330407600000031,0.0443518199999975,0.7680637000000721,0.2099160800000487,1.1536858400000052,14.9218341199999,9.639103939999966,17.434951280000135,100.0,40.34179618,141.92473037999707,159.9729620999967,114.03200877999764,86.13928717999822,318.3051763399934,2238.2575114400074,-1.01287464,-0.0169117799999998,-0.0008735200000004,0.4493265799999974,1.8294862,4.977451739999999,9.780396799999986,-15.232010960000016,24.780396799999988,100.0,33.56987598,162.84230791999687,90.52599575999828,80.38084091999848,96.76916805999817,259.1040506199951,1349.5421284399972,-0.99675398,0.0337268399999998,-0.0188447399999999,-1.6494490200000058,-0.9520459600000016,0.8477550799999994,-32.0,37.0,-40.44441683999999,100.0,34.1454682,65.2917681800005,47.58675732000025,49.39958616000026,49.95516832000028,151.47358354000082,1688.5324965800048,-1.01159534,-0.0699215800000001,0.0308277999999999,5.417071879999999,1.7043175199999991,2.043934279999999,-4.0,16.0,-94.73544668,100.0,32.34226126,116.48623271999884,82.76653395999918,89.51047383999911,50.2730056799995,200.478937979998,1593.1057093400068,-0.9680395799999996,-0.02852954,0.0038964999999999,-5.461386539999998,-8.112698080000001,0.5594879999999977,-13.543776839999992,38.0,66.99149062000001,100.0,32.62154898,146.02566033999778,3.493436519999946,2.794749379999957,2.794749379999957,7.685561179999882,1736.105241020005,-0.9848746800000006,0.0835682200000002,-0.0158526799999998,2.837839699999997,1.736842179999997,3.967,-6.822448179999983,30.0,37.0,100.0,33.038006360000004,41.08514214000362,0.9423198000000836,0.9423198000000836,0.7538562400000661,2.2615679000002,1251.315458980005,642,X1.5009 Y1.4814 Z-0.0885
16:29:34.724,5,645,1.52228,1.46792,-0.08948,86.22698,54.17046,-28.26524,,185.42,0,0,,2,1,"{""sr"":{""mpox"":86.22698,""mpoy"":54.17046,""mpoz"":-28.26524,""mpoa"":0,""posx"":1.52228,""posy"":1.46792,""posz"":-0.08948,""posa"":0,""unit"":0,""stat"":5,""coor"":2,""momo"":1,""dist"":0,""home"":1,""mots"":1,""plan"":0,""line"":645,""path"":2,""frmo"":2,""prbe"":1,""safe"":0,""estp"":0,""spc"":1,""hold"":0,""macs"":5,""cycs"":1,""sps"":12000,""feed"":185.42,""mark"":153225072}}",5.215394662402937,0.2022153521973322,0.2093800372626902,0.2077022677180269,5.215394662402937,0.2022153521973322,0.2093800372626902,0.2077022677180269,-0.8220208399999798,0.0077465999999802,-0.0714007600000103,0.8164803200002275,0.2232623199999113,1.0990787199999998,10.881872960000273,16.08290367999982,13.920103040000182,100.0,40.33,7.188568919983821,7.873706599982291,5.612109599987369,4.2396877199904575,15.707034599964702,1593.9055164399751,-0.99883212,-0.0145817200000003,-0.0130265200000024,0.554907919999996,2.163987880000028,4.89568395999999,9.997153720000007,-15.0,25.997153720000007,100.0,33.57997152,14.971456879988589,11.792585639990998,10.562055039991938,12.612939719990376,33.83959487997418,1050.8711729599754,-0.9938081999999998,0.0348803200000006,0.0010711600000008,-1.8706166400000093,-1.0287000800000017,0.7678460799999977,-31.58763679999996,36.02282387999995,-40.801901560000125,100.0,34.14,86.41642052000196,59.30538640000135,60.99982608000138,62.129451880001405,188.08279636000427,1342.8945047199868,-0.9956795200000004,-0.0665746400000008,0.035876200000001,5.208492399999997,1.799919119999981,2.015650479999996,-4.0,16.027057279999937,-94.38224575999992,100.0,32.3461776,62.00130371999363,44.70631243999564,49.04640063999529,26.87473979999742,108.8697550799895,1332.7608899199768,-1.0012688400000027,-0.0425458399999958,0.0138682800000012,-5.483664679999979,-8.048081919999994,0.4899779199999955,-12.211041839999943,38.0,66.93514964000015,100.0,32.6278892,43.26355295998837,1.0552081599997158,0.8441672799997727,0.8441672799997727,2.321459079999374,1404.3263514399837,-1.0048525599999998,0.1556151600000007,-0.0276650800000007,2.751814439999989,1.8273927600000053,4.019578320000016,-6.03946267999991,30.00983616,35.97037348000009,100.0,33.01088716,205.3514753600192,4.753506760000444,4.753506760000444,3.802804640000355,11.408414880001065,1055.0459466799653,645,X1.5227 Y1.4677 Z-0.0895
16:29:34.980,5,649,1.5519,1.45801,-0.09057,86.9794,53.91865,-28.2931,,185.42,0,0,,2,1,"{""sr"":{""mpox"":86.9794,""mpoy"":53.91865,""mpoz"":-28.2931,""mpoa"":0,""posx"":1.5519,""posy"":1.45801,""posz"":-0.09057,""posa"":0,""unit"":0,""stat"":5,""coor"":2,""momo"":1,""dist"":0,""home"":1,""mots"":1,""plan"":0,""line"":649,""path"":2,""frmo"":2,""prbe"":1,""safe"":0,""estp"":0,""spc"":1,""hold"":0,""macs"":5,""cycs"":1,""sps"":12000,""feed"":185.42,""mark"":153225072}}",5.364236782481578,0.20606218807637,0.2054277209557725,0.2067299591591527,5.364236782481578,0.20606218807637,0.2054277209557725,0.2067299591591527,-0.714444120000008,0.4983699199999863,-0.0891707200000012,5.761350759999499,1.9836138400000327,1.271795719999989,12.25093588000027,1.1672905600001804,29.0,100.0,40.33,156.6966559999846,178.6891690399824,126.45695067998754,96.21724527999052,356.46198339996494,2432.516845760005,-1.00774204,-0.0032767599999993,-0.0015772799999989,0.473956199999979,2.236814239999991,4.883,10.074143040000084,-14.074143040000084,26.066338439999992,100.0,33.59074144,136.66342471998766,98.84461583999106,87.67087651999208,104.86124479999052,281.9220340399745,1484.1590309199912,-0.9885469600000004,0.0463945600000011,-0.0086926000000014,-1.9673407199999864,-1.0904883600000104,0.8302410400000128,-31.439556120000013,37.0,-40.545019359999806,100.0,34.140340800000004,72.08723756000218,46.59297044000141,47.03252656000142,47.91163964000145,145.05358820000438,1592.952344640021,-1.00315264,-0.0762382400000002,0.0091311199999999,5.379658079999981,1.7879673999999983,2.052331799999996,-4.0,16.0,-95.0,100.0,32.34320264,106.8589348399957,86.31198935999562,94.8149422399952,51.646103879997376,209.9318442799894,1819.667326839988,-0.9650339200000028,-0.0236665199999967,0.0147507999999986,-5.537631920000012,-8.20163247999998,0.458841879999993,-13.0,38.0,66.01467512000002,100.0,32.63014672,157.49749535998816,3.8049959599997143,3.043996519999772,3.043996519999772,8.370992119999372,1582.413825240002,-1.0212506399999983,0.0730216800000116,-0.0169068400000008,2.8690998400000005,1.5428229200000163,3.972574360000005,-6.0,30.90861635999991,36.181949880000175,100.0,33.01092236,19.92173420001936,0.4569201200004441,0.4569201200004441,0.3655364800003552,1.0966093600010658,1572.825586120022,649,X1.5554 Y1.4573 Z-0.0907
16:29:35.238,5,653,1.58311,1.45608,-0.09167,87.77215,53.86961,-28.32083,,185.42,0,0,,2,1,"{""sr"":{""mpox"":87.77215,""mpoy"":53.86961,""mpoz"":-28.32083,""mpoa"":0,""posx"":1.58311,""posy"":1.45608,""posz"":-0.09167,""posa"":0,""unit"":0,""stat"":5,""coor"":2,""momo"":1,""dist"":0,""home"":1,""mots"":1,""plan"":0,""line"":653,""path"":2,""frmo"":2,""prbe"":1,""safe"":0,""estp"":0,""spc"":1,""hold"":0,""macs"":5,""cycs"":1,""sps"":12000,""feed"":185.42,""mark"":153225072}}",5.041094087598313,0.2007319029458096,0.2018234485478314,0.2023288086818255,5.041094087598313,0.2007319029458096,0.2018234485478314,0.2023288086818255,-1.010901040000002,0.3117452000000001,0.0550360800000014,-0.1332209600000623,0.06904644,0.960716639999998,13.00132632,11.521326320000025,3.823595640000057,100.0,40.33999592,41.424545879998064,47.215415039997794,33.41398567999844,25.42368455999881,93.70697067999562,1768.8365082399976,-1.01567568,0.0043069600000003,0.0241520800000001,0.24712512,2.0225575599999983,4.907180879999999,10.0,-15.94877448,26.50113656000002,100.0,33.597761760000004,31.023278439998933,31.35507355999888,28.054539559998997,33.33161067999881,89.66450875999679,1485.406222480003,-0.98963464,0.0422661999999998,0.0010911199999997,-1.8241734800000025,-1.0317132000000004,0.8275595999999996,-31.53650728,36.53650728,-40.59659947999998,100.0,34.15,73.9137846000002,56.869805320000175,57.40631260000017,58.376266640000175,176.9444456000005,1615.5970980000004,-1.01341464,-0.0904001600000001,0.0308942000000002,5.184199360000001,1.7920595600000009,1.9624584,-4.0,16.0,-94.5608462,100.0,32.3462754,84.80989267999915,52.34677615999948,58.43361015999942,31.245750079999688,128.63510067999871,1487.100887919998,-1.0327751200000013,-0.0651844399999998,0.0154389599999998,-4.944968879999993,-8.490392720000004,0.2586875999999967,-13.335497599999991,37.71655511999998,66.09761263999997,100.0,32.61664496,68.77698847999855,1.6774875199999644,1.3419901599999715,1.3419901599999715,3.6904726399999217,2042.977530680008,-0.9456704799999992,0.0767513199999998,-0.02348628,2.777223919999998,1.7081430399999973,4.165664120000002,-7.0,30.24773831999999,36.24524063999999,100.0,33.00493008,166.04202088000244,3.773796040000056,3.773796040000056,3.019036680000045,9.057110040000133,2010.409111880009,653,X1.5898 Y1.4567 Z-0.0919
16:29:35.496,5,656,1.61376,1.46234,-0.09284,88.55066,54.02865,-28.35075,,185.42,0,0,,2,1,"{""sr"":{""mpox"":88.55066,""mpoy"":54.02865,""mpoz"":-28.35075,""mpoa"":0,""posx"":1.61376,""posy"":1.46234,""posz"":-0.09284,""posa"":0,""unit"":0,""stat"":5,""coor"":2,""momo"":1,""dist"":0,""home"":1,""mots"":1,""plan"":0,""line"":656,""path"":2,""frmo"":2,""prbe"":1,""safe"":0,""estp"":0,""spc"":1,""hold"":0,""macs"":5,""cycs"":1,""sps"":12000,""feed"":185.42,""mark"":153225072}}",5.433293845797305,0.2016940340470164,0.2047551697755617,0.2051814632432069,5.433293845797305,0.2016940340470164,0.2047551697755617,0.2051814632432069,-0.9900116000000015,0.2439120000000036,-0.0343461999999983,1.8943742000001125,1.112386200000057,1.2454220000000018,12.00458960000014,11.401642800000028,5.798696399999915,100.0,40.3300044,99.4688689999953,116.84596059999448,82.69098739999609,62.91705539999703,232.49350079998905,1342.0984979999894,-1.0051596,-0.0112526000000001,0.0010131999999998,0.3481165999999981,2.108288600000009,4.842319400000002,10.0,-15.412989200000023,26.373048400000027,100.0,33.59,140.29562839999411,66.33224279999722,59.28811079999751,71.02833079999702,190.77857459999203,1139.5693081999998,-0.992152,0.0456039999999998,-0.0090488000000002,-1.670790599999996,-0.9685829999999938,0.8951383999999986,-31.65659540000001,36.16960640000001,-40.03021319999995,100.0,34.1451298,74.99633820000065,52.107845200000455,52.107845200000455,52.594834800000456,160.21944920000138,1236.4120066000005,-1.0048136,-0.0717802,0.0090358000000004,5.202405200000004,1.9315109999999924,1.9651433999999997,-4.0,16.12856680000001,-94.6638184,100.0,32.3440668,79.3064849999989,68.5121981999987,76.54097099999855,40.55055079999922,168.4756707999968,1248.8581287999991,-0.9820062,-0.0311171999999999,0.0004548000000001,-5.710329999999999,-8.039387999999999,0.5056120000000005,-13.437216400000018,38.0,66.43721640000003,100.0,32.6156276,116.49625039999631,2.813918799999911,2.2511351999999287,2.2511351999999287,6.190621799999803,1301.0360626000024,-0.9970556,0.1142748000000002,-0.0185846000000001,2.9306788000000004,1.6727558000000018,4.015832200000004,-7.0,31.0,37.0,100.0,33.0081164,87.25809860000604,2.0013328000001387,2.0013328000001387,1.6010660000001111,4.803198200000334,1287.2690129999933,656,X1.6149 Y1.4627 Z-0.0929
16:29:35.754,5,660,1.64165,1.4763,-0.09395,89.25904,54.38326,-28.37883,,185.42,0,0,,2,1,"{""sr"":{""mpox"":89.25904,""mpoy"":54.38326,""mpoz"":-28.37883,""mpoa"":0,""posx"":1.64165,""posy"":1.4763,""posz"":-0.09395,""posa"":0,""unit"":0,""stat"":5,""coor"":2,""momo"":1,""dist"":0,""home"":1,""mots"":1,""plan"":0,""line"":660,""path"":2,""frmo"":2,""prbe"":1,""safe"":0,""estp"":0,""spc"":1,""hold"":0,""macs"":5,""cycs"":1,""sps"":12000,""feed"":185.42,""mark"":153225072}}",5.142538815672848,0.198420197065923,0.1895376627701333,0.2008511822528198,5.142538815672848,0.198420197065923,0.1895376627701333,0.2008511822528198,-0.9578809599999936,0.1585491200000025,-0.0372282400000026,3.1262445999996844,2.4062662400001176,1.3143767200000358,14.67054415999978,-4.6512643200004415,22.86022736000081,100.0,40.35439736,90.34703519998808,108.75106051998569,76.96228883998985,58.55826351999228,216.3867254799715,1401.1341177999968,-1.00685684,-0.0051486400000004,0.0141407199999984,0.20791032000003,2.0943025999999847,4.942097,10.656822439999942,-14.978827759999986,25.7108570799998,100.0,33.589688040000006,80.99429271999091,62.51186775999281,55.873439519993575,66.9374869599923,179.26876595997933,1094.4143889599943,-0.9933059600000004,0.0410816000000006,-0.0092743599999999,-1.737919240000002,-0.8393390400000078,0.8855356399999993,-31.49136344000001,36.74815807999996,-39.47904359999993,100.0,34.14748144,72.51923476000184,52.57589312000114,52.08452968000113,53.06725712000116,161.65858780000352,1199.845406599997,-1.00973064,-0.0709989199999997,0.0197989599999989,5.287176839999972,1.904766680000026,2.053177360000003,-3.1788746399999765,16.178874639999975,-94.47739572000002,100.0,32.34597036,73.68719175999627,66.37073303999662,74.73239987999621,38.67271075999803,162.52990547999175,1363.374530800004,-1.0136561999999991,-0.02378832,0.0210262799999992,-5.432535160000018,-8.183225639999979,0.4186135200000127,-13.64186419999994,38.0,66.74780779999992,100.0,32.62,110.39965963999047,2.6796032399997696,2.1436830799998154,2.1436830799998154,5.895127639999492,1438.1488130800062,-1.007868199999999,0.11902968,-0.0193380399999995,2.7752691200000044,1.7502676399999868,3.947720679999987,-6.007422799999999,31.0,37.0074228,100.0,33.020148400000004,96.18015656001567,2.20579644000036,2.20579644000036,1.7646376000002877,5.293912240000862,1228.2862809600051,660,X1.6452 Y1.4787 Z-0.0941
16:29:36.011,5,664,1.66496,1.49703,-0.09504,89.85121,54.90981,-28.40656,,185.42,0,0,,2,1,"{""sr"":{""mpox"":89.85121,""mpoy"":54.90981,""mpoz"":-28.40656,""mpoa"":0,""posx"":1.66496,""posy"":1.49703,""posz"":-0.09504,""posa"":0,""unit"":0,""stat"":5,""coor"":2,""momo"":1,""dist"":0,""home"":1,""mots"":1,""plan"":0,""line"":664,""path"":2,""frmo"":2,""prbe"":1,""safe"":0,""estp"":0,""spc"":1,""hold"":0,""macs"":5,""cycs"":1,""sps"":12000,""feed"":185.42,""mark"":153225072}}",5.172331559343353,0.2008262126332707,0.2065347070222198,0.2072734202918092,5.172331559343353,0.2008262126332707,0.2065347070222198,0.2072734202918092,-0.9738252999999994,0.174921899999999,0.0230845000000005,0.3647114999999802,0.8137845000000192,1.1304799999999957,9.606426699999972,-7.122493099999901,12.2449868999998,100.0,40.3430322,50.03019889999767,59.12659869999724,41.84343879999806,31.837399299998516,117.94998369999448,1412.5141317999978,-1.0014675999999998,-0.0107886000000003,0.0116209999999997,0.4057894000000008,1.9910237000000053,4.8606239,10.671395100000012,-15.0191064,26.328604899999988,100.0,33.5834774,62.434932499997664,37.132354499998605,33.189095099998745,39.76119359999851,106.796594599996,1321.0233857000007,-0.9904482,0.0426091999999998,-0.0021575999999999,-1.6683605000000024,-0.8955505000000014,0.9264444999999996,-31.828779200000007,36.4722201,-40.5277799,100.0,34.15301,84.44483650000032,57.00026420000022,55.94470370000021,57.00026420000022,173.63969480000063,1469.8067529999996,-1.0001619000000002,-0.0774276,0.0243864000000003,5.368552900000003,1.7450817000000012,1.9992373999999988,-3.107478299999982,12.429913199999929,-74.37522959999957,100.0,32.343495100000005,68.9673789999988,53.62647639999935,60.68765169999927,31.40282889999961,132.26399619999842,1427.5842884999986,-0.9805041,-0.0315282,0.0031840999999999,-5.067662,-8.163823899999999,0.442176100000001,-13.245278499999989,37.62439340000001,66.24527849999998,100.0,32.6249056,77.88089929999815,1.8780326999999557,1.502426399999964,1.502426399999964,4.131672999999901,1591.9237052000026,-0.9990901000000004,0.1305546999999998,-0.0187510999999999,2.765763499999999,1.7693595,4.014586500000004,-6.702901000000014,30.297098999999985,37.0,100.0,33.02,151.63607380000303,3.4620112000000693,3.4620112000000693,2.7696085000000554,8.308825800000164,1457.0462620000028,664,X1.6697 Y1.5028 Z-0.0953
16:29:36.268,5,667,1.68213,1.52311,-0.09621,90.28732,55.57226,-28.43626,,185.42,0,0,,2,1,"{""sr"":{""mpox"":90.28732,""mpoy"":55.57226,""mpoz"":-28.43626,""mpoa"":0,""posx"":1.68213,""posy"":1.52311,""posz"":-0.09621,""posa"":0,""unit"":0,""stat"":5,""coor"":2,""momo"":1,""dist"":0,""home"":1,""mots"":1,""plan"":0,""line"":667,""path"":2,""frmo"":2,""prbe"":1,""safe"":0,""estp"":0,""spc"":1,""hold"":0,""macs"":5,""cycs"":1,""sps"":12000,""feed"":185.42,""mark"":153225072}}",5.2591641415980686,0.1995841471110461,0.2005643496212302,0.203633462875136,5.2591641415980686,0.1995841471110461,0.2005643496212302,0.203633462875136,-0.972619040000004,0.2013287200000023,0.0143463199999998,4.228541839999838,1.5267224,1.3550994399999878,9.243824159999564,0.8375294799999605,11.766557959999444,100.0,40.34840352,145.28262271999313,163.75786995999226,116.72996883999448,88.17731427999584,326.67595519998457,2348.9367577999847,-1.0078955599999997,-0.0190773199999998,-0.0090906399999993,0.3554464399999984,2.124958319999977,4.920879559999996,11.0,-15.217001560000035,26.793995079999966,100.0,33.58,137.95715911999395,89.72141359999611,80.19347579999652,96.07337207999582,258.04831467998883,1397.9079517200062,-0.9865334800000002,0.0382095600000001,-0.0310695199999992,-1.8146646800000024,-1.0331809600000033,0.854,-31.091879040000023,36.64033468000002,-39.719331479999965,100.0,34.1545156,71.2521879600009,48.76683008000063,47.86374052000062,48.76683008000063,148.55821508000193,1614.684874399994,-1.0004554400000003,-0.0624086000000004,0.0053089600000001,5.380900159999998,1.7571818400000028,1.997468800000001,-3.0,16.620285039999985,-94.48842072000004,100.0,32.3516228,107.30931255999757,77.53563047999823,88.08047615999799,45.28080823999896,191.6680784799956,1905.0407789599928,-1.0193664000000002,-0.0360069600000004,0.0227711199999997,-5.367777439999999,-8.161174600000004,0.3625647600000048,-14.0,38.0,67.13029296000003,100.0,32.62711288,147.9419981599948,3.556297919999876,2.8450383999999005,2.8450383999999005,7.823855359999725,1990.5949904399893,-1.0128691999999984,0.1046577599999998,-0.0132088799999993,2.7072509600000045,1.6679145200000047,3.875874320000008,-6.842240319999961,31.0,37.17965932000004,100.0,33.02820316,37.10519876000852,0.8435490800001934,0.8435490800001934,0.6748390000001552,2.0245171600004634,1654.8992301200046,667,X1.683 Y1.5248 Z-0.0963
16:29:36.526,5,671,1.69187,1.5528,-0.09733,90.53455,56.32636,-28.46456,,185.42,0,0,,2,1,"{""sr"":{""mpox"":90.53455,""mpoy"":56.32636,""mpoz"":-28.46456,""mpoa"":0,""posx"":1.69187,""posy"":1.5528,""posz"":-0.09733,""posa"":0,""unit"":0,""stat"":5,""coor"":2,""momo"":1,""dist"":0,""home"":1,""mots"":1,""plan"":0,""line"":671,""path"":2,""frmo"":2,""prbe"":1,""safe"":0,""estp"":0,""spc"":1,""hold"":0,""macs"":5,""cycs"":1,""sps"":12000,""feed"":185.42,""mark"":153225072}}",5.169518365683318,0.2008925148293265,0.2047401194075849,0.2109393833317257,5.169518365683318,0.2008925148293265,0.2047401194075849,0.2109393833317257,-1.063549,0.334614,0.054656,3.22195,1.280603,1.221932,14.973274,-9.011454,11.034361,100.0,40.34,0.637594,0.744497,0.530692,0.404701,1.485175,1928.730119,-1.008193,-0.014193,-0.027521,0.308924,2.193076,4.833771,11.0,-15.935677,27.064323,100.0,33.579357,15.630532,7.268519,6.496641,7.783104,20.969355,1570.415847,-0.985825,0.035375,-0.016501,-1.77,-0.819307,0.836647,-32.0,36.0,-38.568733,100.0,34.18,86.447476,61.423207,60.28574,61.423207,187.682021,1827.30186,-1.01,-0.066531,0.01021,5.083318,1.977102,1.93342,-3.679023,16.679023,-94.320977,100.0,32.33679,61.948547,40.122116,45.578724,23.431316,99.181871,1804.414326,-0.986387,-0.036827,0.017613,-5.382386,-8.278229,0.400157,-14.0,37.813349,67.186651,100.0,32.621867,38.823434,0.933256,0.746605,0.746605,2.053162,1701.711282,-0.996864,0.116136,-0.015727,2.808,1.70836,4.02864,-6.0,30.989502,37.989502,100.0,33.010105,214.721987,4.947511,4.947511,3.958009,10.884525,1568.209244,671,X1.6928 Y1.5577 Z-0.0975
16:29:36.782,5,675,1.69365,1.58397,-0.09842,90.57985,57.11813,-28.49228,,185.42,0,0,,2,1,"{""sr"":{""mpox"":90.57985,""mpoy"":57.11813,""mpoz"":-28.49228,""mpoa"":0,""posx"":1.69365,""posy"":1.58397,""posz"":-0.09842,""posa"":0,""unit"":0,""stat"":5,""coor"":2,""momo"":1,""dist"":0,""home"":1,""mots"":1,""plan"":0,""line"":675,""path"":2,""frmo"":2,""prbe"":1,""safe"":0,""estp"":0,""spc"":1,""hold"":0,""macs"":5,""cycs"":1,""sps"":12000,""feed"":185.42,""mark"":153225072}}",5.192116714115925,0.202870957023833,0.2088029405070988,0.2108378345033081,5.192116714115925,0.202870957023833,0.2088029405070988,0.2108378345033081,-0.99218248,0.2724004800000023,0.0179875199999998,3.0880522400000032,2.2718738800000065,1.320321919999998,10.506687199999956,3.3813340799999434,-5.753581359999977,100.0,40.3412348,158.64983911999795,170.9277696799978,121.84034383999844,92.03802975999882,340.9789868799956,2410.9666911199924,-1.0046336,-0.0150274399999999,-0.0086828399999999,0.5082580400000026,1.8547914799999956,4.835849080000001,11.0,-15.0,26.77634663999998,100.0,33.58111828,171.09751615999795,94.68503291999887,84.718187799999,101.3295969199988,272.4271129599968,1473.158416999996,-0.98760556,0.02994896,0.0027050400000002,-1.7909428399999996,-0.99449164,0.8610965999999998,-32.0,37.051523200000005,-40.44637168,100.0,34.17553656,63.83111980000023,48.20811820000018,47.31537572000017,48.20811820000018,147.3025830400005,1659.1800150400006,-0.99849992,-0.07300896,0.0342779600000002,5.466198,1.59105124,1.9576914000000003,-4.0,16.0,-95.0,100.0,32.330384599999995,86.21425595999959,80.32874639999947,90.5292218799994,47.1771998799997,197.67267119999872,1878.2904985199991,-1.0232888400000002,-0.0342613599999998,0.0147648000000001,-5.11771528,-8.39998968,0.2929701599999999,-14.0,37.97749892,67.02250108,100.0,32.622871999999994,152.24924711999853,3.676431359999965,2.941145239999972,2.941145239999972,8.088147959999922,1774.7882999599997,-0.99082672,0.1184873600000003,-0.0194665599999999,2.845820279999998,1.511966520000004,3.96720244,-6.0,30.0,37.87112343999999,100.0,33.028711120000004,27.60631820000241,0.6360900400000555,0.5088723600000444,0.5088723600000444,1.399398520000122,1757.3672145199987,675,X1.6928 Y1.592 Z-0.0987
16:29:37.040,5,678,1.68715,1.61472,-0.09959,90.41474,57.89918,-28.52206,,185.42,0,0,,2,1,"{""sr"":{""mpox"":90.41474,""mpoy"":57.89918,""mpoz"":-28.52206,""mpoa"":0,""posx"":1.68715,""posy"":1.61472,""posz"":-0.09959,""posa"":0,""unit"":0,""stat"":5,""coor"":2,""momo"":1,""dist"":0,""home"":1,""mots"":1,""plan"":0,""line"":678,""path"":2,""frmo"":2,""prbe"":1,""safe"":0,""estp"":0,""spc"":1,""hold"":0,""macs"":5,""cycs"":1,""sps"":12000,""feed"":185.42,""mark"":153225072}}",5.287427600887888,0.2134590533361052,0.2160666358363895,0.2093311422468111,5.287427600887888,0.2134590533361052,0.2160666358363895,0.2093311422468111,-0.9317331599999982,0.2421520800000138,-0.0613080399999996,-0.4248355599999266,1.0611317600000536,1.2454628399999794,11.155559160000204,-7.408898559999658,-2.296520240000413,100.0,40.3428108,49.556982319988,54.59667595998677,38.63764723999064,29.398210039992883,108.91336879997364,1536.5835795999922,-1.0054440399999998,-0.012659320000001,-0.0037124000000013,0.3848743599999964,1.817141640000025,5.138705400000022,10.048409920000005,-16.0,25.78740008000007,100.0,33.59,62.74679667998855,35.27382027999328,31.82179627999392,38.058595119992745,102.10842655998051,1115.289516720003,-0.98971672,0.0333452399999991,-0.0004351999999995,-1.8420233599999956,-1.0909244800000124,0.9799478400000076,-32.0,36.59035527999996,-39.40964472000004,100.0,34.17119784,84.22964260000165,56.64899816000103,56.239352720000994,57.17842772000104,174.71186340000318,1186.5554012399953,-1.0077272400000008,-0.0767821599999998,0.0475422800000004,5.090082959999983,1.776476920000014,2.0029758400000026,-3.909637280000022,16.489210480000047,-94.51078951999996,100.0,32.35750496,73.15426791999576,53.394207359996905,60.12103671999652,31.53201207999817,131.59359743999238,1338.1176946799935,-0.9698335200000004,-0.0321526000000003,-0.00514948,-5.404635599999988,-8.155609719999996,0.399635599999988,-13.053052159999988,37.36132575999996,67.36132575999996,100.0,32.64585648,75.15569047999115,1.8066273599997875,1.4453015999998298,1.4453015999998298,3.974579759999532,1474.5325290399978,-0.9942418400000002,0.1223056399999999,-0.0196442000000005,2.9113605600000043,1.6560058400000122,4.001579839999992,-6.0,30.0,37.716560760000064,100.0,33.002908,156.8208353600146,3.564361000000332,3.5606725600003326,2.851489120000265,7.841595320000729,1231.8618692400078,678,X1.6864 Y1.617 Z-0.0997
16:29:37.296,5,682,1.67293,1.64253,-0.10071,90.05357,58.60545,-28.55049,,185.42,0,0,,2,1,"{""sr"":{""mpox"":90.05357,""mpoy"":58.60545,""mpoz"":-28.55049,""mpoa"":0,""posx"":1.67293,""posy"":1.64253,""posz"":-0.10071,""posa"":0,""unit"":0,""stat"":5,""coor"":2,""momo"":1,""dist"":0,""home"":1,""mots"":1,""plan"":0,""line"":682,""path"":2,""frmo"":2,""prbe"":1,""safe"":0,""estp"":0,""spc"":1,""hold"":0,""macs"":5,""cycs"":1,""sps"":12000,""feed"":185.42,""mark"":153225072}}",5.185800841222788,0.2001635546785265,0.2044980255954527,0.207504416636501,5.185800841222788,0.2001635546785265,0.2044980255954527,0.207504416636501,-0.9105882000000076,0.622541599999976,0.0321702000000053,3.383345200000261,2.2703069999999554,1.2205092000000173,10.0015148,-13.398579399999944,9.815809999999605,100.0,40.35,102.33540180000963,116.68617240001096,82.57790660000778,62.83101580000592,232.17707800002185,2843.860714800008,-1.0072138000000002,-0.0025197999999995,0.0181490000000006,0.5443727999999995,1.656709000000011,4.9416864,11.0,-15.0,25.0,100.0,33.593742400000004,138.7293112000117,67.6011476000057,60.54711420000511,72.3038358000061,195.16157280001647,1416.993548999998,-0.9916841999999998,0.0410913999999996,-0.0046575999999995,-1.790875200000007,-1.0450244000000015,0.793169999999995,-31.51328580000001,37.0,-39.82891040000003,100.0,34.18,73.49377779999877,52.07837299999913,52.07837299999913,52.56508619999912,160.61554179999732,1871.642391800004,-1.0084542,-0.078337,0.0265224000000004,5.461664000000004,1.804587800000013,2.0254153999999955,-3.1284255999999817,16.0,-94.0,100.0,32.34,75.28347180000402,68.59016280000257,76.61302300000287,40.64915620000154,168.60848200000638,1861.6440069999976,-1.0058216000000009,-0.0355330000000001,0.0311648000000004,-5.360942600000019,-8.252452999999987,0.3717230000000099,-13.560700800000037,37.56070080000004,66.97241940000009,100.0,32.6492552,116.70019660000736,2.8035024000001774,2.242802200000142,2.242802200000142,6.16770520000039,1902.393333199992,-0.9867604,0.1192006000000001,-0.0165134000000003,2.7718967999999964,1.6482572,3.955792999999993,-6.0,30.9957832,37.9957832,100.0,33.019958,88.0552193999879,2.0196149999997224,1.6156921999997782,1.6156921999997782,4.4431529999993895,1496.477012799994,682,X1.6698 Y1.647 Z-0.1009
16:29:37.555,5,685,1.6521,1.6657,-0.1018,89.52448,59.19401,-28.57822,,185.42,0,0,,2,1,"{""sr"":{""mpox"":89.52448,""mpoy"":59.19401,""mpoz"":-28.57822,""mpoa"":0,""posx"":1.6521,""posy"":1.6657,""posz"":-0.1018,""posa"":0,""unit"":0,""stat"":5,""coor"":2,""momo"":1,""dist"":0,""home"":1,""mots"":1,""plan"":0,""line"":685,""path"":2,""frmo"":2,""prbe"":1,""safe"":0,""estp"":0,""spc"":1,""hold"":0,""macs"":5,""cycs"":1,""sps"":12000,""feed"":185.42,""mark"":153225072}}",5.033101254283318,0.1960037007432596,0.1994157191770497,0.206364217613673,5.033101254283318,0.1960037007432596,0.1994157191770497,0.206364217613673,-0.5134912399999906,0.5592552600000135,-0.1797113600000003,3.643085420000068,0.315285840000099,1.2862558999999831,8.582488699999962,-5.601979060000437,-1.254660020000119,100.0,40.33418768,101.13107269999313,113.33654689999229,80.20740255999453,61.02737141999583,226.09188151998455,3179.415528979993,-0.9998538400000008,-0.0153506,-8.30600000000017e-05,0.6067349199999997,1.634500900000004,4.966731260000007,10.026763240000005,-15.542450799999962,26.54245079999996,100.0,33.60569228,104.37306093999376,66.02881169999597,59.19824505999639,71.12497381999566,190.6598915999884,1795.611887580004,-0.99580102,0.0399928599999996,-0.0122114000000001,-1.800372279999998,-0.9438412200000076,0.8829000000000052,-31.75104602000001,37.0,-39.239599920000025,100.0,34.18488546,74.54654638000068,51.78670110000059,52.275255000000605,53.25236238000061,161.71130206000186,2180.234927160007,-1.00099502,-0.0821740799999997,0.0196722999999996,5.391125359999995,1.7361123400000025,1.9356098999999984,-4.344558399999999,16.0,-95.52973674,100.0,32.34714904,70.98469915999809,69.39548951999812,76.28206523999793,41.31945189999888,168.98596345999545,2036.5048666599907,-0.9512545800000028,-0.0628969799999984,0.0090588400000001,-5.374583360000012,-8.225023759999996,0.340906940000007,-13.451197020000023,37.0,66.90239404000005,100.0,32.6365686,113.05342891999484,2.7440154799998746,2.1952124999999,2.1952124999999,6.036833939999724,2258.317530999999,-1.0029893799999992,0.1613698399999959,-0.0199383599999994,2.8686404000000003,1.5983585999999952,4.052640980000002,-6.0,30.00589106,37.42751660000004,100.0,33.02415716,92.33600194000854,2.108128280000196,1.686502740000156,1.686502740000156,4.637881100000428,2585.732787579971,685,X1.6521 Y1.6657 Z-0.1018
16:29:37.812,5,689,1.62582,1.68256,-0.10296,88.85688,59.62236,-28.60757,,185.42,0,0,,2,1,"{""sr"":{""mpox"":88.85688,""mpoy"":59.62236,""mpoz"":-28.60757,""mpoa"":0,""posx"":1.62582,""posy"":1.68256,""posz"":-0.10296,""posa"":0,""unit"":0,""stat"":5,""coor"":2,""momo"":1,""dist"":0,""home"":1,""mots"":1,""plan"":0,""line"":689,""path"":2,""frmo"":2,""prbe"":1,""safe"":0,""estp"":0,""spc"":1,""hold"":0,""macs"":5,""cycs"":1,""sps"":12000,""feed"":185.42,""mark"":153225072}}",5.356105352084323,0.2031143950846778,0.2094705846804743,0.206071407890942,5.356105352084323,0.2031143950846778,0.2094705846804743,0.206071407890942,-1.013841119999983,0.2281159199999956,0.0418939999999899,0.6120762400004505,2.028043040000036,1.1869089999999909,8.837966000000222,2.398790400000369,-12.549705440000148,100.0,40.33998704,48.79105080001285,54.68035868001439,38.696869240010194,29.44327016000774,109.08096000002868,1823.375241039992,-1.0082835199999989,-0.0067166400000014,0.0261775599999954,0.6184179600000012,1.674867359999993,4.88415304,10.691869919999936,-15.0,25.98109608,100.0,33.599811,70.86999668001474,35.74312856000743,32.045563760006665,38.51630256000802,103.83995168002156,1471.2561735999689,-0.9942967200000004,0.0421584799999998,-0.0061153999999997,-1.8114573999999948,-1.098146439999993,0.8127027600000052,-31.46656740000001,37.0,-39.306383039999965,100.0,34.19,72.01337255999854,56.01040071999886,57.61069807999883,58.144130239998816,176.56611995999643,1555.8641192800042,-1.01096592,-0.0692168399999988,0.0102423199999994,5.356894480000002,1.8711007599999891,2.039773680000001,-3.8087163199999496,16.0,-94.76876696000002,100.0,32.34386172,55.27218296000162,56.00345680000351,61.49617564000385,33.61006412000209,136.28165728000857,1346.0444835999938,-1.0456763599999983,-0.0060975600000032,0.0255461599999991,-5.167167359999996,-8.272606640000015,0.2381325999999955,-13.359585280000047,36.77211135999994,67.13169663999999,100.0,32.62035484,75.11785684000984,1.7979274000002332,1.4383421200001865,1.4383421200001865,3.955440360000513,1268.559264399999,-0.9842498800000036,0.1283096800000074,-0.0181946800000013,2.782954239999978,1.7869061200000045,4.044287640000005,-5.939131200000007,30.40836147999996,38.60435352000004,100.0,33.02,154.65694031998436,3.5635237999996394,2.8508190399997115,2.8508190399997115,7.839752639999207,1282.9726904799834,689,X1.623 Y1.6839 Z-0.1031
16:29:38.069,5,693,1.5959,1.69213,-0.10409,88.09706,59.86528,-28.63643,,185.42,0,0,,2,1,"{""sr"":{""mpox"":88.09706,""mpoy"":59.86528,""mpoz"":-28.63643,""mpoa"":0,""posx"":1.5959,""posy"":1.69213,""posz"":-0.10409,""posa"":0,""unit"":0,""stat"":5,""coor"":2,""momo"":1,""dist"":0,""home"":1,""mots"":1,""plan"":0,""line"":693,""path"":2,""frmo"":2,""prbe"":1,""safe"":0,""estp"":0,""spc"":1,""hold"":0,""macs"":5,""cycs"":1,""sps"":12000,""feed"":185.42,""mark"":153225072}}",5.17283209762336,0.2019300951907322,0.1960627032110918,0.1995382938763245,5.17283209762336,0.2019300951907322,0.1960627032110918,0.1995382938763245,-1.05331006,0.0829889000000004,0.0367874600000007,0.1608308599997725,1.7782655400000584,1.072954519999992,11.580382480000102,0.1336931600002036,15.950367679999998,100.0,40.27419622,156.5776390400062,166.84502522000662,118.93055610000472,90.6952443600036,332.8344346000132,1465.1137675399884,-1.00649784,-0.0107717600000001,0.0113155600000007,0.5698264599999968,1.5152995600000017,5.020326140000008,10.0,-15.0,25.99058318,100.0,33.6,188.68528276000697,96.1801423200035,85.59240454000312,102.71088496000374,276.3317742600101,1035.958578519995,-0.99460072,0.0399095999999999,-0.0204394800000008,-1.8760356200000017,-0.977,0.9786020600000038,-31.920132100000018,37.36914468000001,-39.42144643999993,100.0,34.18551018,64.84777053999916,46.77719715999948,48.49338043999948,49.31153769999949,149.4413873599984,1136.1546533799956,-1.00670608,-0.0788698200000002,0.0342540600000003,5.3048812799999965,1.842660739999997,1.9804410799999983,-3.0955792599999765,16.0,-94.46622965999995,100.0,32.34741298,77.40998464000151,84.96217824000168,91.8850222400018,50.977306400001005,205.16792608000404,1395.4605550000017,-0.9366294399999996,-0.0686956400000011,-0.0020853600000003,-5.423428660000004,-8.216551839999994,0.3244858800000008,-14.0,36.886029220000026,67.0,100.0,32.62547352,148.8931042400044,3.6315392000001063,2.9052316200000856,2.9052316200000856,7.989385840000236,1361.8241725600094,-1.00046154,0.1077133400000006,-0.0192556799999996,2.971603140000004,1.605760459999996,4.061814340000006,-0.8808955399998003,4.6052187199989705,5.7727873199987005,100.0,33.018514700000004,32.52320209999272,0.7427775599998337,0.5942217599998673,0.5942217599998673,1.6341101999996344,1121.5763974799977,693,X1.59 Y1.6931 Z-0.1043
16:29:38.327,5,696,1.56478,1.69362,-0.10518,87.30649,59.90324,-28.66416,,185.42,0,0,,2,1,"{""sr"":{""mpox"":87.30649,""mpoy"":59.90324,""mpoz"":-28.66416,""mpoa"":0,""posx"":1.56478,""posy"":1.69362,""posz"":-0.10518,""posa"":0,""unit"":0,""stat"":5,""coor"":2,""momo"":1,""dist"":0,""home"":1,""mots"":1,""plan"":0,""line"":696,""path"":2,""frmo"":2,""prbe"":1,""safe"":0,""estp"":0,""spc"":1,""hold"":0,""macs"":5,""cycs"":1,""sps"":12000,""feed"":185.42,""mark"":153225072}}",5.273256257807421,0.1981574222924228,0.2050090114249887,0.2063378598316413,5.273256257807421,0.1981574222924228,0.2050090114249887,0.2063378598316413,-0.9446966800000044,0.4236947000000063,-0.0265917399999969,4.179165860000176,2.61484672000002,1.2790989800000054,9.976255740000044,8.95256958000009,-2.213912559999593,100.0,40.29000012,3.895873099992575,4.632288839991172,3.3019905399937066,2.518064379995201,9.264576699982344,2644.561784239997,-0.9942715999999998,-0.0167574800000005,-0.0173619200000005,0.6510342000000175,1.925551899999988,4.942275559999994,10.0,-15.0,25.981344960000044,100.0,33.61,19.526354979993027,9.938994859995354,8.862676439995823,10.697054079995,28.72201111998657,1861.845957400027,-0.9997526400000004,0.0310798200000001,-0.0032408799999992,-1.7606577400000034,-0.8975573000000023,0.820739899999996,-31.43748195999997,37.42891587999999,-40.42891587999999,100.0,34.18,77.19054146000069,59.39271652000069,62.24813616000072,62.819219300000725,190.7505604600022,2105.663787580026,-1.0053603799999995,-0.066351639999999,-0.0009374000000015,5.715017740000005,1.5100889399999968,2.156183200000004,-3.3345603999999693,16.006450219999984,-95.99354978,100.0,32.3500645,48.5603098199976,45.27920801999776,48.23219963999762,27.233147039998656,108.27636681999464,1993.6529143400185,-0.9590334399999988,0.0179306400000037,0.000524459999999,-5.091953099999976,-8.24,0.3169757999999987,-13.800013380000028,37.0,66.99633952,100.0,32.6399634,41.99724503999399,0.9999341199998568,0.7999474999998856,0.7999474999998856,2.199855859999685,2101.165929260016,-0.9773704799999964,0.1916971600000019,-0.0135809400000006,2.8690252600000004,1.6534830199999917,4.029823799999997,-6.00020698,30.02989583999996,38.0,100.0,33.01030094,209.5427878800096,4.850522740000223,3.880418580000178,3.880418580000178,10.67114964000049,2461.9428166200346,696,X1.5643 Y1.6936 Z-0.1052
16:29:38.584,5,700,1.53427,1.68681,-0.10633,86.53172,59.73017,-28.69337,,185.42,0,0,,2,1,"{""sr"":{""mpox"":86.53172,""mpoy"":59.73017,""mpoz"":-28.69337,""mpoa"":0,""posx"":1.53427,""posy"":1.68681,""posz"":-0.10633,""posa"":0,""unit"":0,""stat"":5,""coor"":2,""momo"":1,""dist"":0,""home"":1,""mots"":1,""plan"":0,""line"":700,""path"":2,""frmo"":2,""prbe"":1,""safe"":0,""estp"":0,""spc"":1,""hold"":0,""macs"":5,""cycs"":1,""sps"":12000,""feed"":185.42,""mark"":153225072}}",5.2044803595285325,0.1928792601209048,0.1970699133915384,0.2061290155513484,5.2044803595285325,0.1928792601209048,0.1970699133915384,0.2061290155513484,-1.0167687599999955,0.1992353999999958,-0.0444882799999966,-1.1974145599999195,1.4814063599999352,1.0673776000000117,8.35860991999975,13.678820639999874,-8.393458279999376,100.0,40.30839572,134.33182107999002,164.55608591998777,116.70048939999133,88.99461779999338,327.4330273199757,2601.859308839925,-1.0059701600000002,-0.0062233599999999,0.0055473600000005,0.3946089600000021,1.979770240000015,4.944,10.0,-14.946772560000005,26.096407440000064,100.0,33.60797112,116.38215607999204,94.85942883999353,84.49663379999421,101.23653295999308,272.62121543998137,1282.3826945199876,-0.99070244,0.0394074399999997,-0.0072977599999996,-1.6554416800000131,-0.8570009200000044,0.9202080000000016,-31.479666879999964,36.931015199999976,-38.13796976000005,100.0,34.185203599999994,66.34816732000128,46.4888521600009,49.19693992000095,50.09963640000097,151.65295332000295,1550.0633677999724,-1.0103268800000005,-0.0751527199999999,0.0029624799999998,5.5152442000000015,1.6048092399999985,2.0286729199999973,-3.620271839999978,16.0,-93.94858287999998,100.0,32.34620272,67.96628247999797,86.26920087999692,91.80023015999672,52.10283315999813,205.98166355999265,2006.054621799961,-0.9778098799999996,-0.0313612000000005,0.0136165999999992,-5.203039320000012,-8.164943039999999,0.3226592000000023,-13.970473439999989,37.0,67.28949048000004,100.0,32.6189798,148.55553943999183,3.5525474399998043,2.842038079999844,2.842038079999844,7.815604559999569,1874.7345213599724,-1.0244785199999995,0.1179916800000007,-0.0131476399999993,2.6248172000000225,1.6791056800000117,4.017818679999997,-5.1692064000000615,30.83309903999994,37.166900960000056,100.0,33.02828456,36.718134240013406,0.8345032800003047,0.6676021600002437,0.6676021600002437,1.8359065200006703,1933.6078564799495,700,X1.5309 Y1.6856 Z-0.1065
16:29:38.842,5,704,1.50667,1.67239,-0.10747,85.83046,59.36392,-28.72216,,185.42,0,0,,2,1,"{""sr"":{""mpox"":85.83046,""mpoy"":59.36392,""mpoz"":-28.72216,""mpoa"":0,""posx"":1.50667,""posy"":1.67239,""posz"":-0.10747,""posa"":0,""unit"":0,""stat"":5,""coor"":2,""momo"":1,""dist"":0,""home"":1,""mots"":1,""plan"":0,""line"":704,""path"":2,""frmo"":2,""prbe"":1,""safe"":0,""estp"":0,""spc"":1,""hold"":0,""macs"":5,""cycs"":1,""sps"":12000,""feed"":185.42,""mark"":153225072}}",5.155170521034762,0.1915468043011944,0.199475236794472,0.2009162447572687,5.155170521034762,0.1915468043011944,0.199475236794472,0.2009162447572687,-1.0115599999999996,0.3015330400000038,0.0107096799999996,-1.300827240000012,0.7960060799999998,1.1818940400000022,12.357157040000034,4.00351776,10.317024199999985,100.0,40.29639328,51.96161775999723,62.48145487999668,44.62961043999763,33.79099107999821,124.3253435999934,1620.8818884799966,-1.0058472,-0.0103980799999998,0.01424784,0.2121817599999965,2.0847627199999987,5.04203412,10.0,-15.04656776,25.0,100.0,33.60299744,58.17825483999768,41.21150319999823,36.70940627999843,44.3283393599981,118.78609639999492,1471.5160308399984,-0.98802928,0.0383804799999999,-0.0048667600000001,-1.8850403199999983,-0.9634592400000012,0.9018482000000012,-31.61099239999999,36.86254336,-40.35944075999998,100.0,34.19,75.23768636000041,54.22583328000025,57.384619800000266,58.43754896000027,177.41850288000083,1667.9140219599974,-1.0099786,-0.07472136,-0.0006889599999997,5.314732719999999,2.0378223999999974,1.89823424,-3.0,16.0,-95.33439048,100.0,32.35538824,77.71327731999891,61.55939351999914,65.05212527999909,37.11027295999948,146.25813399999797,1213.9444295599997,-1.0233591199999998,-0.0200371600000001,0.0242607599999998,-5.251086039999998,-8.159825320000007,0.3148143999999959,-13.0,37.55589592000002,66.61551960000001,100.0,32.61503716,79.97200711999777,1.922403679999946,1.5379232799999567,1.5379232799999567,4.229288759999881,1476.8688959999995,-1.0175277199999997,0.1306011999999999,-0.0053423199999999,2.870735400000003,1.689674480000001,4.090220200000003,-6.0,30.99577856,37.99577856,100.0,33.02,147.76882536000363,3.3737176400000832,2.698974040000066,2.698974040000066,7.422178520000183,1161.5065083999973,704,X1.5013 Y1.6685 Z-0.1077
16:29:39.098,5,707,1.48353,1.65112,-0.10857,85.24288,58.82375,-28.75009,,185.42,0,0,,2,1,"{""sr"":{""mpox"":85.24288,""mpoy"":58.82375,""mpoz"":-28.75009,""mpoa"":0,""posx"":1.48353,""posy"":1.65112,""posz"":-0.10857,""posa"":0,""unit"":0,""stat"":5,""coor"":2,""momo"":1,""dist"":0,""home"":1,""mots"":1,""plan"":0,""line"":707,""path"":2,""frmo"":2,""prbe"":1,""safe"":0,""estp"":0,""spc"":1,""hold"":0,""macs"":5,""cycs"":1,""sps"":12000,""feed"":185.42,""mark"":153225072}}",5.21111047461137,0.1913309740357433,0.2009080511489494,0.2026622105818311,5.21111047461137,0.1913309740357433,0.2009080511489494,0.2026622105818311,-0.9777223599999992,-0.0045021999999998,-0.0298022000000003,1.7149007199999975,3.331141640000004,1.0720141200000002,5.01848592000005,5.576095800000056,2.7880474000000284,100.0,40.2988478,90.89035708000092,109.29147212000112,78.06533740000079,59.1066126000006,218.58294412000225,1756.4621495200013,-1.00486668,-0.01219368,0.00272132,0.441192479999999,1.89441304,4.857935840000001,10.410888279999996,-15.549551640000004,25.549551640000004,100.0,33.61410872,104.41486744000092,65.39667996000058,58.25250484000052,70.34264752000063,188.4963126800017,1131.3321051999997,-0.98410068,0.0330326399999999,0.00268824,-1.792623440000001,-1.0148454400000004,0.916,-31.810208640000003,37.0,-40.07899543999999,100.0,34.195095880000004,72.08570059999988,50.01864951999992,53.45130211999992,54.92243859999991,165.74807363999977,1377.8043522400003,-1.00487956,-0.0744751199999999,0.0251968799999998,5.338661880000001,1.9534856799999991,1.9291064,-4.0,16.0,-95.61881864,100.0,32.36762384,65.22962156000027,74.14832248000029,77.9445116400003,44.90673084000017,175.59054236000068,1630.779703000001,-0.98029124,-0.03970524,0.0069181999999999,-5.511309799999997,-8.124846760000002,0.4510255599999993,-13.91947384,37.45485552,67.09028839999999,100.0,32.63384128,110.28863292000077,2.676908640000018,2.141526960000014,2.141526960000014,5.889198520000039,1937.8638194000007,-1.018952,0.1273477199999999,-0.0045854,2.7543263200000005,1.6615310800000014,3.9810920800000016,-6.553156240000005,31.0,37.00459756,100.0,33.02548592,95.9673709199988,2.211229559999972,1.7689837999999778,1.7689837999999778,4.864705319999938,1558.0944888000004,707,X1.4829 Y1.6504 Z-0.1086
16:29:39.357,5,711,1.4669,1.62478,-0.10971,84.82039,58.15473,-28.77916,,185.42,0,0,,2,1,"{""sr"":{""mpox"":84.82039,""mpoy"":58.15473,""mpoz"":-28.77916,""mpoa"":0,""posx"":1.4669,""posy"":1.62478,""posz"":-0.10971,""posa"":0,""unit"":0,""stat"":5,""coor"":2,""momo"":1,""dist"":0,""home"":1,""mots"":1,""plan"":0,""line"":711,""path"":2,""frmo"":2,""prbe"":1,""safe"":0,""estp"":0,""spc"":1,""hold"":0,""macs"":5,""cycs"":1,""sps"":12000,""feed"":185.42,""mark"":153225072}}",5.0408589107900434,0.196947977559081,0.2035925911143428,0.2081819796967731,5.0408589107900434,0.196947977559081,0.2035925911143428,0.2081819796967731,-0.8659949400000018,0.2188134999999984,-0.0121995999999998,2.590668859999994,3.281304460000011,1.2443449599999994,9.900986679999944,17.513879719999956,0.7738980200000684,100.0,40.32615628,105.77860104000192,121.2555859000022,86.61113218000156,65.5770000800012,241.8925202000044,1779.9563175399976,-1.01105756,-0.0029496,0.0187972800000006,0.48641046,1.7488706599999977,4.990744700000001,10.393860339999993,-15.41991807999999,25.97394226,100.0,33.62,135.13743308000227,72.13060752000118,64.25079328000105,77.58586374000127,207.9058680400034,1255.725010539997,-0.9966124,0.02613552,0.0235875200000001,-1.732109679999998,-1.0067794,0.8677597999999995,-31.77806784000001,37.0,-40.0,100.0,34.20733772,70.03291941999969,49.795018459999824,53.4342561599998,54.6768829799998,165.0070225799994,1529.993315979996,-1.00953966,-0.0757065399999999,0.0437521799999999,5.309248040000002,1.8367604599999985,2.05056332,-3.458946879999996,16.541053120000004,-96.54105312,100.0,32.36316972,74.66531672000056,77.37058246000058,81.1579528200006,46.53055970000035,182.87592094000135,1528.7749232399974,-0.9924552800000002,-0.0271026599999999,0.0086403400000001,-5.293653080000001,-8.031217360000001,0.4905078999999984,-12.886562319999998,37.57733884000001,67.0,100.0,32.6288654,120.6638485000015,2.886695060000036,2.3093559800000287,2.3093559800000287,6.350728720000079,1713.6885600800003,-1.0111361200000002,0.1393167400000001,-0.00255258,2.92803274,1.596240139999998,4.004848880000001,-6.0,30.385974999999988,37.62047424000001,100.0,33.02385992000001,84.90165707999752,1.929875999999944,1.543900999999955,1.543900999999955,4.245727999999877,1719.8794148799898,711,X1.4652 Y1.6211 Z-0.1099
16:29:39.614,5,715,1.45767,1.59485,-0.11086,84.58587,57.39436,-28.8083,,185.42,0,0,,2,1,"{""sr"":{""mpox"":84.58587,""mpoy"":57.39436,""mpoz"":-28.8083,""mpoa"":0,""posx"":1.45767,""posy"":1.59485,""posz"":-0.11086,""posa"":0,""unit"":0,""stat"":5,""coor"":2,""momo"":1,""dist"":0,""home"":1,""mots"":1,""plan"":0,""line"":715,""path"":2,""frmo"":2,""prbe"":1,""safe"":0,""estp"":0,""spc"":1,""hold"":0,""macs"":5,""cycs"":1,""sps"":12000,""feed"":185.42,""mark"":153225072}}",5.403288147405904,0.2021217355551962,0.2041670040745365,0.2080043261586277,5.403288147405904,0.2021217355551962,0.2041670040745365,0.2080043261586277,-1.03975868,0.0799655200000007,0.01172396,0.8147942799999849,1.34323924000004,1.0358962800000056,11.241378280000022,7.724134840000068,24.96551312000009,100.0,40.32,40.06878664000375,47.31013328000442,33.79295288000316,25.586092880002397,94.62026656000884,1623.6899917999929,-1.00550028,-0.0215822399999995,0.0010856800000005,0.6385219999999887,1.9493011199999952,4.827573520000005,10.984632559999998,-15.0,27.257475480000014,100.0,33.622881840000005,52.931619640003845,32.46836412000236,28.921400200002104,34.65111120000253,93.31244260000676,1172.9347405999952,-0.9874811199999998,0.0349588399999999,-0.0066320000000001,-1.9018330799999992,-1.148169919999998,0.890874560000001,-31.67756240000001,36.677562400000014,-40.64487519999998,100.0,34.21540276,81.0446909999995,55.11038943999966,58.89247551999964,60.51336955999962,182.08040543999888,1293.2526118399992,-1.0075822,-0.07256844,0.0228451200000001,5.354634000000003,1.8260147200000012,2.104736480000003,-3.2442183999999927,16.0,-95.0,100.0,32.35837496,60.92141808000147,58.15995676000116,61.00694820000121,34.9773167600007,137.46898940000273,1245.0883173999985,-0.9963156,-0.0194325999999999,0.0038183600000002,-5.342470480000002,-8.24874,0.4467895199999983,-12.337792640000014,37.14328128,66.85671872,100.0,32.62583536,69.96388980000289,1.6889627200000703,1.3511700800000566,1.3511700800000566,3.715718840000155,1232.4604350000018,-1.0240920800000002,0.1160305600000001,0.0027473599999998,2.8093262,1.754188119999999,3.951445960000004,-6.0,31.0,38.0,100.0,33.0376252,163.86216463999517,3.7583066799998894,3.0066448399999115,3.0066448399999115,8.268274439999757,1032.466388279999,715,X1.4567 Y1.588 Z-0.1111
16:29:39.871,5,718,1.45658,1.56363,-0.11195,84.55835,56.60152,-28.83603,,185.42,0,0,,2,1,"{""sr"":{""mpox"":84.55835,""mpoy"":56.60152,""mpoz"":-28.83603,""mpoa"":0,""posx"":1.45658,""posy"":1.56363,""posz"":-0.11195,""posa"":0,""unit"":0,""stat"":5,""coor"":2,""momo"":1,""dist"":0,""home"":1,""mots"":1,""plan"":0,""line"":718,""path"":2,""frmo"":2,""prbe"":1,""safe"":0,""estp"":0,""spc"":1,""hold"":0,""macs"":5,""cycs"":1,""sps"":12000,""feed"":185.42,""mark"":153225072}}",5.125885332694125,0.1899779167991822,0.1979061428420445,0.2054217344622139,5.125885332694125,0.1899779167991822,0.1979061428420445,0.2054217344622139,-0.9225093000000028,0.5749114000000445,0.0044820000000064,0.0306706999995636,0.9217295999999948,1.2334629999999895,9.511232299999577,13.614640599999491,11.973251399999995,100.0,40.3289766,152.65755570001443,176.0055187000166,125.71822790001188,95.186657800009,350.21535510003304,3334.5857318001777,-1.0054735000000004,-0.0164257999999998,-0.0138362000000011,0.735714400000029,1.7704094999999995,4.916791000000013,10.15763689999992,-15.006713399999994,26.15763689999992,100.0,33.6200671,164.4657397000146,101.04010750000882,90.00211270000786,107.8327201000094,288.6927344000252,1498.8978772000298,-0.9930008,0.0408932000000006,-0.0029461999999989,-1.7369672999999837,-0.8514952999999799,0.9499594999999932,-32.0,37.55766970000001,-39.61486029999996,100.0,34.22,61.155900599998205,45.11764529999875,48.21395359999866,49.09861319999864,149.06515969999586,1965.8770954000424,-1.0055406999999996,-0.0672390999999992,-0.0020173000000014,5.401176599999995,1.7648807999999878,2.079139099999997,-4.0,15.932146000000058,-95.93214600000006,100.0,32.36,123.77408140000588,91.54124820000436,96.6985014000046,55.44047430000264,217.8939557000104,2176.898618000036,-0.9993952,-0.0385741000000003,0.0231876000000006,-5.335984100000002,-8.346144400000009,0.3000441000000042,-13.0,38.0,66.83573559999998,100.0,32.636732599999995,157.6887906000112,3.7724590000002687,3.017967400000215,3.017967400000215,8.299409700000592,2298.962557700047,-0.9994496999999972,0.1269647000000014,-0.007755600000001,2.7650298999999845,1.763230400000005,3.91801989999999,-6.889019100000082,30.09852399999992,38.88901910000008,100.0,33.0301242,23.99681089998213,0.5549045999995859,0.4439236999996688,0.4439236999996688,1.2207910999990894,2140.8994973000604,718,X1.4567 Y1.5622 Z-0.112
16:29:40.127,5,722,1.46362,1.53332,-0.11309,84.73699,55.83163,-28.86496,,185.42,0,0,,2,1,"{""sr"":{""mpox"":84.73699,""mpoy"":55.83163,""mpoz"":-28.86496,""mpoa"":0,""posx"":1.46362,""posy"":1.53332,""posz"":-0.11309,""posa"":0,""unit"":0,""stat"":5,""coor"":2,""momo"":1,""dist"":0,""home"":1,""mots"":1,""plan"":0,""line"":722,""path"":2,""frmo"":2,""prbe"":1,""safe"":0,""estp"":0,""spc"":1,""hold"":0,""macs"":5,""cycs"":1,""sps"":12000,""feed"":185.42,""mark"":153225072}}",5.221930286941216,0.1995183338712584,0.2101219022232772,0.2234711096842239,5.221930286941216,0.1995183338712584,0.2101219022232772,0.2234711096842239,-1.0046136400000027,0.137791860000008,-0.0287590199999944,6.059819279999526,1.7025844199999711,1.0990276200000002,10.06225456000028,17.061077080000278,19.00027172,100.0,40.32041386,3.33128744001502,4.055480840018285,2.876080140012968,2.193269680009889,8.090269220036477,1437.9270604400267,-1.009595379999999,-0.0057201800000008,0.0073116799999984,0.603189319999968,1.7135404600000217,4.993451839999985,10.933256120000006,-14.933256120000006,26.981391559999917,100.0,33.62914654,16.261045240019726,10.071547560009543,8.961970320008492,10.75436418001019,28.91575332002733,1188.6911105599938,-0.99667498,0.04675446,-0.0061503600000005,-1.831,-0.7226693600000351,0.8139231400000123,-32.0,37.0,-39.87618074000007,100.0,34.22,84.91383305999796,57.75309417999867,61.71654187999857,62.84895507999855,190.2368925999956,1465.3406332199936,-1.00667284,-0.0683575999999999,0.0049998800000005,5.329729720000012,1.7698629999999884,1.9331511400000096,-3.0,16.0,-93.34697108000012,100.0,32.369829360000004,59.30214400000606,46.196697940004725,48.817787740005,27.849073260002847,110.08574812001126,1377.1748253600117,-1.0112865599999985,-0.0290189399999991,0.0211470799999991,-5.042916779999998,-8.301767920000023,0.4388178999999824,-12.801284939999942,38.0,67.7936768199999,100.0,32.635987539999995,40.736490960011984,0.9935733400002924,0.794858280000234,0.794858280000234,2.185860740000644,1577.3150082599975,-1.0205434399999986,0.1268469999999995,-0.0040316400000001,2.92995002,1.5924989800000169,4.087146179999994,-6.029979340000092,30.029979340000093,37.00020482,100.0,33.03970012,210.49471813998008,4.850104299999541,3.880288459999633,3.880083639999632,11.6402499199989,1517.5677774999954,722,X1.4652 Y1.5291 Z-0.1133
16:29:40.386,5,726,1.47828,1.50584,-0.11423,85.10939,55.13368,-28.89403,,185.42,0,0,,2,1,"{""sr"":{""mpox"":85.10939,""mpoy"":55.13368,""mpoz"":-28.89403,""mpoa"":0,""posx"":1.47828,""posy"":1.50584,""posz"":-0.11423,""posa"":0,""unit"":0,""stat"":5,""coor"":2,""momo"":1,""dist"":0,""home"":1,""mots"":1,""plan"":0,""line"":726,""path"":2,""frmo"":2,""prbe"":1,""safe"":0,""estp"":0,""spc"":1,""hold"":0,""macs"":5,""cycs"":1,""sps"":12000,""feed"":185.42,""mark"":153225072}}",5.365438657609546,0.2072986236675655,0.2043183666540586,0.2059090714231475,5.365438657609546,0.2072986236675655,0.2043183666540586,0.2059090714231475,-0.8479708000000155,0.2939708000000153,0.0067813999999994,3.261239999999732,1.656359599999902,1.1476085999999948,12.218828200000509,2.7968617999999155,24.374895399999325,100.0,40.3279686,129.88849679998623,156.1849409999834,110.76381059998825,84.46736619999103,310.77615819996697,2212.016340399903,-1.0012374,-0.0201147999999999,-0.0213723999999999,0.549,1.7976662000000152,4.894378600000005,10.18653480000008,-15.0,26.0,100.0,33.62,104.17930139998988,88.97064439999136,79.08501679999232,95.05410699999076,255.5054401999752,1345.8449195999815,-0.9929429999999998,0.0462291999999996,-0.0081704000000001,-1.820618399999988,-0.9455399999999904,0.943904799999997,-32.0,37.0,-40.0,100.0,34.22,64.88199260000174,46.60537460000125,49.346867600001325,50.26069860000135,152.6097568000041,1641.5516169999955,-0.9961218000000002,-0.0737116000000001,0.0273022000000001,5.355354999999993,1.7993031999999949,2.0738900000000005,-3.544495199999942,16.39138580000003,-95.06411900000003,100.0,32.36,96.93250839999664,85.2059571999957,90.68348339999542,51.66806919999736,203.8215647999897,1662.893872200001,-0.9962168000000018,-0.0320179999999991,0.0135492000000012,-5.078682599999983,-8.432388799999988,0.2323354000000114,-13.962691599999983,38.0,67.23650020000002,100.0,32.623484,141.29561839998905,3.444414199999732,2.7555313999997857,2.7555313999997857,7.577712199999411,1582.6229547999942,-1.0249321999999998,0.1301231999999992,-0.0042710000000005,2.9530157999999846,1.696453399999995,3.9800644000000056,-7.0,31.0,36.79432439999992,100.0,33.035857799999995,44.83731620001813,1.0283790000004156,0.8227034000003327,0.8227034000003327,2.4681092000009976,1421.596813400001,726,X1.4829 Y1.4998 Z-0.1145
16:29:40.642,5,729,1.49973,1.48302,-0.11533,85.65435,54.55401,-28.92197,,185.42,0,0,,2,1,"{""sr"":{""mpox"":85.65435,""mpoy"":54.55401,""mpoz"":-28.92197,""mpoa"":0,""posx"":1.49973,""posy"":1.48302,""posz"":-0.11533,""posa"":0,""unit"":0,""stat"":5,""coor"":2,""momo"":1,""dist"":0,""home"":1,""mots"":1,""plan"":0,""line"":729,""path"":2,""frmo"":2,""prbe"":1,""safe"":0,""estp"":0,""spc"":1,""hold"":0,""macs"":5,""cycs"":1,""sps"":12000,""feed"":185.42,""mark"":153225072}}",5.080241923479858,0.1912710148329182,0.2025783814344247,0.2070405267264909,5.080241923479858,0.1912710148329182,0.2025783814344247,0.2070405267264909,-0.8418535599999832,0.4288891200000033,0.0110371999999946,3.992048839999976,0.4018774399999323,1.2402716800000049,11.914303680000476,10.95918624000024,8.472393159999129,100.0,40.32677824,53.024021480013054,62.66475232001543,44.668721240011,33.74255912000832,125.01031908003078,2918.51614288008,-0.9989124000000004,-0.0099378399999993,0.0081120000000037,0.4983586799999925,2.0361778800000105,4.925795199999995,10.0,-15.654900719999931,27.30980111999986,100.0,33.62,70.27003116001381,40.37664624000804,35.890351960007145,42.83900276000852,115.30990624002295,1507.6349998400306,-0.99344172,0.0459582799999994,-0.0033920799999999,-1.7411401600000187,-0.7994572399999973,0.9715802799999966,-31.137478400000035,36.862521599999965,-40.33820683999998,100.0,34.21475676,76.40294255999906,54.00438367999885,56.6259561199988,57.67458495999878,174.0723837199963,1707.081589320048,-0.9963859600000002,-0.0747995999999993,0.0413163199999997,5.413094399999996,1.4978140000000033,2.053139799999984,-3.103308800000025,16.565370159999972,-95.35875255999991,100.0,32.35434644,87.79521340000574,59.97890760000392,64.3252059600042,36.07427100000236,144.29708232000942,2069.639038720055,-0.941599079999996,-0.0488587600000024,0.0195882799999991,-5.103258719999997,-8.223391199999998,0.3766985600000026,-13.163141799999886,38.389198400000055,67.49387743999992,100.0,32.62389172,79.78558728001028,1.9459903200002504,1.5567919200002005,1.5567919200002005,4.281178040000551,1821.441509720045,-1.0360761599999984,0.1717574000000037,-0.0114334000000029,3.010296040000005,1.6049466000000334,4.007621079999995,-7.0,31.0,37.34514711999984,100.0,33.02670344,147.77078235998306,3.373964599999613,2.7036103999996914,2.6991716799996905,8.097515719999071,1573.148078960082,729,X1.5012 Y1.4818 Z-0.1154
16:29:40.900,5,733,1.52625,1.46664,-0.11647,86.32788,54.13794,-28.95075,,185.42,0,0,,2,1,"{""sr"":{""mpox"":86.32788,""mpoy"":54.13794,""mpoz"":-28.95075,""mpoa"":0,""posx"":1.52625,""posy"":1.46664,""posz"":-0.11647,""posa"":0,""unit"":0,""stat"":5,""coor"":2,""momo"":1,""dist"":0,""home"":1,""mots"":1,""plan"":0,""line"":733,""path"":2,""frmo"":2,""prbe"":1,""safe"":0,""estp"":0,""spc"":1,""hold"":0,""macs"":5,""cycs"":1,""sps"":12000,""feed"":185.42,""mark"":153225072}}",5.319682677608076,0.2122137879814533,0.2099874158255417,0.2094389915530627,5.319682677608076,0.2122137879814533,0.2099874158255417,0.2094389915530627,-1.072621360000002,0.1655947199999965,0.0444414000000011,3.397393600000085,1.50706876000005,1.4378484400000042,12.962009799999954,-0.5970693200001134,23.84689671999982,100.0,40.31519188,89.2991411600039,101.24116800000442,71.64759592000313,54.51447508000238,201.9631508400088,1557.1413921599894,-1.0131334,-0.0006576799999997,0.0300278000000003,0.4901283600000001,2.0767907199999907,4.887250040000002,10.0,-14.96522563999996,25.55228048000002,100.0,33.62,76.05593492000288,60.01692844000229,53.29089328000203,64.15602692000245,171.77258788000654,1101.830290320002,-0.99625824,0.0423100400000003,-0.0044641599999998,-1.898930999999998,-0.9170274399999968,0.8907212800000012,-32.0,37.0,-39.20551679999999,100.0,34.21,77.0455963599995,51.198041359999664,53.68338271999965,54.18045139999965,164.03255919999893,1479.7421919600115,-1.0125004,-0.0831954000000003,0.01311224,5.297933959999998,1.7527207600000028,2.0019339599999983,-3.845744320000007,16.352055600000014,-95.0,100.0,32.33956456,95.71269248000164,69.21034556000112,74.42771056000119,41.36324272000067,166.92836048000268,1433.8171886400082,-0.98226916,-0.0409419199999993,0.0023483600000002,-5.319570439999998,-8.013598639999998,0.4474731599999972,-12.510920400000014,38.0,66.06752703999996,100.0,32.6302188,105.24965544000293,2.554602960000071,2.043682560000057,2.043682560000057,5.620127320000155,1542.770817360005,-1.0583131200000009,0.14037928,-0.0103998799999997,2.718176200000001,1.64829904,3.9967204399999994,-7.0,30.00489936,36.030466760000046,100.0,33.03487228,105.14508687999518,2.4115849599998893,2.4115849599998893,1.9292677599999115,5.787802799999734,1435.6474413200062,733,X1.5308 Y1.4646 Z-0.1167
16:29:41.156,5,737,1.55631,1.45771,-0.11762,87.09136,53.91103,-28.98018,,185.42,0,0,,2,1,"{""sr"":{""mpox"":87.09136,""mpoy"":53.91103,""mpoz"":-28.98018,""mpoa"":0,""posx"":1.55631,""posy"":1.45771,""posz"":-0.11762,""posa"":0,""unit"":0,""stat"":5,""coor"":2,""momo"":1,""dist"":0,""home"":1,""mots"":1,""plan"":0,""line"":737,""path"":2,""frmo"":2,""prbe"":1,""safe"":0,""estp"":0,""spc"":1,""hold"":0,""macs"":5,""cycs"":1,""sps"":12000,""feed"":185.42,""mark"":153225072}}",5.17752077252784,0.1977351111143451,0.2003443692033845,0.1995362653490495,5.17752077252784,0.1977351111143451,0.2003443692033845,0.1995362653490495,-0.9523659999999944,0.6669746000000084,-0.010377600000002,4.0634355999999725,0.799498000000017,1.1479190000000037,12.598606800000114,-1.7930929999999152,10.404952600000028,100.0,40.3219804,107.58559019999493,116.55105679999448,82.4822859999961,62.75826139999703,232.504415399989,2432.3751252000184,-1.0059734000000002,-0.0159421999999998,-0.0084457999999996,0.3772222000000152,2.0089411999999998,4.893630199999997,10.0,-15.0,26.559487999999973,100.0,33.62,117.7502381999949,67.52011579999717,60.47453819999748,72.21716739999698,193.7533751999919,1442.7721616000028,-0.9883312000000002,0.0412448000000004,-0.0088974000000004,-1.8155702000000031,-1.0129331999999958,0.8385401999999995,-32.256073399999984,36.4862906,-39.743926600000016,100.0,34.222560800000004,74.29903000000076,50.57421780000044,52.03308980000045,52.74959760000048,160.47588400000137,1883.4981247999976,-1.0142977999999998,-0.0678730000000001,0.0161131999999999,5.436512799999999,1.8232277999999928,1.9105131999999967,-4.0,16.19162499999999,-95.0,100.0,32.3541934,83.23362179999842,71.95680839999864,78.4007015999985,42.95928839999919,175.05910139999668,1905.6318346000087,-0.9891728000000002,0.0081585999999981,0.0333278000000001,-5.3243896,-8.218912,0.3909664000000053,-13.0,38.89018920000001,66.10981079999999,100.0,32.63,117.5867847999963,2.8266053999999103,2.2612845999999287,2.2612845999999287,6.2185319999998026,1680.9257508000112,-1.0115757999999997,0.1167864000000035,0.0032557999999997,2.8083828,1.8184127999999948,4.003087999999998,-6.0,31.0,36.59788479999997,100.0,33.039937,86.86314640000603,2.010575600000139,2.010575600000139,1.608460800000111,4.825382000000334,2100.872077199993,737,X1.5641 Y1.4567 Z-0.1179
16:29:41.415,5,740,1.58741,1.45691,-0.11872,87.88137,53.89064,-29.0079,,185.42,0,0,,2,1,"{""sr"":{""mpox"":87.88137,""mpoy"":53.89064,""mpoz"":-29.0079,""mpoa"":0,""posx"":1.58741,""posy"":1.45691,""posz"":-0.11872,""posa"":0,""unit"":0,""stat"":5,""coor"":2,""momo"":1,""dist"":0,""home"":1,""mots"":1,""plan"":0,""line"":740,""path"":2,""frmo"":2,""prbe"":1,""safe"":0,""estp"":0,""spc"":1,""hold"":0,""macs"":5,""cycs"":1,""sps"":12000,""feed"":185.42,""mark"":153225072}}",5.285874253732454,0.199593565091298,0.203239475933321,0.1883186373592035,5.285874253732454,0.199593565091298,0.203239475933321,0.1883186373592035,-0.7593217799999996,0.5758840999999875,-0.0925271799999989,2.072833519999899,2.7391528399999685,1.2073842199999978,11.883935119999816,5.883935119999816,0.8928520600001475,100.0,40.31223198,36.60693446000603,43.52653734000719,30.80339568000508,23.43736638000386,86.6066490400143,3507.8571835199987,-1.010189519999999,-0.0190325799999998,0.0127322199999992,0.2220527800000052,2.116904979999997,5.0032763,9.858713359999976,-14.788070039999964,25.159835460000007,100.0,33.629858760000005,50.022609460006265,29.500513640003696,26.16567292000328,31.296197180003933,84.39712122001058,2232.96692884,-0.9963678,0.0331734600000004,-0.0324359399999993,-1.6887105399999982,-0.7908661000000055,0.935955620000002,-32.0,37.0,-39.332615620000034,100.0,34.228741379999995,80.5276567799992,56.74767773999944,57.82858563999943,58.36903997999943,178.34984463999822,2280.704329140019,-0.9964492200000002,-0.0723903800000007,0.0145463400000003,5.36797836,1.7609271799999957,1.9987937999999976,-3.850319259999975,16.0,-95.399918,100.0,32.33399912,77.72223096000342,52.93885482000178,58.13778904000195,31.343283500001064,129.07295374000432,2313.9756821000224,-0.9160346800000008,-0.1056023799999974,0.0055110800000001,-5.583770720000013,-8.091623020000007,0.520396859999999,-13.0,38.0,67.53109785999999,100.0,32.62178222,66.65474082000475,1.617833400000115,1.2942671000000925,1.2942671000000925,3.559233880000253,2498.5646261400234,-1.0286525199999987,0.0950817600000044,0.0020461399999985,2.80732296,1.7580885199999976,4.059761279999996,-6.2174693400000365,30.98890294,36.78253065999996,100.0,33.04,168.17260667999216,3.85716977999982,3.85716977999982,3.085736179999856,9.257207759999568,2564.598710000026,740,X1.5898 Y1.4571 Z-0.1188
16:29:41.672,5,744,1.61781,1.46434,-0.11986,88.65354,54.07959,-29.03683,,185.42,0,0,,2,1,"{""sr"":{""mpox"":88.65354,""mpoy"":54.07959,""mpoz"":-29.03683,""mpoa"":0,""posx"":1.61781,""posy"":1.46434,""posz"":-0.11986,""posa"":0,""unit"":0,""stat"":5,""coor"":2,""momo"":1,""dist"":0,""home"":1,""mots"":1,""plan"":0,""line"":744,""path"":2,""frmo"":2,""prbe"":1,""safe"":0,""estp"":0,""spc"":1,""hold"":0,""macs"":5,""cycs"":1,""sps"":12000,""feed"":185.42,""mark"":153225072}}",5.255942434541666,0.2091545344692428,0.2155632092495745,0.2109459035547503,5.255942434541666,0.2091545344692428,0.2155632092495745,0.2109459035547503,-1.0002780800000062,0.1729795200000097,-0.0249964799999922,3.5183037200000444,2.1750092399999774,1.271818119999989,12.913640279999909,-10.395241240000454,14.69183244000082,100.0,40.31999744,158.88195603998437,179.08776735998237,126.73903471998752,96.4318742799905,357.25713559996484,2275.4737129199843,-1.001383640000001,-0.0148943599999988,-0.0023627599999985,0.34868835999999,1.987253079999984,4.995564799999994,10.0,-14.86065171999992,25.14956396000009,100.0,33.62005104,155.13179359998605,98.114267919991,87.78645003999196,104.9994797599904,281.4381385599743,1025.1104771199923,-0.9858066000000004,0.0303901200000002,-0.0077394800000002,-1.8709977599999856,-1.007068639999984,0.9694233600000024,-17.30512703999961,20.65450583999953,-22.32919611999949,100.0,34.23,65.22753196000268,46.827630600001335,47.26940084000135,47.71117100000136,145.78413436000417,1505.8477487199928,-1.00329852,-0.0739459199999999,0.0334334000000012,5.35301392,1.857306719999985,2.053717279999996,-3.783831199999754,15.135324719999018,-90.51525675999414,100.0,32.3305404,109.72589515999456,85.0537999199958,94.14351943999534,49.993454759997526,207.7650083199897,1566.0564619599943,-0.9822298000000008,-0.03374952,0.0113769200000004,-4.824669840000052,-8.518687919999984,0.2663445600000125,-13.763781759999944,37.82882296000002,67.0,100.0,32.621712120000005,157.33906887998825,3.8189098799997145,3.055127119999772,3.055127119999772,8.401600599999373,1766.404833919993,-1.0132282800000016,0.1254813999999996,-0.0085623199999993,2.6561695200000326,1.70822628,4.032034200000005,-6.92118175999991,30.92118175999991,36.10420012000009,100.0,33.021169040000004,19.87021456001918,0.5363644400005309,0.4575462000004412,0.3660375600003536,1.0981116800010595,1846.8379301600191,744,X1.6227 Y1.4663 Z-0.1201
16:29:41.948,5,748,1.64705,1.48072,-0.12109,89.39614,54.49551,-29.06823,,185.42,0,0,,2,1,"{""sr"":{""mpox"":89.39614,""mpoy"":54.49551,""mpoz"":-29.06823,""mpoa"":0,""posx"":1.64705,""posy"":1.48072,""posz"":-0.12109,""posa"":0,""unit"":0,""stat"":5,""coor"":2,""momo"":1,""dist"":0,""home"":1,""mots"":1,""plan"":0,""line"":748,""path"":2,""frmo"":2,""prbe"":1,""safe"":0,""estp"":0,""spc"":1,""hold"":0,""macs"":5,""cycs"":1,""sps"":12000,""feed"":185.42,""mark"":153225072}}",5.332303754481091,0.2019284274172964,0.2057702533714481,0.2150657330721231,5.332303754481091,0.2019284274172964,0.2057702533714481,0.2150657330721231,-0.994104200000001,0.2442547599999995,-0.0101073599999996,3.270936359999995,2.463709480000002,1.2549398800000005,6.172926400000062,2.803627280000028,-7.845211680000079,100.0,40.3300154,77.25790907999901,85.59825183999891,60.57722399999922,46.0913663599994,170.7575376799978,2138.051957119993,-1.00163636,-0.01609048,-0.0028416,0.5198780399999987,1.929891200000002,4.950453080000001,10.552893120000006,-14.590869520000004,25.0379764,100.0,33.6244708,104.8751466799988,50.97017539999944,45.604893399999504,54.137899399999405,146.2039245599984,1419.9608327599997,-0.99292868,0.0390637199999999,-6.831999999996738e-05,-1.8476770400000009,-1.0104384000000006,0.9263507599999996,-32.0,37.0,-39.30485436,100.0,34.2368164,75.28450236000018,54.22189612000009,54.22189612000009,54.72864256000009,167.22640740000026,1524.3487077599991,-1.00441992,-0.07874292,0.04873092,5.37335552,2.003221920000001,2.0163555199999994,-3.0,15.520107800000002,-95.4798922,100.0,32.32659764,88.78007131999962,61.906103479999736,69.1044876399997,36.471812799999846,152.12585151999934,1721.7647534799985,-0.9794372,-0.0218010799999999,0.0020186799999999,-5.241835159999998,-8.416857680000001,0.2445688799999995,-14.0,38.0,67.0,100.0,32.62,95.51035919999929,2.3182125599999823,1.8545699999999856,1.8545699999999856,5.100067679999961,1763.3577517999977,-1.0092434,0.11736332,-0.0107545999999999,2.694683200000001,1.627984400000001,4.089,-6.0,31.0,36.0,100.0,33.02891928,120.7278068800012,2.794625200000028,2.794625200000028,2.2356997600000224,6.707100280000067,1573.5885022799964,748,X1.6517 Y1.4844 Z-0.1213
16:29:42.223,5,752,1.67041,1.50466,-0.12227,89.98957,55.10349,-29.09807,,185.42,0,0,,2,1,"{""sr"":{""mpox"":89.98957,""mpoy"":55.10349,""mpoz"":-29.09807,""mpoa"":0,""posx"":1.67041,""posy"":1.50466,""posz"":-0.12227,""posa"":0,""unit"":0,""stat"":5,""coor"":2,""momo"":1,""dist"":0,""home"":1,""mots"":1,""plan"":0,""line"":752,""path"":2,""frmo"":2,""prbe"":1,""safe"":0,""estp"":0,""spc"":1,""hold"":0,""macs"":5,""cycs"":1,""sps"":12000,""feed"":185.42,""mark"":153225072}}",5.166117222249442,0.2002528519494247,0.2076927156419271,0.2145789019538808,5.166117222249442,0.2002528519494247,0.2076927156419271,0.2145789019538808,-1.0475034999999997,0.2551958799999993,0.0262542999999996,-2.194406659999962,1.3276962800000098,1.1561917799999997,12.875136139999988,-11.875136139999988,3.624319300000056,100.0,40.33,10.67586270000098,12.174229900001114,8.67804094000079,6.555354440000588,24.28602790000217,1512.9234130600012,-1.00799628,-0.0081388,0.0174093599999999,0.5796368799999987,1.740044720000001,4.89007936,10.0,-15.0,25.0,100.0,33.62003726,27.07087700000113,13.535438000000564,12.217829240000498,14.613482200000613,39.16892346000164,1198.5698478800016,-0.99178204,0.0394381599999999,-0.00791508,-1.7117903599999995,-1.00154058,0.9482502399999996,-32.0,37.56347592,-37.83882809999999,100.0,34.24034218,86.77523723999988,60.29188571999991,59.72840973999991,60.29188571999991,185.9469368599997,1758.327508860002,-1.0053721800000002,-0.07039696,-0.0100020600000001,5.532285099999999,1.8117727000000003,2.19534092,-3.040813440000004,16.301586779999997,-94.69841322,100.0,32.34972808,52.77040896000032,43.82719632000026,49.3055960800003,25.679997760000152,107.89680408000063,1405.81682726,-0.99697842,-0.01235986,0.01752126,-5.441959139999999,-8.13604178,0.4059665600000001,-14.0,38.0,66.3448061,100.0,32.62827604,46.23321902000075,1.1072310600000184,0.8857852000000147,0.8857852000000147,2.43590886000004,1599.5141784000014,-1.01488112,0.11245826,-0.01100388,2.8634404,1.773037580000001,4.077299159999999,-6.0731254200000055,30.073125420000007,37.05934690000001,100.0,33.03913112,202.0587114999988,4.634373719999973,4.634373719999973,3.707499139999978,11.122497479999932,1326.254746360001,752,X1.6743 Y1.5101 Z-0.1225
16:29:42.500,5,756,1.68627,1.53413,-0.12354,90.39251,55.85202,-29.13046,,185.42,0,0,,2,1,"{""sr"":{""mpox"":90.39251,""mpoy"":55.85202,""mpoz"":-29.13046,""mpoa"":0,""posx"":1.68627,""posy"":1.53413,""posz"":-0.12354,""posa"":0,""unit"":0,""stat"":5,""coor"":2,""momo"":1,""dist"":0,""home"":1,""mots"":1,""plan"":0,""line"":756,""path"":2,""frmo"":2,""prbe"":1,""safe"":0,""estp"":0,""spc"":1,""hold"":0,""macs"":5,""cycs"":1,""sps"":12000,""feed"":185.42,""mark"":153225072}}",5.2605868231276345,0.1920154492109675,0.1936413830350039,0.200234907295372,5.2605868231276345,0.1920154492109675,0.1936413830350039,0.200234907295372,-1.0041281200000032,0.1634571999999992,0.0300434400000013,1.1778763999999102,1.5644058800000098,1.1283877199999983,8.442327959999933,-10.99552928,0.6276132000001594,100.0,40.35480768,87.74983080000383,101.2486587200044,72.17212076000315,54.51900528000239,201.9780936000088,2271.8197199599654,-1.00376236,-0.0107258400000002,-0.0152765200000006,0.5869477600000015,1.5894706800000096,4.973430160000001,10.552280480000022,-15.03490864,25.965256799999963,100.0,33.62447696,122.61707832000468,58.98036712000224,52.771907000002,63.1193403600024,169.69789704000647,1400.7766302799937,-0.99289016,0.0408594799999998,-0.0025086000000003,-1.7447995200000013,-1.02500596,0.9340965200000008,-32.703332199999984,36.70978843999999,-38.50322812,100.0,34.242065440000005,83.45766271999946,53.15458271999966,52.65781131999967,53.15458271999966,163.43792271999894,1678.300466439993,-1.0143812800000005,-0.0750735999999999,-0.00877184,5.224565960000006,1.715048239999997,1.9718505599999991,-3.0,16.49370271999999,-94.64821376,100.0,32.34493708,82.81207136000081,64.80606392000104,72.90682204000116,37.9723031200006,159.48367284000253,1518.7704052799918,-1.01490764,-0.0126911199999994,0.0235061200000002,-5.420040999999999,-8.067201399999997,0.4434534800000034,-14.510635760000014,37.510635760000014,67.57675639999998,100.0,32.619125919999995,105.78907320000296,2.553180280000072,2.042544520000057,2.042544520000057,5.616997320000158,1781.108707679988,-1.0016528800000002,0.1150065599999991,-0.0107209600000003,2.7776356800000013,1.742764960000004,3.934822879999996,-6.0,30.512635240000023,36.01041072,100.0,33.04,104.6286098399952,2.410797799999889,2.410797799999889,1.928637639999912,5.785913919999734,1504.636642679996,756,X1.6886 Y1.5411 Z-0.1238
16:29:42.780,5,760,1.69332,1.56689,-0.12472,90.57139,56.68413,-29.16032,,185.42,0,0,,2,1,"{""sr"":{""mpox"":90.57139,""mpoy"":56.68413,""mpoz"":-29.16032,""mpoa"":0,""posx"":1.69332,""posy"":1.56689,""posz"":-0.12472,""posa"":0,""unit"":0,""stat"":5,""coor"":2,""momo"":1,""dist"":0,""home"":1,""mots"":1,""plan"":0,""line"":760,""path"":2,""frmo"":2,""prbe"":1,""safe"":0,""estp"":0,""spc"":1,""hold"":0,""macs"":5,""cycs"":1,""sps"":12000,""feed"":185.42,""mark"":153225072}}",5.1431908123829775,0.2044902160606657,0.2053484203035951,0.2079993715709087,5.1431908123829775,0.2044902160606657,0.2053484203035951,0.2079993715709087,-0.982419000000005,0.1194277599999993,0.0257856400000029,2.543537039999952,0.2132638800000144,1.1907361199999855,7.503869479999763,3.335912679999842,-6.503869479999763,100.0,40.35,158.47176428000685,178.62424232000768,127.32702420000548,96.18228412000414,356.3324639600154,2934.405253920032,-1.0020333200000002,0.0059218000000006,0.02132432,0.6094688400000023,1.6229033199999845,4.835662959999993,10.0,-14.934042439999995,27.074660799999965,100.0,33.62074664,213.9861215600085,97.96954988000392,87.6569656800035,104.8446057600042,282.7366828800113,1502.383716119992,-0.9922955600000002,0.0348576000000001,-0.01519324,-1.8073651600000031,-1.013252959999999,0.7682529599999993,-32.034080639999985,37.0,-37.91360679999997,100.0,34.24560228,78.27784627999897,47.05465987999938,46.61489679999938,47.05465987999938,145.1218490399981,2196.1451750400083,-1.0069185200000006,-0.0820197199999999,0.0497739200000004,5.409549880000003,1.716453559999995,2.015564319999999,-3.0,16.0,-95.0,100.0,32.34,106.4641395600022,83.40236132000183,93.82765616000206,48.86857080000107,205.2736431600045,2082.630832559998,-1.0100968400000003,-0.024416639999999,0.0176604800000005,-5.101234800000002,-8.051181239999995,0.381163759999998,-14.248589079999968,37.751410920000026,67.0,100.0,32.624672600000004,158.6534416800052,3.8318472000001256,3.0654779600001003,3.0654779600001003,8.430064560000275,1881.5479198400076,-0.9964459999999994,0.1295657600000002,-0.0097331600000001,2.802869640000002,1.8145255200000072,3.977621239999996,-6.0,31.0,38.0,100.0,33.02088844,19.100257519991665,0.4441921599998061,0.4441921599998061,0.3553538799998449,1.0660607999995348,1774.8130751199908,760,X1.6936 Y1.5749 Z-0.125
16:29:43.032,5,761,1.69111,1.59807,-0.125,90.51538,57.47618,-29.1675,,185.42,0,0,,2,3,"{""sr"":{""mpox"":90.51538,""mpoy"":57.47618,""mpoz"":-29.1675,""mpoa"":0,""posx"":1.69111,""posy"":1.59807,""posz"":-0.125,""posa"":0,""unit"":0,""stat"":5,""coor"":2,""momo"":3,""dist"":0,""home"":1,""mots"":1,""plan"":0,""line"":761,""path"":2,""frmo"":2,""prbe"":1,""safe"":0,""estp"":0,""spc"":1,""hold"":0,""macs"":5,""cycs"":1,""sps"":12000,""feed"":185.42,""mark"":153225072}}",5.310037575661883,0.2063746748616866,0.2122286576496436,0.2067968835186885,5.310037575661883,0.2063746748616866,0.2122286576496436,0.2067968835186885,-1.0035127200000005,0.2726642799999983,0.0177816400000004,0.2709735200000704,1.64139872,1.028604520000005,11.624609679999969,0.8661719999999885,-2.1695049599998297,100.0,40.33999712,20.28339464000185,24.094577480002204,17.17510864000157,12.974002960001185,48.06174484000439,3448.2980323199936,-0.9990976,-0.0179144,-0.0102564,0.7550321199999968,1.8614069200000036,4.828837480000001,10.11208972000001,-14.93801896,27.82592923999999,100.0,33.62112092,40.59678500000231,19.95618728000113,17.92931628000101,21.410736680001207,57.617510640003246,1513.0374453599982,-0.992942,0.0467252399999998,-0.0064055199999998,-1.7461043199999997,-0.9393940800000006,0.8603393600000006,-32.0,37.0,-39.39519068,100.0,34.24498312,94.9048065999997,59.19992859999983,59.19992859999983,59.75319875999983,182.57921935999948,1671.462711199999,-1.00942904,-0.08056072,0.0865391999999999,5.361487360000001,1.831,2.11143992,-3.038820360000004,16.402618160000006,-96.48092088,100.0,32.33805224,66.57500632000074,46.92992268000052,52.38689004000059,27.648636840000307,115.32391812000128,2279.2521356799966,-0.9908707200000002,-0.0158194000000003,0.01395796,-5.349731000000003,-8.438838039999998,0.3420576400000029,-13.739386239999993,36.97808656,67.28252720000002,100.0,32.63260624,54.46823124000151,1.303067920000036,1.0424541600000288,1.0424541600000288,2.866748720000079,2355.7588353999968,-1.01180752,0.1337600800000003,-0.0083256799999999,2.74730672,1.77,3.85320544,-6.0,30.99832384,37.264012800000025,100.0,33.0300168,189.4052878799976,4.344157639999945,4.342481479999944,3.475325959999956,9.557147839999878,2320.455294279997,761,G3 X1.5748 Y1.6937 R0.1188
16:29:43.288,5,761,1.68109,1.62767,-0.125,90.26082,58.22806,-29.1675,,185.42,0,0,,2,3,"{""sr"":{""mpox"":90.26082,""mpoy"":58.22806,""mpoz"":-29.1675,""mpoa"":0,""posx"":1.68109,""posy"":1.62767,""posz"":-0.125,""posa"":0,""unit"":0,""stat"":5,""coor"":2,""momo"":3,""dist"":0,""home"":1,""mots"":1,""plan"":0,""line"":761,""path"":2,""frmo"":2,""prbe"":1,""safe"":0,""estp"":0,""spc"":1,""hold"":0,""macs"":5,""cycs"":1,""sps"":12000,""feed"":185.42,""mark"":153225072}}",5.250112367334452,0.2064987616420106,0.2146471740796074,0.2076423454678942,5.250112367334452,0.2064987616420106,0.2146471740796074,0.2076423454678942,-0.9528991999999996,0.1471329200000023,-0.0138225999999997,0.4700309600000097,0.7783533199999987,1.22097744,8.724584240000068,-1.3744809599996597,1.99907264,100.0,40.31241748,125.89680139999624,147.88994919999558,104.66057907999686,79.63304979999762,294.2632635999912,2109.383564079987,-1.00425684,-0.0138481999999998,-0.0094534799999994,0.5187920399999975,2.006718160000007,4.964048559999996,10.72856935999998,-15.0,26.047652,100.0,33.62223776,96.89966135999738,83.78542087999773,75.04259455999797,90.34254111999756,242.61343707999345,1129.9501968400011,-0.98992608,0.0379791999999999,-0.0032509599999998,-1.72651868,-0.9661645999999998,0.89801752,-31.53684776,37.0,-41.25863527999999,100.0,34.25,71.78854524000052,49.09410204000035,49.55725352000035,50.02040576000036,153.30328040000109,1241.6293356799974,-1.0062705200000002,-0.0726239600000001,0.01633116,5.433760039999998,1.8658997199999952,2.106379639999999,-3.0,16.0,-95.59163012,100.0,32.34514444,90.36504379999876,76.98915935999895,85.78641055999883,45.555542319999375,188.80730899999745,1677.3074675599928,-0.9872105199999996,-0.0276882399999999,0.0079917199999998,-5.18115312,-8.459225960000005,0.3653781199999974,-13.663267159999986,37.0,67.61836867999997,100.0,32.63,137.38606167999706,3.316335319999929,2.653068159999943,2.653068159999943,7.2959367999998435,1740.0576077199917,-1.01427756,0.11628592,-0.0074886399999999,2.8087287599999944,1.8918035599999945,4.028154079999999,-6.0,30.00252768,37.75172351999998,100.0,33.02751728,54.37252708000486,1.2413818800001108,0.9931054000000888,0.9931054000000888,2.731040240000244,1574.1106237999893,761,G3 X1.5748 Y1.6937 R0.1188
16:29:43.546,5,761,1.66355,1.65385,-0.125,89.81534,58.89305,-29.1675,,185.42,0,0,,2,3,"{""sr"":{""mpox"":89.81534,""mpoy"":58.89305,""mpoz"":-29.1675,""mpoa"":0,""posx"":1.66355,""posy"":1.65385,""posz"":-0.125,""posa"":0,""unit"":0,""stat"":5,""coor"":2,""momo"":3,""dist"":0,""home"":1,""mots"":1,""plan"":0,""line"":761,""path"":2,""frmo"":2,""prbe"":1,""safe"":0,""estp"":0,""spc"":1,""hold"":0,""macs"":5,""cycs"":1,""sps"":12000,""feed"":185.42,""mark"":153225072}}",5.175150156958458,0.1949813329115286,0.2022880289778365,0.2109922981747451,5.175150156958458,0.1949813329115286,0.2022880289778365,0.2109922981747451,-0.9522386000000091,0.4886938000000007,-0.0156655999999966,4.1460924000001045,1.5644966000001073,1.1844305999999964,8.0053328,11.382730799999946,-3.5766528000006272,100.0,40.3299824,65.79027219999067,77.75214039998896,55.42332019999215,42.26526559999401,154.70682219997803,1375.2154271999932,-1.0033458000000002,-0.0077631999999995,0.0092158000000012,0.248123399999985,2.006448399999999,4.966707599999997,10.0,-15.0,26.627747600000053,100.0,33.6237224,92.38486059998856,47.96815619999431,43.0059329999949,51.648557199993874,138.90097879998353,1106.2806525999931,-0.9903952,0.0360272,-0.0129716000000003,-1.771668000000001,-0.8751172000000069,0.9171816000000008,-31.828307200000022,37.17169279999997,-39.0,100.0,34.2582832,86.97650660000166,53.93548080000084,54.96282340000086,55.47649460000086,170.0251826000027,1423.8701434000027,-1.0108391999999995,-0.0743733999999998,0.0076883999999997,5.332791799999991,1.9578466000000083,2.0048113999999955,-3.0,16.05883499999994,-95.59340819999996,100.0,32.3319714,73.0720837999968,61.43640159999731,67.95238339999703,36.30332819999841,150.33301379999344,1195.815850800001,-1.0031756000000025,-0.0386101999999993,0.0150954000000012,-5.0347180000000025,-8.330718000000003,0.2766924000000078,-7.105067399999363,19.412726999998256,34.79730119999687,100.0,32.6380246,91.62945499999256,2.192092399999822,1.7536739999998578,1.7536739999998578,4.822602999999609,1362.5348468000057,-1.001920599999999,0.1272808000000008,-0.0075666000000003,2.8932547999999967,1.5741730000000105,3.918225000000007,-5.0,30.995644,37.59802420000005,100.0,33.0341072,130.36927580001213,2.9901210000002783,2.3920968000002225,2.3920968000002225,6.578266400000612,1298.295231600017,761,G3 X1.5748 Y1.6937 R0.1188
16:29:43.804,5,761,1.63979,1.67418,-0.125,89.21178,59.40941,-29.1675,,185.42,0,0,,2,3,"{""sr"":{""mpox"":89.21178,""mpoy"":59.40941,""mpoz"":-29.1675,""mpoa"":0,""posx"":1.63979,""posy"":1.67418,""posz"":-0.125,""posa"":0,""unit"":0,""stat"":5,""coor"":2,""momo"":3,""dist"":0,""home"":1,""mots"":1,""plan"":0,""line"":761,""path"":2,""frmo"":2,""prbe"":1,""safe"":0,""estp"":0,""spc"":1,""hold"":0,""macs"":5,""cycs"":1,""sps"":12000,""feed"":185.42,""mark"":153225072}}",5.345288173398255,0.2039357197645586,0.205643106561213,0.2119728172901439,5.345288173398255,0.2039357197645586,0.205643106561213,0.2119728172901439,-0.9823268000000004,0.4062232799999993,0.02696192,0.7220569199999789,1.1372241599999895,1.201504920000001,12.0,1.319595079999983,12.161485520000062,100.0,40.33439888,72.13785271999907,85.7736660399989,61.14122811999921,46.6256851199994,170.6676012799978,2575.992546240001,-1.00018592,-0.0127586399999999,-0.0165659599999999,0.4363225600000013,1.9873163199999968,4.9709218,10.02767732,-15.0,27.0,100.0,33.6255206,107.06071231999884,52.41047383999943,47.03504063999948,55.99409663999938,151.40803607999828,1975.794357960004,-0.99329868,0.0368370399999999,-0.0096866799999998,-1.6765182800000007,-0.8229614,0.96058132,-32.0,37.0,-39.52066128,100.0,34.26,77.85083180000012,52.91821236000008,54.95352816000008,54.95352816000008,168.93121652000028,2400.060623520003,-1.0052108400000002,-0.0806403600000001,0.03535608,5.406441440000001,2.006045360000001,2.0666197600000005,-3.299292839999996,16.82040352,-94.70070716,100.0,32.33341528,54.05489867999982,64.35076087999973,70.0974319199997,38.31114255999984,155.99821055999934,2250.6197213200026,-1.0517744800000002,-0.0356062800000004,0.0169954799999997,-5.231844679999999,-8.28423036,0.2416148399999992,-13.895327599999998,37.0,67.8953276,100.0,32.637906720000004,97.45179115999925,2.3202810799999822,1.8562245999999856,1.8562245999999856,5.104617639999961,2556.4848020000045,-1.0410220000000008,0.1397462399999993,-0.0168812399999999,2.9151826799999987,1.70999792,3.93204712,-5.0,30.9918212,38.0081788,100.0,33.04,121.3469129200012,2.7831861200000274,2.2265491200000223,2.2265491200000223,6.12300924000006,2210.027612200004,761,G3 X1.5748 Y1.6937 R0.1188
16:29:44.061,5,761,1.61159,1.68764,-0.125,88.49547,59.75139,-29.1675,,185.42,0,0,,2,3,"{""sr"":{""mpox"":88.49547,""mpoy"":59.75139,""mpoz"":-29.1675,""mpoa"":0,""posx"":1.61159,""posy"":1.68764,""posz"":-0.125,""posa"":0,""unit"":0,""stat"":5,""coor"":2,""momo"":3,""dist"":0,""home"":1,""mots"":1,""plan"":0,""line"":761,""path"":2,""frmo"":2,""prbe"":1,""safe"":0,""estp"":0,""spc"":1,""hold"":0,""macs"":5,""cycs"":1,""sps"":12000,""feed"":185.42,""mark"":153225072}}",5.209445834260673,0.2040843307701668,0.2130507659576341,0.2099087304152414,5.209445834260673,0.2040843307701668,0.2130507659576341,0.2099087304152414,-0.9779618999999968,0.2687102999999984,-0.0057350000000028,2.093111599999967,2.171795800000003,1.1784680000000016,11.9917893,18.286850699999743,-5.996666699999717,100.0,40.3469968,116.15436899999531,136.4438349999945,97.25887359999604,73.47084779999703,272.187957799989,1777.3664275999968,-1.0104992,-0.0071097000000001,0.0160092999999993,0.4837436999999903,1.7751542000000144,4.844273200000002,10.675208899999976,-15.0,27.65503689999997,100.0,33.6397984,153.17153179999437,79.65446359999707,70.8969212999974,85.07630539999688,229.5508115999916,1157.7504899000082,-0.9886876,0.0366562999999998,0.0095634999999998,-1.776142400000002,-0.9456217999999972,0.9297257000000004,-32.0,37.0,-40.0,100.0,34.26,67.54771780000073,48.44118270000041,50.79269660000043,51.26299950000043,156.14051070000133,1387.254825400006,-0.9963889,-0.0764112999999999,0.0271696999999996,5.343647799999993,1.833503500000004,1.9988120000000025,-4.0,15.977348600000028,-95.2263289,100.0,32.3538896,73.52921109999869,77.51916869999863,83.7891010999985,46.73949839999917,188.09798249999665,1504.3513090000051,-1.0073124999999994,-0.0302417000000001,0.0141032999999998,-5.370531299999999,-8.179,0.4248947000000041,-14.0,37.62643339999998,67.11301960000003,100.0,32.6449616,132.80384089999623,3.132166299999911,2.5057328999999293,2.5057328999999293,6.8907652999998055,1578.3890524999929,-1.0246567999999996,0.0993230999999993,-0.0063435000000002,2.7848170000000034,1.6287948999999984,4.0285936,-5.305110600000027,30.0,38.70461519999997,100.0,33.0401946,66.523802000006,1.525552400000138,1.2204418000001105,1.2204418000001105,3.356215100000304,1364.075228099999,761,G3 X1.5748 Y1.6937 R0.1188
16:29:44.317,5,761,1.58063,1.69335,-0.125,87.70901,59.89627,-29.1675,,185.42,0,0,,2,3,"{""sr"":{""mpox"":87.70901,""mpoy"":59.89627,""mpoz"":-29.1675,""mpoa"":0,""posx"":1.58063,""posy"":1.69335,""posz"":-0.125,""posa"":0,""unit"":0,""stat"":5,""coor"":2,""momo"":3,""dist"":0,""home"":1,""mots"":1,""plan"":0,""line"":761,""path"":2,""frmo"":2,""prbe"":1,""safe"":0,""estp"":0,""spc"":1,""hold"":0,""macs"":5,""cycs"":1,""sps"":12000,""feed"":185.42,""mark"":153225072}}",5.385873833175315,0.2113202394502497,0.2064484860871956,0.2042771360296203,5.385873833175315,0.2113202394502497,0.2064484860871956,0.2042771360296203,-1.090318219999998,0.3635860999999969,0.0522879599999993,6.351493339999983,0.9811033200000062,1.1929124600000032,12.099632339999914,20.374612879999848,6.370104980000034,100.0,40.3299918,31.024788500002924,35.18014930000332,25.07713264000237,19.1235686800018,70.35945564000664,3693.564441599976,-1.00439776,0.0074280199999997,0.0232790000000003,0.503822279999997,1.5810966800000077,4.930399839999999,10.0,-15.0119601,27.22295366000001,100.0,33.63,36.56436608000242,26.308507220001736,23.63306622000156,28.31508824000188,76.2500808400051,1867.724786959996,-1.0005465999999998,0.0405674599999999,-0.00059224,-1.739711780000002,-1.0014510200000015,0.9878847399999994,-32.0,37.0,-39.195569000000006,100.0,34.26350878,91.8064073399996,55.73960479999975,59.01840459999973,59.564871279999736,181.4269485999992,2237.7123976599955,-1.0043994200000002,-0.0884270999999999,0.03025724,5.404181420000001,1.9103127,2.0000908000000006,-3.2641121599999945,16.0,-95.61401218,100.0,32.36,53.75473658000033,53.53047322000084,57.12624190000089,32.301126360000495,128.41216914000202,2462.1346724399896,-0.9789036,-0.0234333599999996,0.0042840200000003,-5.164707620000007,-8.240425799999999,0.487147400000002,-13.847179880000004,36.85416543999999,66.14583456000001,100.0,32.62159778,62.272934940002216,1.4932721200000532,1.1946174400000429,1.1946174400000429,3.285198280000117,2342.4156549199884,-1.0062090199999998,0.1367197599999984,-0.0030924800000001,2.7475494,1.5886473799999998,4.016069439999999,-6.0,30.822418119999984,38.0,100.0,33.03168568,176.51157229999637,4.067086999999917,3.2536693799999337,3.2536693799999337,8.947590979999816,2289.838912879989,761,G3 X1.5748 Y1.6937 R0.1188
16:29:44.576,5,762,1.54949,1.6908,-0.125,86.91828,59.83155,-29.1675,,185.42,0,0,,2,3,"{""sr"":{""mpox"":86.91828,""mpoy"":59.83155,""mpoz"":-29.1675,""mpoa"":0,""posx"":1.54949,""posy"":1.6908,""posz"":-0.125,""posa"":0,""unit"":0,""stat"":5,""coor"":2,""momo"":3,""dist"":0,""home"":1,""mots"":1,""plan"":0,""line"":762,""path"":2,""frmo"":2,""prbe"":1,""safe"":0,""estp"":0,""spc"":1,""hold"":0,""macs"":5,""cycs"":1,""sps"":12000,""feed"":185.42,""mark"":153225072}}",5.152845416661232,0.194061438426546,0.2027180139668482,0.2046662101586184,5.152845416661232,0.194061438426546,0.2027180139668482,0.2046662101586184,-0.820519,0.206666,-0.026128,4.045138,2.315807,0.978161,13.004759,4.052351,19.947649,100.0,40.33,171.181414,194.071952,138.338468,105.495523,388.143904,1913.967249,-1.003596,-0.020731,-0.014057,0.496218,1.704891,4.939891,10.0,-15.0,26.067358,100.0,33.63,196.787377,110.98435,98.860009,119.378124,320.828709,1215.808473,-0.990425,0.046858,0.007298,-1.735033,-0.932816,0.985742,-31.571653,37.0,-38.428347,100.0,34.26,59.968624,43.263078,46.26151,47.118204,142.639655,1716.010982,-1.01432,-0.07332,0.0076,5.268518,1.745591,2.057927,-3.319971,16.680029,-96.360058,100.0,32.3568,84.323594,95.884086,101.324318,57.802463,228.489738,1288.196812,-0.967231,-0.03624,-0.00019,-5.077592,-8.620632,0.072592,-13.809967,37.0,66.809967,100.0,32.6281,170.093147,4.049837,3.239869,3.239869,8.909641,1492.978107,-1.020022,0.146731,-0.006944,2.808683,1.587,4.087635,-5.988808,30.011192,37.988808,100.0,33.049776,2.462209,0.055959,0.044767,0.044767,0.12311,1063.353633,762,X1.4561 Y1.5749 R0.1188
16:29:44.833,5,762,1.52007,1.68026,-0.125,86.17097,59.56384,-29.1675,,185.42,0,0,,2,3,"{""sr"":{""mpox"":86.17097,""mpoy"":59.56384,""mpoz"":-29.1675,""mpoa"":0,""posx"":1.52007,""posy"":1.68026,""posz"":-0.125,""posa"":0,""unit"":0,""stat"":5,""coor"":2,""momo"":3,""dist"":0,""home"":1,""mots"":1,""plan"":0,""line"":762,""path"":2,""frmo"":2,""prbe"":1,""safe"":0,""estp"":0,""spc"":1,""hold"":0,""macs"":5,""cycs"":1,""sps"":12000,""feed"":185.42,""mark"":153225072}}",5.241773409951555,0.204550437625049,0.2072975963811424,0.2186358105074058,5.241773409951555,0.204550437625049,0.2072975963811424,0.2186358105074058,-1.0440757600000057,0.1559183600000013,0.0331026200000009,4.726989120000083,2.028348259999967,1.151879600000002,12.047522340000477,19.794609800000774,3.4410504000001327,100.0,40.3485742,23.21527517999447,27.735820639993385,19.66979081999531,14.99998465999642,55.33013233998681,1198.5904645799967,-1.00476612,-0.0021303599999998,0.0148946600000005,0.4141899200000062,1.9418845,4.772680119999999,10.060739220000002,-15.0,26.738518780000064,100.0,33.64939284,39.95332551999362,22.916807479996464,20.488311999996853,24.50938303999623,66.06044673998984,1044.1848006400023,-0.99119232,0.0469087400000001,-0.0116316599999997,-1.8763979600000056,-0.916,0.9637861999999988,-31.940072440000016,37.059927559999984,-39.535828600000045,100.0,34.270599340000004,76.49594568000032,55.18947304000049,59.604631200000526,60.70842092000054,184.3328416200017,1301.1276067400029,-1.00550664,-0.0732451800000001,0.0164949600000007,5.264148439999996,1.904174720000008,2.0592361799999988,-3.629208480000013,16.0,-95.95467906,100.0,32.35629172,43.75335951999857,53.02313891999827,55.61867683999818,31.88804133999896,125.69821091999589,1317.9290335200003,-0.9970036200000004,-0.0259615000000004,0.0244303000000004,-5.160338939999997,-8.195315460000005,0.3297739399999967,-13.72672856000002,36.726728560000026,67.40031564000006,100.0,32.63299874,56.84046493999558,1.3663573399998936,1.093085899999915,1.093085899999915,3.0059862599997658,1552.350494840002,-1.0190851800000005,0.1242149799999997,0.0013842400000001,2.878178499999998,1.4835935999999958,3.967,-5.001938439999999,30.847594500000035,38.0,100.0,33.04152384,183.50111044000715,4.247666420000165,3.3981326200001325,3.3981326200001325,9.344864780000366,1349.737894700002,762,X1.4561 Y1.5749 R0.1188
16:29:45.090,5,762,1.49436,1.66207,-0.125,85.51795,59.10177,-29.1675,,185.42,0,0,,2,3,"{""sr"":{""mpox"":85.51795,""mpoy"":59.10177,""mpoz"":-29.1675,""mpoa"":0,""posx"":1.49436,""posy"":1.66207,""posz"":-0.125,""posa"":0,""unit"":0,""stat"":5,""coor"":2,""momo"":3,""dist"":0,""home"":1,""mots"":1,""plan"":0,""line"":762,""path"":2,""frmo"":2,""prbe"":1,""safe"":0,""estp"":0,""spc"":1,""hold"":0,""macs"":5,""cycs"":1,""sps"":12000,""feed"":185.42,""mark"":153225072}}",5.217402639634001,0.2011189255595045,0.1969668940556628,0.1963516281428653,5.217402639634001,0.2011189255595045,0.1969668940556628,0.1963516281428653,-0.937630999999998,0.2200637200000102,0.0137146400000022,4.160408319999843,1.9871391600000088,1.2476326399999909,13.99898024,5.8731988799997055,27.59217807999963,100.0,40.33281728,116.42063367998809,140.85335963998557,99.89090315998976,76.17579671999219,280.9877400799712,2173.9831315199885,-1.003142319999999,-0.0150518000000007,-0.00331644,0.2838545600000245,1.804852439999991,4.832905480000016,10.0,-15.0,26.954072640000007,100.0,33.64045936,160.96682579998514,83.25870275999233,74.23901031999316,88.80928291999182,239.36877083997797,1205.1175126000055,-0.9926849599999996,0.0441676399999998,-0.012549760000001,-1.701633199999998,-0.829550799999998,0.8078542800000039,-31.53016775999999,37.40940207999996,-38.81880343999992,100.0,34.27120764,61.07823008000132,46.98325384000101,50.7419142000011,52.15141164000112,157.39390040000342,1416.244675280015,-1.00175352,-0.0751544799999999,0.028192560000001,5.467205799999999,1.8442056399999929,2.021823839999991,-3.909835239999976,16.0,-94.90983523999998,100.0,32.35512992,76.39990243999642,83.19934403999625,87.14920887999604,50.21179595999772,196.8973187199911,1538.5030936000069,-0.9920437200000024,-0.0448637599999989,0.0070956400000015,-5.318897760000009,-8.035410119999991,0.5127720800000104,-13.468901960000077,37.583266239999936,66.0,100.0,32.62635436,133.92013787999022,3.1771719199997697,2.541737479999816,2.541737479999816,6.989777279999493,1674.788032320018,-1.02425088,0.1457461599999996,-0.0026957999999989,2.973115839999996,1.6050684000000046,4.02763152,-6.0,30.290162800000072,38.0,100.0,33.02580304,62.31015924001564,1.4357178000003603,1.1485742400002883,1.1485742400002883,3.1585791600007926,1504.3762400400046,762,X1.4561 Y1.5749 R0.1188
16:29:45.347,5,762,1.47447,1.63799,-0.125,85.01263,58.49009,-29.1675,,185.42,0,0,,2,3,"{""sr"":{""mpox"":85.01263,""mpoy"":58.49009,""mpoz"":-29.1675,""mpoa"":0,""posx"":1.47447,""posy"":1.63799,""posz"":-0.125,""posa"":0,""unit"":0,""stat"":5,""coor"":2,""momo"":3,""dist"":0,""home"":1,""mots"":1,""plan"":0,""line"":762,""path"":2,""frmo"":2,""prbe"":1,""safe"":0,""estp"":0,""spc"":1,""hold"":0,""macs"":5,""cycs"":1,""sps"":12000,""feed"":185.42,""mark"":153225072}}",5.224179088770692,0.2086551735405754,0.2113932740202991,0.2046910566981103,5.224179088770692,0.2086551735405754,0.2113932740202991,0.2046910566981103,-0.9628135200000044,0.2922084399999892,-0.0690647599999999,1.5807697600000052,1.80156599999994,1.1343463599999977,12.9921754,12.511581860000238,-2.081248160000197,100.0,40.35001974,67.39411586000637,82.04501096000776,58.1849820200055,44.37128126000419,163.6714245400155,2206.791807019958,-1.0051285200000002,-0.0121428399999994,-0.0144108599999986,0.4875511599999964,1.7048447999999927,4.972024519999999,10.570140639999966,-14.607050099999965,25.963090540000003,100.0,33.65,81.91002720000631,51.58312130000416,45.99494958000371,55.02199570000444,148.694423520012,1144.8303083399885,-0.99458966,0.0453005799999995,0.0066489000000002,-1.7874282,-0.9329161,0.9346553399999992,-32.48846520000001,37.0,-40.02306901999999,100.0,34.27668182,77.78079493999918,50.64192399999943,55.24573529999938,56.78033911999936,171.36408653999808,1363.3638496800002,-1.00589054,-0.0784496799999998,0.0400021599999995,5.321401979999995,1.718454480000009,1.9692485400000013,-2.4174468000001084,9.669787200000432,-57.41436034000258,100.0,32.361331820000004,58.4259800800018,68.3207019600021,71.14776588000218,41.46359866000128,161.61379892000497,1666.485958119995,-1.0165820200000006,-0.0059235000000002,0.0204550800000002,-5.314893840000001,-8.012020740000015,0.4606873599999985,-13.919769919999991,38.0,67.0,100.0,32.63527996,93.13044776000515,2.238712760000124,1.790970040000099,1.790970040000099,4.925167820000272,1683.5451639199837,-1.0008866600000004,0.1242122400000003,-6.760000000277595e-06,2.7634508000000078,1.8049971999999976,4.08872112,-6.0,30.00457464,37.00457464,100.0,33.05,126.6425698799915,2.8914873399998053,2.3131896199998443,2.3131896199998443,6.3612719799995725,1472.4641530399913,762,X1.4561 Y1.5749 R0.1188
16:29:45.605,5,762,1.4615,1.60935,-0.125,84.68321,57.76858,-29.1675,,185.42,0,0,,2,3,"{""sr"":{""mpox"":84.68321,""mpoy"":57.76858,""mpoz"":-29.1675,""mpoa"":0,""posx"":1.4615,""posy"":1.60935,""posz"":-0.125,""posa"":0,""unit"":0,""stat"":5,""coor"":2,""momo"":3,""dist"":0,""home"":1,""mots"":1,""plan"":0,""line"":762,""path"":2,""frmo"":2,""prbe"":1,""safe"":0,""estp"":0,""spc"":1,""hold"":0,""macs"":5,""cycs"":1,""sps"":12000,""feed"":185.42,""mark"":153225072}}",5.069016154085608,0.1973510329736018,0.2049812864869999,0.2076951422578531,5.069016154085608,0.1973510329736018,0.2049812864869999,0.2076951422578531,-0.8983067799999891,0.4731957600000198,-0.0001515600000065,1.7426200399998886,0.1356899800000557,1.1147701999999813,11.580491400000104,-2.4829480800006087,22.60982788000203,100.0,40.33839026,68.37990159998344,82.2236857399801,58.31169491998587,44.46791135998924,164.02786229996028,1695.8683538400016,-1.0082557199999995,-0.0034832200000003,0.0122937399999999,0.6382758599999561,1.867577320000005,4.952842680000024,10.428542879999911,-14.543283100000096,27.086566780000197,100.0,33.64456714,100.2789695599792,51.425112419989325,45.85405855999048,54.8534532999886,147.8471986399693,1156.4989459800129,-0.99050758,0.0420412599999987,-0.0048617600000002,-1.7093817600000063,-0.9933047399999982,0.8975199799999999,-31.246321940000044,37.24006065999994,-39.73270454000003,100.0,34.28,80.63796432000235,50.84814330000149,55.47070158000162,57.01155420000167,172.06189798000503,1498.205869940034,-1.00521356,-0.07555602,0.0376605799999991,5.464245520000002,1.870228440000011,2.0402042600000088,-4.0,16.28521233999993,-95.0,100.0,32.36099041999999,83.66038361999463,68.82187329999465,71.65017007999442,41.48167751999678,161.68426469998744,1592.2754144600124,-0.9805908599999996,-0.0318322600000007,0.0014268399999999,-5.166716300000018,-8.151938419999997,0.4333274400000078,-9.24135758000116,25.083684980003145,44.334730880005566,100.0,32.631037320000004,91.86807941998694,2.240684879999681,1.792548019999745,1.792548019999745,4.929506779999299,1487.5745167800258,-1.0182486399999993,0.1365033199999988,-0.0046285999999988,2.889119560000025,1.743130060000006,4.017685599999988,-6.0,30.5762003600001,37.415455179999896,100.0,33.04,125.61159786002172,2.881000220000499,2.304799860000399,2.304799860000399,6.338199800001097,1492.985642060028,762,X1.4561 Y1.5749 R0.1188
16:29:45.862,5,762,1.45632,1.57854,-0.125,84.55165,56.98012,-29.1675,,185.42,0,0,,2,3,"{""sr"":{""mpox"":84.55165,""mpoy"":56.98012,""mpoz"":-29.1675,""mpoa"":0,""posx"":1.45632,""posy"":1.57854,""posz"":-0.125,""posa"":0,""unit"":0,""stat"":5,""coor"":2,""momo"":3,""dist"":0,""home"":1,""mots"":1,""plan"":0,""line"":762,""path"":2,""frmo"":2,""prbe"":1,""safe"":0,""estp"":0,""spc"":1,""hold"":0,""macs"":5,""cycs"":1,""sps"":12000,""feed"":185.42,""mark"":153225072}}",5.454106736237262,0.2032336643982923,0.2037483579734155,0.2071214621032864,5.454106736237262,0.2032336643982923,0.2037483579734155,0.2071214621032864,-0.8546706399999774,0.3989466000000141,-0.0974547600000127,3.712920840000241,1.734551160000083,1.257761600000021,11.115717119999728,1.2354953199994567,1.5151013999993888,100.0,40.32278288,115.98341316001093,141.1971988000133,100.13474792000945,76.3617501200072,280.95360876002644,2015.2193650000413,-0.9994351199999983,-0.016366520000001,-0.0198970000000096,0.5312824800000033,1.911829880000008,4.882034799999989,10.0,-14.69074780000006,26.981194360000003,100.0,33.65,91.36678880000774,82.21781476000703,73.23809048000626,88.41574048000757,236.94536092002025,1690.0192708400411,-0.9861016400000004,0.0449799599999988,-0.0089238800000016,-1.8162538799999997,-1.0509121200000051,0.8909984800000019,-31.693065439999973,37.37213672000005,-39.16046435999996,100.0,34.283069360000006,67.61237635999859,46.27249143999901,50.47908127999892,51.57434347999886,156.2716973999966,2006.816414640019,-1.0160004799999995,-0.0715049200000002,-0.006721559999999,5.291615360000004,1.8045664399999977,2.009189440000001,-3.190125599999954,16.0,-94.80987440000006,100.0,32.36232848,85.97366880000361,84.24265456000354,87.70468204000369,50.77639448000213,197.91253892000836,1876.054690000028,-1.0278150800000003,-0.0274085999999999,0.0314593999999994,-5.129744240000002,-8.15965055999999,0.3881937599999974,-13.0,37.63617024000004,66.22759855999995,100.0,32.63363836,132.9595692800089,3.180850640000213,2.54468040000017,2.54468040000017,6.9978722400004685,1992.3326746400317,-1.0086878000000017,0.1132416799999998,-0.0109616400000016,2.814933639999984,1.71023264,3.983213079999996,-6.989896959999999,30.724109280000068,37.0,100.0,33.0498992,62.32640527998554,1.4299679199996689,1.1439745999997348,1.1439745999997348,3.145930039999271,1626.5791916400133,762,X1.4561 Y1.5749 R0.1188
16:29:46.120,5,763,1.45939,1.54746,-0.125,84.62971,56.19065,-29.1675,,185.42,0,0,,2,3,"{""sr"":{""mpox"":84.62971,""mpoy"":56.19065,""mpoz"":-29.1675,""mpoa"":0,""posx"":1.45939,""posy"":1.54746,""posz"":-0.125,""posa"":0,""unit"":0,""stat"":5,""coor"":2,""momo"":3,""dist"":0,""home"":1,""mots"":1,""plan"":0,""line"":763,""path"":2,""frmo"":2,""prbe"":1,""safe"":0,""estp"":0,""spc"":1,""hold"":0,""macs"":5,""cycs"":1,""sps"":12000,""feed"":185.42,""mark"":153225072}}",5.187617404455949,0.1857348139817919,0.1890835249774793,0.2031628163337496,5.187617404455949,0.1857348139817919,0.1890835249774793,0.2031628163337496,-1.0503175199999997,0.1588961999999981,0.0512558000000001,0.6828799600000173,2.094472800000008,1.1146772400000011,13.391912359999944,2.851559519999989,12.641671839999969,100.0,40.28235276,19.687167160001803,24.12122012000221,17.10637588000157,13.0451499600012,47.9999310800044,1896.14849792,-1.0021290799999998,-0.0009005200000002,0.0200473599999995,0.6491642399999987,1.8404642800000004,4.83388768,10.171036440000009,-14.99205444,27.64998067999998,100.0,33.64992056,24.45823768000141,20.35335816000118,18.129882520001043,21.72165108000125,58.49452520000335,1052.8205447600003,-0.99306864,0.03080432,0.0337777599999996,-1.732365360000002,-0.9990387200000004,0.8624358800000008,-31.931415439999995,37.0,-39.55756328,100.0,34.28557596,75.82862231999978,55.19877635999984,59.65928399999982,61.33197371999982,186.22617591999943,1384.45109644,-1.01145756,-0.0720538,0.0047967200000002,5.325628840000001,1.7996277999999992,2.0485796,-3.364618720000004,16.716558160000005,-95.83764612,100.0,32.36566896,68.01593524000049,52.86972008000058,55.05743276000061,32.086451040000355,124.7807932400014,1707.05882744,-0.9998241199999998,-0.0317373999999999,0.0164673199999998,-5.249927480000004,-8.084048039999999,0.4798687600000014,-13.164637439999996,37.26262692000001,66.90201051999999,100.0,32.6226264,54.36376784000147,1.3131344800000355,1.0505075600000289,1.0505075600000289,2.888895880000079,1912.5368213599984,-1.00221324,0.1342641999999998,-0.0086455199999999,2.827234000000002,1.6879487999999978,3.952563999999999,-6.0,30.99012288,37.00987712,100.0,33.05753492,190.0513368799976,4.358975799999945,3.4871808399999558,3.4871808399999558,10.461541519999866,1711.243607999997,763,X1.5748 Y1.4562 R0.1188
16:29:46.377,5,763,1.47073,1.51809,-0.125,84.9177,55.44482,-29.1675,,185.42,0,0,,2,3,"{""sr"":{""mpox"":84.9177,""mpoy"":55.44482,""mpoz"":-29.1675,""mpoa"":0,""posx"":1.47073,""posy"":1.51809,""posz"":-0.125,""posa"":0,""unit"":0,""stat"":5,""coor"":2,""momo"":3,""dist"":0,""home"":1,""mots"":1,""plan"":0,""line"":763,""path"":2,""frmo"":2,""prbe"":1,""safe"":0,""estp"":0,""spc"":1,""hold"":0,""macs"":5,""cycs"":1,""sps"":12000,""feed"":185.42,""mark"":153225072}}",5.391168032481586,0.2009123092703626,0.2111568668747448,0.2102205591383259,5.391168032481586,0.2009123092703626,0.2111568668747448,0.2102205591383259,-0.8931719600000158,0.2576477999999911,-0.037691519999995,5.417220559999714,1.2028396999999316,0.9830300400000228,8.049506980000187,-10.04857958000018,15.752042579999063,100.0,40.27975197999999,155.07799985998523,191.16481423998175,135.57096485998707,103.38505221999014,379.40363553996383,2482.234851979952,-1.0063057599999996,-0.0096814800000013,0.0158050199999965,0.2159032400000186,1.8326274600000272,4.9399486800000005,11.0,-14.08503648000008,26.08503648000008,100.0,33.65,165.60847317998537,107.96574509999044,96.0712134799915,115.2854561799898,310.17277565997256,1262.2610118399964,-0.99396582,0.0423058600000001,-0.0004597000000008,-1.584022280000032,-0.8036927800000081,0.9764786199999976,-31.570477379999986,37.56193003999994,-38.14950110000001,100.0,34.280085480000004,62.280830520001984,42.95229674000137,45.95895806000146,47.24752692000151,142.60162598000454,1641.7083136400165,-1.0010639399999997,-0.07864696,0.0483273599999998,5.532492299999991,1.89239177999999,2.0746084199999983,-3.9935805399999698,16.0,-94.33333050000007,100.0,32.37,105.3741644799965,96.91835235999513,101.63639261999492,58.55871647999707,229.5168236599885,1868.333542159968,-1.0146244000000004,-0.0141432800000015,0.0301769999999997,-5.114385539999995,-8.348008319999987,0.5363855399999954,-13.203036860000058,37.20679976000008,66.20679976000008,100.0,32.63590186,164.17065287998798,3.984815659999709,3.1878525199997667,3.1878525199997667,8.766595419999359,1760.3206856799648,-1.0164168399999982,0.1355727599999987,-0.0035807600000017,2.869,1.7681100399999945,3.909688600000011,-6.030685920000093,30.03068592000009,37.0,100.0,33.05,6.654656240020009,0.1519331400004568,0.1519331400004568,0.1215467200003654,0.3646391600010963,1842.11367979997,763,X1.5748 Y1.4562 R0.1188
16:29:46.634,5,763,1.48925,1.49295,-0.125,85.38796,54.80621,-29.1675,,185.42,0,0,,2,3,"{""sr"":{""mpox"":85.38796,""mpoy"":54.80621,""mpoz"":-29.1675,""mpoa"":0,""posx"":1.48925,""posy"":1.49295,""posz"":-0.125,""posa"":0,""unit"":0,""stat"":5,""coor"":2,""momo"":3,""dist"":0,""home"":1,""mots"":1,""plan"":0,""line"":763,""path"":2,""frmo"":2,""prbe"":1,""safe"":0,""estp"":0,""spc"":1,""hold"":0,""macs"":5,""cycs"":1,""sps"":12000,""feed"":185.42,""mark"":153225072}}",5.149945924199235,0.1991218253386589,0.2051718960035468,0.2078492051189426,5.149945924199235,0.1991218253386589,0.2051718960035468,0.2078492051189426,-0.9371433999999996,0.1690085600000024,-0.0398826399999982,0.8858446000000829,0.8807880400000967,1.3648706399999904,10.84021227999996,2.032030919999761,-8.741404919999443,100.0,40.29161344,26.492084600006525,31.30882716000771,22.317574560005497,17.01915744000419,62.61765500001542,1959.1890568000272,-0.99817292,-0.0152070399999995,-0.0148364399999996,0.3252501200000017,2.0826725599999945,5.005,10.0,-15.0,26.18256139999999,100.0,33.65939184,45.8178536000088,24.662303400004006,22.0782239200036,26.34445436000428,70.92143972001155,1247.3653956400017,-0.993136,0.0477346799999999,-0.0076044800000005,-1.8501139199999888,-1.0002341199999991,0.9835669199999952,-31.448917280000007,37.44891728000001,-40.06802896000002,100.0,34.29,84.03674795999916,55.108310679999406,58.96589255999936,60.06805815999935,182.40850803999805,1344.1681919999935,-1.00139876,-0.07477756,0.0325132400000007,5.503427799999997,1.8278409599999992,2.051935879999999,-3.0517878400000127,16.0,-94.67368368,100.0,32.36756216,62.38712992000233,53.690742120002,56.71557272000212,32.516928600001215,128.17719460000478,1801.3427278399963,-0.9753265600000002,-0.031197760000001,0.0075866399999997,-5.010564160000001,-8.39105127999999,0.4095229199999985,-13.286507240000024,38.0,66.60342008000006,100.0,32.60573008,59.02053760000511,1.432537360000124,1.146030120000099,1.146030120000099,3.1515821200002727,1555.361810559995,-1.0108930399999991,0.122473120000001,-0.0107406400000006,2.8586580399999977,1.6795210400000071,4.017459639999998,-6.99837408,30.17279068000004,37.0,100.0,33.0516952,180.68452703999156,4.144177719999806,4.144177719999806,3.3153424799998445,9.946026599999534,1673.1302139199952,763,X1.5748 Y1.4562 R0.1188
16:29:46.892,5,763,1.51363,1.47347,-0.125,86.00733,54.3114,-29.1675,,185.42,0,0,,2,3,"{""sr"":{""mpox"":86.00733,""mpoy"":54.3114,""mpoz"":-29.1675,""mpoa"":0,""posx"":1.51363,""posy"":1.47347,""posz"":-0.125,""posa"":0,""unit"":0,""stat"":5,""coor"":2,""momo"":3,""dist"":0,""home"":1,""mots"":1,""plan"":0,""line"":763,""path"":2,""frmo"":2,""prbe"":1,""safe"":0,""estp"":0,""spc"":1,""hold"":0,""macs"":5,""cycs"":1,""sps"":12000,""feed"":185.42,""mark"":153225072}}",5.017887218810219,0.2006283856037681,0.2033819499284384,0.2085273295953399,5.017887218810219,0.2006283856037681,0.2033819499284384,0.2085273295953399,-0.9937305199999849,0.4358736799999914,0.0062706799999959,1.5508323200004537,1.597526079999928,1.1184954800000049,9.67761275999992,-11.729346239999444,3.0817825999992867,100.0,40.29998592,112.49345651998692,132.13446315998462,94.18676179998906,71.14932659999172,263.59131387996933,2253.390952879929,-0.9995683200000006,-0.0167490799999998,-0.0170681999999971,0.4157602000000075,2.15362635999994,4.94664996,7.050778799999251,-10.467561999998887,19.57709895999792,100.0,33.66657284,147.8905181199844,76.90306951999189,68.35828411999279,82.16139879999133,220.1925499599768,1922.9104708799368,-0.9900730399999998,0.0432471199999994,-0.0184813999999985,-1.624836360000016,-1.011169399999989,0.9313176399999952,-31.390038479999955,36.86330815999997,-39.82988524000014,100.0,34.29526752,79.03605140000194,47.800246800001176,50.63986560000125,51.58640464000127,156.65229372000385,1692.2653248000172,-1.0089200399999998,-0.0905955599999991,0.0026744800000011,5.434185639999969,1.6843960800000148,1.8996949599999968,-4.0,16.0,-96.46006759999996,100.0,32.36920108,128.97774295999272,79.29015379999599,83.89773467999579,47.758119319997576,189.65227411999047,1843.6616242400105,-0.9388495600000046,-0.0605005199999991,0.0253066399999997,-5.1791480000000005,-8.282729599999996,0.3467387200000076,-13.0,38.0,66.94009695999999,100.0,32.62059904,126.68664619998968,3.0763727199997493,2.4610980399998,2.4610980399998,6.768019439999449,1992.0173710399704,-0.9804450799999994,0.1734146799999976,-0.0004219600000025,2.867091000000014,1.7719089999999855,3.96728608,-6.327590160000079,30.32290120000008,36.32759016000008,100.0,33.03677088,70.3923879600169,1.6145046400003875,1.6145046400003875,1.29160344000031,3.87481032000093,1793.238865919943,763,X1.5748 Y1.4562 R0.1188
16:29:47.149,5,763,1.54246,1.4609,-0.125,86.73963,53.99207,-29.1675,,185.42,0,0,,2,3,"{""sr"":{""mpox"":86.73963,""mpoy"":53.99207,""mpoz"":-29.1675,""mpoa"":0,""posx"":1.54246,""posy"":1.4609,""posz"":-0.125,""posa"":0,""unit"":0,""stat"":5,""coor"":2,""momo"":3,""dist"":0,""home"":1,""mots"":1,""plan"":0,""line"":763,""path"":2,""frmo"":2,""prbe"":1,""safe"":0,""estp"":0,""spc"":1,""hold"":0,""macs"":5,""cycs"":1,""sps"":12000,""feed"":185.42,""mark"":153225072}}",5.275142126032499,0.200239996380542,0.2022442722242534,0.1872828185767756,5.275142126032499,0.200239996380542,0.2022442722242534,0.1872828185767756,-0.9971774599999996,0.3415893800000046,0.0434035399999987,2.9737472799998272,0.7221572799999658,1.352317899999994,8.464241640000026,4.00243064,-13.00121532,100.0,40.31,77.58423206000427,90.05312652000495,64.19171614000354,48.490145220002674,179.6444420400099,2048.320790740001,-1.0055419199999998,-0.0096327600000001,0.0040050999999985,0.6188898600000048,1.777327880000002,4.982619859999996,10.532083959999978,-15.0,27.394198480000025,100.0,33.66,74.6760376400033,54.27825286000258,48.66326122000231,58.021580800002745,155.8160192800074,1255.8766413799983,-0.99106154,0.0394128599999998,-0.0076052200000002,-1.9973009999999936,-1.0371887600000005,0.8731473199999991,-31.80217699999999,37.0,-39.0,100.0,34.29691174,71.10481569999956,51.67843225999963,54.21168875999961,55.02716869999959,167.50375681999878,1523.7423949200006,-1.0097824599999998,-0.0702926799999997,0.00634546,5.445314559999998,1.8387416800000065,1.9324081,-3.0414602199999843,13.997466419999853,-81.3012258199992,100.0,32.34633664,105.37980514000198,67.01572852000125,72.35756196000136,40.30656132000076,161.71186624000302,1640.6015236800033,-0.97812664,-0.0399153199999985,0.0039426200000002,-5.169797859999999,-8.113583680000007,0.4409232599999986,-12.56083096000002,38.08747728,66.08747728,100.0,32.62703426,98.93091056000334,2.3667683200000798,1.893414640000064,1.893414640000064,5.206890240000176,1754.431629180007,-1.0117631599999983,0.1239264000000001,-0.0138592400000004,2.733560140000009,1.6714664600000044,4.083924240000003,-6.467901820000026,30.532098179999974,36.46156440000003,100.0,33.05532116,116.8405671999946,2.6921790799998755,2.6921790799998755,2.1537434799999,6.461229439999702,1430.994661640002,763,X1.5748 Y1.4562 R0.1188
16:29:47.406,5,763,1.57335,1.45629,-0.125,87.5241,53.87498,-29.1675,,185.42,0,0,,2,3,"{""sr"":{""mpox"":87.5241,""mpoy"":53.87498,""mpoz"":-29.1675,""mpoa"":0,""posx"":1.57335,""posy"":1.45629,""posz"":-0.125,""posa"":0,""unit"":0,""stat"":5,""coor"":2,""momo"":3,""dist"":0,""home"":1,""mots"":1,""plan"":0,""line"":763,""path"":2,""frmo"":2,""prbe"":1,""safe"":0,""estp"":0,""spc"":1,""hold"":0,""macs"":5,""cycs"":1,""sps"":12000,""feed"":185.42,""mark"":153225072}}",5.371881387721479,0.2058846812414704,0.2084424852344828,0.2122340435114841,5.371881387721479,0.2058846812414704,0.2084424852344828,0.2122340435114841,-0.983817999999998,0.3968979999999953,-0.0841444000000015,0.0877031999999843,1.9656047999999704,1.208865999999995,9.601300799999972,-0.6018308000001134,8.60780519999983,100.0,40.293994,65.62159020000466,78.02065360000553,55.61472220000395,42.011824600002974,156.03990060001107,1912.663984599999,-1.0052734000000003,-0.0027805999999997,-0.0040842000000007,0.5903449999999951,1.7676802000000036,4.9692484000000015,10.586095599999975,-15.586095599999975,26.58609559999997,100.0,33.6702684,87.33387660000518,48.01293680000286,42.63217640000253,50.91026940000303,137.41633680000817,1372.9099870000136,-0.9897906,0.0434436000000002,-0.0049783999999998,-1.6969782000000095,-1.0018586000000067,0.972454000000001,-32.0,37.0,-38.77135919999999,100.0,34.3074518,73.3450887999994,53.20101479999957,55.26707379999956,55.78358879999955,170.4498541999986,1594.9954732000006,-1.0127228,-0.0924153999999998,0.0304147999999996,5.439683600000008,1.772029999999996,2.050970799999998,-3.192510599999991,16.0,-95.61497880000002,100.0,32.3579858,91.44125120000184,63.46307180000141,68.76661420000151,37.90791120000085,153.6030934000034,1601.0541824000088,-1.0284453999999987,-0.0595406000000014,0.0149963999999996,-5.120137,-8.157249600000005,0.4749095999999982,-13.887850400000003,38.32674640000002,67.0,100.0,32.6321462,90.74907160000367,2.1944808000000897,1.7555848000000718,1.7555848000000718,4.827858600000197,1489.2004824000142,-0.991296600000002,0.1358491999999996,-0.0197145999999995,2.7844247999999983,1.7576552000000032,3.942672399999998,-7.0,30.0,36.0,100.0,33.0560528,131.05937579999392,3.607138599999833,3.005949199999861,2.4047591999998885,7.214277599999665,1503.9317124000129,763,X1.5748 Y1.4562 R0.1188
16:29:47.685,5,764,1.60438,1.46001,-0.125,88.31228,53.96949,-29.1675,,185.42,0,0,,2,3,"{""sr"":{""mpox"":88.31228,""mpoy"":53.96949,""mpoz"":-29.1675,""mpoa"":0,""posx"":1.60438,""posy"":1.46001,""posz"":-0.125,""posa"":0,""unit"":0,""stat"":5,""coor"":2,""momo"":3,""dist"":0,""home"":1,""mots"":1,""plan"":0,""line"":764,""path"":2,""frmo"":2,""prbe"":1,""safe"":0,""estp"":0,""spc"":1,""hold"":0,""macs"":5,""cycs"":1,""sps"":12000,""feed"":185.42,""mark"":153225072}}",5.323456115159561,0.2030832972620017,0.203573105703378,0.2126963659359118,5.323456115159561,0.2030832972620017,0.203573105703378,0.2126963659359118,-1.0367688199999998,0.3709191999999973,0.0202057800000004,2.3397009399999327,1.120900240000002,1.360199339999996,9.025380559999814,8.20489131999983,-4.102445659999915,100.0,40.30179514,138.66266481999713,159.99538235999668,114.04799049999764,86.15135975999821,319.17027565999337,1452.5676072400024,-1.0046837,-0.0121226600000002,0.0067537999999995,0.6389553399999994,1.5983737600000056,5.035262839999997,10.0,-15.0,26.832037319999984,100.0,33.67167958,182.30491043999652,88.8350194399983,79.56527831999848,95.0148475199982,254.91788241999515,1219.2769351599984,-0.98870016,0.0379438799999999,-0.0070078799999998,-1.7660756600000065,-0.8485580400000036,0.9581214199999982,-31.5457704,37.0,-39.06256862000002,100.0,34.31,64.04631698000034,47.239837140000255,48.60252476000026,49.056753540000265,149.89563604000082,1437.6274569999996,-1.00299554,-0.0731778,0.0313857999999999,5.527403759999997,1.8377688999999984,2.0278173399999995,-3.9422252199999934,16.0,-94.94222522,100.0,32.345554680000006,115.83477803999898,82.17659885999917,90.14895563999912,49.00288151999951,200.477656939998,1245.129466740004,-0.9530481800000006,-0.0343782599999998,-0.0009469799999998,-5.418744599999992,-8.009255400000008,0.4491638599999985,-13.30133654000001,38.301336540000015,66.30133654000001,100.0,32.633013240000004,145.2540913399978,3.4933185799999467,2.794655299999957,2.794655299999957,7.685301619999882,1122.4387553400038,-0.9950503600000004,0.13499478,-0.0159086999999998,2.880699540000001,1.747398139999998,4.115379819999997,-6.0026132400000005,30.810819279999983,36.00522666,100.0,33.05186574,40.67167566000362,0.932836220000083,0.932836220000083,0.7462695600000665,2.2388080400001997,1105.002347240002,764,X1.6936 Y1.5749 R0.1188
16:29:47.921,5,764,1.63352,1.47193,-0.125,89.05249,54.27225,-29.1675,,185.42,0,0,,2,3,"{""sr"":{""mpox"":89.05249,""mpoy"":54.27225,""mpoz"":-29.1675,""mpoa"":0,""posx"":1.63352,""posy"":1.47193,""posz"":-0.125,""posa"":0,""unit"":0,""stat"":5,""coor"":2,""momo"":3,""dist"":0,""home"":1,""mots"":1,""plan"":0,""line"":764,""path"":2,""frmo"":2,""prbe"":1,""safe"":0,""estp"":0,""spc"":1,""hold"":0,""macs"":5,""cycs"":1,""sps"":12000,""feed"":185.42,""mark"":153225072}}",5.108344217140747,0.1982905171104217,0.1939700125903538,0.2019426745917104,5.108344217140747,0.1982905171104217,0.1939700125903538,0.2019426745917104,-0.8514326999999868,0.6890977000000508,-0.0222359000000022,0.8251182999997668,2.087868800000145,1.2272784999999948,10.099739199999917,15.692301800000257,-0.8912913999992336,100.0,40.3000108,16.43134839998617,19.65586639998343,13.91030569998828,10.583928099991075,39.01039409996715,1861.771492499996,-0.9996732999999997,-0.0199936000000005,-0.0202290000000024,0.3618070999999725,1.5376904999999934,4.823142999999999,10.0,-15.154170199999925,26.0,100.0,33.6716039,21.738052899989537,17.575446899991537,15.87957059999236,18.80881169999096,50.72212399997557,1085.9307007000127,-0.9897902999999996,0.0414642999999995,-0.0083208000000003,-2.0377012000000088,-0.902026000000012,1.0041023999999992,-31.38726640000004,37.0,-39.94296320000005,100.0,34.3044431,81.68741830000175,58.34815590000125,59.45954950000128,59.45954950000128,182.82422070000396,1299.593699999995,-0.9975859,-0.0737191999999998,0.0320820000000008,5.467079400000006,1.778125899999995,2.070852100000004,-3.2889288000000274,15.577856700000057,-95.0,100.0,32.346431,51.788613399994986,47.47135059999593,52.11140779999553,27.90834029999756,115.71249329999002,1547.6082086000008,-1.0214998000000004,-0.0292353000000002,0.0266547000000002,-4.990214699999974,-8.286178700000013,0.376312200000001,-13.91900940000007,38.0,67.83801890000014,100.0,32.6333813,52.01031539998898,1.2502480999997347,1.0001978999997878,1.0001978999997878,2.7505454999994168,1642.444251899993,-1.001369899999998,0.1191196999999989,-0.0152849000000004,2.9275259,1.7579306000000103,4.0271756000000005,-6.112449599999917,30.0,36.013519800000005,100.0,33.05,190.82325950001783,4.437750000000415,4.437750000000415,3.5502006000003328,10.650600800000996,1422.0682910000155,764,X1.6936 Y1.5749 R0.1188
16:29:48.178,5,764,1.65836,1.49086,-0.125,89.68342,54.75298,-29.1675,,185.42,0,0,,2,3,"{""sr"":{""mpox"":89.68342,""mpoy"":54.75298,""mpoz"":-29.1675,""mpoa"":0,""posx"":1.65836,""posy"":1.49086,""posz"":-0.125,""posa"":0,""unit"":0,""stat"":5,""coor"":2,""momo"":3,""dist"":0,""home"":1,""mots"":1,""plan"":0,""line"":764,""path"":2,""frmo"":2,""prbe"":1,""safe"":0,""estp"":0,""spc"":1,""hold"":0,""macs"":5,""cycs"":1,""sps"":12000,""feed"":185.42,""mark"":153225072}}",5.0587777794878335,0.1997871762463036,0.2005725855502396,0.2059723159060415,5.0587777794878335,0.1997871762463036,0.2005725855502396,0.2059723159060415,-0.981637999999974,0.4838686800000076,-0.0473323999999972,4.223153239999802,1.5543911199998677,1.284714080000011,8.95551247999982,2.911025959999639,8.822051919999279,100.0,40.32,152.8820639199711,186.3250147599648,131.86078031997508,100.32885447998105,370.7390045599299,2715.8475113998247,-1.01095956,-0.0103755599999995,-0.0216061199999954,0.6110200799999674,1.987774280000048,4.93551907999998,10.03733200000017,-15.0,26.03733200000017,100.0,33.67,167.98308323997054,102.40679915998204,91.62713579998392,109.59324139998076,295.5424292799481,1410.19012707997,-0.9812034800000002,0.0254875200000009,0.0273776800000004,-1.6682637600000143,-0.8736459600000096,0.922741959999992,-31.98277875999992,37.01722124000008,-38.4498038400001,100.0,34.314326040000005,63.58965540000381,45.42118312000272,46.28634832000277,46.28634832000277,142.31970584000854,1693.0711028000196,-1.010153600000001,-0.0739991600000004,0.0167740400000022,5.57144783999999,1.815080560000034,2.0543910800000043,-3.337507880000065,16.324638120000007,-95.0,100.0,32.336625,147.42016651998108,87.43610879999142,96.72386931999056,51.66152607999491,213.3096376399792,1888.4096097599652,-0.981757399999998,-0.026796560000003,0.0093415599999982,-5.336648760000016,-8.261254519999978,0.5819854799999779,-14.0,38.0,66.4443276800003,100.0,32.62,164.11262459997624,3.926496639999433,3.1411973199995464,3.1411973199995464,8.638292599998753,1792.714161040025,-0.9896477200000022,0.1267344799999991,-0.0205669999999985,2.923451519999978,1.600123040000044,4.085671679999988,-6.9463267199998215,30.000443160000003,37.00044316,100.0,33.06052744,11.60426684003865,0.2661525600008865,0.2661525600008865,0.2129224400007091,0.6387672800021276,1466.9878978000102,764,X1.6936 Y1.5749 R0.1188
16:29:48.435,5,764,1.67744,1.51557,-0.125,90.16819,55.38076,-29.1675,,185.42,0,0,,2,3,"{""sr"":{""mpox"":90.16819,""mpoy"":55.38076,""mpoz"":-29.1675,""mpoa"":0,""posx"":1.67744,""posy"":1.51557,""posz"":-0.125,""posa"":0,""unit"":0,""stat"":5,""coor"":2,""momo"":3,""dist"":0,""home"":1,""mots"":1,""plan"":0,""line"":764,""path"":2,""frmo"":2,""prbe"":1,""safe"":0,""estp"":0,""spc"":1,""hold"":0,""macs"":5,""cycs"":1,""sps"":12000,""feed"":185.42,""mark"":153225072}}",5.286259811152795,0.2023426740469755,0.2073458891780441,0.2008096422033396,5.286259811152795,0.2023426740469755,0.2073458891780441,0.2008096422033396,-1.079246400000013,0.5755579000000132,-0.0058005199999992,5.958923960000141,2.5597841600000355,1.170698519999998,12.361044899999932,18.627340380000067,-1.830168640000037,100.0,40.34,30.124848279994367,35.38998343999339,25.22670603999528,19.05614457999644,70.5984794199868,2688.5321167399948,-0.9986518999999996,-0.0130188599999995,-0.0110474999999991,0.2873764999999947,1.8488695799999937,5.049415240000002,9.947731559999998,-15.0,26.895463119999995,100.0,33.6721958,37.85713495999442,25.035244079996637,22.399955199996985,26.7921031799964,72.25083547999029,1598.3402232600029,-0.98393972,0.0390908199999998,-0.0111603199999996,-1.7253117999999985,-1.0829683399999996,0.8821160199999998,-32.0,37.0,-39.846526780000026,100.0,34.32,85.48715974000073,57.38448574000053,57.93100436000053,58.477522980000536,179.25820210000165,2284.7839091400065,-0.99337336,-0.0710885999999999,0.0079525199999995,5.102019319999997,2.0861359600000027,1.9695551200000003,-3.555923920000023,16.386514599999987,-95.94243852,100.0,32.33888162,55.65805353999824,50.6333675599984,56.43108191999821,29.76159753999906,124.07107713999608,2124.506206739989,-1.0317585199999997,-0.03233332,0.0222629199999996,-5.446001619999992,-8.124159380000004,0.4594643999999981,-13.0,38.0,67.26609935999998,100.0,32.622996879999995,61.43399655999561,1.4983904399998933,1.1987122599999145,1.1987122599999145,3.296458239999765,2261.566439339996,-0.9989368200000008,0.0973518799999995,-0.00946254,2.747,1.5493300799999958,4.089,-6.0,30.0,37.00202896,100.0,33.05374318,177.19261220000726,4.064144080000166,4.064144080000166,3.2513147000001337,9.7539451000004,1766.0775232799904,764,X1.6936 Y1.5749 R0.1188
16:29:48.693,5,764,1.68955,1.54463,-0.125,90.47565,56.11888,-29.1675,,185.42,0,0,,2,3,"{""sr"":{""mpox"":90.47565,""mpoy"":56.11888,""mpoz"":-29.1675,""mpoa"":0,""posx"":1.68955,""posy"":1.54463,""posz"":-0.125,""posa"":0,""unit"":0,""stat"":5,""coor"":2,""momo"":3,""dist"":0,""home"":1,""mots"":1,""plan"":0,""line"":764,""path"":2,""frmo"":2,""prbe"":1,""safe"":0,""estp"":0,""spc"":1,""hold"":0,""macs"":5,""cycs"":1,""sps"":12000,""feed"":185.42,""mark"":153225072}}",5.109959467721608,0.1888864538103063,0.2027188377539397,0.2059815312864764,5.109959467721608,0.1888864538103063,0.2027188377539397,0.2059815312864764,-1.0005262000000086,0.2385977199999984,-0.0111443999999923,2.688287380000335,1.0881276800001525,1.1406761800000151,14.99860702,8.68553130000025,19.261589939999,100.0,40.35658152,106.6990227799798,128.4323315599757,91.54920063998269,69.15587121998692,255.5478732399517,1564.767184919971,-1.0063453400000002,-0.0103662399999997,0.011365519999998,0.4993063600000293,2.0486212199999736,4.958798319999987,10.0,-15.0,26.041181359999992,100.0,33.67,130.30400827997792,73.1756495199876,66.1148415599888,78.95267469998662,211.82424887996413,1254.798332959931,-0.9894680000000006,0.0324744800000006,-0.0003332400000006,-1.8320884000000164,-0.8370726,0.8661986600000011,-32.0,37.37617161999993,-39.331116259999966,100.0,34.313762,77.82801240000285,50.13460954000183,50.61208186000185,51.08955418000187,156.61097044000573,1475.889784899948,-1.0118995,-0.0743341599999999,0.03655524,5.399216819999979,1.7015087600000134,2.0073438199999973,-4.0,16.551134000000086,-95.55113400000008,100.0,32.34332888,77.88691981999388,73.09571057999412,81.01658195999353,42.96465395999654,179.11238979998558,1460.0511237399796,-0.9686960400000008,-0.0151343600000025,0.003028299999999,-5.382372199999966,-8.313653699999964,0.3986092799999938,-13.0,38.0,66.59806045999993,100.0,32.644019220000004,125.4657596399836,2.9903029599996103,2.3922424999996883,2.3922424999996883,6.578667379999143,1503.6413430399823,-0.9982853800000026,0.1173353999999997,-0.0145028999999987,2.789048860000015,1.769300139999978,4.08869502,-6.0,31.0,38.0,100.0,33.04009996,74.59130752002658,1.7108097600006091,1.7108097600006091,1.3686475400004874,4.105943280001463,1119.0491555200117,764,X1.6936 Y1.5749 R0.1188
16:29:48.951,5,766,1.69406,1.58605,-0.125,90.5902,57.17102,-29.1675,,558.8,0,0,,2,1,"{""sr"":{""mpox"":90.5902,""mpoy"":57.17102,""mpoz"":-29.1675,""mpoa"":0,""posx"":1.69406,""posy"":1.58605,""posz"":-0.125,""posa"":0,""unit"":0,""stat"":5,""coor"":2,""momo"":1,""dist"":0,""home"":1,""mots"":1,""plan"":0,""line"":766,""path"":2,""frmo"":2,""prbe"":1,""safe"":0,""estp"":0,""spc"":1,""hold"":0,""macs"":5,""cycs"":1,""sps"":12000,""feed"":558.8,""mark"":153225072}}",5.128899067729645,0.1904462883697576,0.1996632872040735,0.2085855491429719,5.128899067729645,0.1904462883697576,0.1996632872040735,0.2085855491429719,-0.9260705,0.225594,-0.021987,0.7942845000000001,0.8238519999999999,1.282098,12.494378,18.995181,9.5152605,100.0,40.355008,81.13011399999999,97.6566185,69.61164099999999,52.584333,194.812434,2436.8252845,-1.0084685,0.0021355,0.0201375,0.6588625,1.788291,4.889111,10.0,-15.0,27.0,100.0,33.67,106.897565,57.44675300000001,51.482116000000005,61.4786435,165.9090745,1668.152933,-0.9942345,0.0394615,-0.007256,-1.7873485,-0.9291125,0.89823,-31.500641,37.499359,-39.570089,100.0,34.32,74.5996315,52.4327065,52.932066,53.431425,164.004745,1823.098267,-1.0060185,-0.0889445,0.0595865,5.432,1.850581,2.0957095000000003,-3.0,17.0,-94.339501,100.0,32.333395,81.90187350000001,86.525366,96.432851,50.8584215,212.020172,2022.73618,-0.99695,-0.055257,0.012218,-5.418710000000001,-8.0950535,0.2687635,-14.0,37.4059575,67.0,100.0,32.64,124.748944,2.970213,2.3761705,2.3761705,6.5344685,2174.1599965,-1.0015235,0.1467165,-0.0199055,2.96002,1.7690400000000002,4.05802,-6.4921305,31.0,38.0,100.0,33.049842500000004,106.792311,2.4606525,2.4606525,1.968522,5.9055655,1682.8583485,766,X1.6999 Y1.6196
16:29:49.207,5,775,1.6982,1.6762,-0.125,90.69541,59.46072,-29.1675,,558.8,0,0,,2,1,"{""sr"":{""mpox"":90.69541,""mpoy"":59.46072,""mpoz"":-29.1675,""mpoa"":0,""posx"":1.6982,""posy"":1.6762,""posz"":-0.125,""posa"":0,""unit"":0,""stat"":5,""coor"":2,""momo"":1,""dist"":0,""home"":1,""mots"":1,""plan"":0,""line"":775,""path"":2,""frmo"":2,""prbe"":1,""safe"":0,""estp"":0,""spc"":1,""hold"":0,""macs"":5,""cycs"":1,""sps"":12000,""feed"":558.8,""mark"":153225072}}",5.412012039479007,0.1932389150363998,0.1981827638297482,0.2041047402565209,5.412012039479007,0.1932389150363998,0.1981827638297482,0.2041047402565209,-0.9338482800000034,0.2807041599999944,-0.0347967400000002,5.589563259999988,1.8185965200000136,1.1368405999999986,12.898330280000112,4.759332140000045,21.101669719999887,100.0,40.35379674,61.50589662000367,74.03487520000441,52.77357798000315,39.86493302000237,147.31041926000873,1347.8880155999996,-1.00146756,-0.0100173799999999,0.0175702400000004,0.4767388800000025,1.7349731400000046,4.94109072,10.97615234,-15.39577034000002,26.0,100.0,33.67,73.21749038000368,45.51357540000229,40.76433236000205,49.075506940002455,131.79148278000662,1106.244190900002,-0.99265642,0.0404577799999998,-0.0081433999999996,-1.8399254600000032,-0.975535740000001,0.9095304400000028,-32.216776320000015,37.26761494,-39.0,100.0,34.32267592,80.4350034199995,54.13894501999967,55.17016249999966,55.17016249999966,169.63535979999895,1237.5368503200016,-1.00771676,-0.0783155599999999,0.04506464,5.250617740000002,1.7682123200000024,2.066311760000002,-3.199709439999993,16.0,-94.45670344,100.0,32.35057292,60.5402738000009,60.28485484000106,66.67870290000118,35.622868720000625,147.25821838000255,1505.7851546600032,-0.9816564000000002,-0.0404503999999997,0.0079641400000003,-5.368624999999992,-7.991429420000008,0.3658979799999954,-14.0,37.0,67.42346944000002,100.0,32.62731292,88.31296892000294,2.117347060000071,1.6938776200000565,1.6938776200000565,4.658163180000156,1463.0918585400073,-0.9969116399999997,0.1286063199999995,-0.0139994200000003,2.7325447400000025,1.7532164199999918,4.028,-6.00697996,30.62546325999998,37.0,100.0,33.04020956,135.44793405999516,3.092418499999889,2.4739351999999117,2.4739351999999117,6.803320679999756,1229.5538403200044,775,X1.6975 Y1.6781
16:29:49.466,5,784,1.6344,1.7426,-0.125,89.07489,61.14728,-29.1675,,558.8,0,0,,2,1,"{""sr"":{""mpox"":89.07489,""mpoy"":61.14728,""mpoz"":-29.1675,""mpoa"":0,""posx"":1.6344,""posy"":1.7426,""posz"":-0.125,""posa"":0,""unit"":0,""stat"":5,""coor"":2,""momo"":1,""dist"":0,""home"":1,""mots"":1,""plan"":0,""line"":784,""path"":2,""frmo"":2,""prbe"":1,""safe"":0,""estp"":0,""spc"":1,""hold"":0,""macs"":5,""cycs"":1,""sps"":12000,""feed"":558.8,""mark"":153225072}}",5.270254246843014,0.2042478919629051,0.2053943571727956,0.2093113887820767,5.270254246843014,0.2042478919629051,0.2053943571727956,0.2093113887820767,-0.8093956000000043,0.3018756000000002,-0.0341873999999972,5.209643999999937,2.513530400000056,1.257629799999993,13.588818199999888,11.396885800000112,1.031705199999999,100.0,40.342000000000006,132.5263517999906,155.67797319998897,110.1725917999922,83.82660079999407,310.557109999978,2639.295535200038,-1.0057755999999998,-0.0062000000000006,0.0080627999999985,0.348351200000009,1.7394663999999935,4.931182399999997,10.76310719999995,-15.749721599999946,26.76310719999995,100.0,33.67,181.00394779998777,88.50707099999426,79.36316839999485,94.62531579999388,255.6409743999834,1294.3022688000058,-0.9930349999999998,0.0452067999999995,-0.0030453999999997,-1.6851521999999832,-0.933310599999995,0.927722000000001,-32.0,37.45806560000001,-38.3418006000001,100.0,34.32,70.43516020000082,48.09688640000083,49.01301760000085,49.01301760000085,151.1616430000026,1512.4048887999904,-1.0069176000000004,-0.0752731999999998,0.0070526000000005,5.225234199999999,1.6262450000000002,1.9902341999999988,-3.746233600000018,15.38959980000002,-94.52543300000004,100.0,32.356104,89.72888779999697,81.18327919999727,89.118487599997,48.221647399998375,198.3801947999933,1804.6340933999973,-1.0114699999999992,-0.0279457999999997,0.0184871999999993,-5.163371199999994,-8.254704800000003,0.2504726000000093,-13.84821200000001,37.0,67.16268760000004,100.0,32.6315176,142.5890933999926,3.427622199999823,2.742097799999858,2.742097799999858,7.5407693999996095,1633.4727733999975,-1.0074815999999995,0.1222013999999995,-0.0069118000000008,2.7959343999999966,1.9266375999999927,4.099949600000003,-6.0,31.0,38.0,100.0,33.040183199999994,45.52724860001224,1.0347102000002777,0.8277684000002224,0.8277684000002224,2.276362400000611,1626.3590028000017,784,X1.6344 Y1.7426
16:29:49.723,5,792,1.54201,1.75697,-0.125,86.72806,61.51224,-29.1675,,558.8,0,0,,2,1,"{""sr"":{""mpox"":86.72806,""mpoy"":61.51224,""mpoz"":-29.1675,""mpoa"":0,""posx"":1.54201,""posy"":1.75697,""posz"":-0.125,""posa"":0,""unit"":0,""stat"":5,""coor"":2,""momo"":1,""dist"":0,""home"":1,""mots"":1,""plan"":0,""line"":792,""path"":2,""frmo"":2,""prbe"":1,""safe"":0,""estp"":0,""spc"":1,""hold"":0,""macs"":5,""cycs"":1,""sps"":12000,""feed"":558.8,""mark"":153225072}}",5.312384168591067,0.1982836899338647,0.2042009714574445,0.2083386044709384,5.312384168591067,0.1982836899338647,0.2042009714574445,0.2083386044709384,-1.0475091200000008,0.3402928799999991,0.0367384000000007,1.7902838799999492,2.1109820600000155,1.3893158600000028,14.880362340000024,-6.054028459999988,28.223352659999957,100.0,40.34,9.754373719998211,11.94693315999778,8.516019419998429,6.494230839998814,23.7742296599956,1649.9763039200034,-1.00602248,-0.01069704,0.0147853600000002,0.2879143599999962,2.1099477400000075,4.843569419999998,1.2111621199998928,-1.8103796599998412,3.3708899199997058,100.0,33.66883518,26.66689565999773,13.508121459998865,12.227179099998963,14.556165939998772,39.24342295999666,1085.5511992399993,-0.99524456,0.0469911,-0.0083953,-1.8952719800000009,-1.132274120000002,0.8641330999999998,-32.0,37.0,-39.0,100.0,34.31,72.4009468600002,58.36975548000017,60.05349786000018,60.61474632000017,185.77297118000047,1493.4907309800012,-1.01098682,-0.07791132,0.0263833399999999,5.212305039999999,1.7274127200000002,2.05737354,-3.698156599999997,16.0,-94.6981566,100.0,32.36657372,46.777763579999466,46.25565931999945,50.3672734199994,27.410761139999675,112.34332861999869,1412.0439645200024,-0.9612529,-0.0289263199999999,-0.0009677200000001,-5.211778899999999,-8.227256719999998,0.2990477000000011,-13.316951360000129,35.19480004000034,64.50469866000063,100.0,32.620487919999995,47.14535591999852,1.1321293999999644,0.9057027799999716,0.9057027799999716,2.7171092199999154,1130.1483631799954,-0.9996758000000002,0.1146785999999997,-0.0064841799999998,2.919145640000002,1.695381040000003,4.0252354000000015,-6.0,30.94068658000001,37.98600058,100.0,33.03971988,200.1643798000024,4.633434740000055,3.706747580000045,3.706747580000045,10.193556580000122,1335.6066393000012,792,X1.5327 Y1.7556
16:29:49.979,5,798,1.45599,1.72063,-0.125,84.54328,60.58924,-29.1675,,558.8,0,0,,2,1,"{""sr"":{""mpox"":84.54328,""mpoy"":60.58924,""mpoz"":-29.1675,""mpoa"":0,""posx"":1.45599,""posy"":1.72063,""posz"":-0.125,""posa"":0,""unit"":0,""stat"":5,""coor"":2,""momo"":1,""dist"":0,""home"":1,""mots"":1,""plan"":0,""line"":798,""path"":2,""frmo"":2,""prbe"":1,""safe"":0,""estp"":0,""spc"":1,""hold"":0,""macs"":5,""cycs"":1,""sps"":12000,""feed"":558.8,""mark"":153225072}}",5.176976985688931,0.1922245913502423,0.1910378150438556,0.2045825252299966,5.176976985688931,0.1922245913502423,0.1910378150438556,0.2045825252299966,-0.7962667800000008,0.3784518800000001,-0.0301587399999997,2.8924672199999915,0.7085327800000086,1.1560612999999995,11.258278060000022,6.258278060000023,2.612583379999966,100.0,40.35,157.15232945999904,182.4089541399989,130.0248442799992,99.1556362799994,363.8824774999978,2745.973502280001,-1.0019579800000002,-0.01234574,-0.01112766,0.3756950400000016,2.1263049599999984,4.83952114,10.884268319999997,-15.05996072,27.94003928,100.0,33.6705577,185.69640123999895,103.4594232799994,92.84820061999947,111.41784091999938,300.6513154399983,1623.9063910999987,-0.99612924,0.0482460199999999,-0.0047703599999999,-1.6186474800000012,-0.8964527199999999,0.88114046,-31.56224412,37.0,-38.53655199999999,100.0,34.31463448,65.66343444000012,45.08889152000008,47.27767274000009,47.27767274000009,145.33506708000027,2101.74436844,-1.00819056,-0.07246016,0.0191822000000001,5.30932342,1.8550707200000007,2.013072,-3.6551513599999983,16.0,-94.38351936,100.0,32.36019338,68.27334333999987,89.77507605999973,96.9624057799997,53.72241435999983,216.8744458799993,2121.7598154,-1.02660082,-0.0754972799999998,-0.0142547599999999,-5.222655379999999,-8.445272999999998,0.3327119000000004,-13.772851259999996,37.7616444,67.53449565999999,100.0,32.62022416,160.76425789999925,3.8642563599999824,3.0914050999999856,3.0914050999999856,9.274214359999958,2565.6702646599992,-1.0707375799999996,0.1444237599999994,-0.0314125999999997,2.5379694600000025,1.4830547400000014,4.123216299999998,-5.0,30.92705384,37.07364504000001,100.0,33.04999304,15.756345180001194,0.3647299800000276,0.2917838200000221,0.2917838200000221,0.8024061800000608,1895.6224855200012,798,X1.4554 Y1.7202
16:29:50.244,5,805,1.39873,1.64398,-0.125,83.08896,58.64236,-29.1675,,558.8,0,0,,2,1,"{""sr"":{""mpox"":83.08896,""mpoy"":58.64236,""mpoz"":-29.1675,""mpoa"":0,""posx"":1.39873,""posy"":1.64398,""posz"":-0.125,""posa"":0,""unit"":0,""stat"":5,""coor"":2,""momo"":1,""dist"":0,""home"":1,""mots"":1,""plan"":0,""line"":805,""path"":2,""frmo"":2,""prbe"":1,""safe"":0,""estp"":0,""spc"":1,""hold"":0,""macs"":5,""cycs"":1,""sps"":12000,""feed"":558.8,""mark"":153225072}}",5.206656687633608,0.1906278821298264,0.1854294017524281,0.2057863649538765,5.206656687633608,0.1906278821298264,0.1854294017524281,0.2057863649538765,-0.889230120000005,0.2696770799999972,-0.0555832799999975,3.20973875999994,3.0133900399999565,1.077592399999998,12.363380400000034,-9.262676959999933,17.342650680000034,100.0,40.35,63.768880680006006,70.27209352000662,50.09138964000472,38.1991893600036,140.54418668001324,1932.04879036002,-1.0041926,-0.0035523600000001,0.0024628000000003,0.4986078800000024,1.8463610399999784,4.944,10.62218031999997,-15.662963679999969,27.66296367999997,100.0,33.679592320000005,73.81030252000605,44.58275948000351,40.04891912000316,47.98313952000378,129.5514747600102,1355.5801139999844,-0.98850484,0.0452077199999997,-0.0079459599999997,-1.773625159999997,-1.0449474400000014,0.9264185999999984,-31.63367360000002,37.15345180000001,-39.03955667999999,100.0,34.31633664,80.95678023999905,53.01738567999949,55.76972903999948,56.65583391999946,172.56639367999833,1528.8088519199953,-1.0005734000000004,-0.0791210799999999,0.0166551200000005,5.297008640000001,1.8688251599999937,1.985430919999997,-3.0,16.548925399999987,-95.43380351999998,100.0,32.36115128,66.3080214800018,62.6994216800017,67.21017168000182,37.439223440001015,151.11011756000408,1688.9291546799975,-0.98887728,-0.0519082799999988,0.0264652799999993,-5.446435119999998,-8.048245480000007,0.433388759999997,-14.414655920000024,36.93404728,67.93404728,100.0,32.64972832,87.07772316000451,2.073278880000107,1.6586229600000857,1.6586229600000857,4.561213960000235,1599.6962434799962,-1.009306200000001,0.1205850800000002,0.0012999199999996,2.725351039999998,1.626095799999998,3.9610094799999938,-5.974883519999998,30.506954559999954,37.84092895999999,100.0,33.04730736,138.1773083199928,3.1836158399998338,2.5468927999998665,2.5468927999998665,7.003955359999633,1482.5590456000025,805,X1.3958 Y1.6367
16:29:50.501,5,811,1.38664,1.551,-0.125,82.78186,56.28052,-29.1675,,558.8,0,0,,2,1,"{""sr"":{""mpox"":82.78186,""mpoy"":56.28052,""mpoz"":-29.1675,""mpoa"":0,""posx"":1.38664,""posy"":1.551,""posz"":-0.125,""posa"":0,""unit"":0,""stat"":5,""coor"":2,""momo"":1,""dist"":0,""home"":1,""mots"":1,""plan"":0,""line"":811,""path"":2,""frmo"":2,""prbe"":1,""safe"":0,""estp"":0,""spc"":1,""hold"":0,""macs"":5,""cycs"":1,""sps"":12000,""feed"":558.8,""mark"":153225072}}",5.382482201929555,0.198323176763447,0.2051680685488193,0.2064778851606517,5.382482201929555,0.198323176763447,0.2051680685488193,0.2064778851606517,-0.9644650000000128,0.2583070000000008,-0.0528960000000025,3.4744275000003637,0.4264980000001382,1.1295045000000086,8.000841,-1.4903015000007092,-3.004730999999434,100.0,40.34,81.87833800002319,97.3513410000276,69.39403250001965,52.41995300001484,194.20344450005496,1984.960950999928,-0.995829000000001,-0.0100075000000017,0.0116014999999968,0.4952995000000626,1.764750499999938,4.944,10.0,-15.0,26.53175800000013,100.0,33.68,82.19587450002038,59.28066100001469,52.804622500013096,63.764072000015815,171.36594450004247,1689.4929489999352,-0.9925700000000002,0.0433570000000004,-0.0195325000000028,-1.6394889999999829,-0.9770250000000024,0.9465125000000012,-31.78478050000006,37.49979599999998,-38.930234999999854,100.0,34.32715,73.46997099999709,50.479367999998,53.47814249999788,54.47773399999784,165.9321799999934,1907.9302359999915,-1.0030599999999985,-0.0817174999999987,0.0177050000000009,5.299106499999998,1.8100739999999755,2.073771999999982,-3.0,16.160459499999956,-95.0,100.0,32.355005,46.46273500000554,70.73126550000714,75.07532550000765,42.54268450000434,168.82969050001716,2093.1845349999844,-1.021119999999989,-0.0672234999999895,0.0199070000000017,-5.274820500000064,-8.203708000000006,0.3485170000000264,-13.594952499999884,37.0,67.09320349999997,100.0,32.639068,103.8225985000184,2.491254500000443,1.9930040000003544,1.9930040000003544,5.480760500000975,2137.7303444999447,-1.0031465000000266,0.0999294999999936,0.004283499999994,2.778304999999991,1.8901785000000004,4.088332999999984,-6.0,31.0,38.007465,100.0,33.0349425,109.1200239999697,2.491324999999308,1.9930599999994465,1.9930599999994465,5.480914499998479,1886.082527499968,811,X1.387 Y1.5474
16:29:50.759,5,817,1.4204,1.4642,-0.125,83.63928,54.07604,-29.1675,,558.8,0,0,,2,1,"{""sr"":{""mpox"":83.63928,""mpoy"":54.07604,""mpoz"":-29.1675,""mpoa"":0,""posx"":1.4204,""posy"":1.4642,""posz"":-0.125,""posa"":0,""unit"":0,""stat"":5,""coor"":2,""momo"":1,""dist"":0,""home"":1,""mots"":1,""plan"":0,""line"":817,""path"":2,""frmo"":2,""prbe"":1,""safe"":0,""estp"":0,""spc"":1,""hold"":0,""macs"":5,""cycs"":1,""sps"":12000,""feed"":558.8,""mark"":153225072}}",5.231103526095913,0.2018972140656835,0.17080988511107,0.1944226811650117,5.231103526095913,0.2018972140656835,0.17080988511107,0.1944226811650117,-0.9098746199999967,0.4637387199999813,-0.0243033600000084,1.57198825999997,0.3278771799999964,1.2612460400000038,11.30524848000031,-3.95164388000056,3.3268580600001245,100.0,40.31999076,108.3521318800102,128.83332726001214,91.83503840000864,70.03247550000658,257.0059712600241,2741.8076338800006,-1.0043450200000004,-0.0062234799999998,0.0085725199999998,0.4971914799999893,1.901832260000008,4.846855079999996,10.592540760000064,-15.0,25.407459239999937,100.0,33.686403420000005,81.03662802000605,76.20008152000644,68.51603904000577,81.96311254000692,221.5326407600187,1530.6036116000012,-0.9881643399999998,0.0344320199999996,-0.0071352399999991,-1.914881920000004,-1.0914794599999935,0.8249377400000006,-32.0,37.0,-39.24274909999998,100.0,34.32,70.01954879999933,47.64287477999906,50.977876219999,52.211556279999,158.1743457199969,2150.713368380021,-1.0122561999999995,-0.0715639599999999,0.0209314199999997,5.41896962,1.9180614200000023,2.088030380000001,-3.230752559999958,16.0,-95.23075255999996,100.0,32.34,95.0129068600038,79.45523836000318,83.90028684000336,47.78426886000191,188.9145520200076,1864.5646707000203,-1.0165088999999987,-0.0408312800000009,0.0308448599999997,-5.430256279999997,-8.018509960000003,0.531275540000002,-13.87699513999999,36.72373402000005,67.3244631800001,100.0,32.64201484,124.35096764000812,3.003646780000196,2.4029169600001565,2.4029169600001565,6.608022380000431,1842.3645487000088,-1.0167299000000012,0.1153731799999992,-0.0027184799999995,2.849450899999993,1.789250519999996,4.046369020000007,-6.0,30.99032902,38.65540284000006,100.0,33.03344636,75.78234859998663,1.7229851199996966,1.3783882999997574,1.3783882999997574,3.790568059999333,1886.537066960013,817,X1.4208 Y1.4636
16:29:51.016,5,824,1.49245,1.40372,-0.125,85.4693,52.5397,-29.1675,,558.8,0,0,,2,1,"{""sr"":{""mpox"":85.4693,""mpoy"":52.5397,""mpoz"":-29.1675,""mpoa"":0,""posx"":1.49245,""posy"":1.40372,""posz"":-0.125,""posa"":0,""unit"":0,""stat"":5,""coor"":2,""momo"":1,""dist"":0,""home"":1,""mots"":1,""plan"":0,""line"":824,""path"":2,""frmo"":2,""prbe"":1,""safe"":0,""estp"":0,""spc"":1,""hold"":0,""macs"":5,""cycs"":1,""sps"":12000,""feed"":558.8,""mark"":153225072}}",5.179337422430564,0.2007861891575049,0.2092867697523308,0.2093701600725228,5.179337422430564,0.2007861891575049,0.2092867697523308,0.2093701600725228,-1.004781199999996,0.6353402000000156,0.0337868000000085,3.074711199999504,2.079763399999869,1.123453599999979,9.596338399999771,-8.174224800000117,-0.6445195999991992,100.0,40.3279606,33.864909800018744,39.77109100002202,28.3496494000157,21.61915660001196,79.54218120004406,2606.3843760000823,-1.0093709999999998,-0.0009392,0.028586399999996,0.3206208000000064,1.7832398000000051,4.912759199999988,10.0,-15.0,26.01301060000001,100.0,33.6898698,43.26511840001751,29.16749560001179,26.007683200010515,31.35505720001269,84.3426742000341,1277.8110196000025,-0.9875584,0.0305240000000007,-0.0022112000000005,-1.790979400000012,-0.868101000000008,0.849470600000002,-31.45911260000002,37.0,-39.34447119999995,100.0,34.3234448,82.21483519999754,53.54782059999839,57.87491679999827,59.49757799999821,180.1153949999946,1839.5556542000015,-1.0116538,-0.0709688000000001,0.0274643999999991,5.506820000000007,1.7293269999999914,1.9900171999999976,-3.0,16.13534980000008,-95.25781599999996,100.0,32.3430198,47.03814600000274,57.00900480000585,59.62581340000605,34.46321840000347,134.7204336000137,1637.2285184000432,-0.9816407999999986,-0.0377268000000005,0.0004019999999997,-5.172090800000023,-8.291120199999995,0.2966598000000082,-13.85065920000002,37.0,67.68869439999992,100.0,32.6337736,64.73899260001464,1.556529000000354,1.2452234000002833,1.2452234000002833,3.424364400000779,1831.692640000032,-1.0231011999999986,0.1344972000000004,-0.0017038000000008,2.855868399999993,1.6611316000000067,4.1483352,-5.802918599999888,31.0,38.0,100.0,33.0598184,172.25914039997596,3.9691041999994474,3.175283999999557,3.175283999999557,8.732030399998782,1780.7334580000604,824,X1.5037 Y1.3987
16:29:51.273,5,830,1.58403,1.38514,-0.125,87.79546,52.06787,-29.1675,,558.8,0,0,,2,1,"{""sr"":{""mpox"":87.79546,""mpoy"":52.06787,""mpoz"":-29.1675,""mpoa"":0,""posx"":1.58403,""posy"":1.38514,""posz"":-0.125,""posa"":0,""unit"":0,""stat"":5,""coor"":2,""momo"":1,""dist"":0,""home"":1,""mots"":1,""plan"":0,""line"":830,""path"":2,""frmo"":2,""prbe"":1,""safe"":0,""estp"":0,""spc"":1,""hold"":0,""macs"":5,""cycs"":1,""sps"":12000,""feed"":558.8,""mark"":153225072}}",5.359756836023343,0.2009417568885088,0.2027657701728303,0.2106215334770071,5.359756836023343,0.2009417568885088,0.2027657701728303,0.2106215334770071,-0.9283629199999998,0.2481199400000003,-0.0344460799999999,3.5914250599999766,1.3070052599999966,1.3893443599999986,11.637575619999966,6.822183119999983,-13.629426759999966,100.0,40.32,162.432609559999,183.0887792599989,130.5094374199992,99.5251828999994,366.1775585199978,2028.6145441599976,-0.99852936,-0.0193058599999999,0.00730002,0.1768689999999998,1.99872538,4.98949354,10.127103780000004,-15.0,24.123303560000007,100.0,33.68003798,155.29314029999912,105.2036159999994,93.80655745999948,113.09388683999936,304.2137894599983,1018.413895280001,-0.98687422,0.0326606799999999,0.00510016,-1.750079019999999,-0.8239524400000005,0.8218685200000002,-31.96583756,37.56147588,-39.15711326,100.0,34.32,69.75395580000009,42.97539186000008,46.922111580000085,48.23768388000009,146.0286258200003,1389.72441512,-1.00872444,-0.07964228,0.0528987199999999,5.3685196600000005,1.8201251999999992,2.0090393199999994,-3.0,16.040661400000005,-95.0,100.0,32.34260326,101.38191853999967,96.1153260599997,100.06527085999969,57.93252461999983,227.1218312199993,1731.8173533199983,-0.9898757800000002,-0.0291393,0.00743388,-5.293796699999997,-8.134460220000001,0.4550794999999989,-14.0,38.0,67.77883586,100.0,32.63,161.21907747999924,3.8941801799999816,3.115344319999985,3.115344319999985,8.56719709999996,1667.6990282399984,-1.0231679,0.1279738399999999,-0.0069413599999999,2.81228002,1.709,4.024380799999999,-6.0,31.0,37.07017144000001,100.0,33.03081048,15.200474020001206,0.3508589600000273,0.2806875200000221,0.2806875200000221,0.7718902400000606,1927.2951023599967,830,X1.5935 Y1.3857
16:29:51.530,5,836,1.67349,1.41256,-0.125,90.06767,52.76419,-29.1675,,558.8,0,0,,2,1,"{""sr"":{""mpox"":90.06767,""mpoy"":52.76419,""mpoz"":-29.1675,""mpoa"":0,""posx"":1.67349,""posy"":1.41256,""posz"":-0.125,""posa"":0,""unit"":0,""stat"":5,""coor"":2,""momo"":1,""dist"":0,""home"":1,""mots"":1,""plan"":0,""line"":836,""path"":2,""frmo"":2,""prbe"":1,""safe"":0,""estp"":0,""spc"":1,""hold"":0,""macs"":5,""cycs"":1,""sps"":12000,""feed"":558.8,""mark"":153225072}}",5.082388037416863,0.1837828228907081,0.2001700242657476,0.2018979939912533,5.082388037416863,0.1837828228907081,0.2001700242657476,0.2018979939912533,-0.9187427600000004,0.3939017199999756,-0.039435839999999,-3.11267912000041,0.5496067999999986,1.221,11.674749440000728,-2.83895608000036,8.755045520000548,100.0,40.289188040000006,13.081142199970737,15.745818559964777,11.223942479974896,8.559266039980852,31.491638039929555,2265.9878896799623,-1.0116457600000004,-0.0208517600000019,0.0034749200000019,0.4210219199999762,1.831,4.987495920000031,10.0,-14.938007639999988,26.06199236000001,100.0,33.690749919999995,29.44496391996783,16.43773095998101,14.656976959983067,17.595572759979756,47.45745047994526,1587.0524697999736,-0.98811424,0.0398051999999984,-0.022294440000001,-1.9257806400000408,-0.9685766400000192,0.8463980399999793,-31.558889760000028,37.52450856000011,-38.95098287999979,100.0,34.33475508,87.60813248000431,54.7711744800025,59.80118016000273,61.47784844000281,186.6691051200085,1975.0685312400497,-0.99937708,-0.0748054399999997,0.0267253599999985,5.367844640000008,1.687622440000004,2.0718446400000072,-3.3763117599998766,16.0,-95.94827232000011,100.0,32.34623668,56.42206907998961,51.51580195999052,53.61848763999013,31.18983947999426,121.25488071997768,2279.438088840076,-0.988988520000003,-0.0335623599999954,0.0259282399999975,-5.475271440000049,-8.101262359999978,0.4260704800000021,-13.984761360000034,38.51117980000026,66.01523863999996,100.0,32.6251932,49.25251227997645,1.183954199999434,0.9471639599995472,0.9471639599995472,2.6047005599987543,2124.6928309200416,-1.011941320000002,0.1272613200000071,-0.0098089600000003,2.8463608400000435,1.7033574800000106,3.972712599999989,-5.093644519999821,30.09364451999982,36.90750492000018,100.0,33.03998848,197.8359998800385,4.537522600000884,3.630018600000706,3.630018600000706,9.982550040001945,1978.394082800116,836,X1.6791 Y1.4159
16:29:51.788,5,842,1.73883,1.47902,-0.125,91.72731,54.45231,-29.1675,,558.8,0,0,,2,1,"{""sr"":{""mpox"":91.72731,""mpoy"":54.45231,""mpoz"":-29.1675,""mpoa"":0,""posx"":1.73883,""posy"":1.47902,""posz"":-0.125,""posa"":0,""unit"":0,""stat"":5,""coor"":2,""momo"":1,""dist"":0,""home"":1,""mots"":1,""plan"":0,""line"":842,""path"":2,""frmo"":2,""prbe"":1,""safe"":0,""estp"":0,""spc"":1,""hold"":0,""macs"":5,""cycs"":1,""sps"":12000,""feed"":558.8,""mark"":153225072}}",5.248154706834719,0.1977520119708265,0.2054483434292225,0.1980411699986653,5.248154706834719,0.1977520119708265,0.2054483434292225,0.1980411699986653,-1.039824399999997,0.467122119999998,-0.0041098400000004,0.6733565199999946,1.6595616000000124,1.3593493199999958,8.219613920000112,14.964584920000089,-2.513436039999955,100.0,40.28,124.1028123599963,147.5610685999956,105.18379571999688,80.21210343999762,294.36435143999125,1564.3651019600206,-1.0097124399999995,-0.0063011600000004,-0.0077339200000003,0.6406238799999943,1.844646880000001,4.8521865600000025,10.0,-15.0,26.27114152000002,100.0,33.69728848,128.27905451999652,87.46299203999763,77.98783407999788,93.29385759999748,252.1849596799932,987.5282718400016,-0.9881204,0.0431935600000001,0.0037319199999999,-1.8187646400000028,-0.9315954400000032,0.7490570000000008,-31.89766495999999,37.0,-39.43430427999999,100.0,34.34,70.8941590400005,45.40933116000033,49.57957548000035,50.96965676000036,154.7624134800011,1551.7162572000009,-1.00070396,-0.0672323599999999,0.0206491999999995,5.345530519999995,1.881329000000001,2.088435559999997,-3.0,16.40636312000001,-95.0,100.0,32.3758128,87.42924099999927,87.2646394399988,90.82646171999876,52.83369311999928,205.3984036799972,1508.530412800009,-1.0072248799999997,-0.0255837200000002,0.0371218799999998,-5.331160399999995,-8.019388560000003,0.5285882399999992,-13.0,37.334616480000015,67.0,100.0,32.62714196,137.06907467999707,3.3269193599999287,2.6615358399999427,2.6615358399999427,7.319221999999843,1349.5458251600082,-1.0019559999999998,0.1239718399999992,-1.0560000000535712e-05,2.899028959999997,1.572295040000004,4.088838480000001,-5.251211520000022,31.0,36.0,100.0,33.04,54.18697996000483,1.2428202400001107,0.9942566400000886,0.9942566400000886,2.7342050800002435,1355.5175814800036,842,X1.7429 Y1.4857
16:29:52.045,5,846,1.77618,1.56604,-0.125,92.67604,56.66277,-29.1675,,558.8,0,0,,2,1,"{""sr"":{""mpox"":92.67604,""mpoy"":56.66277,""mpoz"":-29.1675,""mpoa"":0,""posx"":1.77618,""posy"":1.56604,""posz"":-0.125,""posa"":0,""unit"":0,""stat"":5,""coor"":2,""momo"":1,""dist"":0,""home"":1,""mots"":1,""plan"":0,""line"":846,""path"":2,""frmo"":2,""prbe"":1,""safe"":0,""estp"":0,""spc"":1,""hold"":0,""macs"":5,""cycs"":1,""sps"":12000,""feed"":558.8,""mark"":153225072}}",5.344790798607905,0.1969165450775391,0.2005179968202171,0.202402755282073,5.344790798607905,0.1969165450775391,0.2005179968202171,0.202402755282073,-0.973496060000024,0.2042778600000106,0.0158376200000108,-1.2050977400001035,1.3207435800001306,1.177981819999944,12.99818132,5.706124460000915,4.381100279999848,100.0,40.28382914,62.341657399975134,74.9629747199701,53.1625176399788,40.54120031998382,148.77855699994066,2305.878500919835,-1.0041525599999996,-0.0178660199999997,-0.0124651599999979,0.3646933400000269,1.9189760399999929,5.012047920000015,10.0,-15.601378100000131,26.398621899999867,100.0,33.69956414,94.1797069999664,47.47959045998424,42.65252081998581,51.02357589998303,137.1258607199544,1172.8009038400148,-0.9883496799999988,0.0408328799999988,-0.006195119999999,-1.75248532,-0.907961539999996,0.9274265200000094,-32.0,37.35326856000009,-38.836731860000064,100.0,34.3367981,72.39822570000229,50.620607120002106,55.2694383200023,56.81904880000236,172.00675602000717,1450.5568765599949,-1.003005759999998,-0.0709841999999996,0.0183051399999992,5.434159859999991,1.908992520000044,2.0246562400000125,-4.0,16.420775400000103,-94.29773444000016,100.0,32.36,85.76245091998976,67.058937159992,69.33985373999172,40.60030875999515,157.83940387998118,1650.1645432199334,-0.9646135199999948,-0.0415832800000049,0.0019547799999988,-5.238623659999928,-8.222794860000018,0.3218269999999671,-13.496899139999876,38.0,66.64219872000007,100.0,32.6313908,88.03416801998013,2.136752099999518,1.709401079999614,1.709401079999614,4.700853599998939,1696.8002630999456,-1.0072532400000038,0.141141420000003,-0.0077300399999962,2.9403472999999725,1.732444819999991,4.02867564,-6.0,30.61566124000015,36.9944634,100.0,33.05610142,132.38378026003198,3.078306440000744,2.462644580000595,2.462644580000595,6.777810100001634,1362.389409099918,846,X1.7796 Y1.5809
16:29:52.301,5,851,1.78006,1.65971,-0.125,92.77468,59.04195,-29.1675,,558.8,0,0,,2,1,"{""sr"":{""mpox"":92.77468,""mpoy"":59.04195,""mpoz"":-29.1675,""mpoa"":0,""posx"":1.78006,""posy"":1.65971,""posz"":-0.125,""posa"":0,""unit"":0,""stat"":5,""coor"":2,""momo"":1,""dist"":0,""home"":1,""mots"":1,""plan"":0,""line"":851,""path"":2,""frmo"":2,""prbe"":1,""safe"":0,""estp"":0,""spc"":1,""hold"":0,""macs"":5,""cycs"":1,""sps"":12000,""feed"":558.8,""mark"":153225072}}",5.263367436856065,0.2052626573155683,0.2073188877297715,0.2023188050232276,5.263367436856065,0.2052626573155683,0.2073188877297715,0.2023188050232276,-0.9759889999999852,0.2227909999999703,-0.0079850000000119,3.1738520000001214,2.440430500000035,1.007791999999974,12.000738,21.49667149999957,2.01596949999858,100.0,40.2899925,81.98167800002321,97.4764600000276,69.4832205000197,52.98720350001501,194.95292000005523,2355.00206249999,-1.0100034999999998,-0.0081975,0.0103729999999951,0.4493264999999902,1.9186115000000064,4.854113999999978,10.502164000000125,-15.0,26.96704399999999,100.0,33.69,117.0042210000286,59.75752050001461,53.22938800001302,63.7748330000156,171.740101500042,1225.8502169999786,-0.9897874999999996,0.0349814999999985,0.0071295000000017,-1.792126000000011,-1.02952550000001,0.9508715000000074,-31.78757450000006,37.50183899999998,-38.42485149999988,100.0,34.35,82.80336899999656,49.18018299999796,53.69672999999777,55.20224599999771,166.61041499999308,1511.5808105,-1.006699500000001,-0.074679,0.0139945000000004,5.432,1.840923499999991,2.004076500000009,-4.0,16.338016000000096,-95.16128949999997,100.0,32.358233,95.03093700001352,72.89860850000733,75.89444200000763,43.93888750000442,172.0991215000174,1803.9547130000117,-1.0125535000000028,-0.0342634999999969,0.0258735000000027,-5.38958750000003,-8.392360500000006,0.3106069999999984,-13.0,38.0,67.90808550000003,100.0,32.62,103.11735250001844,2.4885370000004463,1.9908300000003567,1.9908300000003567,5.474782000000982,1758.481895500008,-1.0008695000000043,0.1110855000000008,-0.0116044999999976,2.8398089999999745,1.6799999999999573,4.058063500000008,-5.9944130000000015,31.0,36.98569400000028,100.0,33.0501115,109.3413819999698,2.507829499999308,2.507829499999308,2.006263999999446,6.018791999998339,1700.400191500049,851,X1.7788 Y1.6668
16:29:52.560,5,857,1.74247,1.74605,-0.125,91.81975,61.23485,-29.1675,,558.8,0,0,,2,1,"{""sr"":{""mpox"":91.81975,""mpoy"":61.23485,""mpoz"":-29.1675,""mpoa"":0,""posx"":1.74247,""posy"":1.74605,""posz"":-0.125,""posa"":0,""unit"":0,""stat"":5,""coor"":2,""momo"":1,""dist"":0,""home"":1,""mots"":1,""plan"":0,""line"":857,""path"":2,""frmo"":2,""prbe"":1,""safe"":0,""estp"":0,""spc"":1,""hold"":0,""macs"":5,""cycs"":1,""sps"":12000,""feed"":558.8,""mark"":153225072}}",5.124038027016255,0.2020841021421714,0.2141109452215091,0.2122950916172058,5.124038027016255,0.2020841021421714,0.2141109452215091,0.2122950916172058,-0.996239519999992,0.2058064800000215,-0.0027192000000084,2.291790280000721,1.834983879999977,1.1772056400000304,9.688434279999871,9.79120011999912,12.84386224000113,100.0,40.2868048,115.68205851997875,131.9181371199758,94.03395451998276,71.70934615998684,262.48326755995186,1956.803200159908,-1.0057713600000002,-0.0111733599999984,0.0111916800000013,0.4034767999999924,1.641081880000037,4.926245760000014,7.194293279998796,-9.18280799999848,17.05378655999717,100.0,33.696351199999995,142.88014603997516,77.39795423998717,68.89183119998859,82.6452729599863,223.01105339996303,984.9996811200048,-0.99276548,0.0449548399999995,-0.0055426399999993,-1.7179842799999694,-0.8964407999999857,0.944918400000001,-31.47406996000002,37.0,-39.10845203999988,100.0,34.3447406,72.0927532400024,46.93294128000177,50.72550200000192,51.85645156000202,157.10001728000597,1197.9891897200205,-1.0022221599999996,-0.07765252,0.0372665599999992,5.331050400000015,1.809740680000008,2.117448999999992,-3.21792435999996,17.0,-94.78207564000004,100.0,32.36,114.75470259999094,81.96764475999353,85.35940955999327,49.18058691999612,193.33058291998472,1492.390681600023,-0.9798278400000008,-0.0305666799999979,0.0072992000000009,-5.279312519999948,-8.234559160000018,0.4161223599999674,-12.38852176000008,38.0,66.64966320000018,100.0,32.63643312,125.9645504399838,3.0573918799996065,2.4459136399996857,2.4459136399996857,6.726262679999135,1396.5968112000132,-1.000123840000004,0.1288098400000007,-0.0112625599999981,2.7870659200000145,1.9363161599999696,3.9643852800000223,-6.991971920000002,31.0,36.31636960000012,100.0,33.049919759999995,71.04301192002677,1.6219867200006106,1.6219867200006106,1.2975890400004888,3.892767800001466,1435.126729880015,857,X1.7353 Y1.7553
16:29:52.817,5,862,1.6716,1.80694,-0.125,90.01967,62.78142,-29.1675,,558.8,0,0,,2,1,"{""sr"":{""mpox"":90.01967,""mpoy"":62.78142,""mpoz"":-29.1675,""mpoa"":0,""posx"":1.6716,""posy"":1.80694,""posz"":-0.125,""posa"":0,""unit"":0,""stat"":5,""coor"":2,""momo"":1,""dist"":0,""home"":1,""mots"":1,""plan"":0,""line"":862,""path"":2,""frmo"":2,""prbe"":1,""safe"":0,""estp"":0,""spc"":1,""hold"":0,""macs"":5,""cycs"":1,""sps"":12000,""feed"":558.8,""mark"":153225072}}",5.459639866459296,0.1989472344982718,0.2065552406175455,0.2079038350672409,5.459639866459296,0.1989472344982718,0.2065552406175455,0.2079038350672409,-0.8377591200000029,0.1494535400000008,-0.0519849599999988,5.337162479999957,1.4027409600000114,1.3594482599999955,15.638461979999963,12.449792700000136,16.333956259999745,100.0,40.27,32.08469822000299,35.604840700003294,25.37622108000235,19.171837420001776,71.02709272000656,2429.9845120599884,-0.99379386,-0.0139114399999999,-0.0115868199999998,0.5550673599999963,2.012593999999992,4.8973116600000015,10.0,-14.98736004,26.56869095999997,100.0,33.70221976,55.715648720003706,26.19301420000173,23.307342880001546,27.74683670000184,75.02744696000501,1109.9006813599997,-0.99605862,0.0451644799999999,-0.0211645199999996,-1.6694812000000037,-1.0394984000000012,0.869613959999999,-31.10268262000001,37.0,-39.250175679999984,100.0,34.3589731,76.76868999999967,54.44587953999976,58.25709109999974,59.34600907999974,180.2158619199992,1567.3651199799976,-1.00512168,-0.0844871399999998,0.0244537,5.406106320000003,1.7162146199999997,1.9858982400000016,-2.6350019399999653,14.668516639999812,-83.4417278599989,100.0,32.37230318,77.53143364000114,54.76713760000087,57.84575596000092,33.09514512000052,130.69977498000208,1931.2666530799909,-0.9997645400000004,-0.0463814799999997,0.0383227199999997,-5.060878820000008,-8.240516539999998,0.3754475999999987,-13.297056040000012,38.0,65.89116812000003,100.0,32.63849366,60.89223284000222,1.4852793800000534,1.188223340000043,1.188223340000043,3.267614980000117,1836.405768859995,-0.9980183800000006,0.1471728599999991,-0.0238381799999995,2.830491820000002,1.602593640000001,3.978641240000001,-6.177880140000017,31.0,36.17788014000001,100.0,33.06631292,174.7786270599964,4.045801259999917,4.045801259999917,3.236641499999934,9.709923679999802,2029.501047639987,862,X1.6672 Y1.8094
16:29:53.074,5,867,1.58114,1.83381,-0.125,87.72202,63.46404,-29.1675,,558.8,0,0,,2,1,"{""sr"":{""mpox"":87.72202,""mpoy"":63.46404,""mpoz"":-29.1675,""mpoa"":0,""posx"":1.58114,""posy"":1.83381,""posz"":-0.125,""posa"":0,""unit"":0,""stat"":5,""coor"":2,""momo"":1,""dist"":0,""home"":1,""mots"":1,""plan"":0,""line"":867,""path"":2,""frmo"":2,""prbe"":1,""safe"":0,""estp"":0,""spc"":1,""hold"":0,""macs"":5,""cycs"":1,""sps"":12000,""feed"":558.8,""mark"":153225072}}",5.340805025406843,0.2104693658105313,0.2094551494501749,0.2077903405638824,5.340805025406843,0.2104693658105313,0.2094551494501749,0.2077903405638824,-0.9948338000000024,0.2700640399999658,0.0036978000000007,4.352747520000094,2.744296960000138,1.333457920000022,11.120391679999727,6.763948480000543,13.109982399999728,100.0,40.29,169.785248760016,187.0515447600177,132.37493960001248,100.72006280000949,372.1846127200351,2088.867715359879,-1.0005944399999995,-0.0048322399999992,0.015073360000004,0.3668190799999981,1.8061862400000208,4.95607875999999,10.0,-15.0,26.898304640000084,100.0,33.7,186.58553104001612,105.41584940000924,93.7029771200082,111.7254661200098,301.83439188002643,1770.544289199997,-0.9962784800000004,0.0487854800000001,-0.0271802800000015,-1.8268012000000096,-0.9785428000000151,0.9518940799999976,-32.0,36.45746631999994,-39.9541116000001,100.0,34.36022944,66.41447367999717,43.88673703999867,46.49386971999859,47.362913959998565,143.82683123999564,2127.375054320006,-1.0096172799999996,-0.0904184400000008,0.0355879200000013,5.2967687199999895,1.8483157600000053,2.060112959999993,-3.0,16.0,-95.0,100.0,32.35987312,135.67825316000662,93.32016432000457,99.27677004000483,56.25683620000274,223.0418108000109,2343.532596040005,-0.9332555600000032,-0.0277356799999998,0.0075668399999977,-5.267991479999983,-8.04916696,0.3699867999999909,-13.786698400000056,38.0,66.85205551999991,100.0,32.623939279999995,163.6333359600119,3.9334939200002856,3.1467945600002287,3.1467945600002287,8.65368628000063,2299.0206947199954,-0.9398183199999892,0.1573306800000088,-0.0196004800000033,2.8698745600000004,1.821170440000016,3.915176399999989,-6.985666239999999,30.053715279999917,35.98566624,100.0,33.05946316,11.645574159980972,0.2685783999995591,0.2685783999995591,0.2148621599996468,0.6445873999989417,1951.29302919994,867,X1.5776 Y1.8342
16:29:53.331,5,872,1.48784,1.82358,-0.125,85.35234,63.20413,-29.1675,,558.8,0,0,,2,1,"{""sr"":{""mpox"":85.35234,""mpoy"":63.20413,""mpoz"":-29.1675,""mpoa"":0,""posx"":1.48784,""posy"":1.82358,""posz"":-0.125,""posa"":0,""unit"":0,""stat"":5,""coor"":2,""momo"":1,""dist"":0,""home"":1,""mots"":1,""plan"":0,""line"":872,""path"":2,""frmo"":2,""prbe"":1,""safe"":0,""estp"":0,""spc"":1,""hold"":0,""macs"":5,""cycs"":1,""sps"":12000,""feed"":558.8,""mark"":153225072}}",5.406230476545755,0.2063105952273487,0.2068256406190269,0.2075234672125845,5.406230476545755,0.2063105952273487,0.2068256406190269,0.2075234672125845,-0.8679256000000025,0.657416600000008,-0.0159391999999983,2.0608814000001656,1.0079741999998195,1.2758163000000051,11.901734400000084,-3.40489259999966,20.40613779999966,100.0,40.29101969999999,17.128542299985618,19.6474462999835,13.904346199988325,10.579393899991118,39.19413539996709,2717.043592000088,-1.0010443999999996,-0.0126477000000005,-0.0152645000000004,0.3180652999999958,2.043157000000013,4.985822600000019,10.0,-15.0,26.692161500000147,100.0,33.69,28.46923199998725,17.8546427999914,15.913950299992369,19.085997599990808,51.25513789997531,1416.8870771000318,-0.9938346000000003,0.0437853000000001,-0.0154115999999997,-1.6354895999999957,-0.8586451000000037,0.998840300000004,-32.0,37.0,-39.53054599999992,100.0,34.350429500000004,77.75235880000119,56.688919500001184,59.42273250000128,59.97808520000129,183.82172500000397,1705.365161900009,-1.0121447,-0.0775338999999999,0.0271656000000001,5.406882900000003,1.6861154999999826,1.972256500000002,-4.0,16.03202549999997,-95.93594900000004,100.0,32.364221900000004,75.21601059999361,49.4276641999958,53.36755069999546,29.72823279999747,119.27110269998984,1595.995874400024,-1.0271863000000028,-0.0497750999999972,0.0233208000000009,-5.18922950000004,-8.464379300000008,0.2760375000000055,-12.26548299999993,38.0,67.48775610000013,100.0,32.6351221,51.0793768999889,1.2338015999997318,0.9870406999997856,0.9870406999997856,2.71436309999941,1791.9407240000223,-0.9805301999999988,0.1239089000000008,-0.0128774,2.801475200000005,1.75666150000001,4.008064700000015,-6.110509299999915,31.0,35.890671200000085,100.0,33.0411171,193.27676090001808,4.453354200000416,4.453354200000416,3.562683900000333,10.688050800001,1606.494276199989,872,X1.4803 Y1.8213
16:29:53.588,5,877,1.40474,1.77969,-0.125,83.24147,62.08935,-29.1675,,558.8,0,0,,2,1,"{""sr"":{""mpox"":83.24147,""mpoy"":62.08935,""mpoz"":-29.1675,""mpoa"":0,""posx"":1.40474,""posy"":1.77969,""posz"":-0.125,""posa"":0,""unit"":0,""stat"":5,""coor"":2,""momo"":1,""dist"":0,""home"":1,""mots"":1,""plan"":0,""line"":877,""path"":2,""frmo"":2,""prbe"":1,""safe"":0,""estp"":0,""spc"":1,""hold"":0,""macs"":5,""cycs"":1,""sps"":12000,""feed"":558.8,""mark"":153225072}}",5.31509975582313,0.2145116209443843,0.2087035451608621,0.2139819070532223,5.31509975582313,0.2145116209443843,0.2087035451608621,0.2139819070532223,-0.8995379200000005,0.3044014399999987,-0.0271000800000002,0.7345639600000344,2.0174577999999888,1.3109374800000029,13.242522560000022,2.914910400000182,4.900401359999704,100.0,40.2976,129.03096259999614,148.00490679999558,104.74193411999688,79.69494991999763,295.2508143999912,2147.837239359993,-1.01313984,-0.00735212,0.0182008799999995,0.4439189200000011,1.7862271599999944,4.869352879999998,9.77627727999998,-15.0,25.44744544000004,100.0,33.7,99.7242071199973,83.10350571999774,74.43183551999799,88.88461935999759,239.19356867999352,1767.4701091999914,-0.9876618,0.0350610000000001,-0.01347524,-1.8813568000000032,-0.9455611600000052,0.9707271199999994,-17.216487999999895,19.80373063999987,-21.31494211999985,100.0,34.35461984,67.44977432000047,47.584429440000335,49.43236888000035,49.89435380000035,152.45496892000108,1803.8879755600035,-1.0103050399999998,-0.0729134799999995,0.0096996000000001,5.137950480000005,1.892110879999994,1.87175544,-3.409334760000008,16.0,-94.35830131999997,100.0,32.37409324,113.3787998799984,80.84371547999889,87.41849019999881,47.84390371999935,195.4328171599973,1827.7319546799984,-1.0365200399999988,-0.0408007599999979,-0.0067801599999999,-5.312759280000002,-8.198730839999998,0.4108560000000046,-13.043979040000004,38.61774851999998,67.04397904,100.0,32.63338304,135.69817515999708,3.308638559999929,2.646910999999943,2.646910999999943,7.279005439999842,1848.914161879991,-0.9430241600000028,0.1100575600000017,0.0024633999999987,2.716824760000003,1.7094572,4.072636560000004,-6.248911760000023,30.99625264,36.75108823999997,100.0,33.06256992,53.2006396400048,1.4709856400001329,1.2258212400001105,0.9806568400000883,2.941970520000265,1748.5181445199912,877,X1.3926 Y1.7696
16:29:53.846,5,881,1.34298,1.70892,-0.125,81.67281,60.29182,-29.1675,,558.8,0,0,,2,1,"{""sr"":{""mpox"":81.67281,""mpoy"":60.29182,""mpoz"":-29.1675,""mpoa"":0,""posx"":1.34298,""posy"":1.70892,""posz"":-0.125,""posa"":0,""unit"":0,""stat"":5,""coor"":2,""momo"":1,""dist"":0,""home"":1,""mots"":1,""plan"":0,""line"":881,""path"":2,""frmo"":2,""prbe"":1,""safe"":0,""estp"":0,""spc"":1,""hold"":0,""macs"":5,""cycs"":1,""sps"":12000,""feed"":558.8,""mark"":153225072}}",5.275992502130437,0.2137234808816663,0.2161302761254699,0.2111784672104051,5.275992502130437,0.2137234808816663,0.2161302761254699,0.2111784672104051,-0.901641199999994,0.2392091999999987,-0.0577514000000069,2.171933600000125,2.2692682000001625,1.4161522000000069,11.199211400000111,-2.6035495999994898,12.404338199999378,100.0,40.28,65.26427979999077,78.07689959998895,55.25442119999219,42.04140719999405,155.353009999978,2007.6864252000164,-1.0054544,-0.0085127999999993,0.0218948000000009,0.5129651999999866,1.8238000000000096,4.99780000000001,10.0,-15.413398799999952,26.0,100.0,33.7037268,92.33844039998924,47.54086339999435,42.580077599994944,50.84805379999396,136.42160819998378,1166.604108800003,-0.9890238000000002,0.0381650000000003,-0.0108506000000002,-1.6945060000000167,-0.9678194000000124,0.997855400000002,-31.658109799999966,37.0,-40.14286860000004,100.0,34.36,84.57198020000166,53.41827240000083,54.95918380000086,54.95918380000086,169.50028620000265,1467.320424799998,-1.0056696000000005,-0.0772984000000002,0.0353942,5.502160600000004,1.9034171999999956,2.082815199999999,-3.4064160000000387,16.0,-94.25624039999995,100.0,32.3659356,92.16186599999598,62.37217199999728,68.42320319999702,37.23711759999838,152.20671719999336,1622.756431999998,-1.0161977999999996,-0.0301294,0.0175593999999998,-5.164388399999991,-8.283576999999982,0.2830968000000015,-13.564402200000035,38.0,67.05227240000008,100.0,32.628712,90.16870779999267,2.1779879999998237,1.7423907999998585,1.7423907999998585,4.791573999999612,1579.4931699999952,-0.9957369999999994,0.1128359999999989,-0.0133272000000002,2.905397800000004,1.707623800000017,3.870692599999997,-7.0,30.409279599999945,36.596678800000056,100.0,33.054093,130.66666160001208,2.983393000000276,2.983393000000276,2.3867148000002207,7.160143800000661,1331.6319909999918,881,X1.3403 Y1.7046
16:29:54.103,5,886,1.31014,1.62108,-0.125,80.83869,58.06067,-29.1675,,558.8,0,0,,2,1,"{""sr"":{""mpox"":80.83869,""mpoy"":58.06067,""mpoz"":-29.1675,""mpoa"":0,""posx"":1.31014,""posy"":1.62108,""posz"":-0.125,""posa"":0,""unit"":0,""stat"":5,""coor"":2,""momo"":1,""dist"":0,""home"":1,""mots"":1,""plan"":0,""line"":886,""path"":2,""frmo"":2,""prbe"":1,""safe"":0,""estp"":0,""spc"":1,""hold"":0,""macs"":5,""cycs"":1,""sps"":12000,""feed"":558.8,""mark"":153225072}}",5.319228494920593,0.2115354156000917,0.2070503787410786,0.2066639820611702,5.319228494920593,0.2115354156000917,0.2070503787410786,0.2066639820611702,-0.8221895999999875,0.2982726800000228,-0.0388385800000023,2.6505175600000714,1.821936160000028,1.3428353,12.53974574000005,1.5415450200000511,-13.941702420000562,100.0,40.27460274,74.10360539999179,89.28929173999012,63.51506281999297,48.326678099994645,178.11832921998027,2694.861091040034,-0.9909568799999988,-0.0211756800000002,-0.0140615600000009,0.4528733799999859,1.7800865400000108,4.831738760000005,9.969211740000004,-15.502853940000048,26.497146059999952,100.0,33.69497152,83.4781139599921,53.16483231999496,48.034892439995446,56.89569779999461,153.43184047998548,1384.9816972600172,-0.9895014399999998,0.0355921999999996,-0.0061537399999999,-1.7759632400000187,-0.9305707400000024,0.855457499999996,-31.494062179999997,37.0,-38.47447852000006,100.0,34.36,83.98566800000121,53.12346438000077,54.13534002000078,54.13534002000078,166.4535220800024,1544.7202435400152,-1.0005904,-0.0795758400000001,0.0345228000000004,5.358725119999997,1.927588380000009,2.0072097200000054,-3.1736812800000167,16.0,-95.51377494000002,100.0,32.36826336,77.90048123999728,64.49426281999754,70.98887119999732,38.23810529999854,157.84949027999406,1916.510516440021,-0.97347684,-0.02649522,0.0015220199999996,-5.28554393999999,-8.031129399999998,0.3629803599999961,-13.475248219999967,37.37461111999996,67.37461111999995,100.0,32.616765380000004,98.37642291999336,2.3762421799998394,1.9009939599998715,1.9009939599998715,5.227732659999647,1757.3008904200217,-0.99070234,0.1309777200000005,-0.0103289799999998,2.923531699999994,1.76962146,3.96775708,-6.993794319999999,30.0,36.0,100.0,33.0599379,118.39292678001092,3.243641820000299,2.7030349000002487,2.1624275200001994,6.487283560000597,1445.753972920014,886,X1.3075 Y1.6042
16:29:54.361,5,890,1.31012,1.52657,-0.125,80.83809,55.6602,-29.1675,,558.8,0,0,,2,1,"{""sr"":{""mpox"":80.83809,""mpoy"":55.6602,""mpoz"":-29.1675,""mpoa"":0,""posx"":1.31012,""posy"":1.52657,""posz"":-0.125,""posa"":0,""unit"":0,""stat"":5,""coor"":2,""momo"":1,""dist"":0,""home"":1,""mots"":1,""plan"":0,""line"":890,""path"":2,""frmo"":2,""prbe"":1,""safe"":0,""estp"":0,""spc"":1,""hold"":0,""macs"":5,""cycs"":1,""sps"":12000,""feed"":558.8,""mark"":153225072}}",5.107173884871194,0.2024471821210489,0.209930535079014,0.2111046728241699,5.107173884871194,0.2024471821210489,0.209930535079014,0.2111046728241699,-0.9433537000000056,0.2378807999999952,-0.0368188999999969,0.3059227999999826,1.682412799999969,1.1597788,11.498499599999858,-13.588273500000058,9.880597800000086,100.0,40.2570042,112.18472549999544,135.1791096999945,96.15833599999613,73.16395109999704,270.358219399989,1465.748616299987,-1.0055768999999997,-0.0148596000000001,0.0072704999999992,0.2693302000000065,2.0467950999999887,4.8841637,10.0,-15.0,26.65095799999997,100.0,33.7,111.85308689999604,76.3840304999972,68.3436060999975,81.74431399999698,220.4416327999919,1273.927661599989,-0.9870818,0.0340242000000001,-0.0011168000000008,-1.6941112000000027,-0.8001056000000015,0.8487498000000044,-32.5285614,37.0,-38.170802600000016,100.0,34.36,68.84391720000025,49.50107600000042,49.97251490000042,50.443953500000426,154.6319319000013,1352.2121497999942,-1.0169422999999995,-0.0755347000000001,0.0132956000000005,5.476330300000004,1.747649200000002,2.0402397000000008,-3.0,16.22671669999999,-94.79656279999998,100.0,32.3640686,92.31507099999835,75.21968739999868,83.19753359999854,43.878151399999226,183.4904507999968,1584.3681566999876,-0.9949240999999998,-0.0363463999999991,0.0035443000000001,-5.228716899999995,-8.263360099999995,0.4337607000000017,-13.243694800000023,37.37655340000002,66.24369480000003,100.0,32.6349059,130.30038379999633,3.117234399999912,2.493787099999929,2.493787099999929,6.857914699999805,1391.7205934999902,-1.0034774999999991,0.1174508999999997,-0.0086177000000002,2.724259500000004,1.8289175,4.148958400000001,-6.9914642,31.0,36.70346769999997,100.0,33.0598292,66.78431260000606,1.821873400000167,1.5253408000001387,1.220272700000111,3.6608174000003326,1432.477443299996,890,X1.3114 Y1.5188
16:29:54.618,5,895,1.34259,1.4381,-0.125,81.66284,53.4129,-29.1675,,558.8,0,0,,2,1,"{""sr"":{""mpox"":81.66284,""mpoy"":53.4129,""mpoz"":-29.1675,""mpoa"":0,""posx"":1.34259,""posy"":1.4381,""posz"":-0.125,""posa"":0,""unit"":0,""stat"":5,""coor"":2,""momo"":1,""dist"":0,""home"":1,""mots"":1,""plan"":0,""line"":895,""path"":2,""frmo"":2,""prbe"":1,""safe"":0,""estp"":0,""spc"":1,""hold"":0,""macs"":5,""cycs"":1,""sps"":12000,""feed"":558.8,""mark"":153225072}}",5.325210321508827,0.1968161982382253,0.1976891108035096,0.2038169981681653,5.325210321508827,0.1968161982382253,0.1976891108035096,0.2038169981681653,-0.9830815200000108,0.1642693599999871,0.0347182400000055,2.1416395199996385,2.3762132000000915,1.1501690400000049,8.161162479999922,-6.549539360000711,-7.966974039999526,100.0,40.28,25.785966999987377,31.426646559984587,22.24039647998911,16.92204019999171,62.530968839969375,2239.711976039981,-1.0002894399999995,-0.0242051200000002,-0.0149207200000016,0.2972653999999819,1.997631600000006,4.871514480000004,10.0,-15.0,26.218300199999927,100.0,33.6980172,46.24124271998468,23.74550311999213,21.45427035999289,25.41185403999157,68.52868819997728,1628.49793080005,-0.9902278,0.0296016399999998,0.0129171599999997,-1.9410778000000144,-0.9688430800000168,0.8717697999999958,-31.451010399999987,36.0,-39.097979360000025,100.0,34.36640396,87.28934152000181,57.6439046400012,58.19289440000121,58.74188400000122,180.06857968000375,1974.0549757600213,-1.0133768000000007,-0.07838032,0.0239144000000012,5.6791882000000005,1.5146180799999929,2.05360388,-1.514925439999887,6.059701759999548,-36.24999287999734,100.0,32.35891776,54.37486559999682,49.61380671999631,55.024261759995866,29.162313959997828,121.57276275999097,2091.650383720017,-0.9896816399999996,-0.0309516400000004,0.0326005199999996,-5.153275560000006,-8.100173319999982,0.3114458399999912,-12.28462735999995,38.0,65.97557455999993,100.0,32.63715344,58.81218247998977,1.4231364799997497,1.1385091199997996,1.1385091199997996,3.130900999999449,2169.88289532004,-1.0033177199999994,0.1204863599999991,-0.0100119599999993,2.9692738400000094,1.7410672000000145,4.13071152000001,-6.0,30.84189712000008,36.171424439999925,100.0,33.07670436,180.62950524001687,4.142878320000387,4.142878320000387,3.314302760000309,9.942908440000927,1976.8450448000344,895,X1.3538 Y1.4206
16:29:54.876,5,899,1.40362,1.36686,-0.125,83.21308,51.60348,-29.1675,,558.8,0,0,,2,1,"{""sr"":{""mpox"":83.21308,""mpoy"":51.60348,""mpoz"":-29.1675,""mpoa"":0,""posx"":1.40362,""posy"":1.36686,""posz"":-0.125,""posa"":0,""unit"":0,""stat"":5,""coor"":2,""momo"":1,""dist"":0,""home"":1,""mots"":1,""plan"":0,""line"":899,""path"":2,""frmo"":2,""prbe"":1,""safe"":0,""estp"":0,""spc"":1,""hold"":0,""macs"":5,""cycs"":1,""sps"":12000,""feed"":558.8,""mark"":153225072}}",5.485960952522278,0.2029315868556619,0.2067667023996744,0.2039254405018612,5.485960952522278,0.2029315868556619,0.2067667023996744,0.2039254405018612,-0.849066,0.407245,-0.046638,-0.177521,1.225567,1.16,11.002993,3.0,1.002993,100.0,40.31,160.518197,194.416449,138.584033,104.68578,387.835892,2560.936673,-1.003134,-0.017997,-0.00587,0.42292,2.14008,4.93176,10.933114,-15.0,26.0,100.0,33.699331,205.285143,106.375029,96.110772,114.773057,308.860829,1329.630371,-0.995276,0.045423,-0.038091,-1.813408,-0.949992,0.924176,-32.0,36.85893,-38.570535,100.0,34.364295,70.432278,45.093837,45.523302,45.952767,140.864556,1877.997187,-1.003757,-0.070768,0.041951,5.661177,1.750454,2.094546,-4.0,16.679571,-95.0,100.0,32.373204,130.477673,88.344257,98.537826,51.647412,217.462788,2278.10781,-1.007877,-0.027373,0.013123,-5.390117,-8.312431,0.503274,-13.812599,37.812599,66.187401,100.0,32.628126,168.208042,4.062996,3.250397,3.250397,9.751191,2467.940696,-0.999909,0.054106,-0.001303,2.689698,1.829151,4.029849,-6.0,30.984846,39.969692,100.0,33.06,3.30361,0.075771,0.075771,0.060617,0.18185,2323.559125,899,X1.4137 Y1.3587
16:29:55.133,5,903,1.48536,1.32057,-0.125,85.28936,50.4278,-29.1675,,558.8,0,0,,2,1,"{""sr"":{""mpox"":85.28936,""mpoy"":50.4278,""mpoz"":-29.1675,""mpoa"":0,""posx"":1.48536,""posy"":1.32057,""posz"":-0.125,""posa"":0,""unit"":0,""stat"":5,""coor"":2,""momo"":1,""dist"":0,""home"":1,""mots"":1,""plan"":0,""line"":903,""path"":2,""frmo"":2,""prbe"":1,""safe"":0,""estp"":0,""spc"":1,""hold"":0,""macs"":5,""cycs"":1,""sps"":12000,""feed"":558.8,""mark"":153225072}}",5.033141311133419,0.1994833557951071,0.2022954629500464,0.1991877832422222,5.033141311133419,0.1994833557951071,0.2022954629500464,0.1991877832422222,-0.9319401400000054,0.2349469199999984,-0.0462990199999902,2.05706748000008,0.954053940000216,1.0467484200000066,8.858840719999892,-1.5899182999989228,-1.16209185999936,100.0,40.33000756,23.0264375600176,27.37899568002092,19.37590490001481,14.742535740011265,54.61758670004173,1807.7738811000884,-1.0131362999999989,-0.0044320000000016,0.044654999999996,0.4474756400000187,1.7967370799999616,5.000403859999993,10.1301599600001,-15.0,26.054819839999997,100.0,33.700547820000004,27.802635180011222,21.402809660010856,19.237874760009728,22.937465900011595,62.04349394003144,1505.5634467200443,-0.9930555000000008,0.0393138600000012,0.012515179999998,-1.7000302400000131,-0.8124325800000218,0.977,-32.0,36.50827780000006,-38.04364957999992,100.0,34.37,85.60892817999768,57.95236067999839,58.56449251999842,59.056214719998366,181.644268219995,1788.3421764800073,-1.001398780000001,-0.0902218600000004,0.0822064599999978,5.520483379999971,1.758065020000024,2.064926160000009,-3.3725560400000387,16.0,-94.95512691999996,100.0,32.35582564,43.96165438000455,49.177443520005085,54.39323352000563,29.05939832000301,119.9631581200124,1709.499803960032,-0.9620862600000016,0.0299916799999995,0.0020796200000027,-5.404079739999987,-7.994419280000031,0.4254038599999987,-13.699296099999913,37.0,66.97383301999997,100.0,32.62973834,57.378144740014136,1.372682880000338,1.0981459600002703,1.0981459600002703,3.294438740000812,1897.462647000063,-0.9610222400000136,0.1180680800000043,-0.0124451200000031,2.7988382199999933,1.8825444999999932,4.122513799999981,-5.998395179999998,30.150195300000107,38.1485904800001,100.0,33.07,183.90921611997723,4.257046159999473,3.405637499999578,3.405637499999578,9.36550197999884,1442.8272868000645,903,X1.4901 Y1.3188
16:29:55.391,5,908,1.57818,1.30522,-0.125,87.6469,50.03783,-29.1675,,558.8,0,0,,2,1,"{""sr"":{""mpox"":87.6469,""mpoy"":50.03783,""mpoz"":-29.1675,""mpoa"":0,""posx"":1.57818,""posy"":1.30522,""posz"":-0.125,""posa"":0,""unit"":0,""stat"":5,""coor"":2,""momo"":1,""dist"":0,""home"":1,""mots"":1,""plan"":0,""line"":908,""path"":2,""frmo"":2,""prbe"":1,""safe"":0,""estp"":0,""spc"":1,""hold"":0,""macs"":5,""cycs"":1,""sps"":12000,""feed"":558.8,""mark"":153225072}}",5.332219275579569,0.2000781386892682,0.2051501457561743,0.2040902078721932,5.332219275579569,0.2000781386892682,0.2051501457561743,0.2040902078721932,-0.9183398999999992,0.2529762999999943,-0.0340079000000018,1.9711358999998865,2.222405899999979,1.16,11.402748599999944,13.0,0.986256400000283,100.0,40.3229862,119.93501639999516,136.76800109999448,97.49103669999607,74.345682699997,273.53600249998897,1700.0703614999882,-1.0107499999999998,-0.0166490999999998,0.0239875999999989,0.4421225999999949,1.6908192000000142,4.955667500000002,9.834725400000044,-14.331474100000026,24.84122210000005,100.0,33.7,144.4548096999947,79.65265209999708,71.55238189999737,85.72785419999686,230.85768579999157,1222.8133976,-0.9997368,0.0428309000000001,0.0086929999999999,-1.8715808999999923,-1.0344865000000003,0.793,-32.0,37.0,-38.4712021,100.0,34.3752882,71.15151490000059,48.5338151000004,50.88982570000042,50.88982570000042,156.4390924000013,1387.9929773999954,-1.0003608,-0.0717401999999998,0.0325849999999999,5.402972599999997,1.7641178999999996,1.9879124999999995,-3.52409660000002,16.0,-94.47590339999998,100.0,32.343795099999994,32.33994529999946,78.03016659999864,84.8017339999985,46.5518438999992,188.68332249999668,1609.444823899996,-0.9638558000000008,-0.0215825999999993,0.0076622000000002,-5.262802299999995,-8.190431200000004,0.4467334999999947,-13.622860899999983,36.62286089999999,66.62286089999998,100.0,32.6405598,130.2339830999963,3.114306499999911,2.491444599999929,2.491444599999929,7.474334799999788,1558.698491199992,-1.0008986000000004,0.1170918000000004,-0.0030085000000003,2.8407674000000087,1.7278089000000016,4.070468899999998,-5.691654599999972,31.0,37.0045549,100.0,33.0668711,65.922516300006,1.5189524000001384,1.2151616000001106,1.2151616000001106,3.3416943000003045,1416.7275801999906,908,X1.5969 Y1.306
16:29:55.648,5,912,1.67123,1.32311,-0.125,90.01029,50.49215,-29.1675,,558.8,0,0,,2,1,"{""sr"":{""mpox"":90.01029,""mpoy"":50.49215,""mpoz"":-29.1675,""mpoa"":0,""posx"":1.67123,""posy"":1.32311,""posz"":-0.125,""posa"":0,""unit"":0,""stat"":5,""coor"":2,""momo"":1,""dist"":0,""home"":1,""mots"":1,""plan"":0,""line"":912,""path"":2,""frmo"":2,""prbe"":1,""safe"":0,""estp"":0,""spc"":1,""hold"":0,""macs"":5,""cycs"":1,""sps"":12000,""feed"":558.8,""mark"":153225072}}",5.189826149607467,0.1960198540400539,0.2026899762859102,0.2042305783671335,5.189826149607467,0.1960198540400539,0.2026899762859102,0.2042305783671335,-0.8376994000000023,0.191015759999991,-0.0727790399999981,1.258844840000199,1.5664835999999749,1.179671120000025,10.434951400000136,6.8298082400014986,6.404953479997954,100.0,40.32878724,70.83187164002186,85.78150044002646,61.14562224001887,46.62875284001439,171.12428644005277,1870.6187199599224,-1.0132497199999992,-0.0073044399999988,0.034340959999999,0.2364483999999879,1.8723459200000176,5.000626400000001,10.55355159999988,-15.55355159999988,26.55355159999988,100.0,33.70553552,106.28714188002866,53.53791924001424,48.18054268001281,57.555952280015305,155.73867920004142,1695.3623667599793,-0.9971012799999986,0.0415933600000009,-0.0005119200000025,-1.8669149600000277,-0.977,0.9052437200000132,-32.1706465200001,37.18918724000006,-39.64016623999984,100.0,34.37679904,77.2782173599972,51.05794363999793,54.49194103999793,55.69966943999795,169.58706907999357,1912.6303210399376,-1.022673999999998,-0.0840991599999985,0.0362733599999966,5.321270560000015,1.7669049999999666,2.110105520000012,-4.0,16.477662680000048,-95.37982615999992,100.0,32.33142516,43.94496560000445,68.30576156000691,72.12706364000731,41.07898976000416,162.40530800001645,1892.873488399974,-0.994168279999997,-0.0156829200000038,0.01104224,-5.62584960000002,-8.284364239999956,0.3947805200000291,-13.0,36.54467968000012,67.00549668000019,100.0,32.62083864,96.31075780001775,2.3040851200004244,1.84326812000034,1.84326812000034,5.5298042400010194,1854.160913479994,-1.017359160000005,0.1518257999999981,-0.0191194399999994,2.955443520000008,1.6147975200000084,4.08860752,-5.449265760000134,30.550734239999866,37.45569724000013,100.0,33.07006424,121.46209147997118,2.7858279199993388,2.228661759999472,2.228661759999472,6.128821119998546,1589.5606316800229,912,X1.6807 Y1.3267
16:29:55.905,5,916,1.75149,1.37103,-0.125,92.04907,51.70929,-29.1675,,558.8,0,0,,2,1,"{""sr"":{""mpox"":92.04907,""mpoy"":51.70929,""mpoz"":-29.1675,""mpoa"":0,""posx"":1.75149,""posy"":1.37103,""posz"":-0.125,""posa"":0,""unit"":0,""stat"":5,""coor"":2,""momo"":1,""dist"":0,""home"":1,""mots"":1,""plan"":0,""line"":916,""path"":2,""frmo"":2,""prbe"":1,""safe"":0,""estp"":0,""spc"":1,""hold"":0,""macs"":5,""cycs"":1,""sps"":12000,""feed"":558.8,""mark"":153225072}}",5.3704298471237015,0.2081256929680104,0.206542906410153,0.2085404921665332,5.3704298471237015,0.2081256929680104,0.206542906410153,0.2085404921665332,-1.0117651799999945,0.3021759799999977,-0.0220697400000031,4.0493236399998525,1.9228623600000143,1.3370109199999878,13.16157443999992,12.00084854,12.849458900000078,100.0,40.33418782,70.49906164000666,81.82926810000774,58.32958050000551,44.4815507400042,163.65938474001544,2055.3891830399966,-1.00648634,-0.0073110200000002,0.0146610399999994,0.4478646800000016,1.806592420000003,4.994466460000004,10.028647780000002,-15.456632220000037,26.543367779999965,100.0,33.7,100.14830152000808,51.78608736000419,46.222292960003735,55.63794516000449,150.2224522800121,1472.1720035399935,-0.99162248,0.0430128199999998,-0.0126475399999996,-1.6899658400000073,-1.0373402800000024,0.8535796800000024,-32.0,37.25040803999998,-38.98918432000004,100.0,34.3876039,78.02990767999916,49.46994153999946,54.569935699999405,56.60993309999939,170.84979823999817,1787.8644015799966,-1.0113610799999997,-0.0693471399999997,0.0105673999999997,5.358419200000007,1.6546930400000068,2.1072711799999992,-3.812981900000013,16.342019439999998,-94.47096246,100.0,32.34529046,57.59660424000106,70.07649186000205,72.24428648000213,42.10268422000124,163.79803712000484,1776.6543974400056,-1.014093439999998,-0.0700344599999972,0.0143334799999996,-5.208937340000006,-8.409041299999997,0.3651438399999966,-12.551428079999974,37.0,66.55142807999998,100.0,32.65339948,95.09725816000524,2.242859920000124,1.794288000000099,1.794288000000099,4.9342917600002725,1721.8023309399955,-0.9969770200000028,0.1485667799999966,-0.0060841800000003,2.727651900000009,1.8104252000000096,4.072602279999993,-5.58599969999996,30.9932981,38.0,100.0,33.0674462,126.86613137999151,2.8964869999998064,2.3171896199998447,2.3171896199998447,6.372271219999574,1866.2679446600064,916,X1.7543 Y1.3733
16:29:56.163,5,920,1.81327,1.44258,-0.125,93.61817,53.52669,-29.1675,,558.8,0,0,,2,1,"{""sr"":{""mpox"":93.61817,""mpoy"":53.52669,""mpoz"":-29.1675,""mpoa"":0,""posx"":1.81327,""posy"":1.44258,""posz"":-0.125,""posa"":0,""unit"":0,""stat"":5,""coor"":2,""momo"":1,""dist"":0,""home"":1,""mots"":1,""plan"":0,""line"":920,""path"":2,""frmo"":2,""prbe"":1,""safe"":0,""estp"":0,""spc"":1,""hold"":0,""macs"":5,""cycs"":1,""sps"":12000,""feed"":558.8,""mark"":153225072}}",5.104778361974188,0.1925592077439306,0.203902755622,0.2097583101425988,5.104778361974188,0.1925592077439306,0.203902755622,0.2097583101425988,-0.8831428399999951,0.1972183999999856,-0.0610931000000022,0.5735494599995712,1.9541817800000003,1.04083069999996,9.79449263999951,12.267520100000503,13.829164379998184,100.0,40.32259662,118.57022524002636,143.60989974003192,102.36808222002276,78.06486856001737,287.2197999600639,1751.2768662799149,-1.0055945599999998,-0.013910759999998,-0.0077938400000006,0.5072586200000216,1.75022378000001,5.04622378000001,10.693744080000156,-15.0,26.693744080000155,100.0,33.7028831,163.46670458003368,86.82582776001748,77.57389544001559,93.23101236001877,250.5138650200504,1175.584748119997,-0.9904990599999992,0.0378572599999986,-0.0132913599999986,-1.8877869400000415,-0.90867316000001,0.9354161200000044,-31.46686951999997,37.0,-39.76401467999979,100.0,34.39533162,63.49472725999493,44.81944681999776,49.48813853999753,52.28935491999739,157.65322921999223,1395.667504720009,-1.0021613199999992,-0.0788097200000017,0.0268801400000007,5.442746839999994,1.831125679999986,2.075,-3.412937819999941,17.0,-95.0,100.0,32.34,75.14394670000755,89.23343716000896,90.99462344000914,54.00971164000542,207.2329154200208,1453.8220943999788,-1.042607720000001,0.0015971800000136,0.0277534000000005,-5.14978495999998,-8.134406939999952,0.476219660000017,-13.86033905999997,37.0,67.21149413999987,100.0,32.64067866,134.9596669800214,3.244222860000515,2.595377940000412,2.595377940000412,7.137289640001133,1611.0440603599495,-1.0150248799999948,0.1054596599999908,-0.00808954,2.92667344000004,1.7980185200000196,3.9227632999999904,-6.0,30.008941420000003,38.47720238000033,100.0,33.07256932,57.463589539965255,1.3293480799991952,1.063477819999356,1.063477819999356,2.92456493999823,1431.0424285998895,920,X1.8225 Y1.4571
16:29:56.420,5,923,1.85318,1.52786,-0.125,94.63185,55.69277,-29.1675,,558.8,0,0,,2,1,"{""sr"":{""mpox"":94.63185,""mpoy"":55.69277,""mpoz"":-29.1675,""mpoa"":0,""posx"":1.85318,""posy"":1.52786,""posz"":-0.125,""posa"":0,""unit"":0,""stat"":5,""coor"":2,""momo"":1,""dist"":0,""home"":1,""mots"":1,""plan"":0,""line"":923,""path"":2,""frmo"":2,""prbe"":1,""safe"":0,""estp"":0,""spc"":1,""hold"":0,""macs"":5,""cycs"":1,""sps"":12000,""feed"":558.8,""mark"":153225072}}",5.257695856277923,0.210610835820051,0.2127159075784698,0.2080586699367726,5.257695856277923,0.210610835820051,0.2127159075784698,0.2080586699367726,-0.9253061600000014,0.143209799999999,-0.055058159999999,2.2228548399999912,0.7802241600000159,1.2283955200000007,11.515030919999957,18.0,10.121242520000012,100.0,40.3,19.76247676000183,23.6422270000022,16.85266480000156,12.8516720400012,47.2844540000044,1447.6752668800034,-1.0095948,0.0023709599999998,0.0002829199999998,0.5897509200000022,1.9200399199999985,5.043706639999999,10.0,-15.0,26.82512931999999,100.0,33.70825116,38.99620312000218,21.33424568000119,18.886053480001053,22.733212400001285,61.02993216000343,1234.5132442800011,-0.9911566,0.0410740399999999,-0.0130345999999999,-1.7340957200000024,-0.8941023600000036,0.8898854000000008,-31.0,37.55613172,-39.18083196,100.0,34.3962468,89.53724923999974,53.38867075999984,58.94999023999983,62.28678219999981,187.41647831999944,1489.7887357199986,-0.99990276,-0.07515848,0.0274311600000001,5.36736184,1.9596155599999985,2.0627384400000004,-2.152200080000011,11.478398960000058,-68.23458092000035,100.0,32.3479902,76.94491852000066,55.07363096000062,56.44878760000063,33.50508716000037,128.55756220000146,1695.415931759999,-0.9666688,-0.0182419200000006,0.0090520399999998,-5.2299745600000005,-8.090749520000003,0.4589346400000008,-12.835412720000004,37.0,66.0,100.0,32.63738264,54.183950720001455,1.3087908000000357,1.0470330400000285,1.0470330400000285,2.8793403600000773,1723.3730753999969,-1.0190115199999998,0.1370362799999994,-0.00920984,2.852849439999998,1.7026090399999994,3.975075280000001,-6.86762047999999,31.0,37.01380368,100.0,33.07,189.1412460799976,4.338102279999945,3.470481799999956,3.470481799999956,9.543824159999875,1810.0163994399925,923,X1.8541 Y1.5306
16:29:56.677,5,927,1.86637,1.62094,-0.125,94.96687,58.05707,-29.1675,,558.8,0,0,,2,1,"{""sr"":{""mpox"":94.96687,""mpoy"":58.05707,""mpoz"":-29.1675,""mpoa"":0,""posx"":1.86637,""posy"":1.62094,""posz"":-0.125,""posa"":0,""unit"":0,""stat"":5,""coor"":2,""momo"":1,""dist"":0,""home"":1,""mots"":1,""plan"":0,""line"":927,""path"":2,""frmo"":2,""prbe"":1,""safe"":0,""estp"":0,""spc"":1,""hold"":0,""macs"":5,""cycs"":1,""sps"":12000,""feed"":558.8,""mark"":153225072}}",5.095184810417115,0.1993606431497383,0.1987653332974019,0.2003307884558928,5.095184810417115,0.1993606431497383,0.1987653332974019,0.2003307884558928,-0.8863183599999973,0.392032060000004,0.0563614799999895,3.119993880000028,2.439592299999995,1.1060024000000277,13.908136119999638,7.97720921999991,5.068932360000272,100.0,40.28,162.19356559998496,190.52846237998236,135.81259613998742,103.5693176799904,380.0798912199648,4047.45972799997,-1.0070363999999985,-0.013650680000001,-0.0019039200000011,0.128482280000047,1.8465507799999823,4.885653559999994,10.018720980000085,-14.08094118000008,25.937779800000005,100.0,33.7093777,130.50638887998872,109.36803091999056,97.4202622399916,116.72050351998992,314.3182054599729,2029.80498594,-0.99,0.0355812799999994,-0.0038134399999986,-1.990609539999974,-0.919166240000015,0.8813413200000032,-31.99136353999996,37.0,-38.449632700000095,100.0,34.39008636,66.15110084000193,41.93893334000122,46.26253412000136,47.55961544000139,143.9759256400042,2569.133593040005,-0.9967180600000004,-0.0794316000000009,0.0287087999999994,5.451686459999983,1.8105297000000131,2.0953095399999944,-3.0,16.33031398000003,-94.99357503999995,100.0,32.36,132.3986144199927,99.77033425999512,103.125188279995,60.26529635999706,233.70749317998863,2846.513005739983,-1.0615282199999951,0.0009010199999975,-0.0072831399999982,-5.564496519999968,-8.17877178,0.4511361399999907,-13.996258659999985,38.0,67.0,100.0,32.644054080000004,164.25377243998838,3.9865600599997166,3.1892480399997734,3.1892480399997734,8.770433099999376,2485.919324179996,-1.1094909199999885,0.1115157800000013,-0.0153460800000008,2.810119640000005,1.5344660400000218,4.084759739999989,-6.0347558600000895,30.9997627,36.03451856000009,100.0,33.0893074,7.524974200019294,0.1725908400004425,0.1725908400004425,0.138073260000354,0.414218780001062,2676.304622620044,927,X1.8664 Y1.6288
16:29:56.935,5,931,1.85043,1.71372,-0.125,94.56198,60.41368,-29.1675,,558.8,0,0,,2,1,"{""sr"":{""mpox"":94.56198,""mpoy"":60.41368,""mpoz"":-29.1675,""mpoa"":0,""posx"":1.85043,""posy"":1.71372,""posz"":-0.125,""posa"":0,""unit"":0,""stat"":5,""coor"":2,""momo"":1,""dist"":0,""home"":1,""mots"":1,""plan"":0,""line"":931,""path"":2,""frmo"":2,""prbe"":1,""safe"":0,""estp"":0,""spc"":1,""hold"":0,""macs"":5,""cycs"":1,""sps"":12000,""feed"":558.8,""mark"":153225072}}",5.03493083738842,0.2014442328072618,0.2038656725484367,0.2041938848202315,5.03493083738842,0.2014442328072618,0.2038656725484367,0.2041938848202315,-1.0151224800000047,0.1323227199999944,0.0230391800000045,1.8902554999999543,0.6807747999999523,1.1991197800000042,12.458158640000102,12.731881300000614,7.903729699999454,100.0,40.28361506,29.929390079994374,35.158018399993395,24.88105873999533,18.931240319996444,69.95544165998686,1586.2068777800084,-1.0032122399999996,-0.0085890000000001,0.0174220400000003,0.3864892199999961,1.6529676800000048,4.896426939999998,10.0,-15.0,26.832056040000037,100.0,33.71947848,46.992742659993496,25.80498715999653,22.94356255999692,27.34575399999632,73.6209321599901,1356.2667584599988,-0.98881644,0.03534822,-0.0170270600000003,-1.774718879999999,-0.8560978199999965,0.9254377599999982,-32.0,37.0,-39.0,100.0,34.39,76.3107850600006,54.23007902000045,58.44508960000052,59.53752082000053,180.7974257200016,1577.2700514600017,-1.0111422,-0.0695062599999998,0.0085434999999999,5.397213039999994,1.740755799999998,1.9904835600000008,-3.556165000000023,16.0,-94.22897702000002,100.0,32.35,81.72847227999743,55.12816751999827,58.21226089999818,33.15400291999896,131.0739652599959,1530.908449219996,-0.9924489199999996,-0.0424169600000001,0.0081474800000008,-5.429450460000004,-8.258941439999996,0.5182347200000015,-12.966915640000009,38.0,67.9338311,100.0,32.64,61.86981999999561,1.509020279999893,1.2072156599999144,1.2072156599999144,3.3198443599997645,1532.5905783999983,-1.0079492600000004,0.1084359200000004,0.0048054600000012,2.781656259999994,1.5873985199999998,3.989971059999996,-7.0,31.0,36.37658021999993,100.0,33.07434052,178.0050027600073,4.876790180000199,4.063991240000166,3.251193120000133,9.7535793600004,1393.029523200006,931,X1.8477 Y1.7219
16:29:57.191,5,935,1.80633,1.79648,-0.125,93.442,62.51572,-29.1675,,558.8,0,0,,2,1,"{""sr"":{""mpox"":93.442,""mpoy"":62.51572,""mpoz"":-29.1675,""mpoa"":0,""posx"":1.80633,""posy"":1.79648,""posz"":-0.125,""posa"":0,""unit"":0,""stat"":5,""coor"":2,""momo"":1,""dist"":0,""home"":1,""mots"":1,""plan"":0,""line"":935,""path"":2,""frmo"":2,""prbe"":1,""safe"":0,""estp"":0,""spc"":1,""hold"":0,""macs"":5,""cycs"":1,""sps"":12000,""feed"":558.8,""mark"":153225072}}",5.379389376901446,0.2068572257477456,0.209270234983014,0.2084639181341931,5.379389376901446,0.2068572257477456,0.209270234983014,0.2084639181341931,-0.9213648000000028,0.0139583999999939,-0.0479867999999994,0.8281218999999239,1.923711400000052,1.099,11.298676099999945,-4.909267900000396,13.909267900000396,100.0,40.2929868,122.03037360000984,136.75817730001103,96.7827102000078,73.63901850000595,272.113706800022,2137.716510700005,-1.012049,-0.0045578999999993,0.0131619000000012,0.4418287000000055,1.5915133999999824,4.8799998,10.0,-15.0,26.329272799999952,100.0,33.7132929,135.48687870000992,77.13361880000565,69.08489340000506,81.82870890000599,220.66922260001616,1626.5361538000218,-0.9795681999999998,0.0389438000000003,-0.016837700000002,-1.742156000000017,-0.9656537000000004,0.977,-32.0,37.399938000000034,-38.871988800000025,100.0,34.3952792,66.08713779999884,48.62125189999916,50.50945549999912,50.98150629999911,155.77682549999727,1700.3445728000163,-1.0185047000000005,-0.0817197999999999,0.0525887000000008,5.310648099999992,1.7581887000000025,2.0113707999999964,-3.9031858000000175,16.903185800000017,-94.95690549999996,100.0,32.354300599999995,115.99115680000403,78.36324510000283,84.25641630000298,46.54262060000168,188.9343705000067,1749.1073275000035,-0.989908499999999,-0.0101556999999999,0.0259014000000009,-5.280278800000016,-8.282847100000021,0.3958534999999965,-13.377106099999963,38.0,66.943852,100.0,32.646980400000004,128.2038210000073,3.114469200000177,2.4915753000001417,2.4915753000001417,6.851831600000389,2118.4841574000056,-1.0415474000000011,0.1599075000000003,-0.0231466999999994,2.7667098999999964,1.7888494999999969,4.008863700000004,-7.304305999999944,30.690992400000056,36.60861229999989,100.0,33.0570036,66.6430514999879,1.8258372999996688,1.521530999999724,1.217224999999779,3.6516742999993377,1856.6244509000064,935,X1.8007 Y1.804
16:29:57.450,5,939,1.73816,1.86181,-0.125,91.71037,64.17527,-29.1675,,558.8,0,0,,2,1,"{""sr"":{""mpox"":91.71037,""mpoy"":64.17527,""mpoz"":-29.1675,""mpoa"":0,""posx"":1.73816,""posy"":1.86181,""posz"":-0.125,""posa"":0,""unit"":0,""stat"":5,""coor"":2,""momo"":1,""dist"":0,""home"":1,""mots"":1,""plan"":0,""line"":939,""path"":2,""frmo"":2,""prbe"":1,""safe"":0,""estp"":0,""spc"":1,""hold"":0,""macs"":5,""cycs"":1,""sps"":12000,""feed"":558.8,""mark"":153225072}}",5.327955418976286,0.2077699237250469,0.2149342786393888,0.2103583842068869,5.327955418976286,0.2077699237250469,0.2149342786393888,0.2103583842068869,-0.9697651999999892,0.1769037999999801,0.0305721199999891,4.463245960000183,1.3970578000001166,1.406302720000011,11.562385840000273,-7.388225599999544,21.41556399999973,100.0,40.3099612,78.19783091998526,93.54977359998234,66.6838736799874,50.373561719990505,186.6197988799648,2292.082884000009,-0.9997910400000009,-0.0164789199999997,-0.0161579999999987,0.5633136800000305,1.9068094399999835,4.920863920000007,10.0,-15.0,27.379283639999905,100.0,33.71484228,115.2435820399802,54.71536663999108,48.93985999999203,58.58902087999044,157.40217899997432,1395.0605853200148,-0.9886878800000002,0.0245324800000001,0.0024633199999998,-1.7586981599999874,-0.916979199999985,0.9592305999999984,-32.497492239999985,37.29631992000005,-38.79882768000007,100.0,34.39502504,75.01566508000155,52.9695230800013,53.26584300000136,53.562163440001406,164.61642176000422,1609.8331389999917,-1.0037208399999995,-0.0773519599999989,0.029509799999999,5.439904439999991,1.6512074799999796,2.0046160000000017,-3.493937919999968,16.493937919999965,-95.0,100.0,32.359433079999995,102.24513611999328,64.70585923999575,72.11492683999526,38.0332147999975,158.55405195998958,1824.0993827200248,-0.9638067999999972,-0.0319185599999987,0.0072854400000006,-5.278179839999961,-8.193421240000019,0.482617280000001,-13.0,37.57824983999993,66.57824983999993,100.0,32.65578228,101.4322374799882,2.450053919999715,1.960043439999772,1.960043439999772,5.3901188399993725,1465.684424999993,-1.017383000000005,0.146492999999998,-0.017252919999999,2.720895760000016,1.803098160000016,4.061997200000016,-7.0,30.99263296,36.00736704,100.0,33.05,113.6920546400193,3.1146488800005288,2.5955410000004404,2.076432600000353,6.2292977600010575,1790.6989129200351,939,X1.7287 Y1.8684
16:29:57.707,5,943,1.65376,1.90306,-0.125,89.56671,65.22304,-29.1675,,558.8,0,0,,2,1,"{""sr"":{""mpox"":89.56671,""mpoy"":65.22304,""mpoz"":-29.1675,""mpoa"":0,""posx"":1.65376,""posy"":1.90306,""posz"":-0.125,""posa"":0,""unit"":0,""stat"":5,""coor"":2,""momo"":1,""dist"":0,""home"":1,""mots"":1,""plan"":0,""line"":943,""path"":2,""frmo"":2,""prbe"":1,""safe"":0,""estp"":0,""spc"":1,""hold"":0,""macs"":5,""cycs"":1,""sps"":12000,""feed"":558.8,""mark"":153225072}}",5.350195051169066,0.2006969487126465,0.1991198889325932,0.1992437613126386,5.350195051169066,0.2006969487126465,0.1991198889325932,0.1992437613126386,-0.9252682800000008,0.3302109999999884,-0.0648819999999985,2.207558699999975,1.4315934000000237,1.09909052,10.100980099999887,-1.5143061400000912,-8.690629679999681,100.0,40.31,63.49881608000378,74.14879876000442,52.85478440000316,40.3065264400024,147.91809090000882,1862.0640092800072,-1.0076248799999998,-0.0057558400000003,0.0004926199999987,0.5121139200000012,2.1702026399999954,5.029113920000001,10.0,-15.025336500000002,27.57934969999998,100.0,33.71395326,93.29394952000465,44.275094460002215,39.926647660002,47.43760148000236,128.0815237800064,1785.016089260003,-0.98672206,0.03583932,-0.0152281800000001,-1.7567657399999992,-0.9740225000000016,0.996189879999998,-31.4827265,37.0,-39.04881437999998,100.0,34.39,84.31558863999948,54.83099629999965,54.31372241999966,54.83099629999965,168.11390315999896,1779.4300760400126,-1.00842374,-0.0779094599999994,0.0179450199999991,5.444338060000002,1.8760780999999969,1.94424578,-3.0,16.542374219999992,-95.54237422,100.0,32.36,82.14836664000113,58.37667046000105,65.69868380000118,33.66487576000061,143.29563874000257,1745.6024767600104,-1.0179152200000003,-0.014324600000001,0.0230498000000005,-5.476613060000003,-8.141599940000003,0.4809282800000002,-13.69228435999998,38.0,67.42364944,100.0,32.62923134,87.15584494000294,2.1182468200000706,1.6945973800000569,1.6945973800000569,4.660143700000155,1885.1109070000136,-1.04167482,0.13125588,-0.0081986599999994,2.8294764600000013,1.71080668,4.0876453,-6.0,30.374279860000023,36.0148087,100.0,33.06374262,132.93789307999523,3.7098947399998674,3.091579259999889,2.473263159999912,7.4197890999997345,1830.896516340004,943,X1.6371 Y1.908
16:29:57.965,5,946,1.5606,1.9178,-0.125,87.20037,65.59736,-29.1675,,558.8,0,0,,2,1,"{""sr"":{""mpox"":87.20037,""mpoy"":65.59736,""mpoz"":-29.1675,""mpoa"":0,""posx"":1.5606,""posy"":1.9178,""posz"":-0.125,""posa"":0,""unit"":0,""stat"":5,""coor"":2,""momo"":1,""dist"":0,""home"":1,""mots"":1,""plan"":0,""line"":946,""path"":2,""frmo"":2,""prbe"":1,""safe"":0,""estp"":0,""spc"":1,""hold"":0,""macs"":5,""cycs"":1,""sps"":12000,""feed"":558.8,""mark"":153225072}}",5.206750299471693,0.1988367115665724,0.2042084775397563,0.1898797460500359,5.206750299471693,0.1988367115665724,0.2042084775397563,0.1898797460500359,-0.9407325000000166,0.1689815400000134,0.0016301400000049,2.647976459999857,0.6090066600003232,1.071775700000063,10.564772519999703,-10.0081081,8.904754479997939,100.0,40.32780352,126.53767807997608,152.15573557997124,107.9063633199796,82.28830581998444,302.7588611799428,1541.7494122000355,-1.0054990800000008,-0.0101708199999975,-0.0129469599999944,0.4445670200000089,1.9975817400000213,4.898762580000008,10.01478884000001,-15.726807899999862,28.69723021999984,100.0,33.719852159999995,131.7505840999777,83.05879077998569,74.9012307599871,89.71836869998454,241.01881175995848,1427.5248701599958,-0.9883934399999996,0.0310380800000011,0.0349060199999962,-1.7114871000000191,-0.9440104000000012,0.9082504999999949,-32.66580276000006,37.0,-38.66839525999988,100.0,34.4033423,74.76611816000273,49.13313048000221,47.75556646000215,48.21475428000217,148.7769564600067,1532.8963011799876,-0.999309459999999,-0.0806005399999996,0.0317390799999994,5.4039890799999935,1.807162359999985,2.1086808399999817,-3.747166120000048,16.8507145999999,-95.44859553999984,100.0,32.36345034,118.97835113998958,74.73514497999345,85.4970059399925,43.04744371999623,184.7452780999838,1599.4906775799982,-1.016465559999996,-0.0138213600000055,0.0210359600000024,-5.392816960000015,-8.250480419999983,0.520297379999996,-13.17882788000012,37.0,67.52947083999993,100.0,32.65317648,140.46688309998078,3.376607839999538,2.7012863599996297,2.7012863599996297,8.10385885999889,1614.1067457999784,-1.0221709399999968,0.1460792600000013,-0.0203861399999995,2.7343211199999917,1.6968998799999908,3.9819931400000086,-6.009484799999998,31.217338000000147,37.9810304,100.0,33.05782662,49.02218618003116,1.134114340000721,1.134114340000721,0.9072915400005772,2.7218738400017304,1318.521351360006,946,X1.5606 Y1.9178
16:29:58.221,5,950,1.46708,1.90452,-0.125,84.82492,65.26003,-29.1675,,558.8,0,0,,2,1,"{""sr"":{""mpox"":84.82492,""mpoy"":65.26003,""mpoz"":-29.1675,""mpoa"":0,""posx"":1.46708,""posy"":1.90452,""posz"":-0.125,""posa"":0,""unit"":0,""stat"":5,""coor"":2,""momo"":1,""dist"":0,""home"":1,""mots"":1,""plan"":0,""line"":950,""path"":2,""frmo"":2,""prbe"":1,""safe"":0,""estp"":0,""spc"":1,""hold"":0,""macs"":5,""cycs"":1,""sps"":12000,""feed"":558.8,""mark"":153225072}}",5.281573155519254,0.1908959940047492,0.1971178403907868,0.1952024186768382,5.281573155519254,0.1908959940047492,0.1971178403907868,0.1952024186768382,-0.9420681000000236,0.5037540999999796,-0.0055423000000059,2.1198734999994637,0.575267200000248,1.147652899999979,8.10120640000017,-7.696381799999492,-14.392763499998985,100.0,40.3310124,16.395381700027407,19.735182200032995,14.067642200023531,10.72784260001794,39.57156990006614,1964.95647899998,-1.011379699999999,-0.004129000000003,-0.0040167000000047,0.5119697999999646,1.4687410000001242,4.893173700000011,10.773164999999729,-14.89990319999983,26.97325649999984,100.0,33.738332099999994,31.913641200030757,17.337699400016703,15.649958300015069,18.718577400018017,50.32535630004849,1481.1105591000155,-0.9859426000000008,0.0335271000000006,0.0146417999999952,-1.7525583999999852,-0.865025500000003,0.9395223999999956,-32.0,37.0,-38.557229899999975,100.0,34.4,81.35552519999644,59.623569999997386,57.95188039999746,58.50911029999744,181.09962789999207,1383.704848500064,-1.0044143000000023,-0.0558222000000037,0.0169186000000004,5.244875699999993,1.7485285000000004,1.974826400000004,-3.0,15.77741060000017,-94.70979950000006,100.0,32.3529016,43.66969790001069,45.01664580000748,51.16705390000863,25.762432800004344,110.85397430001858,1436.0293885000292,-0.986003400000002,-0.0633680999999926,0.0207784999999987,-5.173177999999974,-8.259762700000033,0.3610592999999916,-13.0,36.83177560000004,67.0,100.0,32.6424298,51.91852190002224,1.2460944000005312,0.9968755000004248,0.9968755000004248,2.990626600001276,1475.6662069000229,-1.033968399999996,0.112537600000003,-0.0109631000000013,2.869,1.7288317000000304,3.963602699999989,-6.0,30.098789600000167,38.87247609999984,100.0,33.060144,192.44501379996404,4.434216699999171,4.434216699999171,3.547373899999337,9.755277199998178,1391.2449708000345,950,X1.4567 Y1.9016
16:29:58.478,5,954,1.38113,1.86599,-0.125,82.64187,64.28137,-29.1675,,558.8,0,0,,2,1,"{""sr"":{""mpox"":82.64187,""mpoy"":64.28137,""mpoz"":-29.1675,""mpoa"":0,""posx"":1.38113,""posy"":1.86599,""posz"":-0.125,""posa"":0,""unit"":0,""stat"":5,""coor"":2,""momo"":1,""dist"":0,""home"":1,""mots"":1,""plan"":0,""line"":954,""path"":2,""frmo"":2,""prbe"":1,""safe"":0,""estp"":0,""spc"":1,""hold"":0,""macs"":5,""cycs"":1,""sps"":12000,""feed"":558.8,""mark"":153225072}}",5.248747420221956,0.2089239190801275,0.2074200391802257,0.2045826285275993,5.248747420221956,0.2089239190801275,0.2074200391802257,0.2045826285275993,-1.0167884399999962,0.1912571999999952,-0.0003451199999992,0.3092273599998617,2.1667814000001937,1.0484290799999778,10.91438900000018,1.5725125600009062,3.2569603599994554,100.0,40.28957216,155.08078060001466,186.67138696001768,133.0631932000126,101.4726510000096,372.3855473600352,1957.698865199988,-1.0088501200000002,-0.0043377599999994,0.0329403600000035,0.5384406000000153,1.7726099999999678,4.945415880000005,9.962526520000084,-15.09816083999992,27.92505300000017,100.0,33.73901856,197.5028582000174,103.71154680000912,93.79131140000828,111.82810200000984,302.1162441600266,1512.676412239988,-0.9847975999999998,0.0404176000000003,-0.0112242000000001,-1.930118480000012,-0.9505133200000192,0.89793684,-31.034452039999923,36.564596920000014,-38.34066227999988,100.0,34.4043538,70.97074623999794,46.15275527999866,46.15275527999866,46.15275527999866,142.81229963999584,1759.5097402800152,-1.0178031600000008,-0.0685094400000008,0.0109355600000001,5.532928320000004,1.7474974800000134,2.053142200000005,-3.667441960000033,16.0,-95.31967096,100.0,32.3564164,72.35168984000447,85.45836380000412,96.12455008000468,50.071044960002425,210.95036704001024,1626.8986713600088,-0.9388995999999978,-0.0244414,0.0352072800000032,-5.167789439999986,-8.226403840000005,0.1895263599999785,-13.007481319999982,36.00748131999998,66.00748131999998,100.0,32.64430796,163.22402812001172,3.922935600000282,3.1383477200002265,3.1383477200002265,9.415044120000678,1715.739915160007,-0.91011575999999,0.1556030400000006,0.0016978000000021,2.92997984,1.8210400000000164,3.90606052,-5.94546560000009,31.0,37.99966932,100.0,33.04000332,11.762269079980726,0.2710204799995559,0.2168157999996447,0.2168157999996447,0.596243679999023,1325.8912539200132,954,X1.361 Y1.8523
16:29:58.737,5,957,1.30948,1.80507,-0.125,80.82183,62.73405,-29.1675,,558.8,0,0,,2,1,"{""sr"":{""mpox"":80.82183,""mpoy"":62.73405,""mpoz"":-29.1675,""mpoa"":0,""posx"":1.30948,""posy"":1.80507,""posz"":-0.125,""posa"":0,""unit"":0,""stat"":5,""coor"":2,""momo"":1,""dist"":0,""home"":1,""mots"":1,""plan"":0,""line"":957,""path"":2,""frmo"":2,""prbe"":1,""safe"":0,""estp"":0,""spc"":1,""hold"":0,""macs"":5,""cycs"":1,""sps"":12000,""feed"":558.8,""mark"":153225072}}",5.15117917048629,0.2062515030963814,0.2083097693102321,0.2007878956893724,5.15117917048629,0.2062515030963814,0.2083097693102321,0.2007878956893724,-0.8316290399999844,-0.0316246200000041,-0.0211381600000016,-0.3904991800002163,1.4515199400000045,0.9216226399999774,7.0,5.209899759999262,-5.779010180000074,100.0,40.28778986,35.800373459988045,43.09304219998561,30.717604479989745,23.424935739992176,86.18608439997122,1585.22098982,-0.9990978000000008,-0.0127067600000002,-0.0193252599999981,0.3025618999999681,1.908959580000012,4.873621260000005,10.0,-15.741959300000063,26.052145340000003,100.0,33.7225808,62.23993233998453,30.190751879992483,27.300159719993182,32.71901187999184,88.35149345997796,1305.1998481599803,-0.990316319999999,0.02822468,-0.0151015400000012,-1.6545999399999891,-0.8940183599999955,0.770151220000002,-31.55258809999996,36.55258809999996,-39.09439737999997,100.0,34.4045819,90.29336336000183,56.79558230000115,57.97359846000114,58.51540774000115,179.4332867800035,1359.709654219998,-1.0017297399999998,-0.0753154799999998,0.0275896599999991,5.201948379999981,1.793539660000006,1.9739198199999923,-3.071336759999976,16.0,-93.67124464,100.0,32.34528606000001,32.807546339997856,53.6123326999965,58.81352911999616,32.00736265999791,130.4300024599915,1419.156462040006,-1.00620502,-0.0180618000000001,-0.000790720000002,-5.270832859999978,-8.216658760000012,0.2098519399999769,-13.36623049999994,36.32509027999996,67.32509027999996,100.0,32.63349858,68.9191190799902,1.625451059999769,1.300360559999815,1.300360559999815,3.901081899999445,1415.5219831799875,-0.9677283800000016,0.1238895999999997,-0.0258171000000013,2.766048180000013,1.6149678799999911,4.080905080000022,-5.0,30.229244559999927,38.22654009999992,100.0,33.0477613,169.3878003000158,3.867301060000361,3.0938411600002884,3.0938411600002884,8.508063020000794,1311.1059340199977,957,X1.3012 Y1.7959
16:29:58.994,5,960,1.25645,1.72674,-0.125,79.47489,60.74456,-29.1675,,558.8,0,0,,2,1,"{""sr"":{""mpox"":79.47489,""mpoy"":60.74456,""mpoz"":-29.1675,""mpoa"":0,""posx"":1.25645,""posy"":1.72674,""posz"":-0.125,""posa"":0,""unit"":0,""stat"":5,""coor"":2,""momo"":1,""dist"":0,""home"":1,""mots"":1,""plan"":0,""line"":960,""path"":2,""frmo"":2,""prbe"":1,""safe"":0,""estp"":0,""spc"":1,""hold"":0,""macs"":5,""cycs"":1,""sps"":12000,""feed"":558.8,""mark"":153225072}}",5.306902501733489,0.2066148529826411,0.2075491605916274,0.205029510883201,5.306902501733489,0.2066148529826411,0.2075491605916274,0.205029510883201,-0.9151893999999964,0.1988067999999971,-0.0146542800000026,4.235001679999956,1.638123039999942,1.0657585999999857,8.813565640000169,8.538992480000237,5.0,100.0,40.29362728,115.34891211999388,124.2709274399934,88.58286615999529,67.55240179999642,248.5418558799868,2808.083711759973,-1.00570364,-0.0161366799999995,0.0392667200000013,0.2964770400000091,1.667152639999999,4.8479786800000015,10.0,-15.336173760000031,26.618972479999968,100.0,33.74,123.17557119999414,73.6577539999965,66.23008075999685,79.8474806399962,215.40250647998977,1993.7582387999933,-0.9819834,0.0349971999999994,0.0149303999999999,-1.7977034399999878,-1.0291676399999967,0.9320976000000024,-31.520495399999994,37.0,-39.74938748000004,100.0,34.40520504,77.20027224000076,48.42998452000048,51.786518440000506,52.26602340000052,159.67509788000157,1959.383746079996,-1.00093164,-0.06958068,0.0493940799999987,5.294403399999997,2.064861959999993,2.029287480000004,-3.548864319999988,16.0,-94.76777443999998,100.0,32.354327680000004,27.93936359999951,76.64046887999837,81.89688571999822,46.220709439999,183.785109759996,2235.966164399996,-0.9966185200000004,-0.0372016400000004,0.0079107599999995,-5.178855840000001,-8.329048160000005,0.3700363200000003,-13.0,35.48074688000003,67.0,100.0,32.62066168,122.55179839999556,2.927111879999893,2.3416899599999144,2.3416899599999144,7.025069239999743,2399.8460507199834,-0.996735440000002,0.1657768799999967,-0.0242173599999992,2.846575359999998,1.807881279999998,4.094232440000006,-5.632382079999966,30.0,38.00569052,100.0,33.05632384,78.90017700000723,1.8096372800001657,1.4477098800001325,1.4477098800001325,3.981201600000365,2139.7740676400003,960,X1.2561 Y1.7261
16:29:59.258,5,964,1.22671,1.63483,-0.125,78.71951,58.40981,-29.1675,,558.8,0,0,,2,1,"{""sr"":{""mpox"":78.71951,""mpoy"":58.40981,""mpoz"":-29.1675,""mpoa"":0,""posx"":1.22671,""posy"":1.63483,""posz"":-0.125,""posa"":0,""unit"":0,""stat"":5,""coor"":2,""momo"":1,""dist"":0,""home"":1,""mots"":1,""plan"":0,""line"":964,""path"":2,""frmo"":2,""prbe"":1,""safe"":0,""estp"":0,""spc"":1,""hold"":0,""macs"":5,""cycs"":1,""sps"":12000,""feed"":558.8,""mark"":153225072}}",5.307183134403664,0.2036275758035675,0.1937589737382786,0.2017313322359493,5.307183134403664,0.2036275758035675,0.1937589737382786,0.2017313322359493,-0.8993130000000016,0.4598998399999986,0.0170136399999996,0.266095560000002,1.2966543599999378,1.15993024,6.4108111599996604,8.337817839999557,1.2744070399999323,100.0,40.31358812,110.72945343999416,124.8106555599934,88.96759603999527,67.8457923599964,249.6213117599868,1713.468752320002,-1.00333268,-0.0220332399999995,0.0007176400000021,0.3401176000000172,1.9403631999999944,4.859850479999999,10.0,-15.0,25.97711444,100.0,33.74620528,98.45345123999527,75.67805367999637,67.61155999999676,81.28543463999611,219.61105283998947,1071.5516379200133,-0.9788275200000002,0.0386047599999999,-0.0236881599999992,-1.7057829199999923,-0.8475702800000027,0.905432599999998,-31.79431255999998,37.27415679999999,-39.0,100.0,34.40725824,73.14169864000064,47.2304014400005,51.34331052000052,53.05699840000052,160.5420595600016,1433.56174536001,-1.0024556400000004,-0.0752493200000004,0.0206289200000008,5.431119599999992,1.683163519999996,1.9866111999999991,-3.243905400000023,16.0,-94.96118323999995,100.0,32.3396122,20.93822715999953,80.9978794799982,83.75290999999815,49.03953259999892,190.09706539999576,1510.960187160001,-0.9742047999999996,-0.00534992,0.0082480399999993,-5.034206200000008,-8.041916520000006,0.4198185199999957,-13.0,37.0,67.12560499999992,100.0,32.62243328,122.0686863999956,2.9343431199998946,2.347475039999916,2.347475039999916,7.042424119999746,1435.755518440011,-1.0068724400000015,0.1426043200000012,-0.0148904800000008,2.8467864799999982,1.7217113199999898,3.9110472800000062,-5.3544398000000335,30.36415116000003,37.364151160000034,100.0,33.05635816,79.73938800000724,1.820755800000165,1.4566046400001325,1.4566046400001325,4.005662400000364,1163.265734360008,964,X1.224 Y1.6192
16:29:59.514,5,967,1.22269,1.54058,-0.125,78.61745,56.01609,-29.1675,,558.8,0,0,,2,1,"{""sr"":{""mpox"":78.61745,""mpoy"":56.01609,""mpoz"":-29.1675,""mpoa"":0,""posx"":1.22269,""posy"":1.54058,""posz"":-0.125,""posa"":0,""unit"":0,""stat"":5,""coor"":2,""momo"":1,""dist"":0,""home"":1,""mots"":1,""plan"":0,""line"":967,""path"":2,""frmo"":2,""prbe"":1,""safe"":0,""estp"":0,""spc"":1,""hold"":0,""macs"":5,""cycs"":1,""sps"":12000,""feed"":558.8,""mark"":153225072}}",5.252573790220088,0.2015917912313875,0.1992562936108357,0.205576809862835,5.252573790220088,0.2015917912313875,0.1992562936108357,0.205576809862835,-1.008494319999998,0.2586823599999981,-0.0058098000000007,3.6532872799999994,1.5387275200000068,1.3307398799999932,10.757504959999975,15.67385672000007,11.234994719999635,100.0,40.284811360000006,39.53441544000368,47.28277652000438,33.703033000003124,25.704514560002384,94.33071932000875,2220.649577200042,-0.9966836800000002,-0.02251628,-0.0280416399999991,0.3410675200000027,2.028823520000001,5.013273879999996,10.0,-15.015036240000002,25.01503624,100.0,33.75,45.05864212000327,33.589169720002445,30.039095000002188,36.04691384000262,97.49051684000707,1270.315010960007,-0.9924841599999996,0.0297872000000001,0.0044453199999995,-1.8016647200000029,-1.0213091999999984,0.8204183599999983,-32.32682811999999,36.46363844,-40.0,100.0,34.41209524,78.84518943999953,51.49073599999969,57.390716239999655,60.07252507999964,181.2902998799989,1624.7986360800078,-1.00712628,-0.0665252399999998,0.0313695599999999,5.445572040000002,1.6778392000000029,2.063714280000001,-3.755558920000008,16.163055280000016,-95.0,100.0,32.35429472,31.13167060000039,62.02088228000122,63.40642764000125,37.32664000000073,144.17215680000285,1783.130375360014,-0.9723174,-0.0224996800000003,0.0068871200000003,-5.337979399999994,-8.099561680000008,0.4809943199999946,-14.0,36.33767628000002,66.85661764000001,100.0,32.63143412,71.10634308000299,1.6883818800000707,1.350705600000056,1.350705600000056,3.9087344400001736,1843.4189422400125,-0.9560212800000004,0.1755526399999993,-0.0088073200000003,2.7935863199999984,1.7372928400000027,4.014654119999999,-5.0,30.99124556,37.24504332000002,100.0,33.047176040000004,163.0707019599952,3.77478439999989,3.0198277199999115,3.0198277199999115,8.304526479999756,1578.8581509200294,967,X1.2231 Y1.5348
16:29:59.773,5,971,1.24378,1.44904,-0.125,79.15326,53.69088,-29.1675,,558.8,0,0,,2,1,"{""sr"":{""mpox"":79.15326,""mpoy"":53.69088,""mpoz"":-29.1675,""mpoa"":0,""posx"":1.24378,""posy"":1.44904,""posz"":-0.125,""posa"":0,""unit"":0,""stat"":5,""coor"":2,""momo"":1,""dist"":0,""home"":1,""mots"":1,""plan"":0,""line"":971,""path"":2,""frmo"":2,""prbe"":1,""safe"":0,""estp"":0,""spc"":1,""hold"":0,""macs"":5,""cycs"":1,""sps"":12000,""feed"":558.8,""mark"":153225072}}",5.349251629373321,0.2057339579305132,0.2035988661897518,0.2033662799404892,5.349251629373321,0.2057339579305132,0.2035988661897518,0.2033662799404892,-1.0071055799999995,0.3628938599999988,-0.02730548,3.029457220000011,1.4729391000000007,1.270091319999999,11.804778119999982,15.433078239999944,15.148074300000015,100.0,40.28,157.06756499999904,180.4407149199989,128.08485989999923,98.1672287199994,361.8163557999978,2573.4596828399967,-1.00440108,0.0018609999999999,0.0266271599999996,0.4409093000000005,1.9854800599999989,4.89030532,10.0,-15.119759560000004,25.115927180000003,100.0,33.7411595,154.95796645999914,109.62499641999938,97.24798011999944,117.58164873999932,316.4979729599982,1496.7151603000025,-0.98558372,0.0361109599999999,-0.0090770999999998,-1.90231218,-1.0864929999999988,0.9028584400000004,-32.0,37.03407904,-40.96592096,100.0,34.41402978,64.16796884000007,41.08000380000008,46.32425882000008,49.38340812000009,149.42721016000027,2238.9391652000013,-1.0108332599999998,-0.0763528999999999,-0.00097228,5.437686220000001,1.9192678199999988,2.150115239999999,-3.345583240000002,16.0,-93.95930764,100.0,32.35695064,100.12579093999967,102.08904215999968,102.7434589199997,61.51519199999981,234.9356793799993,1750.0125898600018,-0.99314528,-0.0420231400000002,0.0058894199999999,-5.303154559999998,-8.47617786,0.3960004999999995,-12.199771520000008,30.33319382000004,54.10785884000007,100.0,32.63951268,160.38495785999925,3.855407959999982,3.084326319999986,3.084326319999986,8.48189649999996,2041.4889344400017,-1.03661542,0.12777816,-0.0104956400000001,2.74913568,1.7024776799999992,3.914657060000001,-5.940705719999994,31.0,37.11858850000001,100.0,33.04952364,15.46990208000121,0.3548142600000277,0.283851760000022,0.283851760000022,0.7805909600000607,1385.5651136200029,971,X1.2532 Y1.4262
16:30:00.030,5,974,1.28865,1.36613,-0.125,80.29294,51.58496,-29.1675,,558.8,0,0,,2,1,"{""sr"":{""mpox"":80.29294,""mpoy"":51.58496,""mpoz"":-29.1675,""mpoa"":0,""posx"":1.28865,""posy"":1.36613,""posz"":-0.125,""posa"":0,""unit"":0,""stat"":5,""coor"":2,""momo"":1,""dist"":0,""home"":1,""mots"":1,""plan"":0,""line"":974,""path"":2,""frmo"":2,""prbe"":1,""safe"":0,""estp"":0,""spc"":1,""hold"":0,""macs"":5,""cycs"":1,""sps"":12000,""feed"":558.8,""mark"":153225072}}",5.119110033751024,0.1993140041864696,0.2029166957811814,0.2123106016956786,5.119110033751024,0.1993140041864696,0.2029166957811814,0.2123106016956786,-0.9392809999999796,0.0234801599999591,-0.0133914800000123,1.580438159999745,1.5968590399999782,1.216017000000011,10.919188840000178,3.001753279999996,31.25473204000165,100.0,40.2799956,14.213612159968598,15.765672999965169,11.272864399975091,8.57717903998105,31.53134591993033,2416.8707372799604,-1.018026880000002,-0.0269437600000016,-0.0089411999999981,0.3141324799999792,1.7725968800000118,4.898310919999992,10.05871256000001,-15.0,25.92514384000017,100.0,33.740586959999995,27.01607187996353,16.562536599980334,14.692572239982557,17.68979959997908,47.60922063994355,1575.1509423199975,-0.9912213200000002,0.0384137999999978,-0.0175244400000072,-1.929081560000035,-1.002613800000002,0.8763395599999906,-32.0,37.03439543999992,-41.441531159999975,100.0,34.42931208,77.09498452000214,51.93762260000236,58.639251680002666,63.10700440000288,191.5204932000088,2155.077469880016,-1.01487556,-0.0774908800000005,0.0514481200000053,5.302909599999963,1.7748172799999844,1.951435760000004,-3.9743568000000575,16.02564319999994,-94.37675427999989,100.0,32.3402564,47.048839679991296,55.124387559989806,55.47549779998975,33.355520479993835,127.1020905199765,1781.07459456003,-0.9866614799999942,-0.0396488800000039,0.0155403999999994,-5.218822479999981,-8.394602640000082,0.2717514799999543,-13.0,37.0,66.98476688000004,100.0,32.657168520000006,49.85674019997625,1.1870656399994344,0.9496525599995476,0.9496525599995476,2.611543519998756,1701.066700680007,-1.0372207600000054,0.1532967999999955,-0.0077179200000005,2.8743409199999896,1.709,4.138884360000022,-6.0,30.09162419999982,37.0,100.0,33.05,198.24892596003863,4.546970360000887,3.637576640000709,3.637576640000709,10.00333436000195,1889.0911607600744,974,X1.2977 Y1.3538
16:30:00.287,5,977,1.35375,1.29783,-0.125,81.94635,49.8502,-29.1675,,558.8,0,0,,2,1,"{""sr"":{""mpox"":81.94635,""mpoy"":49.8502,""mpoz"":-29.1675,""mpoa"":0,""posx"":1.35375,""posy"":1.29783,""posz"":-0.125,""posa"":0,""unit"":0,""stat"":5,""coor"":2,""momo"":1,""dist"":0,""home"":1,""mots"":1,""plan"":0,""line"":977,""path"":2,""frmo"":2,""prbe"":1,""safe"":0,""estp"":0,""spc"":1,""hold"":0,""macs"":5,""cycs"":1,""sps"":12000,""feed"":558.8,""mark"":153225072}}",5.353364775867596,0.2029606256020806,0.2072639480855941,0.2146061124400529,5.353364775867596,0.2029606256020806,0.2072639480855941,0.2146061124400529,-0.9640117800000042,0.1112444199999992,-0.0153184799999989,3.6195196599997552,1.3082674000000312,1.1600664399999998,11.118040739999635,12.67104239999978,9.75956528000073,100.0,40.26225148,134.23611700001263,149.7596013600141,106.30603788001,81.47543094000767,299.51920216002816,1681.238800379991,-1.0100453399999998,-0.0125833800000011,-0.0237489000000045,0.3785749799999958,1.7563282599999936,4.901911699999996,9.258085699999937,-15.0,27.0,100.0,33.74258088,175.09170580001518,91.25542290000791,80.86862670000701,97.19073530000844,261.15373060002264,1337.9520511199817,-0.99345418,0.0355315399999991,-0.0002170800000015,-1.5615210199999765,-0.8101956399999942,1.0098875400000007,-31.09345445999997,37.0,-41.01516075999995,100.0,34.42,56.68493497999867,42.859341139999,48.38957871999887,52.07640369999878,157.1509173999963,1625.1578044800144,-1.0075790599999996,-0.07565662,0.0395491999999991,5.327489240000003,1.8799253400000049,2.103678359999997,-3.6006841000000267,16.929178480000022,-94.0,100.0,32.34,96.6864458400022,94.23661724000416,94.90812364000418,56.99418926000253,216.77622012000955,1473.5775976399907,-1.0082590400000015,-0.0004206399999993,0.0044852199999982,-5.4172652600000015,-8.107449880000008,0.3807347399999988,-13.0,37.36560259999994,66.67574728000004,100.0,32.63675734,140.55549590000962,3.3787376200002317,2.702990340000185,2.702990340000185,7.433223520000508,1574.015366600009,-1.0108140799999992,0.1040477999999971,-0.003950039999999,2.854782480000005,1.7559950000000044,3.840019219999982,-6.226101739999929,30.0,36.99651476,100.0,33.0522262,49.51636109998427,1.1305106999996408,0.9044087399997128,0.9044087399997128,2.7132256599991385,1284.373518379994,977,X1.3582 Y1.2941
16:30:00.544,5,981,1.43412,1.24942,-0.125,83.98773,48.62059,-29.1675,,558.8,0,0,,2,1,"{""sr"":{""mpox"":83.98773,""mpoy"":48.62059,""mpoz"":-29.1675,""mpoa"":0,""posx"":1.43412,""posy"":1.24942,""posz"":-0.125,""posa"":0,""unit"":0,""stat"":5,""coor"":2,""momo"":1,""dist"":0,""home"":1,""mots"":1,""plan"":0,""line"":981,""path"":2,""frmo"":2,""prbe"":1,""safe"":0,""estp"":0,""spc"":1,""hold"":0,""macs"":5,""cycs"":1,""sps"":12000,""feed"":558.8,""mark"":153225072}}",5.251489107422202,0.203536676105804,0.219404953211056,0.2145827690511315,5.251489107422202,0.203536676105804,0.219404953211056,0.2145827690511315,-1.0103077599999977,0.1505103999999948,0.0007478399999989,1.186511000000054,1.8797059200000328,1.259891359999998,12.638104399999966,-3.99837496,24.0835196800001,100.0,40.22363008,62.33919444000583,70.31281264000658,50.01633084000467,38.05590400000356,140.2631878800131,2157.8974340400123,-1.00616464,-0.0121674800000002,0.0088622399999997,0.362411480000012,1.5999862399999991,4.919007120000004,10.0,-15.61969967999997,26.38030032000003,100.0,33.7595744,70.36427188000535,46.05891324000359,40.73470932000318,48.721015200003805,131.3313358000103,2224.5210751600034,-0.9913389600000004,0.0415197200000001,0.0019607999999995,-1.8484656,-1.017475040000004,0.8247099199999998,-32.0,37.15417468000002,-40.365658879999984,100.0,34.42365632,67.50327343999957,49.01851051999956,55.102336199999485,58.22133655999946,175.9151606399983,2139.59660236,-1.0046385600000003,-0.0805322000000001,0.04289244,5.456488599999995,1.7831727599999994,2.027172759999999,-3.116665560000011,15.550719959999988,-94.43405439999998,100.0,32.3358118,90.75463388000244,69.18917640000186,70.08773684000188,41.783074120001125,160.39309032000432,2040.108859560006,-1.0218789999999984,-0.0211649600000012,0.0362805200000009,-5.500296360000009,-8.04892592,0.4650239199999953,-13.414768320000022,37.54712736000003,67.48094784000003,100.0,32.64933832,86.27175320000447,2.073840600000107,1.6590722800000854,1.6590722800000854,4.147680200000213,2158.198393280007,-1.0050256799999993,0.0976331600000028,0.0051609999999994,2.6534044800000083,1.8306688,3.90666204,-6.635078839999967,30.635078839999967,36.0,100.0,33.05629632,138.4363089199928,3.1753936399998346,3.1753936399998346,2.540314799999868,7.620945039999604,1979.9322521600116,981,X1.4579 Y1.24
16:30:00.801,5,984,1.52519,1.2239,-0.125,86.30101,47.9723,-29.1675,,558.8,0,0,,2,1,"{""sr"":{""mpox"":86.30101,""mpoy"":47.9723,""mpoz"":-29.1675,""mpoa"":0,""posx"":1.52519,""posy"":1.2239,""posz"":-0.125,""posa"":0,""unit"":0,""stat"":5,""coor"":2,""momo"":1,""dist"":0,""home"":1,""mots"":1,""plan"":0,""line"":984,""path"":2,""frmo"":2,""prbe"":1,""safe"":0,""estp"":0,""spc"":1,""hold"":0,""macs"":5,""cycs"":1,""sps"":12000,""feed"":558.8,""mark"":153225072}}",5.219642316316226,0.2083568619449217,0.2103288258853318,0.2115045141099951,5.219642316316226,0.2083568619449217,0.2103288258853318,0.2115045141099951,-0.9814205000000116,0.2660514999999722,0.0269359999999994,3.7232219999994296,2.1665460000000087,1.221,13.499239499999858,10.499726999999291,-3.001125999999717,100.0,40.19499,85.47033700002422,97.4762355000276,69.48306050001969,52.987082000015,194.4517110000551,2301.636641000091,-1.0011159999999992,-0.0219450000000001,-0.0013669999999978,0.4652115000000548,1.7904279999999595,4.883,10.0,-15.501889999999875,27.0,100.0,33.75533,98.12768650002418,59.27510000001461,52.79966900001301,62.76187050001548,169.35742950004175,1407.3677544999732,-0.9979259999999996,0.0423089999999979,0.0177680000000008,-1.7615149999999826,-0.8850590000000036,0.9331265000000026,-31.71506599999992,37.0,-40.56923100000012,100.0,34.4171505,67.45698349999734,48.469091999998085,52.96622399999791,55.4646309999978,166.8935739999934,1775.298846999982,-1.0046480000000009,-0.0765580000000021,0.013632000000003,5.360801000000027,1.8318165000000173,2.044456500000003,-3.662203999999904,16.499287000000052,-94.82369499999986,100.0,32.343378,102.98644350001202,74.5700610000076,76.72870000000776,45.27362200000461,175.2645345000178,1665.2025725000017,-0.9885755000000012,-0.0519605000000008,-0.0082500000000002,-5.107680000000013,-8.259148999999997,0.4688510000000022,-13.0,38.09374049999997,67.68888249999986,100.0,32.635923500000004,103.02240550001837,2.4929925000004425,1.9943940000003535,1.9943940000003535,4.985985000000885,1839.1142530000343,-1.0208105000000007,0.1317509999999976,-0.0025600000000001,2.8399349999999743,1.8003990000000083,4.057644000000009,-7.0,31.0,36.0,100.0,33.059938,109.86244849996976,2.5082749999993097,2.5082749999993097,2.0066199999994474,6.019859999998343,1861.3313699999892,984,X1.5411 Y1.2217
16:30:01.059,5,987,1.61985,1.22321,-0.125,88.70523,47.95471,-29.1675,,558.8,0,0,,2,1,"{""sr"":{""mpox"":88.70523,""mpoy"":47.95471,""mpoz"":-29.1675,""mpoa"":0,""posx"":1.61985,""posy"":1.22321,""posz"":-0.125,""posa"":0,""unit"":0,""stat"":5,""coor"":2,""momo"":1,""dist"":0,""home"":1,""mots"":1,""plan"":0,""line"":987,""path"":2,""frmo"":2,""prbe"":1,""safe"":0,""estp"":0,""spc"":1,""hold"":0,""macs"":5,""cycs"":1,""sps"":12000,""feed"":558.8,""mark"":153225072}}",5.272950390439913,0.1968851076701479,0.2065887587144274,0.2196687128655458,5.272950390439913,0.1968851076701479,0.2065887587144274,0.2196687128655458,-0.9311654200000083,0.3829310599999906,0.0713180400000123,2.020281540000214,0.9184439000000232,1.302443719999996,10.733215079999502,-8.27327186000012,8.290641740000122,100.0,40.19664866,108.92536240001029,127.95449142001208,90.55240976000856,68.89857256000651,254.59663008002408,2412.965548220061,-1.0120050200000004,0.0005251400000005,0.0393395600000028,0.3965691999999863,2.028515579999971,4.927474579999993,9.78524920000004,-14.67787414000006,26.420173180000106,100.0,33.76,125.12009986001068,73.73419048000629,65.47328234000558,78.18237136000667,211.01382476001805,1610.637749320018,-1.00369872,0.0458365000000004,0.0071647599999998,-1.8119773400000116,-0.8077149800000021,0.984819200000005,-32.0,37.0,-40.24053797999999,100.0,34.42,69.32043951999944,47.55524275999911,51.093352419999015,52.048368159998994,157.77318331999692,1884.8111276199943,-1.0059620599999983,-0.0708933999999993,0.0148930399999979,5.426140980000001,1.6691081,1.9341266799999923,-3.21188244000002,16.44208351999998,-94.55791648000002,100.0,32.36230214,119.95209794000478,80.34000994000321,84.24542696000337,48.53875566000193,190.8075227400076,1869.797778320024,-1.017880859999997,-0.0381936400000002,0.0279756600000011,-5.369952579999999,-8.092888000000007,0.3293798999999976,-13.123499860000011,38.39967709999996,67.27617723999995,100.0,32.63399668,122.46586608000798,3.001614480000196,2.401291580000157,2.401291580000157,6.003228960000391,1856.581530040021,-1.0404730399999993,0.1489189000000025,-0.0108179000000002,2.808,1.8081007800000035,3.991304459999985,-8.0,31.0,35.98968354,100.0,33.0466827,75.07970951998679,2.0666979199996374,1.722248159999698,1.377798719999758,4.133395839999275,1539.203177020012,987,X1.6264 Y1.2239
16:30:01.317,5,991,1.71066,1.24719,-0.125,91.01184,48.56393,-29.1675,,558.8,0,0,,2,1,"{""sr"":{""mpox"":91.01184,""mpoy"":48.56393,""mpoz"":-29.1675,""mpoa"":0,""posx"":1.71066,""posy"":1.24719,""posz"":-0.125,""posa"":0,""unit"":0,""stat"":5,""coor"":2,""momo"":1,""dist"":0,""home"":1,""mots"":1,""plan"":0,""line"":991,""path"":2,""frmo"":2,""prbe"":1,""safe"":0,""estp"":0,""spc"":1,""hold"":0,""macs"":5,""cycs"":1,""sps"":12000,""feed"":558.8,""mark"":153225072}}",5.024095801901632,0.1994799324484884,0.2058884421157812,0.2042959165287396,5.024095801901632,0.1994799324484884,0.2058884421157812,0.2042959165287396,-0.997476439999998,0.3596361600000055,-0.0027094799999997,3.207719100000044,1.060809620000002,0.9426767800000082,12.276683739999932,-1.398467520000033,6.130618459999915,100.0,40.22,30.340745200002797,35.6604545200033,25.419503400002355,19.201782880001783,70.95516116000654,1860.3970025200092,-0.9937290400000002,-0.0231111799999995,0.005566160000001,0.5319277999999987,1.7131223600000005,4.88506118,10.0,-15.0,25.98873668,100.0,33.75234858,44.26512142000295,25.485978760001696,22.80324412000152,27.274468520001808,73.10451864000486,1508.6709701000009,-0.99910064,0.0466150799999999,0.0085298399999997,-1.6283161000000064,-0.8638985200000026,0.9096222399999996,-32.248498879999985,36.45423456,-40.98866321999999,100.0,34.42,75.31564173999966,56.21384853999975,58.39691065999974,58.94267609999974,180.10262193999918,1502.2688600600034,-1.02244948,-0.0705792800000001,0.0129331400000004,5.358365239999999,1.8161733999999985,1.9177263400000009,-3.2642892799999945,17.0,-93.65010844,100.0,32.35264286,79.83382562000094,52.71448140000084,57.222782620000906,31.49442134000051,128.070770260002,1686.813734840002,-0.9785400800000004,-0.0011230999999999,-0.0010331200000002,-5.131413100000008,-8.150456279999991,0.480349120000005,-13.0,39.0,67.00791591999999,100.0,32.630079040000005,61.83062538000219,1.4972057200000537,1.1977641400000425,1.1977641400000425,3.148089100000103,1776.008484560001,-1.0283922200000009,0.1375639599999988,-0.0282257799999994,2.86837106,1.5914888800000062,4.176055179999997,-7.0,30.18751946000001,36.0,100.0,33.04989668,176.30822653999644,4.874881599999901,4.062401879999917,3.2499213399999336,9.749764019999802,1618.9759466000005,991,X1.7348 Y1.2582
16:30:01.574,5,994,1.7925,1.2945,-0.125,93.09063,49.76554,-29.1675,,558.8,0,0,,2,1,"{""sr"":{""mpox"":93.09063,""mpoy"":49.76554,""mpoz"":-29.1675,""mpoa"":0,""posx"":1.7925,""posy"":1.2945,""posz"":-0.125,""posa"":0,""unit"":0,""stat"":5,""coor"":2,""momo"":1,""dist"":0,""home"":1,""mots"":1,""plan"":0,""line"":994,""path"":2,""frmo"":2,""prbe"":1,""safe"":0,""estp"":0,""spc"":1,""hold"":0,""macs"":5,""cycs"":1,""sps"":12000,""feed"":558.8,""mark"":153225072}}",5.15238465935527,0.1933313226648836,0.2015821537041105,0.204674268152425,5.15238465935527,0.1933313226648836,0.2015821537041105,0.204674268152425,-0.9399608000000024,0.3307417199999887,0.0047996000000048,1.3407493999998674,2.273500000000105,1.3427705600000002,9.92167948000018,6.558563920000996,-13.595840680000904,100.0,40.24,158.22777740001493,186.99646416001764,133.29491548001255,100.6904038000095,373.0339721200352,2271.65772960003,-0.9938276799999984,-0.0056275199999986,-0.0141966400000023,0.3780453999999907,2.0800099600000457,4.998551680000006,10.002791079999994,-15.0,25.99720892000001,100.0,33.76,215.94500752001892,100.7888507200088,90.88742860000796,107.98506308000944,288.86562692002525,1803.325377440004,-0.99474052,0.045956320000001,-0.0120817600000025,-1.725262839999982,-1.088304960000004,1.0324199600000128,-31.58770879999996,37.0,-40.51938196000012,100.0,34.424123200000004,69.84076555999842,45.682008479998665,46.117075279998645,46.1398508799986,141.87731059999572,1747.463396639998,-1.0089408799999988,-0.0819896799999993,0.0384652799999979,5.258560839999984,1.7887977600000018,1.9764035199999963,-3.69183423999997,17.0,-94.30816576000002,100.0,32.35945848,113.67354800000554,87.08324492000423,97.05460872000472,51.1863343600025,214.0519449600104,1856.304835680018,-0.9703729599999996,-0.0293047200000039,0.0071944400000006,-5.125017640000005,-8.219874960000013,0.4748077200000034,-13.0,38.96750228000008,66.21626475999994,100.0,32.62367488,160.6656526400116,3.9186743200002825,3.1349390800002257,3.1349390800002257,8.621083920000622,1839.6391799199805,-1.0082256000000036,0.1411132000000025,-0.0193102800000009,2.743850120000005,1.644665640000011,3.974967439999984,-7.03948807999991,30.012157440000003,36.05164551999992,100.0,33.05908832000001,11.19488779998077,0.3098721199994678,0.2582265999995569,0.2065811199996455,0.6197442799989359,2061.919333280003,994,X1.8111 Y1.3092
16:30:01.831,5,997,1.86063,1.35994,-0.125,94.82115,51.4277,-29.1675,,558.8,0,0,,2,1,"{""sr"":{""mpox"":94.82115,""mpoy"":51.4277,""mpoz"":-29.1675,""mpoa"":0,""posx"":1.86063,""posy"":1.35994,""posz"":-0.125,""posa"":0,""unit"":0,""stat"":5,""coor"":2,""momo"":1,""dist"":0,""home"":1,""mots"":1,""plan"":0,""line"":997,""path"":2,""frmo"":2,""prbe"":1,""safe"":0,""estp"":0,""spc"":1,""hold"":0,""macs"":5,""cycs"":1,""sps"":12000,""feed"":558.8,""mark"":153225072}}",5.351641409986977,0.1967982832484522,0.2051195322514893,0.2069625589833401,5.351641409986977,0.1967982832484522,0.2051195322514893,0.2069625589833401,-0.8688427999999943,0.5084082000000031,-0.0854439000000063,1.1733830000001415,1.6243292000000198,1.0502873999999898,13.39099540000051,-1.3045027999997454,1.6056388999994935,100.0,40.2579658,16.471478799986222,19.806195399983437,14.046230599988249,10.71151399999104,39.41028739996703,2425.635583300076,-0.9949162999999998,-0.0262060000000011,0.010196100000003,0.3604231000000157,2.1376247000000106,4.982068600000009,10.0,-16.0,27.09346979999992,100.0,33.7590653,30.52500729998412,17.367761799991815,15.646632599992628,18.526022599991308,49.97575399997649,1926.2088537000247,-0.9956414,0.0567275000000003,-0.0119297999999994,-1.851878000000012,-0.9328143,0.8487507000000044,-32.0,37.04302739999997,-39.0287423000001,100.0,34.4295697,85.28394400000136,59.12727900000124,58.4838250000013,58.52685250000127,180.55411790000392,2159.077920499996,-0.9936711999999992,-0.0844072999999982,0.0304157000000002,5.282672599999988,2.079194600000037,1.974346,-3.389880999999942,16.610119000000058,-94.0,100.0,32.3464253,65.77208509999446,44.68212329999624,51.11634869999569,25.73690269999783,110.81166499999064,2004.0544951000136,-0.9877990000000044,-0.0245756000000071,0.0220010999999997,-5.5764574,-8.19437720000001,0.4562780999999944,-9.77768310000068,28.54508280000201,51.02869090000365,100.0,32.6446412,51.35662919998899,1.2465200999997326,0.997215899999786,0.997215899999786,2.742344299999412,2367.0897355000125,-1.0152870000000085,0.1175339999999923,-0.0176297000000002,2.753995499999995,1.66189699999999,4.082004500000005,-7.0,30.11468349999992,37.11160289999992,100.0,33.0488533,194.22012670001808,5.321141600000495,4.434284800000413,3.54742800000033,10.64228320000099,1862.2755268000249,997,X1.8774 Y1.3815
16:30:02.107,5,1000,1.91438,1.44474,-0.125,96.18633,53.58175,-29.1675,,558.8,0,0,,2,1,"{""sr"":{""mpox"":96.18633,""mpoy"":53.58175,""mpoz"":-29.1675,""mpoa"":0,""posx"":1.91438,""posy"":1.44474,""posz"":-0.125,""posa"":0,""unit"":0,""stat"":5,""coor"":2,""momo"":1,""dist"":0,""home"":1,""mots"":1,""plan"":0,""line"":1000,""path"":2,""frmo"":2,""prbe"":1,""safe"":0,""estp"":0,""spc"":1,""hold"":0,""macs"":5,""cycs"":1,""sps"":12000,""feed"":558.8,""mark"":153225072}}",5.202789974447927,0.2036317670313773,0.211265687406339,0.2109519490331443,5.202789974447927,0.2036317670313773,0.211265687406339,0.2109519490331443,-0.9875758599999888,0.2071378600000132,-0.0396620800000045,2.322463319999358,1.5627740200000837,1.2738889200000278,3.7761521999984753,5.286505419997865,-2.6427810799989326,100.0,40.25,60.80269533997546,73.64298757997027,52.494136459978826,40.03149963998384,147.28570607994055,2205.0147684400063,-1.0044087599999996,-0.0087515599999974,-0.0347512599999994,0.4302208600000602,1.8690479400000075,4.957737679999975,10.575528640000142,-15.97589698000001,27.40036833999987,100.0,33.76,83.67696619997226,44.44087675998527,40.03682587998672,47.24345451998433,127.71747523995764,1976.4392061399876,-0.9918920799999992,0.039165640000001,-0.0135275800000033,-1.8106930999999733,-0.8778295399999799,0.9980380600000162,-32.0,37.0,-38.0,100.0,34.43,86.56482094000371,55.46368778000238,53.39027904000229,53.90863088000231,166.90941580000717,1689.033444259945,-1.0026008400000004,-0.0714005800000009,0.0198304400000001,5.445908559999978,1.890328160000052,2.045350379999987,-2.972120140000415,12.631510500001763,-70.04494646000981,100.0,32.34256956,81.9402862799935,56.02231125999328,64.45010805999235,31.796384219996156,137.89879935998343,1670.2644218999114,-0.9836371799999925,-0.0200440600000066,0.0250953200000025,-5.50907309999998,-8.04370667999997,0.4478049800000023,-13.424629439999904,38.30747547999987,67.11715396000002,100.0,32.6311718,87.70789479998047,2.123145199999524,1.6985163799996192,1.6985163799996192,4.670919839998952,1684.2583610399154,-1.002434460000002,0.1503655599999964,-0.0237435599999972,2.860564860000028,1.6727437399999914,4.042390320000018,-7.0,30.007862220000003,36.62581438000015,100.0,33.05243754000001,134.7136501400325,3.707714960000895,3.089762420000746,2.4718102600005967,7.41543054000179,1828.4138950799263,1000,X1.9248 Y1.468
16:30:02.383,5,1003,1.94594,1.54071,-0.125,96.98812,56.0193,-29.1675,,558.8,0,0,,2,1,"{""sr"":{""mpox"":96.98812,""mpoy"":56.0193,""mpoz"":-29.1675,""mpoa"":0,""posx"":1.94594,""posy"":1.54071,""posz"":-0.125,""posa"":0,""unit"":0,""stat"":5,""coor"":2,""momo"":1,""dist"":0,""home"":1,""mots"":1,""plan"":0,""line"":1003,""path"":2,""frmo"":2,""prbe"":1,""safe"":0,""estp"":0,""spc"":1,""hold"":0,""macs"":5,""cycs"":1,""sps"":12000,""feed"":558.8,""mark"":153225072}}",5.066289210938116,0.1998232208719506,0.2043109882212214,0.1883266346601575,5.066289210938116,0.1998232208719506,0.2043109882212214,0.1883266346601575,-0.916748120000002,0.4170246399999667,0.0225291999999974,3.113,1.6671460000001046,1.2298211600000064,11.0,1.723082420000536,9.409219079998822,100.0,40.261446500000005,147.12596759998158,167.65517215997895,118.89831121998508,90.67065397998864,333.59957719995816,2031.654819659944,-1.0003477800000002,-0.0122702800000011,0.0306937399999957,0.64261775999994,1.7308334800000258,4.932741539999995,10.0,-16.0,26.869770879999898,100.0,33.76,168.7966234799806,90.5141318599896,81.54426273999063,97.03767209998884,260.94164039997,1515.8798931799774,-0.9835730799999994,0.0331782799999992,0.0076178200000026,-1.775350439999984,-0.9305548400000048,0.9843568600000056,-32.060302200000045,37.0,-38.93969779999996,100.0,34.43,69.67644932000233,48.09922630000161,45.85159826000154,46.75064962000157,144.29767818000482,1737.1825036599982,-1.01625838,-0.0806998000000012,0.0256325199999972,5.472378519999983,1.8131296599999844,1.9105068599999973,-3.3708540600000383,16.62914593999996,-94.62914593999996,100.0,32.36213146,121.42068977999152,75.49753575999537,88.08045869999461,42.736836739997344,186.18215469998856,1753.7697699999944,-1.0322770399999923,-0.0273897600000068,0.0165789800000006,-5.3685355599999465,-7.9936562800000495,0.4509069399999893,-13.277766340000069,37.72223365999994,67.41819295999984,100.0,32.64026278,150.94682419998597,3.611168159999664,2.8889344999997317,2.8889344999997317,8.666803499999194,1941.683424039971,-1.009060000000003,0.1878082999999991,-0.0153602399999988,2.9632854399999804,1.7610816599999937,4.027862799999999,-6.134953080000095,30.08098126000005,35.91904205999994,100.0,33.06849336,32.50971690002298,0.7422307000005247,0.7422307000005247,0.5937845600004197,1.781354400001259,1539.5752370600123,1003,X1.9462 Y1.5421
16:30:02.640,5,1009,1.94403,1.63514,-0.125,96.93947,58.4179,-29.1675,,558.8,0,0,,2,1,"{""sr"":{""mpox"":96.93947,""mpoy"":58.4179,""mpoz"":-29.1675,""mpoa"":0,""posx"":1.94403,""posy"":1.63514,""posz"":-0.125,""posa"":0,""unit"":0,""stat"":5,""coor"":2,""momo"":1,""dist"":0,""home"":1,""mots"":1,""plan"":0,""line"":1009,""path"":2,""frmo"":2,""prbe"":1,""safe"":0,""estp"":0,""spc"":1,""hold"":0,""macs"":5,""cycs"":1,""sps"":12000,""feed"":558.8,""mark"":153225072}}",5.2733904155988105,0.2083135556177404,0.2059491210465434,0.2108310363803993,5.2733904155988105,0.2083135556177404,0.2059491210465434,0.2108310363803993,-0.984159880000002,0.1688169199999771,-0.01511432,3.645116800000212,2.2102468400001745,1.22137008,12.60047808000034,15.596727960000342,3.531140119999383,100.0,40.2700226,45.95741115998888,54.91601163998671,39.2257225199905,29.69947555999281,109.27165499997352,1943.8198926799853,-0.9997936000000004,0.0014275199999997,0.0261518399999976,0.1206513999999789,1.920068040000034,4.890527840000011,10.737767400000063,-16.0,27.0,100.0,33.76,60.34896231998842,34.09664819999338,30.97993343999397,36.81629623999284,99.17322911998076,1594.0738970800242,-0.99251816,0.0520719200000003,-0.043207800000002,-1.834179519999997,-0.94453136000001,0.865093160000006,-32.58583511999996,36.58583511999996,-39.29461748000007,100.0,34.43,87.21713580000215,57.10717784000108,54.43861788000103,55.50604172000105,171.4410802000032,1653.0242985200266,-1.0068067599999997,-0.0656009199999995,0.0097176799999998,5.445644240000007,1.6706503999999882,2.075,-3.0,16.512081919999954,-94.51208191999996,100.0,32.37306616,53.51963071999694,50.5697293999971,58.99801779999662,28.65618035999836,124.73866563999285,2067.4098463200257,-0.9739871999999964,-0.0215543200000046,0.0072589999999985,-5.087451399999988,-8.177710639999994,0.3433127599999934,-13.638208600000045,37.63820860000004,67.05325683999999,100.0,32.63415072,75.25264655999118,1.808957999999788,1.4471658799998302,1.4471658799998302,4.341498639999491,2265.406189000032,-1.0326160000000002,0.1766934399999998,-0.0237925200000002,2.859976199999988,1.58742952,3.950032480000004,-6.0,30.00352184,37.28871991999993,100.0,33.06003528,155.8233246400145,3.5740100400003327,3.5740100400003327,2.8592081200002664,8.5741025200008,1957.2148042400556,1009,X1.9439 Y1.6366
16:30:02.898,5,1015,1.91627,1.72554,-0.125,96.23448,60.71395,-29.1675,,558.8,0,0,,2,1,"{""sr"":{""mpox"":96.23448,""mpoy"":60.71395,""mpoz"":-29.1675,""mpoa"":0,""posx"":1.91627,""posy"":1.72554,""posz"":-0.125,""posa"":0,""unit"":0,""stat"":5,""coor"":2,""momo"":1,""dist"":0,""home"":1,""mots"":1,""plan"":0,""line"":1015,""path"":2,""frmo"":2,""prbe"":1,""safe"":0,""estp"":0,""spc"":1,""hold"":0,""macs"":5,""cycs"":1,""sps"":12000,""feed"":558.8,""mark"":153225072}}",5.296172602890583,0.2035822485760076,0.205686511253014,0.2095710213508554,5.296172602890583,0.2035822485760076,0.205686511253014,0.2095710213508554,-0.9821177600000124,0.4089004000000378,0.0250097200000092,0.5350184399997515,0.827869679999992,1.228081439999983,11.440449440000137,4.765568560000543,21.79021175999932,100.0,40.2755804,90.525791599978,108.96607667997354,77.67271723998114,59.23243215998561,217.93064559994707,1563.054470959997,-1.0103359599999984,-0.0081555599999997,0.0039755199999976,0.2873791200000701,1.7777936399999053,4.939367680000001,10.0,-15.587652239999873,26.48829104000011,100.0,33.75962032,134.12205151997105,61.56422059998672,55.51773427998802,66.51134515998565,179.74553611996123,1402.6669907599862,-0.9938221999999992,0.0382629200000007,-0.0042524000000015,-1.8184573599999987,-0.9574834400000048,0.925600279999987,-32.31993919999992,37.0,-39.491480320000015,100.0,34.43868656,86.99198744000344,52.58837692000208,50.622455760002005,51.605415840002046,158.7480902800063,1711.6470812800364,-1.0057518399999998,-0.0727442799999996,0.0353492000000012,5.426083120000011,1.9238149599999772,2.05449032,-3.619610480000093,16.619610480000095,-94.61961048000008,100.0,32.35380408,52.14174731999279,63.835781039994096,73.61365843999313,36.165398679996684,156.52780307998557,1613.7849732800423,-1.0147513999999878,-0.0441519600000088,0.026649639999999,-5.207867559999994,-8.323261439999968,0.2262252800000099,-14.0,37.0,66.54352104000012,100.0,32.62247632,113.27822303998204,2.695134839999572,2.1561083599996573,2.1561083599996573,6.468324639998973,1403.11224052004,-1.0556244800000043,0.1740954799999897,-0.0131416399999997,2.7946451200000326,1.8024320399999916,3.90686592,-5.0,30.552959119999866,38.43994500000014,100.0,33.04560028,96.347908360029,2.1997241200006625,1.75977912000053,1.75977912000053,4.839392800001457,1348.8715120800364,1015,X1.9073 Y1.7448
16:30:03.155,5,1019,1.86788,1.80681,-0.125,95.00531,62.77811,-29.1675,,558.8,0,0,,2,1,"{""sr"":{""mpox"":95.00531,""mpoy"":62.77811,""mpoz"":-29.1675,""mpoa"":0,""posx"":1.86788,""posy"":1.80681,""posz"":-0.125,""posa"":0,""unit"":0,""stat"":5,""coor"":2,""momo"":1,""dist"":0,""home"":1,""mots"":1,""plan"":0,""line"":1019,""path"":2,""frmo"":2,""prbe"":1,""safe"":0,""estp"":0,""spc"":1,""hold"":0,""macs"":5,""cycs"":1,""sps"":12000,""feed"":558.8,""mark"":153225072}}",5.318396391029229,0.1965438562020592,0.1946391756176298,0.2044668013361477,5.318396391029229,0.1965438562020592,0.1946391756176298,0.2044668013361477,-0.9265604999999996,0.3397576599999886,-0.0047781600000006,4.927870019999989,2.0256889399999616,1.0895544600000049,10.841786380000078,18.37387584000032,6.494831819999761,100.0,40.24996636,93.5427315199936,112.5977323199923,80.26197343999452,61.20697221999582,225.77288907998457,1897.1590078600093,-1.0058295999999995,-0.0105340800000008,-0.0002328399999998,0.5616931600000008,1.8148147799999887,4.790674600000003,10.0,-15.027838860000005,25.889427000000072,100.0,33.75972154,100.01020181999372,64.88945741999606,58.628194059996446,70.01230933999577,190.0312096599885,1395.9593047399792,-0.98943138,0.0381905799999999,0.0027191600000002,-1.7866459399999983,-1.007544200000002,0.9784180399999992,-31.750360460000017,37.0,-38.47747784000004,100.0,34.442496320000004,82.15555144000143,52.25652136000059,51.04102494000056,51.52940340000056,158.97271804000178,1197.617603079995,-1.00264906,-0.0616430400000005,0.0398805999999996,5.417942079999997,1.77100724,1.9208476400000007,-3.284647860000027,16.284647860000028,-95.18825814,100.0,32.341882680000005,22.13793431999941,65.88670853999824,75.37439469999799,37.95074463999899,162.34485055999568,1281.844932999996,-0.9642385400000004,0.0298700200000003,0.0117146400000006,-5.216216739999978,-8.14469802,0.3792141799999999,-13.341278140000032,36.88947752000001,67.0,100.0,32.63889452,114.57370999999482,3.289197539999852,2.192798359999901,2.192798359999901,6.578395079999703,1410.0723740199935,-1.0055529200000015,0.1500953799999967,-0.0118885199999998,2.824815720000007,1.709,3.957515420000005,-5.0,30.58663725999996,37.58663725999996,100.0,33.05413364,92.88757088000848,2.111283300000193,1.6890268400001542,1.6890268400001542,4.644823480000424,1437.2191999399902,1019,X1.8662 Y1.8092
16:30:03.412,5,1023,1.80046,1.87244,-0.125,93.29284,64.44531,-29.1675,,558.8,0,0,,2,1,"{""sr"":{""mpox"":93.29284,""mpoy"":64.44531,""mpoz"":-29.1675,""mpoa"":0,""posx"":1.80046,""posy"":1.87244,""posz"":-0.125,""posa"":0,""unit"":0,""stat"":5,""coor"":2,""momo"":1,""dist"":0,""home"":1,""mots"":1,""plan"":0,""line"":1023,""path"":2,""frmo"":2,""prbe"":1,""safe"":0,""estp"":0,""spc"":1,""hold"":0,""macs"":5,""cycs"":1,""sps"":12000,""feed"":558.8,""mark"":153225072}}",5.312682851215543,0.209418441815391,0.2139012446237747,0.2063262356432381,5.312682851215543,0.209418441815391,0.2139012446237747,0.2063262356432381,-0.9417401199999936,0.2606006400000003,-0.0184461200000018,2.7630192399998923,0.9566808799999752,1.196665520000021,12.119141359999729,1.7202144400000676,25.321287960000408,100.0,40.25720228,45.8847999599889,54.55814643998679,38.890166239990585,29.657249079992823,109.39607871997352,1988.7860284400333,-1.0097393600000009,-0.0125279999999998,0.0082381200000023,0.2086326399999828,1.9463326400000016,4.83080436000001,10.0,-15.0,26.0,100.0,33.76981772,37.14129959999289,35.903256319993126,32.49863703999378,38.688853879992585,104.9241712399799,1419.9995481599924,-0.98684748,0.0331781199999996,-0.0054698000000004,-1.6902997200000132,-0.910171560000012,0.9814557600000094,-32.0,36.84011216000004,-38.85099991999993,100.0,34.458401200000004,75.96501588000137,56.30973240000103,56.30973240000103,56.84095592000104,174.77265912000317,1526.161620159995,-0.99858804,-0.0709114000000003,0.024635239999999,5.422455999999997,1.6216071599999915,2.004455999999997,-3.0,17.0,-94.0,100.0,32.35421744,17.58262703999981,54.87394835999695,60.967870159996565,32.098245279998245,134.2106891999925,1639.5954989999884,-1.031378039999999,-0.0499599600000009,0.0329694400000005,-5.162362359999991,-8.244990439999976,0.3439636800000026,-13.63874672000004,35.63874672000004,67.27749344000009,100.0,32.628652880000004,76.58570495999099,2.1675196799997454,1.4450131199998304,1.4450131199998304,4.335040079999491,1539.2234231199816,-1.0126034000000013,0.1210046399999978,0.0018621200000011,2.947891639999996,1.7857301999999955,3.96646,-5.2844465599999335,30.275590559999934,38.284446559999935,100.0,33.05706684,155.99070740001446,3.577768360000332,2.862214920000265,2.146660760000199,7.871090880000731,1479.2368368399812,1023,X1.7677 Y1.8954
16:30:03.670,5,1027,1.71924,1.91928,-0.125,91.22986,65.63501,-29.1675,,558.8,0,0,,2,1,"{""sr"":{""mpox"":91.22986,""mpoy"":65.63501,""mpoz"":-29.1675,""mpoa"":0,""posx"":1.71924,""posy"":1.91928,""posz"":-0.125,""posa"":0,""unit"":0,""stat"":5,""coor"":2,""momo"":1,""dist"":0,""home"":1,""mots"":1,""plan"":0,""line"":1027,""path"":2,""frmo"":2,""prbe"":1,""safe"":0,""estp"":0,""spc"":1,""hold"":0,""macs"":5,""cycs"":1,""sps"":12000,""feed"":558.8,""mark"":153225072}}",5.17471270357003,0.1988215587083084,0.2009525482095943,0.1962318951416052,5.17471270357003,0.1988215587083084,0.2009525482095943,0.1962318951416052,-0.993652600000002,0.0868004399999988,0.0139722400000005,2.0976861999999903,1.9039128800000011,1.3738685599999974,10.00298056,8.349640640000034,12.28728771999993,100.0,40.2500024,147.37897443999813,171.0648805199978,121.93855603999845,92.9891147599988,342.1297620399956,2667.7767204799948,-1.003103,-0.0244274399999998,0.0023298000000003,0.4752900799999954,1.6906320000000026,4.842035880000001,1.7262294400001077,-2.7535759200001704,4.644038000000285,100.0,33.76172624,199.2032076399976,99.44804807999884,89.41882719999894,107.79734023999872,289.9948513199966,1814.353136439997,-0.98850624,0.0459682399999998,-0.0177215999999999,-1.7321189600000015,-0.9834792799999998,0.8694198400000006,-32.0,37.0,-39.242604240000006,100.0,34.45174388,66.61765468000027,46.098257920000165,48.19633604000016,48.64322924000017,148.74744232000052,2100.713827159999,-1.0233987599999996,-0.0804012399999998,0.0197442399999998,5.306802759999998,1.6555405600000026,1.9264678399999997,-3.0,16.0,-94.83754412,100.0,32.34201252,6.998738519999955,85.89360911999945,93.5285966399994,51.53616551999967,208.05340971999868,2045.3647737199988,-0.9886606399999998,-0.0027865600000004,-0.0128570799999997,-5.441263799999994,-8.113153400000003,0.4335002799999982,-13.566844159999995,36.0,66.26531784000001,100.0,32.64734708,155.75258531999853,4.408092199999957,3.6734100399999647,2.938727879999972,8.816184519999915,2464.906031319997,-1.0448690399999998,0.1434551199999997,-0.01599764,2.846630959999998,1.7614046799999994,3.96631712,-5.118503360000012,30.98879848,38.87029511999999,100.0,33.040111759999995,28.512686320002437,0.6485251600000558,0.5188194000000442,0.3891146400000335,1.2970495600001108,1941.2146266000016,1027,X1.7093 Y1.9239
16:30:03.927,5,1033,1.62839,1.94481,-0.125,88.92233,66.28342,-29.1675,,558.8,0,0,,2,1,"{""sr"":{""mpox"":88.92233,""mpoy"":66.28342,""mpoz"":-29.1675,""mpoa"":0,""posx"":1.62839,""posy"":1.94481,""posz"":-0.125,""posa"":0,""unit"":0,""stat"":5,""coor"":2,""momo"":1,""dist"":0,""home"":1,""mots"":1,""plan"":0,""line"":1033,""path"":2,""frmo"":2,""prbe"":1,""safe"":0,""estp"":0,""spc"":1,""hold"":0,""macs"":5,""cycs"":1,""sps"":12000,""feed"":558.8,""mark"":153225072}}",5.31956727375564,0.2021489819406431,0.2071480295618029,0.2107268631118225,5.31956727375564,0.2021489819406431,0.2071480295618029,0.2107268631118225,-1.079871459999983,0.3880160600000207,0.0191817999999966,4.537664299999582,1.390939480000198,1.2196737599999945,9.000351800000002,-7.84508445999936,10.933356619999724,100.0,40.25022078,3.476169760014347,4.263226500017596,3.038915260012542,2.3174465000095648,8.526452980035192,2946.050204340066,-1.0077033799999997,-0.0258138799999982,0.0139441000000018,0.3761775999999938,2.0323947999999987,4.887902640000005,10.0,-15.0,25.06180664,100.0,33.76938162,12.483755140016331,9.725154720009522,8.698870640008584,10.467079780010314,28.347059300027954,1780.0224706600118,-0.9863806600000012,0.0462408800000004,-0.0245186399999983,-1.8083842799999776,-1.044198759999989,0.8802536799999985,-32.0,36.99139639999997,-39.13617609999997,100.0,34.46,89.0607592999974,56.800194359998684,60.78541379999863,62.48967745999859,189.7413855599957,1982.3248832199936,-1.009875359999999,-0.065284659999999,-0.0183648799999978,5.433034160000017,2.1123625599999647,2.054691999999998,-1.018195980000184,5.430379540000981,-32.242879560005825,100.0,32.35654136,15.980025180001528,47.60715746000455,49.93757724000477,28.63087830000274,112.85892568001078,2221.873879060019,-0.9559334999999992,-0.0849718799999931,0.0309779399999965,-5.479889899999991,-8.275436080000008,0.3422989599999941,-13.803855719999945,35.99624567999998,67.0,100.0,32.6460775,41.38651946001206,1.176867620000343,0.7845790600002287,0.7845790600002287,2.3537362000006863,2415.6963734400065,-1.0961529399999954,0.1608135799999995,-0.0161134400000002,2.869077400000001,1.7090387000000002,3.9691875000000056,-5.96382019999991,30.963820199999912,39.035545360000086,100.0,33.04964148,211.14635343998077,4.820686139999561,3.856548719999648,2.892411299999736,9.64137129999912,1877.9017380400587,1033,X1.5789 Y1.9492
16:30:04.185,5,1035,1.53431,1.94597,-0.125,86.53255,66.31294,-29.1675,,558.8,0,0,,2,1,"{""sr"":{""mpox"":86.53255,""mpoy"":66.31294,""mpoz"":-29.1675,""mpoa"":0,""posx"":1.53431,""posy"":1.94597,""posz"":-0.125,""posa"":0,""unit"":0,""stat"":5,""coor"":2,""momo"":1,""dist"":0,""home"":1,""mots"":1,""plan"":0,""line"":1035,""path"":2,""frmo"":2,""prbe"":1,""safe"":0,""estp"":0,""spc"":1,""hold"":0,""macs"":5,""cycs"":1,""sps"":12000,""feed"":558.8,""mark"":153225072}}",5.19441317637339,0.1961035711386919,0.1953307282069188,0.2045527752751862,5.19441317637339,0.1961035711386919,0.1953307282069188,0.2045527752751862,-1.0158453600000008,0.3819052000000028,0.0410247799999996,0.3966452800000393,2.1681665200000166,1.270771020000002,11.184084819999963,-1.8159151800000335,15.895491080000204,100.0,40.26815896,136.25782660000564,159.91936582000665,114.22811856000476,86.48700344000359,318.2069006400132,1888.24190317998,-1.0058781599999993,-0.0069537200000001,-0.0042103200000026,0.4887039799999976,1.7012304800000044,4.909854199999996,10.0,-15.779882980000028,25.779882980000032,100.0,33.7772772,146.61795730000557,95.92557852000364,85.78710260000327,103.72440632000396,279.9779084000107,1403.257966739999,-0.98486416,0.0462262399999999,-0.003845099999999,-1.7297703399999895,-0.8646452799999997,0.9722942600000009,-31.544224060000005,37.0,-39.610063659999966,100.0,34.46532928,68.82222045999927,44.21030079999954,48.76806337999949,50.59116831999947,153.59661135999838,1500.4154320199948,-0.9935665599999992,-0.0744835799999997,0.0310332799999993,5.39467834,1.85112838,2.077994260000004,-3.553639400000023,16.553639400000023,-93.89272201999997,100.0,32.36214574,33.47482332000044,90.66805674000176,93.66903836000184,55.12339748000107,212.4815318200041,1559.5049841799912,-0.9862001400000004,-0.0422335399999992,-0.0069163400000002,-5.18597662,-7.998313239999994,0.4675703200000017,-13.033169859999994,35.69825054000002,66.03316985999999,100.0,32.63429626,149.3261051600046,3.491252880000107,2.7930023400000854,2.7930023400000854,8.379006020000256,1566.9081278199944,-1.0457580999999994,0.1111926199999997,0.0055754400000007,2.784758380000004,1.735275760000006,3.9321371600000057,-5.0,30.19277723999997,39.80722276000003,100.0,33.02192792,41.91124645999271,0.9525280399998344,0.7620227599998675,0.5715166599999005,1.9050567199996689,1456.6555129599838,1035,X1.5132 Y1.9441
16:30:04.442,5,1040,1.44229,1.92477,-0.125,84.19532,65.77447,-29.1675,,558.8,0,0,,2,1,"{""sr"":{""mpox"":84.19532,""mpoy"":65.77447,""mpoz"":-29.1675,""mpoa"":0,""posx"":1.44229,""posy"":1.92477,""posz"":-0.125,""posa"":0,""unit"":0,""stat"":5,""coor"":2,""momo"":1,""dist"":0,""home"":1,""mots"":1,""plan"":0,""line"":1040,""path"":2,""frmo"":2,""prbe"":1,""safe"":0,""estp"":0,""spc"":1,""hold"":0,""macs"":5,""cycs"":1,""sps"":12000,""feed"":558.8,""mark"":153225072}}",5.236111487234737,0.2113056648862259,0.2087802630747118,0.2122057937183691,5.236111487234737,0.2113056648862259,0.2087802630747118,0.2122057937183691,-0.8633308400000033,0.2616285599999939,0.0104776400000002,1.0608035600000087,0.4373022000000396,1.28194356,8.637888600000068,-6.196040359999489,3.114148679999692,100.0,40.2668,53.59841364000566,61.95950176000654,44.30174040000468,34.02725132000359,124.55469176001316,2396.424116719985,-1.0048611999999997,-0.0133486000000005,0.0136281199999986,0.5261713999999927,1.6836000800000095,4.962228480000002,10.343559640000027,-15.0,26.0,100.0,33.78044744,72.01698980000651,42.9449525200037,38.43394512000332,46.335816480004,124.66740980001074,1535.4643303199844,-0.99479504,0.0470298399999998,-0.0030401200000001,-1.7711109199999977,-0.9553988799999948,0.9533115200000012,-32.0,37.0,-39.189599920000006,100.0,34.4747402,76.67958715999934,49.83015871999952,55.75355003999949,59.43538827999946,179.1074337599984,1893.951585239986,-1.00303188,-0.0813358400000004,0.0246199600000003,5.273091800000014,1.6615004799999904,1.964069120000004,-4.0,15.922483919999957,-94.18145624000006,100.0,32.34077512,28.263167800000783,67.39678392000187,68.26642068000189,40.872888640001136,155.66483104000432,2001.089239839991,-1.02047444,-0.0096270399999991,0.0322224799999998,-5.494935399999999,-7.868642719999998,0.4336705600000035,-13.059656320000007,36.0,66.28832652000008,100.0,32.62508984,83.38963392000454,1.9483562400001064,1.558684720000085,1.558684720000085,4.676054520000255,2560.421272239978,-1.0155249600000011,0.1342751599999994,0.0004421599999993,2.706287760000002,1.791422879999996,3.9064992,-5.0,30.9959072,38.0040928,100.0,33.04004096,147.9563966399927,3.378000079999834,2.702400119999867,2.0267998399999003,6.755999479999668,2136.7619488799924,1040,X1.4403 Y1.9239
16:30:04.700,5,1045,1.35915,1.87948,-0.125,82.08367,64.62414,-29.1675,,558.8,0,0,,2,1,"{""sr"":{""mpox"":82.08367,""mpoy"":64.62414,""mpoz"":-29.1675,""mpoa"":0,""posx"":1.35915,""posy"":1.87948,""posz"":-0.125,""posa"":0,""unit"":0,""stat"":5,""coor"":2,""momo"":1,""dist"":0,""home"":1,""mots"":1,""plan"":0,""line"":1045,""path"":2,""frmo"":2,""prbe"":1,""safe"":0,""estp"":0,""spc"":1,""hold"":0,""macs"":5,""cycs"":1,""sps"":12000,""feed"":558.8,""mark"":153225072}}",5.247437118166128,0.2040382797085417,0.2120386864323418,0.2117234945249671,5.247437118166128,0.2040382797085417,0.2120386864323418,0.2117234945249671,-0.96764680000002,0.251371599999999,-0.019328719999992,3.7157253200001046,1.1316071200000053,1.042692680000022,8.48161875999991,-6.52263452000009,3.7058965199985496,100.0,40.265175240000005,88.26180444001538,100.21179948001746,71.6540326800125,55.03860488000959,201.4620630800351,2393.937871439929,-1.0059944399999985,-0.0143234400000026,-0.0226118000000011,0.3319482399999761,1.8667827600000149,4.855573760000005,10.0,-15.0,25.0,100.0,33.78481908,95.33114852001464,65.28111284001001,58.027655960008914,69.94404948001075,189.107985480029,2862.2591488400526,-0.9942017200000006,0.0451690400000001,-0.0160201599999983,-1.8124587199999935,-0.9531228799999912,0.8853578800000024,-32.20577407999996,36.79422592000004,-40.0,100.0,34.47205776,68.23344619999824,45.82100059999882,52.295707239998656,56.77819655999853,171.82875127999557,2258.5394626399734,-1.0152197999999997,-0.0839897199999992,0.0406394399999995,5.2679167999999965,1.7605416000000018,2.014755440000004,-3.1550543999999707,16.64886219999994,-94.84494560000005,100.0,32.344938039999995,38.17434456000108,80.13342592000502,80.63961812000507,48.24331536000302,184.21294064001157,2120.853405359982,-0.978419199999996,-0.0439175999999961,0.0042522800000007,-5.308671240000022,-8.33493399999999,0.4228642800000079,-13.39769547999996,36.488497079999945,66.48849707999995,100.0,32.63113812,107.83628044001192,2.557513560000282,2.0460106400002256,2.0460106400002256,5.62653052000062,2105.5441007600034,-1.0288301200000043,0.0803012800000014,0.0077680399999989,2.836052639999984,1.8295484800000004,4.025884759999989,-5.521305200000088,30.99206896,38.51337416000009,100.0,33.04444024,102.919430239981,2.3934749999995586,1.914780199999647,1.4360853999997352,5.265645279999029,1756.8157221599429,1045,X1.3406 Y1.8665
16:30:04.957,5,1048,1.28899,1.81665,-0.125,80.30139,63.02824,-29.1675,,558.8,0,0,,2,1,"{""sr"":{""mpox"":80.30139,""mpoy"":63.02824,""mpoz"":-29.1675,""mpoa"":0,""posx"":1.28899,""posy"":1.81665,""posz"":-0.125,""posa"":0,""unit"":0,""stat"":5,""coor"":2,""momo"":1,""dist"":0,""home"":1,""mots"":1,""plan"":0,""line"":1048,""path"":2,""frmo"":2,""prbe"":1,""safe"":0,""estp"":0,""spc"":1,""hold"":0,""macs"":5,""cycs"":1,""sps"":12000,""feed"":558.8,""mark"":153225072}}",5.297214915758806,0.1998857457988426,0.2129225224631954,0.2068230869942099,5.297214915758806,0.1998857457988426,0.2129225224631954,0.2068230869942099,-0.9816189999999976,0.3397890600000082,-0.0046001599999995,2.9983975799999865,1.2956230999999685,1.09952018,1.9194541600001127,-0.7473275400000458,-2.678145060000158,100.0,40.24997148,98.85019061999638,119.85585623999562,85.25828913999686,65.48825131999762,240.32952599999123,2385.3095605600165,-0.9986897200000002,-0.0137881399999997,0.0006490199999996,0.5783156599999983,1.5066420999999992,4.944,10.0,-15.0,25.60688407999998,100.0,33.79,109.79621093999636,76.46742233999748,67.97104187999777,81.95463975999732,221.51277087999276,1225.000715119995,-0.9867325400000002,0.0422489600000001,0.0012994399999999,-1.6298238599999992,-0.8667634800000001,0.9789942599999996,-32.51634695999999,37.0,-39.96730608000001,100.0,34.48266724,69.84912362000071,43.52877096000029,50.03321136000034,55.62009662000037,167.6106454400011,1598.3608943199974,-1.01104106,-0.0713437399999999,0.0283575199999999,5.3103590400000025,1.6883066400000022,2.0054350800000016,-3.456057000000008,16.257234160000017,-93.94158867999998,100.0,32.33801166,76.69592541999886,87.5747801399987,87.5747801399987,52.76244535999922,201.258811339997,1685.4894267199968,-0.9448615999999996,-0.0540710199999984,0.0201301000000005,-5.3373245599999946,-8.03616718,0.504218679999998,-13.233132399999992,37.45809176,67.80779035999998,100.0,32.63691212,121.82749261999696,2.873290039999929,2.298632079999943,2.298632079999943,6.321237659999843,1676.176948759997,-0.9916857199999995,0.0943290599999992,-0.00522964,2.800645660000007,1.8285311599999887,4.028,-5.00981646,30.37392380000002,37.616259739999975,100.0,33.04393574,84.01949782000482,1.9187016800001095,1.534961420000088,1.5251449600000884,4.221144000000242,1611.1575935799942,1048,X1.2832 Y1.809
16:30:05.214,5,1053,1.23883,1.73735,-0.125,79.0274,61.01401,-29.1675,,558.8,0,0,,2,1,"{""sr"":{""mpox"":79.0274,""mpoy"":61.01401,""mpoz"":-29.1675,""mpoa"":0,""posx"":1.23883,""posy"":1.73735,""posz"":-0.125,""posa"":0,""unit"":0,""stat"":5,""coor"":2,""momo"":1,""dist"":0,""home"":1,""mots"":1,""plan"":0,""line"":1053,""path"":2,""frmo"":2,""prbe"":1,""safe"":0,""estp"":0,""spc"":1,""hold"":0,""macs"":5,""cycs"":1,""sps"":12000,""feed"":558.8,""mark"":153225072}}",5.322237819791564,0.2086535201174931,0.2118720087267286,0.2039501866657113,5.322237819791564,0.2086535201174931,0.2118720087267286,0.2039501866657113,-0.9821203600000006,0.2408022400000047,-0.029681480000003,3.5398201200001376,1.1177384399999506,1.2063612400000028,12.0,-1.800098640000226,6.840176400000407,100.0,40.25,39.59675935999255,46.55618963999124,33.11728931999376,25.43791791999521,93.5923402799824,2102.558645159997,-1.0021188,-0.0098849200000003,-0.0143571600000004,0.3601465199999918,2.023194159999981,4.883,10.0,-15.016960799999996,26.27308063999996,100.0,33.78983032,61.71616867999112,34.40812911999505,30.5850041999956,36.86585311999469,99.12818231998575,1570.3668998800028,-0.98957676,0.0433665599999997,-0.0112566400000009,-1.7404983999999857,-1.0342365600000023,0.891012039999998,-32.0,37.32587812000002,-39.32587812000002,100.0,34.48348224,71.48422356000086,47.83530804000057,55.35996272000066,61.80966716000073,185.9664769600022,1708.804110959993,-0.99856912,-0.0655771200000002,-0.0123248000000005,5.2680434,1.723221559999997,1.967221559999997,-4.0,16.245046800000015,-94.65609148,100.0,32.33754976,69.2057694799974,66.58930587999728,66.58930587999728,39.87137463999837,152.90877711999377,1914.658271560006,-1.0043618399999998,-0.0555160000000019,0.0123989999999996,-5.003948479999977,-8.176095720000014,0.3775690399999862,-14.0,37.14204248000001,66.85795751999999,100.0,32.64573868,70.58808567999401,1.7015950799998547,1.3612761199998835,1.3612761199998835,3.74350963999968,1746.3603061600045,-0.9803343199999996,0.1661228800000009,-0.0052722400000001,2.9000187600000054,1.7561619200000027,4.013009760000003,-6.0,30.236297519999955,36.23629751999995,100.0,33.040189240000004,164.42711212000967,3.771264240000221,3.0170108400001765,3.0170108400001765,8.296781120000485,1567.5918201200036,1053,X1.2259 Y1.7096
16:30:05.472,5,1056,1.20795,1.64762,-0.125,78.24317,58.73472,-29.1675,,558.8,0,0,,2,1,"{""sr"":{""mpox"":78.24317,""mpoy"":58.73472,""mpoz"":-29.1675,""mpoa"":0,""posx"":1.20795,""posy"":1.64762,""posz"":-0.125,""posa"":0,""unit"":0,""stat"":5,""coor"":2,""momo"":1,""dist"":0,""home"":1,""mots"":1,""plan"":0,""line"":1056,""path"":2,""frmo"":2,""prbe"":1,""safe"":0,""estp"":0,""spc"":1,""hold"":0,""macs"":5,""cycs"":1,""sps"":12000,""feed"":558.8,""mark"":153225072}}",5.299111840062882,0.1944154520543288,0.1934480837373279,0.2018919143434557,5.299111840062882,0.1944154520543288,0.1934480837373279,0.2018919143434557,-0.8862037600000029,0.3830535999999864,-0.0098183200000008,0.0650848400001834,2.0414931599999084,0.9970870800000192,8.159150960000158,12.767867239999765,-7.754679959999764,100.0,40.26916008,152.4256303199869,178.13597755998467,126.7152830799891,97.33202911999162,357.1901817999693,1866.390089079994,-0.9954498399999993,-0.0128596000000004,0.0143637599999978,0.3945426799999827,1.4644660000000338,4.995989639999995,10.131684480000068,-14.994657359999994,25.14236976000008,100.0,33.7713704,203.13240267998373,108.54478123999134,96.38302183999232,115.49130563999078,310.8676385999752,1551.2801949999891,-0.9853915600000004,0.0398185600000008,-0.0077608400000015,-1.8610835999999973,-0.9591162000000008,0.8454379600000091,-13.856094480000424,16.474842240000445,-19.00264308000037,100.0,34.48555984,60.06804872000287,39.51929180000096,45.73580972000111,51.06425400000124,153.63679840000373,1756.387064560008,-1.0026854799999996,-0.0741783599999997,0.0485241599999997,5.265555840000016,1.6662012799999983,1.959397080000005,-3.054281520000054,16.0,-94.35265960000004,100.0,32.35298356,141.76762011999384,104.86919847999542,104.86919847999542,62.792050639997264,240.81075199998952,1752.602790919994,-0.9689379200000016,-0.0641312799999936,0.0210075199999991,-4.93580664000003,-8.643568359999973,0.2449938000000161,-12.827187200000017,37.82718720000001,66.71938248000009,100.0,32.632377840000004,156.24671211998978,3.810895679999752,3.048716559999801,3.048716559999801,8.383969559999453,1874.5758679199812,-1.0193982400000006,0.1901665999999994,-0.0211328800000002,2.9225143999999954,1.813919759999986,3.903890879999995,-6.0,30.90666755999992,36.17197708000016,100.0,33.04107996,20.17446500001665,0.4666612000003848,0.3733287600003076,0.3733287600003076,1.0266556800008455,1742.255675559989,1056,X1.2072 Y1.6448
16:30:05.729,5,1061,1.20208,1.55416,-0.125,78.09409,56.36089,-29.1675,,558.8,0,0,,2,1,"{""sr"":{""mpox"":78.09409,""mpoy"":56.36089,""mpoz"":-29.1675,""mpoa"":0,""posx"":1.20208,""posy"":1.55416,""posz"":-0.125,""posa"":0,""unit"":0,""stat"":5,""coor"":2,""momo"":1,""dist"":0,""home"":1,""mots"":1,""plan"":0,""line"":1061,""path"":2,""frmo"":2,""prbe"":1,""safe"":0,""estp"":0,""spc"":1,""hold"":0,""macs"":5,""cycs"":1,""sps"":12000,""feed"":558.8,""mark"":153225072}}",5.284488390717632,0.2044094173501825,0.2065148813609671,0.215560921909003,5.284488390717632,0.2044094173501825,0.2065148813609671,0.215560921909003,-0.99932548,0.1489925199999993,-0.0181936799999999,2.5871104799999967,1.2550445000000032,1.4574346599999992,8.062011600000007,1.813964259999983,12.689941059999972,100.0,40.23,10.479987660000958,11.968269820001094,8.557623360000782,6.511234920000596,24.0605637800022,2094.4667772199973,-1.00648934,-0.00831294,0.0287936799999999,0.7620930399999971,1.824188240000003,4.890618699999999,10.0624489,-14.881254239999995,25.818804399999998,100.0,33.78937584,21.645309700001043,14.66820538000061,13.00576204000054,15.618173280000647,41.86718888000174,1565.172537959997,-0.9883631,0.0376106199999999,-0.00674598,-1.744110840000001,-0.9360584200000004,0.8841547399999995,-32.536975,37.0,-40.389074060000006,100.0,34.5,78.87739441999985,51.20550665999993,58.52057903999992,64.1475576799999,193.5423466399997,1613.8478683400006,-1.00569288,-0.0800077999999999,0.0441713599999999,5.4260627,1.5330438800000008,2.048044939999999,-1.962390479999994,10.466084299999968,-61.507709279999816,100.0,32.34750182,56.72264014000033,55.33916076000032,55.68503056000032,33.20349702000019,127.28007044000074,1617.1534288600017,-1.0028760599999995,-0.0231376200000001,-0.0024698599999999,-4.605011860000002,-8.67724858,0.1576173399999997,-12.774787259999997,39.01144146,67.2366542,100.0,32.62484788,45.94347276000072,1.1260655800000177,0.900852840000014,0.900852840000014,2.2521311600000358,1698.5519544600002,-1.0461644200000002,0.0945368800000005,0.0021914399999999,2.7383816199999997,1.76990802,3.853802280000001,-6.928978339999994,30.071021660000003,36.070268000000006,100.0,33.05072506,200.6608806999988,4.644892519999972,3.7159141799999778,3.7159141799999778,11.147742599999932,1339.2416929600008,1061,X1.2057 Y1.5134
16:30:05.987,5,1064,1.21908,1.46083,-0.125,78.52576,53.99032,-29.1675,,558.8,0,0,,2,1,"{""sr"":{""mpox"":78.52576,""mpoy"":53.99032,""mpoz"":-29.1675,""mpoa"":0,""posx"":1.21908,""posy"":1.46083,""posz"":-0.125,""posa"":0,""unit"":0,""stat"":5,""coor"":2,""momo"":1,""dist"":0,""home"":1,""mots"":1,""plan"":0,""line"":1064,""path"":2,""frmo"":2,""prbe"":1,""safe"":0,""estp"":0,""spc"":1,""hold"":0,""macs"":5,""cycs"":1,""sps"":12000,""feed"":558.8,""mark"":153225072}}",5.2622479955716255,0.2024404131486618,0.2095749374165941,0.2069715197297067,5.2622479955716255,0.2024404131486618,0.2095749374165941,0.2069715197297067,-1.0104551399999977,0.6359037400000004,0.006621279999996,2.6493491799999505,1.8698927200001303,1.3713717400000316,10.438539419999852,18.46511214000052,11.069775499998968,100.0,40.23,142.8736478000135,150.6809509200142,107.74078354001016,81.97668320000774,302.1426320200285,3256.9743022198886,-1.004809759999999,-0.0205900200000023,-0.0086874200000055,0.2556325800000223,2.056582820000009,5.063563520000016,10.0,-15.0,24.945486579999997,100.0,33.7820548,124.32252084001072,90.2818305600078,79.18160556000683,95.46193548000824,256.0451912000221,1586.7885401199462,-0.98107798,0.0272027399999998,-0.0199910799999999,-1.8505689199999933,-0.8521191799999832,0.977,-32.0,37.0,-40.46103405999999,100.0,34.50906434,68.2330132999984,42.87615011999901,48.40855705999887,52.09682775999878,156.75151711999635,1800.4787683799784,-1.0011081599999998,-0.0681605200000001,0.0401272800000005,5.427461539999993,1.6609667999999955,1.9163567999999984,-3.070856499999976,16.929143500000023,-95.13056294000008,100.0,32.35399284,116.0818201600046,94.7704154200042,95.44198164000422,56.99656274000253,217.9158991600096,2174.57456545996,-0.9585065199999994,-0.0655481800000028,0.0163429199999997,-5.394906800000005,-8.179,0.1406284399999847,-12.958605460000014,39.32474235999995,68.63386310000006,100.0,32.6364948,137.7939430200094,3.376287760000231,2.7010301200001843,2.7010301200001843,6.752576080000461,2627.4821289399792,-0.9567717799999852,0.1349441000000069,-0.0064978199999985,2.901718320000009,1.9111318800000132,3.90622176,-7.773640000000071,30.22635999999993,36.00363726,100.0,33.05770016,49.12018275998443,1.1318012199996417,0.905441219999713,0.905441219999713,2.716323659999139,1904.500595939974,1064,X1.2204 Y1.4559
16:30:06.244,5,1071,1.25902,1.3755,-0.125,79.54032,51.82294,-29.1675,,558.8,0,0,,2,1,"{""sr"":{""mpox"":79.54032,""mpoy"":51.82294,""mpoz"":-29.1675,""mpoa"":0,""posx"":1.25902,""posy"":1.3755,""posz"":-0.125,""posa"":0,""unit"":0,""stat"":5,""coor"":2,""momo"":1,""dist"":0,""home"":1,""mots"":1,""plan"":0,""line"":1071,""path"":2,""frmo"":2,""prbe"":1,""safe"":0,""estp"":0,""spc"":1,""hold"":0,""macs"":5,""cycs"":1,""sps"":12000,""feed"":558.8,""mark"":153225072}}",5.328978906458753,0.2026518479147764,0.2042931620829667,0.2068382180623899,5.328978906458753,0.2026518479147764,0.2042931620829667,0.2068382180623899,-1.0210632399999986,0.2416453999999942,0.0363094799999985,-0.2190805200000432,1.0583150000000476,1.2262730000000062,9.724293440000068,7.361062720000033,25.45521375999976,100.0,40.25,59.39208088000556,70.6186322400066,50.3384098400047,38.38756440000358,140.87511772001315,2115.0584505199736,-1.0107885999999997,0.0028825999999991,0.0313137599999998,0.4433846399999903,1.8198224000000092,4.850413000000001,10.0,-15.0,25.0,100.0,33.79,86.64370732000688,45.31301600000353,39.98709384000311,47.97597676000375,128.66833064001003,1620.1666003999978,-0.9821364399999998,0.0419194399999999,-0.0186510799999999,-1.859191439999988,-1.035386079999993,0.9510402799999969,-31.845679879999985,36.88560011999998,-41.11439988000002,100.0,34.50634368,72.39543275999965,49.55053899999955,55.11578067999949,58.08122235999944,174.91794699999835,1719.2718823599998,-1.00344668,-0.0713345199999997,0.0081628799999991,5.176756600000005,1.619639279999997,2.0616870000000005,-3.566255360000023,16.433744639999976,-94.5506622,100.0,32.37566272,108.29048300000292,68.29939160000183,69.64740628000186,41.33910544000111,159.51502652000426,2143.049706279985,-1.0308147999999997,-0.0125745199999988,0.0089877599999997,-5.294253320000005,-8.189388999999997,0.4310546800000003,-12.933531759999994,39.41484120000002,67.45222231999996,100.0,32.62829676,84.62756360000435,2.0742050800001066,1.6593638800000854,1.6593638800000854,4.148409880000213,2009.477934520001,-1.0004394000000016,0.0907631999999998,-0.0082854399999996,2.8624847199999937,1.792271120000002,4.083185639999994,-8.0,30.0,36.35935792000003,100.0,33.05718728,139.04793431999278,3.809374919999802,3.1744791599998354,2.539583399999868,7.618749839999604,2157.552395479972,1071,X1.2834 Y1.3407
16:30:06.502,5,1073,1.31923,1.30297,-0.125,81.06954,49.98072,-29.1675,,558.8,0,0,,2,1,"{""sr"":{""mpox"":81.06954,""mpoy"":49.98072,""mpoz"":-29.1675,""mpoa"":0,""posx"":1.31923,""posy"":1.30297,""posz"":-0.125,""posa"":0,""unit"":0,""stat"":5,""coor"":2,""momo"":1,""dist"":0,""home"":1,""mots"":1,""plan"":0,""line"":1073,""path"":2,""frmo"":2,""prbe"":1,""safe"":0,""estp"":0,""spc"":1,""hold"":0,""macs"":5,""cycs"":1,""sps"":12000,""feed"":558.8,""mark"":153225072}}",5.304786553460961,0.2038953197061416,0.2110955440233419,0.2032203689258562,5.304786553460961,0.2038953197061416,0.2110955440233419,0.2032203689258562,-0.9340883199999932,0.4087661599999953,-0.0290246000000029,2.324103639999867,1.5582151599999918,1.2238843999999944,10.651239679999682,20.99796212,3.9598453600000902,100.0,40.2600104,80.5353144400076,93.96499908000888,66.63844296000629,50.81780552000478,186.97015180001765,3185.1969128399533,-1.00411616,-0.0171931599999993,0.0008671600000017,0.4287553999999902,2.0436648400000275,4.88122592,5.115548959999599,-7.716943479999404,12.89065163999901,100.0,33.78485368,75.7437911200062,56.80784348000464,50.495861080004126,60.20660344000492,161.19832512001318,1837.268799519985,-0.99058512,0.0333683199999998,-0.0027873200000002,-1.829147439999994,-0.966116080000004,0.9296718399999988,-31.72650127999997,37.27349872000003,-40.77587428000002,100.0,34.49273504,72.3421151599991,49.23282871999938,53.754210679999325,55.26133835999931,166.2863905999979,2101.842739439989,-1.0161840000000004,-0.0752960000000001,0.0143995599999999,5.167788279999995,1.8593088400000064,1.971798200000004,-4.0,16.831917280000013,-94.16808272,100.0,32.363519999999994,103.6004638400037,72.3239380800024,75.12051460000247,43.45916276000145,170.57232256000563,2312.5741189999817,-0.9890643600000004,-0.0308169999999996,0.0088423999999991,-4.93361675999997,-8.344368680000024,0.1986606399999834,-12.611786559999963,39.0,66.61178655999996,100.0,32.638046360000004,98.1483885200057,2.4294152400001408,1.943532280000113,1.943532280000113,4.8588314800002825,2576.7086739999763,-1.0081364799999963,0.1283980399999997,-0.0170322399999999,2.8121531999999942,1.709,4.030184479999995,-8.472411680000045,31.0,36.52113355999995,100.0,33.045275839999995,114.12825879999032,3.1268017999997344,2.6056682399997797,2.084534199999823,6.253603079999469,2380.388976839996,1073,X1.3326 Y1.2896
16:30:06.758,5,1077,1.3951,1.24737,-0.125,82.99667,48.56835,-29.1675,,558.8,0,0,,2,1,"{""sr"":{""mpox"":82.99667,""mpoy"":48.56835,""mpoz"":-29.1675,""mpoa"":0,""posx"":1.3951,""posy"":1.24737,""posz"":-0.125,""posa"":0,""unit"":0,""stat"":5,""coor"":2,""momo"":1,""dist"":0,""home"":1,""mots"":1,""plan"":0,""line"":1077,""path"":2,""frmo"":2,""prbe"":1,""safe"":0,""estp"":0,""spc"":1,""hold"":0,""macs"":5,""cycs"":1,""sps"":12000,""feed"":558.8,""mark"":153225072}}",5.282760793466056,0.2077358566839117,0.2154825119434238,0.2103189070993021,5.282760793466056,0.2077358566839117,0.2154825119434238,0.2103189070993021,-0.8836070799999927,0.3938897200000043,-0.0010811600000049,2.175142160000118,0.9942747199999732,1.021705080000004,15.98592512,5.8971815599999,20.341802320000035,100.0,40.27637092,109.57868567999418,124.2316491199934,88.5548679199953,66.89396479999644,247.8262135199868,3011.3432402799885,-1.00733604,-0.0022780000000001,-0.038318880000001,0.3808379199999964,1.70622976,4.869612880000004,10.0,-15.621623039999973,25.37837696000003,100.0,33.79976204,81.7557871599964,70.88882067999663,62.80772011999701,75.24018279999642,202.0750860799904,2365.4032788,-0.9828744399999998,0.04329832,-0.0132159600000011,-1.752766,-0.9579278400000016,0.9010918000000004,-31.480965760000004,37.0,-39.274584959999984,100.0,34.48793612,71.72854604000045,48.85211424000048,51.46332320000053,51.94428896000053,158.71865988000164,2500.816382080005,-1.000203359999999,-0.0756373599999994,-0.0101379599999996,5.343615959999999,1.80990052,1.9592329199999985,-4.0,16.0,-94.58960896000002,100.0,32.36794816,121.79027575999731,77.1522112799983,82.11199607999819,46.29132683999898,185.7163933599959,2206.1118396799966,-1.0372370400000002,-0.0583680399999989,0.0383207999999999,-5.051038360000006,-8.49320239999999,0.2572389200000046,-13.0,39.87737536000001,68.29245176000002,100.0,32.64047236,118.15461347999572,2.924619359999894,2.3396953999999157,2.3396953999999157,5.849238359999789,2156.733466480011,-0.991880479999998,0.1122357200000021,0.0028317599999984,2.790363440000004,1.691867760000004,4.002272759999992,-8.0,31.0,35.64456083999997,100.0,33.05363684,78.9329455600072,2.1822489600002,1.8185410000001665,1.454832760000133,4.364498560000398,2458.3151776000177,1077,X1.3983 Y1.2457
16:30:07.016,5,1082,1.48321,1.21325,-0.125,85.23471,47.70168,-29.1675,,558.8,0,0,,2,1,"{""sr"":{""mpox"":85.23471,""mpoy"":47.70168,""mpoz"":-29.1675,""mpoa"":0,""posx"":1.48321,""posy"":1.21325,""posz"":-0.125,""posa"":0,""unit"":0,""stat"":5,""coor"":2,""momo"":1,""dist"":0,""home"":1,""mots"":1,""plan"":0,""line"":1082,""path"":2,""frmo"":2,""prbe"":1,""safe"":0,""estp"":0,""spc"":1,""hold"":0,""macs"":5,""cycs"":1,""sps"":12000,""feed"":558.8,""mark"":153225072}}",5.2921112904701735,0.2143103788477257,0.2173365575648327,0.2092346772512162,5.2921112904701735,0.2143103788477257,0.2173365575648327,0.2092346772512162,-0.881197799999999,0.465249400000026,-0.0687887999999942,1.6115572000000826,1.867377199999883,1.0136396000000207,12.39935519999966,10.400429400000226,14.398280999999097,100.0,40.2959956,32.23458680001817,39.04189020002199,27.82986020001569,21.02255680001185,77.68335120004382,1799.81911880001,-1.0107636000000002,-0.0104735999999993,0.0010604000000029,0.6998647999999601,1.774465799999977,4.959270400000007,10.0,-15.0,26.0,100.0,33.812379,43.53729520001819,26.883684600011243,23.79087140000996,28.31113740001184,76.36869760003192,1760.0681121999994,-0.9865756,0.0340314000000001,6.799999999427761e-05,-1.7607702000000198,-0.986619199999996,1.0030705999999951,-31.65521520000005,37.0,-39.88608679999994,100.0,34.496896,78.48874419999773,56.29537519999836,57.91928019999831,57.91928019999831,177.54695319999482,1695.3399852000448,-1.0075606000000017,-0.0775520000000009,0.0374902000000014,5.247937600000024,1.9344909999999995,1.9927546000000005,-3.135831600000077,16.135831600000078,-95.0,100.0,32.3822616,88.04332060001046,52.38556600000559,57.626728600006,30.98597780000332,128.51963720001348,1776.77756120004,-0.9842251999999982,-0.0064157999999995,-0.0069637999999994,-5.040971200000036,-8.183401199999993,0.4078933999999957,-13.0,39.15070879999998,67.98820019999988,100.0,32.6568678,62.95672360001426,1.5660878000003546,1.252870400000284,1.252870400000284,3.282884200000688,2043.7340526000903,-1.0134989999999973,0.111368600000001,-0.0017248000000028,2.811226200000033,1.6255358000000202,4.084180800000001,-8.013167999999999,31.0,35.605179199999775,100.0,33.0597368,171.30451199997606,4.736530399999338,3.947108799999449,3.157687199999559,9.473060799998676,1752.9297280000897,1082,X1.505 Y1.2074
16:30:07.273,5,1086,1.57617,1.2008,-0.125,87.59577,47.38556,-29.1675,,558.8,0,0,,2,1,"{""sr"":{""mpox"":87.59577,""mpoy"":47.38556,""mpoz"":-29.1675,""mpoa"":0,""posx"":1.57617,""posy"":1.2008,""posz"":-0.125,""posa"":0,""unit"":0,""stat"":5,""coor"":2,""momo"":1,""dist"":0,""home"":1,""mots"":1,""plan"":0,""line"":1086,""path"":2,""frmo"":2,""prbe"":1,""safe"":0,""estp"":0,""spc"":1,""hold"":0,""macs"":5,""cycs"":1,""sps"":12000,""feed"":558.8,""mark"":153225072}}",5.270016603300901,0.1983317575007806,0.2225945627872573,0.2129617098143399,5.270016603300901,0.1983317575007806,0.2225945627872573,0.2129617098143399,-0.9309077800000009,0.2269726000000007,-0.0718460199999996,11.246396559999935,3.037758459999988,1.232082520000001,10.01305096,-0.3943543400000391,16.587034039999967,100.0,40.29062326,163.15938367999902,182.8510337599989,130.33996691999923,99.3959467599994,365.7020665799978,1834.904329580001,-1.0157494399999998,-0.0094157800000001,0.0450014799999994,0.2195418400000016,2.044944499999999,4.87603036,10.0,-15.881775459999997,27.0,100.0,33.8,160.3025770599991,98.31682413999944,87.68797811999951,104.51698443999942,279.89690159999844,1366.1677881600008,-0.99607976,0.03509722,0.0278127999999997,-1.8566169000000008,-1.0434692199999995,0.98666304,-32.0,37.4036078,-38.5620164,100.0,34.49630738,68.05940250000015,46.42630654000008,45.98832200000009,46.02269780000009,141.94119884000028,1742.99847358,-0.99936924,-0.0772159999999999,0.02814176,5.296154140000001,1.6329321799999987,2.05638236,-3.959344959999996,16.0,-95.34893998,100.0,32.37305218,124.94120403999965,83.73023133999975,94.19651021999972,48.40653963999985,206.70900831999936,2054.03534714,-1.0477442199999998,-0.0359335800000003,0.0401545999999998,-4.881315020000003,-8.596732099999999,0.1614460600000017,-12.456550720000008,39.82045154,67.0487269,100.0,32.64412654,155.8883778399993,3.8586231399999824,3.086898559999986,3.086898559999986,8.488970979999962,2237.8597968399986,-1.0683665799999995,0.1465130599999999,-0.0128456399999999,2.7551129600000004,1.649833,4.141818359999999,-8.0,30.05898726000001,35.074015040000006,100.0,33.049259740000004,16.061244480001207,0.4440901200000329,0.3700750800000276,0.2960600400000218,0.9621942800000708,1904.06739982,1086,X1.5789
16:30:07.531,5,1090,1.6699,1.21419,-0.125,89.97666,47.72563,-29.1675,,558.8,0,0,,2,1,"{""sr"":{""mpox"":89.97666,""mpoy"":47.72563,""mpoz"":-29.1675,""mpoa"":0,""posx"":1.6699,""posy"":1.21419,""posz"":-0.125,""posa"":0,""unit"":0,""stat"":5,""coor"":2,""momo"":1,""dist"":0,""home"":1,""mots"":1,""plan"":0,""line"":1090,""path"":2,""frmo"":2,""prbe"":1,""safe"":0,""estp"":0,""spc"":1,""hold"":0,""macs"":5,""cycs"":1,""sps"":12000,""feed"":558.8,""mark"":153225072}}",5.3360031076195344,0.2038993530850898,0.2079706664735444,0.2079223964791075,5.3360031076195344,0.2038993530850898,0.2079706664735444,0.2079223964791075,-1.020481000000008,0.1054393999999996,0.0401999000000065,3.833197899999908,0.6966851999999276,1.2819641000000002,13.200672299999832,-6.306593799999744,24.47643910000128,100.0,40.3010062,16.59975379998613,19.737512399983505,14.069303199988244,10.729109599991034,39.37380629996709,1655.0810898000118,-1.0000338999999998,-0.0170837000000007,0.0312065000000036,0.4647204999999924,1.8149627000000308,4.960554499999996,10.90671180000008,-15.0,27.694692100000147,100.0,33.8,27.52858669998997,16.69862569999195,14.960069199992756,17.86049059999135,47.83999289997687,1635.0338186000183,-0.9894111999999996,0.0327690999999987,0.0021736000000016,-1.7484007000000104,-0.834766199999994,0.9676260000000008,-32.0,36.554982500000015,-39.91399740000007,100.0,34.5,94.8979788000025,59.38313130000127,57.16320050000122,57.71818380000124,178.66137420000385,1880.9237682999967,-1.0162568000000007,-0.0919643000000005,0.0390282000000005,5.327102699999982,1.6937113999999946,1.9635205999999892,-3.2616915000000524,15.48346930000044,-91.9330988000026,100.0,32.3732622,79.23747129999333,43.74195259999632,50.55422399999574,24.73930139999792,108.27925959999088,1367.073317499982,-1.0074492999999984,-0.0935545999999997,-0.0074438,-5.278292199999995,-8.356179000000004,0.3213923999999957,-13.249640499999948,39.0,68.98091480000002,100.0,32.6203817,50.92671029998919,1.248203499999735,0.998562999999788,0.998562999999788,2.746048499999417,1727.795583999978,-0.9757854999999994,0.1739953000000045,-0.0044607000000004,2.7944335000000105,1.7496914000000152,4.034660499999995,-7.998662800000001,30.9986628,35.11320459999991,100.0,33.0422242,194.78850170001817,5.336817600000498,4.447347900000415,3.557878100000332,11.56310500000108,1519.2706003999804,1090,X1.6938 Y1.2206
16:30:07.787,5,1095,1.75706,1.2487,-0.125,92.19046,48.60222,-29.1675,,558.8,0,0,,2,1,"{""sr"":{""mpox"":92.19046,""mpoy"":48.60222,""mpoz"":-29.1675,""mpoa"":0,""posx"":1.75706,""posy"":1.2487,""posz"":-0.125,""posa"":0,""unit"":0,""stat"":5,""coor"":2,""momo"":1,""dist"":0,""home"":1,""mots"":1,""plan"":0,""line"":1095,""path"":2,""frmo"":2,""prbe"":1,""safe"":0,""estp"":0,""spc"":1,""hold"":0,""macs"":5,""cycs"":1,""sps"":12000,""feed"":558.8,""mark"":153225072}}",5.130075236632294,0.198389570261267,0.2041933157093054,0.2086368806453525,5.130075236632294,0.198389570261267,0.2041933157093054,0.2086368806453525,-0.9892029000000016,0.2203091000000058,0.0104543599999965,1.1428106800000657,1.7403636000000895,1.0721493400000088,9.318801280000224,0.1053261600002927,-10.975137160000664,100.0,40.28224524,134.35742650001265,152.21498124001434,108.72498652001022,82.32034662000774,303.6522526600286,1886.7529220398212,-1.0013642400000005,-0.0219276799999998,0.0050807200000041,0.6573408200000572,1.616191959999976,4.915905960000008,10.745500520000064,-15.0,26.951560439999994,100.0,33.81,100.64255510000872,81.25954462000703,73.05904014000633,86.4780473600075,233.3416273800202,1577.273559979895,-0.9902441199999996,0.0413781999999991,0.0064180200000018,-1.8562590600000184,-0.99392974,0.921754539999998,-32.44785650000004,37.0,-39.35351962000007,100.0,34.51094336,75.53810609999823,49.44312411999884,46.696283499998906,47.154090679998895,146.04033813999658,2299.538906619928,-1.01491482,-0.0558449800000008,-0.0111146599999979,5.212526020000007,1.993798079999992,2.0706759000000017,-3.0,16.0,-94.60051588000005,100.0,32.36399496,116.77959092000548,71.39051098000316,83.40082958000369,40.16368144000179,176.26814042000785,2136.43674787992,-0.9990864400000028,-0.07952078,0.0174248999999987,-5.211658080000014,-8.24306165999999,0.3513875000000011,-13.63612432000006,39.0,68.04144315999999,100.0,32.64686294,140.76818092000968,3.3878354000002315,2.710268700000185,2.710268700000185,7.453238060000511,2261.712554899921,-0.9412988799999942,0.0780200800000018,0.0230236200000018,2.855183540000004,1.7096687999999998,4.000367300000009,-7.769845960000073,30.99634492,36.0,100.0,33.057698599999995,49.376804219984365,1.3589943199995695,1.1324953599996417,0.9059966199997131,2.7179896399991392,1687.6106403999097,1095,X1.7609 Y1.2507
16:30:08.045,5,1099,1.83294,1.30554,-0.125,94.11788,50.04603,-29.1675,,558.8,0,0,,2,1,"{""sr"":{""mpox"":94.11788,""mpoy"":50.04603,""mpoz"":-29.1675,""mpoa"":0,""posx"":1.83294,""posy"":1.30554,""posz"":-0.125,""posa"":0,""unit"":0,""stat"":5,""coor"":2,""momo"":1,""dist"":0,""home"":1,""mots"":1,""plan"":0,""line"":1099,""path"":2,""frmo"":2,""prbe"":1,""safe"":0,""estp"":0,""spc"":1,""hold"":0,""macs"":5,""cycs"":1,""sps"":12000,""feed"":558.8,""mark"":153225072}}",5.348694356202083,0.2058372859090495,0.2036898884582099,0.2014934733909623,5.348694356202083,0.2058372859090495,0.2036898884582099,0.2014934733909623,-0.9661302399999818,0.3217871999999979,0.0102783199999991,1.093241800000372,1.9975147400001776,1.264991980000056,8.009531839999998,-15.117820199999548,6.189128660001536,100.0,40.28002108,64.55697423997405,74.42197221997007,52.77989147997877,40.24861809998382,148.08453689994047,2296.960572739978,-1.0080037800000028,-0.0037670399999979,0.0019246800000008,0.1915608999999889,2.070247079999999,4.922289460000009,10.0,-15.0,26.03895646000001,100.0,33.81,69.69680457997623,42.64571395998552,38.69703691998686,45.804655619984445,123.59359733995804,1351.698000200007,-0.9906812,0.0424880000000004,-0.0007336000000033,-1.8748541200000453,-0.9505228399999892,0.9592226800000108,-32.0,37.0,-38.80925315999985,100.0,34.51354268,84.64965540000412,55.924446280002336,52.13617704000225,53.33535092000223,164.50288814000697,1296.1829701599966,-1.0121973199999996,-0.0643556599999994,0.0294125199999987,5.3440601000000285,1.7421689200000037,1.9251689200000035,-3.420422620000104,16.543752760000057,-94.28248427999976,100.0,32.37297074,76.19321531999094,52.92462907999371,62.50581149999257,29.19979497999653,130.48658449998447,1470.1143386599542,-1.0568208600000026,0.0301956599999957,0.0198486999999995,-5.362305220000003,-8.248368319999987,0.5148104000000397,-13.07126937999997,38.0,67.0,100.0,32.65426574,88.72738157998013,2.132869719999522,1.706295699999618,1.706295699999618,4.6923134599989496,1696.178745819973,-0.9970544999999909,0.0926393199999978,-0.0063449599999983,2.8123789200000453,1.7313255999999912,4.019026660000027,-6.390554879999849,30.38441597999985,36.60944512000015,100.0,33.05378266,134.19734182003236,3.6935052200008895,3.0779205800007423,2.462336560000593,7.38700944000178,1402.2480117799746,1099,X1.8602 Y1.3328
16:30:08.303,5,1101,1.8927,1.37853,-0.125,95.6356,51.8998,-29.1675,,558.8,0,0,,2,1,"{""sr"":{""mpox"":95.6356,""mpoy"":51.8998,""mpoz"":-29.1675,""mpoa"":0,""posx"":1.8927,""posy"":1.37853,""posz"":-0.125,""posa"":0,""unit"":0,""stat"":5,""coor"":2,""momo"":1,""dist"":0,""home"":1,""mots"":1,""plan"":0,""line"":1101,""path"":2,""frmo"":2,""prbe"":1,""safe"":0,""estp"":0,""spc"":1,""hold"":0,""macs"":5,""cycs"":1,""sps"":12000,""feed"":558.8,""mark"":153225072}}",5.138253360898971,0.1993692278590395,0.2025605198859322,0.184002316526727,5.138253360898971,0.1993692278590395,0.2025605198859322,0.184002316526727,-0.8681464599999996,0.4835529600000038,-0.0572964400000078,2.224413460000037,1.9023917000000123,1.225568100000006,8.163864300000204,3.6953668200002543,-10.773513300000356,100.0,40.2700108,83.68531921999073,90.12964019999002,64.37831399999287,48.743580639994605,179.33959011998016,2233.33871396,-1.00047562,-0.0095243799999999,0.0249454200000002,0.4400513800000282,1.8670632999999843,4.94214022,10.0,-15.0,26.0,100.0,33.8,85.72145905999176,50.50615669999514,45.40920537999564,54.21303125999479,145.494800659986,1585.24952938,-0.9892618600000004,0.0350313800000003,0.0029628799999985,-1.7344834800000095,-0.9309507799999972,0.916717459999996,-32.76666113999998,37.0,-38.27109275999999,100.02333394,34.51262246,84.74454514000118,54.47863548000076,50.44318128000071,51.95647722000073,159.90488540000223,1628.0273039800168,-1.0118223200000005,-0.0931697799999999,0.0355108,5.382131299999988,1.5911683800000065,2.106411260000001,-3.514935080000018,16.310554739999965,-95.31055473999996,100.0,32.390299060000004,71.52034797999686,55.78246275999793,65.48376059999757,30.559088279998868,136.6137897399949,1767.2353895600077,-0.9729105200000016,-0.0502449199999978,0.0321468000000007,-5.242758679999999,-8.210132779999997,0.3309103400000084,-14.0,37.0,66.84592917999993,100.0,32.6310233,98.24547347999344,2.3706077199998417,1.8964859599998731,1.8964859599998731,5.68945833999962,1973.7519174400136,-0.9911807199999988,0.0984877399999999,-0.0047254199999996,2.8030701399999938,1.736608739999997,3.9505297000000152,-7.0,30.54040688000005,37.54739772000005,100.0,33.04905188,116.72788166001072,2.7020342400002484,2.7020342400002484,2.1616273600001987,6.484882160000596,1498.6049910600104,1101,X1.8952 Y1.3821
16:30:08.559,5,1108,1.93146,1.46435,-0.125,96.62029,54.07976,-29.1675,,558.8,0,0,,2,1,"{""sr"":{""mpox"":96.62029,""mpoy"":54.07976,""mpoz"":-29.1675,""mpoa"":0,""posx"":1.93146,""posy"":1.46435,""posz"":-0.125,""posa"":0,""unit"":0,""stat"":5,""coor"":2,""momo"":1,""dist"":0,""home"":1,""mots"":1,""plan"":0,""line"":1108,""path"":2,""frmo"":2,""prbe"":1,""safe"":0,""estp"":0,""spc"":1,""hold"":0,""macs"":5,""cycs"":1,""sps"":12000,""feed"":558.8,""mark"":153225072}}",5.1619680356091004,0.1953114355792084,0.2016147729427597,0.1993461279624409,5.1619680356091004,0.1953114355792084,0.2016147729427597,0.1993461279624409,-0.9987205399999972,0.1659460399999988,-0.0035594400000031,3.417322139999954,1.0583345600000194,1.2603462000000036,6.3392795399999375,-1.0142765399994345,1.6411013000000607,100.0,40.2665682,112.96901722001066,128.73213586001216,91.95152514000868,69.62044054000658,256.1506778600242,1442.3296611999845,-1.0026874,-0.0036335799999997,0.0108642400000027,0.4618877799999759,1.9112415000000251,4.946748219999999,10.0,-15.0,24.44787113999993,100.0,33.81,132.92043720001132,70.62349266000601,63.5814175600054,75.76138476000645,204.8284022200174,1344.0008136199908,-0.9932927800000004,0.04313378,-0.0067013800000001,-1.7100636799999918,-0.922074779999994,0.916,-32.284117460000026,36.19418079999996,-38.61163806000008,100.0,34.51,72.52146485999853,51.65621353999905,48.11394455999915,49.26472221999909,152.0988507199972,1590.9116593999972,-1.0061206200000004,-0.0736515999999999,0.0291816000000006,5.465058540000014,1.753603640000002,2.134885260000004,-3.2118322800000203,16.0,-94.44193577999998,100.0,32.38346234,77.01283350000307,64.73542502000258,75.89670540000303,35.71609666000142,158.49017842000632,1429.2322095599914,-1.000057639999998,-0.0382866800000045,0.0210564399999987,-5.381737999999974,-8.111469539999975,0.3338028000000016,-13.125937240000011,37.59811196000004,66.27595079999995,100.0,32.65346272,125.00529796000812,2.990557800000194,2.392445840000155,2.392445840000155,7.177337520000466,1501.158563840017,-0.9897373399999988,0.1186852200000036,-0.012390180000001,2.86741732,1.690934579999981,4.0495257199999966,-6.0,30.0,37.335580339999936,100.0,33.05326934,74.37075543998685,1.7211449199996955,1.7211449199996955,1.3769155999997564,4.13074779999927,1233.5056922000156,1108,X1.9424 Y1.5052
16:30:08.817,5,1112,1.94658,1.55055,-0.125,97.00437,56.26909,-29.1675,,558.8,0,0,,2,3,"{""sr"":{""mpox"":97.00437,""mpoy"":56.26909,""mpoz"":-29.1675,""mpoa"":0,""posx"":1.94658,""posy"":1.55055,""posz"":-0.125,""posa"":0,""unit"":0,""stat"":5,""coor"":2,""momo"":3,""dist"":0,""home"":1,""mots"":1,""plan"":0,""line"":1112,""path"":2,""frmo"":2,""prbe"":1,""safe"":0,""estp"":0,""spc"":1,""hold"":0,""macs"":5,""cycs"":1,""sps"":12000,""feed"":558.8,""mark"":153225072}}",5.023962681360064,0.1926330047554647,0.2021552694139474,0.2141073056225739,5.023962681360064,0.1926330047554647,0.2021552694139474,0.2141073056225739,-0.936177160000002,0.253634600000003,0.0157360200000009,0.5772705400000596,0.7981711800000062,1.242996600000002,9.360604640000034,-0.2787907199999322,13.098488579999916,100.0,40.28,31.192304860002924,35.3392585000033,25.242327200002368,19.11204804000179,70.31791254000662,2033.721665359989,-1.00661288,-0.0149344199999999,0.0397490799999999,0.2240362999999988,1.8671541000000065,4.94543586,10.0,-15.765747979999984,25.98823034,100.0,33.82,30.25757992000201,24.47304286000163,22.24822054000148,26.475383000001774,71.63927116000477,1157.9679959399966,-0.99009874,0.0448821199999999,-0.02185582,-1.6754124600000044,-0.9322669,0.9227399000000016,-32.64548284000001,36.10258776000001,-38.89741223999999,100.0,34.51,90.12063165999962,58.63269985999975,54.832432199999765,55.91822317999976,173.72651879999924,1320.1375944599995,-1.0114749799999998,-0.0814753599999999,0.0333676800000002,5.207465040000002,1.7325778400000005,1.9765778400000005,-4.0,16.87855381999999,-94.65158848,100.0,32.377348940000005,35.97883642000068,45.487590700000695,53.21793576000082,25.388692980000386,111.58204304000172,1398.7238700800012,-1.0073161999999996,-0.0262223199999987,0.0042661399999999,-5.018420980000001,-8.444909040000002,0.2925102999999973,-13.0,36.85322493999999,66.30118680000001,100.0,32.634555840000004,63.40362458000224,1.6603451000000502,1.2047465600000429,1.2047465600000429,3.614240500000128,1706.3033298199964,-1.03636268,0.1495663800000004,-0.02353916,2.731100460000004,1.846899539999996,4.053855959999997,-5.192043680000016,30.177633000000014,37.80795631999998,100.0,33.06793576,176.13454837999643,4.039783239999917,4.039783239999917,3.231826919999934,8.887522799999818,1414.061969699999,1112,G3 X1.9314 Y1.5719 R0.025
16:30:09.074,5,1116,1.9182,1.57724,-0.12047,96.28345,56.94725,-29.05249,,558.8,0,0,,2,1,"{""sr"":{""mpox"":96.28345,""mpoy"":56.94725,""mpoz"":-29.05249,""mpoa"":0,""posx"":1.9182,""posy"":1.57724,""posz"":-0.12047,""posa"":0,""unit"":0,""stat"":5,""coor"":2,""momo"":1,""dist"":0,""home"":1,""mots"":1,""plan"":0,""line"":1116,""path"":2,""frmo"":2,""prbe"":1,""safe"":0,""estp"":0,""spc"":1,""hold"":0,""macs"":5,""cycs"":1,""sps"":12000,""feed"":558.8,""mark"":153225072}}",5.086201933569984,0.1856643948442253,0.200947283095009,0.208729810638545,5.086201933569984,0.1856643948442253,0.200947283095009,0.208729810638545,-1.0248409600000226,0.1376207999999722,0.0504875600000164,3.21197092000005,2.004938120000011,1.2238483599999943,12.796950880000452,16.72980884000064,-3.879819600000273,100.0,40.29046756,159.7606944800151,187.50342852001776,132.9744302800126,101.4049150000096,374.05026692003537,1773.9570689998943,-0.9934136399999997,-0.0248384000000009,-0.0060025600000033,0.8145822800000341,1.6548411599999937,4.986267560000014,10.0,-15.89852728000008,26.99733224000001,100.0,33.81997332,175.35145432001505,101.53086336000892,91.64706812000804,109.61760496000964,295.607322080026,1450.507849639903,-0.9959517200000004,0.0490186000000006,-0.0169585599999994,-1.8066194000000149,-0.899566919999996,1.0191929600000025,-31.97715756000005,36.58674015999996,-38.58674015999996,100.0,34.51,66.56172499999744,46.68583507999858,44.89573911999874,45.76794463999871,140.83834091999594,1602.6733339599768,-1.0076001999999995,-0.0771759199999983,-0.0014655600000027,5.541493280000019,1.7759028799999967,2.05324936,-4.0,16.0,-94.38363199999996,100.0,32.385621920000006,65.8103581200032,79.77013036000388,93.06515256000452,45.2030737600022,196.7663223200096,1766.009242799968,-1.0222435600000024,-0.0798891600000019,0.0145472399999965,-5.654667480000061,-7.687737279999973,0.4014686799999987,-14.0,36.18298464000002,66.96750880000008,100.0,32.64032492,167.8881081600121,4.707143160000339,3.138095760000226,3.138095760000226,9.414286320000675,1963.380824759962,-1.0103389999999963,0.104458000000002,-0.0134204800000008,2.977107640000028,1.5941972399999835,3.9703475599999942,-5.015548160000002,31.0,37.05487727999992,100.0,33.0594512,11.994332559980824,0.2743864799995602,0.2195091999996482,0.2195091999996482,0.6036493199990335,1472.033025119955,1116,X1.9178 Y1.5774 Z-0.1202
16:30:09.333,5,1121,1.90862,1.58114,-0.10447,96.04008,57.04619,-28.64602,,558.8,0,0,,2,1,"{""sr"":{""mpox"":96.04008,""mpoy"":57.04619,""mpoz"":-28.64602,""mpoa"":0,""posx"":1.90862,""posy"":1.58114,""posz"":-0.10447,""posa"":0,""unit"":0,""stat"":5,""coor"":2,""momo"":1,""dist"":0,""home"":1,""mots"":1,""plan"":0,""line"":1121,""path"":2,""frmo"":2,""prbe"":1,""safe"":0,""estp"":0,""spc"":1,""hold"":0,""macs"":5,""cycs"":1,""sps"":12000,""feed"":558.8,""mark"":153225072}}",5.34135386632169,0.2058794109734227,0.2084877403188799,0.2042142775368955,5.34135386632169,0.2058794109734227,0.2084877403188799,0.2042142775368955,-0.970399460000004,0.5037718599999854,-0.0443725799999934,1.4558578000000395,0.5670943400000601,1.142994899999987,10.284459800000215,8.138650740000866,23.43344045999881,100.0,40.32000812,24.53567484001864,27.49687704002089,19.600337740014893,14.947020240011357,55.13476288004189,1658.6092623399977,-1.003,-0.0117176800000002,-0.0020781399999989,0.2293764400000298,2.1506235599999703,4.908857020000011,9.455587320000069,-14.183380120000102,25.530084560000184,100.0,33.82945562,24.787293100011848,21.188238600010777,19.15632948000975,22.85070858001162,61.95668626003148,1549.3507311599726,-0.9875689399999994,0.0443872799999997,-0.0126779600000009,-1.7711527199999932,-0.9049513399999916,0.9711218000000018,-31.548183839999982,36.48813685999994,-39.415496320000095,100.0,34.51,90.08225263999768,58.6556463199984,57.07114249999849,57.61932561999847,178.2797665599952,1707.1986079599762,-1.0157483799999998,-0.06273968,0.0148139600000012,5.4325007999999855,1.8128558399999843,2.0369447399999845,-3.0,16.41732678000007,-94.04545758000005,100.0,32.36090916,10.04047760000103,46.483693120004766,53.17734490000545,26.774606980002744,114.53581982001174,1622.8115450999833,-0.9859842000000032,-0.0323563199999999,0.0116152200000002,-5.300119580000033,-8.173660299999964,0.3570604800000136,-13.724257699999932,35.72425769999993,66.72425769999994,100.0,32.633281600000004,58.73301706001436,1.6544508000004046,1.378709500000337,1.1029672000002697,3.5846439000008767,1528.608938039984,-0.9964606399999982,0.1154982799999975,-0.0148664600000006,2.8600063999999934,1.8216754399999933,4.018896079999994,-5.850749639999895,30.0,39.00180838,100.0,33.07,184.6127247799772,4.253749779999474,3.402999279999579,2.552249639999685,9.35644081999884,1948.3619503999728,1121,X1.9085 Y1.5812 Z-0.1039
16:30:09.590,5,1123,1.9082,1.5813,-0.04236,96.02941,57.05026,-27.06841,,558.8,0,0,,2,0,"{""sr"":{""mpox"":96.02941,""mpoy"":57.05026,""mpoz"":-27.06841,""mpoa"":0,""posx"":1.9082,""posy"":1.5813,""posz"":-0.04236,""posa"":0,""unit"":0,""stat"":5,""coor"":2,""momo"":0,""dist"":0,""home"":1,""mots"":1,""plan"":0,""line"":1123,""path"":2,""frmo"":2,""prbe"":1,""safe"":0,""estp"":0,""spc"":1,""hold"":0,""macs"":5,""cycs"":1,""sps"":12000,""feed"":558.8,""mark"":153225072}}",5.038941379721745,0.2001701946229902,0.2019821557271141,0.2009532951898423,5.038941379721745,0.2001701946229902,0.2019821557271141,0.2009532951898423,-0.9090521199999873,0.4567548400000206,-0.0641895200000111,1.1567038399999132,1.1773058399999958,1.2729172399999875,13.0,7.297798120000406,26.148898920000203,100.0,40.32,117.4731430800111,139.67843252001322,99.56565176000942,75.92776324000718,278.64056520002634,2006.8309356400712,-1.0023177200000009,-0.0137604800000008,-0.0078819599999979,0.4588083600000238,1.9289531199999717,4.952216559999985,10.0,-15.0,26.350718599999947,100.0,33.82955288,103.40278268000884,81.19547376000696,72.86773284000624,87.4412791200075,237.34061548002032,1441.33150904,-0.9953082800000002,0.0427386400000004,-0.0057169999999998,-1.8551025200000049,-0.9375412799999904,0.8614765599999982,-32.46937235999999,37.0,-39.05933595999995,100.0,34.514100400000004,67.58960251999864,49.753457199999,50.222829559998985,50.222829559998985,154.89283879999687,1449.2955872799955,-1.0073514800000003,-0.0755211600000002,0.0328990000000006,5.349004800000006,1.811140920000016,2.0805218799999987,-4.0,16.0,-95.51387471999996,100.0,32.3593726,8.750251440000829,74.56863288000305,83.03730664000345,43.9157677600018,182.49232420000752,1629.543257800001,-1.0049281199999986,-0.0146527199999996,0.0206106400000001,-5.008168479999999,-8.300597920000014,0.1772587599999853,-13.948059720000012,35.36040147999996,66.36040147999995,100.0,32.64256516,135.6468232800091,3.8375908400002574,3.197992320000215,3.146052040000228,8.31478064000056,2024.001091520044,-0.987636720000003,0.1005705999999975,-0.018565760000001,2.904029319999992,1.8040034000000205,4.02771804,-5.0,30.28943703999993,38.43037040000013,100.0,33.06294052,62.3744229999855,1.424073559999669,1.1392584799997354,0.8544443999998014,2.848146839999338,1579.6305925200295,1123,G0 Z0.6
16:30:09.845,5,1123,1.9082,1.5813,0.22169,96.02941,57.05026,-20.36153,,558.8,0,0,,2,0,"{""sr"":{""mpox"":96.02941,""mpoy"":57.05026,""mpoz"":-20.36153,""mpoa"":0,""posx"":1.9082,""posy"":1.5813,""posz"":0.22169,""posa"":0,""unit"":0,""stat"":5,""coor"":2,""momo"":0,""dist"":0,""home"":1,""mots"":1,""plan"":0,""line"":1123,""path"":2,""frmo"":2,""prbe"":1,""safe"":0,""estp"":0,""spc"":1,""hold"":0,""macs"":5,""cycs"":1,""sps"":12000,""feed"":558.8,""mark"":153225072}}",5.327470442189866,0.199840796290123,0.2019247449493417,0.2200430587799483,5.327470442189866,0.199840796290123,0.2019247449493417,0.2200430587799483,-0.960702620000005,0.218986760000043,0.0071220199999993,2.7870509000000547,1.5072948599999525,1.258746259999992,14.38336288000013,13.693355839999215,4.317425140000786,100.0,40.31382284,63.07694216002139,74.54547718002529,53.13754518001803,40.52215670001374,149.09095436005055,2128.4309737199665,-1.0117102799999993,-0.0087349799999996,0.0625684799999999,0.4117395400000144,1.9274550399999129,5.054720719999979,9.645138139999878,-15.605031579999888,26.0,100.0,33.81959886,72.34115624002138,46.961145320013536,42.61649170001228,50.91082990001467,138.1186556400398,1862.7207149999367,-0.9963184999999988,0.0342544399999973,0.0197297999999973,-1.749590200000028,-0.9573566600000024,0.9474128199999988,-32.0,37.0,-40.0,100.0,34.51514994,76.20718647999614,53.393194279998056,55.61605879999805,55.7790689199981,171.48284747999395,1979.6636685199876,-0.9970309400000024,-0.0627016400000026,0.02591072,5.237374739999982,1.706645520000042,1.9702347200000132,-3.4581629000000467,16.41976665999991,-95.12207044000004,100.0,32.34702316,0.0,61.85197816000628,66.89176910000678,37.11118722000377,149.8192363400152,1988.5019741000212,-0.9658237799999988,0.0028032600000053,-0.0075460200000002,-5.3143798800000015,-8.151138760000034,0.3717722799999755,-12.572302179999571,32.90947655999922,61.76687919999826,100.0,32.632267899999995,89.99076258001745,2.534950900000492,1.6899676800003278,1.6899676800003278,5.069902420000983,2184.625804219988,-0.9947166199999996,0.1614003599999988,-0.0209752999999999,2.8492672599999533,1.6859433799999923,3.943566419999992,-5.0,30.0,38.615842019999874,100.0,33.0798765,135.45438727997217,3.079210859999368,2.4633684599994945,1.8475264399996207,6.158421339998736,1856.5846216399843,1123,G0 Z0.6
16:30:10.102,5,1123,1.9082,1.5813,0.52716,96.02941,57.05026,-12.60268,,558.8,0,0,,2,0,"{""sr"":{""mpox"":96.02941,""mpoy"":57.05026,""mpoz"":-12.60268,""mpoa"":0,""posx"":1.9082,""posy"":1.5813,""posz"":0.52716,""posa"":0,""unit"":0,""stat"":5,""coor"":2,""momo"":0,""dist"":0,""home"":1,""mots"":1,""plan"":0,""line"":1123,""path"":2,""frmo"":2,""prbe"":1,""safe"":0,""estp"":0,""spc"":1,""hold"":0,""macs"":5,""cycs"":1,""sps"":12000,""feed"":558.8,""mark"":153225072}}",5.41140029774839,0.2019056182762393,0.2051447605852148,0.1983822987294603,5.41140029774839,0.2019056182762393,0.2051447605852148,0.1983822987294603,-1.0160518800000022,0.1190219200000053,-0.0047664399999994,1.5179813200000856,2.276481640000025,1.0434605599999889,13.389984400000229,-2.3837173600002277,11.469473560000043,100.0,40.28956496,80.07289084000755,93.5039300400088,66.65062608000628,50.82709608000479,187.0066068400176,2293.938840240024,-0.9988908800000004,-0.0015274399999994,0.0084258400000006,0.6019142000000092,1.64833139999999,5.030405120000007,10.0,-15.0,26.03177936,100.0,33.81482752,91.23995152000744,58.41287904000478,52.6198663200043,63.24038932000517,171.376628800014,1755.3643836800045,-0.9956647599999998,0.0407332000000004,0.0038906400000002,-1.77065379999999,-0.8678392399999996,0.9288392399999996,-32.0,37.0,-39.99472536000001,100.0,34.5272664,77.40614623999903,50.26373131999937,53.78219255999933,55.29010403999931,167.8808629199979,1578.4413684800054,-1.0060164800000002,-0.0733795599999999,0.0500555200000015,5.565412759999994,1.7494402400000002,2.024862439999997,-3.326966400000031,16.505038239999983,-94.66295712,100.0,32.35168012,4.427581480000328,70.29358524000226,73.9172876800024,42.40773524000135,166.9791118800054,1855.5871408399976,-1.0356622399999995,-0.0390090400000034,0.03240748,-5.265127920000002,-8.294403679999986,0.3423158399999977,-13.0,35.514164359999974,66.51416435999997,100.0,32.64776544,104.06636776000605,2.9150128400001694,1.943342040000113,1.943342040000113,5.830026160000339,1893.77326352002,-0.9884124799999984,0.1594596400000018,-0.0189054000000003,2.8723726399999947,1.7386256400000026,3.992035160000008,-5.0,30.472356000000044,39.99334556,100.0,33.0748568,114.61774463999028,2.604948799999779,2.0839592399998232,1.5629691999998674,5.209897119999559,1646.6136078400118,1123,G0 Z0.6
16:30:10.361,5,1125,3.78069,2.24607,-0.19125,96.02941,57.05026,-4.85779,,558.8,0,0,,2,0,"{""sr"":{""mpox"":96.02941,""mpoy"":57.05026,""mpoz"":-4.85779,""mpoa"":0,""posx"":3.78069,""posy"":2.24607,""posz"":-0.19125,""posa"":0,""unit"":0,""stat"":5,""coor"":2,""momo"":0,""dist"":0,""home"":1,""mots"":1,""plan"":0,""line"":1125,""path"":2,""frmo"":2,""prbe"":1,""safe"":0,""estp"":0,""spc"":1,""hold"":0,""macs"":5,""cycs"":1,""sps"":12000,""feed"":558.8,""mark"":153225072}}",5.195159163500327,0.2045817979877357,0.204672208267314,0.2075949557944829,5.195159163500327,0.2045817979877357,0.204672208267314,0.2075949557944829,-0.9465511000000004,0.2415377000000037,0.000853,1.703692800000062,1.053955000000019,1.0985148999999998,13.393336299999945,-4.401287599999943,7.27152630000003,100.0,40.2529937,114.25356139999538,135.8502718999945,96.83686009999607,73.84681399999701,272.397210899989,2035.0030010000169,-1.0089965,-0.0227614999999999,0.0074865999999996,0.4077443999999938,1.8695105000000125,5.024761000000002,10.323946900000026,-15.0,26.9801262,100.0,33.8101986,150.2430848999944,83.81068949999693,75.02200129999724,90.57121909999668,244.0153609999911,1524.862942500005,-0.9889729,0.0365698,0.0009295999999988,-1.7729928000000093,-0.9262603999999984,0.9326686000000024,-31.829714899999985,37.0,-40.4706796,100.0,34.534706500000006,67.19809350000097,45.3555334000004,50.36272390000042,52.54583750000042,158.7491574000013,1815.9104952000007,-0.9975157,-0.0670518000000001,0.0122623999999996,5.5401337,1.7298706,2.0541294,-3.227313099999991,16.0,-94.7726869,100.0,32.3556946,21.06963489999963,84.84798919999851,87.12578699999847,51.250463099999095,198.1684572999965,1663.9690809999972,-1.0120567000000007,0.0028216999999999,0.0153514999999999,-5.2273427,-8.412100199999998,0.3131570999999997,-13.0,35.37751160000002,66.75621639999997,100.0,32.6337748,133.2125601999962,3.7349318999998937,2.489954699999929,2.489954699999929,7.469863099999788,1965.927493600004,-1.0130150999999994,0.0893311000000003,-0.0221938999999993,2.8452428000000034,1.8485154000000017,3.9861744000000017,-5.0,30.0090657,38.30526800000003,100.0,33.0769471,66.86279670000607,1.5263411000001386,1.2210727000001105,0.9158047000000832,3.0526818000002764,1337.6290719000074,1125,G53 G0 Z0.
16:30:10.618,5,1125,3.78069,2.24607,-0.00688,96.02941,57.05026,-0.17474,,558.8,0,0,,2,0,"{""sr"":{""mpox"":96.02941,""mpoy"":57.05026,""mpoz"":-0.17474,""mpoa"":0,""posx"":3.78069,""posy"":2.24607,""posz"":-0.00688,""posa"":0,""unit"":0,""stat"":5,""coor"":2,""momo"":0,""dist"":0,""home"":1,""mots"":1,""plan"":0,""line"":1125,""path"":2,""frmo"":2,""prbe"":1,""safe"":0,""estp"":0,""spc"":1,""hold"":0,""macs"":5,""cycs"":1,""sps"":12000,""feed"":558.8,""mark"":153225072}}",5.308885694253773,0.2008470639969466,0.2039604341193748,0.1999117678137676,5.308885694253773,0.2008470639969466,0.2039604341193748,0.1999117678137676,-0.9601554400000124,0.2651074000000034,-0.0094424399999992,0.639934519999865,1.1041096799999373,1.0063327599999856,8.320578879999841,-7.076526880000948,1.076526880000947,100.0,40.26,26.768332399986807,31.09614679998469,22.119939799989098,16.990678199991628,62.19229375996936,2606.743563760016,-1.0053760800000002,-0.0225956399999991,-0.0011961199999985,0.4796757999999614,1.879543440000004,4.992543440000004,10.0,-14.784617120000076,25.20420271999993,100.0,33.82,47.98766367998383,25.525353359991403,22.870716439992297,27.567381599990718,74.32982859997497,1520.4260388399766,-0.98863796,0.0337242800000003,-0.0031726399999997,-1.687659679999997,-0.9435530400000076,0.9317754400000008,-31.543994119999944,37.0,-41.17959028000013,100.0,34.53,70.57672984000142,51.42800504000104,57.993281920001166,61.82302728000124,187.11040068000372,1994.8043460399847,-1.0127174000000003,-0.0722255599999995,0.0040999999999988,5.311904759999998,1.5576579199999931,1.953,-3.0,15.379745919999973,-95.27173328000002,100.0,32.357282600000005,20.464184999999635,59.02433659999574,59.51209499999566,35.58810295999742,135.7330093599901,2017.5233317599816,-0.9924806400000006,-0.0310896799999982,0.0302727600000019,-5.180196319999993,-8.10468023999999,0.3775083600000057,-13.129285759999936,35.288259959999955,66.84102579999998,100.0,32.64741424,61.39937747998952,1.4413001199997535,1.1530401599998028,1.1530401599998028,3.4591194799994094,2191.0708446799927,-0.994846679999998,0.147613200000002,-0.0170398799999988,2.888871840000019,1.761236680000005,4.036763319999995,-5.842114080000079,30.15788591999992,39.0,100.0,33.07827916,180.47862124001685,4.139417880000386,3.3115342400003085,2.4836507600002315,8.278835600000772,2143.195629559952,1125,G53 G0 Z0.
16:30:10.875,5,1125,3.78069,2.24607,0.0,96.02941,57.05026,0.0,,558.8,0,0,,2,0,"{""sr"":{""mpox"":96.02941,""mpoy"":57.05026,""mpoz"":0,""mpoa"":0,""posx"":3.78069,""posy"":2.24607,""posz"":0,""posa"":0,""unit"":0,""stat"":5,""coor"":2,""momo"":0,""dist"":0,""home"":1,""mots"":1,""plan"":0,""line"":1125,""path"":2,""frmo"":2,""prbe"":1,""safe"":0,""estp"":0,""spc"":1,""hold"":0,""macs"":5,""cycs"":1,""sps"":0,""feed"":558.8,""mark"":153225072}}",5.127034769723358,0.2026879062817393,0.2121518307119592,0.2155187536111918,5.127034769723358,0.2026879062817393,0.2121518307119592,0.2155187536111918,-0.8950986799999822,0.4874488600000476,-0.0231056200000079,2.469228619999704,1.8928865799999888,1.1096392599999096,4.916762040000932,0.0,-8.848057620001677,100.0,40.27985472,158.90764506003015,188.15445124003568,134.53530706002553,103.3387143800196,378.25868896007177,2919.448555520192,-1.0034596199999992,-0.0229294600000043,0.0089551599999961,0.8146704600000858,1.9019133599999776,5.005,10.0,-14.919406600000176,24.07793069999985,100.0,33.83,147.33003488002606,116.0129662600206,104.04204350001848,125.22034480002225,336.99004534005985,1551.4048564598788,-0.9873413199999994,0.0305566799999988,-0.0029779599999987,-1.8372300600000249,-1.036614760000013,0.8207348399999853,-31.988645540000107,37.01135445999989,-41.147789859999946,100.0,34.53988646,53.302248439995,39.7239717399976,44.91671367999719,49.22318213999704,149.3853221399911,2091.8461204600576,-1.0078614000000006,-0.0722367399999971,0.0102433400000007,5.311742640000004,1.708082839999988,2.095944760000008,-3.6716814800000654,16.0,-94.69874691999982,100.0,32.36314776,40.97254138000407,106.7972802000106,107.46896070001064,64.4813768200064,245.1635678000244,1863.409909099997,-0.9600811199999948,-0.0325440199999979,0.0188926599999999,-5.175583740000007,-8.198968240000006,0.2811589000000049,-13.62539597999993,36.0,66.81269847999997,100.0,32.63187278,168.8498096400247,3.982307060000582,3.1858452600004656,3.1858452600004656,9.557536760001398,2370.363381780013,-0.9843874399999928,0.0928988800000041,-0.0011966799999981,2.809929620000001,1.6491997399999887,4.029199739999989,-5.984186719999997,30.015813280000003,38.019667719999816,100.0,33.07035446,7.742547859960073,0.1774050399990931,0.1419240199992746,0.1064430199994554,0.3706223799981883,1494.621119620007,1125,G53 G0 Z0.
16:30:11.388,5,1125,3.78069,2.24607,0.0,96.02941,57.05026,0.0,,558.8,0,0,,2,0,"{""sr"":{""mpox"":96.02941,""mpoy"":57.05026,""mpoz"":0,""mpoa"":0,""posx"":3.78069,""posy"":2.24607,""posz"":0,""posa"":0,""unit"":0,""stat"":5,""coor"":2,""momo"":0,""dist"":0,""home"":1,""mots"":1,""plan"":0,""line"":1125,""path"":2,""frmo"":2,""prbe"":1,""safe"":0,""estp"":0,""spc"":1,""hold"":0,""macs"":5,""cycs"":1,""sps"":0,""feed"":558.8,""mark"":153225072}}",5.1059417268530245,0.1894157880013787,0.2008465680600761,0.2059475671998545,5.1059417268530245,0.1894157880013787,0.2008465680600761,0.2059475671998545,-0.9956174399999992,0.2732042399999968,0.0029459200000003,2.6053732399999703,2.127047799999971,1.0069670400000028,9.753699799999978,18.01076823999991,-10.005391519999908,100.0,40.30998656,125.55915527999628,147.49576731999562,105.13800827999688,80.17718659999761,294.2364898399913,2668.4983881200246,-1.01153176,-0.0001636000000004,0.0099706400000001,0.4591276800000092,1.8685712799999905,4.885900159999999,9.952462000000002,-15.0,24.54485468000004,100.0,33.8277512,160.7935437599956,92.40171939999748,82.21570315999774,98.22230043999733,265.56399663999275,1659.6286022800002,-0.99317836,0.03884132,0.0146644399999997,-1.8424981999999976,-0.9666567199999974,0.8854409999999988,-31.10248240000001,37.0,-41.76529775999996,100.0,34.53536364,69.5441542800005,40.79923728000029,47.29002456000033,53.31718508000038,160.8788105200011,2026.2436596800087,-1.00266904,-0.0706655200000001,0.0309460400000001,5.397582159999998,1.7264803199999976,1.987417840000001,-3.922360719999993,16.922360719999993,-95.10445931999998,100.0,32.3607764,93.97687451999872,96.3410729599987,96.3410729599987,57.92285355999921,221.13016191999705,2035.9058066800128,-0.98010912,-0.0454081999999996,0.0267975999999999,-5.101530080000009,-8.238988639999993,0.4852452799999997,-14.0,37.0,67.38525196000002,100.0,32.63844216,138.58032655999702,3.299531679999929,2.639625239999944,2.639625239999944,7.258969799999845,2051.848051920011,-1.0107257200000002,0.1351579199999999,-0.0084636400000002,2.7775142400000026,1.7247659200000014,4.134488479999998,-6.0,31.503937039999958,37.00416976,100.0,33.06749892,53.37043404000478,1.2297332400001102,0.9837866400000884,0.9837866400000884,2.705414080000242,1642.8520223599985,1125,G53 G0 Z0.
16:30:11.903,5,1125,3.78069,2.24607,0.0,96.02941,57.05026,0.0,,558.8,0,0,,2,0,"{""sr"":{""mpox"":96.02941,""mpoy"":57.05026,""mpoz"":0,""mpoa"":0,""posx"":3.78069,""posy"":2.24607,""posz"":0,""posa"":0,""unit"":0,""stat"":5,""coor"":2,""momo"":0,""dist"":0,""home"":1,""mots"":1,""plan"":0,""line"":1125,""path"":2,""frmo"":2,""prbe"":1,""safe"":0,""estp"":0,""spc"":1,""hold"":0,""macs"":5,""cycs"":1,""sps"":0,""feed"":558.8,""mark"":153225072}}",5.358929127988274,0.2002532947333583,0.2000091338837537,0.2013482979728623,5.358929127988274,0.2002532947333583,0.2000091338837537,0.2013482979728623,-0.9839319600000006,0.1692402000000028,0.0588750400000018,1.0773286599999348,1.2837145000000405,1.2868831000000065,12.080050640000104,8.381100699999847,27.234268080000305,100.0,40.30459992,80.02031173999114,89.23510445999013,63.47651737999298,48.7561484199946,178.92900693998018,1969.6274133199604,-1.0088392200000011,-0.006532239999999,-0.0073678199999992,0.1714243600000008,1.9131682599999864,5.062291940000001,10.0,-15.0,26.03039588,100.0,33.82969594,82.00841811999211,57.91554995999443,50.96568367999509,61.62214453999407,165.40680941998409,1277.2318920000014,-0.9875960400000002,0.0370776799999999,-0.0059963399999997,-1.8694052999999928,-0.8876321799999973,0.8895877399999942,-31.493310619999992,37.276058079999984,-41.506689380000005,100.0,34.5473734,67.89637620000099,45.09535416000065,52.18900564000076,58.269277820000845,174.80783392000254,1668.9007221599968,-1.0092373200000002,-0.0774650400000002,0.0267666599999997,5.314555579999991,1.789044459999998,1.93228752,-3.174124080000017,16.825875919999984,-94.48632653999998,100.0,32.36348246,104.54800437999543,78.78490687999705,78.78490687999705,47.4858812799982,181.2256919399932,1684.5448694199863,-0.9932941799999976,-0.0480016600000025,0.0195444000000003,-5.254817319999994,-8.284129659999996,0.3503753199999949,-10.784694899999884,34.678329699999665,61.113270919999344,100.0,32.6452684,98.69715799999334,2.3660216599998414,1.8928174199998729,1.8928174199998729,4.732043399999682,1818.8323447599955,-0.9903784999999968,0.1392978799999949,-0.0192659200000002,2.8628266799999937,1.7095513400000002,4.111067259999991,-7.0,30.45391879999995,36.444877579999954,100.0,33.06,115.46366172001068,2.685201440000248,2.1481614600001984,2.1481614600001984,5.907443400000546,1536.1163782599988,1125,G53 G0 Z0.
16:30:12.417,5,1125,3.78069,2.24607,0.0,96.02941,57.05026,0.0,,558.8,0,0,,2,0,"{""sr"":{""mpox"":96.02941,""mpoy"":57.05026,""mpoz"":0,""mpoa"":0,""posx"":3.78069,""posy"":2.24607,""posz"":0,""posa"":0,""unit"":0,""stat"":5,""coor"":2,""momo"":0,""dist"":0,""home"":1,""mots"":1,""plan"":0,""line"":1125,""path"":2,""frmo"":2,""prbe"":1,""safe"":0,""estp"":0,""spc"":1,""hold"":0,""macs"":5,""cycs"":1,""sps"":0,""feed"":558.8,""mark"":153225072}}",5.329907531352437,0.199609253475319,0.2048892478798476,0.2072398230589221,5.329907531352437,0.199609253475319,0.2048892478798476,0.2072398230589221,-0.8554370800000012,0.0733434600000035,-0.0188749400000007,1.2890385599999594,1.77452968,1.088381379999999,14.348155780000036,11.909168859999898,8.295466160000219,100.0,40.27357426,30.802898500002826,35.39130012000325,25.302380820002327,19.251811880001764,70.96131432000651,2392.1410255400137,-1.00267938,-0.02648788,0.0100007399999993,0.4407306000000009,1.787648459999997,4.88371964,9.988201899999998,-15.011798100000002,26.225096780000012,100.0,33.83,54.698573860003584,27.236738040001782,24.08538030000157,28.81241732000189,77.20827488000506,1763.8704489599904,-0.9862405,0.0372960400000002,-0.0199530999999997,-1.9143258199999944,-0.9335401199999976,0.9033612999999988,-32.35023757999999,36.45299184,-41.0,100.0,34.54547016,79.86316653999964,51.41875045999977,57.43583849999974,61.26489425999973,185.4357078999992,1748.699241279999,-1.0181361599999998,-0.0904886799999995,0.0153955599999997,5.529367459999997,1.5008172200000018,2.0288210200000014,-3.7345332000000058,16.734533200000005,-94.87851656,100.0,32.37121482,80.80509324000134,60.22024898000096,60.87266602000096,36.107852900000566,139.0141079600022,1922.8184951200024,-1.0029578000000008,-0.0349122600000017,0.0268905599999994,-5.423122579999999,-8.205632080000003,0.4635761200000012,-13.0,39.84572602,67.14553036000001,100.0,32.63454096,60.551667380002165,1.3534898800000392,1.1992159000000422,1.1992159000000422,2.998040480000105,1986.1319121400056,-0.9465240200000006,0.1434493600000009,-0.0128439599999996,2.704339759999996,1.691370640000004,3.957932639999999,-7.177748380000017,30.822251619999985,35.985445819999995,100.0,33.078222499999995,174.46263777999644,4.038486839999917,4.038486839999917,3.2307893999999338,9.6923691999998,1819.0767993400095,1125,G53 G0 Z0.
16:30:12.932,5,1125,3.78069,2.24607,0.0,96.02941,57.05026,0.0,,558.8,0,0,,2,0,"{""sr"":{""mpox"":96.02941,""mpoy"":57.05026,""mpoz"":0,""mpoa"":0,""posx"":3.78069,""posy"":2.24607,""posz"":0,""posa"":0,""unit"":0,""stat"":5,""coor"":2,""momo"":0,""dist"":0,""home"":1,""mots"":1,""plan"":0,""line"":1125,""path"":2,""frmo"":2,""prbe"":1,""safe"":0,""estp"":0,""spc"":1,""hold"":0,""macs"":5,""cycs"":1,""sps"":0,""feed"":558.8,""mark"":153225072}}",5.38246872552438,0.2074954168806043,0.2080244349077851,0.2090980179653098,5.38246872552438,0.2074954168806043,0.2080244349077851,0.2090980179653098,-1.0703156400000036,0.002296319999998,0.0584407600000028,2.946601919999997,1.6274815600000152,1.343,9.365437359999932,2.751711480000046,8.875444760000024,100.0,40.28,20.00853567999628,23.64645079999561,16.855675639996868,12.732704559997634,47.17163795999124,2029.4145135999884,-0.9995541999999998,-0.0232925600000004,-0.0527196799999998,0.4811345600000012,1.7683066000000072,4.843369599999999,9.887451280000022,-15.112548719999978,25.112548719999975,100.0,33.83,28.38737651999654,19.838488679997724,17.602596039997984,21.042430039997587,56.360171839993534,1538.291621599997,-0.9845916,0.0306953999999999,-0.0017563199999994,-1.7987000799999944,-0.8978869199999984,0.850785999999999,-32.49578463999999,37.0,-40.56418072000002,100.0,34.549484719999995,84.82352732000054,55.07072684000031,59.46518880000035,60.576687160000354,183.3973104800011,1864.393877199999,-0.98774076,-0.0767803600000001,0.0216914800000004,5.476516599999999,1.5073032399999953,2.030483400000001,-3.4038783199999845,16.961010320000007,-95.0,100.0,32.383649,75.16707831999834,52.179088079998856,55.09819843999879,31.38043079999931,124.79194567999726,1989.7820049599952,-1.024236160000001,-0.0688661199999995,0.0368519600000003,-5.201250599999989,-8.135185240000002,0.4109956400000009,-12.0,39.0229428,67.0229428,100.0,32.64,51.9485326399972,1.0494654399999437,1.0494654399999437,1.0494654399999437,2.6236630399998586,2010.3157954399928,-0.9875736799999988,0.1410741200000018,-0.0297843600000002,2.7788604399999945,1.7010598000000017,3.982980039999997,-8.0,30.00161892,35.13017131999998,100.0,33.05131792,189.61943768000484,5.218972440000133,4.349143640000111,3.4793149600000883,10.437945760000266,1668.3728509199957,1125,G53 G0 Z0.
16:30:13.447,5,1125,3.78069,2.24607,0.0,96.02941,57.05026,0.0,,558.8,0,0,,2,0,"{""sr"":{""mpox"":96.02941,""mpoy"":57.05026,""mpoz"":0,""mpoa"":0,""posx"":3.78069,""posy"":2.24607,""posz"":0,""posa"":0,""unit"":0,""stat"":5,""coor"":2,""momo"":0,""dist"":0,""home"":1,""mots"":1,""plan"":0,""line"":1125,""path"":2,""frmo"":2,""prbe"":1,""safe"":0,""estp"":0,""spc"":1,""hold"":0,""macs"":5,""cycs"":1,""sps"":0,""feed"":558.8,""mark"":153225072}}",5.292940469524709,0.2119345049478161,0.2121737989007501,0.2177123353615072,5.292940469524709,0.2119345049478161,0.2121737989007501,0.2177123353615072,-0.9186833999999916,0.6277648600000042,-0.0232277600000023,3.2898585399999325,1.6787519800000623,1.1248125599999952,11.886283680000394,-2.660950459999128,-1.1474683800001595,100.0,40.29153678,68.80583681998714,82.3137312399846,58.67491585998903,44.32277809999172,164.2053400999693,2714.204276659972,-0.9975362999999996,-0.0129885400000015,-0.0500088599999998,0.5063670800000396,2.084285160000016,4.931024479999991,10.0,-15.0,25.567326840000067,100.0,33.84,85.79309019998605,48.06578167999232,42.87370001999315,51.05546427999183,137.19650695997805,1735.3625551999928,-0.9862315,0.0431874000000006,-0.0159074000000019,-1.9105378200000096,-1.0534683599999988,0.8919458200000028,-32.819662920000034,36.180337079999966,-38.51262546000001,100.0,34.55151934,81.86812996000174,54.00601582000117,54.33830420000121,54.670592580001255,167.44820482000378,2010.907319879984,-1.0141394200000005,-0.0832496400000007,0.0356771200000018,5.427091820000006,1.8458705600000052,2.035366299999992,-3.0,16.134899379999975,-94.0,100.0,32.366621200000004,95.0291177199943,61.9344002199963,69.02612537999586,35.93140787999785,151.76291983999093,2385.4424921599866,-0.9864064399999974,-0.0332163399999984,0.0114906999999978,-5.215341839999997,-8.134123320000004,0.4445348399999989,-12.080385479999984,39.0,67.08038547999999,100.0,32.64919612,91.43851721998992,2.2411402599997525,1.792912039999802,1.792912039999802,4.482280519999505,2350.872326319984,-1.0037207200000005,0.0938887200000005,0.0022576800000008,2.712645919999995,1.6921884400000142,4.09713378000001,-8.422876919999924,30.57015276000008,35.56318244000008,100.0,33.06154224,125.2357040200167,3.4627381600004616,2.8856156600003846,2.3084921600003074,7.502599980000999,2147.3557889399717,1125,G53 G0 Z0.
16:30:14.103,3,1126,96.02941,57.05026,0.0,96.02941,57.05026,0.0,,0.0,1,0,,1,4,"{""sr"":{""mpox"":96.02941,""mpoy"":57.05026,""mpoz"":0,""mpoa"":0,""posx"":96.02941,""posy"":57.05026,""posz"":0,""posa"":0,""unit"":1,""stat"":3,""coor"":1,""momo"":4,""dist"":0,""home"":1,""mots"":0,""plan"":0,""line"":1126,""path"":2,""frmo"":2,""prbe"":1,""safe"":0,""estp"":0,""spc"":0,""hold"":0,""macs"":3,""cycs"":0,""sps"":0,""feed"":0,""mark"":305688527}}",5.294720242936055,0.2002212519354925,0.2005813174149596,0.1997419407285481,5.294720242936055,0.2002212519354925,0.2005813174149596,0.1997419407285481,-0.8668542800000009,0.3480777399999969,-0.0462463600000028,1.0021250400000714,1.0442938800000063,1.2159967199999937,10.298916579999744,-2.149493580000202,1.7526165799996936,100.0,40.27458988,76.89199143999149,90.22121169999002,63.98473267999292,48.79310447999461,179.06280887998022,3085.95870093998,-0.9922596599999998,-0.0090321400000001,-0.0055491399999995,0.3517194800000187,1.8623283599999847,4.913296139999997,10.0,-16.0,26.0,100.0,33.84,115.18733739998903,50.365313359995206,45.70185839999566,54.09607795999487,145.49979475998614,2800.9541925800054,-0.9938557199999998,0.0421103400000004,-0.0144870599999993,-1.7879628600000008,-0.9121526200000064,0.8826097400000027,-32.76740201999998,37.50541408000001,-39.23259798000002,100.0,34.5426197,82.38243232000116,54.07926508000076,51.55219722000073,52.05761076000073,161.22696908000228,2625.574799900005,-1.0072742800000003,-0.0786517199999995,0.0438602999999997,5.342996220000003,1.7526455000000078,2.0542990599999995,-3.3120810199999653,16.48635953999998,-94.17427852000002,100.0,32.38513678,105.04153123999696,58.014612379997786,67.42972637999745,32.41182461999876,142.4669295599946,2574.654517820008,-1.004782720000004,-0.0187336999999993,0.0036850999999985,-5.3233105199999935,-8.201709739999998,0.4166524800000037,-13.372293639999958,39.0,68.05275388000007,100.0,32.64425060000001,96.99140101999348,2.368115259999841,1.8944926999998728,1.8944926999998728,5.20985353999965,2957.3565157800017,-0.9736753199999968,0.1616064999999962,-0.0182066799999985,2.6316871200000063,1.76911278,3.9331520599999967,-8.0,30.0,36.00727164,100.0,33.089927100000004,117.7943915000108,3.2420473200002977,2.701705960000248,2.1613650600001986,6.484095180000597,2671.5554371600147,1126,M30
16:30:14.372,3,1126,96.02941,57.05026,0.0,96.02941,57.05026,0.0,,0.0,1,0,,1,4,"{""sr"":{""mpox"":96.02941,""mpoy"":57.05026,""mpoz"":0,""mpoa"":0,""posx"":96.02941,""posy"":57.05026,""posz"":0,""posa"":0,""unit"":1,""stat"":3,""coor"":1,""momo"":4,""dist"":0,""home"":1,""mots"":0,""plan"":0,""line"":1126,""path"":2,""frmo"":2,""prbe"":1,""safe"":0,""estp"":0,""spc"":0,""hold"":0,""macs"":3,""cycs"":0,""sps"":0,""feed"":0,""mark"":305688527}}",5.176231790320919,0.1939552697686754,0.1983825698008104,0.205492899112869,5.176231790320919,0.1939552697686754,0.1983825698008104,0.205492899112869,-0.9578422799999854,0.5104728800000761,0.013064479999995,1.1119767599995571,1.328928200000021,0.9789678800000003,11.667889400000725,6.941935119999989,4.217668639999648,100.0,40.27,161.73311324003188,179.0942955200353,127.92449680002524,96.8571187200191,355.4473516800701,1896.8380017600005,-1.0034742400000018,-0.0033553599999971,0.0068306000000014,0.5906430800000262,1.6496970399999962,5.03305608000004,10.86081088000017,-15.005563919999988,27.727185680000325,100.0,33.85,172.32514820003155,93.568491080017,84.90474192001544,100.49948964001828,270.3089734000491,1531.7143548000518,-0.987419759999999,0.0378717999999986,0.0004295200000038,-1.895292280000032,-0.9776526000000174,0.9043558799999856,-32.954148720000106,37.0,-39.0,100.0,34.544406200000005,76.79347231999614,47.590620359997175,44.50604371999736,45.38735107999731,139.7331366399916,1366.140376279989,-1.00188572,-0.0866641199999991,0.0143603199999967,5.56846196000002,1.849204960000004,2.1388618800000008,-3.352582199999936,16.701556599999943,-93.75569539999982,100.0,32.38298448,128.18870272001269,75.10045256000744,88.69622404000879,41.4347320000041,184.51404172001827,1444.6459086000282,-1.0422735600000044,-0.0005413200000083,0.0223450800000018,-4.552899959999904,-8.680282240000109,0.0172702399999269,-13.108920000000182,38.93481184000015,67.7607036800001,100.0,32.62478596,157.46571404002356,3.803519240000568,3.042815560000455,3.042815560000455,8.367743000001251,1834.7141278400013,-1.0547644799999971,0.1614515600000113,-0.0105401600000028,3.0851649200000537,1.7074957999999998,3.85357507999999,-7.0,30.987672,35.09126255999982,100.0,33.07842128,19.96175763996122,0.5475725999989373,0.4563109599991149,0.3650483999992919,1.0951460399978754,1475.6510691600258,1126,M30
16:30:14.886,3,1126,96.02941,57.05026,0.0,96.02941,57.05026,0.0,,0.0,1,0,,1,4,"{""sr"":{""mpox"":96.02941,""mpoy"":57.05026,""mpoz"":0,""mpoa"":0,""posx"":96.02941,""posy"":57.05026,""posz"":0,""posa"":0,""unit"":1,""stat"":3,""coor"":1,""momo"":4,""dist"":0,""home"":1,""mots"":0,""plan"":0,""line"":1126,""path"":2,""frmo"":2,""prbe"":1,""safe"":0,""estp"":0,""spc"":0,""hold"":0,""macs"":3,""cycs"":0,""sps"":0,""feed"":0,""mark"":305688527}}",5.4373868404164645,0.2046039239505503,0.2019243972200541,0.2028213505007751,5.4373868404164645,0.2046039239505503,0.2019243972200541,0.2028213505007751,-0.9298274000000032,0.2953345999999844,0.0075187999999941,2.0033876000001314,1.3304049999999588,1.245126399999979,11.60348400000034,6.221088800001248,23.979739999998863,100.0,40.2579816,138.17330499998042,156.5397751999778,111.81412519998416,84.65926619998801,311.4822055999559,1553.802486400018,-0.9972750000000002,-0.0163302000000003,0.0198783999999979,0.6902703999999978,1.7607112000000251,5.054587999999994,2.318133000001,-3.601453200001482,6.3931524000026805,100.0,33.8418708,180.88232499997648,83.19060499998918,75.55843959999017,89.29633739998839,241.1764331999686,1519.8134254000263,-0.9862850000000006,0.0430770000000002,-0.0130348000000009,-1.7357118000000544,-0.8807692000000199,0.83669880000001,-32.914240999999954,37.0,-39.085759000000046,100.0,34.54,70.9419098000025,49.43049240000174,46.22666360000163,47.14204320000166,146.00302740000515,2099.6512925999828,-1.0103886000000002,-0.0820493999999987,0.0320900000000017,5.4526704,1.873252399999988,2.043485199999993,-3.539866399999924,16.0,-94.39535320000005,100.0,32.363953800000004,90.2003449999945,70.13905519999537,82.83664319999453,38.697409799997445,172.32440299998862,1462.911753400029,-0.9957884000000056,-0.008535400000002,0.0305183999999986,-5.135798999999984,-7.969264200000027,0.4449359999999888,-13.0,37.64701919999991,67.0,100.0,32.659091800000006,142.29404759998525,3.422330199999647,2.737864599999717,2.737864599999717,8.213592799999152,1765.854149999979,-0.9812424000000064,0.1462799999999991,-0.024355399999998,3.012437199999979,1.6348125999999932,3.9671866,-5.526429799999228,24.484673399996584,27.65355279999615,100.0,33.087868799999995,46.0060312000241,1.260439000000661,1.0503662000005505,0.8402926000004404,2.520878600001321,1500.1806835999785,1126,M30
16:30:15.357,3,1126,96.02941,57.05026,0.0,96.02941,57.05026,0.0,,0.0,1,0,,1,4,"{""sr"":{""mpox"":96.02941,""mpoy"":57.05026,""mpoz"":0,""mpoa"":0,""posx"":96.02941,""posy"":57.05026,""posz"":0,""posa"":0,""unit"":1,""stat"":3,""coor"":1,""momo"":4,""dist"":0,""home"":1,""mots"":0,""plan"":0,""line"":1126,""path"":2,""frmo"":2,""prbe"":1,""safe"":0,""estp"":0,""spc"":0,""hold"":0,""macs"":3,""cycs"":0,""sps"":0,""feed"":0,""mark"":305688527}}",5.214638947163583,0.1947155368735756,0.1974973736779767,0.2016038636465574,5.214638947163583,0.1947155368735756,0.1974973736779767,0.2016038636465574,-0.8927617999999773,0.3320488799999921,-0.0104112600000025,1.7006066000001785,1.8755249000001768,1.1739756000000183,12.100533300000764,6.586789100000145,11.770892739999695,100.0,40.24383328,100.52038180002478,120.25444538002964,85.71983546002113,64.75239382001595,239.89220054005912,2057.0496263399978,-1.0044704599999994,-0.0081018399999999,0.0092575199999989,0.4306823800000401,1.868997039999966,4.890755419999997,10.581560620000143,-16.0,25.0,100.0,33.87,140.28411210003162,66.16176656001457,59.4848914200131,70.4361151200155,190.03831374004184,1402.8224251601075,-0.99250336,0.0460550999999999,-0.0126649000000009,-1.744872499999968,-0.989106799999988,0.9028932000000122,-33.0,37.0,-39.26572456000007,100.0,34.5478302,78.48782189999582,53.14752565999775,48.75434575999779,50.46821943999779,155.48337925999311,1267.2900804200228,-1.0105723799999995,-0.0749079799999994,0.0195586199999997,5.374538259999991,1.8520156600000004,1.965148900000003,-3.742836520000104,16.456322359999948,-95.19915888000006,100.0,32.36800856,84.26998290000846,61.435535560006166,72.8527594200073,33.70799294000338,151.14229176001515,1482.9303410599914,-1.021546299999999,-0.0415756199999995,0.0251608400000007,-5.068507240000013,-8.316262400000076,0.2470081399999819,-13.0,38.0,67.88348835999997,100.0,32.6495889,119.61155608001992,2.8752776800004782,2.300222020000383,2.300222020000383,6.900666440001149,1585.6140549799784,-0.9956669800000064,0.1189914199999988,-0.0081081599999983,2.845098660000009,1.7323885999999908,4.08951336,-6.624998140000152,30.0,37.2415857400003,100.0,33.082584260000004,83.55034435996743,1.917064139999253,1.917064139999253,1.5336513599994024,4.600953459998208,1319.9953190800445,1126,M30
16:30:15.872,3,1126,96.02941,57.05026,0.0,96.02941,57.05026,0.0,,0.0,1,0,,1,4,"{""sr"":{""mpox"":96.02941,""mpoy"":57.05026,""mpoz"":0,""mpoa"":0,""posx"":96.02941,""posy"":57.05026,""posz"":0,""posa"":0,""unit"":1,""stat"":3,""coor"":1,""momo"":4,""dist"":0,""home"":1,""mots"":0,""plan"":0,""line"":1126,""path"":2,""frmo"":2,""prbe"":1,""safe"":0,""estp"":0,""spc"":0,""hold"":0,""macs"":3,""cycs"":0,""sps"":0,""feed"":0,""mark"":305688527}}",5.190321601239969,0.2033349842949573,0.2093847718307695,0.2090678018936767,5.190321601239969,0.2033349842949573,0.2093847718307695,0.2090678018936767,-1.0797499200000198,0.1801892399999642,0.0188934400000113,3.570717960000606,1.3096042399999457,1.052846159999967,10.24576271999946,-5.115549600001988,13.799780000002707,100.0,40.2108432,150.56497788002957,165.25424424003245,119.35028776002346,93.6440722000184,338.7712004000665,1541.317930399958,-1.0045686400000005,-0.0135697999999993,-0.0004769199999972,0.6800096000000606,1.6842279600000276,4.900533999999979,9.994986960000013,-15.0,26.13369579999985,100.0,33.848662680000004,163.93110612002934,123.96580056002288,104.17113860001922,123.11453564002268,331.4618250400611,1297.4972793200493,-0.9913693199999998,0.0388764399999993,-0.0107930400000001,-1.943023320000001,-1.0934496800000126,0.9567070800000046,-32.0,36.60368515999992,-38.79262876000016,100.0,34.56603664,72.37883075999508,54.25152283999712,45.06452223999744,49.3916241999974,149.5912870799919,1289.944836680039,-1.00574984,-0.0785538399999996,0.0217810799999994,5.392221640000001,1.8578780800000256,2.053458800000004,-4.0,16.646860040000064,-95.0,100.0,32.36951084,117.0815984800116,51.10191324000507,60.15794880000596,27.168105760002693,111.9067211600111,1329.8131388000463,-1.0060548800000026,-0.0274622800000002,0.0112495600000011,-5.331452560000004,-8.218547439999996,0.2948217599999905,-13.0,37.824158559999965,67.41657243999991,100.0,32.642407,159.44635708002366,3.796342160000564,3.037073160000451,3.037073160000451,7.592683320001127,1515.2428278400491,-1.0134123200000018,0.1246394400000007,-0.0014851999999991,3.142417320000065,1.5993951599999787,3.9698014000000006,-6.078637359999822,30.01530972,37.921362640000176,100.0,33.07157272,20.259825359962225,0.4697344799991214,0.3757873999992971,0.2818403199994725,1.0181062399980634,1196.6191787600242,1126,M30
16:30:16.387,3,1126,96.02941,57.05026,0.0,96.02941,57.05026,0.0,,0.0,1,0,,1,4,"{""sr"":{""mpox"":96.02941,""mpoy"":57.05026,""mpoz"":0,""mpoa"":0,""posx"":96.02941,""posy"":57.05026,""posz"":0,""posa"":0,""unit"":1,""stat"":3,""coor"":1,""momo"":4,""dist"":0,""home"":1,""mots"":0,""plan"":0,""line"":1126,""path"":2,""frmo"":2,""prbe"":1,""safe"":0,""estp"":0,""spc"":0,""hold"":0,""macs"":3,""cycs"":0,""sps"":0,""feed"":0,""mark"":305688527}}",5.3166506922559424,0.2066445835649109,0.2122753060739543,0.2108121857522502,5.3166506922559424,0.2066445835649109,0.2122753060739543,0.2108121857522502,-0.9491995800000068,0.3450519599999954,-0.0100700399999972,2.1302481400001643,1.1594988799998864,1.3488098999999487,10.427875019998543,-11.438461200000408,1.1251937800010434,100.0,40.27,118.7123353399682,128.80183619996552,92.33437097997528,73.71206905998027,260.7085989999302,2728.963436500028,-1.0038769600000006,-0.0123865999999989,0.0002116200000028,0.241168440000015,1.8886912400000009,5.146373799999981,10.0,-15.945762700000014,25.848631459999787,100.0,33.838485979999994,159.1337183799609,158.39356151996105,131.0077591799678,148.0313661599636,413.7476684798983,1454.1021259999766,-0.98996766,0.0402872599999986,-0.0094457399999982,-1.7651298200000205,-0.8773081200000222,0.9218031600000056,-32.0,36.55551310000012,-40.0,100.0,34.56555478,75.04166056000471,57.086907160003584,46.95858476000295,52.02274596000326,151.92483402000954,1433.388048220079,-1.00658268,-0.0778855400000009,0.0245885400000012,5.2906396400000215,1.8515567199999776,2.009658959999996,-3.469122640000143,16.0,-94.39795924000008,100.0,32.3607117,99.5501948799878,32.43903087999588,36.051274439995424,17.99005551999768,61.19465423999214,1905.606708240004,-1.016006820000004,-0.0346965999999996,0.0159557400000013,-5.216550340000077,-8.181552000000003,0.3300917600000128,-13.95816479999996,38.0,67.67233025999988,100.0,32.631085,141.1894042999727,2.6893220399994804,2.0169917799996098,2.0169917799996098,6.05097433999883,1634.2310943799862,-1.025612439999998,0.1195695199999996,-0.0066431200000014,2.9626576199999746,1.6811226999999749,3.994877300000025,-6.0,31.0,37.53918647999959,100.0,33.062303740000004,49.397370680044446,0.9063734400008155,0.9063734400008155,0.6797807200006115,2.0393413800018347,2282.5320186998806,1126,M30
16:30:16.901,3,1126,96.02941,57.05026,0.0,96.02941,57.05026,0.0,,0.0,1,0,,1,4,"{""sr"":{""mpox"":96.02941,""mpoy"":57.05026,""mpoz"":0,""mpoa"":0,""posx"":96.02941,""posy"":57.05026,""posz"":0,""posa"":0,""unit"":1,""stat"":3,""coor"":1,""momo"":4,""dist"":0,""home"":1,""mots"":0,""plan"":0,""line"":1126,""path"":2,""frmo"":2,""prbe"":1,""safe"":0,""estp"":0,""spc"":0,""hold"":0,""macs"":3,""cycs"":0,""sps"":0,""feed"":0,""mark"":305688527}}",5.387835416561666,0.2022569345705145,0.200708319479289,0.1984811649776869,5.387835416561666,0.2022569345705145,0.200708319479289,0.1984811649776869,-1.0175165000000013,0.3218949999999932,-0.0069069999999931,5.215343499999835,0.5828790000004231,1.2200264999999308,9.497743999999576,7.990377000000562,15.93849899999716,100.0,40.3000135,79.44134149997755,81.95066399997683,58.46480249998347,46.47202249998686,165.9001239999531,2687.2528704999945,-1.004533,-0.010934,-0.0041365000000002,0.4229485000000162,1.9449559999999877,4.9135099999999925,10.0,-15.500160499999875,24.566257499999857,100.0,33.79,120.5387544999703,109.535216999973,90.52910649997769,102.03280449997484,285.59182099992967,1769.4412604998624,-0.992784,0.0401354999999998,-0.0057965000000002,-1.6826434999999875,-0.924061999999985,0.9984609999999864,-32.49998200000002,37.0,-39.56785449999988,100.0,34.5378395,74.49733850000288,61.49780300000237,50.99817800000197,56.497981500002176,164.49412400000634,1741.7947319999178,-1.0001209999999998,-0.0785399999999996,0.0355394999999983,5.279378499999997,1.606966500000018,2.014242000000006,-1.6537349999998932,8.306555999999091,-47.31138349999517,100.0,32.363383,75.87684549999214,25.89675699999736,29.382859499997004,14.442422499998528,48.80542749999503,1887.5864674999475,-0.9902200000000004,-0.029675500000001,0.0158485,-5.106524500000033,-8.140668999999995,0.3911175000000145,-13.498133999999911,37.906161499999975,68.09383850000002,100.0,32.652165999999994,102.30516899998196,1.9925364999996469,1.4944024999997354,1.4944024999997354,4.483206999999206,2444.4487364998963,-1.0223069999999994,0.1195585000000004,-0.0115185000000004,2.717219499999992,1.4980535000000426,4.147748499999983,-6.0,30.50837250000014,36.51509350000014,100.0,33.0748495,108.35673200002978,2.0066065000005517,2.0066065000005517,1.5049550000004135,4.51486400000124,1790.1079984999049,1126,M30
16:30:17.416,3,1126,96.02941,57.05026,0.0,96.02941,57.05026,0.0,,0.0,1,0,,1,4,"{""sr"":{""mpox"":96.02941,""mpoy"":57.05026,""mpoz"":0,""mpoa"":0,""posx"":96.02941,""posy"":57.05026,""posz"":0,""posa"":0,""unit"":1,""stat"":3,""coor"":1,""momo"":4,""dist"":0,""home"":1,""mots"":0,""plan"":0,""line"":1126,""path"":2,""frmo"":2,""prbe"":1,""safe"":0,""estp"":0,""spc"":0,""hold"":0,""macs"":3,""cycs"":0,""sps"":0,""feed"":0,""mark"":305688527}}",5.319382192870266,0.1964200405429328,0.2072367101583122,0.2169204121951547,5.319382192870266,0.1964200405429328,0.2072367101583122,0.2169204121951547,-0.9613991999999996,0.4630438000000212,-0.0562132000000066,-0.3542456000002169,1.0379062000000518,1.2211058000000516,10.0,8.197912999998984,2.8073044000035563,100.0,40.2919966,30.54678179997411,32.74295599997223,23.359304199980187,18.56765179998425,66.2845205999438,4820.270266200327,-1.0018086000000002,-0.0095428000000002,-0.0054864000000002,0.2029294000000246,1.9014491999999568,4.83743839999999,10.0,-15.98771940000001,26.22852419999986,100.0,33.74,37.80633939997664,52.73623099996743,43.58565199997308,49.12416039996968,137.49948799991512,2499.62975640024,-0.9928815999999996,0.0414719999999999,-0.0015568000000022,-1.8755989999999765,-1.0657173999999765,0.8494833999999971,-32.0,36.45921239999998,-39.45921239999998,100.0,34.521136,95.17863500000408,66.51688680000285,55.16034540000237,61.10901000000262,177.91915320000763,2035.842669399992,-1.005956,-0.0756637999999998,0.0285498000000002,4.956785399999949,1.9658666000000125,1.9317662,-3.258092800000055,16.864277800000117,-94.39381499999992,100.0,32.3825808,66.22764079998836,20.47836879999684,22.97697959999637,11.42062879999824,38.20003379999411,1618.0312299999882,-0.9955009999999994,-0.0268151999999993,0.0143802000000011,-4.805801999999893,-8.34909880000005,0.2653681999999621,-13.313953599999891,38.0,67.68604640000011,100.0,32.6538424,64.81318379997819,1.2558129999995729,0.9418601999996794,0.9418601999996794,2.825579799999039,2647.9409690000443,-1.009761000000001,0.1185321999999988,-0.0123800000000021,2.698885399999939,1.5774907999999597,3.9877185999999782,-6.0,31.0,37.18355859999983,100.0,33.0681646,171.995674800036,3.155883600000661,3.155883600000661,2.366913200000496,7.100739000001487,3911.892600800472,1126,M30
16:30:17.932,3,1126,96.02941,57.05026,0.0,96.02941,57.05026,0.0,,0.0,1,0,,1,4,"{""sr"":{""mpox"":96.02941,""mpoy"":57.05026,""mpoz"":0,""mpoa"":0,""posx"":96.02941,""posy"":57.05026,""posz"":0,""posa"":0,""unit"":1,""stat"":3,""coor"":1,""momo"":4,""dist"":0,""home"":1,""mots"":0,""plan"":0,""line"":1126,""path"":2,""frmo"":2,""prbe"":1,""safe"":0,""estp"":0,""spc"":0,""hold"":0,""macs"":3,""cycs"":0,""sps"":0,""feed"":0,""mark"":305688527}}",5.367665267736437,0.2094867476516751,0.2056789281481464,0.2104601017266798,5.367665267736437,0.2094867476516751,0.2056789281481464,0.2104601017266798,-1.0275271199999991,0.1523511200000008,-0.0096114399999998,2.2667585600000097,1.1512414399999904,1.099,9.0,-0.6117233599998867,1.4468925599995464,100.0,40.26122376,18.229348559996623,20.06451775999628,14.314320639997348,11.37804991999789,40.61841455999247,1405.5287089600172,-1.00411616,-0.01265884,-0.00100644,0.3430521199999951,1.9863446800000035,4.926741480000002,10.0,-15.17043835999998,26.05794976,100.0,33.7117048,30.99601007999705,37.32603411999566,30.84937007999641,34.76945647999596,97.2079009599887,853.9310477600085,-0.99089624,0.03979404,-0.0085568800000001,-1.715418360000002,-0.98650648,0.9096511600000012,-32.447887599999994,36.05161679999999,-40.44887880000002,100.0,34.49051612,88.3019989200004,67.90979428000038,56.31543876000032,62.38867228000035,181.64489584000103,715.3491372000049,-1.0076164,-0.07367204,0.0213131599999999,5.108471599999995,1.803955400000001,2.014,-3.0,16.633828160000007,-95.30625148,100.0,32.387709439999995,57.122758919998745,19.040919639999583,21.60412011999952,10.618974519999766,35.88480975999921,592.1384051999986,-0.99797732,-0.0320526799999999,0.01345092,-5.05548196,-8.283554720000001,0.2486247999999963,-12.968015880000042,37.13693696000016,66.71884564000028,100.0,32.644962,55.02437147999704,1.0530980399999434,0.7898237199999576,0.7898237199999576,2.3694703999998725,892.022873720005,-1.00900156,0.12173624,-0.00900324,2.9140113600000026,1.6320113600000028,4.0121086800000025,-6.0,30.0015942,36.26210947999996,100.0,33.08130284,190.47355780000484,3.478969200000088,3.478969200000088,2.609226960000066,7.8276807600002,1215.1754216000163,1126,M30
