t_console,stat,line,posx,posy,posz,mpox,mpoy,mpoz,vel,feed,unit,dist,plane,coor,momo,raw_json,spindle,x_motor,y_motor,z_motor,spindle_A,x_motor_A,y_motor_A,z_motor_A,frame_l2.Ax,frame_l2.Ay,frame_l2.Az,frame_l2.Gx,frame_l2.Gy,frame_l2.Gz,frame_l2.Mx,frame_l2.My,frame_l2.Mz,frame_l2.Pressure,frame_l2.Temperature,frame_l2.Proximity,frame_l2.ColorR,frame_l2.ColorG,frame_l2.ColorB,frame_l2.ColorA,frame_l2.RMS,frame_r2.Ax,frame_r2.Ay,frame_r2.Az,frame_r2.Gx,frame_r2.Gy,frame_r2.Gz,frame_r2.Mx,frame_r2.My,frame_r2.Mz,frame_r2.Pressure,frame_r2.Temperature,frame_r2.Proximity,frame_r2.ColorR,frame_r2.ColorG,frame_r2.ColorB,frame_r2.ColorA,frame_r2.RMS,y_bed__3.Ax,y_bed__3.Ay,y_bed__3.Az,y_bed__3.Gx,y_bed__3.Gy,y_bed__3.Gz,y_bed__3.Mx,y_bed__3.My,y_bed__3.Mz,y_bed__3.Pressure,y_bed__3.Temperature,y_bed__3.Proximity,y_bed__3.ColorR,y_bed__3.ColorG,y_bed__3.ColorB,y_bed__3.ColorA,y_bed__3.RMS,y_bed__4.Ax,y_bed__4.Ay,y_bed__4.Az,y_bed__4.Gx,y_bed__4.Gy,y_bed__4.Gz,y_bed__4.Mx,y_bed__4.My,y_bed__4.Mz,y_bed__4.Pressure,y_bed__4.Temperature,y_bed__4.Proximity,y_bed__4.ColorR,y_bed__4.ColorG,y_bed__4.ColorB,y_bed__4.ColorA,y_bed__4.RMS,spindle2.Ax,spindle2.Ay,spindle2.Az,spindle2.Gx,spindle2.Gy,spindle2.Gz,spindle2.Mx,spindle2.My,spindle2.Mz,spindle2.Pressure,spindle2.Temperature,spindle2.Proximity,spindle2.ColorR,spindle2.ColorG,spindle2.ColorB,spindle2.ColorA,spindle2.RMS,frame_l3.Ax,frame_l3.Ay,frame_l3.Az,frame_l3.Gx,frame_l3.Gy,frame_l3.Gz,frame_l3.Mx,frame_l3.My,frame_l3.Mz,frame_l3.Pressure,frame_l3.Temperature,frame_l3.Proximity,frame_l3.ColorR,frame_l3.ColorG,frame_l3.ColorB,frame_l3.ColorA,frame_l3.RMS,gcode_line,gcode_string
16:31:03.546,5,31,1.586,1.453,0.0964,87.84553,53.79143,-23.54394,,185.42,0,0,,2,1,"{""sr"":{""mpox"":87.84553,""mpoy"":53.79143,""mpoz"":-23.54394,""mpoa"":0,""posx"":1.586,""posy"":1.453,""posz"":0.0964,""posa"":0,""unit"":0,""stat"":5,""coor"":2,""momo"":1,""dist"":0,""home"":1,""mots"":0,""plan"":0,""line"":31,""path"":2,""frmo"":2,""prbe"":1,""safe"":0,""estp"":0,""spc"":0,""hold"":0,""macs"":5,""cycs"":1,""sps"":0,""feed"":185.42,""mark"":2030957660}}",4.993507959297858,0.1983298741106409,0.2005099251982756,0.2045585915038827,4.993507959297858,0.1983298741106409,0.2005099251982756,0.2045585915038827,-0.991,0.039,-0.01,-1.587,-0.916,0.977,-34.0,35.0,-32.0,100.0,33.64,195.0,65.0,56.0,52.0,164.0,321.0,-1.006,-0.076,0.024,5.188,1.831,2.075,-5.0,17.0,-94.0,100.0,32.27,0.0,0.0,0.0,0.0,0.0,390.0,-0.998,-0.03,0.014,-5.005,-8.301,0.488,4.0,28.0,44.0,100.0,32.62,0.0,0.0,0.0,0.0,0.0,493.0,-1.006,0.124,-0.012,2.93,1.709,4.211,-25.0,35.0,33.0,100.0,33.01,216.0,4.0,3.0,3.0,9.0,370.0,-1.031,-0.07,-0.003,2.258,1.404,1.282,11.0,-32.0,31.0,100.0,40.52,0.0,0.0,0.0,0.0,0.0,380.0,-1.004,-0.011,0.007,0.549,1.892,4.883,10.0,-17.0,30.0,100.0,32.91,0.0,0.0,0.0,0.0,0.0,411.0,31,X1.586 Y1.453 Z0.0964
16:31:03.802,5,61,1.6755,1.6447,0.0875,90.11884,58.66062,-23.77,,185.42,0,0,,2,1,"{""sr"":{""mpox"":90.11884,""mpoy"":58.66062,""mpoz"":-23.77,""mpoa"":0,""posx"":1.6755,""posy"":1.6447,""posz"":0.0875,""posa"":0,""unit"":0,""stat"":5,""coor"":2,""momo"":1,""dist"":0,""home"":1,""mots"":0,""plan"":0,""line"":61,""path"":2,""frmo"":2,""prbe"":1,""safe"":0,""estp"":0,""spc"":0,""hold"":0,""macs"":5,""cycs"":1,""sps"":0,""feed"":185.42,""mark"":2030957660}}",5.225595870284413,0.2026543165124049,0.2086960158109138,0.2156633034912022,5.225595870284413,0.2026543165124049,0.2086960158109138,0.2156633034912022,-0.99175296,0.039,-0.00912352,-1.60950768,-0.8229988,0.86926276,-33.0,35.0,-34.751815480000005,100.0,33.638763919999995,24.045098960000026,8.096819040000007,6.992707320000008,6.501991000000007,20.48740576000002,280.23016736,-1.00586272,-0.07489884,0.0221742799999999,5.24060128,1.71912292,2.00337644,-4.76110608,17.0,-94.89878912,100.0,32.27036512,181.90430816,19.788753,22.83317656,16.74432932,51.75520036,347.29053916000004,-0.99786272,-0.029,0.01233792,-5.590028279999999,-8.07283612,0.54676616,0.9490998800000005,6.643698800000003,10.202823200000005,100.0,32.62273856,119.74783083999998,9.152700479999998,6.864525359999999,7.627250479999999,20.5935762,448.74916176,-1.007,0.12391828,-0.011,2.78300316,1.7741366,4.05027676,-24.08168904,35.0,32.28349904,100.0,33.02918316,79.69260712000002,1.46075068,1.0955634800000005,1.0955634800000005,3.2866894400000004,383.80794776,-1.0333022,-0.06992404,-0.00275124,2.19573896,1.5778072,1.02575848,10.599775,-32.0,32.07591068,100.0,40.5167572,93.56492996,113.35751184,80.36987588,59.977519,224.91569804,382.28034468,-1.004604,-0.0104619999999999,-0.0071881199999999,0.43908544,1.99508308,4.82602444,10.0,-17.0,30.66992344,100.0,32.9,135.03197964,52.18367352,40.88617676,45.18998504,131.80412396,372.47000652,61,X1.6755 Y1.6447 Z0.0875
16:31:04.062,5,93,1.4585,1.6123,0.078,84.60703,57.83765,-24.0113,,185.42,0,0,,2,1,"{""sr"":{""mpox"":84.60703,""mpoy"":57.83765,""mpoz"":-24.0113,""mpoa"":0,""posx"":1.4585,""posy"":1.6123,""posz"":0.078,""posa"":0,""unit"":0,""stat"":5,""coor"":2,""momo"":1,""dist"":0,""home"":1,""mots"":0,""plan"":0,""line"":93,""path"":2,""frmo"":2,""prbe"":1,""safe"":0,""estp"":0,""spc"":0,""hold"":0,""macs"":5,""cycs"":1,""sps"":0,""feed"":185.42,""mark"":2030957660}}",5.2652052503828655,0.2010774962048763,0.1975527415976699,0.1897377412948091,5.2652052503828655,0.2010774962048763,0.1975527415976699,0.1897377412948091,-0.9903232,0.0386768,-0.01067232,-1.76970976,-0.93629416,0.916,-33.0,34.32793068,-33.02810716,100.0,33.61,125.251413,43.99863476,37.90479524,35.87192872,112.35596868,270.46874664,-1.00572992,-0.07537412,0.02418976,5.41021744,1.79925964,2.05965116,-4.27012256,17.0,-94.0,100.0,32.2610404,91.90467756,9.72894944,11.22571052,8.232187680000001,25.44494424,362.58119216,-0.99735368,-0.02989256,0.01362312,-5.20917408,-8.04056512,0.55888172,4.0,28.26942336,43.1074332,100.0,32.62646288,58.19624604,4.5222808,3.39171044,3.768567,10.17513164,450.39502128,-1.006779,0.123779,-0.012,2.8349688,1.60778736,4.1159688,-24.0,34.43816312,33.0,100.0,33.01,121.91858296,2.24734748,1.68551028,1.68551028,5.05653084,372.64776496,-1.0332316,-0.071287,-0.00340192,2.48174564,1.489224,1.06954728,10.0,-32.0,32.20096128,100.0,40.52,72.28373432000001,86.3999312,61.25709412,45.71424904,171.4284354,374.0720928,-1.00396224,-0.01130464,0.00379616,0.40610576,1.81536548,4.86210576,10.0,-17.51896856,30.34252952,100.0,32.89,99.62360496,46.66004404,36.55838472,40.40663628,117.85268872,308.20228072000003,93,X1.4585 Y1.6123 Z0.078
16:31:04.319,5,112,1.5101,1.4715,0.0723,85.91767,54.26134,-24.15608,,185.42,0,0,,2,1,"{""sr"":{""mpox"":85.91767,""mpoy"":54.26134,""mpoz"":-24.15608,""mpoa"":0,""posx"":1.5101,""posy"":1.4715,""posz"":0.0723,""posa"":0,""unit"":0,""stat"":5,""coor"":2,""momo"":1,""dist"":0,""home"":1,""mots"":0,""plan"":0,""line"":112,""path"":2,""frmo"":2,""prbe"":1,""safe"":0,""estp"":0,""spc"":1,""hold"":0,""macs"":5,""cycs"":1,""sps"":12000,""feed"":185.42,""mark"":2030957660}}",5.306529593844455,0.1991683049972804,0.2047382786193005,0.1950896363464486,5.306529593844455,0.1991683049972804,0.2047382786193005,0.1950896363464486,-0.99000184,0.03953622,-0.01199816,-1.7135343399999998,-1.00970618,0.98128916,-32.46383076,35.0,-32.92367378,100.0,33.61,93.29108706,30.48124614,25.8628757,24.47736426,77.12679044,327.38607144,-1.0050901799999998,-0.07490982,0.0232971399999999,5.41664452,1.79751192,2.08211052,-4.0,17.0,-94.38717418,100.0,32.25567596,125.95214946000002,13.58819842,15.67869106,11.49770632,35.53836578,378.25266374,-0.9979082,-0.02856962,0.01352272,-5.21883194,-8.1208403,0.44211826,4.0,28.52271976,43.09200034,100.0,32.63816022,83.63515928000001,6.272637120000001,4.70447784,5.2271976,14.11343298,485.09424408,-1.00668858,0.123,-0.011,2.8667707,1.70724952,4.128763960000001,-11.967312499999998,16.997932419999998,16.02662216,100.0,33.02174042,104.93807594,1.9426206,1.4569657,0.9713108,4.3708971,405.11900476,-1.034,-0.07130936,-0.00342224,2.19422834,1.51786412,1.13701456,11.0,-31.71112414,32.598114720000005,100.0,40.5071112,80.60864352,96.42426326,68.36429228,51.01812896,191.31798256,371.43141448,-1.00425438,-0.01125438,-0.0035537,0.42804158,1.77178522,4.852686159999999,10.0,-17.0,30.75731644,100.0,32.89757324,85.01502494,48.7956056,38.231609,42.25598886,123.24663348,369.13051282,112,X1.5101 Y1.4715 Z0.0723
16:31:04.830,5,112,1.5101,1.4715,0.0723,85.91767,54.26134,-24.15608,,185.42,0,0,,2,1,"{""sr"":{""mpox"":85.91767,""mpoy"":54.26134,""mpoz"":-24.15608,""mpoa"":0,""posx"":1.5101,""posy"":1.4715,""posz"":0.0723,""posa"":0,""unit"":0,""stat"":5,""coor"":2,""momo"":1,""dist"":0,""home"":1,""mots"":0,""plan"":0,""line"":112,""path"":2,""frmo"":2,""prbe"":1,""safe"":0,""estp"":0,""spc"":1,""hold"":0,""macs"":5,""cycs"":1,""sps"":12000,""feed"":185.42,""mark"":2030957660}}",5.186675667915282,0.1957397858140685,0.202629222732922,0.2009581058358929,5.186675667915282,0.1957397858140685,0.202629222732922,0.2009581058358929,-0.9906776,0.039,-0.0110345199999999,-1.89358284,-0.91797988,0.93532496,-32.99706308,35.0,-33.00293692,100.0,33.61319776,133.422841,44.02276468,37.9273052,35.89548492,111.75009532,295.54299276,-1.00620124,-0.0753754,0.0239024,5.3660182,1.55276192,1.98480344,-5.0,16.951253440000002,-93.84773728,100.0,32.27103524,92.65514376,9.75317284,10.87853944,8.25268484,25.50829872,349.75196136,-0.997,-0.0293241999999999,0.014,-5.23236232,-8.18267604,0.40079084,4.0,28.57033844,43.94736832,100.0,32.62570315999999,59.19366912,4.52435712,3.3932678400000005,3.77029704,10.1798032,451.75936936,-1.00697292,0.123,-0.01089568,2.84085004,1.79483172,4.05144988,-24.0,35.0,33.4614752,100.0,33.01565704,122.76218092000002,2.26289696,1.6971728,1.59292384,5.09151908,396.679858,-1.03264004,-0.07012032,-0.003667,2.3409718,1.43568708,1.11936748,10.87965408,-32.12034592,32.54660052,100.0,40.51426224,70.73027412,85.69244771999999,60.75549204,45.33991964,170.02469804,377.79868452,-1.004,-0.011,-0.01994576,0.43058268,1.92424288,4.96677796,10.0,-17.37341248,29.66150784,100.0,32.88661484,119.18736904,46.3238356,36.19049664,40.5333562,117.73974852,395.07578908,112,X1.5101 Y1.4715 Z0.0723
16:31:05.345,5,112,1.5101,1.4715,0.0723,85.91767,54.26134,-24.15608,,185.42,0,0,,2,1,"{""sr"":{""mpox"":85.91767,""mpoy"":54.26134,""mpoz"":-24.15608,""mpoa"":0,""posx"":1.5101,""posy"":1.4715,""posz"":0.0723,""posa"":0,""unit"":0,""stat"":5,""coor"":2,""momo"":1,""dist"":0,""home"":1,""mots"":0,""plan"":0,""line"":112,""path"":2,""frmo"":2,""prbe"":1,""safe"":0,""estp"":0,""spc"":1,""hold"":0,""macs"":5,""cycs"":1,""sps"":12000,""feed"":185.42,""mark"":2030957660}}",5.356203002855034,0.2042240435167158,0.2046739009102534,0.2048584461966771,5.356203002855034,0.2042240435167158,0.2046739009102534,0.2048584461966771,-0.99097916,0.039,-0.01,-1.648,-1.1561994999999996,0.6773540200000007,-33.0,34.97923462,-32.02076538,100.0,33.61,188.9921879199996,64.62945269999986,55.81634599999988,51.89940947999988,163.53210047999963,272.26347916000026,-1.00699684,-0.075,0.02199684,5.53301166,1.6878194599999998,2.05381946,-5.0,16.8295377,-93.17361304,100.0,32.26170416,41.59276828000037,4.432015820000041,4.943402720000043,3.750167600000035,11.591427420000109,324.5997926600002,-0.99782614,-0.02982928,0.01334242,-5.11695126,-8.186500619999999,0.4588702800000003,3.174152040000002,28.99686146,42.17415204,100.0,32.63822708,24.28397118000022,2.0521670000000194,1.5391245200000137,1.7101390000000154,4.617374540000041,398.26422632000026,-1.00634096,0.12399362,-0.01199362,2.91077134,1.5267773400000002,4.109394679999999,-24.0,35.665659119999994,32.340712520000004,100.0,33.0332164,147.15552159999982,2.6881210799999966,2.0160912999999976,2.0160912999999976,6.0482729199999925,383.41381930000017,-1.0341410400000002,-0.07061998,-0.0045975399999999,2.3795439,1.465,1.1604561,11.0,-31.380416760000003,32.38041676,100.0,40.54992522,60.10582568000009,71.89874036000012,50.97582636000008,38.04166138000006,142.6562314200002,381.57094210000014,-1.004,-0.0105470999999999,-0.0034347399999999,0.5150860599999999,1.7930278000000002,4.887611979999999,9.99092244,-17.0,31.0,100.0,32.89,112.82596072000004,43.95228190000002,34.43683942000002,38.06176998000002,111.01349544000006,344.48385340000016,112,X1.5101 Y1.4715 Z0.0723
16:31:05.860,5,112,1.5101,1.4715,0.0723,85.91767,54.26134,-24.15608,,185.42,0,0,,2,1,"{""sr"":{""mpox"":85.91767,""mpoy"":54.26134,""mpoz"":-24.15608,""mpoa"":0,""posx"":1.5101,""posy"":1.4715,""posz"":0.0723,""posa"":0,""unit"":0,""stat"":5,""coor"":2,""momo"":1,""dist"":0,""home"":1,""mots"":0,""plan"":0,""line"":112,""path"":2,""frmo"":2,""prbe"":1,""safe"":0,""estp"":0,""spc"":1,""hold"":0,""macs"":5,""cycs"":1,""sps"":12000,""feed"":185.42,""mark"":2030957660}}",5.392401120166392,0.204600657161896,0.2052848620744162,0.2074216081280034,5.392401120166392,0.204600657161896,0.2052848620744162,0.2074216081280034,-0.99028144,0.0397196799999999,-0.011,-1.7967135199999995,-1.0038582799999998,0.916,-9.292636200000109,9.857083760000114,-9.0133758800001,100.0,33.60998824,133.1317798799994,48.20895647999979,41.01341267999982,38.13638059999983,120.16439219999948,302.2079731199999,-1.00512312,-0.0752811199999999,0.02399008,5.36887224,1.5939073200000002,1.9283434400000004,-5.0,16.876890799999998,-94.15798816,100.0,32.2587688,91.17753836000055,9.345735480000055,10.660431560000063,7.907930480000047,24.565802280000145,314.7894134000001,-0.99787616,-0.02959088,0.013,-5.32740664,-8.077014199999999,0.4923896800000004,1.4292911200000085,10.238502800000065,15.722201600000092,100.0,32.623573040000004,53.92724068000032,4.645196320000027,3.215905200000019,3.573227440000021,9.647714880000056,422.5361751199999,-1.0067696,0.123,-0.0112304,2.8147461600000008,1.7110242400000002,4.04451064,-24.0,35.0,32.611909000000004,100.0,33.0157876,125.00379151999977,2.3148851999999955,1.736164039999997,1.736164039999997,5.20849139999999,364.5688053200001,-1.03288788,-0.0704438,-0.00235364,2.42077408,1.7216753199999992,1.099,10.0,-31.44385744,32.55614256,100.0,40.53732952,69.95263212000013,83.88902448000015,59.47687468000012,44.38572736000008,166.44647664000033,323.4976882800001,-1.00415428,-0.01115428,-0.01990676,0.3332086000000003,1.89476356,4.8286394,10.0,-16.84585524,29.30828952,100.0,32.88,104.79810908000005,46.30290896000003,36.278567960000025,40.09736412000003,116.95064608000008,326.6896634800002,112,X1.5101 Y1.4715 Z0.0723
16:31:06.374,5,112,1.5101,1.4715,0.0723,85.91767,54.26134,-24.15608,,185.42,0,0,,2,1,"{""sr"":{""mpox"":85.91767,""mpoy"":54.26134,""mpoz"":-24.15608,""mpoa"":0,""posx"":1.5101,""posy"":1.4715,""posz"":0.0723,""posa"":0,""unit"":0,""stat"":5,""coor"":2,""momo"":1,""dist"":0,""home"":1,""mots"":0,""plan"":0,""line"":112,""path"":2,""frmo"":2,""prbe"":1,""safe"":0,""estp"":0,""spc"":1,""hold"":0,""macs"":5,""cycs"":1,""sps"":12000,""feed"":185.42,""mark"":2030957660}}",5.442575696038984,0.2055026089625166,0.2079468308385337,0.2066441124289581,5.442575696038984,0.2055026089625166,0.2079468308385337,0.2066441124289581,-0.99056352,0.03899664,-0.01,-1.6406720000000004,-0.8741581200000005,0.8812761200000001,-32.56006592,35.0,-32.87297232000001,100.0,33.6,83.61848024000047,29.472126840000165,25.07278716000014,23.31649932000013,73.46896936000041,327.0085470799999,-1.00685128,-0.07492564,0.02252904,5.4052756,1.853685199999999,1.9872756,-5.0,16.454596440000003,-93.61972572,100.0,32.24636164,127.47469691999962,14.180495319999956,15.816706679999951,11.998880959999962,37.08744999999988,358.2377736,-0.997,-0.0291664,0.01260484,-5.38480236,-8.10484008,0.5249208000000002,4.0,28.0,43.378988,100.0,32.63,84.49085235999975,7.092655239999978,4.910299959999985,5.455888919999984,14.730899999999956,497.6517308,-1.00633664,0.123,-0.011,2.95052268,1.7147921199999998,4.01932848,-24.0,35.0,33.33643548,100.0,33.03521396,103.3752664800002,1.914356560000004,1.4357676400000028,1.4357676400000028,4.307302920000008,454.79311476,-1.03465,-0.07018368,-0.0028657599999999,2.16542188,1.4507900800000004,1.1783184800000004,10.0,-31.65015344,32.30030688,100.0,40.54,81.5554571999999,97.57715231999988,69.18168475999992,51.62812275999994,193.6054613199998,399.7478265199999,-1.005,-0.011,0.0081195199999999,0.4814059600000002,1.892,4.8715818,10.0,-17.0,30.0,100.0,32.87693008,102.00380087999984,49.06684599999998,38.44412675999998,42.490876639999975,123.93172395999994,458.4967869199999,112,X1.5101 Y1.4715 Z0.0723
16:31:06.889,5,112,1.5101,1.4715,0.0723,85.91767,54.26134,-24.15608,,185.42,0,0,,2,1,"{""sr"":{""mpox"":85.91767,""mpoy"":54.26134,""mpoz"":-24.15608,""mpoa"":0,""posx"":1.5101,""posy"":1.4715,""posz"":0.0723,""posa"":0,""unit"":0,""stat"":5,""coor"":2,""momo"":1,""dist"":0,""home"":1,""mots"":0,""plan"":0,""line"":112,""path"":2,""frmo"":2,""prbe"":1,""safe"":0,""estp"":0,""spc"":1,""hold"":0,""macs"":5,""cycs"":1,""sps"":12000,""feed"":185.42,""mark"":2030957660}}",5.326051248596954,0.2039152668981547,0.2076853918589069,0.2044356618822582,5.326051248596954,0.2039152668981547,0.2076853918589069,0.2044356618822582,-0.99000086,0.03900086,-0.0108575599999999,-1.77891826,-0.8798807000000003,0.90733232,-32.85891896,34.14108104,-32.998719460000004,100.0,33.57860196,27.531206520000296,9.449842160000106,8.040316300000091,7.477273680000088,23.55918582000027,321.91670845999994,-1.006,-0.07475064,0.0245250799999999,5.42774872,1.6079286000000004,2.01691242,-4.273392020000001,17.0,-93.2972644,100.0,32.22774354,184.79572681999977,19.512491219999973,21.76393229999997,15.78396093999998,51.03266833999993,374.38630194,-0.9977717,-0.02827674,0.0142173599999999,-4.910951000000001,-8.31354508,0.3402851200000002,4.0,28.72289536,43.277104640000005,100.0,32.61975766,115.27559709999984,9.712647239999988,6.7241404399999904,7.47126713999999,20.172421319999973,482.3124714600001,-1.007,0.12267526,-0.011,2.87173448,1.84532722,4.1962033,-24.0,35.0,32.04482828,100.0,33.0512675,80.52121058000013,1.4774532000000022,1.1080904000000016,0.7387266000000011,3.3242702000000057,432.53367404,-1.0320532,-0.07046164,-0.0031299199999999,2.23815876,1.3713625799999996,1.04449334,10.0,-31.59138484,32.0,100.0,40.50053228,93.54532345999992,111.77181909999992,79.24562783999994,59.13852881999996,221.76948181999984,418.28615422,-1.00447988,-0.011,0.00607722,0.4281379000000002,1.8370867,4.7366529,10.0,-17.48026184,29.5405653,100.0,32.87060298,129.19949069999996,52.43485525999998,41.08297909999998,45.40750349999998,131.95829041999994,434.2081551200001,112,X1.5101 Y1.4715 Z0.0723
16:31:07.523,5,16,4.38295,-0.52487,1.02333,158.8881,3.55346,0.0,,0.0,0,0,,2,0,"{""sr"":{""mpox"":158.8881,""mpoy"":3.55346,""mpoz"":0,""mpoa"":0,""posx"":4.38295,""posy"":-0.52487,""posz"":1.02333,""posa"":0,""unit"":0,""stat"":5,""coor"":2,""momo"":0,""dist"":0,""home"":1,""mots"":1,""plan"":0,""line"":16,""path"":2,""frmo"":2,""prbe"":1,""safe"":0,""estp"":0,""spc"":1,""hold"":0,""macs"":5,""cycs"":1,""sps"":12000,""feed"":0,""mark"":2030957660}}",5.117263889259885,0.1908437183580286,0.2026855907056394,0.2129955082503013,5.117263889259885,0.1908437183580286,0.2026855907056394,0.2129955082503013,-0.9900789,0.0389211,-0.0100832199999999,-1.5821893800000006,-0.9103748400000006,1.0006931200000009,-32.00447066,35.0,-32.537195919999995,100.0,33.5892117,101.5299860399992,35.454915979999726,30.62015461999976,28.47137185999977,89.1744850999993,330.58190306,-1.00640164,-0.07545576,0.02340164,5.3174278400000015,1.6811883800000005,2.024752980000001,-5.0,17.0,-93.47274536,100.0,32.249118440000004,114.40436190000072,12.291377900000075,13.709613980000086,10.400396460000064,32.1466805600002,376.7492599399999,-0.9974718,-0.03,0.014,-5.268506600000002,-7.902561219999998,0.5653172000000005,4.471764600000003,28.471764600000004,43.14779984,100.0,32.6301742,75.95410788000046,6.132940260000037,4.2458818600000265,4.7176464600000285,12.73764558000008,505.5175198599997,-1.007,0.123,-0.011,2.8959521,1.6720185199999995,4.19316396,-24.0,35.14619674,33.48668534,100.0,33.04119574,111.53546181999968,2.0532580999999936,1.5399439799999952,1.5399439799999952,4.6198313999999865,407.39814046,-1.0328631,-0.07050748,-0.00349252,2.1658767400000003,1.3813733200000005,1.1301232599999995,8.806903739999985,-26.607338119999948,26.607338119999948,100.0,40.51847224,77.75345536000017,93.0088801200002,65.94280440000016,49.21104754000012,184.5414291400004,394.4271802,-1.00449492,-0.011,0.0112929,0.4035445200000012,1.8940963600000007,4.72494942,10.0,-17.29806434,29.49506308,100.0,32.85,103.96317302000008,48.02108514000005,37.62476746000004,41.58526910000003,121.29036828000012,397.7218300399998,16,G0 X1.4919 Y1.4848
16:31:07.779,5,16,3.87735,-0.17341,1.02333,146.0457,12.48067,0.0,,0.0,0,0,,2,0,"{""sr"":{""mpox"":146.0457,""mpoy"":12.48067,""mpoz"":0,""mpoa"":0,""posx"":3.87735,""posy"":-0.17341,""posz"":1.02333,""posa"":0,""unit"":0,""stat"":5,""coor"":2,""momo"":0,""dist"":0,""home"":1,""mots"":1,""plan"":0,""line"":16,""path"":2,""frmo"":2,""prbe"":1,""safe"":0,""estp"":0,""spc"":1,""hold"":0,""macs"":5,""cycs"":1,""sps"":12000,""feed"":0,""mark"":2030957660}}",5.4176551460271725,0.2083109727161278,0.2030849718676347,0.20281148975286,5.4176551460271725,0.2083109727161278,0.2030849718676347,0.20281148975286,-0.99099736,0.03768552,-0.00999736,-1.749945820000001,-0.8556548000000015,0.935178959999999,-32.66144703999999,35.0,-33.99706564,100.0,33.58,63.16047460000149,22.873779240000545,19.46184038000046,18.095891420000424,56.68101954000136,348.13694057999936,-1.00694696,-0.0755066399999999,0.0231717399999999,5.319938440000001,1.7829329200000004,2.064525580000001,-4.946996379999999,17.0,-93.55935396,100.0,32.249343059999994,150.08061251999862,15.921297619999857,17.758369679999834,13.471867319999872,41.69331905999962,386.9146950199994,-0.9974456,-0.02939154,0.0139459399999999,-5.188,-8.1138499,0.4475012400000013,4.0,28.9460964,43.55463628,100.0,32.63109262,94.37759941999914,7.9110194799999265,5.530763879999951,6.085400159999944,16.43057949999985,556.5113950000002,-1.0068912,0.12343864,-0.01055186,2.862655919999999,1.6408897800000002,4.08265592,-24.0,35.0,33.0,100.0,33.0266086,96.60508814000065,1.772570560000012,1.3294278400000088,0.8862851200000059,3.9882831800000265,490.46407973999993,-1.03403638,-0.06958486,-0.0042889999999999,2.24259324,1.5335138,1.2055932399999998,10.126285180000004,-32.0,32.0,100.0,40.52,85.12889059999968,102.3279779199996,72.54999487999972,54.14178719999979,203.0317017399992,434.12537289999966,-1.00463634,-0.01115266,-0.0135770999999999,0.4584818199999999,1.8034448,4.8107193200000005,9.847250579999995,-17.847250579999997,30.4839087,100.0,32.84152762,107.34254459999994,50.060879379999925,39.22295675999994,43.35168981999993,126.4424276999998,443.1673903400001,16,G0 X1.4919 Y1.4848
16:31:08.035,5,16,3.36973,0.17946,1.02333,133.15217,21.44341,0.0,,0.0,0,0,,2,0,"{""sr"":{""mpox"":133.15217,""mpoy"":21.44341,""mpoz"":0,""mpoa"":0,""posx"":3.36973,""posy"":0.17946,""posz"":1.02333,""posa"":0,""unit"":0,""stat"":5,""coor"":2,""momo"":0,""dist"":0,""home"":1,""mots"":1,""plan"":0,""line"":16,""path"":2,""frmo"":2,""prbe"":1,""safe"":0,""estp"":0,""spc"":1,""hold"":0,""macs"":5,""cycs"":1,""sps"":12000,""feed"":0,""mark"":2030957660}}",5.418014023581703,0.2030623108874366,0.203988095124881,0.2081516166838761,5.418014023581703,0.2030623108874366,0.203988095124881,0.2081516166838761,-0.99000624,0.03899376,-0.0099937599999999,-1.6551645599999991,-0.8954732000000005,0.9028056199999998,-32.99365548,35.0,-33.0,100.0,33.589936820000005,151.0478209199994,50.3492733799998,44.15243963999982,41.05402337999983,128.58429931999947,336.02560762000013,-1.0063409,-0.075,0.0240734399999999,5.146666160000001,1.8672937,1.89395492,-5.0,17.0,-93.37297592,100.0,32.239679460000005,75.36668780000055,8.030876440000057,8.957516380000063,6.486476800000048,21.003831040000158,358.80326740000004,-0.99796414,-0.0296520799999999,0.0126879399999999,-5.426908600000001,-8.116216619999998,0.5810656000000006,4.0,28.68769466,43.68769466,100.0,32.6192828,48.71964748000035,4.059970520000028,3.123054280000021,3.123054280000021,8.43224694000006,398.94752120000015,-1.00660258,0.1239293799999999,-0.0116025799999999,2.81662004,1.6765559,4.04050746,-24.53186718,35.397476960000006,31.538788680000003,100.0,33.04326812,130.35695479999976,2.410092159999995,1.8075691199999968,1.7369132599999957,5.42270813999999,346.2243689400001,-1.03442698,-0.07075514,-0.0035730199999999,2.4532709399999995,1.5310857999999996,0.98695566,10.91839716,-31.91839716,32.0,100.0,40.515086,67.89529972000012,80.70573380000016,57.21993836000011,42.701446220000086,160.1304243000003,367.07629896,-1.0040979,-0.01114122,0.0144297799999999,0.5377760999999996,1.71570412,4.86277588,10.0,-17.57048988,30.57048988,100.0,32.84902034,117.18561396000008,45.36217358000003,35.43919796000003,39.69190148000003,114.82300092000008,342.8929822400001,16,G0 X1.4919 Y1.4848
16:31:08.293,5,16,2.85817,0.53505,1.02333,120.15872,30.47563,0.0,,0.0,0,0,,2,0,"{""sr"":{""mpox"":120.15872,""mpoy"":30.47563,""mpoz"":0,""mpoa"":0,""posx"":2.85817,""posy"":0.53505,""posz"":1.02333,""posa"":0,""unit"":0,""stat"":5,""coor"":2,""momo"":0,""dist"":0,""home"":1,""mots"":1,""plan"":0,""line"":16,""path"":2,""frmo"":2,""prbe"":1,""safe"":0,""estp"":0,""spc"":1,""hold"":0,""macs"":5,""cycs"":1,""sps"":12000,""feed"":0,""mark"":2030957660}}",5.356182467569831,0.2027494541695711,0.2032692259099541,0.2071861212112088,5.356182467569831,0.2027494541695711,0.2032692259099541,0.2071861212112088,-0.99000752,0.0390674,-0.0109258999999999,-1.6533904,-1.0788948799999991,0.9700673599999996,-33.00012,35.0,-33.87278643999999,100.005988,33.59932762,14.127815300000512,4.3754850600001545,3.7644333400001417,3.555940100000127,11.14468672000041,334.6071384999998,-1.0066069,-0.07499088,0.0243920199999999,5.266353919999999,1.8865353600000003,2.02599876,-5.0,17.0,-94.00913794,100.0,32.23187612,181.65460793999964,20.88570205999996,23.29559105999995,17.672517059999965,54.62414511999988,379.8954802799999,-0.99720432,-0.02919442,0.01300984,-4.976674320000002,-8.33471706,0.3796419400000002,4.786231039999998,28.0,43.99013642,100.0,32.62,124.18087225999976,10.349228059999977,7.164850579999984,7.960944259999983,21.49455073999995,510.9285981999996,-1.007,0.1230192,-0.01136268,2.87017246,1.6933677200000004,4.00824682,-24.362257940000003,35.34303748,33.98077954,100.0,33.02362304,75.46815924000019,1.3721479200000035,1.0291114400000028,0.6860739600000019,3.0873333200000084,403.1919173999998,-1.03170496,-0.0717231,-0.00381184,2.24877864,1.36776018,1.1095744200000002,10.61627932,-32.0,32.8044741,100.0,40.51,97.3720851399999,116.47673507999988,82.58138861999991,61.62790247999993,231.10463313999972,380.58240496,-1.00445148,-0.01093072,-0.0095105799999999,0.3978020799999999,1.74570738,4.9105628,10.0,-17.54815708,29.4786478,100.0,32.84548126,123.21602771999996,53.17122131999997,41.65992533999998,46.04518109999997,134.29844461999994,394.89118288,16,G0 X1.4919 Y1.4848
16:31:08.550,5,16,2.35055,0.88792,1.02333,107.26521,39.43837,0.0,,0.0,0,0,,2,0,"{""sr"":{""mpox"":107.26521,""mpoy"":39.43837,""mpoz"":0,""mpoa"":0,""posx"":2.35055,""posy"":0.88792,""posz"":1.02333,""posa"":0,""unit"":0,""stat"":5,""coor"":2,""momo"":0,""dist"":0,""home"":1,""mots"":1,""plan"":0,""line"":16,""path"":2,""frmo"":2,""prbe"":1,""safe"":0,""estp"":0,""spc"":1,""hold"":0,""macs"":5,""cycs"":1,""sps"":12000,""feed"":0,""mark"":2030957660}}",5.376946219077314,0.200320616345695,0.2014354085306601,0.203268726642226,5.376946219077314,0.200320616345695,0.2014354085306601,0.203268726642226,-0.99,0.0380839999999999,-0.00900032,-1.6023733599999983,-1.027694360000001,0.926221159999999,-32.91622044000001,35.0,-33.832440960000014,100.0,33.58,195.1508429600018,60.47055732000055,51.30869656000048,48.55969036000045,153.0084899600014,299.38332952000053,-1.006,-0.0749943599999999,0.0219268399999999,5.173790439999999,1.664849959999999,2.0270906000000006,-5.0,17.067568239999993,-93.06756824,100.0,32.24135136,51.47621627999857,5.425035319999847,6.05100067999983,4.449327599999869,14.047466679999598,356.17177180000056,-0.9971748,-0.029,0.0138251999999999,-5.247938080000002,-8.36964828,0.3111897999999978,4.0,28.0,42.4168118,100.0,32.61650124,37.90928499999914,3.1445300399999283,2.17698255999995,2.4188692399999447,6.530946759999851,496.2187359200008,-1.00667064,0.12394704,-0.0112764,2.869,1.8044649200000005,4.016840279999999,-24.0,35.329130000000006,32.0529336,100.0,33.02,134.7101742800006,2.4717465200000106,1.853810120000008,1.853810120000008,5.561429440000024,385.4297591200005,-1.03097796,-0.07090216,-0.0046338399999999,2.27130196,1.784663360000001,1.20896084,10.366498560000004,-32.0,32.63350144,100.0,40.49,65.00362603999969,78.51723815999965,55.66830631999976,41.54351211999982,155.7881714799993,370.23669648,-1.0045676,-0.011,-0.0152726800000001,0.4590044,1.8664146800000003,4.70781904,9.432614360000004,-17.042726879999996,29.47534124,100.0,32.84475312,107.35777168000004,45.67551419999994,36.12595707999996,39.92868875999996,116.02606239999986,310.05368368,16,G0 X1.4919 Y1.4848
16:31:08.808,5,16,1.84294,1.24078,1.02333,94.37169,48.40111,0.0,,0.0,0,0,,2,0,"{""sr"":{""mpox"":94.37169,""mpoy"":48.40111,""mpoz"":0,""mpoa"":0,""posx"":1.84294,""posy"":1.24078,""posz"":1.02333,""posa"":0,""unit"":0,""stat"":5,""coor"":2,""momo"":0,""dist"":0,""home"":1,""mots"":1,""plan"":0,""line"":16,""path"":2,""frmo"":2,""prbe"":1,""safe"":0,""estp"":0,""spc"":1,""hold"":0,""macs"":5,""cycs"":1,""sps"":12000,""feed"":0,""mark"":2030957660}}",5.264010749071975,0.1971363379880567,0.2047926204728101,0.2070371170354996,5.264010749071975,0.1971363379880567,0.2047926204728101,0.2070371170354996,-0.99024608,0.039,-0.0084913999999999,-1.7235560799999996,-0.916,1.038,-32.00180768,35.00180768,-33.99819232,100.02440524,33.57245852,48.32208499999848,16.10736191999949,13.91090323999956,12.93469935999959,40.75650635999872,330.76380283999987,-1.006,-0.07467988,0.02267988,5.541617760000004,1.6682403599999978,1.9872637600000005,-5.0,17.679701400000006,-94.27509764,100.0,32.2576402,171.96434896000136,17.67222540000014,19.711328600000154,14.953421800000118,46.21966696000037,379.0280351599999,-0.99755296,-0.02967532,0.0132023199999999,-5.138637760000002,-8.176406559999998,0.6067037600000015,4.0,28.12240864,43.20230367999999,100.0,32.63472948,105.34482320000085,8.77873560000007,6.077585880000048,6.752873560000054,18.232757880000143,538.6641356,-1.00675832,0.123,-0.0111631999999999,2.8395446799999995,1.7648154800000009,4.1400436,-24.595342440000003,35.0,33.0,100.0,33.02078228,87.73250767999939,1.6186312399999885,1.2139729199999916,1.2139729199999916,3.6419192799999744,467.14272776,-1.0334397599999998,-0.06943316,-0.005,2.3441505600000005,1.4528295200000023,1.0551889200000002,10.566946600000003,-31.84873256000001,32.28178596,100.0,40.49869464,89.01066872000033,107.15297072000038,75.97088964000028,56.694693680000206,212.6051004000008,452.2436931199997,-1.004,-0.0106587599999999,-0.0025844799999998,0.3226069600000001,1.81651124,4.724311759999999,10.0,-17.0,30.34098008,100.0,32.84,113.12637028000016,51.03840920000008,39.98885656000006,44.19820956000007,128.9114455600002,447.23562292000025,16,G0 X1.4919 Y1.4848
16:31:09.065,5,16,1.49803,1.48054,1.02333,85.61119,54.49086,0.0,,0.0,0,0,,2,0,"{""sr"":{""mpox"":85.61119,""mpoy"":54.49086,""mpoz"":0,""mpoa"":0,""posx"":1.49803,""posy"":1.48054,""posz"":1.02333,""posa"":0,""unit"":0,""stat"":5,""coor"":2,""momo"":0,""dist"":0,""home"":1,""mots"":1,""plan"":0,""line"":16,""path"":2,""frmo"":2,""prbe"":1,""safe"":0,""estp"":0,""spc"":1,""hold"":0,""macs"":5,""cycs"":1,""sps"":12000,""feed"":0,""mark"":2030957660}}",5.253446577731196,0.1998946694909065,0.1802490967425109,0.1914463109410419,5.253446577731196,0.1998946694909065,0.1802490967425109,0.1914463109410419,-0.99000152,0.03899848,-0.00999506,-1.676567619999999,-0.9474058400000008,0.854,-32.99832876,35.0,-32.62042266,100.0,33.57382914,126.8222817199992,40.83758389999974,34.65174221999978,32.793817479999795,102.71438209999936,301.4399018,-1.0057364400000002,-0.075,0.02386906,5.422725659999999,1.8483415600000008,1.96331086,-5.0,17.0,-94.32107188,100.0,32.24263412,103.90947842000068,10.80265142000007,12.049110960000078,9.04629056000006,28.158674180000183,361.3351438999998,-0.99742026,-0.02942026,0.0133192,-5.376627280000002,-8.06222792,0.5623032600000002,4.0,28.68064876,43.31935124,100.0,32.61797446,66.47266910000042,5.467989840000034,3.785531680000024,4.206146280000026,11.356594040000072,447.43958936,-1.007,0.12325802,-0.01125802,2.83221472,1.7978424,4.07326496,-24.0,35.0,33.4564302,100.0,33.04087126,119.5854035399997,2.1742804399999947,1.6307100199999955,1.6307100199999955,4.892130299999987,398.1066126599998,-1.03453044,-0.07001076,-0.0037706,2.4099645400000003,1.6987283999999998,1.1269793599999998,10.240186220000002,-32.0,31.4695267,100.0,40.51,73.70485022000015,88.74055124000019,62.91658132000014,46.9526726400001,176.07252190000037,423.93220925999975,-1.00421242,-0.0115098199999999,-0.0143498199999999,0.3907368200000003,1.7233345599999992,4.803868220000001,10.0,-17.50968992,29.78755036,100.0,32.83509658,106.69025098000024,47.56006858000004,37.26355884000003,41.18603858000004,119.84808564000012,415.80200091999984,16,G0 X1.4919 Y1.4848
16:31:09.323,5,17,1.4919,1.4848,0.99763,85.45539,54.59916,-0.65278,,0.0,0,0,,2,0,"{""sr"":{""mpox"":85.45539,""mpoy"":54.59916,""mpoz"":-0.65278,""mpoa"":0,""posx"":1.4919,""posy"":1.4848,""posz"":0.99763,""posa"":0,""unit"":0,""stat"":5,""coor"":2,""momo"":0,""dist"":0,""home"":1,""mots"":1,""plan"":0,""line"":17,""path"":2,""frmo"":2,""prbe"":1,""safe"":0,""estp"":0,""spc"":1,""hold"":0,""macs"":5,""cycs"":1,""sps"":12000,""feed"":0,""mark"":2030957660}}",5.1498651151463815,0.1958647826835247,0.2022647401783996,0.1953567906717697,5.1498651151463815,0.1958647826835247,0.2022647401783996,0.1953567906717697,-0.99045816,0.03900486,-0.0104532999999999,-1.5257111,-0.7980879200000005,0.8827079599999997,-33.00473688,35.0,-33.08340906000001,100.0,33.56541702,107.93053180000092,35.97684378000031,30.60716574000026,28.45929468000024,89.67362570000076,289.57859981999974,-1.00607038,-0.0754727799999999,0.02484384,5.105330019999999,1.6306195199999989,1.98183462,-4.456985800000004,16.0,-94.0,100.0,32.24542998,114.39133459999924,12.289977759999916,13.708052399999907,10.39921187999993,32.14301957999978,347.1954532,-0.9970736,-0.0299264,0.0139493799999999,-5.2397337,-8.031717700000002,0.5838342799999994,5.0,28.0,43.47468246,100.0,32.62424022,78.79730001999948,6.17087321999996,4.746825299999968,4.746825299999968,12.816428439999916,414.2444096600001,-1.0065164,0.12311586,-0.0115164,2.88705086,1.79049378,4.009251140000001,-24.0,35.0,33.483921759999994,100.0,33.037477100000004,111.91323314000036,2.0643130400000067,1.5482348000000052,1.5482348000000052,4.644704400000015,354.3805563,-1.0319989,-0.07050894,-0.0033385599999999,2.3385847,1.4556852399999998,1.1795846999999997,10.169276319999998,-31.83072368,32.83072368,100.0,40.523394980000006,78.10909849999982,92.84666451999978,65.82779409999983,48.63396699999988,184.21957261999955,345.5332789200002,-1.00449776,-0.0107073999999999,0.01459014,0.3246154799999995,1.85572658,4.81662368,10.0,-17.0,29.795151420000003,100.0,32.83,108.5265694999999,48.28934531999995,37.834951039999964,41.81757765999996,121.96793339999988,418.6032538400002,17,Z0.6
16:31:09.579,5,17,1.4919,1.4848,0.76528,85.45539,54.59916,-6.5545,,0.0,0,0,,2,0,"{""sr"":{""mpox"":85.45539,""mpoy"":54.59916,""mpoz"":-6.5545,""mpoa"":0,""posx"":1.4919,""posy"":1.4848,""posz"":0.76528,""posa"":0,""unit"":0,""stat"":5,""coor"":2,""momo"":0,""dist"":0,""home"":1,""mots"":1,""plan"":0,""line"":17,""path"":2,""frmo"":2,""prbe"":1,""safe"":0,""estp"":0,""spc"":1,""hold"":0,""macs"":5,""cycs"":1,""sps"":12000,""feed"":0,""mark"":2030957660}}",5.17494848243264,0.2000377524689696,0.1888714283829019,0.1926789237662258,5.17494848243264,0.2000377524689696,0.1888714283829019,0.1926789237662258,-0.9906676,0.04266034,-0.0087659999999998,-1.629106899999999,-0.9540956400000024,0.9162178,-33.0,35.00356532,-33.0,100.0,33.56996436,68.36316841999812,22.66138733999937,19.567632999999457,18.197780579999492,57.33661189999841,1011.4309834,-1.00750632,-0.07762502,0.0266950999999999,5.29710924,2.12310924,2.099445180000001,-5.0,16.559239780000006,-93.22414206,100.0,32.242166080000004,146.20123446000156,15.913848100000171,17.750061520000195,13.412732400000149,41.62083400000045,1087.678684040005,-0.99716488,-0.0286692399999999,0.01283112,-5.347150560000001,-8.273466480000005,0.3898494399999984,4.554863320000008,28.0,43.38957727999999,100.0,32.62944444,93.672496640001,7.935497040000084,5.493805820000059,6.104228540000065,16.481417800000177,1654.554072320004,-1.00788318,0.1226583399999999,-0.0100910599999999,2.842596240000001,1.7375188000000017,4.022451320000002,-24.0,34.89170184,32.55848416,100.0,33.02207918,94.48442589999924,1.766064359999986,1.3245478599999896,0.883031679999993,3.973643899999968,1201.998942000004,-1.01125822,0.146320780000001,-0.0011788599999999,2.36722178,1.6692262599999956,1.2868558400000003,11.295570259999986,-29.659022400000197,34.20399783999992,100.0,40.52,85.15902002000038,102.36427418000046,72.57572866000034,54.16099174000025,203.10371804000093,1495.4920539000038,-1.00382156,-0.01095602,0.0064707799999999,0.4449439600000001,1.7950073399999995,4.837275320000001,10.848193400000005,-17.0,29.366202320000006,100.0,32.8215181,119.61609486000036,50.095040960000105,39.216857640000086,43.51273426000009,126.60852816000026,1207.2774156800024,17,Z0.6
16:31:09.855,5,18,1.4919,1.4848,0.43783,85.45539,54.59916,-14.8716,,0.0,0,0,,2,0,"{""sr"":{""mpox"":85.45539,""mpoy"":54.59916,""mpoz"":-14.8716,""mpoa"":0,""posx"":1.4919,""posy"":1.4848,""posz"":0.43783,""posa"":0,""unit"":0,""stat"":5,""coor"":2,""momo"":0,""dist"":0,""home"":1,""mots"":1,""plan"":0,""line"":18,""path"":2,""frmo"":2,""prbe"":1,""safe"":0,""estp"":0,""spc"":1,""hold"":0,""macs"":5,""cycs"":1,""sps"":12000,""feed"":0,""mark"":2030957660}}",5.188063651122083,0.1922928979335982,0.1879518240020134,0.2032081152034543,5.188063651122083,0.1922928979335982,0.1879518240020134,0.2032081152034543,-0.9984312,0.0456824999999999,-0.00406504,-1.5715768200000018,-0.8996817600000018,0.8883806200000014,-32.81337587999999,35.0,-33.00133956,100.01866284,33.56186632,161.86113599999854,53.68281023999952,46.36242695999958,43.10892343999961,135.02040065999876,2033.32331738,-1.00064568,-0.0706896,0.01934108,5.250651400000001,1.7292027400000012,1.9699001200000004,-5.0,16.0,-93.44589392,100.0,32.23543826,68.40507132000127,7.203382960000135,8.03454258000015,6.095169980000113,18.83961702000035,2146.585793859998,-0.98970896,-0.0284448399999999,0.0141710799999999,-5.191052019999998,-8.118,0.4867601999999996,3.393415119999975,23.753905659999823,36.47921217999973,100.0,32.606967,44.4261179600008,3.6785959400000654,2.546719700000046,2.829688920000051,7.640160100000138,3768.4783347400016,-1.01699572,0.12646152,-0.01538462,2.8745179000000003,1.7390817399999996,4.05891826,-24.0,35.0,32.85976466,100.0,33.005069039999995,134.76129135999943,2.4613930399999893,1.846045439999992,1.846045439999992,5.538135499999976,2058.76264484,-0.9668658000000002,0.5073706199999993,-0.0540139799999999,1.3569443000000116,1.8272418999999995,1.3762263599999989,11.388030600000008,-18.08488070000001,34.37669322000001,100.0,40.53583014,66.41304478000032,78.80850474000037,55.87481322000026,41.69762164000019,156.36608106000074,2124.091739460003,-1.00373418,-0.0115711,-0.01683272,0.5061629799999999,2.0631197199999987,4.777347720000001,10.366004539999995,-17.0,30.53412246,100.0,32.826340339999994,106.78279089999992,45.19008538000008,35.40666506000006,39.13368210000007,114.1399061600002,2678.8386316599986,18,G0 Z0.2
16:31:10.130,5,18,1.4919,1.4848,0.20354,85.45539,54.59916,-20.82256,,0.0,0,0,,2,0,"{""sr"":{""mpox"":85.45539,""mpoy"":54.59916,""mpoz"":-20.82256,""mpoa"":0,""posx"":1.4919,""posy"":1.4848,""posz"":0.20354,""posa"":0,""unit"":0,""stat"":5,""coor"":2,""momo"":0,""dist"":0,""home"":1,""mots"":1,""plan"":0,""line"":18,""path"":2,""frmo"":2,""prbe"":1,""safe"":0,""estp"":0,""spc"":1,""hold"":0,""macs"":5,""cycs"":1,""sps"":12000,""feed"":0,""mark"":2030957660}}",5.124652026933672,0.191220663876623,0.2040723892718403,0.2066328099466185,5.124652026933672,0.191220663876623,0.2040723892718403,0.2066328099466185,-0.98830696,0.03107004,-0.01854028,-1.7345189599999993,-0.9147386,0.9791907199999996,-32.99587852,35.0,-32.00412148,100.0,33.56676236,126.46107587999973,44.63332087999991,38.54695915999992,35.84190939999993,112.25956487999976,1922.83957276,-1.00942608,-0.0801665199999999,0.0325213999999999,5.23728508,2.0261888,1.97290464,-5.573788079999999,16.95004544,-93.0,100.0,32.233762639999995,92.55937188000026,9.782697680000023,10.911470440000029,8.27766724000002,25.585517480000068,1657.24510324,-0.99759776,-0.03252168,0.01234832,-5.40016532,-8.35056312,0.38148736,4.0,28.5726586,43.94922144,100.0,32.60753108,58.74376800000015,4.895313640000013,3.389063600000009,3.76562644000001,10.167190800000023,2951.5273127599994,-0.99965556,0.11836004,-0.005,2.84701236,1.8139746,4.14190284,-24.43362724,35.0,32.36044956,100.0,33.021029760000005,123.72673051999988,2.265490999999998,1.6991179199999984,1.2357067599999991,5.097354079999995,1884.3204719999997,-0.96722156,0.2112329999999997,0.0236543199999999,2.9648877199999983,1.8533246800000005,1.3002122,8.552036160000005,-20.25998412,22.42054772,100.0,40.50572416,71.85336504000006,85.95117736000007,60.938930120000045,45.47681364000004,170.53805056000013,2154.7273085199995,-1.00512676,-0.0133095199999999,-0.00902044,0.4251433599999996,1.7511123600000005,4.74799828,10.85785408,-17.0,30.0,100.0,32.83482224,117.17747620000004,46.774548160000016,36.64809952000001,40.50579428000001,118.14189964000003,2032.40880472,18,G0 Z0.2
16:31:10.388,5,19,1.4919,1.4848,0.10287,85.45539,54.59916,-23.37961,,0.0,0,0,,2,0,"{""sr"":{""mpox"":85.45539,""mpoy"":54.59916,""mpoz"":-23.37961,""mpoa"":0,""posx"":1.4919,""posy"":1.4848,""posz"":0.10287,""posa"":0,""unit"":0,""stat"":5,""coor"":2,""momo"":0,""dist"":0,""home"":1,""mots"":1,""plan"":0,""line"":19,""path"":2,""frmo"":2,""prbe"":1,""safe"":0,""estp"":0,""spc"":1,""hold"":0,""macs"":5,""cycs"":1,""sps"":12000,""feed"":0,""mark"":2030957660}}",5.047583712992839,0.1989038622561858,0.2033540442973154,0.2106956915669245,5.047583712992839,0.1989038622561858,0.2033540442973154,0.2106956915669245,-0.9935678,0.0503587999999999,-0.00148552,-1.7116286799999998,-0.93532024,0.93540256,-32.15970644,35.0,-33.84029356,100.0,33.57,23.00514272000012,10.699683920000044,9.102616320000047,8.464458520000036,26.671030280000124,1829.53425676,-1.00301204,-0.07233556,0.0129864799999999,5.31151808,1.89278868,2.00562108,-4.97511376,16.7124544,-93.0,100.02626592,32.2397512,175.1728695999999,19.170864559999988,21.38288715999999,16.22150115999999,50.139183919999965,1675.30535144,-1.00656688,-0.0281012799999999,0.01263328,-5.36483144,-8.23622552,0.51817556,4.0,28.265468,43.05123808,100.0,32.60556548,112.35777303999993,9.548915479999993,7.319700439999995,7.345319479999995,19.832363119999982,2679.839059080001,-0.99726812,0.12125472,-0.01065676,2.81110784,1.67714368,4.13485684,-24.05094768,34.426822640000005,33.375874960000004,100.0,33.02,82.31652160000004,1.5034980000000011,1.1276238800000007,1.1276238800000007,3.3828708000000023,1813.9353484000003,-0.93939192,0.2961430000000001,-0.00940476,3.625458479999999,1.6151638399999997,1.13850716,9.17161236,-34.150157079999985,24.683736399999987,100.0,40.5058822,92.87797395999996,111.17197279999996,78.82034031999997,58.292380719999976,220.57931119999995,2129.1092115600004,-1.005466,-0.0108243999999999,0.01449484,0.49881488,1.62399816,4.79374532,10.07128048,-17.0,30.0,100.0,32.85,123.40094235999996,51.99490555999999,40.7382764,45.02651647999999,131.32733915999998,2242.2599644400007,19,Z0.1
16:31:10.647,5,22,1.50845,1.47204,0.09926,85.87565,54.27513,-23.47122,,185.42,0,0,,2,1,"{""sr"":{""mpox"":85.87565,""mpoy"":54.27513,""mpoz"":-23.47122,""mpoa"":0,""posx"":1.50845,""posy"":1.47204,""posz"":0.09926,""posa"":0,""unit"":0,""stat"":5,""coor"":2,""momo"":1,""dist"":0,""home"":1,""mots"":1,""plan"":0,""line"":22,""path"":2,""frmo"":2,""prbe"":1,""safe"":0,""estp"":0,""spc"":1,""hold"":0,""macs"":5,""cycs"":1,""sps"":12000,""feed"":185.42,""mark"":2030957660}}",5.146128540898293,0.198698424886435,0.2061957317207778,0.2074503310724181,5.146128540898293,0.198698424886435,0.2061957317207778,0.2074503310724181,-0.99097246,0.0389724599999999,-0.0187461199999999,-1.8207085599999977,-0.7964452600000007,0.97699084,-32.99992546,35.0,-32.028154580000006,100.0,33.58000074,236.17066693999843,65.11854351999958,55.39934695999964,51.51174265999966,162.31058563999895,3034.494177799998,-1.00727096,-0.0869829799999999,0.0358649799999999,5.600553519999997,1.9013249999999984,2.225961379999999,-4.016951100000005,16.0,-93.84752474,100.0,32.23525584,39.8660185600011,4.405072580000115,4.9133506800001285,3.727369120000097,11.5209590800003,2376.8721493199982,-1.0091862799999998,-0.02808434,0.0129493999999999,-5.066582600000001,-8.316040659999999,0.4900577000000006,3.173880040000004,28.0,42.9831336,100.0,32.61686008,26.917623680000663,2.2604366200000565,1.5649174400000394,1.7387974800000436,4.694752300000118,6255.4170935,-1.0204528399999997,0.1248908199999999,-0.0189644199999999,2.830359860000001,1.7906947400000004,4.04702964,-24.67439016,34.9863516,33.0,100.0,33.023623859999994,147.0170675199995,2.6975605999999903,2.023170459999993,2.023170459999993,6.06951233999998,2950.8419496600004,-0.8898411200000003,0.5595033800000001,-0.00235024,0.9952091600000068,1.4095904600000015,1.2089388600000004,12.124152120000003,-28.452813439999964,33.76888954000002,100.0,40.5163789,59.58007956000026,70.82160460000031,50.21214268000023,37.47174850000017,140.51905612000064,3268.2828174599995,-1.00448244,-0.0093190999999999,-0.01074396,0.4582246799999988,1.5986743000000017,4.79327636,10.551307519999998,-17.0,29.56240256,100.0,32.87,98.27473052000016,43.52316326000007,34.10062226000005,37.69016206000006,109.92963788000016,3661.2926050400015,22,X1.5123 Y1.4696 Z0.0991
16:31:10.903,5,26,1.53664,1.45857,0.09816,86.59177,53.93283,-23.49928,,185.42,0,0,,2,1,"{""sr"":{""mpox"":86.59177,""mpoy"":53.93283,""mpoz"":-23.49928,""mpoa"":0,""posx"":1.53664,""posy"":1.45857,""posz"":0.09816,""posa"":0,""unit"":0,""stat"":5,""coor"":2,""momo"":1,""dist"":0,""home"":1,""mots"":1,""plan"":0,""line"":26,""path"":2,""frmo"":2,""prbe"":1,""safe"":0,""estp"":0,""spc"":1,""hold"":0,""macs"":5,""cycs"":1,""sps"":12000,""feed"":185.42,""mark"":2030957660}}",5.158990604803371,0.1980489914717473,0.2054501504753151,0.2102560450790617,5.158990604803371,0.1980489914717473,0.2054501504753151,0.2102560450790617,-0.98928866,0.0498481799999999,-0.0094351599999999,-1.5777092400000037,-0.932955580000001,1.1337942599999984,-32.142430360000006,35.0,-33.0,100.01412858,33.59142408,30.51703484000197,9.465932140000612,7.911823700000512,7.487976360000483,23.59418932000153,2895.409667519995,-1.00493274,-0.0754344,0.02448474,5.22555338,1.551617220000001,1.9144771200000008,-4.8665804600000016,16.0,-93.49809713999998,100.0,32.240158560000005,186.51314315999844,19.47526781999984,21.72241445999982,16.479072539999862,50.93531647999957,1955.7373525999965,-1.00606606,-0.027977,0.01253772,-5.26611056,-8.12655528,0.5504075799999995,4.0,28.0,43.14025052,100.0,32.6111718,114.35635779999905,9.65345855999992,7.425737979999937,7.425737979999937,20.04949135999983,6072.596799099987,-1.01135156,0.12085214,-0.0103684,2.8356492000000006,1.6531862000000002,4.050463000000001,-24.0,35.0,32.463124300000004,100.0,33.012733940000004,79.44615790000071,1.4729824200000134,1.10473624000001,1.10473624000001,3.3142094400000297,2895.8463151399974,-0.97110946,0.3628695999999992,-0.0146097199999998,5.990976219999972,1.6628714800000033,1.25552096,12.699147559999988,-17.15359608000003,32.51163264000008,100.0,40.531914480000005,94.7194838599996,112.59108491999956,79.82648337999969,58.97628273999977,223.39500931999908,2983.955894999997,-1.00553472,-0.0116098999999999,-0.01190916,0.2676363400000015,1.8211598200000003,4.8314544800000006,10.922503839999996,-17.53673966,29.07749616000001,100.0,32.8807749,107.8846654199998,52.06374389999991,40.79221131999993,45.08612859999992,131.50120889999977,3840.424018179995,26,X1.5437 Y1.4565 Z0.0979
16:31:11.161,5,29,1.56748,1.45272,0.09705,87.37522,53.78424,-23.52743,,185.42,0,0,,2,1,"{""sr"":{""mpox"":87.37522,""mpoy"":53.78424,""mpoz"":-23.52743,""mpoa"":0,""posx"":1.56748,""posy"":1.45272,""posz"":0.09705,""posa"":0,""unit"":0,""stat"":5,""coor"":2,""momo"":1,""dist"":0,""home"":1,""mots"":1,""plan"":0,""line"":29,""path"":2,""frmo"":2,""prbe"":1,""safe"":0,""estp"":0,""spc"":1,""hold"":0,""macs"":5,""cycs"":1,""sps"":12000,""feed"":185.42,""mark"":2030957660}}",5.111037158080436,0.2004025311555188,0.2051170248591722,0.2142453030716178,5.111037158080436,0.2004025311555188,0.2051170248591722,0.2142453030716178,-0.9903909,0.0422160999999998,-0.0098647000000001,-1.6663753000000003,-1.000564599999999,0.9712593000000012,-32.6920477,35.0,-31.307952300000007,100.0,33.6230574,71.36427169999929,46.669740999999526,39.7022019999996,36.91608219999963,116.32048519999884,2038.4507235000024,-1.0117566,-0.0805028,0.0316254,5.032313100000005,2.0307282999999967,1.9882081000000016,-5.106649899999999,16.641902999999996,-92.2132998,100.0,32.23,80.73221570000115,9.310523200000128,10.38481460000014,7.878135200000107,24.35059890000033,1990.2717816999975,-0.9882556,-0.0356578999999999,0.0126136,-5.281512899999999,-8.128289000000002,0.4321932999999994,4.250761600000006,28.8880336,44.0,100.0,32.61,55.66764840000072,4.715463100000062,3.5153131000000486,3.627279500000048,9.79365390000013,2997.104685800008,-0.9994774,0.1203401,-0.0068786,2.9252706,1.6664025,3.9943462,-24.0,35.0,32.44829609999999,100.0,33.0234919,124.98184669999944,2.29324499999999,1.7199337999999922,1.1466222999999949,5.159801099999977,2110.7070277000034,-0.9890235,0.2208240000000007,0.0391924999999998,2.3582095999999955,1.7816481999999985,1.1354997000000009,9.17388369999999,-20.00266350000004,19.71218099999997,100.0,40.4955144,71.31693780000029,84.77296440000035,60.10358310000025,44.59367750000018,168.2003257000007,2059.3840651000028,-1.0044494,-0.0130221,0.0024496999999999,0.1941005000000009,1.7769975999999983,4.8995198,11.0,-16.4786578,29.8348428,100.0,32.91,97.4216543999998,46.42980500000007,36.377992000000056,40.20725380000006,117.27115740000018,2278.919318800006,29,X1.5689 Y1.4526 Z0.097
16:31:11.419,5,33,1.5986,1.45485,0.09595,88.16557,53.83843,-23.55537,,185.42,0,0,,2,1,"{""sr"":{""mpox"":88.16557,""mpoy"":53.83843,""mpoz"":-23.55537,""mpoa"":0,""posx"":1.5986,""posy"":1.45485,""posz"":0.09595,""posa"":0,""unit"":0,""stat"":5,""coor"":2,""momo"":1,""dist"":0,""home"":1,""mots"":1,""plan"":0,""line"":33,""path"":2,""frmo"":2,""prbe"":1,""safe"":0,""estp"":0,""spc"":1,""hold"":0,""macs"":5,""cycs"":1,""sps"":12000,""feed"":185.42,""mark"":2030957660}}",5.15602969990084,0.1996164690565903,0.2066420163362371,0.2080305136764051,5.15602969990084,0.1996164690565903,0.2066420163362371,0.2080305136764051,-0.99369916,0.03349088,-0.0118961399999999,-1.6906448999999986,-0.962999939999998,0.9487968999999996,-33.0,35.0,-33.0,100.0537651,33.62996366,93.123026920001,30.735186140000327,25.68911062000028,24.31290810000026,76.60859884000082,2480.895648020002,-1.00106142,-0.07263374,0.02269852,5.303080679999999,1.8438340199999996,1.89926766,-5.0,16.525982939999995,-92.91444834,100.0,32.2361153,127.81384971999915,13.67555583999991,15.2535047399999,11.571624539999924,35.766838499999764,2027.7794026000004,-0.98915784,-0.0343327,0.0126135999999999,-5.062562899999999,-8.145903120000002,0.5008351400000004,4.0,28.0,43.91202806,100.0,32.61139326,78.32585381999951,6.30812221999996,4.73109229999997,5.256768579999966,14.19327589999991,4471.004475020006,-0.9991607,0.1244453399999999,-0.0103855799999999,2.8552026000000006,1.75942518,4.139843819999999,-24.62687466000001,35.0,32.68656244,100.0,33.02313444,105.6008916400004,1.9471735000000072,1.4603802800000052,1.4603802800000052,4.381140760000016,2538.569099060001,-0.9581300599999998,0.17589302,0.00139842,3.0176391600000043,1.6303056399999998,1.25090214,10.419858579999994,-37.14939389999999,20.016804079999957,100.0,40.49799876,80.0390955799998,96.35279667999976,68.31362295999982,50.98031551999987,191.17618373999952,2585.4814982,-1.006757,-0.0154655599999999,-0.0010930399999999,0.5990127200000016,1.7365663399999989,4.8685999,10.253927820000005,-17.0,29.75726244,100.0,32.9175727,90.0968841599999,48.82345083999995,38.25342521999996,42.28010201999996,123.31696387999988,2806.4193186800003,33,X1.6028 Y1.4557 Z0.0958
16:31:11.676,5,37,1.6282,1.46475,0.09485,88.91748,54.08992,-23.58335,,185.42,0,0,,2,1,"{""sr"":{""mpox"":88.91748,""mpoy"":54.08992,""mpoz"":-23.58335,""mpoa"":0,""posx"":1.6282,""posy"":1.46475,""posz"":0.09485,""posa"":0,""unit"":0,""stat"":5,""coor"":2,""momo"":1,""dist"":0,""home"":1,""mots"":1,""plan"":0,""line"":37,""path"":2,""frmo"":2,""prbe"":1,""safe"":0,""estp"":0,""spc"":1,""hold"":0,""macs"":5,""cycs"":1,""sps"":12000,""feed"":185.42,""mark"":2030957660}}",5.197207601896372,0.2023660298097842,0.2022424484922305,0.2068814198693258,5.197207601896372,0.2023660298097842,0.2022424484922305,0.2068814198693258,-0.9910124,0.0445612,-0.0044434,-1.514487399999994,-0.8789875999999991,0.9277364000000016,-32.39797199999998,35.0,-32.60202800000002,100.0,33.63,77.35617719999729,26.834764999999063,22.829576399999198,21.22750079999925,66.88665299999765,2037.6013312000011,-1.0095552,-0.077573,0.014507,5.336220000000004,1.7027634000000014,1.9804340000000007,-4.42836079999999,16.0,-93.060948,100.0,32.2197862,139.6628274000024,14.862621200000255,16.577539400000287,12.004424800000209,38.87147080000067,1912.4278809999985,-0.9958561999999996,-0.033066,0.0133575999999999,-5.544636000000007,-8.043019200000002,0.6335688000000025,4.0,28.0640724,43.0,100.0,32.6135732,87.05114540000145,7.395844800000126,5.120200200000087,5.689111400000096,15.36060080000026,3906.429875200002,-1.0076425999999998,0.1234157999999999,-0.013545,2.8722833999999997,1.6934796000000003,4.140542399999998,-24.0,35.0,32.4633056,100.0,33.0207338,99.1473803999989,1.8532217999999792,1.3899167999999844,1.3899167999999844,4.169749799999954,2115.5269672,-0.9357954000000004,0.4716712000000002,0.0120246000000008,1.0485907999999795,1.8468948000000016,1.267263600000001,12.881365200000015,-27.932666199999854,37.47864839999986,100.0,40.5014788,83.6599964000006,99.62068940000071,70.6305416000005,52.70935940000037,197.66009820000136,2339.6126510000013,-1.0074809999999998,-0.0174695999999999,-0.0062770000000001,0.5276173999999993,1.8493760000000017,4.822,10.669643599999992,-17.0,29.179732399999995,100.0,32.9382028,103.79985079999987,49.29888280000014,38.58701720000012,42.84746100000012,124.28193920000037,2507.830398000002,37,X1.6345 Y1.4679 Z0.0946
16:31:11.932,5,40,1.65455,1.48199,0.09382,89.5866,54.5279,-23.6094,,185.42,0,0,,2,1,"{""sr"":{""mpox"":89.5866,""mpoy"":54.5279,""mpoz"":-23.6094,""mpoa"":0,""posx"":1.65455,""posy"":1.48199,""posz"":0.09382,""posa"":0,""unit"":0,""stat"":5,""coor"":2,""momo"":1,""dist"":0,""home"":1,""mots"":1,""plan"":0,""line"":40,""path"":2,""frmo"":2,""prbe"":1,""safe"":0,""estp"":0,""spc"":1,""hold"":0,""macs"":5,""cycs"":1,""sps"":12000,""feed"":185.42,""mark"":2030957660}}",5.205525285316594,0.204413857235825,0.2164866922237412,0.212303034737347,5.205525285316594,0.204413857235825,0.2164866922237412,0.212303034737347,-0.99219188,0.0332374400000002,-0.0147040399999998,-1.5618142000000022,-0.7751716000000067,0.811801560000001,-32.715185359999985,35.0,-32.831133480000055,100.0,33.63,98.69554175999748,48.63258587999876,40.76555003999896,37.90480987999904,119.43590895999694,2065.455599439999,-1.0015687599999998,-0.0747883999999999,0.0238896399999998,5.405547440000001,1.6801808399999945,1.976774560000001,-5.0,15.652883239999989,-92.95737364,100.0,32.216528880000006,85.04366544000315,9.025041960000337,10.066392960000371,7.636574200000282,23.60395640000087,1816.6154724000007,-0.9984805599999996,-0.02691216,0.014,-5.052730560000004,-8.083588759999998,0.4428698000000004,1.5660846400000623,10.96259392000044,17.226933920000683,100.0,32.59783056,53.20349728000195,4.520558840000165,3.129617400000115,3.477352800000127,9.388852640000344,3655.013296239995,-1.02006936,0.1266213999999999,-0.0142679999999999,2.722546080000001,1.7616494400000025,4.006474159999998,-24.0,35.0,32.57866995999999,100.0,33.010889,127.21850655999852,2.314680399999973,1.73601015999998,1.2462337599999924,5.208030039999939,1921.8712747200009,-0.9824334400000008,0.1861619600000008,0.0023411200000005,2.051349599999971,1.852292279999989,1.199655000000001,12.794075119999986,-15.537533239999869,33.26958379999986,100.0,40.5145288,73.28585632000079,83.9456174400009,59.516998480000645,43.97151356000048,166.5587640800018,2091.456641559996,-1.00627068,-0.0151704,-0.0053204000000002,0.4092092000000032,1.6655956000000007,4.90470256,10.519624399999998,-17.0,29.39502439999999,100.0,32.96,120.09382692000048,46.596404520000185,36.50852340000014,40.35152604000016,117.69195008000048,2250.5151360800023,40,X1.6553 Y1.4826 Z0.0938
16:31:12.190,5,44,1.67542,1.50519,0.09273,90.11685,55.11703,-23.63707,,185.42,0,0,,2,1,"{""sr"":{""mpox"":90.11685,""mpoy"":55.11703,""mpoz"":-23.63707,""mpoa"":0,""posx"":1.67542,""posy"":1.50519,""posz"":0.09273,""posa"":0,""unit"":0,""stat"":5,""coor"":2,""momo"":1,""dist"":0,""home"":1,""mots"":1,""plan"":0,""line"":44,""path"":2,""frmo"":2,""prbe"":1,""safe"":0,""estp"":0,""spc"":1,""hold"":0,""macs"":5,""cycs"":1,""sps"":12000,""feed"":185.42,""mark"":2030957660}}",5.302284465005798,0.2053845078769251,0.2056993782061296,0.204661831050513,5.302284465005798,0.2053845078769251,0.2056993782061296,0.204661831050513,-0.99099648,0.0486485599999999,-0.00485852,-1.7474555599999997,-1.04438288,0.7932252799999999,-32.123195280000004,35.0,-32.7610086,100.0,33.64003696,16.79006980000039,8.250380320000184,7.018427880000165,6.529347280000144,20.57360196000048,2465.110527920001,-1.0067482,-0.07398636,0.01905208,5.47688992,1.8298852,2.04705404,-5.0,16.256475680000005,-92.76180008,100.0,32.23487024,192.5708787599995,19.806796279999947,22.092195759999942,16.759596839999958,52.545913239999855,1962.311271479999,-0.99617404,-0.0280886,0.0160076399999999,-4.885079720000001,-8.5560222,0.3364339200000003,4.0,28.0,43.0,100.0,32.61219148,117.26551543999967,9.900660919999972,6.854303839999982,7.615893519999981,21.324501199999943,4387.8883291200045,-1.00093996,0.11647624,-0.0063724799999999,2.84771668,1.6629703600000003,4.037573,-24.59766168,34.076789080000005,32.40233832,100.0,33.02363904,78.97578224000023,1.455775120000004,1.0918312800000032,0.727887560000002,3.2754929600000096,2522.621786800001,-1.01288028,0.2642464800000003,-0.0272125999999999,1.7216964799999976,1.251378880000001,1.3217114000000003,8.293932000000003,-23.85262163999997,24.10124127999999,100.0,40.51553872,93.99040831999989,113.09407343999986,80.1830990399999,59.83813351999993,224.3930016399997,2527.157215160001,-1.00586252,-0.01069636,0.0142501199999999,0.4335347200000001,1.94790248,4.8499508,10.54178504,-17.0,29.51177864,100.0,32.96,105.33719008000004,52.55313119999997,41.17564959999998,45.50992791999997,132.73729047999993,2948.5546292800022,44,X1.6776 Y1.5083 Z0.0926
16:31:12.448,5,48,1.68982,1.5328,0.09163,90.48262,55.81835,-23.66501,,185.42,0,0,,2,1,"{""sr"":{""mpox"":90.48262,""mpoy"":55.81835,""mpoz"":-23.66501,""mpoa"":0,""posx"":1.68982,""posy"":1.5328,""posz"":0.09163,""posa"":0,""unit"":0,""stat"":5,""coor"":2,""momo"":1,""dist"":0,""home"":1,""mots"":1,""plan"":0,""line"":48,""path"":2,""frmo"":2,""prbe"":1,""safe"":0,""estp"":0,""spc"":1,""hold"":0,""macs"":5,""cycs"":1,""sps"":12000,""feed"":185.42,""mark"":2030957660}}",5.293009027193974,0.2033646873386282,0.2204933401786039,0.2191697977309349,5.293009027193974,0.2033646873386282,0.2204933401786039,0.2191697977309349,-0.9917121999999996,0.0418622,-0.0244236799999998,-1.58701876,-0.8569662799999986,0.97698108,-32.95246208000002,35.0,-31.09507487999996,100.0952464,33.65000152,116.23857464000255,63.825444560001415,53.34666624000118,50.48881648000112,159.0873808400035,3101.3919502800136,-0.99886012,-0.07464092,0.0181533200000003,5.094689159999997,1.987503280000004,2.1045274800000016,-5.0,16.0,-92.85062496,100.0033906,32.22,45.08702443999637,4.765295639999616,5.315137279999572,3.998267359999693,12.463080239998996,2281.746796520004,-0.9986654800000004,0.0094062000000015,0.00841628,-5.050683119999997,-8.358589200000004,0.3867843999999993,3.1872252399999854,28.0,45.35225028000001,100.0,32.61692992,28.979001159997424,2.4002068399998286,1.685024239999869,1.8385320799998723,5.174863199999629,5591.271751680031,-0.9769666399999984,0.1661758000000007,-0.01733236,2.8639123200000016,1.7616714400000044,4.083912320000001,-24.0,35.0,32.66716076000001,100.0,33.016398200000005,144.10677532000167,2.668643960000031,2.001483200000023,1.3343224400000155,6.00444864000007,2849.366345040004,-0.8425383200000003,0.2245748399999988,-0.0525028799999992,2.3480139999999583,1.2080687200000055,1.3182703200000012,10.16563531999997,-33.31564371999997,20.83784167999987,100.0,40.52,60.43826135999911,71.86699775999892,50.96068083999924,37.65666175999943,142.54306915999788,2721.651037,-1.0095424000000002,-0.0028079999999999,-0.00928612,0.4550807199999941,1.629793479999996,4.823366559999999,11.0,-17.0,29.848239520000007,100.0,32.94412896,108.5426385200006,42.24855787999972,33.106812999999775,36.58938275999975,106.6984975599993,3333.134785279994,48,X1.692 Y1.5391 Z0.0914
16:31:12.705,5,51,1.69672,1.56339,0.09053,90.65774,56.59539,-23.69317,,185.42,0,0,,2,1,"{""sr"":{""mpox"":90.65774,""mpoy"":56.59539,""mpoz"":-23.69317,""mpoa"":0,""posx"":1.69672,""posy"":1.56339,""posz"":0.09053,""posa"":0,""unit"":0,""stat"":5,""coor"":2,""momo"":1,""dist"":0,""home"":1,""mots"":1,""plan"":0,""line"":51,""path"":2,""frmo"":2,""prbe"":1,""safe"":0,""estp"":0,""spc"":1,""hold"":0,""macs"":5,""cycs"":1,""sps"":12000,""feed"":185.42,""mark"":2030957660}}",5.399121513279225,0.2084789034205184,0.2062869396756455,0.2077085992577473,5.399121513279225,0.2084789034205184,0.2062869396756455,0.2077085992577473,-0.99245448,0.03891846,-0.0053868599999996,-1.8363175199999968,-0.8934721399999986,0.91608928,-32.99853588,35.00146412,-33.0,100.01831488,33.66183116,44.69481198000259,13.263094420000767,11.082860040000645,10.71948740000062,32.8852073000019,1597.956706419997,-1.00470762,-0.0710967800000001,0.0039470400000003,5.371992119999998,1.8452754600000016,2.102179279999999,-5.0,16.1251443,-94.0,100.0,32.21304146,179.24976847999818,19.5150959599998,21.68343955999978,15.901189199999838,51.31747371999948,2100.08141522,-0.98252936,-0.0346570400000001,0.01433748,-5.424921520000001,-8.12087454,0.3837142400000023,2.982429219999989,31.732768560000004,49.16875728000002,100.0,32.61732762,86.53895331999912,9.297573779999906,7.151979619999929,7.151979619999929,20.0255431199998,3319.249973159993,-1.01351644,0.12623736,-0.0111120999999999,2.936830679999999,1.5668187000000002,4.104245419999999,-23.755154819999984,33.87757731999999,32.12242268000001,100.0,33.01382768,83.95591794000086,1.6536278400000228,1.270826460000019,1.1484039600000115,3.567635020000042,1876.860606739997,-1.0146071200000002,0.0584630199999996,-0.0009812799999997,2.560732000000004,1.9161200599999864,1.1659309599999987,13.263565019999971,-21.84637671999993,34.71549171999993,100.0,40.52113166,89.55376319999958,111.79587433999949,79.60334523999963,59.11719057999972,221.25047409999897,2260.5628212599977,-1.00645518,-0.00687836,-0.0011268199999999,0.1622095200000008,1.7200780599999994,4.893925,10.639291840000006,-17.0,29.179096160000004,100.0,32.93639282,96.6248784199998,57.21920165999987,45.3435181799999,50.74155609999989,145.74702237999966,1965.0980730599956,51,X1.6968 Y1.5641 Z0.0905
16:31:12.962,5,55,1.69562,1.59464,0.08942,90.62988,57.38909,-23.72123,,185.42,0,0,,2,1,"{""sr"":{""mpox"":90.62988,""mpoy"":57.38909,""mpoz"":-23.72123,""mpoa"":0,""posx"":1.69562,""posy"":1.59464,""posz"":0.08942,""posa"":0,""unit"":0,""stat"":5,""coor"":2,""momo"":1,""dist"":0,""home"":1,""mots"":1,""plan"":0,""line"":55,""path"":2,""frmo"":2,""prbe"":1,""safe"":0,""estp"":0,""spc"":1,""hold"":0,""macs"":5,""cycs"":1,""sps"":12000,""feed"":185.42,""mark"":2030957660}}",5.370102563309245,0.2013354543206268,0.2091645560479297,0.2125903506142127,5.370102563309245,0.2013354543206268,0.2091645560479297,0.2125903506142127,-0.9954866,0.0406783999999999,-0.0071096400000001,-1.601205000000003,-0.9546468800000008,0.9743887200000012,-32.0,35.0,-33.32190388000001,100.03201972,33.66638712,136.3130151599986,50.43651435999948,43.62146075999955,42.26015427999956,130.18287555999865,2335.489272560001,-1.00691432,-0.0907522399999999,0.04087896,5.3200549200000005,1.7535401599999996,1.953,-4.269831680000007,16.730168319999994,-93.26983168,100.0,32.23085504,94.78833504000126,10.870245160000142,11.889749000000156,8.891060680000118,28.007697920000368,2669.463733039996,-0.99906852,-0.03526224,0.0104102399999999,-5.08241792,-8.27130168,0.2901165600000006,-1.429441880000013,36.16029340000001,57.320587480000015,100.0,32.6124396,48.24568312000071,4.48460136000005,3.619739840000041,3.72859424000004,10.48121560000012,3538.111412120002,-1.00480276,0.1259430799999999,-0.0126069599999999,2.6427901200000004,1.618541800000001,4.0889188,-20.2174844,33.0,32.433640880000006,100.0,33.02566376,125.73165107999944,2.8317939199999875,2.26543547999999,1.6990763599999923,5.663587519999974,1888.2908396000016,-0.8389502400000001,0.1969501199999993,-0.0566511599999999,3.5131647599999933,1.382332240000001,1.26660344,11.014617720000013,-3.5565965200000424,25.617617720000027,100.0,40.54546592,68.52007952000024,85.49242476000033,61.20958940000024,45.34043660000018,169.62463688000068,2016.48993368,-1.00531936,-0.0101481599999999,0.00134568,0.3994873600000008,1.83318752,4.84703072,9.047306879999956,-13.982201279999932,23.33405975999989,100.0,32.95,100.08788452000036,58.60883276000012,46.861659240000094,52.6464872800001,149.0847025200003,2488.869496240003,55,X1.6951 Y1.598 Z0.0893
16:31:13.220,5,59,1.6867,1.6246,0.08831,90.40332,58.15008,-23.74932,,185.42,0,0,,2,1,"{""sr"":{""mpox"":90.40332,""mpoy"":58.15008,""mpoz"":-23.74932,""mpoa"":0,""posx"":1.6867,""posy"":1.6246,""posz"":0.08831,""posa"":0,""unit"":0,""stat"":5,""coor"":2,""momo"":1,""dist"":0,""home"":1,""mots"":1,""plan"":0,""line"":59,""path"":2,""frmo"":2,""prbe"":1,""safe"":0,""estp"":0,""spc"":1,""hold"":0,""macs"":5,""cycs"":1,""sps"":12000,""feed"":185.42,""mark"":2030957660}}",5.381032784613716,0.2031408047612804,0.2070727328770017,0.2070792630086509,5.381032784613716,0.2031408047612804,0.2070727328770017,0.2070792630086509,-0.98761016,0.0379021599999999,-0.01558856,-1.7111670000000008,-0.9122667599999992,0.91652176,-32.0,35.0,-35.47795983999999,100.04779592,33.67482236,75.99562271999889,40.62659055999941,35.369032159999485,34.891071799999494,106.58505535999844,2085.770024800001,-1.00945788,-0.0706637599999999,0.0171623200000001,5.367061040000002,1.8061703600000008,2.076946560000001,-5.0,16.484045719999994,-93.9198498,100.0,32.220318920000004,130.53647332000122,15.99458724000015,17.02649680000016,12.382906760000116,39.728492200000375,2405.367586759999,-1.00457172,-0.0379550399999999,0.0144447599999999,-5.448025160000002,-8.09946956,0.4609874399999991,-5.237024159999992,39.91687488,62.23702415999999,100.0,32.606403,96.0432959200009,3.081602920000029,2.568002440000024,2.568002440000024,6.676806360000064,3287.3896526800013,-0.98526644,0.1183927599999999,-0.0113208799999999,2.8697195200000003,1.679245600000001,4.03745584,-17.345410560000012,31.327294719999998,33.0,100.0,33.02166816,111.50681711999944,2.4705151599999877,1.9764127199999897,1.4823092799999924,4.941031319999975,2400.1608098,-0.9013736400000004,0.2692205599999995,0.0061643200000001,3.356435039999996,1.888319759999996,0.8847260399999999,6.664234159999985,-8.784481399999983,18.77872827999997,100.0,40.54807912,87.26463408000032,95.83977172000036,68.60109984000024,51.45082452000019,190.6707032000007,1989.4070536800004,-1.00476652,-0.0111074,-0.00045284,0.6712816000000001,1.6603944000000006,4.86717376,10.766376999999997,-16.735934720000003,28.0,100.0,32.95766364,80.36988532000012,70.8259614000001,57.26354360000008,64.2959083600001,180.83224148000025,2237.7342748,59,X1.6842 Y1.6301 Z0.0881
16:31:13.477,5,62,1.67055,1.65131,0.08721,89.99299,58.8284,-23.7774,,185.42,0,0,,2,1,"{""sr"":{""mpox"":89.99299,""mpoy"":58.8284,""mpoz"":-23.7774,""mpoa"":0,""posx"":1.67055,""posy"":1.65131,""posz"":0.08721,""posa"":0,""unit"":0,""stat"":5,""coor"":2,""momo"":1,""dist"":0,""home"":1,""mots"":1,""plan"":0,""line"":62,""path"":2,""frmo"":2,""prbe"":1,""safe"":0,""estp"":0,""spc"":1,""hold"":0,""macs"":5,""cycs"":1,""sps"":12000,""feed"":185.42,""mark"":2030957660}}",5.397182441685735,0.1994870638970422,0.2026708337564432,0.2068840402882162,5.397182441685735,0.1994870638970422,0.2026708337564432,0.2068840402882162,-0.99560668,0.0413606999999999,0.0005157399999996,-1.594107379999997,-0.9455608399999974,0.9616583600000012,-31.37912944000001,35.620870559999986,-36.24660477999998,100.03791282,33.67376694,67.86417084000189,35.65275884000099,30.71921264000085,31.48233504000088,94.06544342000262,1474.6664179599966,-1.0034917799999998,-0.0765250599999998,0.0191216199999999,5.265086199999996,1.7512124999999985,2.0103311,-4.0,16.47609752000001,-95.0,100.0,32.215239,138.69386827999816,20.90554943999973,23.121456719999703,14.60128227999982,45.55600169999943,1963.832201399999,-1.0055905399999998,-0.0381038599999997,0.0241562799999999,-5.269287259999994,-7.983470200000004,0.5228984399999973,-8.96939885999998,40.48557918000001,64.9405566,100.0,32.6014773,115.22782871999856,2.354900139999973,2.2954567399999712,1.78103591999998,5.2242213399999375,2194.7380210999963,-1.0357801799999995,0.1222981599999999,-0.0105611599999999,2.7600676,1.7421853599999997,4.08162648,-14.120877240000004,30.12087724,34.03283206000001,100.0,33.00967178,102.13887756000086,2.2798859800000195,1.823908260000016,1.3679315400000116,4.559771340000039,1992.830508599998,-0.8976206399999995,0.1887992600000008,-0.0245792800000001,2.112831879999996,1.365075980000001,1.1837131399999996,9.112542559999987,-13.3004350599999,7.029400879999901,100.0,40.5461126,83.92248265999962,98.90076849999949,71.43771183999962,53.73044955999971,197.91149613999892,1922.2004561200024,-1.00558542,-0.01131738,-0.00068642,0.4388660599999992,1.600366560000001,4.824933,10.829233699999996,-16.341254819999996,28.31721258,100.0,32.96,104.11306973999989,85.50647591999976,69.6340877799998,78.16768623999978,218.28913835999936,1296.250297560001,62,X1.6704 Y1.6515 Z0.0872
16:31:13.741,5,66,1.64742,1.67349,0.08608,89.40567,59.39185,-23.80614,,185.42,0,0,,2,1,"{""sr"":{""mpox"":89.40567,""mpoy"":59.39185,""mpoz"":-23.80614,""mpoa"":0,""posx"":1.64742,""posy"":1.67349,""posz"":0.08608,""posa"":0,""unit"":0,""stat"":5,""coor"":2,""momo"":1,""dist"":0,""home"":1,""mots"":1,""plan"":0,""line"":66,""path"":2,""frmo"":2,""prbe"":1,""safe"":0,""estp"":0,""spc"":1,""hold"":0,""macs"":5,""cycs"":1,""sps"":12000,""feed"":185.42,""mark"":2030957660}}",5.286908269878591,0.1985336934938734,0.2040311072017766,0.2049270967439587,5.286908269878591,0.1985336934938734,0.2040311072017766,0.2049270967439587,-0.9912969,0.0377022,-0.0127011999999998,-1.7090279,-0.922082999999999,0.860239899999999,-31.9995356,36.0,-36.199458099999966,100.0900267,33.68,144.94364870000285,101.73063550000198,85.52575550000168,91.8276531000018,270.0813328000053,1513.8372533000097,-1.0083821000000002,-0.0717694,0.0174635,5.63196810000001,1.6775762999999912,1.9470338999999968,-3.236985399999985,16.22173809999999,-95.0152473,100.0,32.2057178,51.22141279999714,9.534721599999466,11.086885799999388,5.7651805999996775,19.069443199998933,1879.5737501000076,-0.9844795999999996,-0.0425043000000004,0.0029446999999999,-5.081358699999996,-8.0579594,0.3189281999999993,-11.755936100000016,40.24406389999999,67.51187220000003,100.0,32.6096854,45.210371999997605,0.9133412999999514,0.6850059999999637,0.6850059999999637,1.8266815999999035,1948.7182450999996,-1.0238124000000002,0.1295873,-0.0119073999999999,2.772593499999999,1.7029010000000016,4.063406500000001,-10.387820899999989,30.387820899999987,34.93651520000001,100.0,33.0135608,141.0187599000014,3.219606500000032,2.5756850000000258,1.9317636000000191,6.4392130000000645,1882.6439503000047,-0.9724681000000014,0.4659874000000015,-0.0082314999999994,3.1572509000000046,1.8512304999999964,1.0621534999999998,11.416180900000018,-4.624270900000028,18.5173239000001,100.0,40.5286564,60.97704339999928,71.27186809999915,50.68221779999941,39.59548229999954,143.33564709999834,2081.374572000002,-1.0047223,-0.0086212,0.0040081999999999,0.2418033999999993,1.8899317000000049,4.762033699999997,10.50423859999999,-16.0,26.50423859999999,100.0,32.95,116.31627629999952,89.19113739999963,73.55970019999971,82.29491529999967,230.33381269999904,1515.4829081000034,66,X1.6457 Y1.6748 Z0.086
16:31:13.997,5,70,1.62001,1.68863,0.08497,88.7095,59.77641,-23.83423,,185.42,0,0,,2,1,"{""sr"":{""mpox"":88.7095,""mpoy"":59.77641,""mpoz"":-23.83423,""mpoa"":0,""posx"":1.62001,""posy"":1.68863,""posz"":0.08497,""posa"":0,""unit"":0,""stat"":5,""coor"":2,""momo"":1,""dist"":0,""home"":1,""mots"":1,""plan"":0,""line"":70,""path"":2,""frmo"":2,""prbe"":1,""safe"":0,""estp"":0,""spc"":1,""hold"":0,""macs"":5,""cycs"":1,""sps"":12000,""feed"":185.42,""mark"":2030957660}}",5.272901955494869,0.2007008138156607,0.1817324993294216,0.1968629059900179,5.272901955494869,0.2007008138156607,0.1817324993294216,0.1968629059900179,-0.9921694200000002,0.0398304199999998,-0.022049999999999,-1.9440771799999912,-0.8584723000000044,1.0379838,-31.0,36.000088,-39.951389319999954,100.0,33.68975678,3.767296820003712,3.378415260003328,2.7707865800027296,3.111058440003065,8.94429276000881,1534.5123732799975,-1.0025307600000004,-0.0660004200000004,0.0136188,5.418535099999995,1.6541573600000072,2.0046400200000005,-3.0,16.0,-94.69310810000002,100.0,32.21033646,174.2433840199965,50.61355471999899,58.91085815999883,27.38110271999945,97.90818687999804,1563.0610820800014,-0.9636342,-0.065137079999998,0.0062652999999999,-5.197301039999997,-7.844026940000006,0.5984315799999977,-10.98776326000007,32.896150160000126,57.386654880000265,100.0,32.590335700000004,169.56303061999665,3.3085464599999344,2.4814098399999507,2.4814098399999507,6.617093899999868,1457.2706623000065,-0.9768326000000004,0.0913637799999992,-0.0043764000000001,2.704159900000001,1.7918354799999998,3.9461704999999982,-7.314198779999993,30.986363539999985,36.68580122000001,100.0,33.00986364,70.53908822000194,1.3113400000000348,1.3113400000000348,0.9835057400000262,3.2647140200000706,1656.0168765400017,-0.8803196400000013,0.4289032799999963,-0.0428376199999996,2.543632799999985,2.0768430599999834,1.1641662199999976,7.770888100000043,12.657693299999906,12.991027920000132,100.0,40.526271740000006,100.968401319999,95.95133807999903,68.9846219599993,54.56056489999945,195.03834141999803,2591.8520071599905,-1.00649654,-0.0044881400000001,0.0178893799999998,0.6064096799999941,1.6850353400000038,4.76732272,9.448170660000002,-15.437108419999989,26.98893775999999,100.0,32.91874258,99.88104845999952,133.54261717999935,110.36579923999948,124.1615241399994,347.6522673799984,1300.111614060004,70,X1.6155 Y1.6904 Z0.0848
16:31:14.256,5,74,1.58976,1.69639,0.08387,87.94092,59.97352,-23.86229,,185.42,0,0,,2,1,"{""sr"":{""mpox"":87.94092,""mpoy"":59.97352,""mpoz"":-23.86229,""mpoa"":0,""posx"":1.58976,""posy"":1.69639,""posz"":0.08387,""posa"":0,""unit"":0,""stat"":5,""coor"":2,""momo"":1,""dist"":0,""home"":1,""mots"":1,""plan"":0,""line"":74,""path"":2,""frmo"":2,""prbe"":1,""safe"":0,""estp"":0,""spc"":1,""hold"":0,""macs"":5,""cycs"":1,""sps"":12000,""feed"":185.42,""mark"":2030957660}}",5.240212068498514,0.1961089220776384,0.1956224874953121,0.2031412073884649,5.240212068498514,0.1961089220776384,0.1956224874953121,0.2031412073884649,-1.0032435999999991,0.0338344000000001,-0.0036560000000002,-1.7574623999999983,-0.8794584000000034,0.9032997999999984,-31.0,37.0,-39.20770240000003,100.0206984,33.6820624,114.29621559999596,114.29909859999596,93.66117079999668,105.56725219999628,303.20819699998924,1451.5179736000011,-1.0125163999999998,-0.0784291999999997,0.0404189999999996,5.304527999999996,1.9247063999999972,1.978557600000001,-3.124707999999996,16.70573139999998,-94.124708,100.0,32.24,52.6937834000037,19.4217294000013,23.711050600001595,10.593671000000707,39.30728880000264,1397.4247618000074,-1.0010221999999993,-0.0334335999999995,0.0168953999999999,-5.131316400000014,-8.37046839999999,0.4319864000000035,-13.872148800000003,37.29657180000002,67.0,100.0,32.6129656,61.94270240000403,1.1862888000000775,0.8897162000000584,0.8897162000000584,2.3725768000001555,1560.2547205999988,-0.995397,0.126299,-0.0246421999999997,2.8246548000000025,1.8453843999999968,3.8294800000000007,-6.86348599999998,30.86348599999998,36.74557920000001,100.0,33.0011788,131.55808019999776,2.4362605999999585,2.4362605999999585,1.827195599999969,5.481586599999907,1317.2606740000028,-1.0614500000000004,0.1597766,0.0208969999999999,2.960086399999988,1.5992616000000046,1.1857944000000005,9.154295399999985,7.2361588000001875,6.437944199999689,100.0,40.53,68.42156440000113,65.96494100000115,47.35944520000082,37.63384460000066,133.3242744000023,2522.3451246000004,-1.0081965999999998,-0.0058536000000001,0.0164383999999998,0.353863800000003,1.871960800000004,4.857403200000001,10.110334000000016,-15.470044400000004,24.640289600000013,100.0,32.911103399999995,101.80140159999932,119.39120920000072,99.5390218000006,111.76016880000068,313.2987674000019,1387.6794248000028,74,X1.5822 Y1.6971 Z0.0836
16:31:14.512,5,77,1.55869,1.6962,0.08277,87.15183,59.96872,-23.89023,,185.42,0,0,,2,1,"{""sr"":{""mpox"":87.15183,""mpoy"":59.96872,""mpoz"":-23.89023,""mpoa"":0,""posx"":1.55869,""posy"":1.6962,""posz"":0.08277,""posa"":0,""unit"":0,""stat"":5,""coor"":2,""momo"":1,""dist"":0,""home"":1,""mots"":1,""plan"":0,""line"":77,""path"":2,""frmo"":2,""prbe"":1,""safe"":0,""estp"":0,""spc"":1,""hold"":0,""macs"":5,""cycs"":1,""sps"":12000,""feed"":185.42,""mark"":2030957660}}",5.218990268915709,0.1965249224362615,0.2032571750797685,0.2031433504477647,5.218990268915709,0.1965249224362615,0.2032571750797685,0.2031433504477647,-0.99437172,0.0437278,-0.0099651199999999,-1.5203354399999978,-0.932947799999999,1.019881000000001,-31.0,36.99859712,-39.99859712,100.0676362,33.67001408,49.62435195999935,46.72422771999939,38.0238543199995,43.17963119999944,124.70535251999834,1591.1925596800022,-1.00719324,-0.0762326399999999,0.0210357999999999,5.402654360000001,1.8070335599999996,2.13234328,-4.0,16.271339519999998,-94.37479336,100.0,32.24728672,114.41286644000054,43.139277240000204,53.14258808000025,23.757862840000115,90.02979696000043,1352.914620760001,-1.01531428,-0.0305174,0.02092528,-5.21009652,-7.997081519999997,0.4966221600000003,-14.0,38.0,67.89370648,100.0,32.60539776,129.7549527200006,2.495287600000012,1.871465960000009,1.871465960000009,5.614397200000027,1346.9821093600003,-1.02911384,0.12135332,-0.0046488399999999,2.8162024000000003,1.6314023999999998,4.070900000000001,-6.215593320000001,30.78440668,37.566705600000006,100.0,33.0021664,95.09285363999966,1.728961079999994,1.728961079999994,1.2967207199999955,3.8901621599999854,1185.8639638800005,-1.0411726800000003,0.0813726799999997,0.0116935600000001,2.352107119999997,1.9720330799999983,1.1538682799999995,5.605372799999992,-7.394882639999994,6.790254239999983,100.0,40.51252076,81.92347472000017,89.02350944000018,63.90031040000013,51.3387105600001,181.3239580400004,1920.8462997599995,-1.0072292,-0.0094953199999999,0.0011538,0.5831179999999996,1.9036326800000007,4.80884192,10.177245759999998,-15.696477239999998,25.51923148,100.0,32.91303552,109.03857996000008,125.65398220000012,103.84626620000007,117.3462809200001,329.19266412000025,1508.1495406800004,77,X1.5568 Y1.696 Z0.0827
16:31:14.770,5,81,1.52847,1.68804,0.08166,86.38426,59.7615,-23.91838,,185.42,0,0,,2,1,"{""sr"":{""mpox"":86.38426,""mpoy"":59.7615,""mpoz"":-23.91838,""mpoa"":0,""posx"":1.52847,""posy"":1.68804,""posz"":0.08166,""posa"":0,""unit"":0,""stat"":5,""coor"":2,""momo"":1,""dist"":0,""home"":1,""mots"":1,""plan"":0,""line"":81,""path"":2,""frmo"":2,""prbe"":1,""safe"":0,""estp"":0,""spc"":1,""hold"":0,""macs"":5,""cycs"":1,""sps"":12000,""feed"":185.42,""mark"":2030957660}}",5.23702210881757,0.1991081862211056,0.1775388929556366,0.1954950860311205,5.23702210881757,0.1991081862211056,0.1775388929556366,0.1954950860311205,-0.9881336399999998,0.04191952,-0.0052049999999998,-1.6737046800000035,-1.03778784,0.8858473999999993,-31.0,36.48462436000001,-40.0,100.04828852,33.679675280000005,72.41163435999844,73.42499759999842,60.50062015999868,67.21962691999855,199.59911827999565,1578.1088167600108,-1.00624704,-0.07565216,0.0275632,5.551093279999999,1.6030513600000027,2.0701744,-3.5948377599999906,16.40516224000001,-95.0,100.0,32.24158236,98.02867872000168,40.20394932000067,50.77875912000085,22.849374640000388,95.59770576000162,1625.2698193200033,-0.9928311600000004,-0.0293932400000001,0.01023232,-5.006947160000002,-8.398030560000004,0.2048460799999986,-14.0,38.40406688000001,67.40406688000002,100.0,32.61191872,100.04168156000158,1.948788240000031,1.461591560000023,1.461591560000023,4.38477468000007,1834.4685906000052,-0.99484684,0.12292788,-0.0079904799999999,2.8385852000000007,1.6359608800000012,3.99797516,-6.326009280000007,30.0,36.50778884,100.0,33.01507792,110.69798227999912,2.53894415999998,2.0311553199999834,1.5233669999999877,5.07788931999996,1638.2149438800027,-0.9790526000000004,0.5382796400000017,0.0317862800000001,2.7358091600000054,1.2869153599999958,1.1964849600000014,10.522004879999985,1.8694701199999624,9.206634760000073,100.0,40.5061572,77.87001400000052,89.70342672000054,65.7225290800004,50.2476468000003,183.4524756800011,2252.550868319997,-1.00476652,-0.00909396,-0.00199608,0.9505352800000012,1.8556006399999976,4.834240959999999,10.0,-15.734206239999994,24.267737640000004,100.0,32.91265776,100.38041456000008,99.48003656000012,80.8478795200001,93.79005232000011,257.9158335200003,1624.0130674800046,81,X1.5243 Y1.6863 Z0.0815
16:31:15.028,5,85,1.50117,1.67251,0.08065,85.69081,59.36696,-23.94403,,185.42,0,0,,2,1,"{""sr"":{""mpox"":85.69081,""mpoy"":59.36696,""mpoz"":-23.94403,""mpoa"":0,""posx"":1.50117,""posy"":1.67251,""posz"":0.08065,""posa"":0,""unit"":0,""stat"":5,""coor"":2,""momo"":1,""dist"":0,""home"":1,""mots"":1,""plan"":0,""line"":85,""path"":2,""frmo"":2,""prbe"":1,""safe"":0,""estp"":0,""spc"":1,""hold"":0,""macs"":5,""cycs"":1,""sps"":12000,""feed"":185.42,""mark"":2030957660}}",5.238776818888029,0.1850105184438619,0.1920617125866281,0.2051179624037123,5.238776818888029,0.1850105184438619,0.1920617125866281,0.2051179624037123,-0.99210912,0.0415015999999999,-0.0072129599999999,-1.8591687599999964,-1.0433072000000017,0.854,-31.358567560000008,36.99435136,-38.01129664,100.00056512,33.66364192,90.9171277599988,82.65193407999891,72.47938835999902,78.20144519999897,233.9685520799969,1106.70216128,-1.00581184,-0.0769759999999999,0.0257327599999999,5.203577440000004,1.950780359999997,1.98089088,-3.054745200000001,16.54276863999999,-94.9452548,100.0,32.25945244,78.08229020000115,39.44363076000058,48.70080948000072,23.34418984000034,99.41404932000148,1224.2578618800012,-0.97622156,-0.0308196799999999,0.0045529999999999,-5.1667954,-8.032198880000003,0.4037391999999987,-14.0,38.40403088000001,68.53955712,100.0,32.61347592,84.03843460000122,1.6161238000000235,1.2120929200000174,1.2120929200000174,4.040309360000059,1298.830532720001,-0.9985796,0.1197573999999999,-0.01789592,2.82124356,1.6879922799999991,3.9936176,-6.563640960000006,31.0,37.0,100.0,33.01011772,120.62878571999931,2.7593563199999847,2.207484799999988,1.6556139199999906,5.955071399999963,1090.1247251600005,-0.9787781200000004,0.2644874399999999,0.0052795600000002,1.757752440000007,1.2508963600000045,1.2048457199999996,11.520959400000022,15.013812319999952,18.89744532000009,100.0,40.5146516,76.75173792000037,87.91562736000041,63.727200880000304,48.84201532000024,178.62222640000087,1613.4010335600012,-1.005401,-0.0074646399999999,0.0039632,0.8468630799999977,1.7995902000000008,4.8301805600000005,10.0,-15.486207,24.352097919999995,100.0,32.91838288,102.10348716000018,73.90347648000012,61.74829928000011,73.41726948000013,195.4552474000004,1227.38574708,85,X1.4957 Y1.6682 Z0.0804
16:31:15.285,5,88,1.47885,1.65062,0.07954,85.12393,58.8109,-23.97214,,185.42,0,0,,2,1,"{""sr"":{""mpox"":85.12393,""mpoy"":58.8109,""mpoz"":-23.97214,""mpoa"":0,""posx"":1.47885,""posy"":1.65062,""posz"":0.07954,""posa"":0,""unit"":0,""stat"":5,""coor"":2,""momo"":1,""dist"":0,""home"":1,""mots"":1,""plan"":0,""line"":88,""path"":2,""frmo"":2,""prbe"":1,""safe"":0,""estp"":0,""spc"":1,""hold"":0,""macs"":5,""cycs"":1,""sps"":12000,""feed"":185.42,""mark"":2030957660}}",5.164730958644617,0.1959447628162472,0.2012372498207409,0.1989796647666293,5.164730958644617,0.1959447628162472,0.2012372498207409,0.1989796647666293,-0.991193,0.04810584,-0.0114114399999997,-1.7354836599999977,-0.9634749200000012,0.916,-31.99907492,37.0,-39.77922078000002,100.0779217,33.669990639999995,34.000888599997175,27.37381979999771,24.94802561999792,26.491628219997786,79.4758105199934,2295.529944159992,-0.999567,-0.0707156799999999,0.0071670999999998,5.472196520000001,1.7277429599999992,2.013349139999997,-3.864887440000012,16.42577184000005,-91.79107824000027,100.0,32.2661455,126.14639150000232,80.18904886000149,92.69216226000172,47.69778460000089,199.1715850000037,1759.0453932800078,-0.9792228799999996,-0.0288869199999999,0.0084214999999997,-5.201825280000004,-8.063912640000003,0.3638470800000001,-14.0,38.0,67.34261677999999,100.0,32.64208882,142.6208983600026,2.7707088600000502,2.7707088600000502,2.735414920000053,6.926771260000127,2310.757659020006,-1.0089712,0.12479012,-0.0160987600000001,2.8647320000000005,1.6158062199999974,4.015489219999999,-7.0,30.0,36.46742145999999,100.0,33.01327474,86.64524113999853,1.9872759599999663,1.589820879999973,1.589820879999973,4.3720075599999255,1782.8430053200009,-0.9427602800000005,0.6969333200000056,-0.0047337199999994,2.849829360000068,2.323786359999984,1.0629145599999978,11.95540857999996,7.628660399999988,24.706187220000125,100.0,40.50509302,94.61214822000082,109.82163820000092,79.56542774000066,59.53096776000049,223.65016822000183,2778.361541420017,-1.0048029799999998,-0.01035628,0.0008398399999997,0.5919828799999981,1.709024420000003,4.830321919999999,10.098321299999991,-16.0,25.37157146000001,100.0,32.9233349,104.80305282000046,65.45962960000017,56.68295290000017,67.91352174000019,181.1811064600005,1677.6318706800014,88,X1.4781 Y1.6497 Z0.0795
16:31:15.542,5,92,1.4629,1.62382,0.07844,84.71879,58.13027,-24.0002,,185.42,0,0,,2,1,"{""sr"":{""mpox"":84.71879,""mpoy"":58.13027,""mpoz"":-24.0002,""mpoa"":0,""posx"":1.4629,""posy"":1.62382,""posz"":0.07844,""posa"":0,""unit"":0,""stat"":5,""coor"":2,""momo"":1,""dist"":0,""home"":1,""mots"":1,""plan"":0,""line"":92,""path"":2,""frmo"":2,""prbe"":1,""safe"":0,""estp"":0,""spc"":1,""hold"":0,""macs"":5,""cycs"":1,""sps"":12000,""feed"":185.42,""mark"":2030957660}}",5.0558453424904775,0.1927656909605542,0.2018729645770393,0.2080701324241212,5.0558453424904775,0.1927656909605542,0.2018729645770393,0.2080701324241212,-0.98848604,0.0335573599999999,-0.0082365999999999,-1.9379309200000017,-1.0372492800000002,0.9669577600000012,-31.0,36.99592164,-40.84482852000002,100.00837004,33.68004048,138.3608162800015,108.12302204000116,102.6252417200011,107.20672528000117,321.62017684000347,1233.8119226799988,-1.00082692,-0.0728541999999999,0.01651768,5.280550720000002,1.6911973599999963,1.8702626399999984,-3.777192080000008,16.01238424,-93.44561491999998,100.0,32.26,39.7700319199987,25.46123715999917,28.82801235999906,15.360912319999498,62.916611359997965,1210.683188799997,-1.0028023200000002,-0.03042984,0.01115772,-4.951903679999996,-8.167879600000003,0.3773817199999997,-14.0,38.01255792,67.23681667999999,100.0,32.621865840000005,43.6104264799986,1.0585051199999662,0.8468042799999729,0.8468042799999729,2.1170111599999317,1201.5334592799964,-1.01112968,0.0953045199999996,-0.00359556,2.81109776,1.8140993999999997,3.872471239999999,-6.3741690799999935,31.0,37.34877748,100.0,33.02,141.36610292000077,3.2561134400000182,2.6048909200000145,2.6048909200000145,7.16344940000004,1311.1851344399988,-0.9021125599999994,0.1455255199999993,-0.0238025600000002,2.478035639999964,2.305109800000008,1.0166705199999986,11.10070940000002,6.757902639999984,6.923543120000094,100.0,40.495799680000005,63.23604427999958,75.33676855999951,54.25808715999964,40.98632523999973,153.405958919999,1855.5285768,-1.00307168,-0.0196848,0.00507448,0.669694000000001,1.6628841599999995,4.91612756,10.456926519999998,-16.0,24.45692652,100.0,32.9547134,81.7898900399998,53.91735743999988,47.0634563599999,56.65891823999988,150.32890451999967,1280.4075609599995,92,X1.4613 Y1.6203 Z0.0783
16:31:15.800,5,96,1.45412,1.59367,0.07732,84.49591,57.36458,-24.02845,,185.42,0,0,,2,1,"{""sr"":{""mpox"":84.49591,""mpoy"":57.36458,""mpoz"":-24.02845,""mpoa"":0,""posx"":1.45412,""posy"":1.59367,""posz"":0.07732,""posa"":0,""unit"":0,""stat"":5,""coor"":2,""momo"":1,""dist"":0,""home"":1,""mots"":1,""plan"":0,""line"":96,""path"":2,""frmo"":2,""prbe"":1,""safe"":0,""estp"":0,""spc"":1,""hold"":0,""macs"":5,""cycs"":1,""sps"":12000,""feed"":185.42,""mark"":2030957660}}",5.161936517280086,0.1978294960326662,0.2037317665024123,0.2088242225749957,5.161936517280086,0.1978294960326662,0.2037317665024123,0.2088242225749957,-0.98925812,0.0300757199999998,-0.00376124,-1.5360631199999988,-0.79312256,0.9261443999999988,-31.99933392,36.00066608,-39.917849120000014,100.0,33.69917168,13.002215239998458,9.77236643999884,9.192649159998908,9.60673235999886,28.82019799999658,1571.1400628799988,-1.00622648,-0.0673766799999999,0.0133193999999998,5.472069200000001,1.59551552,1.8648242799999992,-3.860398279999999,16.0,-95.58511164,100.0,32.2606784,153.75580116000134,95.10668116000085,108.58012808000096,57.0640082800005,235.38903624000204,1832.744372559996,-0.96391036,-0.04740208,0.0024705599999999,-4.913393159999999,-8.210519000000001,0.3225278400000002,-13.210895159999993,38.0,67.72188332000002,100.0,32.61932776,164.9229342000014,3.9455251200000334,3.156419360000028,3.156419360000028,7.891049240000068,1860.7358455199967,-1.02393036,0.1298536000000001,-0.0059172399999999,2.8226688000000006,1.6730022399999995,3.97067328,-6.295063320000003,30.70493668,38.0,100.0,33.02054592,76.22480179999921,1.748275359999982,1.3986201199999857,1.3986201199999857,3.84620595999996,1876.2591127599992,-0.8040404000000004,0.4549695599999987,0.0114322400000004,4.381885999999993,0.8664450800000075,1.2986425599999998,7.893346839999993,10.111521600000035,-8.698248160000038,100.0,40.52,107.58391256000046,117.9755404400005,84.96684004000036,64.18358420000027,239.61871424000103,3158.260438839996,-1.00322956,-0.00442376,0.0079697199999998,0.5713229200000006,1.5785591599999995,4.80254884,4.543567439999989,-6.8595557999999786,11.358918519999976,100.0,32.98634072,110.76557816000022,63.84025936000012,55.65561044000011,67.11411836000013,177.87969652000035,1408.2472985199986,96,X1.4533 Y1.5873 Z0.0771
16:31:16.058,5,99,1.45337,1.56238,0.07622,84.47663,56.56969,-24.05659,,185.42,0,0,,2,1,"{""sr"":{""mpox"":84.47663,""mpoy"":56.56969,""mpoz"":-24.05659,""mpoa"":0,""posx"":1.45337,""posy"":1.56238,""posz"":0.07622,""posa"":0,""unit"":0,""stat"":5,""coor"":2,""momo"":1,""dist"":0,""home"":1,""mots"":1,""plan"":0,""line"":99,""path"":2,""frmo"":2,""prbe"":1,""safe"":0,""estp"":0,""spc"":1,""hold"":0,""macs"":5,""cycs"":1,""sps"":12000,""feed"":185.42,""mark"":2030957660}}",5.150793687112969,0.1976190707270581,0.2053622266847335,0.2158301741311281,5.150793687112969,0.1976190707270581,0.2053622266847335,0.2158301741311281,-0.98941888,0.0335167200000001,-0.01515048,-1.8459183200000004,-1.0693599199999997,0.9011011599999996,-31.00107448,36.99892552,-40.0,100.07575868,33.7100108,121.2084497199991,88.63760771999934,83.33450287999938,87.12243479999935,262.88140207999805,1488.1763959199986,-1.00772416,-0.0829714799999999,0.0435562399999999,5.320674920000001,2.0540898799999985,2.0502521599999994,-4.0,16.797148399999994,-94.43355948,100.0,32.26,62.4875389200008,37.66358932000046,43.27593248000054,22.389730880000275,93.14667988000114,1336.3513080799985,-0.9999951199999998,-0.0622056799999998,0.0204710399999999,-5.414439039999998,-8.052763280000002,0.4482861199999995,-12.266136760000013,33.09212396000003,58.02774792000007,100.0,32.6212388,67.18156640000079,1.6276141200000191,1.3020914400000154,1.3020914400000154,3.255229240000039,1388.0843425200012,-0.9431325600000002,0.1761753199999999,0.0018801599999999,2.84901376,1.6380068799999996,3.94433628,-6.241543959999999,30.40536484,37.0,100.0,33.02810704,130.22503427999956,2.9731745599999897,2.378539399999992,2.378539399999992,6.540983519999977,1120.2866092000013,-0.9574357200000008,0.2617979199999986,-0.0267789999999997,3.085942880000012,0.6407144800000099,1.0391061600000002,8.043303120000028,4.191521480000024,4.531583239999988,100.0,40.52867124,72.98777904000025,83.67554920000029,60.263737680000204,45.52296732000016,169.95241160000057,1895.831004799999,-1.0118376,0.0089183199999999,0.0152599199999999,0.4236459199999992,1.65606088,4.91981736,10.658554040000002,-14.867853839999997,25.132146160000005,100.0,33.01132144,90.03744368000012,54.936654640000064,48.30636868000006,57.77820536000007,153.44375948000018,1597.8581535999992,99,X1.4534 Y1.5619 Z0.0762
16:31:16.315,5,103,1.46062,1.53197,0.07511,84.66095,55.79731,-24.08467,,185.42,0,0,,2,1,"{""sr"":{""mpox"":84.66095,""mpoy"":55.79731,""mpoz"":-24.08467,""mpoa"":0,""posx"":1.46062,""posy"":1.53197,""posz"":0.07511,""posa"":0,""unit"":0,""stat"":5,""coor"":2,""momo"":1,""dist"":0,""home"":1,""mots"":1,""plan"":0,""line"":103,""path"":2,""frmo"":2,""prbe"":1,""safe"":0,""estp"":0,""spc"":1,""hold"":0,""macs"":5,""cycs"":1,""sps"":12000,""feed"":185.42,""mark"":2030957660}}",5.22994074723522,0.197953585796181,0.2113964175087583,0.208149435552351,5.22994074723522,0.197953585796181,0.2113964175087583,0.208149435552351,-0.9929228,0.04415554,-0.0088484,-1.5729967599999997,-0.9013159799999996,0.8164988799999998,-31.61558804,36.99973096,-39.00053808,100.0384681,33.70769628,61.50593369999955,44.97621373999967,41.9009171999997,43.82297761999968,132.23775763999902,1547.6142154399993,-1.0045461,-0.08089974,0.0255079,5.461516399999999,1.6002574399999998,2.02569568,-3.0,16.4871985,-95.26199478,100.0,32.27262024,109.03304330000036,67.63547066000022,78.71369458000026,40.23144374000014,169.08867684000057,1664.1785760800003,-1.02998082,-0.0370497,0.0196396,-5.580900979999999,-8.211511200000002,0.3970504999999992,-14.0,38.0,67.09883606,100.0,32.61844326,118.6930779000004,2.9091443000000097,2.3273150200000075,2.3273150200000075,5.818287980000019,1893.1865787400009,-1.0212447999999998,0.1150660399999999,-0.0086523,2.90888432,1.6442313000000002,3.9534221,-3.2610769400000064,16.30538270000003,20.10997186000004,100.0,33.03259122,99.77335615999978,2.282436279999995,1.825949119999996,1.825949119999996,5.0213593399999885,1358.1926527200003,-0.9103251,0.44804988,0.01508066,4.407474939999998,1.8570354,1.2278659200000004,7.779931679999996,-11.802047340000009,6.7947418000000015,100.0,40.5476041,89.66802078000012,102.40194074000014,73.7506209600001,55.71090044000008,207.4567817600003,3106.1429020599994,-1.00574448,-0.0007113599999999,0.0103312,0.3155040999999998,1.9321022,4.80516824,10.7907245,-16.0,25.51479164,100.0,33.02514772,116.34294314000007,59.20105478000004,51.99397000000003,62.28980572000004,165.7629540800001,1455.9238666599997,103,X1.4617 Y1.529 Z0.075
16:31:16.572,5,107,1.47523,1.50449,0.07401,85.03192,55.09933,-24.11269,,185.42,0,0,,2,1,"{""sr"":{""mpox"":85.03192,""mpoy"":55.09933,""mpoz"":-24.11269,""mpoa"":0,""posx"":1.47523,""posy"":1.50449,""posz"":0.07401,""posa"":0,""unit"":0,""stat"":5,""coor"":2,""momo"":1,""dist"":0,""home"":1,""mots"":1,""plan"":0,""line"":107,""path"":2,""frmo"":2,""prbe"":1,""safe"":0,""estp"":0,""spc"":1,""hold"":0,""macs"":5,""cycs"":1,""sps"":12000,""feed"":185.42,""mark"":2030957660}}",5.277828806856801,0.2044726168783068,0.2231921005076934,0.2120005897431315,5.277828806856801,0.2044726168783068,0.2231921005076934,0.2120005897431315,-0.9815332,0.0335217599999999,-0.0067803999999998,-1.3984810400000027,-0.7615002400000007,0.950073999999998,-31.52404639999999,36.477858880000014,-40.00190528,100.04778568,33.725259560000005,78.86381536000185,55.9094552800013,51.60872832000122,54.47397436000128,163.90359248000382,1776.8379593200016,-1.0037043599999995,-0.0554384399999999,0.0295679599999999,5.393378599999999,1.7340167600000005,2.0632922399999987,-3.925658079999998,17.0,-95.51554736,100.04844532,32.2555878,108.39905199999828,58.8467202799991,69.08332183999894,34.54166091999947,147.44649295999773,1741.2210873599945,-0.97462628,-0.0431897999999994,0.0045982000000001,-5.113666160000002,-8.31623588,0.2554390799999992,-13.562700800000009,38.0,67.0,100.0,32.62,105.6839542399984,2.5776575599999614,2.062126039999969,2.062126039999969,5.155314639999923,1868.1963909599936,-1.01755816,0.0990269199999998,-0.0149352800000001,2.87105352,1.66875288,4.024356720000002,-6.506517319999996,30.493482680000003,36.84672543999999,100.0,33.036597640000004,107.57922860000087,2.4674138400000207,1.9739306800000165,1.9739306800000165,5.428309840000045,1422.106743279999,-0.98330692,0.4025836799999996,0.0101958399999998,3.756551400000018,0.8742362800000083,1.2286408399999984,12.771876399999991,-5.532236000000013,12.676995239999869,100.0,40.55,91.3329609599994,97.68858467999942,70.35602767999958,53.14663919999968,198.4141209199988,2582.748480639997,-1.00459164,-0.0118656799999998,-0.0021287599999998,0.5798607599999976,1.9660689600000003,4.8174664400000005,10.0,-15.502814959999998,25.785754879999995,100.0,33.04,104.86540015999978,57.32093183999986,50.49576395999989,60.337822599999846,160.9008612799996,1674.0255398799998,107,X1.4787 Y1.4997 Z0.0738
16:31:16.829,5,110,1.4964,1.4814,0.0729,85.56969,54.5128,-24.14084,,185.42,0,0,,2,1,"{""sr"":{""mpox"":85.56969,""mpoy"":54.5128,""mpoz"":-24.14084,""mpoa"":0,""posx"":1.4964,""posy"":1.4814,""posz"":0.0729,""posa"":0,""unit"":0,""stat"":5,""coor"":2,""momo"":1,""dist"":0,""home"":1,""mots"":1,""plan"":0,""line"":110,""path"":2,""frmo"":2,""prbe"":1,""safe"":0,""estp"":0,""spc"":1,""hold"":0,""macs"":5,""cycs"":1,""sps"":12000,""feed"":185.42,""mark"":2030957660}}",5.450272061304122,0.2028486093272435,0.2038364424181191,0.2021877593407084,5.450272061304122,0.2028486093272435,0.2038364424181191,0.2021877593407084,-0.9952875999999998,0.0379489999999997,-0.0039555999999997,-2.0138911,-1.0577015599999977,0.8955268200000025,-31.33791200000002,36.0,-40.66089471999998,100.0337314,33.733379080000006,101.29943851999698,77.46427629999769,70.84339799999789,74.81592497999776,225.7719512599933,1806.6345589199923,-1.00665276,-0.07690524,0.0272115,5.385769639999998,1.952919879999996,2.064756660000002,-3.557665019999983,16.052589840000003,-95.38974514000002,100.0,32.25442366,69.37461632000243,44.04118898000156,52.22583456000184,25.72317214000091,110.29784486000388,1783.4453885600028,-1.0134700200000006,-0.0181300599999999,0.02593842,-5.421016019999998,-8.093803619999996,0.3420053399999991,-13.945850919999996,38.0,66.94585092,100.0,32.62552486,80.63809738000278,1.9667830200000676,1.5734266800000538,1.5734266800000538,3.933565700000135,1954.9787901200016,-1.00400802,0.1262610800000002,-0.0099489200000001,2.949685260000001,1.6552093799999992,4.0207906200000005,-6.8910092599999935,30.108990740000007,36.89100926,100.0,33.0354988,120.99659905999845,2.795474159999964,2.2363795999999714,2.2363795999999714,6.150042899999921,1392.2070114799997,-0.9276893200000004,0.3072895400000037,-0.0831777800000009,1.1411381400000689,1.6229782800000097,1.1657411600000054,10.62501365999998,-1.785535659999899,6.6605038999999495,100.0,40.53709844,83.23803298000094,88.296697620001,63.46325108000072,48.28725684000055,179.81254600000204,2412.9626825000123,-1.0034991,-0.0135833,0.004058,0.6394074400000002,1.8594664000000032,4.873698279999999,10.634577140000012,-15.0,25.670397760000007,100.0,33.05,105.57762720000044,54.47612744000023,48.20896194000021,57.85075446000025,153.78658914000067,1313.0397435400046,110,X1.4964 Y1.4814 Z0.0729
16:31:17.087,5,114,1.52275,1.46463,0.07179,86.23891,54.08686,-24.16899,,185.42,0,0,,2,1,"{""sr"":{""mpox"":86.23891,""mpoy"":54.08686,""mpoz"":-24.16899,""mpoa"":0,""posx"":1.52275,""posy"":1.46463,""posz"":0.07179,""posa"":0,""unit"":0,""stat"":5,""coor"":2,""momo"":1,""dist"":0,""home"":1,""mots"":1,""plan"":0,""line"":114,""path"":2,""frmo"":2,""prbe"":1,""safe"":0,""estp"":0,""spc"":1,""hold"":0,""macs"":5,""cycs"":1,""sps"":12000,""feed"":185.42,""mark"":2030957660}}",5.222444180071877,0.2043968305249042,0.2114437380550821,0.2100114031392616,5.222444180071877,0.2043968305249042,0.2114437380550821,0.2100114031392616,-0.99236248,0.0432871599999999,-0.0113844999999999,-1.3653353800000003,-0.9269319400000002,0.8939568399999995,-32.816919379999995,36.00386794,-39.179212680000006,100.0,33.75179208,26.2113997000006,21.420375980000493,19.58957478000045,20.688055500000488,62.24724630000143,953.5241880600004,-1.01296728,-0.07530464,0.02296728,5.14386694,1.8005238800000003,1.95630552,-2.168132579999991,11.563375059999952,-68.65753983999971,100.0,32.26,149.67361435999936,80.94362569999967,96.1205551199996,46.97621085999981,201.6634470399992,1162.7171400200004,-1.02094844,-0.0200714,0.0218464999999999,-5.600624539999997,-8.002306860000001,0.461884539999999,-13.749049639999996,37.02889432,67.05778882,100.0,32.6102889,149.0142684599994,3.6007742399999856,2.880619099999989,2.880619099999989,7.201548659999971,1154.3256948400012,-0.9956894,0.11043572,-0.01068454,2.8763183,1.76857132,3.9596817,-6.440014620000002,30.382769400000004,37.05724522,100.0,33.01382782,82.67813526000033,1.913845720000008,1.5310763200000062,1.5310763200000062,4.210461020000017,1026.9451888,-0.98038006,0.0697802800000002,0.0045764,3.2208374800000144,1.886723399999993,1.1997719800000008,11.29952112,10.71432375999999,9.370824360000029,100.0,40.53483892,96.27201285999983,111.9265340999998,80.44719619999985,60.626872079999885,227.3507714599996,1623.68726882,-1.0085967999999998,-0.009433,0.0070594999999999,0.6719086200000002,1.57807144,4.9390815,10.0,-15.547763440000002,25.547763440000004,100.0,33.06,104.15115527999993,60.214083779999946,53.286799619999954,63.41129171999995,169.45202413999985,1011.3953872199996,114,X1.5251 Y1.4635 Z0.0717
16:31:17.344,5,118,1.55238,1.45504,0.07069,86.99166,53.84333,-24.19701,,185.42,0,0,,2,1,"{""sr"":{""mpox"":86.99166,""mpoy"":53.84333,""mpoz"":-24.19701,""mpoa"":0,""posx"":1.55238,""posy"":1.45504,""posz"":0.07069,""posa"":0,""unit"":0,""stat"":5,""coor"":2,""momo"":1,""dist"":0,""home"":1,""mots"":1,""plan"":0,""line"":118,""path"":2,""frmo"":2,""prbe"":1,""safe"":0,""estp"":0,""spc"":1,""hold"":0,""macs"":5,""cycs"":1,""sps"":12000,""feed"":185.42,""mark"":2030957660}}",5.332448439701824,0.2021050035080174,0.2025253988917948,0.2022044882817749,5.332448439701824,0.2021050035080174,0.2025253988917948,0.2022044882817749,-0.99200964,0.0372281600000001,-0.00696744,-1.8280368399999996,-0.9213944400000016,0.9145915599999992,-31.04856848000001,36.03985744000001,-39.92028507999997,100.00087072,33.75960144,159.84046407999787,111.31746595999851,100.85172131999867,106.5603093999986,322.5352226799957,1333.508893600001,-1.01021636,-0.07748472,0.0334422399999999,5.044896840000005,1.8079599599999985,1.9365951200000024,-3.006086000000002,16.0,-95.006086,100.0,32.26185824,32.53035204000161,19.949553040000986,23.723792840001177,11.502444880000567,49.78401936000247,1693.3452755600003,-0.9750909600000004,-0.0320700399999998,0.0017574000000001,-4.916263200000005,-8.144975239999999,0.2905428800000025,-13.814071359999993,37.99357088,68.60242531999997,100.0,32.62378276,37.55763864000175,0.9296442400000434,0.7437156000000346,0.7437156000000346,1.8592894400000872,1646.8995723200014,-0.9927877600000002,0.11314944,-0.0177945599999999,2.910813720000001,1.7061196799999985,4.027226839999999,-6.012674880000004,30.98732512,38.0,100.0,33.01663556,143.35021295999903,3.3179981599999766,2.6543991199999817,2.6543991199999817,7.29959727999995,1654.1371536799973,-0.9495922399999992,0.2372287599999989,0.0026829599999994,3.4290489599999643,1.7131439600000078,1.11455504,11.044472080000014,6.901394959999955,26.24983340000001,100.0,40.5339472,63.82548660000055,72.94341340000064,52.42807832000046,39.51101516000034,148.1663082400013,1966.6850008000051,-1.0095786399999995,-0.00543932,0.0093753199999999,0.4890965200000003,1.80343124,4.94657292,10.0,-15.54805688,25.982024399999997,100.0,33.06982024,92.19643300000028,51.06959264000015,45.19433028000013,53.78125224000016,143.7179687200004,1240.8537741199996,118,X1.5576 Y1.4541 Z0.0705
16:31:17.601,5,122,1.58371,1.45327,0.06957,87.78733,53.79842,-24.2253,,185.42,0,0,,2,1,"{""sr"":{""mpox"":87.78733,""mpoy"":53.79842,""mpoz"":-24.2253,""mpoa"":0,""posx"":1.58371,""posy"":1.45327,""posz"":0.06957,""posa"":0,""unit"":0,""stat"":5,""coor"":2,""momo"":1,""dist"":0,""home"":1,""mots"":1,""plan"":0,""line"":122,""path"":2,""frmo"":2,""prbe"":1,""safe"":0,""estp"":0,""spc"":1,""hold"":0,""macs"":5,""cycs"":1,""sps"":12000,""feed"":185.42,""mark"":2030957660}}",5.059118469718466,0.1988867922871465,0.1992678449210416,0.2024847891946255,5.059118469718466,0.1988867922871465,0.1992678449210416,0.2024847891946255,-0.9876324,0.0318313999999998,-0.0034464999999997,-1.5996598999999978,-0.7029048999999946,0.9159488,-31.897053600000017,36.0,-37.41343659999993,100.0,33.77,15.44195739999737,11.941780599997966,10.91231679999814,11.529995099998034,34.898824499994056,1527.2604343000028,-1.0063201000000002,-0.0727848999999999,0.0120224999999997,5.453877800000001,1.8142746999999988,2.014,-2.223686599999988,16.776313400000014,-95.77631340000002,100.0,32.2716894,139.73646500000223,85.39450700000135,102.47340780000162,48.90776320000077,213.48626610000332,1810.069966500004,-1.0058371000000006,-0.0183016000000001,0.0248742999999999,-5.1183888,-8.185931500000002,0.306678799999998,-14.0,37.0,66.0,100.0,32.62,159.5455827000025,3.872465300000061,3.097972800000049,3.097972800000049,8.519424100000135,1857.9218239000036,-1.0005933999999996,0.1110931,-0.0090067999999997,2.900193400000001,1.870093500000001,4.081647200000005,-6.288633600000006,31.0,38.0,100.0,33.0135683,77.07507479999862,1.784145699999968,1.4273157999999744,1.4273157999999744,3.925119399999929,1623.5496244999997,-0.9373886000000002,0.2391265000000019,-0.0090127000000001,4.376413399999987,0.8537983999999862,1.242628200000003,11.692707000000036,6.661849200000013,23.28442620000008,100.0,40.5333814,99.41215630000076,116.3849635000009,83.65169220000064,63.04185560000048,236.4069573000018,2099.2855932,-1.0084581,-0.0043445999999998,0.0058058,0.1732024999999995,2.048784399999999,4.828733999999999,10.0,-15.05519669999999,25.595349199999998,100.0,33.07,103.70936020000036,60.4971273000002,53.47513880000018,64.27819730000022,171.76862830000056,1410.3555629999992,122,X1.5915 Y1.4541 Z0.0693
16:31:17.858,5,125,1.61435,1.45951,0.06855,88.56558,53.95668,-24.25144,,185.42,0,0,,2,1,"{""sr"":{""mpox"":88.56558,""mpoy"":53.95668,""mpoz"":-24.25144,""mpoa"":0,""posx"":1.61435,""posy"":1.45951,""posz"":0.06855,""posa"":0,""unit"":0,""stat"":5,""coor"":2,""momo"":1,""dist"":0,""home"":1,""mots"":1,""plan"":0,""line"":125,""path"":2,""frmo"":2,""prbe"":1,""safe"":0,""estp"":0,""spc"":1,""hold"":0,""macs"":5,""cycs"":1,""sps"":12000,""feed"":185.42,""mark"":2030957660}}",5.419870406845188,0.2058807281514172,0.2114449204082479,0.2094138933266091,5.419870406845188,0.2058807281514172,0.2114449204082479,0.2094138933266091,-0.9954838,0.0359737599999998,0.011485,-1.8777625600000063,-1.0536996800000038,1.0068271999999974,-32.185886879999984,35.934079440000005,-38.19513644000006,100.1,33.77246308,131.42878428000364,87.63994232000243,80.08477488000221,84.61787484000234,255.36465876000707,1359.9499133999968,-1.0146446800000002,-0.0752513600000001,0.0400853200000002,5.302672439999999,1.6893735200000009,1.972626479999999,-3.203558639999982,16.118187600000002,-95.67825376,100.0,32.27678252,53.93522099999751,35.39211339999838,42.26697723999806,20.27002843999907,88.15853675999595,1589.583027480004,-1.0173977199999995,-0.0313476400000004,0.0257396799999998,-5.305523479999995,-7.920906439999998,0.4634672000000022,-13.323347959999984,37.0,66.79891096000001,100.0,32.62201096,67.09067607999697,1.616739559999928,1.2933915999999424,1.2933915999999424,3.5568268399998413,1612.198828960002,-1.0205253600000004,0.1226261599999998,-0.01218904,2.75020232,1.736934519999999,3.9917322,-6.241596400000007,30.24159640000001,38.594550080000005,100.0,33.02,128.42274720000168,2.972749160000039,2.378199080000031,2.378199080000031,6.540047400000085,1320.747282799997,-0.988382880000001,0.3887436400000004,0.0042886,0.0960096799999665,0.1704640400000088,1.2635665600000017,9.855083959999993,5.355122720000123,8.135570959999777,100.0,40.52130856,76.15309379999914,83.14237427999895,59.75858183999924,45.03545287999943,168.88294855999786,2069.759473119992,-1.00446916,-0.0083797199999998,0.0196644400000003,0.3403396800000004,2.012389880000001,4.85088652,10.0,-15.867815440000012,24.52644624,100.0,33.07,103.65300847999956,53.03798011999976,47.35533955999978,56.352854159999744,150.58997951999933,1301.4373296399958,125,X1.6162 Y1.4601 Z0.0685
16:31:18.116,5,129,1.6423,1.47335,0.06746,89.27555,54.3083,-24.27894,,185.42,0,0,,2,1,"{""sr"":{""mpox"":89.27555,""mpoy"":54.3083,""mpoz"":-24.27894,""mpoa"":0,""posx"":1.6423,""posy"":1.47335,""posz"":0.06746,""posa"":0,""unit"":0,""stat"":5,""coor"":2,""momo"":1,""dist"":0,""home"":1,""mots"":1,""plan"":0,""line"":129,""path"":2,""frmo"":2,""prbe"":1,""safe"":0,""estp"":0,""spc"":1,""hold"":0,""macs"":5,""cycs"":1,""sps"":12000,""feed"":185.42,""mark"":2030957660}}",5.020019279459517,0.1982745499678068,0.1999656604860425,0.2039096629833867,5.020019279459517,0.1982745499678068,0.1999656604860425,0.2039096629833867,-0.9977304,0.038603,0.0159688,-1.5873264,-0.7568922,0.9771154,-32.0,36.0,-38.0,100.1,33.78,59.19581719999999,46.7123454,42.6854188,45.1015748,136.512802,1993.7716402,-1.0074086,-0.0759002,0.0369154,5.4253562,1.7466540000000002,2.0598754,-3.0912684,16.0912684,-94.7520536,100.0,32.2641282,88.84460879999999,62.64683980000001,75.1762078,35.879553800000004,156.617099,1817.4297478,-0.9848518,-0.0286344,-0.0023414,-5.3533438,-7.8535188,0.4533666,-13.5677598,37.5677598,66.471278,100.0,32.6256776,119.2295562,2.8387988,2.271039,2.271039,6.2453578,1871.6344862,-1.0168918,0.1306814,-0.006164,2.9179852,1.6529884,3.9952084,-6.0,30.7278968,37.2721032,100.0,33.019182,101.000395,2.3121574,1.8497258,1.8497258,5.0867464,1829.3564658,-1.0140122,0.6124052,0.0094682,3.5074652,1.3799982000000002,1.1636522,6.6761232,11.5761528,-2.1470522,100.0,40.51,88.7899322,100.8737694,72.5030218,54.6399584,204.8998446,2454.8476874000003,-0.9940034,-0.0082887999999999,-0.0320256,0.4311798,1.8010482,4.8085656000000006,10.0,-15.2202344,24.9747268,100.0,33.0722024,111.242128,57.9279284,51.2636534,61.5163838,163.53105399999998,1646.1297464,129,X1.6461 Y1.4759 Z0.0673
16:31:18.373,5,133,1.66602,1.49388,0.06635,89.87796,54.82987,-24.30721,,185.42,0,0,,2,1,"{""sr"":{""mpox"":89.87796,""mpoy"":54.82987,""mpoz"":-24.30721,""mpoa"":0,""posx"":1.66602,""posy"":1.49388,""posz"":0.06635,""posa"":0,""unit"":0,""stat"":5,""coor"":2,""momo"":1,""dist"":0,""home"":1,""mots"":1,""plan"":0,""line"":133,""path"":2,""frmo"":2,""prbe"":1,""safe"":0,""estp"":0,""spc"":1,""hold"":0,""macs"":5,""cycs"":1,""sps"":12000,""feed"":185.42,""mark"":2030957660}}",5.252812734625152,0.2029396579687989,0.2027517304726835,0.2251907353244072,5.252812734625152,0.2029396579687989,0.2027517304726835,0.2251907353244072,-0.98774088,0.03315262,0.0059850799999996,-1.7976185600000003,-0.7879796200000004,0.977297,-31.460065940000003,36.45763054,-39.08473938,100.1,33.78457608,79.54757838000063,53.36765710000041,48.76699684000037,51.5273931800004,155.9648128400012,1621.2761592599998,-1.01326194,-0.075,0.0176014200000001,5.29287962,1.7732289599999995,2.01722896,-3.0,16.0,-95.98295436,100.0,32.28790056,81.49873847999962,58.43759535999972,69.49335701999968,33.69374917999984,145.76078155999932,1856.81267818,-1.01709466,-0.03469662,0.0281635799999999,-5.40505942,-7.884003720000001,0.4823915799999996,-13.473918680000002,37.0,67.85589488,100.0,32.634739319999994,110.3329868999995,2.630407059999988,2.1043252799999905,2.1043252799999905,5.786894979999974,2051.1300493999997,-1.01415478,0.12974084,-0.00412966,2.80354996,1.84441544,3.94292722,-6.0,31.0,38.633104020000005,100.0,33.01513846,105.00397236000028,2.4306476400000063,1.9445182200000053,1.9445182200000053,5.347424240000014,1667.9390942999992,-0.8435902,0.5105307600000015,-0.0145778799999998,2.052369719999988,1.9995727399999976,1.164181,9.24739154000001,0.2212127999999779,3.843877100000036,100.0,40.50829846,86.29504615999983,98.23004227999982,70.60284257999987,53.20793943999991,199.87123319999964,2480.7002819000004,-1.00659658,-0.0055993999999999,0.0036153399999999,0.4327485799999997,1.81847282,4.80311836,10.0,-15.79463806,26.0,100.0,33.08,100.34740042000008,57.06105355999996,50.49650769999996,60.59580943999995,161.88842763999986,1578.1502052200003,133,X1.6706 Y1.4993 Z0.0661
16:31:18.631,5,136,1.68352,1.51955,0.06525,90.32246,55.48181,-24.33515,,185.42,0,0,,2,1,"{""sr"":{""mpox"":90.32246,""mpoy"":55.48181,""mpoz"":-24.33515,""mpoa"":0,""posx"":1.68352,""posy"":1.51955,""posz"":0.06525,""posa"":0,""unit"":0,""stat"":5,""coor"":2,""momo"":1,""dist"":0,""home"":1,""mots"":1,""plan"":0,""line"":136,""path"":2,""frmo"":2,""prbe"":1,""safe"":0,""estp"":0,""spc"":1,""hold"":0,""macs"":5,""cycs"":1,""sps"":12000,""feed"":185.42,""mark"":2030957660}}",5.1675333486114985,0.1932131805821691,0.1991441532034004,0.204307169892334,5.1675333486114985,0.1932131805821691,0.1991441532034004,0.204307169892334,-0.98843,0.035117,-0.0026737,-1.624282799999998,-0.8791924000000022,0.9341562999999988,-31.699174400000015,36.69917440000002,-39.0031815,100.0996815,33.7829763,114.66454700000288,81.10419160000204,74.81162530000188,78.30749530000196,237.719182900006,1037.0146240999934,-1.0081036,-0.0750859999999999,0.0279674000000002,5.512463700000004,1.7286687000000014,2.058387800000003,-3.0,16.0465441,-94.0930882,100.0362053,32.2709309,50.3251227999983,40.54973919999863,48.15281479999837,23.533330399999205,101.0122963999966,1443.1758342999944,-1.0039479000000004,-0.0421304,0.0097310000000001,-5.444677100000004,-7.666544399999996,0.5170625000000056,-13.634306600000013,37.0,66.63430660000002,100.0,32.6136275,76.79568879999745,1.82846899999994,1.4627745999999515,1.4627745999999515,4.022631399999867,1476.5101263999984,-0.9892438,0.1268749000000001,-0.0072910999999999,2.819729099999999,1.7874210000000017,4.0422564,-6.0,30.425991599999996,37.52213169999999,100.0,33.01,125.80389430000142,2.870040300000032,2.2960319000000258,2.2960319000000258,6.314088300000071,1313.4665533999955,-0.9618570000000016,0.1511471000000014,-0.0005862999999996,2.4690824000000524,1.951183300000009,1.2143422999999982,8.660930499999997,-11.449427799999995,13.51006320000018,100.0,40.5011037,74.60496309999922,86.2900773999991,62.02099319999936,46.74045859999951,175.7261475999982,1854.415521699993,-1.0073878,-0.0091756999999999,0.0135567000000002,0.5223661000000003,1.7300643000000004,4.890347900000002,5.344801500000012,-8.33799400000003,13.295226800000032,100.0,33.0938759,79.49331139999968,54.112917199999785,48.36641219999981,57.943920199999766,154.19786979999938,1213.8041835999986,136,X1.6842 Y1.5208 Z0.0652
16:31:18.888,5,140,1.69398,1.54911,0.06414,90.58815,56.23252,-24.36342,,185.42,0,0,,2,1,"{""sr"":{""mpox"":90.58815,""mpoy"":56.23252,""mpoz"":-24.36342,""mpoa"":0,""posx"":1.69398,""posy"":1.54911,""posz"":0.06414,""posa"":0,""unit"":0,""stat"":5,""coor"":2,""momo"":1,""dist"":0,""home"":1,""mots"":1,""plan"":0,""line"":140,""path"":2,""frmo"":2,""prbe"":1,""safe"":0,""estp"":0,""spc"":1,""hold"":0,""macs"":5,""cycs"":1,""sps"":12000,""feed"":185.42,""mark"":2030957660}}",5.254458810343322,0.2132863984818266,0.2089844848716376,0.2108140883417097,5.254458810343322,0.2132863984818266,0.2089844848716376,0.2108140883417097,-0.99021612,0.0450812000000001,-0.0093533999999999,-1.6671684399999984,-1.028137400000001,0.8735126399999983,-31.0060858,36.15863951999999,-39.67967864000003,100.1,33.78006048,25.99127747999773,18.75513419999836,17.303037479998498,18.270087519998405,55.13667071999521,1216.6575333199978,-1.00433812,-0.07403248,0.0272515999999999,5.16344004,1.7669732800000002,1.9788467600000013,-3.0,16.73666512000001,-95.71185632,100.0,32.28423716,112.04754836000149,83.95503300000114,98.71314692000132,48.61990792000065,208.4514640400028,1292.8282015199998,-0.95547964,-0.03718,-0.0006999200000001,-5.388438440000004,-8.290214280000002,0.3496120800000006,-14.0,37.02555232,66.73134720000002,100.0,32.625372760000005,151.439929000002,3.656734840000048,2.925387640000039,2.925387640000039,8.044816880000106,1454.4663011599996,-0.98381024,0.11937036,-0.0152331599999999,2.725919639999998,1.817085120000001,3.94409632,-6.050850879999995,30.949149120000005,38.19821276000002,100.0,33.00324584,81.47660859999887,1.8773407999999736,1.5018730399999791,1.5018730399999791,4.130150359999943,1187.7937309200013,-0.9371732799999982,0.3975136399999996,0.010763959999999,1.3168251999999827,0.8561365599999915,1.0941160799999996,5.012340479999912,-5.358165519999945,5.002914480000009,100.0,40.49533652,100.75778188000064,113.73074444000072,81.74397276000052,62.1965007200004,231.54923808000152,1664.517493079993,-1.0065378,-0.00792652,0.01199852,0.4596596800000001,1.491262399999998,4.845951680000001,10.071944319999991,-16.0,25.536539239999996,100.0,33.10856112,110.53443628,61.036230320000165,54.07595844000014,65.24752964000018,173.93485160000048,1196.8319058799989,140,X1.6948 Y1.5529 Z0.064
16:31:19.145,5,144,1.69667,1.58036,0.06302,90.65695,57.02029,-24.3915,,185.42,0,0,,2,1,"{""sr"":{""mpox"":90.65695,""mpoy"":57.02029,""mpoz"":-24.3915,""mpoa"":0,""posx"":1.69667,""posy"":1.58036,""posz"":0.06302,""posa"":0,""unit"":0,""stat"":5,""coor"":2,""momo"":1,""dist"":0,""home"":1,""mots"":1,""plan"":0,""line"":144,""path"":2,""frmo"":2,""prbe"":1,""safe"":0,""estp"":0,""spc"":1,""hold"":0,""macs"":5,""cycs"":1,""sps"":12000,""feed"":185.42,""mark"":2030957660}}",5.396742804961278,0.2121665432854867,0.2107312581661259,0.2057100151406277,5.396742804961278,0.2121665432854867,0.2107312581661259,0.2057100151406277,-0.99190692,0.0480231799999999,-0.0231666000000004,-1.7081014600000013,-0.85553958,0.9172151399999994,-31.9916308,36.98007966000001,-39.01992033999999,100.00199204,33.7899167,157.4171132400017,112.71842688000122,104.94474216000113,110.7750059400012,333.2967273000036,1259.7396719999977,-1.00901602,-0.0568034799999998,0.0066921399999997,5.208973919999999,2.0721363800000034,1.913351059999999,-3.824995360000009,16.0,-94.17500464,100.0,32.28,26.990434159998845,19.77006307999916,23.20833483999901,11.518210279999511,49.16728727999789,1582.5718714599975,-0.9426075000000002,-0.0276336399999991,0.0317908000000002,-5.25936696,-8.318345120000002,0.488,-14.0,36.99674212,66.35945647999998,100.0,32.61182998,36.52934363999852,0.8823517999999642,0.7058814399999713,0.7058814399999713,1.9411729599999208,1558.0492195399954,-1.02554632,0.1045614199999994,-0.0062849999999998,2.8682261800000006,1.770421420000001,4.06709666,-5.673196580000004,31.0,38.00634284,100.0,33.00653632,146.75050952000086,3.3659829200000195,2.692786340000016,2.692786340000016,7.405162420000042,1623.0243236600004,-0.9482077000000008,0.2108964399999995,0.0197269799999998,3.714300619999995,0.6374668199999781,1.2205480000000004,10.737507580000024,5.700458380000044,7.2170614399999184,100.0,40.5099259,61.43638405999955,72.30013579999947,51.69647013999962,39.334270539999714,146.4733314199989,1963.53910752,-1.00276034,-0.0108572,0.0105779599999998,0.4483373199999995,1.623940660000002,4.82363322,10.0,-16.0,25.008924659999995,100.0,33.11,103.24670593999971,51.39987505999986,45.58945431999988,54.52856285999986,145.7074724799996,1323.0771483599997,144,X1.6963 Y1.5866 Z0.0628
16:31:19.403,5,147,1.69133,1.61104,0.06192,90.52095,57.80558,-24.41981,,185.42,0,0,,2,1,"{""sr"":{""mpox"":90.52095,""mpoy"":57.80558,""mpoz"":-24.41981,""mpoa"":0,""posx"":1.69133,""posy"":1.61104,""posz"":0.06192,""posa"":0,""unit"":0,""stat"":5,""coor"":2,""momo"":1,""dist"":0,""home"":1,""mots"":1,""plan"":0,""line"":147,""path"":2,""frmo"":2,""prbe"":1,""safe"":0,""estp"":0,""spc"":1,""hold"":0,""macs"":5,""cycs"":1,""sps"":12000,""feed"":185.42,""mark"":2030957660}}",5.090910979239005,0.1968084953425339,0.204399156938727,0.2084667347907036,5.090910979239005,0.1968084953425339,0.204399156938727,0.2084667347907036,-0.98941476,0.03741504,-0.0079495400000001,-1.6390770800000003,-0.9069303400000006,0.8630850599999995,-31.99991656,36.00008344,-39.00016702,100.08535566,33.78000084,20.209462599998837,16.98766405999902,15.96254643999908,16.694773699999036,50.37721045999709,1488.881110700003,-1.00331402,-0.08304656,0.03269236,5.28649884,2.0086915400000014,1.9620962800000008,-3.0,16.748329220000006,-94.11807236,100.0,32.29,77.0778688400006,87.55447262000068,101.7727197800008,51.6346886800004,217.7636875800017,1066.1771840000006,-0.9893578599999996,-0.0397071400000001,0.0113998799999999,-5.102907119999999,-8.08719082,0.4022887599999997,-14.0,37.0,66.11750004,100.0,32.62235004,156.96747878000122,3.737320820000029,2.989857200000023,2.989857200000023,8.222106120000063,1294.0976751800015,-1.00792898,0.1514637200000002,-0.0097510399999999,2.8974592999999995,1.76892846,3.94543876,-5.371026399999996,31.0,37.27550874000001,100.0,33.007244560000004,81.62581061999931,1.855131999999985,1.4841055999999877,1.208596859999985,4.081290259999966,1051.5970332800025,-0.98569776,0.1345328400000003,0.0239408200000001,4.9511459999999845,1.5761754400000072,1.1460898399999997,13.507689100000007,6.191341539999976,14.171137460000102,100.0,40.50316136,100.68711306000036,114.98587552000043,82.81366120000031,62.55708222000023,232.9506593000009,1565.0482115200032,-1.00622524,-0.0089036799999999,0.00896196,0.3846414000000005,1.82216674,4.94890414,10.54019666,-15.54019666,26.54019666,100.0,33.11,115.6020751400002,62.66280752000011,55.10005484000009,66.44418300000011,177.7246860000003,1149.7590856600016,147,X1.6912 Y1.6115 Z0.0619
16:31:19.659,5,151,1.67829,1.63946,0.06081,90.18967,58.52762,-24.44797,,185.42,0,0,,2,1,"{""sr"":{""mpox"":90.18967,""mpoy"":58.52762,""mpoz"":-24.44797,""mpoa"":0,""posx"":1.67829,""posy"":1.63946,""posz"":0.06081,""posa"":0,""unit"":0,""stat"":5,""coor"":2,""momo"":1,""dist"":0,""home"":1,""mots"":1,""plan"":0,""line"":151,""path"":2,""frmo"":2,""prbe"":1,""safe"":0,""estp"":0,""spc"":1,""hold"":0,""macs"":5,""cycs"":1,""sps"":12000,""feed"":185.42,""mark"":2030957660}}",5.415367203429742,0.2010382660962112,0.2019183474481291,0.2002996079728179,5.415367203429742,0.2010382660962112,0.2019183474481291,0.2002996079728179,-0.98727528,0.0286669999999994,-0.0126665400000001,-1.818695919999996,-0.8866669199999972,0.9322322199999986,-31.266098339999974,36.99895922,-40.73390166000002,100.099896,33.79,124.1781591000038,85.2532868200026,80.84363366000247,84.51834438000257,254.28997584000777,1300.2027905599928,-1.0070624599999995,-0.0948869199999996,0.0371888599999997,5.337417779999999,1.7828153999999972,1.96000336,-3.2198526199999806,16.0,-95.0,100.0,32.28659568,40.99212067999822,39.82452345999813,45.733593679997846,23.64604285999889,98.49504363999536,1490.8065076399969,-0.969221219999999,-0.0042081399999987,0.0053509200000002,-5.052075579999992,-8.327239280000004,0.284403820000001,-13.881653279999997,37.0,66.88165328,100.0,32.61780716,69.90852191999682,1.6881909599999223,1.3505532199999375,1.3505532199999375,3.714020659999829,1579.2049318199995,-1.014582,0.1670991999999999,-0.0108841599999999,2.77217044,1.7735030800000011,3.9633223600000007,-5.177601839999984,30.0,37.41263027999999,100.0,33.0041263,127.4592663000018,2.9368498200000417,2.349479360000033,1.762109640000025,6.461068360000092,1308.0779454799983,-1.0120635400000009,0.0257629600000004,-0.0083582600000001,-0.5930644999999919,1.276514480000002,1.16,12.0,10.442351019999789,22.429519520000103,100.0,40.51836252,71.96713391999906,84.56281987999887,60.902756399999184,46.005679379999386,171.48013921999768,1572.927990339999,-1.00023502,-0.0082397000000002,-0.0038767000000004,0.2962182400000007,1.9240510200000005,4.949705740000002,10.0,-15.474570619999998,27.0,100.0,33.12,97.14303907999953,55.05020609999972,48.88078599999975,58.8467720999997,156.75230739999918,1191.2536193599983,151,X1.6767 Y1.6421 Z0.0607
16:31:19.917,5,155,1.6585,1.66363,0.0597,89.68704,59.14153,-24.47612,,185.42,0,0,,2,1,"{""sr"":{""mpox"":89.68704,""mpoy"":59.14153,""mpoz"":-24.47612,""mpoa"":0,""posx"":1.6585,""posy"":1.66363,""posz"":0.0597,""posa"":0,""unit"":0,""stat"":5,""coor"":2,""momo"":1,""dist"":0,""home"":1,""mots"":1,""plan"":0,""line"":155,""path"":2,""frmo"":2,""prbe"":1,""safe"":0,""estp"":0,""spc"":1,""hold"":0,""macs"":5,""cycs"":1,""sps"":12000,""feed"":185.42,""mark"":2030957660}}",5.132785058297617,0.2017686326828844,0.2070889704790612,0.1992901097315483,5.132785058297617,0.2017686326828844,0.2070889704790612,0.1992901097315483,-0.99557552,0.0412719199999999,-0.0134253199999999,-1.673842979999998,-0.8188967399999981,0.8803570799999981,-31.57575730000003,36.99970642,-39.84848539999994,100.05760484,33.7857606,67.83187329999504,49.60205729999637,47.05836199999656,49.1781081799964,147.53432395998922,1413.5191145800077,-1.01082532,-0.0794917800000003,0.0160312600000001,5.208655540000008,1.8644586999999893,1.9963662599999967,-3.443563119999978,16.088102000000006,-95.911898,100.0,32.28911898,69.55459510000271,67.32884832000262,76.23183628000297,40.063446980001565,165.81815508000648,1302.2083123600005,-1.0231841000000004,-0.0395460799999993,0.0255449999999997,-5.196732240000007,-8.227699059999997,0.2337830400000022,-13.55449374000002,37.0,66.90732818,100.0,32.63554474,114.7801466800044,2.7724672800001064,2.217973960000085,2.217973960000085,6.099427720000234,1287.1725018800057,-1.02292002,0.1129597999999999,-0.0019393399999998,2.895113120000002,1.710284400000001,3.919750799999997,-6.0,30.816225259999992,37.46973299999999,100.0,32.99816198,101.82986681999756,2.348664419999943,1.8789319999999543,1.4091989999999657,5.167062419999875,1403.6219680200022,-0.9612333199999972,0.1926249199999917,-0.0011988600000012,3.230861319999992,1.477447899999984,1.1170891600000026,9.86788448,9.087037280000194,22.739899759999787,100.0,40.49949764,86.39864948000135,100.97191580000158,72.34585738000112,54.64974816000086,204.0257264800032,1872.3135067399955,-1.00299068,-0.0059311400000002,0.0127029199999993,0.278457000000004,1.9557634800000023,4.92882358,10.0,-15.740216259999986,26.740216259999983,100.0,33.12,123.07620698000078,59.50378630000038,52.383674620000335,63.063841560000405,168.84835062000107,1278.421049420008,155,X1.6543 Y1.6675 Z0.0595
16:31:20.175,5,159,1.63307,1.68212,0.05858,89.041,59.61101,-24.5045,,185.42,0,0,,2,1,"{""sr"":{""mpox"":89.041,""mpoy"":59.61101,""mpoz"":-24.5045,""mpoa"":0,""posx"":1.63307,""posy"":1.68212,""posz"":0.05858,""posa"":0,""unit"":0,""stat"":5,""coor"":2,""momo"":1,""dist"":0,""home"":1,""mots"":1,""plan"":0,""line"":159,""path"":2,""frmo"":2,""prbe"":1,""safe"":0,""estp"":0,""spc"":1,""hold"":0,""macs"":5,""cycs"":1,""sps"":12000,""feed"":185.42,""mark"":2030957660}}",5.3751737189081,0.2002534653087218,0.2028923927196889,0.204165313346947,5.3751737189081,0.2002534653087218,0.2028923927196889,0.204165313346947,-0.9909235599999998,0.0452478999999999,-0.0098352199999999,-1.841015360000004,-0.9308409199999944,0.9255974600000038,-31.00044428,36.00044428,-41.41657571999997,100.1,33.79418364,63.59304603999527,48.94717549999637,46.85541677999653,48.52882423999639,146.00526825998912,1185.0164992399975,-0.9981763200000002,-0.07391636,0.0115199200000002,5.263360540000002,1.6764069999999955,1.9491103800000005,-2.936236440000005,16.44605407999998,-95.06376356,100.0,32.29,80.15478382000327,68.07158938000266,76.444542160003,40.92823762000161,167.22791652000654,1462.8710053400089,-0.9735246400000008,-0.0338375999999999,0.0003193,-5.208077679999998,-8.087232359999993,0.3523115399999972,-13.934171300000004,37.0,67.9341713,100.0,32.63487722,114.71446854000442,2.7677007200001067,2.2141604600000857,2.2141604600000857,6.088941700000236,1515.5861673399995,-1.0049116800000006,0.12614118,-0.0065393799999998,2.7910570200000016,1.6721819400000013,4.109764539999997,-6.0,30.13324457999999,38.47033411999999,100.0,32.99,102.5327959799975,2.3516698599999426,1.8813357399999544,1.4110017799999657,5.173672839999875,1291.318567620002,-0.9247955799999976,0.2924839200000031,-0.0284158800000002,1.543798519999953,0.8274996400000115,1.0731199599999963,8.212131660000031,8.442880119999826,3.901057179999941,100.0,40.48674692,84.26248534000129,100.9763231800016,72.34901496000116,54.65213378000088,204.03463310000325,2047.6688481200056,-1.00971128,-0.0059186400000001,0.0201634200000003,0.4050102200000021,1.9099370400000044,4.990145620000004,10.0,-15.187758059999986,26.187758059999982,100.0,33.12,102.767021360001,59.886653140000384,52.781456880000334,63.43925148000041,169.0021652400011,1071.0458518199998,159,X1.6259 Y1.6857 Z0.0583
16:31:20.432,5,162,1.60401,1.69326,0.05748,88.30295,59.89404,-24.53258,,185.42,0,0,,2,1,"{""sr"":{""mpox"":88.30295,""mpoy"":59.89404,""mpoz"":-24.53258,""mpoa"":0,""posx"":1.60401,""posy"":1.69326,""posz"":0.05748,""posa"":0,""unit"":0,""stat"":5,""coor"":2,""momo"":1,""dist"":0,""home"":1,""mots"":1,""plan"":0,""line"":162,""path"":2,""frmo"":2,""prbe"":1,""safe"":0,""estp"":0,""spc"":1,""hold"":0,""macs"":5,""cycs"":1,""sps"":12000,""feed"":185.42,""mark"":2030957660}}",5.16490340083208,0.1911684827996823,0.193839973543148,0.2001454273297613,5.16490340083208,0.1911684827996823,0.193839973543148,0.2001454273297613,-0.98785552,0.03404296,-0.00354452,-1.4315984799999997,-0.9697116399999992,0.9942033200000002,-31.278727680000003,36.27872768,-39.006596640000005,100.09967024,33.8,112.72193363999956,84.00296979999968,81.13107279999967,83.28499579999966,252.00890867999897,1100.347487280001,-1.00486664,-0.07087128,0.02530548,5.4903372,1.8731203999999988,2.09350504,-3.0,16.95634744,-95.04365256,100.0,32.27956348,45.28180164000025,43.19187220000025,48.06837404000027,26.12411596000015,105.88975120000056,1562.076581440001,-0.97059668,-0.0250036399999999,0.00317472,-5.118773080000002,-8.15955176,0.3219387600000005,-13.04544008,37.395601760000005,66.64983832,100.0,32.629545560000004,73.53394004000039,1.7508084000000097,1.4006467200000077,1.4006467200000077,3.851777760000021,1529.2555553600016,-0.99670436,0.1221632799999999,-0.01559844,2.8390876,1.7335039199999998,3.96159152,-6.0,30.57902988,38.0,100.0,32.99243608,124.58006627999976,2.895148679999995,2.3161195199999955,2.227454999999994,6.369327679999988,1402.119848560001,-0.9625773599999998,0.2183936400000004,0.0261790399999999,1.420950480000007,1.926905319999996,1.1989321600000002,9.22608272,13.752153680000005,-6.77618543999998,100.0,40.48556928,70.88642920000012,85.94979572000014,61.5825852800001,46.51921904000008,173.67175160000028,2069.8918340000023,-1.00365108,-0.0077097599999999,0.00262044,0.4569361599999998,1.8677036,4.78050224,10.0,-15.47688564,25.0,100.0,33.12,83.93187160000006,56.27250516000004,49.59610616000003,59.610704520000034,158.8029161200001,1143.6596532400006,162,X1.6019 Y1.6938 Z0.0574
16:31:20.689,5,166,1.57281,1.69675,0.05636,87.51062,59.9828,-24.56088,,185.42,0,0,,2,1,"{""sr"":{""mpox"":87.51062,""mpoy"":59.9828,""mpoz"":-24.56088,""mpoa"":0,""posx"":1.57281,""posy"":1.69675,""posz"":0.05636,""posa"":0,""unit"":0,""stat"":5,""coor"":2,""momo"":1,""dist"":0,""home"":1,""mots"":1,""plan"":0,""line"":166,""path"":2,""frmo"":2,""prbe"":1,""safe"":0,""estp"":0,""spc"":1,""hold"":0,""macs"":5,""cycs"":1,""sps"":12000,""feed"":185.42,""mark"":2030957660}}",5.217204245307586,0.2033408987263334,0.2108342566471313,0.2137823046779434,5.217204245307586,0.2033408987263334,0.2108342566471313,0.2137823046779434,-0.98997936,0.0403752800000004,0.0079358600000019,-1.848770519999996,-0.85358376,0.8795459399999938,-31.99317848,36.006821519999995,-40.145658119999965,100.09931802,33.80993206,22.41088679999483,16.896343079996107,16.466190239996216,17.04200119999608,51.13282411998824,1277.107930979991,-1.0039070799999996,-0.0767622999999999,0.0465798999999988,5.328105059999992,1.529977959999999,2.072347980000001,-3.0,16.978262480000005,-94.54480775999994,100.0,32.29455206,115.92932920000368,93.64495998000297,104.15736774000328,56.92761422000179,229.2743377200072,1639.90838685999,-1.0135081799999994,-0.0210235199999998,0.0200081799999999,-5.389981800000003,-8.218705980000008,0.3940117999999978,-14.0,37.25194569999998,67.27428297999997,100.0,32.62,157.77251130000496,3.740273500000116,2.992218200000093,2.992218200000093,8.228600440000257,1571.3799926399863,-1.0005217800000004,0.1181566199999999,-0.0171119599999999,2.7922121199999985,1.6986638599999972,3.9250870999999945,-6.0,30.41527481999998,37.95531326000001,100.0,32.99696508,81.15885781999731,1.8529418399999389,1.482353759999951,1.482353759999951,4.076472479999865,1712.9960507399794,-0.8408078599999982,0.5160766400000066,-0.0226798199999998,4.912133240000014,0.774795180000006,1.2797518799999963,9.278585039999893,0.8817306400000935,1.7840452599996888,100.0,40.49051702,95.61726754000138,115.62245146000174,82.84289058000125,62.57916180000095,233.57716106000356,1956.1428770399973,-1.0019449999999996,-0.0100312000000002,0.0085871199999998,0.5520996399999977,1.920950180000001,4.879157140000001,9.937002660000015,-15.0,24.062997339999985,100.0,33.13,127.13177902000128,63.43566990000041,55.90940392000036,67.19880246000044,179.01761030000117,1092.1624654799953,166,X1.5682 Y1.6967 Z0.0562
16:31:20.946,5,170,1.54194,1.69224,0.05536,86.72648,59.86821,-24.58643,,185.42,0,0,,2,1,"{""sr"":{""mpox"":86.72648,""mpoy"":59.86821,""mpoz"":-24.58643,""mpoa"":0,""posx"":1.54194,""posy"":1.69224,""posz"":0.05536,""posa"":0,""unit"":0,""stat"":5,""coor"":2,""momo"":1,""dist"":0,""home"":1,""mots"":1,""plan"":0,""line"":170,""path"":2,""frmo"":2,""prbe"":1,""safe"":0,""estp"":0,""spc"":1,""hold"":0,""macs"":5,""cycs"":1,""sps"":12000,""feed"":185.42,""mark"":2030957660}}",5.31743581584602,0.1996117661817758,0.2013314166302561,0.1971774815682462,5.31743581584602,0.1996117661817758,0.2013314166302561,0.1971774815682462,-1.000923,0.035053,0.012856,-1.587294,-1.037115,0.916294,-32.0,36.0,-40.004812,100.0,33.800048,159.230111,115.441831,113.451454,116.437019,350.306245,1478.215676,-1.009178,-0.07333,0.040508,5.027362,2.1229,1.919787,-3.151844,16.0,-95.0,100.0,32.278482,22.928415,18.980476,21.106289,11.540129,46.616048,1658.967463,-0.958922,-0.011037,-0.004521,-5.124495,-8.149753,0.366,-13.0,37.159821,67.0,100.0,32.63,33.242806,0.799106,0.639285,0.639285,1.758033,1576.374126,-1.003447,0.114506,-0.014082,2.827374,1.625749,3.967,-6.0,30.317613,38.317613,100.0,33.01,148.760414,3.411936,2.729549,2.729549,7.506259,1344.930714,-0.963889,0.352317,-0.001553,2.78372,-0.106212,1.336181,11.370593,-7.705935,3.629407,100.0,40.493706,60.036146,71.895138,51.512496,38.912317,145.27265,2242.983481,-1.001105,-0.019,0.009837,0.677382,1.837382,4.815618,10.0,-15.0,25.55231,100.0,33.13,68.048809,52.827365,46.559712,55.961192,148.632926,1415.958592,170,X1.535 Y1.6901 Z0.0551
16:31:21.204,5,173,1.51316,1.67999,0.05424,85.99533,59.55688,-24.61473,,185.42,0,0,,2,1,"{""sr"":{""mpox"":85.99533,""mpoy"":59.55688,""mpoz"":-24.61473,""mpoa"":0,""posx"":1.51316,""posy"":1.67999,""posz"":0.05424,""posa"":0,""unit"":0,""stat"":5,""coor"":2,""momo"":1,""dist"":0,""home"":1,""mots"":1,""plan"":0,""line"":173,""path"":2,""frmo"":2,""prbe"":1,""safe"":0,""estp"":0,""spc"":1,""hold"":0,""macs"":5,""cycs"":1,""sps"":12000,""feed"":185.42,""mark"":2030957660}}",5.260257093286309,0.198659784615287,0.2163463097323151,0.2177711935551581,5.260257093286309,0.198659784615287,0.2163463097323151,0.2177711935551581,-0.9870136,0.0484069199999988,-0.0253708799999994,-1.9119257200000064,-0.9772768,0.8960969999999938,-31.83818507999995,36.16181492000005,-40.99848768,100.01633264,33.8099848,23.30140248000727,18.77057412000585,18.446943440005757,18.932389880005903,56.79716880001772,1347.39358392,-1.014040600000001,-0.0716068400000002,0.0407786000000009,5.427487559999988,1.791008760000017,2.0669091200000005,-3.732151999999965,15.267848000000036,-96.00258272000004,100.0,32.28594352,114.94791515999448,91.5190411999956,101.76917367999512,55.64357691999733,224.7707649999892,1230.0897055600085,-0.9910698400000006,-0.0437011599999998,0.0011276399999991,-5.456642519999984,-8.171009080000001,0.5002165599999905,-13.0,37.26543264000004,66.13443296000004,100.0,32.62734528,152.05541567999276,3.672835799999825,2.93826843999986,2.93826843999986,8.080239959999616,1477.296684840007,-0.9965847199999996,0.1283745599999992,-0.0175710399999996,2.770018360000001,1.5437490000000005,4.04356492000001,-6.0,30.0,37.10922560000004,100.0,33.00354512,81.28988280000394,1.8867671600000928,1.5094135600000744,1.5094135600000744,4.150886920000205,1200.0045564800084,-0.887091680000002,0.3752553600000053,-0.0362952799999982,3.236005759999902,1.6719457600000345,1.257366559999992,12.344881240000062,-6.656309240000149,5.455999680000524,100.0,40.51,94.70196191999786,114.1129226799974,81.76132095999814,61.762148919998594,229.9904779999948,1742.251324360016,-1.0060628000000005,-0.0095775199999998,0.0114433200000022,0.4960295199999958,1.840588080000001,4.883,10.465599440000004,-15.534400559999996,25.0,100.0,33.133772439999994,89.24486359999912,63.059245279999374,55.04323975999945,66.26564779999934,176.88652635999824,1196.697444000009,173,X1.5121 Y1.6794 Z0.0542
16:31:21.461,5,177,1.48854,1.66084,0.05314,85.37012,59.07065,-24.64282,,185.42,0,0,,2,1,"{""sr"":{""mpox"":85.37012,""mpoy"":59.07065,""mpoz"":-24.64282,""mpoa"":0,""posx"":1.48854,""posy"":1.66084,""posz"":0.05314,""posa"":0,""unit"":0,""stat"":5,""coor"":2,""momo"":1,""dist"":0,""home"":1,""mots"":1,""plan"":0,""line"":177,""path"":2,""frmo"":2,""prbe"":1,""safe"":0,""estp"":0,""spc"":1,""hold"":0,""macs"":5,""cycs"":1,""sps"":12000,""feed"":185.42,""mark"":2030957660}}",5.176718930309604,0.1909221259539871,0.1867427589817625,0.2039630626019312,5.176718930309604,0.1909221259539871,0.1867427589817625,0.2039630626019312,-0.9883034,0.0311997999999999,-0.0205858,-1.6356948999999985,-0.7320687,0.854069,-31.300009000000006,36.0005622,-40.69999099999999,100.0,33.81,102.90368859999896,81.19891819999918,79.0989461999992,81.89834629999916,245.6961639999975,1598.9875426999995,-1.0019123,-0.0808151,0.0605817999999998,5.3166192,1.8465265000000004,1.9507118999999995,-3.636954699999995,16.1085112,-94.7454659,100.0,32.278915,66.5457779000009,45.38064690000061,50.46327920000069,27.59143330000037,111.2003346000015,1553.899897999999,-1.024876,-0.0373948999999999,0.0237796999999999,-5.367798300000001,-8.049168000000002,0.3842701999999999,-14.0,37.365072100000006,66.88819600000001,100.0,32.63,75.28703830000099,1.8253613000000244,1.4602895000000196,1.4602895000000196,4.015795400000054,1745.5592200999993,-0.997496,0.129365,-0.0080571,2.8543914000000004,1.7386684000000008,3.8981654,-6.0,30.2222094,37.0,100.0,32.999235299999995,124.88274589999943,2.864283199999987,2.29142649999999,2.29142649999999,6.301423099999972,1943.5352619000005,-0.8612390000000001,0.5054893000000015,-0.0156560000000001,4.323981999999975,0.3553939999999981,1.16,11.913879599999992,1.7220300999999465,2.086214000000062,100.0,40.512583,71.2550091000003,86.94007420000037,62.29211480000026,47.0551947000002,175.22458210000073,2001.5257454999955,-1.0040118999999998,-0.0048153,0.0144921999999999,0.6392796000000001,1.6738860999999994,4.925751700000001,6.852130100000032,-10.96340830000005,17.295536800000082,100.0,33.13,96.2518678000001,56.159779000000086,49.43980510000007,59.51976540000009,158.23416510000024,1362.194823,177,X1.4858 Y1.6581 Z0.053
16:31:21.719,5,181,1.46952,1.6359,0.05202,84.88694,58.43703,-24.67112,,185.42,0,0,,2,1,"{""sr"":{""mpox"":84.88694,""mpoy"":58.43703,""mpoz"":-24.67112,""mpoa"":0,""posx"":1.46952,""posy"":1.6359,""posz"":0.05202,""posa"":0,""unit"":0,""stat"":5,""coor"":2,""momo"":1,""dist"":0,""home"":1,""mots"":1,""plan"":0,""line"":181,""path"":2,""frmo"":2,""prbe"":1,""safe"":0,""estp"":0,""spc"":1,""hold"":0,""macs"":5,""cycs"":1,""sps"":12000,""feed"":185.42,""mark"":2030957660}}",5.297484840809162,0.2086686196151194,0.2137260771986473,0.2098398794248333,5.297484840809162,0.2086686196151194,0.2137260771986473,0.2098398794248333,-0.99030438,0.0382777399999997,0.00210548,-2.0415444,-1.099,0.9718064799999984,-31.00293802,36.45742809999999,-38.92073223999998,100.0,33.815425659999995,69.0716396399981,53.06165713999852,51.68937283999857,53.06165713999852,159.64239997999556,1497.217213359997,-1.00317678,-0.07694728,0.0101706200000002,5.148618819999999,1.7771828399999998,2.0324059800000014,-3.472157319999991,16.0,-94.83596366,100.0,32.28472152,102.92938222000174,65.4525298600011,73.37017460000123,39.58822354000067,160.99211056000274,1743.6330402199958,-0.9732681,-0.03892558,0.003173,-5.342258200000001,-7.937261760000001,0.5709236800000003,-13.084709800000002,37.61353606000001,66.69824586000001,100.0,32.62386446,107.88052570000178,2.644130380000044,2.115304580000035,2.115304580000035,5.817087020000097,1849.336220959998,-1.0074433400000002,0.1276660199999999,-0.0131788599999999,2.7383260800000007,1.7663173799999985,4.036673919999999,-6.515775460000005,30.0,37.51577546000001,100.0,32.99686786,105.07665211999898,2.4211212399999766,1.9368966999999813,1.9368966999999813,5.326466559999949,1519.0501628599995,-0.9636373000000004,0.4493767400000021,0.0175781999999999,3.060290539999996,0.6822900199999762,1.038,7.371608720000095,4.679289460000041,11.966397120000126,100.0,40.51510524,85.76938654000057,99.04322016000069,70.96395658000047,53.60586652000036,200.1285690800013,2227.608453659989,-1.00518834,-0.0082929399999999,0.0071205000000001,0.6539705800000011,1.756189399999998,4.9154497,10.253466439999992,-16.0,26.759724299999995,100.0,33.1325346,104.79528484000028,59.23211722000016,52.14451372000014,62.26966184000017,166.05243196000043,1375.4522314399994,181,X1.4664 Y1.6304 Z0.0518
16:31:21.976,5,184,1.45744,1.60716,0.05092,84.58019,57.70718,-24.69921,,185.42,0,0,,2,1,"{""sr"":{""mpox"":84.58019,""mpoy"":57.70718,""mpoz"":-24.69921,""mpoa"":0,""posx"":1.45744,""posy"":1.60716,""posz"":0.05092,""posa"":0,""unit"":0,""stat"":5,""coor"":2,""momo"":1,""dist"":0,""home"":1,""mots"":1,""plan"":0,""line"":184,""path"":2,""frmo"":2,""prbe"":1,""safe"":0,""estp"":0,""spc"":1,""hold"":0,""macs"":5,""cycs"":1,""sps"":12000,""feed"":185.42,""mark"":2030957660}}",5.345997842366804,0.1978267979264367,0.2036434967868256,0.1939891476955504,5.345997842366804,0.1978267979264367,0.2036434967868256,0.1939891476955504,-0.9905738,0.0449675999999999,-0.0149814,-1.441406200000001,-0.8916650000000009,0.8300395999999965,-31.997183,36.997183,-38.61040480000001,100.0,33.8200282,58.15320539999795,46.50003059999837,44.89658079999842,46.09916799999839,139.4972743999951,1763.0216663999986,-1.0010924,-0.0722355999999999,0.0312858,5.310885800000001,1.7390573999999992,2.0168181999999986,-3.507259800000012,16.0,-95.0,100.0,32.2986402,112.90707320000196,69.8618482000012,78.38158580000136,42.03070540000073,172.15942120000298,1322.6950400000042,-0.9981903999999996,-0.0309104,0.0198457999999998,-5.070992599999999,-8.0300078,0.4433850000000009,-13.42963179999999,38.0,67.85926299999997,100.0,32.6288498,118.06624780000202,2.8518418000000487,2.281473600000038,2.281473600000038,5.703683600000097,1694.660245200002,-1.0201098000000002,0.1202416000000001,-0.0052488,2.939305400000001,1.764150399999998,3.9875474,-6.0,30.1276516,36.4644984,100.0,32.9940788,101.26060039999888,2.3224909999999745,1.85799259999998,1.85799259999998,5.109479799999943,1322.6992430000034,-0.9594100000000012,0.3780321999999985,-0.0105535999999997,3.245135799999986,1.474715200000001,1.1368339999999997,13.08409600000002,5.890305400000077,26.892876600000093,100.0,40.5185216,87.13868140000064,102.35508840000072,73.33689320000052,55.3983722000004,206.82059100000143,1924.7501296000023,-1.005094,-0.0129083999999999,-0.0088348000000002,0.3957444000000013,1.8309498000000013,4.873522,11.0,-15.0,26.333059400000007,100.0,33.1582148,99.67246680000022,59.34153480000018,52.17962600000016,62.58943040000019,166.4371168000005,1429.729118000002,184,X1.4573 Y1.6067 Z0.0509
16:31:22.234,5,188,1.45323,1.57618,0.0498,84.47328,56.92021,-24.72751,,185.42,0,0,,2,1,"{""sr"":{""mpox"":84.47328,""mpoy"":56.92021,""mpoz"":-24.72751,""mpoa"":0,""posx"":1.45323,""posy"":1.57618,""posz"":0.0498,""posa"":0,""unit"":0,""stat"":5,""coor"":2,""momo"":1,""dist"":0,""home"":1,""mots"":1,""plan"":0,""line"":188,""path"":2,""frmo"":2,""prbe"":1,""safe"":0,""estp"":0,""spc"":1,""hold"":0,""macs"":5,""cycs"":1,""sps"":12000,""feed"":185.42,""mark"":2030957660}}",5.178396032114265,0.2006770866534622,0.212042035076068,0.2093604996228734,5.178396032114265,0.2006770866534622,0.212042035076068,0.2093604996228734,-0.99951852,0.03805268,-0.0179016,-1.76982444,-0.8687609600000004,0.9477161599999993,-31.99927952,36.238080960000005,-41.52167763999999,100.0,33.82238764,118.74703771999911,88.29907979999933,84.49308499999938,87.53788023999937,262.6136417199981,1757.3460054399984,-1.00666844,-0.0876949199999999,0.0230025199999999,5.401201919999997,1.6524850000000009,2.00947288,-3.037107120000001,16.0,-95.0,100.0,32.29,56.44921620000069,39.129570280000486,44.26131732000054,23.41359548000028,96.2202560800012,2440.2033675999955,-0.97394136,-0.0597851199999999,0.0286579199999998,-5.1082066400000015,-8.17192168,0.4077542400000005,-13.322910480000004,37.67708952,66.32291048,100.0,32.616770880000004,67.1654494800008,1.614554160000019,1.2916429200000157,1.2916429200000157,3.2291085600000384,2460.7048693999955,-0.99890676,0.0694630400000002,0.0019607599999999,2.826703599999999,1.7336529200000002,4.04796668,-6.076824240000001,30.0,37.07682424,100.0,33.00038084,128.93603767999957,2.9792957599999896,2.383436359999992,2.383436359999992,6.5544499199999775,1863.7017344799967,-0.839502240000001,0.4398650799999997,0.0229775200000005,2.3636306799999764,1.3578829999999984,1.2020929999999992,10.34374628,7.790918079999997,19.42841575999996,100.0,40.5256734,68.79420500000023,83.93758380000028,60.14084648000021,45.43013564000016,169.17317144000057,3102.344724399998,-1.0059070799999998,-0.0186687199999999,-0.01337088,0.3690310800000002,2.1455943600000005,4.87996892,10.47104632,-15.421360719999996,26.10759296,100.0,33.15892408,104.10132864000012,54.17037464000007,47.57572040000006,57.46770188000007,152.14809536000018,1518.817547399999,188,X1.4532 Y1.5733 Z0.0497
16:31:22.490,5,192,1.45698,1.54505,0.04869,84.56843,56.12961,-24.75581,,185.42,0,0,,2,1,"{""sr"":{""mpox"":84.56843,""mpoy"":56.12961,""mpoz"":-24.75581,""mpoa"":0,""posx"":1.45698,""posy"":1.54505,""posz"":0.04869,""posa"":0,""unit"":0,""stat"":5,""coor"":2,""momo"":1,""dist"":0,""home"":1,""mots"":1,""plan"":0,""line"":192,""path"":2,""frmo"":2,""prbe"":1,""safe"":0,""estp"":0,""spc"":1,""hold"":0,""macs"":5,""cycs"":1,""sps"":12000,""feed"":185.42,""mark"":2030957660}}",5.425605997289097,0.2111939051090363,0.2069731804958773,0.2048796396192075,5.425605997289097,0.2111939051090363,0.2069731804958773,0.2048796396192075,-0.98376472,0.03248112,0.0097235999999999,-1.5798945999999998,-0.85404488,0.8688193600000004,-31.12012396,36.0,-39.23951916000001,100.0,33.83,18.02798816000042,13.934323480000328,13.213582600000302,13.694076560000312,41.32174784000096,1783.89017676,-1.00981508,-0.0889704799999999,0.02550396,5.645252159999999,1.7351991200000008,2.01513712,-3.98135776,16.0,-95.0,100.0,32.29,137.17080807999966,91.78311639999976,104.78572447999971,54.32365299999986,226.43563879999945,1605.0584307600006,-1.0241235199999998,0.0100460799999999,-0.0021175999999999,-5.464678199999999,-7.93469252,0.5169377599999997,-13.737191839999998,38.0,67.75595084,100.0,32.61037512,154.30779379999962,3.77975483999999,3.023803999999992,3.023803999999992,7.55950967999998,1546.763835760001,-0.99712028,0.0901281999999999,-0.0003216,2.825064759999999,1.6209457600000006,4.01099096,-6.360581240000001,30.63941876,36.0,100.0,33.00923896,78.60665220000023,1.8029050800000053,1.442323840000004,1.442323840000004,3.9663904000000114,1378.9992268400003,-0.9565584799999998,0.32474164,-0.03246484,2.9388146399999875,0.4332918800000024,1.3421384799999998,9.456402680000004,17.515339439999988,-0.8882135199999698,100.0,40.52402064,98.28294459999988,115.44704975999986,83.11407035999989,62.78401015999992,233.7956943199997,1996.725562600001,-1.00668028,-0.0136934,0.0032213999999999,0.2175522800000001,2.02731296,4.94071956,11.0,-15.48734136,26.566435920000004,100.0,33.16,90.61227004000004,61.68752083999997,54.165637519999976,65.47535119999996,173.7528490799999,1605.2145081599997,192,X1.4583 Y1.5399 Z0.0485
16:31:22.749,5,196,1.46835,1.51609,0.04758,84.85726,55.39389,-24.7839,,185.42,0,0,,2,1,"{""sr"":{""mpox"":84.85726,""mpoy"":55.39389,""mpoz"":-24.7839,""mpoa"":0,""posx"":1.46835,""posy"":1.51609,""posz"":0.04758,""posa"":0,""unit"":0,""stat"":5,""coor"":2,""momo"":1,""dist"":0,""home"":1,""mots"":1,""plan"":0,""line"":196,""path"":2,""frmo"":2,""prbe"":1,""safe"":0,""estp"":0,""spc"":1,""hold"":0,""macs"":5,""cycs"":1,""sps"":12000,""feed"":185.42,""mark"":2030957660}}",5.038980801013984,0.1977534038370991,0.2037719576028314,0.2029531467941956,5.038980801013984,0.1977534038370991,0.2037719576028314,0.2029531467941956,-0.98695632,0.04247564,-0.0067922199999999,-1.4206634000000005,-0.90759258,0.7445769000000003,-32.0,36.06811282,-39.93164904,100.09997618,33.83,147.2374211799998,107.16723561999984,101.57567615999986,105.30322405999983,318.7053317799995,1470.8089061199994,-1.00133646,-0.0761790999999999,0.0421874599999999,5.238284660000001,2.0314827,2.0288918,-3.1426807199999995,16.806595339999998,-94.24412866,100.0,32.29806584,35.04089552000021,22.82171886000012,26.302998460000133,13.487584200000068,56.61676480000029,1687.2436238399998,-1.01282022,-0.0163706,0.02535296,-5.10876382,-8.14859234,0.40876382,-14.0,38.0,68.0,100.0,32.62,41.32176722000021,1.0029071600000048,0.8023258800000038,0.8023258800000038,2.2063964200000106,1705.3200641599997,-1.00781698,0.09591284,-0.0056103599999999,2.80189412,1.67014796,3.99638182,-6.34077056,30.2999681,37.61842698,100.0,33.00599908,144.37129613999988,3.2961480799999974,2.636918639999998,2.636918639999998,7.251526539999994,1585.9677024999996,-0.9676245,0.1309605399999999,-0.0155572799999999,5.443705880000002,1.2269812400000002,1.23974554,10.468637359999995,9.859131740000006,1.2113019199999906,100.0,40.53345074,63.85884930000006,73.88824184000006,52.83200678000005,40.198265980000045,149.30784632000015,2156.97937996,-1.00983286,-0.01351558,0.0055824599999999,0.6609186799999998,1.93911398,4.82401624,10.54864654,-15.0,26.5817,100.0,33.175817,91.52566740000002,51.00298294000002,45.135383200000014,54.16246004000002,144.40017210000005,1473.9206253399998,196,X1.4725 Y1.5093 Z0.0473
16:31:23.005,5,199,1.487,1.49092,0.04647,85.33086,54.75454,-24.8122,,185.42,0,0,,2,1,"{""sr"":{""mpox"":85.33086,""mpoy"":54.75454,""mpoz"":-24.8122,""mpoa"":0,""posx"":1.487,""posy"":1.49092,""posz"":0.04647,""posa"":0,""unit"":0,""stat"":5,""coor"":2,""momo"":1,""dist"":0,""home"":1,""mots"":1,""plan"":0,""line"":199,""path"":2,""frmo"":2,""prbe"":1,""safe"":0,""estp"":0,""spc"":1,""hold"":0,""macs"":5,""cycs"":1,""sps"":12000,""feed"":185.42,""mark"":2030957660}}",5.3392758124773,0.2054774342843702,0.2073383170880934,0.2099612550876296,5.3392758124773,0.2054774342843702,0.2073383170880934,0.2099612550876296,-0.9920975,0.0563833599999998,-7.618000000007234e-05,-1.7423609400000009,-0.9490297400000008,0.9050305999999998,-31.180130120000005,36.18013012,-39.18013012,100.00010854,33.8318123,29.9015551200007,20.89506266000049,19.454023880000456,20.35467330000048,61.24414920000144,2054.094689219996,-1.0058979,-0.0883405999999999,0.0231188399999999,5.367059419999999,1.8597010200000017,1.97776044,-3.1520856000000035,16.0,-94.87309106,100.0,32.28279018,137.71203469999944,83.63662851999966,97.3357311799996,49.0283683199998,208.3705660199992,1634.7031713199992,-1.05004094,-0.0048475200000001,0.00462086,-5.319474659999998,-8.05687512,0.5053406799999994,-13.13099582,38.13099582,67.73800836,100.0,32.62,150.0120512199994,3.5888054399999856,2.8710442799999885,2.8710442799999885,7.895371039999968,2191.305081999997,-0.96008674,0.1081951199999999,-0.0251522399999999,2.8519944,1.5805016200000004,3.99700172,-7.0,30.61469206,37.12285792,100.0,33.01737518,84.25959072000033,1.926539700000008,1.6640896800000091,1.541231760000006,4.36124590000002,2095.992657899997,-0.95399112,0.21916184,-0.01395738,0.8637964399999966,2.367096479999994,1.30954006,9.28246936,-4.373983659999992,13.427133999999976,100.0,40.50886528,97.6118374199998,112.8088897799998,80.66127879999985,61.37271231999988,227.9557874199996,2344.5118382999985,-1.01222612,-0.01969126,-0.00366016,0.6992004199999995,1.6727253799999997,4.97055046,10.900413019999998,-15.634424320000004,26.53483734,100.0,33.19,95.73584475999992,60.436594719999945,53.48371257999995,63.64561793999994,170.07820475999986,1836.180762699997,199,X1.4883 Y1.4895 Z0.0464
16:31:23.262,5,203,1.51135,1.47132,0.04536,85.94935,54.25682,-24.8404,,185.42,0,0,,2,1,"{""sr"":{""mpox"":85.94935,""mpoy"":54.25682,""mpoz"":-24.8404,""mpoa"":0,""posx"":1.51135,""posy"":1.47132,""posz"":0.04536,""posa"":0,""unit"":0,""stat"":5,""coor"":2,""momo"":1,""dist"":0,""home"":1,""mots"":1,""plan"":0,""line"":203,""path"":2,""frmo"":2,""prbe"":1,""safe"":0,""estp"":0,""spc"":1,""hold"":0,""macs"":5,""cycs"":1,""sps"":12000,""feed"":185.42,""mark"":2030957660}}",5.249340488321615,0.1974503201995478,0.2014892485271947,0.2018294701535226,5.249340488321615,0.1974503201995478,0.2014892485271947,0.2018294701535226,-0.98902708,0.0364063199999997,-0.0092415600000003,-1.58692992,-0.895853239999998,0.977,-31.67573707999997,36.0,-39.32426292000003,100.03240332,33.8332406,103.43011187999524,78.4121891599964,72.32848483999668,75.70832023999652,229.15286283998947,1381.043675240007,-1.0108481199999997,-0.0770339999999999,0.0260095999999995,5.382677080000007,1.9406434399999943,2.041884159999997,-3.0,16.622888719999978,-95.27144064000002,100.0,32.27939888,70.30846384000405,43.36779500000249,50.910019680002925,25.26645436000145,107.68805024000618,1503.3212656000237,-0.9830470800000009,-0.0306991999999998,0.0001668000000001,-5.368927560000007,-8.142899479999995,0.4532258000000035,-13.37420736000002,38.0,66.48036964000002,100.0,32.62519672,77.35485424000441,1.8710388000001064,1.4968311200000852,1.4968311200000852,4.116285640000235,1585.007964840009,-1.0067961599999995,0.1208540799999997,-0.01578676,2.869176480000002,1.756308479999995,3.9803385600000016,-6.78422580000001,31.0,37.0,100.0,33.00215764,122.72676107999752,2.827805479999943,2.262244319999954,2.262244319999954,6.221172439999874,1163.2638348400064,-0.9942991199999984,0.1802665200000054,0.0173044800000006,0.8093955199999499,0.3480017999999998,1.2295986399999972,5.907572240000016,-4.867558400000193,-7.506780919999695,100.0,40.5,75.77380300000124,87.12697604000158,62.62251388000114,47.19377848000086,176.5228833200032,1998.5831418000216,-1.00201288,-0.0178104799999999,-0.0064283200000003,0.5812388799999957,1.6931646799999964,4.89807472,10.0,-15.0,26.176692800000016,100.0,33.18694272,111.41322444000104,54.02802932000036,47.75691908000032,57.40478108000038,152.741926120001,1249.0135414800036,203,X1.5152 Y1.469 Z0.0452
16:31:23.520,5,207,1.53999,1.45855,0.04424,86.67699,53.93248,-24.86876,,185.42,0,0,,2,1,"{""sr"":{""mpox"":86.67699,""mpoy"":53.93248,""mpoz"":-24.86876,""mpoa"":0,""posx"":1.53999,""posy"":1.45855,""posz"":0.04424,""posa"":0,""unit"":0,""stat"":5,""coor"":2,""momo"":1,""dist"":0,""home"":1,""mots"":1,""plan"":0,""line"":207,""path"":2,""frmo"":2,""prbe"":1,""safe"":0,""estp"":0,""spc"":1,""hold"":0,""macs"":5,""cycs"":1,""sps"":12000,""feed"":185.42,""mark"":2030957660}}",5.292967404989159,0.2058948248058211,0.2164862836302586,0.2116004920689951,5.292967404989159,0.2058948248058211,0.2164862836302586,0.2116004920689951,-0.98994332,0.0367505200000001,0.0001978000000001,-1.858295000000002,-1.1011368399999986,0.9745857200000014,-30.995452,36.0,-39.004548,100.0,33.84,77.42610396000183,54.96297536000129,51.13946416000121,53.52915840000125,161.5433535200038,1251.61341952,-1.00160748,-0.07681456,0.0295351599999998,5.333153120000001,1.72590192,1.9778414400000008,-3.4072396800000098,16.078920919999998,-94.0,100.0,32.28486168,108.42015199999832,58.577712159999095,68.85450415999894,33.91341243999948,145.41660183999775,1431.8454452400024,-1.023266,-0.0253452399999999,0.0251119999999999,-5.338405159999999,-8.151463319999998,0.3906062400000005,-14.0,37.59661999999999,67.0,100.0,32.61434524,105.17645715999842,2.577854559999961,2.062283359999969,2.062283359999969,5.671279319999914,1603.8389878400028,-1.0187818399999995,0.1213876799999998,-0.01114548,2.887756800000002,1.814161239999998,3.988121599999999,-6.164656959999996,30.83534304,36.32687184000001,100.0,33.0132688,107.48250904000088,2.4576420000000208,2.2929855600000244,1.9661137200000167,5.406812840000045,1313.9446124000026,-0.9537851599999992,0.2814208800000004,0.0120416399999994,3.1136921999999503,0.9359374800000152,1.2743381599999972,9.20207151999999,0.1284948399999551,-10.196902319999998,100.0,40.496976,84.7486263599995,96.85557311999943,69.1104869999996,52.46343531999969,196.73788319999883,1941.510917480004,-1.00412696,-0.0108704399999999,-0.0093604799999998,0.5288869999999983,1.7128065600000013,4.89916688,10.0,-15.0,25.498858440000003,100.0,33.19265008,117.26715991999971,55.62672991999987,49.61302931999988,59.63586331999986,158.36078043999962,1200.581789120002,207,X1.5466 Y1.4567 Z0.044
16:31:23.777,5,210,1.57076,1.45346,0.04323,87.45832,53.80301,-24.89437,,185.42,0,0,,2,1,"{""sr"":{""mpox"":87.45832,""mpoy"":53.80301,""mpoz"":-24.89437,""mpoa"":0,""posx"":1.57076,""posy"":1.45346,""posz"":0.04323,""posa"":0,""unit"":0,""stat"":5,""coor"":2,""momo"":1,""dist"":0,""home"":1,""mots"":1,""plan"":0,""line"":210,""path"":2,""frmo"":2,""prbe"":1,""safe"":0,""estp"":0,""spc"":1,""hold"":0,""macs"":5,""cycs"":1,""sps"":12000,""feed"":185.42,""mark"":2030957660}}",5.255229329941731,0.1990773674298077,0.2009322145255384,0.2041537484893108,5.255229329941731,0.1990773674298077,0.2009322145255384,0.2041537484893108,-0.9928234200000003,0.0398215600000004,-0.0135354000000006,-1.5808019599999883,-0.7698397600000024,0.9391602399999976,-32.0,36.0,-39.9990855,100.03805946,33.84759354,55.955366479994375,43.76816561999559,40.34283113999594,42.24579481999576,128.25884113998714,1570.856992239989,-1.00169148,-0.0713073999999998,0.0039508800000002,5.432,1.7554767200000003,2.0072001399999966,-3.526283900000033,16.0,-94.05890646,100.0,32.29,119.54396706000568,66.12653012000301,77.88924698000353,38.03738472000173,164.43853940000747,2566.934885779964,-0.9915098,-0.0333697799999997,0.0079424600000002,-5.406790039999998,-8.150744220000002,0.3838948999999991,-14.0,38.41687719999997,67.47863517999997,100.0,32.62,120.76824060000536,2.9156153800001303,2.332492580000104,2.332492580000104,6.414354180000287,2457.3283715799694,-1.0128322000000003,0.1265381999999995,-0.00854334,2.7972184599999967,1.6856824799999957,3.9648334800000025,-5.701057199999962,30.122199639999987,37.456657919999984,100.0,33.00122208,100.008098039997,2.2832899799999318,1.826632059999945,1.826632059999945,5.023238259999849,2314.987068719983,-0.8928608600000025,0.3959952599999937,-0.0435725399999987,1.5539249799999848,1.7053563600000583,1.216996539999999,13.690312100000096,0.4541927400003644,15.10484603999969,100.0,40.49251988,89.1499272800016,102.30111498000194,72.99610858000139,55.41310394000105,207.79914044000392,3285.1576221999508,-1.0062856,-0.0062994399999998,-0.0060174199999996,0.3673165799999937,2.0823865000000046,4.802727699999999,10.0,-15.0,24.829736440000016,100.0,33.18826736,100.4675987799996,57.03132810000045,50.8657789000004,60.627898340000485,162.3594555200013,1577.2394796999972,210,X1.5717 Y1.4534 Z0.0432
16:31:24.035,5,214,1.60188,1.45648,0.04212,88.24888,53.87984,-24.92265,,185.42,0,0,,2,1,"{""sr"":{""mpox"":88.24888,""mpoy"":53.87984,""mpoz"":-24.92265,""mpoa"":0,""posx"":1.60188,""posy"":1.45648,""posz"":0.04212,""posa"":0,""unit"":0,""stat"":5,""coor"":2,""momo"":1,""dist"":0,""home"":1,""mots"":1,""plan"":0,""line"":214,""path"":2,""frmo"":2,""prbe"":1,""safe"":0,""estp"":0,""spc"":1,""hold"":0,""macs"":5,""cycs"":1,""sps"":12000,""feed"":185.42,""mark"":2030957660}}",5.118705287088828,0.2001237287631454,0.2051988940778585,0.2099626235229095,5.118705287088828,0.2001237287631454,0.2051988940778585,0.2099626235229095,-0.9890264400000002,0.0375313399999993,-0.0184781800000002,-1.6964710600000013,-0.85429796,0.8346236999999966,-31.21981497999998,36.0,-38.44443653999997,100.0,33.84,119.40836092000283,89.16858122000211,82.19017004000195,86.06706546000204,260.5273327000061,1821.292807300004,-1.00261146,-0.0708406799999998,0.0177006199999998,5.233514499999997,2.224786860000008,1.9500543999999973,-3.3730693799999814,16.0,-95.0,100.0,32.286939319999995,56.92885101999761,34.279738159998566,40.70718893999829,19.894491079999167,85.69934539999642,1738.5830236000018,-0.9737651000000004,-0.0343088999999994,0.00159962,-5.13554062,-8.200282440000002,0.3326879600000011,-4.459698879999797,12.72799157999942,22.91459501999896,100.0,32.62,63.4584786399974,1.540254279999937,1.2322035799999491,1.2322035799999491,3.388559259999861,1762.2997611600017,-1.01190832,0.1390022600000002,-0.0013780199999997,2.8045556600000023,1.6730803600000017,3.976096060000003,-6.0,31.0,37.92959956000001,100.0,32.9967315,131.54849518000145,3.0139376200000334,2.4111505200000267,2.4111505200000267,6.630663340000074,1632.0007756999996,-0.9554724000000012,0.053898279999999,-0.0469504999999993,2.291479619999991,2.117654899999976,1.1839319800000023,14.659067440000053,0.7243126799999051,12.132144240000086,100.0,40.5091926,69.37301245999922,82.21986637999906,58.667300839999335,44.5357607599995,167.0091035199981,1889.6035966799996,-1.00034074,-0.0023845200000002,0.0054505199999999,0.4592622000000001,2.0200097399999994,4.946484559999999,10.0,-15.56962719999999,26.098519739999997,100.0,33.19,95.16368051999962,52.29291363999978,46.63962533999981,56.06177209999977,148.86991631999942,1708.9784357400006,214,X1.6052 Y1.4572 Z0.042
16:31:24.291,5,218,1.63123,1.46736,0.04101,88.99427,54.15611,-24.95096,,185.42,0,0,,2,1,"{""sr"":{""mpox"":88.99427,""mpoy"":54.15611,""mpoz"":-24.95096,""mpoa"":0,""posx"":1.63123,""posy"":1.46736,""posz"":0.04101,""posa"":0,""unit"":0,""stat"":5,""coor"":2,""momo"":1,""dist"":0,""home"":1,""mots"":1,""plan"":0,""line"":218,""path"":2,""frmo"":2,""prbe"":1,""safe"":0,""estp"":0,""spc"":1,""hold"":0,""macs"":5,""cycs"":1,""sps"":12000,""feed"":185.42,""mark"":2030957660}}",5.310579986287181,0.1965962833275705,0.1970274818498706,0.196689920762615,5.310579986287181,0.1965962833275705,0.1970274818498706,0.196689920762615,-0.9823351999999996,0.0304084999999994,-0.0025740999999996,-1.593066599999999,-0.9215418999999988,0.8969158000000039,-31.90054700000002,36.0,-39.099452999999976,100.0,33.8510368,17.675906999996393,11.927451399997564,10.993999099997763,11.512583399997652,34.84890199999294,1457.7503026999923,-1.0041188,-0.0716129,0.0415074000000001,5.398216800000004,1.679984800000005,2.0585711000000018,-3.238984299999982,16.223812999999982,-94.76101570000002,100.0,32.3071553,108.999989600002,87.69399350000168,103.23291040000198,50.45217430000096,217.33244280000412,1302.2659062999987,-0.9767449999999992,-0.0223332000000001,0.0190189999999998,-5.618505500000016,-8.004415199999995,0.5468312000000082,-13.775602200000014,37.0159707,67.0,100.0,32.62,162.08488320000305,3.878011100000073,3.1024088000000583,3.1024088000000583,8.53162430000016,1601.9328715999995,-1.0015366,0.1061194999999999,-0.0078966999999999,2.869,1.709,3.9473851,-6.0,30.0,38.321552,100.0,33.0135328,76.31254329999831,1.766493699999961,1.413195499999969,1.413195499999969,3.8862865999999134,1283.093277299998,-1.033630200000002,0.3698249000000013,0.0155648000000009,3.8943117999999615,2.3755750000000173,1.126411199999997,11.29882449999996,12.808167399999952,5.303044100000022,100.0,40.5003707,100.43368860000088,115.99275990000106,83.36979610000076,62.829411600000576,235.61029290000212,1846.918008199994,-1.0062542999999995,-0.0138170000000001,-0.0143519000000003,0.2801691999999981,1.9886852,4.8576852,9.555144700000096,-15.28823160000015,25.339408600000255,100.0,33.199555100000005,116.67627350000076,60.538002100000256,53.511269400000224,64.32162780000027,171.34416670000073,1259.930749400002,218,X1.6363 Y1.4701 Z0.0408
16:31:24.550,5,222,1.65687,1.48527,0.03989,89.64574,54.61106,-24.97926,,185.42,0,0,,2,1,"{""sr"":{""mpox"":89.64574,""mpoy"":54.61106,""mpoz"":-24.97926,""mpoa"":0,""posx"":1.65687,""posy"":1.48527,""posz"":0.03989,""posa"":0,""unit"":0,""stat"":5,""coor"":2,""momo"":1,""dist"":0,""home"":1,""mots"":1,""plan"":0,""line"":222,""path"":2,""frmo"":2,""prbe"":1,""safe"":0,""estp"":0,""spc"":1,""hold"":0,""macs"":5,""cycs"":1,""sps"":12000,""feed"":185.42,""mark"":2030957660}}",5.0939948234581856,0.1991064334524613,0.2050277756407106,0.2121366402558068,5.0939948234581856,0.1991064334524613,0.2050277756407106,0.2121366402558068,-0.9801491600000004,0.0269741600000002,-0.0031012400000006,-1.8361703600000012,-1.027342239999997,0.6979308800000078,-31.088010440000023,36.0,-39.08671116000003,100.00880132,33.86,139.63438551999613,104.95346147999712,96.73971223999732,101.3029065199972,307.5592753599915,1031.949179280011,-1.01593224,-0.0743083999999998,0.0111792400000001,5.593895039999996,1.625522400000003,2.074555440000003,-4.0,16.210506480000017,-95.57898703999996,100.0,32.28495996,29.74914156000252,23.787223280002,28.20785792000237,13.68291596000115,59.07727108000499,1282.3167960800165,-0.9886411600000008,-0.0346397200000003,0.00207268,-5.364692080000007,-8.11492424,0.4659456399999991,-13.214534080000018,37.0,67.14701048,100.0,32.63,44.83752924000365,1.0726685600000876,0.8581344800000701,0.8581344800000701,2.3598703600001927,1381.1136187600182,-1.0018596399999995,0.1268598800000002,-0.0135752799999999,2.778167840000004,1.493526320000002,4.00678616,-6.652234119999991,30.0,37.586744719999984,100.0,33.00238996,142.839280039998,3.2611705999999536,2.608936479999963,2.608936479999963,7.1745753199998985,1187.648151800012,-1.0199201599999983,0.2085378800000014,0.0207815600000009,1.0305714800000072,2.2360944000000207,1.1569148799999989,11.122437119999804,6.306590719999896,26.99199883999953,100.0,40.48,63.47662560000119,74.8719099200013,53.47480308000094,40.5556178400007,152.0329928800026,1657.204879160026,-1.0049887200000005,-0.0163669199999999,-0.0044100800000002,0.3272928800000005,2.003123439999998,4.7914674800000014,10.0,-15.410844399999988,25.544846239999995,100.0,33.2,70.00116904000096,50.977251040000304,45.10455800000028,54.20763932000034,144.78329128000087,1127.960100840005,222,X1.6628 Y1.491 Z0.0396
16:31:24.807,5,225,1.67689,1.50907,0.03879,90.15403,55.21566,-25.00734,,185.42,0,0,,2,1,"{""sr"":{""mpox"":90.15403,""mpoy"":55.21566,""mpoz"":-25.00734,""mpoa"":0,""posx"":1.67689,""posy"":1.50907,""posz"":0.03879,""posa"":0,""unit"":0,""stat"":5,""coor"":2,""momo"":1,""dist"":0,""home"":1,""mots"":1,""plan"":0,""line"":225,""path"":2,""frmo"":2,""prbe"":1,""safe"":0,""estp"":0,""spc"":1,""hold"":0,""macs"":5,""cycs"":1,""sps"":12000,""feed"":185.42,""mark"":2030957660}}",5.432464191521695,0.2011597215627761,0.2051622554695567,0.2067104599428083,5.432464191521695,0.2011597215627761,0.2051622554695567,0.2067104599428083,-0.99089042,0.0347882199999998,-0.0098675000000004,-1.8645681400000025,-0.9296500999999988,0.8067836399999988,-31.77731796000002,36.0,-37.67130375999994,100.0,33.86,36.07442987999704,25.608391599997898,23.82693839999805,24.94034625999795,75.26640285999382,1187.8376322799957,-1.00869284,-0.07882986,0.0349787200000003,5.3658939000000005,1.841356539999996,1.994369339999997,-3.1184211600000027,16.88157884,-94.69499046,100.0,32.303900060000004,95.21373344000176,79.22894620000146,93.12876106000172,45.869389460000846,196.6823838000037,1542.7491203800034,-0.97218868,-0.0341380999999999,0.0103352000000001,-4.9853976799999975,-8.014744499999999,0.4305089000000013,-14.0,37.0,68.50703416000002,100.0,32.62428884,144.08498542000265,3.4635816800000634,2.7708651000000506,2.7708651000000506,7.619878940000139,1430.6881995799995,-0.9919027199999996,0.1227487999999998,-0.01554944,2.881225880000001,1.709,3.9365487999999993,-6.0,30.0,38.24960156000001,100.0,33.00650994,87.00411939999854,1.9989521799999663,1.599161899999973,1.599161899999973,4.397694639999926,1241.3252989399962,-0.9861918400000018,0.2179899199999927,0.0054242200000004,0.2387047199999676,0.8461218999999783,1.3516120799999989,9.70835664000001,13.184909880000138,7.956270339999841,100.0,40.4628626,94.3379866800008,110.44447186000092,78.80673274000067,59.8240886000005,224.3403341400019,1567.114228339991,-1.00620604,-0.01102118,-0.0078574400000003,0.3411169399999992,2.003931299999998,4.868431080000001,10.47064736,-16.0,25.47064736,100.0,33.201214400000005,125.45652374000046,59.287470720000215,52.93524206000019,63.52229016000023,169.92212714000064,1215.8100329799988,225,X1.6782 Y1.5111 Z0.0387
16:31:25.064,5,229,1.69031,1.53733,0.03767,90.49512,55.93338,-25.03565,,185.42,0,0,,2,1,"{""sr"":{""mpox"":90.49512,""mpoy"":55.93338,""mpoz"":-25.03565,""mpoa"":0,""posx"":1.69031,""posy"":1.53733,""posz"":0.03767,""posa"":0,""unit"":0,""stat"":5,""coor"":2,""momo"":1,""dist"":0,""home"":1,""mots"":1,""plan"":0,""line"":229,""path"":2,""frmo"":2,""prbe"":1,""safe"":0,""estp"":0,""spc"":1,""hold"":0,""macs"":5,""cycs"":1,""sps"":12000,""feed"":185.42,""mark"":2030957660}}",5.101409084816133,0.1836205250727552,0.2012770250727807,0.2031358635778598,5.101409084816133,0.1836205250727552,0.2012770250727807,0.2031358635778598,-0.99353952,0.0428063999999999,-0.00220836,-1.7482670799999995,-0.8764533600000005,0.9545474399999996,-32.0,36.0,-39.27863963999998,100.00029376,33.87,111.56811775999851,73.35286867999903,68.2529980399991,71.43931575999906,216.2344367999972,1950.969978320004,-1.01105864,-0.0755214,0.0225323199999999,5.390069080000001,1.8663597199999984,2.0386780800000004,-3.0,16.0,-93.90105344,100.0,32.28083188,50.19361696000064,46.52382176000068,54.6149212000008,27.1051828400004,115.6037748400017,1770.0558142400012,-1.0164068,-0.0284444000000001,0.0211964799999999,-5.249978800000004,-8.354836279999999,0.2934539600000007,-13.897761920000002,37.0,68.0,100.0,32.6179552,84.81937712000122,2.0268120000000294,1.6214496000000234,1.6214496000000234,4.458985400000064,1842.9480996000025,-1.0010144,0.1201190799999999,-0.01710076,2.8628584,1.7549901599999995,4.07662624,-6.0,30.448914440000003,37.44891444,100.0,33.0195682,120.13661019999932,2.7554267999999844,2.2043412399999878,2.2043412399999878,6.061939159999966,1519.3480218400027,-0.8084668399999998,0.4417822000000007,-0.0124375199999998,1.9484950399999903,1.2027001200000145,1.1266645600000007,9.082540039999987,15.483956440000012,10.26845299999997,100.0,40.46226764,80.48864392000038,89.07677348000043,63.78674860000031,48.24991944000024,180.7000136800009,3095.6468052800024,-1.005224,-0.0063013199999999,0.00262248,0.33444732,2.0386954399999992,4.904555639999999,10.51725228,-16.0,27.0,100.0,33.21517252,81.3064060000004,54.5505302400001,48.473190520000095,58.41251492000011,155.6432592000003,1519.8410880000015,229,X1.6918 Y1.5419 Z0.0375
16:31:25.320,5,233,1.69614,1.5681,0.03656,90.64317,56.71498,-25.06395,,185.42,0,0,,2,1,"{""sr"":{""mpox"":90.64317,""mpoy"":56.71498,""mpoz"":-25.06395,""mpoa"":0,""posx"":1.69614,""posy"":1.5681,""posz"":0.03656,""posa"":0,""unit"":0,""stat"":5,""coor"":2,""momo"":1,""dist"":0,""home"":1,""mots"":1,""plan"":0,""line"":233,""path"":2,""frmo"":2,""prbe"":1,""safe"":0,""estp"":0,""spc"":1,""hold"":0,""macs"":5,""cycs"":1,""sps"":12000,""feed"":185.42,""mark"":2030957660}}",5.149192290804896,0.2026842442385305,0.2042105896807262,0.209777234142284,5.149192290804896,0.2026842442385305,0.2042105896807262,0.209777234142284,-0.9882668,0.0415553199999999,-0.0055614799999996,-1.9244239599999975,-0.8866079999999993,0.9174011599999986,-31.48244764000001,36.48244764000001,-39.47822316000001,100.0,33.86486668,79.86331640000186,54.99569688000129,51.6481327200012,54.03925004000127,163.07419696000383,1833.452784879991,-1.00686416,-0.0727179199999999,0.0111492799999999,5.264200120000001,1.8575172399999995,2.0518348399999984,-3.513737519999992,16.18553215999998,-95.51373752,100.0,32.29407232,61.648533039999045,60.107319439999074,69.86833747999893,34.93416899999946,148.98395451999772,1899.9835666399904,-0.9612910399999994,-0.0437060800000007,8.159999999997977e-05,-5.453574119999995,-8.10150472,0.4830511600000001,-13.486212040000009,37.08112468,68.81017424000001,100.0,32.60972432,106.3541179199984,2.568940239999961,2.055152279999969,2.055152279999969,5.651667919999914,1769.2407474399952,-1.02701708,0.1355662000000003,-0.0149199600000001,2.8700411999999997,1.719157839999999,3.94705504,-6.0,30.67303215999999,38.67100536,100.0,33.01326976,106.97491280000092,2.4573257600000207,1.9658606000000167,1.9658606000000167,5.406117160000045,1955.5736086799952,-0.96328924,0.3241156399999985,-0.05359224,2.3376795999999915,2.037225600000009,1.0586208799999983,8.457700839999982,2.174261040000008,14.729728720000116,100.0,40.47889428,82.74574355999951,97.37761283999944,69.6275159199996,52.977457759999695,196.77341455999888,2586.2209941199835,-1.00752064,-0.0018579599999999,0.00546488,0.4062870799999984,1.9706569200000013,4.895586719999999,10.735446559999994,-15.0,26.231249199999997,100.0,33.21537512,121.5116563199997,57.47854303999986,50.92397179999988,61.00792707999985,163.8642669199996,1314.177972319998,233,X1.6964 Y1.5753 Z0.0363
16:31:25.579,5,236,1.69391,1.59931,0.03544,90.58656,57.50782,-25.09225,,185.42,0,0,,2,1,"{""sr"":{""mpox"":90.58656,""mpoy"":57.50782,""mpoz"":-25.09225,""mpoa"":0,""posx"":1.69391,""posy"":1.59931,""posz"":0.03544,""posa"":0,""unit"":0,""stat"":5,""coor"":2,""momo"":1,""dist"":0,""home"":1,""mots"":1,""plan"":0,""line"":236,""path"":2,""frmo"":2,""prbe"":1,""safe"":0,""estp"":0,""spc"":1,""hold"":0,""macs"":5,""cycs"":1,""sps"":12000,""feed"":185.42,""mark"":2030957660}}",5.204862454568538,0.1976214263760692,0.2014527175848442,0.1844432598590063,5.204862454568538,0.1976214263760692,0.2014527175848442,0.1844432598590063,-0.9804627,0.0346970200000002,0.00392212,-1.8301917400000027,-0.895374220000001,0.9778082599999972,-31.657089900000013,36.66224978000002,-40.00515988,100.0,33.86342904,52.80814213999764,39.43465171999824,37.37719141999832,38.74883183999826,117.28038471999471,1580.2189239200002,-1.00780088,-0.0911813000000002,0.0392420599999999,5.296686139999999,1.7289455199999977,2.01713888,-3.0,16.0,-94.9485427,100.0,32.29051442,72.34059548000126,72.4351544000013,83.3995158200015,42.63918390000076,179.03311348000318,1625.73474916,-0.9898915200000002,0.0191466600000009,0.0220059599999996,-5.038475500000002,-8.16890024,0.3455285000000005,-13.39001003999999,37.0,66.83443061999998,100.0,32.624467540000005,126.8779368800022,3.0499504800000534,2.4399601800000426,2.4399601800000426,6.7098909200001176,1810.424168139999,-1.04421974,0.0964573199999999,-0.00434958,2.9175237000000025,1.688232239999999,4.027625479999998,-6.0,30.551132679999988,38.10840934,100.0,33.0,97.39917245999877,2.213617679999972,1.7708936799999773,1.7708936799999773,4.869959039999938,1567.08627364,-1.0034061399999985,0.2058389199999988,0.0042977999999998,5.343241640000008,2.581361120000009,1.1955167399999993,9.16696466000002,12.532524259999926,-6.623807340000018,100.0,40.48,89.20319030000067,104.8293535800008,74.95570308000057,57.03151344000043,211.8313357400016,2187.225263659996,-1.00095698,-0.0156537,-0.0168172600000001,0.4138857999999991,2.111431659999999,4.83124528,10.481895339999998,-15.0,25.36654354000001,100.0,33.22,113.61974770000069,59.58204698000019,52.84668502000017,63.20878062000021,169.26869420000057,1532.304922119999,236,X1.6937 Y1.6005 Z0.0354
16:31:25.837,5,240,1.68369,1.62884,0.03433,90.32675,58.25785,-25.12055,,185.42,0,0,,2,1,"{""sr"":{""mpox"":90.32675,""mpoy"":58.25785,""mpoz"":-25.12055,""mpoa"":0,""posx"":1.68369,""posy"":1.62884,""posz"":0.03433,""posa"":0,""unit"":0,""stat"":5,""coor"":2,""momo"":1,""dist"":0,""home"":1,""mots"":1,""plan"":0,""line"":240,""path"":2,""frmo"":2,""prbe"":1,""safe"":0,""estp"":0,""spc"":1,""hold"":0,""macs"":5,""cycs"":1,""sps"":12000,""feed"":185.42,""mark"":2030957660}}",5.348794170152532,0.2069218835687203,0.207399157006785,0.2067713128649464,5.348794170152532,0.2069218835687203,0.207399157006785,0.2067713128649464,-0.99010432,0.0400764399999999,0.00234426,-1.6180769200000007,-0.8655391400000002,0.9656466999999996,-31.18611472000001,36.17913078,-40.81388528,100.0,33.86179136,135.10491177999933,93.59677621999953,89.52735099999954,92.78289111999952,279.97644291999853,1456.8186274199995,-1.00513496,-0.07491484,0.02514242,5.3676147400000005,1.847488179999999,2.0089222,-3.0,16.720964879999997,-94.97225246,100.0,32.29027756,35.71648838000037,33.76324300000035,38.2278038200004,19.81148948000021,83.15244914000088,1140.8646633800008,-1.0203859,-0.0688475799999997,0.0321733799999999,-4.9742314,-8.144613240000002,0.3755008199999994,-13.0,37.0,67.0,100.0,32.62407962,58.8156968200006,1.4070742400000145,1.1256591000000116,1.1256591000000116,3.0955629800000315,1380.0721810600007,-1.02324508,0.10769156,0.0037208399999999,2.81151522,1.7268481999999998,3.983030700000001,-5.942374799999999,30.9423748,37.79482195999999,100.0,32.99,134.72642287999966,3.087412479999992,2.4699298199999937,2.4699298199999937,6.792306799999983,1062.5819975000006,-1.0244654199999996,0.1804365600000004,0.0174430199999998,3.9157046200000023,1.8992664000000088,1.1840939199999998,10.571209719999995,8.151913719999984,-12.40067305999995,100.0,40.4703378,70.60386280000019,80.63044624000023,57.65285830000016,43.86630490000012,163.34976464000044,1676.1071178600012,-0.99994518,-0.01139524,-0.0210455999999999,0.6716644600000002,1.88575196,4.9051234,10.080654400000002,-16.0,26.010889740000003,100.0,33.22,97.6746795000001,53.48851468000005,47.44198692000005,57.20945486000006,153.02366468000014,1161.3654538800004,240,X1.6821 Y1.6321 Z0.0342
16:31:26.092,5,244,1.6663,1.6548,0.03321,89.88516,58.91716,-25.14886,,185.42,0,0,,2,1,"{""sr"":{""mpox"":89.88516,""mpoy"":58.91716,""mpoz"":-25.14886,""mpoa"":0,""posx"":1.6663,""posy"":1.6548,""posz"":0.03321,""posa"":0,""unit"":0,""stat"":5,""coor"":2,""momo"":1,""dist"":0,""home"":1,""mots"":1,""plan"":0,""line"":244,""path"":2,""frmo"":2,""prbe"":1,""safe"":0,""estp"":0,""spc"":1,""hold"":0,""macs"":5,""cycs"":1,""sps"":12000,""feed"":185.42,""mark"":2030957660}}",5.215617620557711,0.1946452493675852,0.1976157625332334,0.2039859968661653,5.215617620557711,0.1946452493675852,0.1976157625332334,0.2039859968661653,-0.9947768,0.0386663999999999,-0.0396715199999986,-1.587,-0.9221828800000016,0.9057896399999968,-31.086658360000023,36.0,-40.75472475999992,100.0,33.87,12.790153960003703,9.965655880002892,9.619024440002784,9.886347400002858,29.896967560008683,1694.6552214799908,-1.0070372,-0.0894240799999999,0.0219154800000006,5.328692880000003,1.914225440000006,2.039290160000002,-3.012393120000004,17.0,-94.80509343999998,100.0,32.30560596,95.79280815999785,97.48974679999782,109.39264447999756,57.8671234799987,239.38310491999465,1550.4582860400053,-0.9145691600000004,-0.0422811999999975,0.0484202399999991,-5.4902914799999945,-8.058563520000002,0.297937440000005,-3.1396226400003022,8.310389720000803,14.813894680001424,100.0,32.6178856,164.0454543599964,3.9427842799999127,3.15422743999993,3.15422743999993,8.674125399999808,1911.578729400004,-1.0030483999999995,0.1036275199999993,-0.0150207199999994,2.790732320000002,1.8129098800000023,3.988091720000001,-6.0,30.0,38.02539096000001,100.0,32.996288199999995,76.76010548000208,1.7288312000000468,1.3830651600000374,1.3830651600000374,3.803428440000103,1578.3850082800002,-1.0009535200000008,0.1792873600000023,0.0169690799999997,2.71400123999991,0.5740844000000536,1.137083559999997,10.579345159999985,-6.62232668000014,8.90518488000003,100.0,40.47158648,100.63226247999896,118.14484643999872,84.65017311999908,63.9443754799993,239.2753648399974,1952.8860599600016,-1.01011416,0.0012083999999996,-0.0154382400000002,0.6634943199999996,1.9798800400000016,4.803849800000001,11.0,-15.0,26.96422199999999,100.0,33.22543616,97.96786727999938,63.06119043999969,55.99398823999972,67.41023831999966,179.9060685999991,1608.1390770400003,244,X1.6623 Y1.6593 Z0.033
16:31:26.352,5,247,1.6429,1.6756,0.0321,89.29079,59.44548,-25.17716,,185.42,0,0,,2,1,"{""sr"":{""mpox"":89.29079,""mpoy"":59.44548,""mpoz"":-25.17716,""mpoa"":0,""posx"":1.6429,""posy"":1.6756,""posz"":0.0321,""posa"":0,""unit"":0,""stat"":5,""coor"":2,""momo"":1,""dist"":0,""home"":1,""mots"":1,""plan"":0,""line"":247,""path"":2,""frmo"":2,""prbe"":1,""safe"":0,""estp"":0,""spc"":1,""hold"":0,""macs"":5,""cycs"":1,""sps"":12000,""feed"":185.42,""mark"":2030957660}}",5.229989998124371,0.209510451063038,0.2107172285185685,0.2125897695703809,5.229989998124371,0.209510451063038,0.2107172285185685,0.2125897695703809,-0.98900024,0.0398819199999999,-0.0035040799999999,-2.0063797999999995,-0.8158722000000006,0.9769934,-31.87540756,36.1244836,-39.12459244,100.0,33.87124488,133.96919147999958,100.69686015999967,98.06998543999968,100.69686015999967,302.966314319999,1132.6013610000002,-0.9979442,-0.0760012799999999,0.02331108,5.39157372,1.589794280000001,1.97772272,-2.695800080000004,14.602295440000004,-80.53722816000004,100.0,32.3086492,31.2146284000002,29.387544680000246,32.82917572000027,17.578488800000148,72.1363267600006,1108.7881908000002,-1.01139184,-0.0279962799999999,0.01762324,-5.289405680000001,-8.37243036,0.41496896,-14.0,37.0,66.38161632,100.0,32.60482504,50.4570039200004,1.2061592800000096,0.9649276000000078,0.9649276000000078,2.6535512400000214,1007.0350239200004,-1.0139734800000002,0.11501996,-0.0094018399999999,2.8861072,1.71397952,3.99406612,-6.0,30.63792636,38.08163084,100.0,32.9980118,137.1541744399998,3.189631919999995,2.551705559999996,2.551705559999996,7.017190199999988,1317.9219577599995,-1.00717552,0.1234888800000003,-0.0237364,0.3208883200000076,0.51380108,1.1312158000000003,8.830609200000007,-0.8026880800000091,-1.5159928399999707,100.0,40.486752800000005,65.27125840000014,77.73474092000015,55.696541200000105,42.07292704000008,157.1482045600003,1480.9453667199996,-1.00430776,-0.00773024,0.00344356,0.4131433999999999,1.8350404,4.91595408,10.0,-15.0,24.919537,100.0,33.23,104.50382992000009,53.792925360000034,47.35616524000003,57.07754176000004,152.64317284000012,1084.15331728,247,X1.6429 Y1.6756 Z0.0321
16:31:26.609,5,251,1.61496,1.68957,0.03109,88.58104,59.80036,-25.20293,,185.42,0,0,,2,1,"{""sr"":{""mpox"":88.58104,""mpoy"":59.80036,""mpoz"":-25.20293,""mpoa"":0,""posx"":1.61496,""posy"":1.68957,""posz"":0.03109,""posa"":0,""unit"":0,""stat"":5,""coor"":2,""momo"":1,""dist"":0,""home"":1,""mots"":1,""plan"":0,""line"":251,""path"":2,""frmo"":2,""prbe"":1,""safe"":0,""estp"":0,""spc"":1,""hold"":0,""macs"":5,""cycs"":1,""sps"":12000,""feed"":185.42,""mark"":2030957660}}",5.485152436398034,0.2051741178411995,0.2039589802042487,0.1995890841596362,5.485152436398034,0.2051741178411995,0.2039589802042487,0.1995890841596362,-0.9885801599999998,0.0361254399999995,-0.0011088599999996,-1.5388350600000076,-0.8089294999999975,0.8703434799999975,-31.26237787999996,36.73762212000004,-40.211635740000126,100.0,33.87263626,44.07944449999314,29.91105127999535,29.38629599999543,30.173429159995305,91.3074211599858,1242.2627858800142,-1.0107030600000002,-0.07444416,0.0194008399999994,5.338159979999993,1.7639582200000106,2.0148025000000027,-3.663709140000028,16.116481920000005,-94.78019106000004,100.0,32.30883524,80.30882838000343,83.62737478000358,92.91930488000396,50.44190848000216,204.42247118000876,1439.519874360013,-1.0216727599999995,-0.0305416200000001,0.0228405399999998,-5.213750100000016,-8.017189899999982,0.2843236400000069,-14.0,37.0,67.11524464000001,100.0,32.63330506,139.03984624000594,3.3263121200001424,2.661049800000113,2.661049800000113,7.317886560000312,1491.1232328600022,-1.0054685199999993,0.1356761399999996,-0.0091293200000002,2.7935662999999997,1.7339111600000026,3.9388330799999913,-6.0,30.585881780000012,38.0,100.0,32.9947323,90.04121079999672,2.0705923599999254,1.65647387999994,1.4789721399999682,4.555302939999836,1225.17529346,-0.951105999999996,0.2642320000000037,-0.0325140999999994,2.155754760000064,2.007941020000006,0.989236539999996,10.41468498000001,4.530134100000058,6.412682300000184,100.0,40.4983646,89.7647622800017,109.52430094000208,78.47359684000149,59.27861598000113,221.30683434000423,1896.8481164200125,-1.0037574,-0.0108621599999998,0.0009300400000005,0.4821786000000019,1.967439800000003,4.990412180000003,10.0,-15.0,26.0,100.0,33.24524112,81.24162094000066,61.324320520000505,54.51050724000044,65.51743692000053,174.53845092000142,1036.591898039993,251,X1.6127 Y1.6904 Z0.031
16:31:26.866,5,255,1.5843,1.69596,0.02997,87.80235,59.96255,-25.23123,,185.42,0,0,,2,1,"{""sr"":{""mpox"":87.80235,""mpoy"":59.96255,""mpoz"":-25.23123,""mpoa"":0,""posx"":1.5843,""posy"":1.69596,""posz"":0.02997,""posa"":0,""unit"":0,""stat"":5,""coor"":2,""momo"":1,""dist"":0,""home"":1,""mots"":1,""plan"":0,""line"":255,""path"":2,""frmo"":2,""prbe"":1,""safe"":0,""estp"":0,""spc"":1,""hold"":0,""macs"":5,""cycs"":1,""sps"":12000,""feed"":185.42,""mark"":2030957660}}",5.139260212989616,0.199772700636745,0.2035956734651866,0.2073557566862463,5.139260212989616,0.199772700636745,0.2035956734651866,0.2073557566862463,-0.995758,0.0278561999999999,0.0202708000000004,-2.0137988,-1.0132796000000008,0.9646331999999984,-32.0,36.003296,-38.60463600000001,100.0,33.88,95.61117760000222,68.17697960000159,67.57893560000159,69.37306680000162,208.7172438000049,1396.540009599996,-1.0083396,-0.0776285999999999,0.0408041999999998,5.2660016,1.8644838000000028,2.069333,-3.339545599999988,16.0929058,-94.4324514,100.0,32.2990712,63.34578919999841,55.260846399998734,60.882711999998605,33.29874159999924,134.39941419999693,1682.4903493999889,-0.9788107999999994,-0.0364200000000001,0.0029027999999997,-5.184893200000001,-8.066751399999998,0.3620812000000033,-13.337770799999989,36.4333826,66.56661740000001,100.0,32.617712,90.48133639999796,2.1669129999999512,1.7335303999999612,1.7335303999999612,4.767207599999892,1888.4936179999945,-1.0043114,0.128491,-0.0105806,2.7759319999999983,1.692965999999999,3.9918868000000014,-5.463718199999995,31.0,37.536281800000005,100.0,32.9872656,117.98200200000116,2.681409600000026,2.145127200000021,2.145127200000021,5.8991000000000575,1794.1136921999905,-0.8947406000000022,0.1473688000000001,-0.0440695999999998,-0.8853719999999939,2.0722585999999947,1.038,12.970428800000017,-4.577104600000012,20.57710460000001,100.0,40.4774808,77.0587181999994,92.01390599999928,65.92748939999949,49.80134099999961,185.45070699999852,2209.4853773999835,-1.001253,-0.0139019999999999,-0.0131269999999997,0.4521591999999983,1.7682727999999994,4.822,10.0,-15.269311200000006,25.951068399999983,100.0,33.24,95.66073559999984,57.29379919999983,50.92782179999985,61.21132399999981,163.06696699999952,1072.7913101999984,255,X1.5795 Y1.6963 Z0.0298
16:31:27.123,5,259,1.55311,1.69436,0.02886,87.01023,59.92191,-25.25953,,185.42,0,0,,2,1,"{""sr"":{""mpox"":87.01023,""mpoy"":59.92191,""mpoz"":-25.25953,""mpoa"":0,""posx"":1.55311,""posy"":1.69436,""posz"":0.02886,""posa"":0,""unit"":0,""stat"":5,""coor"":2,""momo"":1,""dist"":0,""home"":1,""mots"":1,""plan"":0,""line"":259,""path"":2,""frmo"":2,""prbe"":1,""safe"":0,""estp"":0,""spc"":1,""hold"":0,""macs"":5,""cycs"":1,""sps"":12000,""feed"":185.42,""mark"":2030957660}}",5.323941300745257,0.2048158999983235,0.2122497944048176,0.2107377018251783,5.323941300745257,0.2048158999983235,0.2122497944048176,0.2107377018251783,-0.98495692,0.0320844200000001,-0.0050229800000001,-1.5206627599999984,-0.9211973600000016,0.8877123000000008,-32.54115262000001,36.99740638,-40.00259362,100.0,33.89,86.04323284000202,61.69137424000144,61.15022208000143,62.77367894000146,188.8621895200044,1428.1457345599986,-0.99554932,-0.0702933799999999,0.0101282999999999,5.277899679999995,1.9852163800000004,2.0225261,-3.9301122000000017,16.0,-94.0698878,100.0,32.30069874,76.91341693999854,60.39826577999885,66.53246473999874,36.80519329999931,147.22077273999724,1292.7713248199964,-0.99770276,-0.02498392,0.0312191599999999,-5.3930251,-7.951182299999997,0.5400350600000002,-14.525535440000008,37.0,67.92651638000001,100.0,32.61,100.58653419999816,2.3723237199999563,1.8978591599999648,1.8978591599999648,5.219112459999905,1682.5527297399956,-0.9843407199999996,0.1264606199999998,-0.0105844199999998,2.821572320000001,1.7026609199999985,3.87467996,-6.0,30.513444140000004,38.0,100.0,33.00341094,112.44426360000102,2.567220780000023,2.053776640000019,1.68580336000001,5.647885240000051,1130.6581834999972,-1.057721740000001,0.4253095799999985,0.0295724400000005,4.996026760000011,1.572117079999985,1.152297500000001,11.04431836000003,5.7631303199999495,14.66235478000013,100.0,40.47170594,79.22100749999946,94.86960137999937,67.97358019999953,51.34694913999965,191.6952781199987,1654.6812291200004,-0.99232278,-0.0149405999999999,-0.0145060399999997,0.586519899999999,1.6296918399999996,5.005,9.699870699999993,-14.300129300000007,24.699870699999995,100.0,33.23699868,90.06148151999975,57.89666623999984,50.96886035999985,61.85541281999983,164.2879767199995,1162.53388788,259,X1.546 Y1.6929 Z0.0286
16:31:27.380,5,262,1.52331,1.68479,0.02774,86.25331,59.67879,-25.28783,,185.42,0,0,,2,1,"{""sr"":{""mpox"":86.25331,""mpoy"":59.67879,""mpoz"":-25.28783,""mpoa"":0,""posx"":1.52331,""posy"":1.68479,""posz"":0.02774,""posa"":0,""unit"":0,""stat"":5,""coor"":2,""momo"":1,""dist"":0,""home"":1,""mots"":1,""plan"":0,""line"":262,""path"":2,""frmo"":2,""prbe"":1,""safe"":0,""estp"":0,""spc"":1,""hold"":0,""macs"":5,""cycs"":1,""sps"":12000,""feed"":185.42,""mark"":2030957660}}",5.20150755946596,0.1810510018246114,0.1929493802149693,0.1966257862691707,5.20150755946596,0.1810510018246114,0.1929493802149693,0.1966257862691707,-0.9904035999999998,0.0403295199999992,-0.0062479999999994,-1.853343519999996,-1.1210143999999962,1.03783544,-31.680446719999967,36.68044671999997,-41.99595332,100.0,33.88,46.86249680000456,36.58283936000355,36.26193696000353,37.224643480003614,111.99483316001088,1384.680492160004,-1.0020628400000005,-0.07313416,0.0169083600000004,5.322378279999993,1.7608566400000032,2.039928320000002,-3.0,16.0,-94.62338303999998,100.0,32.29671804,105.62351935999612,79.7930224799972,87.89700123999692,48.6238731999983,194.49549211999323,1391.426788600015,-1.0130791599999995,-0.0475256800000005,0.0081580799999996,-5.435876519999985,-8.057,0.366,-14.050000000000004,37.05,67.42627176000003,100.0,32.62050016,130.25914799999552,3.118640159999892,2.494911919999914,2.494911919999914,6.8610078799997645,1295.098674840012,-1.0108575999999998,0.1172073600000003,-0.0206353599999996,2.7814419999999997,1.6903459199999982,4.106454319999995,-5.89806527999999,30.89806527999999,37.537308280000026,100.0,32.991019200000004,95.34685372000249,2.1768685200000566,1.7414952800000452,1.7414952800000452,4.7891112800001245,1283.8245869600062,-0.9800613199999986,0.1525140000000019,0.0226581199999995,5.27092947999995,0.6049343599999639,1.1172955600000063,14.194150999999955,20.58339471999985,10.189835400000282,100.0,40.47548384,88.84402751999866,106.3934650399984,76.23036931999886,57.58409223999913,214.0018602399968,1941.80447656002,-1.0050247999999995,-0.0143984800000003,-0.0042036400000005,0.61,1.731995559999999,4.9565259200000025,10.479649320000004,-15.376974999999982,25.19289795999997,100.0,33.24,105.68438911999938,60.88105811999961,53.59614523999966,64.6668902399996,172.3795310399989,1115.2618042000097,262,X1.5222 Y1.6843 Z0.0277
16:31:27.636,5,266,1.49704,1.66801,0.02663,85.58602,59.2528,-25.31614,,185.42,0,0,,2,1,"{""sr"":{""mpox"":85.58602,""mpoy"":59.2528,""mpoz"":-25.31614,""mpoa"":0,""posx"":1.49704,""posy"":1.66801,""posz"":0.02663,""posa"":0,""unit"":0,""stat"":5,""coor"":2,""momo"":1,""dist"":0,""home"":1,""mots"":1,""plan"":0,""line"":266,""path"":2,""frmo"":2,""prbe"":1,""safe"":0,""estp"":0,""spc"":1,""hold"":0,""macs"":5,""cycs"":1,""sps"":12000,""feed"":185.42,""mark"":2030957660}}",5.2419664444272325,0.2078098038380196,0.2129902261852811,0.2105823147455304,5.2419664444272325,0.2078098038380196,0.2129902261852811,0.2105823147455304,-0.9937648,0.0461062,-0.0130267999999997,-1.5619652000000053,-0.7560768000000034,0.8424171999999982,-31.199809400000028,36.80019059999997,-39.0049208,100.0,33.8820476,122.47152619999564,90.6607405999968,89.8654707999968,92.25127939999676,276.7538389999902,1583.218340999999,-0.9954112,-0.0795529999999998,0.0499485999999991,5.3832326,1.970026199999992,2.0281374000000008,-3.0,16.674560799999977,-95.29421200000004,100.0,32.2835666,57.07709360000379,37.6591134000025,41.48386660000276,22.94852200000152,91.79408840000607,1724.8278310000028,-0.9749689999999996,-0.021775599999999,0.0075954000000001,-5.1528788000000025,-8.195158000000001,0.3907947999999976,-14.0,38.0,67.0318716,100.0,32.62,61.726741000004026,1.4838160000000966,1.1870524000000773,1.1870524000000773,3.264395000000212,2084.1931755999944,-1.0132884,0.128217,-0.0137909999999997,2.9459798,1.5939963999999975,3.953561200000001,-6.0,30.38984920000001,37.38984920000001,100.0,32.9954624,132.40279579999776,3.0507555999999485,2.4406047999999587,2.4406047999999587,6.7116621999998864,1848.3475992000008,-0.9141033999999992,0.2675321999999988,-0.0179970000000002,3.20142540000005,1.2836336000000477,1.259541399999997,14.0,8.149351000000147,20.23663699999983,100.0,40.4850448,67.9277500000012,81.85083000000145,58.64569760000104,44.30070660000079,164.96739340000292,2260.5076664000003,-1.0009767999999997,-0.0093066000000001,-0.0068472000000009,0.6282102000000035,1.746933799999998,4.787869599999999,10.0,-15.910250799999988,25.88096479999997,100.0,33.2491026,94.42348120000058,54.96292180000034,48.3861622000003,58.25130120000036,155.02362560000094,1258.4007382000066,266,X1.4943 Y1.6657 Z0.0265
16:31:27.894,5,270,1.47586,1.645,0.02551,85.04791,58.66824,-25.34444,,185.42,0,0,,2,1,"{""sr"":{""mpox"":85.04791,""mpoy"":58.66824,""mpoz"":-25.34444,""mpoa"":0,""posx"":1.47586,""posy"":1.645,""posz"":0.02551,""posa"":0,""unit"":0,""stat"":5,""coor"":2,""momo"":1,""dist"":0,""home"":1,""mots"":1,""plan"":0,""line"":270,""path"":2,""frmo"":2,""prbe"":1,""safe"":0,""estp"":0,""spc"":1,""hold"":0,""macs"":5,""cycs"":1,""sps"":12000,""feed"":185.42,""mark"":2030957660}}",5.275964304472483,0.1990028576024839,0.1973445842067453,0.1987059881027959,5.275964304472483,0.1990028576024839,0.1973445842067453,0.1987059881027959,-0.9842388800000004,0.0377780000000009,-0.0009602800000011,-1.887688239999994,-0.979701160000003,0.971830519999994,-32.0,37.0,-38.123904240000144,100.0,33.89,6.532034200006996,5.0480131600054525,5.003732560005405,5.0922937600055,15.405254360016649,1516.118613199999,-1.0098883199999995,-0.0733644399999999,0.0152721200000002,5.354057880000009,1.8189468399999968,2.035085360000003,-3.179018200000033,16.81479135999996,-94.01238088,100.0,32.29,146.11610791999402,105.08561239999572,115.75836999999528,63.21556379999743,255.3251977599896,1532.3233000400164,-0.9917618000000004,-0.0056897600000008,0.0191897599999999,-5.386766239999991,-8.07707828,0.476789159999998,-13.993614759999993,38.0,67.0,100.0,32.62,167.34907335999327,4.081062119999835,3.264849679999868,3.264849679999868,8.978335719999636,1761.3221401200094,-1.0140694,0.1278497600000006,-0.0073915999999999,2.869,1.913417519999999,3.9486757200000047,-6.0,31.0,37.01267708000002,100.0,33.01,71.78066472000384,1.6539320400000883,1.3231454400000708,1.3231454400000708,3.638651640000195,1514.413495440017,-0.8689027199999956,0.534325920000003,-0.0383856800000008,3.449921439999865,2.003367480000041,1.2587577999999993,9.985316039999985,15.33017980000013,4.244746359999805,100.0,40.49014684,97.84267999999804,120.08185979999756,86.03803371999824,64.99275907999866,242.02065659999505,2363.323989640021,-1.00420572,-0.0150755599999998,-0.0034249200000001,0.4990527199999974,1.648,4.853821360000006,10.0,-15.450237000000005,25.450237000000005,100.0,33.25,125.57426803999844,63.79032663999941,56.09364919999949,67.63866487999938,180.3400155999983,1174.4753060800058,270,X1.4725 Y1.64 Z0.0253
16:31:28.151,5,273,1.4612,1.6174,0.0244,84.67562,57.9672,-25.37274,,185.42,0,0,,2,1,"{""sr"":{""mpox"":84.67562,""mpoy"":57.9672,""mpoz"":-25.37274,""mpoa"":0,""posx"":1.4612,""posy"":1.6174,""posz"":0.0244,""posa"":0,""unit"":0,""stat"":5,""coor"":2,""momo"":1,""dist"":0,""home"":1,""mots"":1,""plan"":0,""line"":273,""path"":2,""frmo"":2,""prbe"":1,""safe"":0,""estp"":0,""spc"":1,""hold"":0,""macs"":5,""cycs"":1,""sps"":12000,""feed"":185.42,""mark"":2030957660}}",5.1770473865125926,0.2012662521773671,0.2080436681576808,0.2060861096533332,5.1770473865125926,0.2012662521773671,0.2080436681576808,0.2060861096533332,-0.9841797999999998,0.0311797999999998,-0.0026856,-1.5804698000000008,-0.8671186999999982,0.9637347000000016,-31.107050599999987,37.0,-40.10624949999999,100.0,33.89,136.76147690000215,101.8875762000016,100.10007520000156,102.7813267000016,309.23693050000486,1165.4596953999987,-1.0078517000000002,-0.0726151999999999,0.025241,5.2050363,1.5973085999999983,1.953,-0.6698453999999705,3.572510699999843,-21.12728749999908,100.0,32.3,40.31157849999813,28.272309699998768,31.259471399998628,16.969427799999256,69.13290489999697,1432.0747045000026,-0.9845091999999996,-0.0340503,0.0056255999999998,-5.097577899999991,-8.372062600000001,0.4321301999999992,-12.019647199999968,31.850311199999908,56.74815169999984,100.0,32.6197328,46.491034699997975,1.1277736999999517,0.9022187999999612,0.9022187999999612,2.397001299999905,1403.0823871999987,-1.0236046,0.1285483999999999,-0.0049176999999999,2.9692214000000003,1.7969712000000018,4.1105886,-6.067979399999991,30.93202060000001,36.93202060000001,100.0,33.0064605,138.23796800000108,3.214836200000025,2.5718695000000205,2.5718695000000205,7.072639900000056,1178.009202300001,-0.9345852999999998,0.2859495999999996,-0.0243547999999998,0.1479375000000052,1.7635114999999977,1.1413203000000016,7.677808199999979,14.843920500000046,-2.073701100000022,100.0,40.4966114,64.67012959999943,76.33229709999928,54.691696999999486,41.31387189999961,154.17553819999856,1879.2846805000013,-1.0018064,-0.0214144,-0.0089255999999999,0.4084130000000017,1.7639980999999978,4.961824100000001,10.403096500000006,-15.944551100000009,25.596903499999996,100.0,33.25,78.31096879999956,53.13582959999983,46.77164109999985,56.34564739999983,149.8889295999995,1157.3040489,273,X1.4612 Y1.6174 Z0.0244
16:31:28.410,5,277,1.45423,1.58676,0.02328,84.49861,57.18894,-25.40126,,185.42,0,0,,2,1,"{""sr"":{""mpox"":84.49861,""mpoy"":57.18894,""mpoz"":-25.40126,""mpoa"":0,""posx"":1.45423,""posy"":1.58676,""posz"":0.02328,""posa"":0,""unit"":0,""stat"":5,""coor"":2,""momo"":1,""dist"":0,""home"":1,""mots"":1,""plan"":0,""line"":277,""path"":2,""frmo"":2,""prbe"":1,""safe"":0,""estp"":0,""spc"":1,""hold"":0,""macs"":5,""cycs"":1,""sps"":12000,""feed"":185.42,""mark"":2030957660}}",5.276122845623476,0.1992234720462776,0.200786758470003,0.1888422805536247,5.276122845623476,0.1992234720462776,0.200786758470003,0.1888422805536247,-0.98829424,0.04023516,0.006361,-1.8998265200000009,-1.038,0.9598745999999998,-32.0,37.43584907999999,-38.56415092000001,100.0,33.89719276,41.54992712000041,32.004673600000324,31.16244584000031,32.004673600000324,96.57550640000096,1490.3238055599998,-1.00748832,-0.0793406399999999,0.01772356,5.59118264,1.90219264,2.129232,-3.0,16.652386919999998,-93.34761308,100.0,32.30110952,115.47242707999963,81.54832419999975,91.33412339999973,48.92899471999986,200.28268443999937,1553.50727288,-0.98118616,-0.0187146,0.00575032,-5.2904,-8.01831276,0.4015748400000002,-14.0,38.0,66.34815624000001,100.0,32.61113112,135.5835517199996,3.25922007999999,2.607376039999992,2.607376039999992,6.51844015999998,1823.30199568,-1.0145492,0.12734304,-0.0013809599999999,2.93278956,1.7086856800000003,3.955338,-6.191182600000002,30.1911826,37.191182600000005,100.0,33.004212960000004,91.84394356000024,2.106512760000005,1.6852102400000042,1.6852102400000042,4.634327760000011,1633.4839716,-1.00562884,0.4080485999999999,-0.00297624,2.2959282000000067,1.13130624,1.1670397200000002,10.177430799999994,3.5909032800000014,2.7665198799999646,100.0,40.49558112,91.53331071999988,108.27720875999984,77.5800619999999,58.60364419999993,218.7869379999997,2295.659841800001,-1.00159788,-0.0173497599999999,-0.0090867599999999,0.3705803600000002,2.0525358,4.8726788800000005,10.0,-15.47745812,26.47745812,100.0,33.26,95.10266595999994,60.09234423999997,52.77675415999997,63.75013855999996,169.30364731999993,1326.3087048400002,277,X1.454 Y1.5846 Z0.0232
16:31:28.666,5,281,1.45524,1.55551,0.02216,84.52423,56.39508,-25.42956,,185.42,0,0,,2,1,"{""sr"":{""mpox"":84.52423,""mpoy"":56.39508,""mpoz"":-25.42956,""mpoa"":0,""posx"":1.45524,""posy"":1.55551,""posz"":0.02216,""posa"":0,""unit"":0,""stat"":5,""coor"":2,""momo"":1,""dist"":0,""home"":1,""mots"":1,""plan"":0,""line"":281,""path"":2,""frmo"":2,""prbe"":1,""safe"":0,""estp"":0,""spc"":1,""hold"":0,""macs"":5,""cycs"":1,""sps"":12000,""feed"":185.42,""mark"":2030957660}}",5.083963322495897,0.2011660562552011,0.204662897104239,0.2063984750518056,5.083963322495897,0.2011660562552011,0.204662897104239,0.2063984750518056,-0.9914316,0.0418296000000003,-0.0115992,-2.0129836,-1.0859203999999971,0.7932032,-32.40147540000002,36.404807800000015,-40.59519219999999,100.0,33.8999668,93.9950335999978,68.23181399999841,65.83771519999846,68.22848199999841,205.2939671999952,1862.4084713999991,-1.0043920000000002,-0.0785760000000002,0.0306559999999999,5.353531800000001,1.7354042000000005,2.0600137999999992,-3.0935915999999977,16.339264800000013,-94.9064084,100.0,32.2852648,79.45841520000182,53.3349430000012,60.16705560000137,31.69211780000072,131.34270780000298,1561.638063800002,-1.0202391999999991,-0.0584301999999992,0.0113980000000001,-5.314930000000006,-8.0548818,0.4124331999999991,-13.097538399999998,37.66366719999999,67.43387120000001,100.0,32.6256612,90.05009080000202,2.169355200000048,1.7354840000000384,1.7354840000000384,4.772581000000106,1766.8251869999997,-0.9780534000000002,0.1503302000000003,-0.0044806,2.871954800000001,1.6574886000000002,4.1217068,-6.0,31.0,36.54703480000002,100.0,33.010832,116.88526119999888,2.6808545999999738,2.144683399999979,2.144683399999979,5.897879999999943,1747.718729599999,-0.9374806000000004,0.4871333999999995,-0.0054170000000001,5.197207000000003,1.1236060000000183,1.1480553999999985,10.385563800000009,-9.652283800000054,0.0585462000000863,100.0,40.5,82.28376940000071,92.12935740000071,66.01020980000052,49.8638276000004,185.65160160000144,2020.9215861999944,-1.0051338,-0.0180167999999999,-0.0041005999999999,0.3103510000000026,1.9068026,4.9289408,11.0,-15.267803399999991,26.5104658,100.0,33.26,88.5711720000006,55.806901200000176,49.44295640000016,59.233641200000186,157.8978232000005,1625.2185613999943,281,X1.456 Y1.551 Z0.022
16:31:28.923,5,285,1.46422,1.5256,0.02105,84.75225,55.6354,-25.45787,,185.42,0,0,,2,1,"{""sr"":{""mpox"":84.75225,""mpoy"":55.6354,""mpoz"":-25.45787,""mpoa"":0,""posx"":1.46422,""posy"":1.5256,""posz"":0.02105,""posa"":0,""unit"":0,""stat"":5,""coor"":2,""momo"":1,""dist"":0,""home"":1,""mots"":1,""plan"":0,""line"":285,""path"":2,""frmo"":2,""prbe"":1,""safe"":0,""estp"":0,""spc"":1,""hold"":0,""macs"":5,""cycs"":1,""sps"":12000,""feed"":185.42,""mark"":2030957660}}",5.40343627599729,0.2028832138177389,0.2031233578101891,0.2009826999779441,5.40343627599729,0.2028832138177389,0.2031233578101891,0.2009826999779441,-0.98875792,0.0444334,-0.0174145,-1.5924742799999976,-0.9816491599999976,0.8646684399999951,-31.460519500000014,36.99730378,-40.45512706000002,100.0,33.89457838,90.0932823399967,61.50080355999774,58.803399599997846,60.961323059997774,183.9629300999933,1408.6387710599984,-1.00796412,-0.0741748,0.0325939600000001,5.4277146400000005,1.9498376599999945,1.9851158799999995,-3.473515440000014,16.070249360000005,-94.45623519999998,100.0,32.29456246,69.60677760000202,57.29537488000166,65.3451384200019,34.09311568000099,142.05464822000414,1214.8629624400007,-0.9863108399999996,-0.0247774599999998,-0.0001238999999998,-5.206356600000008,-7.855924100000003,0.4343981799999985,-13.071460540000002,38.0,68.02163646000002,100.0,32.61071438,97.8681158000028,2.375439800000068,1.9003518400000543,1.9003518400000543,5.225967100000149,1446.6409337599948,-0.9944071999999996,0.1172224800000003,-0.020432,2.92109854,1.66747444,4.099190800000001,-3.5958855199999493,15.924635699999774,19.37459633999972,100.0,33.01,110.73690293999846,2.568489799999964,2.054791439999971,2.054791439999971,6.164375319999913,1292.6531162399992,-0.9705195200000006,0.3012050199999994,-0.0137835799999992,6.327038520000015,1.372305319999982,1.2879075400000042,9.635320840000023,-0.2233937399999315,-10.7099383000001,100.0,40.49511104,82.13328410000089,94.35549920000102,67.46662652000073,51.33330288000056,191.1554414200021,1658.4845528399983,-1.0067723,-0.0111103199999998,-0.0002984000000003,0.2937732600000024,1.977261879999998,5.045543359999998,11.0,-15.0,26.0,100.0,33.26,98.7277006400004,56.06145808000024,49.61191002000021,59.53429204000025,158.75811162000068,1131.4015720200002,285,X1.4672 Y1.5193 Z0.0208
16:31:29.180,5,288,1.48052,1.49897,0.01993,85.16627,54.95897,-25.48617,,185.42,0,0,,2,1,"{""sr"":{""mpox"":85.16627,""mpoy"":54.95897,""mpoz"":-25.48617,""mpoa"":0,""posx"":1.48052,""posy"":1.49897,""posz"":0.01993,""posa"":0,""unit"":0,""stat"":5,""coor"":2,""momo"":1,""dist"":0,""home"":1,""mots"":1,""plan"":0,""line"":288,""path"":2,""frmo"":2,""prbe"":1,""safe"":0,""estp"":0,""spc"":1,""hold"":0,""macs"":5,""cycs"":1,""sps"":12000,""feed"":185.42,""mark"":2030957660}}",5.0980444856849525,0.1993374511605765,0.2034151437215088,0.1921882354833743,5.0980444856849525,0.1993374511605765,0.2034151437215088,0.1921882354833743,-0.98902176,0.03738016,-0.0099113199999996,-1.792936120000002,-1.079967720000001,0.8963177600000011,-32.31745567999998,36.36508896000004,-37.32836831999998,100.0,33.9,52.0215517999973,36.81195539999808,35.19193971999818,36.16613171999812,109.7845858399943,1481.2559503999912,-1.0135279600000002,-0.0762813600000002,0.0144069199999998,5.315037000000004,1.7820767999999994,2.035787360000004,-3.373585479999988,16.0,-93.09899008,100.0,32.29950496,110.79340524000206,74.5928254400014,85.86828784000161,43.89851288000083,184.89128128000348,1322.3648682800006,-0.996271,-0.0665650800000013,0.0133497599999996,-5.43823264,-8.06011616,0.5000691200000016,-13.624468200000011,38.0,66.42661787999998,100.0,32.61375552,126.97146072000236,3.122342680000058,2.4978744800000463,2.4978744800000463,6.869154240000129,1389.176008439999,-0.9315416799999988,0.1541404000000001,-0.0121371199999998,3.064464799999999,1.6525518399999988,4.003108480000001,-6.897985280000006,31.0,37.25850384000002,100.0,33.0023112,93.62210727999869,2.177258639999969,1.7418066399999754,1.7418066399999754,5.225419919999927,1330.1774366399995,-0.9543846000000016,0.3177463999999986,0.0059475600000004,3.954212080000028,2.676973319999996,1.1094779200000024,13.625152120000031,1.1019696400001855,7.976568839999844,100.0,40.50882976,90.6994433600008,105.49650208000088,75.43273180000062,56.84785568000048,213.17946004000177,1726.012040679997,-0.99899052,-0.0237931600000001,0.0061971599999998,0.3323928799999996,1.957529239999999,4.9353273600000005,11.0,-16.0,27.48301988,100.0,33.26374816,107.94535032000046,58.0439234400002,51.69798876000018,61.66278220000021,164.54178028000058,1263.2592418799973,288,X1.4811 Y1.4982 Z0.0199
16:31:29.439,5,292,1.50312,1.4774,0.01888,85.74038,54.4112,-25.51295,,185.42,0,0,,2,1,"{""sr"":{""mpox"":85.74038,""mpoy"":54.4112,""mpoz"":-25.51295,""mpoa"":0,""posx"":1.50312,""posy"":1.4774,""posz"":0.01888,""posa"":0,""unit"":0,""stat"":5,""coor"":2,""momo"":1,""dist"":0,""home"":1,""mots"":1,""plan"":0,""line"":292,""path"":2,""frmo"":2,""prbe"":1,""safe"":0,""estp"":0,""spc"":1,""hold"":0,""macs"":5,""cycs"":1,""sps"":12000,""feed"":185.42,""mark"":2030957660}}",5.4390113487094585,0.2017276904725182,0.2022479754623549,0.2074211463608525,5.4390113487094585,0.2017276904725182,0.2022479754623549,0.2074211463608525,-0.9924839000000004,0.0365004200000001,0.0026622599999995,-1.4299963999999938,-0.966984380000002,0.9165031,-31.13930741999997,36.991750880000005,-39.85244346000004,100.0,33.90860686,138.09579808000544,97.17852486000383,91.2114225000036,95.47363794000375,288.12580160001136,1214.0910763999943,-1.01056018,-0.0757497400000001,0.0322886400000002,5.438387420000006,1.666508999999986,2.08629174,-3.0,16.0,-93.77239310000002,100.0,32.3070863,47.28232239999547,29.3648105599972,34.093042439996744,17.17094885999836,72.91431747999304,1374.3602170599977,-1.0161915399999994,-0.0446485800000005,0.0186263999999999,-5.151013899999974,-8.172621580000012,0.2210206399999897,-13.022432759999994,38.0,66.74814634000002,100.0,32.63406552,51.37807353999524,1.2592665799998837,1.007412919999907,1.007412919999907,2.770385959999743,1397.3983843000003,-1.0036555599999994,0.1405179399999998,-0.0186296000000001,2.819443580000002,1.7144615399999987,4.086269160000001,-6.632593580000012,31.0,36.45694089999997,100.0,33.0141219,137.81580398000273,3.1629660400000623,3.1629660400000623,2.5303734600000496,7.591119380000149,1016.0153724799984,-0.9369477799999996,0.0861781800000022,-0.0282080800000006,1.3875389799999864,-0.1182840800000368,1.4048791200000077,13.65768996000002,-5.696931739999983,26.43500210000024,100.0,40.49,73.51798553999838,78.39210625999827,56.05238679999877,42.24237791999907,158.40891923999652,1596.847343500004,-1.00123502,-0.0156363400000001,-0.00964036,0.2759586599999988,2.108731080000002,4.85484444,10.538437920000003,-15.538437920000003,27.47609256000002,100.0,33.279376580000005,102.92827377999916,51.69491749999958,45.69461431999963,54.92585005999956,146.31507955999882,1283.9465792000026,292,X1.5058 Y1.4754 Z0.0188
16:31:29.697,5,296,1.53061,1.46227,0.0178,86.43859,54.02693,-25.54045,,185.42,0,0,,2,1,"{""sr"":{""mpox"":86.43859,""mpoy"":54.02693,""mpoz"":-25.54045,""mpoa"":0,""posx"":1.53061,""posy"":1.46227,""posz"":0.0178,""posa"":0,""unit"":0,""stat"":5,""coor"":2,""momo"":1,""dist"":0,""home"":1,""mots"":1,""plan"":0,""line"":296,""path"":2,""frmo"":2,""prbe"":1,""safe"":0,""estp"":0,""spc"":1,""hold"":0,""macs"":5,""cycs"":1,""sps"":12000,""feed"":185.42,""mark"":2030957660}}",5.129696060076922,0.1851862795341231,0.1955330451975166,0.2076477915743773,5.129696060076922,0.1851862795341231,0.1955330451975166,0.2076477915743773,-0.99390318,0.0459016599999999,-0.0031199000000001,-1.8310103,-0.9755712999999986,0.9145269399999986,-32.00016882,36.00016882,-40.95165013999996,100.0,33.92023778,4.138479120004126,2.727090160002719,2.5357156000025287,2.655325060002648,8.01381762000799,1227.95524654,-1.0034944,-0.07663038,0.02070916,5.348163139999996,1.7991018200000004,2.133938599999998,-3.153391559999996,16.01689668000002,-94.82971175999998,100.0,32.30676364000001,144.3698213599971,96.24654789999806,112.84078023999774,56.42039011999887,239.7866584999952,1159.5333309599978,-0.96656194,-0.02974756,0.0151492599999996,-5.298008899999995,-7.877461620000007,0.5687289199999973,-13.826667999999984,38.0,66.98325239999998,100.0,32.618433960000004,172.77360195999657,4.133340039999919,3.3066720399999343,3.3066720399999343,9.09334711999982,1203.2845678200026,-1.0198126199999995,0.1399229199999997,-0.01338064,2.787298980000002,1.6685645800000015,3.989226940000004,-6.676497239999991,30.986374219999984,37.30987697999999,100.0,33.01676498,69.90391064000194,1.617514780000044,1.2940120200000351,1.2940120200000351,3.8684112800000894,1025.8785974399984,-1.054666619999998,0.1701543000000002,0.0871364399999983,4.962518119999942,-0.2064632600000013,1.2827737600000009,12.524833059999988,5.628037599999994,10.702417360000204,100.0,40.49,102.37006907999894,121.21118551999876,86.04110111999911,65.31587185999932,244.30648385999748,1538.0199119599988,-1.0019629200000002,-0.0114168799999999,-0.0122433799999995,0.5134057399999977,2.061383859999999,4.916566,11.0,-15.438652899999989,25.55026372,100.0,33.28988916,109.50240151999948,61.07922905999971,54.47606841999974,65.4813358199997,173.8832099199992,1090.935218899999,296,X1.5358 Y1.4603 Z0.0176
16:31:29.952,5,300,1.56088,1.45466,0.01668,87.20748,53.8336,-25.56876,,185.42,0,0,,2,1,"{""sr"":{""mpox"":87.20748,""mpoy"":53.8336,""mpoz"":-25.56876,""mpoa"":0,""posx"":1.56088,""posy"":1.45466,""posz"":0.01668,""posa"":0,""unit"":0,""stat"":5,""coor"":2,""momo"":1,""dist"":0,""home"":1,""mots"":1,""plan"":0,""line"":300,""path"":2,""frmo"":2,""prbe"":1,""safe"":0,""estp"":0,""spc"":1,""hold"":0,""macs"":5,""cycs"":1,""sps"":12000,""feed"":185.42,""mark"":2030957660}}",5.236996313251269,0.2043340295082218,0.2086072578094899,0.2023527130483018,5.236996313251269,0.2043340295082218,0.2086072578094899,0.2023527130483018,-0.98502756,0.03002972,0.0119379199999999,-1.6775661199999992,-1.0142397199999995,0.9612029199999996,-4.109846080000089,4.752009800000104,-5.137307880000112,100.0,33.91128448,146.42330691999953,99.35814655999968,92.38613431999973,96.74344463999968,291.10347959999905,1317.0390009599992,-1.02692416,-0.07198388,0.03363952,5.0425672000000015,1.9858663199999995,1.8828197200000003,-2.694856319999993,14.372567199999962,-85.20102647999977,100.0,32.313883440000005,41.06875032000037,27.483710000000222,32.10372700000027,15.932960680000132,68.14843156000056,1620.49243516,-0.98651872,-0.0301830399999999,0.0154701599999999,-5.330329160000001,-8.01493424,0.4897939600000005,-14.0,37.89871508,67.13722544000001,100.0,32.62660236,49.4729172000004,1.1925515600000098,0.9540412000000078,0.9540412000000078,2.6236134800000213,1789.5417404,-1.0304517599999998,0.12660084,-0.00249456,2.91760272,1.78710368,3.90384124,-6.0,30.64244824,38.0,100.0,33.01560824,136.5196971199998,3.189712559999995,2.551769799999996,2.551769799999996,7.017367759999988,1540.0887139600002,-1.0473064000000003,0.1201317200000001,0.02034516,0.9670740799999952,2.013441960000004,1.17501572,9.386480000000004,20.855948839999996,9.8825502,100.0,40.46643896,64.83271408000012,76.76511560000014,54.4912993200001,41.36565780000008,154.7234712000003,1501.4137958400013,-0.99919872,-0.0081946399999999,0.00215024,0.3220215200000002,1.7951042400000004,4.99397024,10.5401436,-15.0,25.93374824,100.0,33.286063760000005,85.13964580000005,51.044035920000034,45.52576212000003,54.26302960000003,145.31455396000007,1203.53518388,300,X1.5688 Y1.454 Z0.0164
16:31:30.210,5,303,1.59208,1.45515,0.01557,87.99996,53.84601,-25.59706,,185.42,0,0,,2,1,"{""sr"":{""mpox"":87.99996,""mpoy"":53.84601,""mpoz"":-25.59706,""mpoa"":0,""posx"":1.59208,""posy"":1.45515,""posz"":0.01557,""posa"":0,""unit"":0,""stat"":5,""coor"":2,""momo"":1,""dist"":0,""home"":1,""mots"":1,""plan"":0,""line"":303,""path"":2,""frmo"":2,""prbe"":1,""safe"":0,""estp"":0,""spc"":1,""hold"":0,""macs"":5,""cycs"":1,""sps"":12000,""feed"":185.42,""mark"":2030957660}}",5.251878485960857,0.1989527458499651,0.1773781613825546,0.1908626326354679,5.251878485960857,0.1989527458499651,0.1773781613825546,0.1908626326354679,-0.9873804400000006,0.03129268,0.0194721600000019,-1.7531899999999967,-0.9057595200000098,0.8810504799999933,-32.28047784000005,37.71461991999995,-38.71952215999995,100.0,33.93002464,45.43737580000863,31.69397200000602,29.4501506000056,30.852538920005863,93.39905056001776,1564.8025102799927,-1.0066730399999992,-0.0794151999999999,0.0511495999999972,5.468162439999988,1.574945520000004,1.9850071199999944,-3.346678960000037,16.0,-94.89096824,100.0,32.30544276,109.75796623999368,75.13194175999567,88.19836615999492,43.11920115999752,186.8498718399892,1917.1821890799877,-1.0264286799999998,-0.0327629999999999,0.0226777199999995,-5.263717120000006,-8.090492039999985,0.3834334000000095,-12.158086680000077,32.75417368000032,59.07622724000053,100.0,32.61585532,136.47132643999225,3.249317599999816,2.599454279999853,2.599454279999853,7.148497799999595,2018.4047826399865,-1.0140149600000006,0.1259262399999998,-0.00623584,2.850146639999997,1.8172436399999927,3.957427320000002,-6.230309279999983,31.0,37.19122320000004,100.0,33.0242154,92.1633971200042,2.107660400000098,1.6861289200000784,1.6861289200000784,4.636853280000215,1614.7772367599796,-0.9129300000000004,0.3365409200000014,-0.044559760000001,-0.1693712399998789,0.3408165599999833,1.109773000000002,11.763761359999762,13.027659360000168,19.08971671999952,100.0,40.46734896,91.0003201599977,107.74884475999728,77.04321527999805,58.06155395999853,217.1725422399945,2774.4360993999862,-1.00177,-0.0077960400000002,0.0043131200000007,0.5557470000000025,1.795919799999992,4.895960119999995,10.0,-15.522113199999994,25.632714200000034,100.0,33.29676936,97.63521127999894,57.95459051999937,51.689229199999446,62.13149787999933,165.50995699999822,1438.9791710799884,303,X1.594 Y1.4554 Z0.0155
16:31:30.468,5,307,1.62214,1.4636,0.01445,88.76349,54.06075,-25.62536,,185.42,0,0,,2,1,"{""sr"":{""mpox"":88.76349,""mpoy"":54.06075,""mpoz"":-25.62536,""mpoa"":0,""posx"":1.62214,""posy"":1.4636,""posz"":0.01445,""posa"":0,""unit"":0,""stat"":5,""coor"":2,""momo"":1,""dist"":0,""home"":1,""mots"":1,""plan"":0,""line"":307,""path"":2,""frmo"":2,""prbe"":1,""safe"":0,""estp"":0,""spc"":1,""hold"":0,""macs"":5,""cycs"":1,""sps"":12000,""feed"":185.42,""mark"":2030957660}}",5.27582973160862,0.2117462992100633,0.2174067370197019,0.2086072578094899,5.27582973160862,0.2117462992100633,0.2174067370197019,0.2086072578094899,-0.9891022400000002,0.0377496800000004,-0.0288561199999991,-1.76932944,-1.0173535199999937,0.9565871999999938,-32.0,36.556306799999966,-38.559971119999965,100.0,33.94440044,82.95266559999504,63.27672687999621,58.79695859999647,61.59681407999631,186.4703540399888,1289.3823197600022,-1.00985332,-0.07011628,0.0196180399999997,5.482627400000004,1.8100532000000011,2.082086480000005,-4.0,16.0,-94.71379059999995,100.0,32.318283040000004,74.55258092000369,52.65911744000272,61.81722472000319,30.22175448000156,130.0451240800067,1416.2373881599924,-0.9905828000000004,-0.0360260399999996,0.0039305600000004,-5.368073520000012,-8.241255840000004,0.3940026800000014,-13.540936839999976,37.63008715999997,67.0,100.0,32.62089152,95.1152546800048,2.295316800000116,1.836253080000093,1.836253080000093,5.049696200000256,1620.6989372799817,-1.0062476400000002,0.1219519200000004,-0.0114798799999998,2.808687399999999,1.7748802000000037,3.9243484400000015,-6.0,31.0,37.77920780000004,100.0,33.01919972,113.18427791999729,2.6079330399999376,2.08634627999995,2.08634627999995,5.737451839999863,1368.5860332399905,-0.9430870400000004,0.4648026399999881,-0.0114319999999991,2.2085479199999534,1.4810813599999806,1.0558806400000056,10.350733800000055,3.9477990399998326,5.715818920000182,100.0,40.45413616,79.84506164000146,93.72061220000174,67.01266560000124,50.50229884000094,189.3836203200035,1795.8989890799894,-1.0057938,-0.01070852,0.0068518399999994,0.6258291200000023,1.7708101599999997,4.911725280000002,10.0,-15.0,26.506642679999995,100.0,33.3,107.82697371999971,54.762650600000384,48.84236396000034,58.709508280000406,156.6363304800011,1224.289836479993,307,X1.6261 Y1.4653 Z0.0143
16:31:30.726,5,311,1.64902,1.47936,0.01334,89.44625,54.46098,-25.65366,,185.42,0,0,,2,1,"{""sr"":{""mpox"":89.44625,""mpoy"":54.46098,""mpoz"":-25.65366,""mpoa"":0,""posx"":1.64902,""posy"":1.47936,""posz"":0.01334,""posa"":0,""unit"":0,""stat"":5,""coor"":2,""momo"":1,""dist"":0,""home"":1,""mots"":1,""plan"":0,""line"":311,""path"":2,""frmo"":2,""prbe"":1,""safe"":0,""estp"":0,""spc"":1,""hold"":0,""macs"":5,""cycs"":1,""sps"":12000,""feed"":185.42,""mark"":2030957660}}",5.214205090459458,0.1778989273176274,0.1867045948547728,0.1960250602393463,5.214205090459458,0.1778989273176274,0.1867045948547728,0.1960250602393463,-0.991187,0.0501389999999998,-0.0159094000000002,-1.5748871999999985,-0.8419719999999983,0.9520814000000009,-31.403284599999985,36.40328459999999,-40.19343120000003,100.0,33.9380144,96.66790280000224,67.42884560000158,62.65512220000148,65.63869960000154,198.70624420000465,1863.5274717999955,-1.0150848,-0.0788690000000001,0.0048214000000003,5.595122200000005,1.6335553999999963,2.009330599999999,-3.5695324000000097,16.43046759999999,-95.4929856,100.0,32.29986,61.98735619999859,49.50379159999887,58.113146599998686,28.41087159999935,123.1137777999972,1748.2397625999972,-1.0101384000000002,-0.0326164,0.0302158,-5.517864599999999,-8.183442000000001,0.4142221999999975,-13.9361816,37.56832120000001,67.43167879999999,100.0,32.62,89.789135599998,2.158392799999952,1.7267139999999612,1.7267139999999612,4.748464199999893,1945.4251359999964,-0.9906094000000002,0.1258843999999999,-0.0147289999999999,2.8560976,1.6600330000000003,4.079642200000003,-6.0,30.535344600000005,36.6619186,100.0,33.0233806,116.86078600000114,2.676724000000026,2.141378800000021,2.141378800000021,5.888792400000057,1622.0352479999935,-0.8958601999999989,0.319355000000004,-0.0450474000000003,0.5191469999999936,-0.1205233999999926,1.1835033999999989,8.217285399999986,10.28107099999993,-8.793774999999986,100.0,40.4461936,77.53498339999938,91.24543799999928,65.24285199999947,49.1685259999996,183.9091987999985,2289.4581037999965,-0.9996,-0.0230713999999999,-0.0001292000000004,0.4358856000000023,1.5591426000000004,4.942491600000001,10.177797199999992,-15.0,26.0,100.0,33.31,56.01231699999983,55.02964479999983,48.64227559999985,58.46899819999982,156.24488499999953,1645.9140373999971,311,X1.6543 Y1.4836 Z0.0131
16:31:30.983,5,314,1.6712,1.50163,0.01222,90.00954,55.02661,-25.68219,,185.42,0,0,,2,1,"{""sr"":{""mpox"":90.00954,""mpoy"":55.02661,""mpoz"":-25.68219,""mpoa"":0,""posx"":1.6712,""posy"":1.50163,""posz"":0.01222,""posa"":0,""unit"":0,""stat"":5,""coor"":2,""momo"":1,""dist"":0,""home"":1,""mots"":1,""plan"":0,""line"":314,""path"":2,""frmo"":2,""prbe"":1,""safe"":0,""estp"":0,""spc"":1,""hold"":0,""macs"":5,""cycs"":1,""sps"":12000,""feed"":185.42,""mark"":2030957660}}",5.079885331160557,0.202301331789053,0.1989850784867514,0.2083213720978584,5.079885331160557,0.202301331789053,0.1989850784867514,0.2083213720978584,-0.9922695,0.0429894599999998,-0.0232976600000024,-1.9384434399999928,-0.9017943399999924,0.8996511000000026,-31.99406002,36.25774839999996,-38.51549705999992,100.0,33.94263658,44.42082051999314,29.796819939995416,27.950999279995703,29.01169377999555,88.07201565998646,1471.3617052400066,-1.0041444800000003,-0.07950788,0.0497805399999992,5.416662100000001,1.7221792800000046,2.0342365599999983,-3.9598471600000074,16.331747739999972,-94.0,100.0,32.29708426,110.3419386400047,77.47711694000333,90.21406320000386,44.77290560000192,191.74826346000825,1585.1031549799904,-1.0110020400000004,-0.0350382200000004,0.0126919600000002,-4.895639639999998,-8.106711719999984,0.3629239400000055,-14.041441139999993,37.04144113999999,67.0,100.0,32.623362900000004,138.79025906000587,3.3183583600001403,2.6546864800001124,2.6546864800001124,7.300388080000308,1640.2266168999915,-0.9904607399999996,0.10592526,-0.0136161800000002,2.935949560000006,1.7846690799999974,3.962395540000004,-6.0,31.0,37.91716946000001,100.0,33.02,90.14164079999674,2.067468679999925,1.6539750399999402,1.6539750399999402,4.548431479999835,1583.2369982599994,-1.0562881400000028,0.1042717799999963,0.0196465800000011,4.236682539999976,0.1312324399999364,1.1729553000000066,8.689143559999883,0.6765335400001096,-0.0618926000005412,100.0,40.44,91.52698034000171,108.58819062000212,77.64336950000151,58.51384314000114,218.76917582000428,1727.1808355199826,-1.0104211200000002,-0.0152829599999996,-0.0246404799999998,0.588724239999997,1.633796759999996,4.822,10.0,-15.473110219999995,25.0,100.0,33.31115934,102.54383622000049,59.0116357600005,52.68896036000045,63.22675278000054,169.01562018000146,1179.9323792399937,314,X1.6715 Y1.502 Z0.0122
16:31:31.239,5,318,1.68667,1.52873,0.0111,90.40251,55.71487,-25.71049,,185.42,0,0,,2,1,"{""sr"":{""mpox"":90.40251,""mpoy"":55.71487,""mpoz"":-25.71049,""mpoa"":0,""posx"":1.68667,""posy"":1.52873,""posz"":0.0111,""posa"":0,""unit"":0,""stat"":5,""coor"":2,""momo"":1,""dist"":0,""home"":1,""mots"":1,""plan"":0,""line"":318,""path"":2,""frmo"":2,""prbe"":1,""safe"":0,""estp"":0,""spc"":1,""hold"":0,""macs"":5,""cycs"":1,""sps"":12000,""feed"":185.42,""mark"":2030957660}}",5.262042328424871,0.2082385610214125,0.214763277286668,0.2109809915033103,5.262042328424871,0.2082385610214125,0.214763277286668,0.2109809915033103,-0.9873388,0.0371786800000002,-0.00862336,-1.5954988399999972,-0.9594046400000054,0.91553388,-32.85315738000004,37.0,-39.12428825999995,100.00075164,33.9485319,148.44939864000756,96.40679352000492,91.28784866000468,94.7004787600048,286.6609084200146,1065.5526107799942,-1.0019002,-0.0727708999999999,0.0294644199999997,5.4228492200000105,1.8236105999999996,1.984801839999996,-3.750062080000031,16.0,-95.20700649999998,100.0,32.30521354,25.99354595999682,29.24273875999642,33.99155963999584,16.99578017999792,72.48200209999115,1045.7189532199973,-0.97604452,-0.03128622,-0.0061570000000001,-5.06670687999998,-8.250535680000013,0.3529644199999941,-14.0,37.977730480000005,67.0,100.0,32.60321446,53.4822168599937,1.2733861199998495,1.01870923999988,1.01870923999988,2.80144925999967,1514.3346343800192,-1.0041519799999998,0.1118572200000004,-0.0164930600000001,2.943407720000003,1.6731637999999982,4.061100880000003,-6.0,31.0,37.21980456000004,100.0,33.02,137.1691803400035,3.16161340000008,2.529290320000064,2.529290320000064,6.955549740000176,1051.0221786400043,-0.9551900399999996,0.3247636400000013,0.0018198000000014,4.323953439999904,2.482072740000032,1.156709479999993,9.86622032000009,-12.484586920000162,10.18999202000042,100.0,40.45406136,68.23142465999805,78.38491025999777,56.04724179999841,42.2385012399988,158.3943783599955,1644.0278590600149,-1.0043203400000005,-0.0101030999999996,-0.0002590599999995,0.4356241199999994,1.5908253599999989,4.917778799999995,10.0,-15.06271047999998,26.476619740000025,100.0,33.32397962,97.661933619999,52.05565305999947,46.06695019999953,55.74100915999944,148.3355793399985,1042.311698360004,318,X1.6878 Y1.5314 Z0.011
16:31:31.498,5,322,1.69477,1.55878,0.00999,90.60832,56.47833,-25.73879,,185.42,0,0,,2,1,"{""sr"":{""mpox"":90.60832,""mpoy"":56.47833,""mpoz"":-25.73879,""mpoa"":0,""posx"":1.69477,""posy"":1.55878,""posz"":0.00999,""posa"":0,""unit"":0,""stat"":5,""coor"":2,""momo"":1,""dist"":0,""home"":1,""mots"":1,""plan"":0,""line"":322,""path"":2,""frmo"":2,""prbe"":1,""safe"":0,""estp"":0,""spc"":1,""hold"":0,""macs"":5,""cycs"":1,""sps"":12000,""feed"":185.42,""mark"":2030957660}}",5.19206428675176,0.1961675876236534,0.1916701334663096,0.2050464706757975,5.19206428675176,0.1961675876236534,0.1916701334663096,0.2050464706757975,-0.99408836,0.0401828400000001,-0.0088120399999998,-1.9418681999999885,-0.9187652000000028,1.0380120000000002,-32.0,37.0,-39.0,100.00455248,33.95999804,7.4659204800078385,5.189725280005448,4.916582040005161,5.098677840005353,15.387080000016152,1684.613313039988,-1.01102404,-0.074886,0.0139296000000003,5.033358200000011,1.9300640000000064,1.995957760000001,-3.033822880000041,16.818292959999965,-95.78447007999992,100.0,32.3163658,102.28667015999582,97.37691047999604,112.10619047999542,57.28053515999766,239.7599559199902,1704.6023348400047,-1.0258469999999988,-0.034116,0.0260514400000005,-5.609784400000005,-7.975271159999998,0.7112711599999985,-13.96623415999996,36.186791760000034,66.88073992000005,100.0,32.61966236,169.14735627999312,4.066042119999834,3.252833919999868,3.252833919999868,8.945292519999636,1840.8945516800115,-0.9925879199999996,0.1234367999999999,-0.0141061999999999,2.8749622399999994,1.7721496399999987,3.846662920000002,-5.972738839999967,30.696587200000018,37.69658720000002,100.0,33.00634076,72.05976436000381,1.6533716800000882,1.322697720000071,1.322697720000071,3.637418240000194,1307.5282154800077,-0.9281988399999986,0.3017863600000079,-0.0238145200000012,-0.7037360400000026,1.1643291599999497,1.326680400000002,9.728937319999996,-2.8339708800001597,-3.798056399999599,100.0,40.46351744,100.9006663599979,120.2088184399975,85.9524191999982,65.39857983999863,242.28616731999497,2060.280525920033,-1.0023558,-0.0130722400000003,0.0009599199999994,0.502403760000002,1.8020719199999984,4.843726200000001,10.42988415999998,-15.0,25.452053960000004,100.0,33.32547944,113.97285119999891,62.46588991999941,55.34258647999948,66.30151419999937,178.08257927999833,1340.6489259600078,322,X1.6954 Y1.564 Z0.0098
16:31:31.755,5,326,1.69495,1.59015,0.00887,90.61289,57.27502,-25.76731,,185.42,0,0,,2,1,"{""sr"":{""mpox"":90.61289,""mpoy"":57.27502,""mpoz"":-25.76731,""mpoa"":0,""posx"":1.69495,""posy"":1.59015,""posz"":0.00887,""posa"":0,""unit"":0,""stat"":5,""coor"":2,""momo"":1,""dist"":0,""home"":1,""mots"":1,""plan"":0,""line"":326,""path"":2,""frmo"":2,""prbe"":1,""safe"":0,""estp"":0,""spc"":1,""hold"":0,""macs"":5,""cycs"":1,""sps"":12000,""feed"":185.42,""mark"":2030957660}}",5.401518996495873,0.2097673122498022,0.2055705636505705,0.2095671943580914,5.401518996495873,0.2097673122498022,0.2055705636505705,0.2095671943580914,-0.98280638,0.0452347999999999,-0.0205547199999999,-1.7318729400000004,-0.97686464,0.8311720599999995,-31.81288798,36.81215177999999,-39.188584420000005,100.0,33.95812866,134.1199221199993,92.66925041999951,88.60481005999954,91.04347445999952,276.38271213999855,1529.0935131399992,-1.00565196,-0.0863272799999999,0.02785938,5.39792088,1.7529604399999998,2.03319074,-3.1267236199999995,16.873276380000004,-94.97410972,100.0,32.30568084,35.55354836000039,33.67312878000036,38.54859188000041,19.832971480000207,83.11588822000088,1866.4494375599984,-0.9573416600000004,0.0277017799999999,0.0116998199999999,-5.215800280000001,-8.256026959999998,0.4534932600000004,-13.86951258,36.282401660000005,66.17334106,100.0,32.61455742,59.02203480000061,1.4120101200000146,1.1296084600000118,1.1296084600000118,3.106422540000032,1852.1050512199984,-0.93175596,0.1792925399999999,-0.0210688799999999,2.71787668,1.62634938,3.980952460000001,-6.0,30.8774965,38.599938820000006,100.0,33.01122508,134.33473775999963,3.0810719799999924,2.464857819999993,2.464857819999993,6.778358299999983,1476.2261828800004,-0.97942108,0.1756116000000004,0.0048205199999999,0.8963058600000061,2.203318019999996,1.2287253,11.527094900000003,-2.003034959999972,16.034287819999953,100.0,40.48,68.33046500000019,79.79298988000022,57.05405534000016,43.41069438000012,161.23972076000044,1933.287451140003,-1.00324494,-0.01414698,-0.01440524,0.3478505400000001,2.02613578,4.84621726,10.099473400000004,-15.900526599999996,26.801053019999998,100.0,33.3253432,100.33062534,53.08611810000005,47.49810542000005,56.811459160000055,152.27333754000014,1185.0193059400003,326,X1.6938 Y1.5975 Z0.0086
16:31:32.012,5,329,1.68701,1.62035,0.00775,90.4113,58.04203,-25.79561,,185.42,0,0,,2,1,"{""sr"":{""mpox"":90.4113,""mpoy"":58.04203,""mpoz"":-25.79561,""mpoa"":0,""posx"":1.68701,""posy"":1.62035,""posz"":0.00775,""posa"":0,""unit"":0,""stat"":5,""coor"":2,""momo"":1,""dist"":0,""home"":1,""mots"":1,""plan"":0,""line"":329,""path"":2,""frmo"":2,""prbe"":1,""safe"":0,""estp"":0,""spc"":1,""hold"":0,""macs"":5,""cycs"":1,""sps"":12000,""feed"":185.42,""mark"":2030957660}}",5.172711718601774,0.1935945767358434,0.202393569769826,0.1932680345640431,5.172711718601774,0.1935945767358434,0.202393569769826,0.1932680345640431,-0.98935184,0.0365055999999994,-0.006,-1.852452039999996,-0.8111179200000076,0.8958014399999981,-31.32416364000003,36.32416364000003,-40.67419475999996,100.03241616,33.95324148,52.24854980000501,36.76749836000352,35.4774105200034,36.44497632000349,110.30249440001056,1356.988782319994,-1.01588948,-0.07206608,0.0170759200000002,5.397607040000003,1.838786279999993,2.0038979199999982,-3.0,16.0,-95.0,100.0,32.2972944,54.9521739199981,76.18369519999736,86.799456519997,45.58532631999842,188.58586879999348,1478.199963999991,-0.9778668799999998,-0.03181036,0.0042723599999997,-5.153549319999988,-8.25663351999999,0.4039432799999987,-13.730131199999974,36.62202683999998,66.21620872,100.0,32.62622024,130.00365755999553,3.110135519999893,2.488108679999914,2.488108679999914,6.842297879999765,1620.060462959984,-1.0061369599999994,0.1210221600000001,-0.0106947600000002,2.90891692,1.6347039600000006,3.877185440000003,-5.781570879999978,31.0,37.21797263999999,100.0,33.01436372,95.13565312000247,2.1820104800000566,1.7456087200000454,1.7456087200000454,4.800422720000125,1140.4021211999986,-0.920132480000002,0.4283712799999992,-0.0243991599999989,3.909144640000057,0.3619921600000454,1.278487119999996,13.692112439999944,-1.209702040000164,13.729724360000292,100.0,40.46798176,97.52195047999854,105.74009227999842,75.60690523999887,57.52699327999913,213.6716884799968,1791.587295279991,-1.00180048,-0.0157988799999999,-0.00515384,0.3394956800000027,2.1215305599999925,4.880848640000001,10.823256319999984,-15.176743680000016,26.176743680000016,100.0,33.33,104.04519507999936,59.52834591999963,52.79905455999968,63.66944795999961,170.30283235999894,1173.2978261199978,329,X1.6865 Y1.6217 Z0.0077
16:31:32.270,5,333,1.67154,1.64763,0.00663,90.01832,58.735,-25.82414,,185.42,0,0,,2,1,"{""sr"":{""mpox"":90.01832,""mpoy"":58.735,""mpoz"":-25.82414,""mpoa"":0,""posx"":1.67154,""posy"":1.64763,""posz"":0.00663,""posa"":0,""unit"":0,""stat"":5,""coor"":2,""momo"":1,""dist"":0,""home"":1,""mots"":1,""plan"":0,""line"":333,""path"":2,""frmo"":2,""prbe"":1,""safe"":0,""estp"":0,""spc"":1,""hold"":0,""macs"":5,""cycs"":1,""sps"":12000,""feed"":185.42,""mark"":2030957660}}",5.302689238288425,0.2019234912296969,0.2180455287444735,0.2169914065298785,5.302689238288425,0.2019234912296969,0.2180455287444735,0.2169914065298785,-0.98094164,0.0296544799999999,0.00736088,-1.4945540400000008,-0.9450793200000006,0.9748728800000014,-31.00385968,36.0,-40.51164647999999,100.05193664,33.95519368,79.95912459999828,59.20380335999872,57.64956651999875,58.69215687999874,178.14621363999618,2030.7154592399936,-1.00827844,-0.08727844,0.0260727999999999,5.299638240000003,1.831,1.95780844,-3.0,16.0,-95.92117164,100.0,32.29078832,58.348711240000966,60.524503960000985,67.79690320000111,35.87717292000059,148.2781281200024,1691.9377428800003,-0.9964386399999992,0.0135039600000007,0.0284391200000001,-5.401342519999999,-8.07450036,0.4582239599999995,-13.511866519999993,36.91709692,67.91709692,100.0,32.60381524,101.0436575600016,2.4406678800000385,1.952534400000031,1.952534400000031,5.369469720000086,2033.6073039999992,-1.0356175600000006,0.0834871999999996,-0.00898104,2.8781452800000014,1.668993919999998,4.069808319999999,-5.835305080000004,30.83530508,37.0,100.0,33.015069,110.50361195999908,2.534486279999979,2.0275895199999834,2.0275895199999834,5.5758707999999535,1660.9711266400009,-0.9219572799999994,0.5291839600000015,-0.0159613999999999,2.070583320000039,0.3037315999999894,0.9310971599999996,11.48791536000001,13.359748240000007,5.871905599999949,100.0,40.46,85.43482732000047,96.21855560000058,68.94009884000042,52.07705308000032,194.0370818000012,2377.149500560009,-1.00982872,-0.0132636799999998,-0.0123737599999998,0.3299161599999978,2.178694079999999,4.884905280000001,10.766700440000005,-15.735465759999991,25.4978338,100.0,33.31497852,91.5555362800003,57.748726640000136,51.27688672000012,61.73139708000014,164.5497047600004,1372.1275748399996,333,X1.6694 Y1.6505 Z0.0065
16:31:32.527,5,337,1.64979,1.66996,0.00561,89.46569,59.30215,-25.8499,,185.42,0,0,,2,1,"{""sr"":{""mpox"":89.46569,""mpoy"":59.30215,""mpoz"":-25.8499,""mpoa"":0,""posx"":1.64979,""posy"":1.66996,""posz"":0.00561,""posa"":0,""unit"":0,""stat"":5,""coor"":2,""momo"":1,""dist"":0,""home"":1,""mots"":1,""plan"":0,""line"":337,""path"":2,""frmo"":2,""prbe"":1,""safe"":0,""estp"":0,""spc"":1,""hold"":0,""macs"":5,""cycs"":1,""sps"":12000,""feed"":185.42,""mark"":2030957660}}",5.231231102938742,0.1985282086663069,0.1920362999395264,0.2019057586964666,5.231231102938742,0.1985282086663069,0.1920362999395264,0.2019057586964666,-0.9873633200000004,0.0411905800000001,-0.0014562800000007,-1.5883330000000002,-1.0452184399999929,0.9008657199999952,-31.99453718,36.62173052000004,-39.378269479999965,100.0621729,33.95621748,99.2191483600061,69.63828462000427,68.40574860000422,70.25455270000433,212.61246182001307,1438.7192446399984,-1.0018367,-0.0788136399999997,0.03889028,5.238288180000001,1.8825758400000128,2.0329167599999947,-3.0,16.0,-94.58280520000002,100.0,32.30465752,54.23529909999655,52.566520139996655,58.40724513999629,31.706790079997983,128.9131334599918,1360.1227055199934,-0.9766260999999996,-0.0385067400000008,-0.0015853199999996,-5.200226500000012,-8.067223060000003,0.3520882799999971,-13.060470159999994,37.0,67.52332774000003,100.0,32.62309082,87.40250197999447,2.0810118799998683,1.664809779999895,1.664809779999895,4.578226239999711,1286.3553947599908,-1.01514834,0.1307254000000003,-0.0080457199999999,2.7874355,1.785335519999998,3.8854355,-5.0,30.54286416000001,38.0,100.0,33.00731418,117.498660740003,2.71432042000007,2.171456260000056,1.7485995200000302,5.971505000000155,1406.573744099995,-1.0380715599999997,0.4139391400000008,0.0276496399999994,0.2903820200000097,1.397979680000026,1.2495103799999994,13.008801699999944,5.878365179999904,27.36902266000009,100.0,40.47860768,75.24990119999835,91.141184899998,64.96730617999857,49.076022479998926,183.217151419996,1386.3001627200017,-1.0043071,-0.0097673599999997,0.0043301400000004,0.2661567600000017,1.918751259999992,4.863698100000003,11.489282259999996,-15.341789880000022,25.34178988000002,100.0,33.32341806,102.26001189999914,56.75675317999953,50.39608255999958,60.67101187999949,162.44174151999866,1201.240871199997,337,X1.645 Y1.6736 Z0.0054
16:31:32.785,5,341,1.62278,1.68599,0.00449,88.77967,59.70935,-25.87842,,185.42,0,0,,2,1,"{""sr"":{""mpox"":88.77967,""mpoy"":59.70935,""mpoz"":-25.87842,""mpoa"":0,""posx"":1.62278,""posy"":1.68599,""posz"":0.00449,""posa"":0,""unit"":0,""stat"":5,""coor"":2,""momo"":1,""dist"":0,""home"":1,""mots"":1,""plan"":0,""line"":341,""path"":2,""frmo"":2,""prbe"":1,""safe"":0,""estp"":0,""spc"":1,""hold"":0,""macs"":5,""cycs"":1,""sps"":12000,""feed"":185.42,""mark"":2030957660}}",5.248471080310258,0.2076578018581913,0.211373295928091,0.2108263896133933,5.248471080310258,0.2076578018581913,0.211373295928091,0.2108263896133933,-0.99644178,0.0493699600000002,-0.0080611800000003,-1.5615298400000024,-0.9344411399999932,0.793,-31.78186846000002,37.0,-39.21813153999998,100.0,33.9678187,32.87045119999735,25.347665559997942,25.129534019997973,25.57827609999792,77.6323113399937,1600.6806667600038,-1.00859258,-0.0738188,0.01682476,5.368898560000001,1.813638700000004,1.9874278200000008,-4.0,16.0,-94.93109908,100.0,32.303232699999995,70.11689110000117,89.09721356000163,98.1461496000018,53.59754282000099,217.140007620004,1738.9671198600006,-1.0144477799999998,-0.0165410999999998,0.0274559999999998,-5.083080019999996,-8.264811640000001,0.289906319999995,-13.343373379999983,37.0,67.03569741999999,100.0,32.62585214,144.73135436000263,3.4616188600000624,2.76929482000005,2.76929482000005,7.615560980000137,1816.3538406200043,-1.0183666800000002,0.1219680399999999,-0.0078944999999999,2.7354729199999994,1.594734819999999,3.9097922600000015,-5.468912819999988,30.601072700000007,38.13215988000002,100.0,33.00733192,86.96615259999854,1.9946364999999664,1.5957091999999733,1.5957091999999733,4.388200299999927,1774.5255903399998,-0.91909986,0.32408144,-0.0277315599999997,2.2108925799999133,2.138815399999982,1.041400099999998,13.678310500000029,4.705164720000038,12.52585699999989,100.0,40.48919568,94.09578728000083,111.77437924000095,79.67507048000068,60.18620466000052,224.1219616200019,2600.99733314,-1.0008488599999998,-0.0181306600000001,-0.0126537800000003,0.2928729399999976,1.8474956399999976,4.801625119999999,10.43239534000001,-15.56760465999999,26.334006940000016,100.0,33.32098384,108.28240632000016,62.10167226000024,55.20148586000021,66.34794018000025,176.75091290000066,1170.133032339999,341,X1.6152 Y1.689 Z0.0042
16:31:33.042,5,344,1.59283,1.69454,0.00338,88.01912,59.92655,-25.90672,,185.42,0,0,,2,1,"{""sr"":{""mpox"":88.01912,""mpoy"":59.92655,""mpoz"":-25.90672,""mpoa"":0,""posx"":1.59283,""posy"":1.69454,""posz"":0.00338,""posa"":0,""unit"":0,""stat"":5,""coor"":2,""momo"":1,""dist"":0,""home"":1,""mots"":1,""plan"":0,""line"":344,""path"":2,""frmo"":2,""prbe"":1,""safe"":0,""estp"":0,""spc"":1,""hold"":0,""macs"":5,""cycs"":1,""sps"":12000,""feed"":185.42,""mark"":2030957660}}",5.288654649172692,0.1976499429857384,0.1991113227315523,0.2029096967627273,5.288654649172692,0.1976499429857384,0.1991113227315523,0.2029096967627273,-0.9954797999999998,0.0414820799999998,-0.0027042399999999,-1.5090684399999938,-0.8622965200000031,0.8599355600000016,-32.0,36.920424159999975,-39.079575840000025,100.0079576,33.97912236,134.1045226799963,102.17487407999718,103.08714979999716,104.91170123999709,315.64737943999125,2279.544042280006,-1.00682864,-0.0679269200000001,0.0063159200000006,5.253471160000006,2.0214409199999945,1.9663900000000012,-3.012113920000004,16.012113920000004,-94.0,100.0,32.32,28.412661240002446,26.753527280002302,29.449619840002534,16.176551840001395,65.1209896000056,1607.3702836800046,-0.9773086,-0.0498619599999997,0.0003462799999999,-5.608865359999999,-8.071578160000001,0.5336549599999982,-12.798727679999988,37.78615663999998,66.78615663999997,100.0,32.612012279999995,44.69326268000365,1.069216640000087,0.8553733600000699,0.8553733600000699,2.352276640000192,2165.416404919996,-1.0173239999999997,0.1338243999999998,-0.0065642,2.8681730000000005,1.822477639999996,3.9443455999999992,-5.654157719999991,31.0,37.37138700000001,100.0,33.02,142.63191911999797,3.2707886799999533,2.616630959999963,2.616630959999963,7.195734159999897,1737.3555186,-0.9543193600000002,0.4852517199999999,-0.0017339199999997,2.305724359999956,1.849756479999983,1.18200944,10.088299120000029,10.327199679999971,6.436599679999806,100.0,40.49580336,64.38927832000111,76.09641956000131,54.24308936000094,40.97499576000071,152.1928400400026,1938.0561872800188,-0.997528,-0.01551232,0.0065008799999996,0.3040453600000017,2.000890639999996,4.909607559999998,10.035817920000012,-15.507821599999986,26.54363952,100.0,33.31,70.27951184000041,53.39417464000032,47.46148892000027,57.045058800000334,152.4243971200009,1415.4913969200095,344,X1.5907 Y1.6949 Z0.0033
16:31:33.299,5,348,1.56152,1.69511,0.00225,87.22374,59.94114,-25.93524,,185.42,0,0,,2,1,"{""sr"":{""mpox"":87.22374,""mpoy"":59.94114,""mpoz"":-25.93524,""mpoa"":0,""posx"":1.56152,""posy"":1.69511,""posz"":0.00225,""posa"":0,""unit"":0,""stat"":5,""coor"":2,""momo"":1,""dist"":0,""home"":1,""mots"":1,""plan"":0,""line"":348,""path"":2,""frmo"":2,""prbe"":1,""safe"":0,""estp"":0,""spc"":1,""hold"":0,""macs"":5,""cycs"":1,""sps"":12000,""feed"":185.42,""mark"":2030957660}}",5.1012527243149,0.2017479484916449,0.2011463848631917,0.2043922971149701,5.1012527243149,0.2017479484916449,0.2011463848631917,0.2043922971149701,-0.99379602,0.0408476999999999,-0.0113206599999999,-1.6686714200000003,-0.8664811200000002,0.7971414400000001,-32.0,36.99992116,-37.20342386,100.00000786,33.98,10.430259360000216,7.585642840000158,7.653371640000159,7.788830120000161,23.50194802000049,1810.1865655799988,-0.99983014,-0.07695658,0.02130916,5.473190439999999,1.9494047400000007,2.0166493199999995,-3.804544519999999,16.94932802,-94.24612752,100.0,32.3005067,117.46356283999988,105.39538875999988,114.24538293999986,63.55905123999992,254.2362048999997,2096.3895407999994,-1.03090964,-0.0375488999999999,0.02426022,-5.367999,-8.26141552,0.4665844799999997,-13.949557939999998,38.0,68.05044206,100.0,32.61949558,165.6515516999998,4.001245579999995,3.2009962399999963,3.2009962399999963,8.802739499999989,2178.27856702,-1.0239023399999998,0.12939966,-0.0049043399999999,2.94312288,1.7650090799999998,3.98594158,-6.0,31.0,37.70305306,100.0,33.010409079999995,74.5026728800001,1.6892830600000026,1.351426860000002,1.351426860000002,3.716422380000006,2118.90832204,-0.97885982,0.43996166,0.0428281999999999,4.75486106,1.7634003600000008,1.44532292,10.43494062,11.49174315999999,15.894278140000006,100.0,40.48387116,98.67759563999994,119.51634271999993,85.19370059999996,64.35495351999997,239.03268549999984,2646.5084914,-1.00732294,-0.00216524,-0.00139798,0.4507026999999999,1.95047006,4.8477184,10.45465078,-15.45465078,25.909302500000003,100.0,33.31545368,86.16513915999998,63.80583053999998,56.71629349999999,68.16862241999999,182.14655951999995,1319.48066864,348,X1.5572 Y1.6946 Z0.0021
16:31:33.556,5,352,1.53126,1.68766,0.00114,86.45513,59.7518,-25.96355,,185.42,0,0,,2,1,"{""sr"":{""mpox"":86.45513,""mpoy"":59.7518,""mpoz"":-25.96355,""mpoa"":0,""posx"":1.53126,""posy"":1.68766,""posz"":0.00114,""posa"":0,""unit"":0,""stat"":5,""coor"":2,""momo"":1,""dist"":0,""home"":1,""mots"":1,""plan"":0,""line"":352,""path"":2,""frmo"":2,""prbe"":1,""safe"":0,""estp"":0,""spc"":1,""hold"":0,""macs"":5,""cycs"":1,""sps"":12000,""feed"":185.42,""mark"":2030957660}}",5.308873162566279,0.2063314289482218,0.2110723669272611,0.207777913935489,5.308873162566279,0.2063314289482218,0.2110723669272611,0.207777913935489,-0.9898126000000002,0.0409225999999994,0.0043727999999997,-2.001101999999998,-0.9161918000000084,0.8664760000000017,-32.20324060000003,36.20426640000003,-39.0020514,100.0,33.97,121.8929463999957,89.23708299999684,90.03384239999681,91.62736179999676,276.47560599999025,1555.0543785999878,-1.0102375999999995,-0.0737851999999999,0.0395356,5.253581799999997,1.786053200000005,1.912385600000006,-3.70873599999998,16.0,-95.53959759999996,100.0,32.3146044,49.0734078000034,38.15559800000258,41.65076720000282,23.00986460000156,92.33072140000624,1416.9357409999957,-0.9668860000000008,-0.036835,0.0172503999999999,-5.175466600000003,-8.204084799999995,0.2189152000000057,-13.875424800000005,37.875424800000005,67.0,100.0,32.6270718,61.035320400004046,1.4642006000000976,1.171360400000078,1.171360400000078,3.2212416000002144,1679.7300937999962,-1.001113,0.1291589999999999,0.0003779999999999,2.8628658,1.6469200000000022,3.8709974000000016,-6.13616060000002,30.745575200000008,36.86383939999998,100.0,33.0127232,134.68065119999773,3.0470733999999484,2.4376587999999586,2.4376587999999586,6.703562199999887,1169.7409021999983,-0.9687323999999988,0.2923500000000013,0.0009293999999991,2.4392622000000896,1.353762599999978,1.1772432000000002,12.48041659999994,-4.3079045999999765,20.434646999999995,100.0,40.4787326,70.14106120000116,82.29640140000146,58.66256240000104,44.31344660000079,164.71954420000296,1354.468083000002,-1.005157,-0.0078680000000001,0.0114273999999991,0.3998042000000048,1.9084773999999949,4.883,10.643272000000014,-14.889166399999985,26.110833600000017,100.0,33.3164328,102.84960140000042,54.70469480000036,48.62639520000032,58.44518680000039,155.697977000001,1114.2148931999975,352,X1.5251 Y1.6851 Z0.0009
16:31:33.814,5,355,1.5037,1.67267,2e-05,85.75511,59.37116,-25.99207,,185.42,0,0,,2,1,"{""sr"":{""mpox"":85.75511,""mpoy"":59.37116,""mpoz"":-25.99207,""mpoa"":0,""posx"":1.5037,""posy"":1.67267,""posz"":0.00002,""posa"":0,""unit"":0,""stat"":5,""coor"":2,""momo"":1,""dist"":0,""home"":1,""mots"":1,""plan"":0,""line"":355,""path"":2,""frmo"":2,""prbe"":1,""safe"":0,""estp"":0,""spc"":1,""hold"":0,""macs"":5,""cycs"":1,""sps"":12000,""feed"":185.42,""mark"":2030957660}}",5.06318616178404,0.2002612296875066,0.2038193027459857,0.2084999044901305,5.06318616178404,0.2002612296875066,0.2038193027459857,0.2084999044901305,-0.98120004,0.03537664,0.0036463600000003,-1.752635359999995,-1.0151831999999994,0.8938865599999994,-32.0,36.63761835999999,-39.36528576000001,100.0,33.96365312,52.907730880001225,40.58675240000094,40.94913368000096,41.67389760000096,125.74645536000293,1673.1381839599997,-1.01378392,-0.07683516,0.04945296,5.420159800000001,1.8934375200000024,1.9843097200000013,-3.9014643200000014,17.0,-94.09853568,100.0,32.309014399999995,109.25980995999892,78.21330643999923,85.37788387999916,47.16680291999953,189.26425991999812,1616.26386564,-0.9942843599999996,-0.0288874,0.0296805999999999,-5.426712319999999,-8.086870079999999,0.4885212799999993,-13.103775359999998,37.89622464,66.69722236,100.0,32.61605556,122.2501699199988,2.967236999999971,2.373789999999977,2.373789999999977,6.527921999999937,1641.0440996799998,-1.0222027999999996,0.11266852,-0.00480772,2.8590733200000007,1.730063,3.95840356,-6.204361599999997,31.0,36.591277440000006,100.0,33.02,97.93038576000068,2.2517520400000155,1.8014013600000125,1.8014013600000125,4.953853760000034,1574.5753507600014,-0.9530070400000004,0.191298840000001,-0.0220903599999996,2.972292119999973,1.9624922800000035,1.287260119999999,10.907811960000029,1.6789076400000524,3.830668199999937,100.0,40.47228456,87.55673943999963,104.74579327999956,74.66495023999968,56.40158075999976,209.49158619999912,2149.5922144,-1.0034838,-0.0039501999999999,0.0116949200000002,0.3434850000000005,1.95132092,4.87081616,10.0,-15.0,25.80026732,100.0,33.32199728,122.78975779999978,60.11046719999989,52.9177613599999,63.70681979999989,170.0561077999997,1293.131712039998,355,X1.5033 Y1.6724 Z0.
16:31:34.071,5,359,1.48107,1.65104,-0.00111,85.1802,58.82173,-26.02058,,185.42,0,0,,2,1,"{""sr"":{""mpox"":85.1802,""mpoy"":58.82173,""mpoz"":-26.02058,""mpoa"":0,""posx"":1.48107,""posy"":1.65104,""posz"":-0.00111,""posa"":0,""unit"":0,""stat"":5,""coor"":2,""momo"":1,""dist"":0,""home"":1,""mots"":1,""plan"":0,""line"":359,""path"":2,""frmo"":2,""prbe"":1,""safe"":0,""estp"":0,""spc"":1,""hold"":0,""macs"":5,""cycs"":1,""sps"":12000,""feed"":185.42,""mark"":2030957660}}",5.325156205019257,0.2008926098780633,0.2191887447663504,0.2196066836183505,5.325156205019257,0.2008926098780633,0.2191887447663504,0.2196066836183505,-0.9895205,0.0400464999999999,-0.0180774999999995,-1.5267890000000042,-0.8244775000000107,1.0070260000000022,-31.50001650000004,36.49743600000004,-38.51282049999983,100.0,33.97,76.02055650000534,56.00183700000394,56.50185350000397,57.50188600000404,173.0056745000122,1484.7179784999944,-1.0079565,-0.0699349999999998,0.0068769999999986,5.476362500000006,1.78358600000001,1.9835919999999985,-3.0,16.0,-94.00301849999995,100.0,32.3142425,88.57195949999544,65.2734629999968,71.2143149999965,39.61923149999805,158.55418549999223,1860.0740594999795,-0.9976519999999997,-0.032446,0.008947,-5.387656499999985,-8.158617500000009,0.4329829999999938,-13.41907999999997,37.41907999999997,66.83816049999994,100.0,32.6191775,103.12173299999506,2.4932969999998797,1.994637499999904,1.994637499999904,5.485253499999735,2031.178846499976,-1.0144005,0.1332600000000002,-0.007498,2.8096324999999958,1.6688350000000003,3.995846000000005,-6.0,30.657745500000026,37.841904499999984,100.0,33.016577500000004,107.92441100000283,2.498250500000065,1.9986005000000524,1.9986005000000524,5.496151000000143,1676.017045999983,-1.0125179999999978,0.151633499999993,-0.0259759999999995,0.9737740000000744,2.497670999999999,1.1966195000000066,9.911272000000045,0.0674265000002481,10.525077999999734,100.0,40.47684,84.00539299999829,97.25448249999816,69.32498999999869,52.367798499999004,194.50896449999632,2158.805673999962,-1.0012925000000004,-0.0110825,0.0125169999999994,0.3864084999999957,1.8685925000000052,4.839157999999999,10.498969500000005,-15.0,25.776128499999984,100.0,33.327761499999994,96.75151599999758,58.343402999999576,51.606135999999616,62.12777549999953,165.34004749999875,1335.34043349999,359,X1.4794 Y1.649 Z-0.0012
16:31:34.329,5,363,1.46474,1.62452,-0.00222,84.76553,58.14805,-26.04889,,185.42,0,0,,2,1,"{""sr"":{""mpox"":84.76553,""mpoy"":58.14805,""mpoz"":-26.04889,""mpoa"":0,""posx"":1.46474,""posy"":1.62452,""posz"":-0.00222,""posa"":0,""unit"":0,""stat"":5,""coor"":2,""momo"":1,""dist"":0,""home"":1,""mots"":1,""plan"":0,""line"":363,""path"":2,""frmo"":2,""prbe"":1,""safe"":0,""estp"":0,""spc"":1,""hold"":0,""macs"":5,""cycs"":1,""sps"":12000,""feed"":185.42,""mark"":2030957660}}",5.06579251638732,0.1998924479445276,0.1971662683599906,0.2038568895015255,5.06579251638732,0.1998924479445276,0.1971662683599906,0.2038568895015255,-0.98768644,0.0346834,-0.0016833599999998,-1.5879651600000029,-0.8357991399999981,0.8354156799999981,-32.0,36.99370822,-38.35742385999998,100.0655162,33.97655192,100.23952108000236,73.37795056000174,73.37795056000174,74.68827062000176,226.0302929400053,1711.3834262799994,-1.00985678,-0.07705774,0.0243967200000001,5.30373652,1.84039488,2.0854760600000013,-3.5601974400000134,16.0,-93.61153642,100.0,32.33457528,61.76569827999826,50.50025611999858,55.16181807999845,30.30015359999915,122.36600581999656,1641.7960789400029,-1.0190066800000002,-0.02576688,0.02080716,-5.057998359999995,-8.149728880000005,0.4335958399999963,-13.052980159999995,38.05298016,66.49579825999997,100.0,32.62167316,81.08624581999776,1.9491887199999465,1.5593507799999569,1.5593507799999569,4.288215059999882,1921.394868780004,-1.0228762,0.1229759599999999,-0.00826396,2.813641499999997,1.709452440000001,4.022358500000002,-6.450046740000011,31.0,37.34271860000001,100.0,33.01450054,121.85035166000124,2.7868724000000284,2.229497860000023,2.229497860000023,6.131119360000063,1731.241492540007,-0.8540698999999993,0.4712529199999979,-0.0329001200000003,1.661286500000044,1.2080082000000048,1.1421500200000017,10.08280380000001,-9.249158960000036,20.956916520000064,100.0,40.47874846,72.45851929999935,89.4266535399992,63.74515287999943,48.15281377999957,178.8533070799984,2532.2552830200057,-1.0003537,-0.0193834,-0.0087283200000002,0.2469041399999992,1.9669615599999983,4.87601972,10.151582539999993,-15.63300963999999,25.4814271,100.0,33.33,103.02549373999965,55.8455949399998,49.10560919999983,59.21558763999978,157.90823281999943,1309.294742979998,363,X1.4627 Y1.6199 Z-0.0024
16:31:34.586,5,367,1.45573,1.59451,-0.00334,84.53663,57.38591,-26.07741,,185.42,0,0,,2,1,"{""sr"":{""mpox"":84.53663,""mpoy"":57.38591,""mpoz"":-26.07741,""mpoa"":0,""posx"":1.45573,""posy"":1.59451,""posz"":-0.00334,""posa"":0,""unit"":0,""stat"":5,""coor"":2,""momo"":1,""dist"":0,""home"":1,""mots"":1,""plan"":0,""line"":367,""path"":2,""frmo"":2,""prbe"":1,""safe"":0,""estp"":0,""spc"":1,""hold"":0,""macs"":5,""cycs"":1,""sps"":12000,""feed"":185.42,""mark"":2030957660}}",5.283680580767202,0.2112784915117045,0.2121211180873654,0.2112268185697978,5.283680580767202,0.2112784915117045,0.2121211180873654,0.2112268185697978,-0.9884151999999998,0.0402263999999997,0.0023779999999997,-1.5881615999999998,-0.8303384000000051,0.9162904,-32.80025619999997,36.20450300000003,-40.9904816,100.0199744,33.9699528,30.65162320000422,22.904312000003163,22.899553600003152,23.308558600003217,70.34420100000969,1390.5015758000052,-1.0062928000000002,-0.0765558,0.0435554000000001,5.3673138,1.7952541999999976,2.0337160000000014,-3.2930012000000195,16.969785999999996,-93.32321520000002,100.0,32.323838200000004,119.22906339999676,90.52610199999748,100.3938755999972,54.43893279999848,221.32094059999383,1509.7089262000002,-0.9685940000000004,-0.0358973999999994,-0.0099267999999998,-5.411598799999995,-8.043965200000008,0.4915997999999959,-13.29240380000002,38.0,68.31951899999994,100.0,32.6094098,143.83343479999607,3.5379823999999025,2.8303861999999222,2.8303861999999222,7.783561799999786,1615.8034586,-1.0122356000000003,0.1195962000000003,-0.0080143999999998,2.9290338,1.735439799999997,4.022537600000002,-7.0,30.608359799999988,36.06358620000001,100.0,33.013916200000004,85.76916120000226,1.958199800000052,1.5665602000000411,1.5665602000000411,4.699680000000124,1350.434749600002,-0.9770987999999988,0.2496199999999997,-0.0173104000000015,1.8719359999999985,1.4703635999999984,1.3730696000000011,10.478844800000054,-1.3202131999997797,4.420156599999689,100.0,40.4514766,93.09840939999891,113.27183959999851,80.74249039999896,60.992528999999216,227.12456059999707,1954.288048199994,-1.0069039999999998,-0.0129440000000002,-0.0034208000000004,0.5216735999999962,1.5994614000000038,4.877534799999999,10.0,-15.443748799999984,26.354153999999973,100.0,33.34,106.28919639999894,61.33450339999965,54.40103819999969,65.06790839999962,173.869984199999,1294.6996540000002,367,X1.4547 Y1.5874 Z-0.0036
16:31:34.844,5,370,1.45473,1.56316,-0.00447,84.51131,56.5895,-26.10593,,185.42,0,0,,2,1,"{""sr"":{""mpox"":84.51131,""mpoy"":56.5895,""mpoz"":-26.10593,""mpoa"":0,""posx"":1.45473,""posy"":1.56316,""posz"":-0.00447,""posa"":0,""unit"":0,""stat"":5,""coor"":2,""momo"":1,""dist"":0,""home"":1,""mots"":1,""plan"":0,""line"":370,""path"":2,""frmo"":2,""prbe"":1,""safe"":0,""estp"":0,""spc"":1,""hold"":0,""macs"":5,""cycs"":1,""sps"":12000,""feed"":185.42,""mark"":2030957660}}",5.254277179123298,0.1995880311464354,0.1998980877319701,0.2017694615181973,5.254277179123298,0.1995880311464354,0.1998980877319701,0.2017694615181973,-0.9938291599999998,0.0356271199999993,-0.0040356800000012,-1.87083995999998,-0.916,1.030537719999994,-32.0,36.048339320000046,-39.0,100.0,33.97,151.31397299999242,107.53760347999464,105.63428307999472,107.53760347999464,325.4677904799837,1527.4107556799934,-1.00425628,-0.1008896799999996,0.0363024799999986,5.249766920000001,2.04398119999998,2.0909487599999914,-3.0,16.183063000000033,-94.0,100.0,32.33810624,28.374738600005134,23.24897984000423,25.811858760004693,13.912775320002526,56.93254020001031,1539.952953360003,-0.9984536799999968,-0.0389136800000034,0.003307600000001,-5.50667787999999,-7.98271692000001,0.4649310799999955,-13.814145719999969,37.81414571999996,67.0,100.0,32.613781360000004,37.9142594000067,0.9292714000001642,0.7434171200001313,0.7434171200001313,2.044396120000361,1971.1104819599927,-0.9819100400000036,0.1653669999999979,-0.0013376799999998,2.8484105600000023,1.6911299200000018,4.068410560000003,-6.0,31.65600255999997,37.0,100.0,33.020127640000005,146.4341429599961,3.343827919999912,2.67506215999993,2.67506215999993,8.012424159999775,1706.4867530399847,-0.8964663999999989,0.4012721599999933,-0.0216560800000004,3.656246360000028,1.5309174399999874,1.1751080399999985,10.392835999999823,-2.4221271999998595,6.690413559999834,100.0,40.46,61.690450280002125,73.35145028000252,52.2864179600018,39.49693456000136,146.70290060000505,2140.1240842799875,-1.00617024,-0.0154027599999995,0.0222832799999997,0.4636238400000037,1.837055400000004,4.881705520000006,10.528565439999976,-15.0,26.0,100.0,33.35,78.45175852000085,51.69653460000056,45.8013153600005,55.3243610800006,146.92699272000158,1319.761763519993,370,X1.4548 Y1.5622 Z-0.0045
16:31:35.101,5,374,1.46181,1.53271,-0.00555,84.69106,55.8161,-26.13337,,185.42,0,0,,2,1,"{""sr"":{""mpox"":84.69106,""mpoy"":55.8161,""mpoz"":-26.13337,""mpoa"":0,""posx"":1.46181,""posy"":1.53271,""posz"":-0.00555,""posa"":0,""unit"":0,""stat"":5,""coor"":2,""momo"":1,""dist"":0,""home"":1,""mots"":1,""plan"":0,""line"":374,""path"":2,""frmo"":2,""prbe"":1,""safe"":0,""estp"":0,""spc"":1,""hold"":0,""macs"":5,""cycs"":1,""sps"":12000,""feed"":185.42,""mark"":2030957660}}",5.187687497063608,0.2007202810398423,0.2057369482971342,0.2068430009337632,5.187687497063608,0.2007202810398423,0.2057369482971342,0.2068430009337632,-0.9854225,0.0337412999999998,0.0022596000000001,-1.812034000000004,-0.9771629,0.9095192000000012,-32.0,36.89635870000002,-38.0026706,100.0,33.978955,18.655373599996217,11.711428399997626,11.29686489999771,11.607787999997646,35.23792729999285,1464.9378811999943,-0.9999581999999998,-0.0737304999999998,0.0269835,5.664075900000006,1.830647599999999,2.0646687000000026,-3.222159899999985,16.777840100000017,-94.13747680000002,100.0,32.33,122.89873080000234,96.45216790000184,108.89760930000207,57.56016450000109,238.7969008000045,1808.1984870000065,-0.9939105000000004,-0.0355193,0.0247678000000001,-5.181566900000004,-7.922433199999994,0.4396747000000015,-13.854235999999997,38.0,68.0,100.0,32.621458,158.72153150000298,3.852464100000072,3.0819717000000573,3.0819717000000573,8.475421600000157,1799.7460075000056,-0.9944406000000002,0.1208686,-0.0186232000000001,2.882184200000001,1.7616823000000017,4.036317699999998,-6.068177799999986,31.0,37.43138089999999,100.0,33.0193182,77.34270159999832,1.762437399999961,1.4099494999999689,1.4099494999999689,4.229849499999906,1316.0371771000005,-0.9644429999999992,0.2566042000000003,-0.0079525000000001,2.818542600000029,1.401522100000004,1.2046539999999986,8.599024200000029,0.096878599999945,14.21600980000018,100.0,40.4539411,104.20770790000095,117.53660040000108,83.60850990000077,63.61517070000058,236.2849184000022,2223.366847000005,-1.0050819,-0.0033299000000001,0.0057708999999997,0.3607131999999997,1.958689000000003,4.8551434,11.0,-15.40109310000001,26.65448259999998,100.0,33.3505558,132.02939660000058,61.396386200000265,54.87641620000024,65.74303310000029,174.95253420000074,1430.0353805000043,374,X1.4634 Y1.5285 Z-0.0057
16:31:35.359,5,378,1.47643,1.50513,-0.00662,85.06245,55.1156,-26.16076,,185.42,0,0,,2,1,"{""sr"":{""mpox"":85.06245,""mpoy"":55.1156,""mpoz"":-26.16076,""mpoa"":0,""posx"":1.47643,""posy"":1.50513,""posz"":-0.00662,""posa"":0,""unit"":0,""stat"":5,""coor"":2,""momo"":1,""dist"":0,""home"":1,""mots"":1,""plan"":0,""line"":378,""path"":2,""frmo"":2,""prbe"":1,""safe"":0,""estp"":0,""spc"":1,""hold"":0,""macs"":5,""cycs"":1,""sps"":12000,""feed"":185.42,""mark"":2030957660}}",5.246557878924486,0.1964142106480162,0.1865823906593688,0.1924036416656097,5.246557878924486,0.1964142106480162,0.1865823906593688,0.1924036416656097,-0.98400182,0.03774212,0.0189083800000012,-1.6931185800000026,-0.8540598,0.9610587800000026,-32.0,37.0,-39.73964978000004,100.026035,33.98,116.11871874000646,83.57996066000464,80.62136080000448,82.8403101400046,250.0012039000139,2264.4681342800022,-1.0197899600000002,-0.0784600200000002,0.0094681800000003,5.316318879999992,1.7697175599999948,2.0206013199999977,-3.220005499999965,16.33179063999997,-93.11178514,100.0,32.31779988,63.955944439994894,40.59027413999651,46.11893379999602,24.000729379997946,100.6444248799913,1464.2181676800042,-0.9639943399999984,-0.0549729800000001,0.0098216599999995,-5.23079491999999,-8.097031380000011,0.4249577400000022,-13.0,38.0,66.1192695,100.0,32.609142160000005,69.1574421599943,1.68918841999986,1.351351179999888,1.351351179999888,3.716215819999692,1704.73828668,-1.001956379999999,0.1669375400000022,-0.0221682400000003,2.876150359999999,1.5871000999999965,3.967100099999997,-6.235241560000013,30.82294650000003,36.998355380000056,100.0,33.0182294,126.94417170000322,2.9385227000000747,2.9385227000000747,2.35081802000006,7.05245380000018,1746.6353097400065,-0.923687159999997,0.5535919600000049,-0.0057088000000001,1.9898353200000196,1.4603335600000051,1.2075131400000056,10.340851120000105,5.721424179999995,19.885546779999792,100.0,40.4556193,73.26404971999823,84.54505621999789,60.45190545999849,45.55795771999887,169.9662271999958,1934.8201726200125,-0.99744168,-0.0183485799999998,0.0183233200000008,0.5315090200000028,1.7412556599999904,4.758273439999996,8.897741120000246,-13.18089434000036,21.747201300000587,100.0,33.3452519,99.51315143999814,53.65282227999952,47.48037359999957,56.97644805999949,151.93719525999865,1483.4097815199964,378,X1.4813 Y1.4987 Z-0.0069
16:31:35.616,5,381,1.49773,1.48225,-0.0078,85.6034,54.53436,-26.19069,,185.42,0,0,,2,1,"{""sr"":{""mpox"":85.6034,""mpoy"":54.53436,""mpoz"":-26.19069,""mpoa"":0,""posx"":1.49773,""posy"":1.48225,""posz"":-0.0078,""posa"":0,""unit"":0,""stat"":5,""coor"":2,""momo"":1,""dist"":0,""home"":1,""mots"":1,""plan"":0,""line"":381,""path"":2,""frmo"":2,""prbe"":1,""safe"":0,""estp"":0,""spc"":1,""hold"":0,""macs"":5,""cycs"":1,""sps"":12000,""feed"":185.42,""mark"":2030957660}}",5.3677263641473925,0.2101671606357827,0.2075185940046638,0.2025361388477812,5.3677263641473925,0.2101671606357827,0.2075185940046638,0.2025361388477812,-0.9860366000000004,0.0314442000000001,-0.0004792000000007,-1.7949174000000103,-1.0256906000000034,0.8543620000000001,-31.405022600000027,36.998032,-38.0039364,100.0401086,33.9800196,67.78364560000476,44.92170620000315,42.91627280000301,44.52061940000312,134.3640322000094,1564.8508401999957,-1.009749,-0.0746709999999996,0.0116041999999997,5.314489400000007,2.1247338000000004,2.028172799999997,-3.0,16.907655800000004,-93.43000220000002,100.0,32.3347768,104.3095767999964,68.96972019999762,78.65968059999729,40.469835799998606,170.4293083999941,1435.3729042,-1.0105117999999995,-0.0286323999999997,0.0204527999999998,-5.226592400000006,-8.161245399999997,0.4303018000000023,-13.56964559999998,38.56964559999998,67.9059428,100.0,32.607578,118.48634019999596,2.848229199999903,2.278583599999922,2.278583599999922,6.266104599999786,1584.401155599999,-0.9947898000000004,0.102963400000001,-0.0090009999999999,2.791316799999999,1.883760399999996,3.952823999999998,-6.0,31.0,37.0,100.0,33.012611199999995,100.33335260000224,2.326973600000052,2.135072000000061,1.8615788000000413,5.584736200000124,1308.46167,-0.9842124000000004,0.1072416000000013,0.0233731999999988,3.395881599999987,1.8111376000000023,1.2055123999999988,14.37549700000006,7.219599999999989,19.797348599999715,100.0,40.4174612,88.45265379999871,101.61525059999852,72.65753719999896,54.7564047999992,204.81001279999705,1420.026051999997,-0.9979524000000004,-0.0133385999999997,-0.0116311999999996,0.4793776000000052,1.917020399999994,4.911204600000001,10.221696000000016,-15.0,25.778303999999984,100.0,33.3550952,105.46438339999938,57.06285479999966,50.948976999999694,60.62928319999964,162.52723819999903,1185.5409845999986,381,X1.4999 Y1.4804 Z-0.0079
16:31:35.873,5,385,1.52398,1.46563,-0.00888,86.2701,54.11211,-26.21793,,185.42,0,0,,2,1,"{""sr"":{""mpox"":86.2701,""mpoy"":54.11211,""mpoz"":-26.21793,""mpoa"":0,""posx"":1.52398,""posy"":1.46563,""posz"":-0.00888,""posa"":0,""unit"":0,""stat"":5,""coor"":2,""momo"":1,""dist"":0,""home"":1,""mots"":1,""plan"":0,""line"":385,""path"":2,""frmo"":2,""prbe"":1,""safe"":0,""estp"":0,""spc"":1,""hold"":0,""macs"":5,""cycs"":1,""sps"":12000,""feed"":185.42,""mark"":2030957660}}",5.084725784864104,0.2015123690549386,0.2061303935365542,0.210300812599162,5.084725784864104,0.2015123690549386,0.2061303935365542,0.210300812599162,-0.98972864,0.0352845799999998,0.00135092,-1.8409798199999936,-0.9771404,0.9537370399999952,-32.45564978000002,36.45564978000002,-37.460249500000025,100.0,33.99,68.72232078000378,51.29034344000282,48.54264660000268,50.37444416000277,152.4948815400084,1292.192742700002,-1.0104318199999998,-0.0753034599999999,0.0208523199999998,5.3485290799999925,1.6487945600000025,2.014,-3.458048519999978,16.528928999999984,-94.01302248000005,100.0,32.32541972,84.6721227999973,63.0134457599979,72.53416999999757,36.566989739998775,156.10497067999475,1191.2373958600008,-0.9900257799999996,-0.0305199400000001,0.0087876399999997,-5.204051939999999,-8.199158780000008,0.4255889599999976,-14.0,37.52421815999998,67.0715691,100.0,32.60475796,107.22684433999646,2.621092259999912,2.0968736399999304,2.0968736399999304,5.766402759999808,1189.3315304799994,-1.0023121199999996,0.1237707600000001,-0.0099770000000001,2.851249519999999,1.6746257200000014,4.01912476,-6.515036439999991,31.0,38.0,100.0,33.00630478,105.23709582000204,2.424817720000047,2.424817720000047,1.9398547000000377,5.819563100000113,1233.688491900008,-0.9616572600000026,0.1478349200000019,-0.0215441799999987,0.3718397400000494,1.640882179999999,1.1585268600000032,14.346651719999947,1.7625679000002274,23.72391720000004,100.0,40.42,84.05778661999888,98.32213865999869,70.30287611999906,52.981877779999294,198.17260015999736,1482.3691665600036,-1.00786372,-0.00424944,0.0190529999999998,0.5675304000000037,1.8353548399999944,4.85273322,10.0,-15.0,26.20572534000001,100.0,33.36,104.16979019999968,56.4283037799997,50.08431601999975,59.95507313999968,160.21607827999915,987.0053657600016,385,X1.5299 Y1.463 Z-0.0091
16:31:36.129,5,388,1.55394,1.45614,-0.00996,87.03115,53.87128,-26.24547,,185.42,0,0,,2,1,"{""sr"":{""mpox"":87.03115,""mpoy"":53.87128,""mpoz"":-26.24547,""mpoa"":0,""posx"":1.55394,""posy"":1.45614,""posz"":-0.00996,""posa"":0,""unit"":0,""stat"":5,""coor"":2,""momo"":1,""dist"":0,""home"":1,""mots"":1,""plan"":0,""line"":388,""path"":2,""frmo"":2,""prbe"":1,""safe"":0,""estp"":0,""spc"":1,""hold"":0,""macs"":5,""cycs"":1,""sps"":12000,""feed"":185.42,""mark"":2030957660}}",5.196548405554024,0.1938149165740532,0.19965564830765,0.2036677801824545,5.196548405554024,0.1938149165740532,0.19965564830765,0.2036677801824545,-0.9900561,0.0382989799999997,-0.0010329199999997,-1.7119739000000114,-0.8575818400000114,1.03747134,-32.65637433999997,36.65637433999997,-38.02220854000009,100.0656371,33.99,104.36347333999508,73.51389317999654,69.57564911999673,72.20114515999659,217.2598091599897,1176.985323819997,-1.004352,-0.07138832,0.0190120400000003,5.410541799999991,1.689379760000007,2.122349740000003,-3.3881109200000217,15.439513480000029,-93.05140256,100.0,32.33,69.47180856000391,45.79705792000257,53.17116046000299,26.779635360001503,113.7164244600064,1344.463334299998,-1.0086363799999996,-0.0188505199999997,0.0218158999999999,-5.123489300000004,-8.128241879999992,0.4780483400000029,-14.0,38.0,67.94720683999999,100.0,32.61947198,81.15110168000443,1.9601712400001072,1.5681372600000858,1.5681372600000858,4.312377120000236,1385.5797246599925,-1.0097311,0.1323062800000001,-0.0041871600000001,2.8624515999999995,1.701643340000001,4.048900999999998,-6.442656740000012,30.89264737999999,36.89264737999999,100.0,33.01442674,120.0641062399975,2.7867169799999427,2.679364019999933,2.229373379999954,6.688119819999863,1133.652638599996,-0.953782880000002,0.1018458599999993,-0.0131658399999995,3.094803159999991,1.779275659999988,1.2644413800000014,8.286578039999876,-7.738819339999813,12.61537849999979,100.0,40.41415206,74.88066608000132,88.66238398000156,63.39590110000112,48.236011840000856,178.24354886000316,1451.2713603800005,-1.00331558,-0.0122993600000001,0.00760316,0.3200344399999977,1.726141480000004,4.91455638,10.0,-15.152738200000014,25.63542194000002,100.0,33.36847272,101.36360076000068,53.57790296000036,47.78569780000032,57.43937384000039,153.01076878000103,1068.6788638200014,388,X1.5551 Y1.4559 Z-0.01
16:31:36.387,5,392,1.58497,1.45486,-0.01113,87.81929,53.83857,-26.27529,,185.42,0,0,,2,1,"{""sr"":{""mpox"":87.81929,""mpoy"":53.83857,""mpoz"":-26.27529,""mpoa"":0,""posx"":1.58497,""posy"":1.45486,""posz"":-0.01113,""posa"":0,""unit"":0,""stat"":5,""coor"":2,""momo"":1,""dist"":0,""home"":1,""mots"":1,""plan"":0,""line"":392,""path"":2,""frmo"":2,""prbe"":1,""safe"":0,""estp"":0,""spc"":1,""hold"":0,""macs"":5,""cycs"":1,""sps"":12000,""feed"":185.42,""mark"":2030957660}}",5.255888429653675,0.2054803675782405,0.2036408161795392,0.2091927995872214,5.255888429653675,0.2054803675782405,0.2036408161795392,0.2091927995872214,-0.98701312,0.0391012,-0.0101516799999999,-1.787194780000002,-1.0831755200000035,0.8652067599999995,-32.17878355999999,36.0,-37.9990037,100.0,33.99,32.34342365999847,19.955553919999065,18.876875219999103,19.595994839999072,59.3273234599972,1188.9430397199983,-1.00515436,-0.07947788,0.0487707800000002,5.44907566,1.803308460000002,2.100192060000001,-3.0271715399999986,16.0,-95.6657342,100.0,32.336657200000005,112.95699740000089,84.9691163600007,98.65058340000084,48.965253560000406,210.2625583800017,1594.1510955000006,-0.99019592,-0.0313983399999999,0.0060380199999999,-5.42505254,-8.301573600000003,0.4408693199999998,-14.0,38.0,65.34125671999999,100.0,32.62658766,149.5792256600012,3.578450580000029,2.862760520000023,2.862760520000023,7.872591040000064,1658.4811476199982,-1.0032656599999998,0.1377696399999999,-0.01067762,2.83493638,1.7266041400000005,3.8953804,-6.441576719999994,31.0,37.6156739,100.0,33.01942742,83.39879371999933,1.9216309599999848,1.5373048599999874,1.5373048599999874,4.227588659999966,1398.820837420003,-1.0290016399999995,0.0916853000000006,0.0040908799999997,2.1088398200000054,1.7213117400000009,1.1214029399999996,8.583750020000002,-10.647402319999998,1.778508999999966,100.0,40.45,98.2542513400004,112.66377518000044,80.5575175200003,60.71001356000024,227.07879960000088,1481.745248720003,-1.00266746,-0.0087830599999999,0.01279452,0.3943583799999999,1.8606259199999995,4.91564162,10.46488734,-15.0,25.989611600000003,100.0,33.36,94.44245689999993,59.3974898200001,52.97614000000009,63.678389640000105,170.0851677600003,1260.6041036600018,392,X1.5898 Y1.4553 Z-0.0113
16:31:36.644,5,396,1.61565,1.46148,-0.01222,88.59864,54.00677,-26.3028,,185.42,0,0,,2,1,"{""sr"":{""mpox"":88.59864,""mpoy"":54.00677,""mpoz"":-26.3028,""mpoa"":0,""posx"":1.61565,""posy"":1.46148,""posz"":-0.01222,""posa"":0,""unit"":0,""stat"":5,""coor"":2,""momo"":1,""dist"":0,""home"":1,""mots"":1,""plan"":0,""line"":396,""path"":2,""frmo"":2,""prbe"":1,""safe"":0,""estp"":0,""spc"":1,""hold"":0,""macs"":5,""cycs"":1,""sps"":12000,""feed"":185.42,""mark"":2030957660}}",5.254955873014345,0.191916366943839,0.1904601184795815,0.2009981509453756,5.254955873014345,0.191916366943839,0.1904601184795815,0.2009981509453756,-0.9898864,0.0346414399999995,-0.0066367600000018,-1.7748545200000054,-0.91669312,0.9187738000000027,-32.954526639999955,36.95452663999996,-38.03979112000005,100.0,33.99,158.45136087999254,105.95241611999502,100.22525823999528,104.04336283999513,314.9936684399852,1369.9438892400433,-1.00395088,-0.0852175600000001,0.0333834000000003,5.554749320000001,1.5799508800000075,1.9153036400000047,-3.006142080000007,16.0,-94.81819839999996,100.0,32.32812064,33.08786500000575,21.270770000003683,24.90679932000432,12.362498840002146,52.90422312000918,1607.3977308000246,-0.9957419999999996,-0.0239223999999985,0.02081848,-5.388479679999994,-8.006974280000001,0.488,-13.0,37.00620936000001,67.80145879999995,100.0,32.61204772,39.08574220000655,0.9306133600001564,0.7444899200001249,0.7444899200001249,2.047348200000344,1535.6229524400492,-0.9924218000000004,0.1329004400000004,-0.0095648399999993,2.8891935200000014,1.68958476,3.9071381600000046,-6.0,31.0,36.66895271999999,100.0,33.0134384,144.51931583999644,3.344763679999917,2.6758109599999336,2.6758109599999336,7.358480119999817,1457.345776320032,-0.8702713999999948,0.3882332399999954,-0.0044433200000021,3.2267423999999503,1.6328870800000193,1.224718399999993,9.711584719999912,4.881646079999626,-3.020304879999486,100.0,40.4562102,60.63027220000191,73.1352657600023,52.293610120001645,39.788616560001245,147.02841012000462,1939.9248906800333,-0.99790632,-0.0231099599999996,0.0023007200000012,0.4962746000000019,2.008537559999993,4.909362199999999,10.98209031999998,-15.0,27.450082320000003,100.0,33.37,94.517298440001,49.95914316000054,44.55815532000048,53.559802640000576,143.12619464000153,1266.7059295600284,396,X1.6233 Y1.4645 Z-0.0125
16:31:36.901,5,399,1.6435,1.47587,-0.0133,89.30603,54.37225,-26.33032,,185.42,0,0,,2,1,"{""sr"":{""mpox"":89.30603,""mpoy"":54.37225,""mpoz"":-26.33032,""mpoa"":0,""posx"":1.6435,""posy"":1.47587,""posz"":-0.0133,""posa"":0,""unit"":0,""stat"":5,""coor"":2,""momo"":1,""dist"":0,""home"":1,""mots"":1,""plan"":0,""line"":399,""path"":2,""frmo"":2,""prbe"":1,""safe"":0,""estp"":0,""spc"":1,""hold"":0,""macs"":5,""cycs"":1,""sps"":12000,""feed"":185.42,""mark"":2030957660}}",5.166127571288308,0.1984025825995438,0.2009532197570419,0.2064093952732461,5.166127571288308,0.1984025825995438,0.2009532197570419,0.2064093952732461,-0.9734654999999988,0.0384521999999988,-0.0155428000000044,-1.6730434999999797,-0.9347681999999846,0.9833285999999948,-32.0,36.89714140000009,-39.89625330000008,100.0,33.9889711,16.8687738999862,11.41727969999066,10.800129899991164,11.211563399990828,33.94326499997223,1895.3765648000197,-1.0050384999999993,-0.0790925000000005,0.0571575000000002,5.242211899999986,1.8290180000000096,2.025570700000006,-3.137289600000013,16.0,-95.13728960000002,100.0,32.3355563,106.56147310000814,91.782874600007,106.56147310000814,52.89182610000404,226.34590280001729,1544.5446909000057,-1.0096070999999966,-0.0204435999999982,0.0256923000000001,-5.433275900000019,-8.057,0.4828685000000043,-14.0,37.22374189999994,67.91587780000008,100.0,32.6263661,163.0142307000123,3.8812913000002927,3.105033200000234,3.105033200000234,8.538840600000645,1693.7195184000125,-0.9955908,0.1099541999999991,-0.0039658000000001,2.789973899999996,1.6438407000000037,4.054344599999997,-6.284061600000027,31.0,37.57956940000009,100.0,33.0071596,76.64193919999306,1.7612296999998438,1.4089843999998752,1.4089843999998752,3.874706299999656,1448.4390276000124,-1.008904099999991,0.1297139999999923,-0.0151205000000044,0.9024054000000254,1.546457600000026,1.033236399999985,11.732925899999916,13.966408699999771,-4.346281400000216,100.0,40.4593701,102.57297420000378,117.13955040000434,83.7578135000031,63.12183030000234,235.4929821000087,1904.8289708000225,-1.0037862000000006,-0.0007923999999998,-0.0300431000000008,0.5388677000000087,1.9046642000000065,4.746683799999989,10.54383050000001,-15.0,26.94463200000005,100.0,33.3854386,112.57285260000192,60.90898310000103,54.38302030000093,65.25962460000112,174.02566520000295,1302.006946600004,399,X1.6459 Y1.4775 Z-0.0134
16:31:37.160,5,403,1.66657,1.49677,-0.01448,89.89214,54.90332,-26.36017,,185.42,0,0,,2,1,"{""sr"":{""mpox"":89.89214,""mpoy"":54.90332,""mpoz"":-26.36017,""mpoa"":0,""posx"":1.66657,""posy"":1.49677,""posz"":-0.01448,""posa"":0,""unit"":0,""stat"":5,""coor"":2,""momo"":1,""dist"":0,""home"":1,""mots"":1,""plan"":0,""line"":403,""path"":2,""frmo"":2,""prbe"":1,""safe"":0,""estp"":0,""spc"":1,""hold"":0,""macs"":5,""cycs"":1,""sps"":12000,""feed"":185.42,""mark"":2030957660}}",5.332776845884809,0.199489966438148,0.2031786794284862,0.1965786249799024,5.332776845884809,0.199489966438148,0.2031786794284862,0.1965786249799024,-0.9945520799999998,0.0348409999999997,-0.0421575600000004,-1.89149488,-0.9683439600000168,0.933131359999996,-31.71775708000007,36.00138012,-39.43275392000014,100.0,33.992836,121.29542756001142,79.6710370800075,75.36449460000709,78.23690304000736,237.5775960800224,1880.3543961999944,-1.0048326800000005,-0.0788820800000009,0.028676640000003,5.338912239999993,1.690183999999994,2.014,-3.0,16.10878192000001,-93.76301388000006,100.0,32.337630080000004,52.15271163999307,40.8006309199944,47.3702248799935,23.74921403999672,101.20126007998608,1914.290447360012,-0.9618119600000008,-0.0230548399999982,-0.004758999999999,-5.274373400000007,-8.193331519999997,0.3913734000000063,-14.349107639999954,38.0,68.11416608,100.0,32.6134914,72.9634663999903,1.745537319999768,1.3964303999998144,1.3964303999998144,3.8401825599994894,2197.1358198799976,-1.0138706800000004,0.1167334799999998,-0.0096637999999999,2.8103443200000044,1.760717040000007,3.94557048,-6.580344080000025,31.0,37.03843256000007,100.0,33.006486880000004,124.77393672000532,2.9017192400001237,2.3213758800000988,2.3213758800000988,6.383782560000272,1713.8773442000052,-0.8839017200000016,0.4517692799999882,-0.0429661199999987,2.360766280000046,1.7341086399999894,1.251165000000006,11.99686835999982,13.976493199999474,6.734478959999801,100.0,40.46,72.38155303999706,85.49425099999657,61.13060479999754,46.06944075999815,171.43147759999312,1919.6281910800035,-1.0065342799999994,-0.01415928,-0.0031706799999992,0.5301288400000046,1.827384199999993,4.915693120000007,10.845317640000038,-15.476680759999992,25.631363399999955,100.0,33.38,97.8773262799972,53.3882483599992,47.66807927999928,57.20169527999914,153.16921651999766,1441.3638268000025,403,X1.6707 Y1.5018 Z-0.0147
16:31:37.418,5,406,1.68366,1.52303,-0.01556,90.32606,55.57022,-26.38768,,185.42,0,0,,2,1,"{""sr"":{""mpox"":90.32606,""mpoy"":55.57022,""mpoz"":-26.38768,""mpoa"":0,""posx"":1.68366,""posy"":1.52303,""posz"":-0.01556,""posa"":0,""unit"":0,""stat"":5,""coor"":2,""momo"":1,""dist"":0,""home"":1,""mots"":1,""plan"":0,""line"":406,""path"":2,""frmo"":2,""prbe"":1,""safe"":0,""estp"":0,""spc"":1,""hold"":0,""macs"":5,""cycs"":1,""sps"":12000,""feed"":185.42,""mark"":2030957660}}",5.373451669686594,0.1997730632151245,0.1991018610453264,0.2045021118699617,5.373451669686594,0.1997730632151245,0.1991018610453264,0.2045021118699617,-0.9872224,0.0377779199999999,0.00244416,-1.6954246400000017,-0.9086743999999992,0.8201149599999996,-32.555491440000004,36.0,-39.55549144,100.0,34.0,72.45492439999907,49.34046975999937,47.117926399999405,48.89596119999938,147.57690071999812,1453.9930564800006,-1.00817528,-0.0748616,0.02165064,5.47695544,1.9164750399999988,1.99129424,-3.277068600000001,14.597179839999985,-86.67075543999992,100.0,32.32459936,61.57110060000045,64.27158792000047,74.53343772000053,37.26671864000027,159.32872592000115,1383.9946437200003,-1.0183494,-0.0289334799999999,0.0252165599999999,-5.275571600000001,-8.05570952,0.3831995199999992,-14.0,37.543702120000006,68.56486251999999,100.0,32.62174372,114.17736348000082,2.71850860000002,2.174807040000016,2.174807040000016,5.980718880000042,1409.2640949200015,-1.00238116,0.12576004,-0.00451204,2.892389800000001,1.8066757599999996,3.99876284,-5.699378360000003,31.520703640000004,38.34202892,100.0,33.01642664,104.96588507999954,2.39648135999999,1.917184999999992,1.917184999999992,5.272259079999977,1209.355590680001,-0.9880033999999998,0.3792222400000006,-0.0212981600000001,2.919502520000004,1.4428248399999986,1.1405880800000008,10.904505919999984,7.444314760000007,13.561755079999973,100.0,40.4527786,84.50801488000025,99.45150476000028,70.59511008000021,53.59044836000016,199.4183031200006,1636.9386003999996,-1.0050158,-0.00994552,0.0113071999999999,0.548392959999999,1.8180410800000015,4.9288561600000005,10.757045640000005,-15.757045640000005,26.0,100.0,33.397494,100.27995776000012,57.23048080000007,51.152907680000055,61.28219688000007,163.5880122400002,1312.1576312000009,406,X1.6842 Y1.5241 Z-0.0156
16:31:37.675,5,410,1.69336,1.55286,-0.01664,90.57237,56.32791,-26.4152,,185.42,0,0,,2,1,"{""sr"":{""mpox"":90.57237,""mpoy"":56.32791,""mpoz"":-26.4152,""mpoa"":0,""posx"":1.69336,""posy"":1.55286,""posz"":-0.01664,""posa"":0,""unit"":0,""stat"":5,""coor"":2,""momo"":1,""dist"":0,""home"":1,""mots"":1,""plan"":0,""line"":410,""path"":2,""frmo"":2,""prbe"":1,""safe"":0,""estp"":0,""spc"":1,""hold"":0,""macs"":5,""cycs"":1,""sps"":12000,""feed"":185.42,""mark"":2030957660}}",5.197498508370542,0.1939122331955128,0.2028111190715099,0.1910224832056054,5.197498508370542,0.1939122331955128,0.2028111190715099,0.1910224832056054,-0.9877669999999998,0.0387751199999998,0.0037142199999998,-1.7502040000000096,-0.9417117400000024,0.85383876,-32.0,36.0,-40.41359050000004,100.0,34.01,66.22097068000619,46.49451280000436,44.81903458000419,46.07564356000432,139.4861772400131,1426.4053460800044,-1.0139699400000002,-0.0715874200000001,0.0144924199999999,5.193776459999989,1.820071320000003,1.9599806799999968,-3.0,16.0,-93.49250119999996,100.0,32.324428,64.00453451999657,67.35888245999665,77.38883977999615,39.49789053999803,166.54401445999173,1710.5387659000032,-0.971341500000001,-0.0401796999999998,-0.0015940199999998,-5.391546820000002,-8.158784279999987,0.3885015400000132,-13.557227359999972,37.0,67.0,100.0,32.62067368,116.59517835999434,2.786135219999864,2.2289078599998917,2.2289078599998917,6.129497219999701,1596.726432639997,-1.0152404799999994,0.1266307800000001,-0.0046109800000002,2.873476980000002,1.725945640000002,4.003676119999997,-5.470237060000015,31.0,37.265836480000026,100.0,33.01529766,102.5116534600032,2.351184880000073,1.8809478200000584,1.8809478200000584,5.172606240000161,1778.8177537999973,-0.9185064600000046,0.3536370000000045,-0.010813040000001,2.728153299999994,1.4798294799999985,1.1699474800000076,10.845288379999984,-0.4916150199998002,3.223440799999493,100.0,40.447873560000005,87.82834253999812,100.24276073999798,71.52738693999856,54.2981624599989,202.05181525999592,2241.5544323999884,-1.0036322400000002,-0.0183055599999997,-0.0044319399999994,0.4341763999999981,1.9984716800000095,5.05365882,10.492575360000004,-15.0,26.305110039999988,100.0,33.39680014,99.89363355999662,57.65896561999951,51.249908399999576,61.71836421999947,165.2330298799986,1291.8668817599926,410,X1.6942 Y1.5574 Z-0.0168
16:31:37.932,5,414,1.69502,1.58412,-0.01782,90.61476,57.12201,-26.44526,,185.42,0,0,,2,1,"{""sr"":{""mpox"":90.61476,""mpoy"":57.12201,""mpoz"":-26.44526,""mpoa"":0,""posx"":1.69502,""posy"":1.58412,""posz"":-0.01782,""posa"":0,""unit"":0,""stat"":5,""coor"":2,""momo"":1,""dist"":0,""home"":1,""mots"":1,""plan"":0,""line"":414,""path"":2,""frmo"":2,""prbe"":1,""safe"":0,""estp"":0,""spc"":1,""hold"":0,""macs"":5,""cycs"":1,""sps"":12000,""feed"":185.42,""mark"":2030957660}}",5.176336345510696,0.2001155798912177,0.2103860155266749,0.2125347128355721,5.176336345510696,0.2001155798912177,0.2103860155266749,0.2125347128355721,-0.9867381200000004,0.0515075200000024,0.0046966799999997,-1.771416480000029,-0.91522024,0.9666225999999876,-32.71488584000007,36.00633888,-39.99366112,100.0,34.01285104,112.95198352001064,80.06722884000754,77.20768520000726,79.35234300000747,240.20168580002257,1529.3350313200067,-1.0088969199999995,-0.071969159999998,0.0198453200000005,5.416033520000001,1.8914981999999976,2.0775774,-3.388508319999942,16.388508319999943,-95.26174783999996,100.0,32.33,38.08805435999477,42.24311415999418,48.129450159993375,24.930362959996568,104.5690209199856,1543.1820485200014,-0.997839800000001,-0.0582543600000058,0.0006335999999996,-5.190647679999999,-8.149994079999995,0.3419489600000035,-13.394280559999943,36.95659524000001,67.35087579999995,100.0,32.622548720000005,74.38557583999008,1.754376999999766,1.403501479999813,1.403501479999813,3.859629079999485,1738.2554919999918,-0.9932845199999966,0.1259107999999983,0.003861840000001,2.770067759999983,1.7346557999999983,3.935950560000003,-5.911580480000022,31.0,37.50900679999995,100.0,33.02402544,126.22358876000546,2.897064160000125,2.3176514400001,2.3176514400001,6.373541320000275,1711.1807507600097,-0.9534710400000016,0.2670342800000072,-0.0493321999999975,2.554990359999921,1.049317559999967,1.269471680000003,8.248187280000094,-5.691042400000609,3.0124178400004933,100.0,40.43897296,74.99151931999697,85.19746619999655,60.791941879997545,46.14862731999813,171.72614263999304,1877.2733662000176,-1.0041948,-0.0091391599999996,-0.0012384799999986,0.3923121599999838,2.0878312800000103,4.953031640000006,11.0,-15.478555039999993,25.918430640000047,100.0,33.394785320000004,95.23241691999854,54.55525383999917,48.81259583999925,58.38369255999911,156.9659938799976,1488.5715923200246,414,X1.6942 Y1.5921 Z-0.0181
16:31:38.188,5,417,1.68863,1.61457,-0.0189,90.45242,57.89524,-26.47256,,185.42,0,0,,2,1,"{""sr"":{""mpox"":90.45242,""mpoy"":57.89524,""mpoz"":-26.47256,""mpoa"":0,""posx"":1.68863,""posy"":1.61457,""posz"":-0.0189,""posa"":0,""unit"":0,""stat"":5,""coor"":2,""momo"":1,""dist"":0,""home"":1,""mots"":1,""plan"":0,""line"":417,""path"":2,""frmo"":2,""prbe"":1,""safe"":0,""estp"":0,""spc"":1,""hold"":0,""macs"":5,""cycs"":1,""sps"":12000,""feed"":185.42,""mark"":2030957660}}",5.39827613892054,0.2013134391625118,0.2011088833571035,0.2039484076027863,5.39827613892054,0.2013134391625118,0.2011088833571035,0.2039484076027863,-0.990955920000001,0.0417179200000011,0.0081500800000009,-1.759430480000005,-0.8443057600000048,0.9376263600000192,-32.0,36.83390384000008,-39.16609615999992,100.0,34.02,25.53579303998792,18.60278963999121,18.104500319991452,18.60278963999121,56.14773515997349,1167.40905995997,-1.0102646800000004,-0.0727925200000015,0.0197570000000013,5.385703959999997,1.8743549200000045,2.1425942000000133,-3.0,16.024107999999988,-94.73484208000006,100.0,32.33,82.74877080000556,91.83116160000694,102.87790164000776,54.35421148000411,225.54832596001705,1570.236969400018,-1.0038461200000004,-0.0394804399999997,0.0338771199999998,-5.523667480000023,-8.209373720000007,0.3483549200000041,-4.049607799999056,10.67705451999752,19.40574855999548,100.0,32.62736212,153.15999492001137,3.681118280000273,2.944894520000219,2.944894520000219,8.098459640000602,1579.821709400001,-1.0353183200000025,0.0939846399999964,-0.0038848800000001,2.8571324799999958,1.60438891999999,3.967,-6.0,31.0,38.0,100.0,33.02051264,82.95937971999369,1.8854404799998568,1.5083523199998854,1.5083523199998854,4.147968959999685,1436.6516068400126,-1.0789230399999992,0.1936651599999976,0.0502318000000016,2.096620959999957,1.1196981199999725,1.1385316799999994,7.881466039999929,0.1182489199998111,6.534472160001294,100.0,40.44,101.8144265600036,113.650919760004,81.20415568000288,61.77161528000221,228.4203728000081,2043.7648119200248,-1.0028860399999997,-0.0069375200000002,0.0102966399999998,0.5029905999999995,1.7509772800000123,4.996183400000001,5.811549319999551,-8.02218551999934,14.29716047999888,100.0,33.39071392,115.76195876000304,61.70603604000099,55.195758680000914,65.99862924000107,176.99810752000286,1150.828647680003,417,X1.6877 Y1.6173 Z-0.019
16:31:38.447,5,421,1.67461,1.64257,-0.01998,90.09626,58.60657,-26.50008,,185.42,0,0,,2,1,"{""sr"":{""mpox"":90.09626,""mpoy"":58.60657,""mpoz"":-26.50008,""mpoa"":0,""posx"":1.67461,""posy"":1.64257,""posz"":-0.01998,""posa"":0,""unit"":0,""stat"":5,""coor"":2,""momo"":1,""dist"":0,""home"":1,""mots"":1,""plan"":0,""line"":421,""path"":2,""frmo"":2,""prbe"":1,""safe"":0,""estp"":0,""spc"":1,""hold"":0,""macs"":5,""cycs"":1,""sps"":12000,""feed"":185.42,""mark"":2030957660}}",5.1301984460963865,0.1997827837476488,0.2057649264642003,0.2068097950742113,5.1301984460963865,0.1997827837476488,0.2057649264642003,0.2068097950742113,-0.987276640000001,0.0509994999999999,0.0046970799999988,-1.5961685800000338,-0.9769751999999998,0.9754686599999944,-32.0,36.025102600000096,-41.94949119999981,100.0,34.01,146.23624157998609,109.1885183599896,107.23882475998978,109.1886195599896,332.44014225996835,1395.3571981800014,-1.0105282999999992,-0.0942672199999969,0.03362474,5.544791920000001,1.653180720000024,2.106303479999993,-3.0,16.0,-93.16793730000006,100.0,32.335471420000005,16.37869052000819,21.177083320008293,23.679156920009195,12.61228178000497,52.094529280020375,1621.9419378999971,-0.9802627800000012,-0.0255992999999957,-0.0044322999999995,-5.085771020000047,-8.419914519999972,0.2355468600000196,-13.172285900000064,36.01686966000008,67.15541623999998,100.0,32.619831299999994,35.99093310001335,0.8614305200003212,0.6891446200002569,0.6891446200002569,1.8951479200007064,1683.734364100026,-1.0202896599999964,0.0966087600000035,-0.0084328800000005,2.7504327200000014,1.729581220000006,4.052013940000007,-6.0,30.323701020000037,38.36628774,100.0,33.0198631,145.4042913399926,3.3814948799998272,2.705195899999862,2.705195899999862,7.43928969999962,1482.9054235400172,-0.9916587199999914,0.1338053400000154,0.0239947599999962,1.7116573200002256,0.6628887200000674,1.2048333799999995,11.26502966000001,6.649520219999832,6.067584619999579,100.0,40.45,61.66726018000404,72.52063990000482,51.58684662000343,39.250861920002606,145.4277619000097,2214.091707860007,-1.00885664,-0.0209913999999987,-0.020904579999999,0.5070529199999962,1.8456220800000032,4.795353800000003,10.988888139999949,-15.0,25.45905382000006,100.0,33.39011112,85.08672226000185,51.96125110000119,46.13800764000106,55.54478576000128,148.71668496000342,1226.5655114200083,421,X1.671 Y1.6477 Z-0.0202
16:31:38.703,5,424,1.65381,1.66604,-0.02116,89.56793,59.20277,-26.52985,,185.42,0,0,,2,1,"{""sr"":{""mpox"":89.56793,""mpoy"":59.20277,""mpoz"":-26.52985,""mpoa"":0,""posx"":1.65381,""posy"":1.66604,""posz"":-0.02116,""posa"":0,""unit"":0,""stat"":5,""coor"":2,""momo"":1,""dist"":0,""home"":1,""mots"":1,""plan"":0,""line"":424,""path"":2,""frmo"":2,""prbe"":1,""safe"":0,""estp"":0,""spc"":1,""hold"":0,""macs"":5,""cycs"":1,""sps"":12000,""feed"":185.42,""mark"":2030957660}}",5.421635317392249,0.2010600394354691,0.2048555321406902,0.211210836334125,5.421635317392249,0.2010600394354691,0.2048555321406902,0.211210836334125,-0.9862957799999996,0.0290185199999996,-0.002449779999999,-1.9092671600000164,-0.9681147000000032,0.9069716600000034,-31.144389439999944,36.14438943999995,-40.85561056000005,100.0,34.0000126,20.03882919999254,15.88792933999409,15.88792933999409,16.174197579993983,49.095131799981736,1372.8685060600037,-1.0079859600000007,-0.0766969200000007,0.0296095599999999,5.432705560000003,1.8295700599999785,2.0735887399999933,-3.0,16.0,-94.01156448000006,100.0,32.32248514,84.91766438000424,96.94140458000484,106.71069322000534,57.8642495800029,236.71738270001185,1539.7794283000203,-1.0395661200000026,0.0205225800000032,0.0143774800000001,-5.430870480000009,-7.692513659999982,0.4736355800000055,-13.745371680000035,37.0,66.86311294,100.0,32.61745348,156.5280657600077,3.726859120000184,2.9814865800001478,2.9814865800001478,8.199088920000404,1776.1970450200174,-1.0007518400000006,0.1076684999999999,-0.0125574799999999,2.984893420000004,1.7418050000000034,3.950737959999997,-5.728811039999982,31.0,38.0,100.0,33.01095522,79.76588735999563,1.833521879999901,1.4668172199999208,1.4668172199999208,4.033748139999783,1508.386894640024,-1.0297572400000037,0.1682346999999975,-0.0085962999999994,5.1865499000000765,1.7728311000000287,1.3109312600000014,13.823596500000068,8.909074920000048,21.04990652000029,100.0,40.449118000000006,97.23268166000231,116.32130652000278,82.91621316000197,62.634549820001496,232.6426130400056,1402.9754598800057,-1.0043202600000003,-0.01407166,0.0035281800000003,0.5633934600000001,2.0653508000000143,5.047057819999999,10.0,-15.07761151999997,25.07761151999997,100.0,33.39,110.6806447200012,62.86230822000067,55.8776075000006,67.16058604000072,179.45308496000192,1271.8105729400074,424,X1.6531 Y1.6667 Z-0.0212
16:31:38.961,5,428,1.6276,1.6832,-0.02225,88.90218,59.63852,-26.55765,,185.42,0,0,,2,1,"{""sr"":{""mpox"":88.90218,""mpoy"":59.63852,""mpoz"":-26.55765,""mpoa"":0,""posx"":1.6276,""posy"":1.6832,""posz"":-0.02225,""posa"":0,""unit"":0,""stat"":5,""coor"":2,""momo"":1,""dist"":0,""home"":1,""mots"":1,""plan"":0,""line"":428,""path"":2,""frmo"":2,""prbe"":1,""safe"":0,""estp"":0,""spc"":1,""hold"":0,""macs"":5,""cycs"":1,""sps"":12000,""feed"":185.42,""mark"":2030957660}}",5.114642242263956,0.1996093419220903,0.1983395096342983,0.1950775189701918,5.114642242263956,0.1996093419220903,0.1983395096342983,0.1950775189701918,-0.9926017,0.0353457999999998,-0.0036274999999999,-1.788344699999999,-1.0065096000000042,0.7745623000000008,-31.0015276,36.0,-40.90524179999996,100.0,34.0100153,113.03141330000228,77.44954320000156,78.14728660000158,79.54277410000161,240.0253368000048,1604.2424806000045,-1.0061908,-0.0758943,0.0306828999999999,5.4801172,1.852388200000002,1.9684910999999992,-2.3595458999999903,16.25395089999999,-94.7460491,100.0,32.3402696,42.572123699998905,46.99488459999871,51.41502719999859,28.298511399999217,114.22991959999686,1343.7981948999968,-0.9986337,-0.0309718999999998,0.0185037,-5.432,-8.0092783,0.5120531999999984,-14.0,37.0,66.86358049999997,100.0,32.622177,74.21270449999803,1.8021019999999512,1.4416817999999612,1.4416817999999612,3.9646241999998937,1572.3570899,-0.9937856,0.1188897,-0.0149633999999999,2.8801370000000026,1.935892700000001,4.023712599999999,-6.0,30.7775428,37.63117089999999,100.0,33.016311800000004,125.52766250000111,2.8659282000000257,2.2927424000000207,2.2927424000000207,6.305042500000057,1224.7129482999997,-0.9556249,0.3915031000000007,0.0002473999999995,3.613815100000005,1.5034876000000026,1.0789662999999987,7.705881900000053,7.705881900000053,11.55882320000008,100.0,40.44,77.93250819999943,87.66807389999927,62.49160119999948,47.205885699999605,175.33614679999852,2068.460971599994,-1.0030542,-0.0128489000000001,-0.0056961000000002,0.420694700000001,1.7943015000000009,4.9948993,10.313092500000003,-15.313092500000003,25.852492499999983,100.0,33.4,93.92916569999956,56.00521389999983,49.78241239999985,59.834630199999815,160.3568092999995,1119.445173999999,428,X1.6237 Y1.6851 Z-0.0224
16:31:39.218,5,432,1.59794,1.69317,-0.02333,88.14892,59.89168,-26.58517,,185.42,0,0,,2,1,"{""sr"":{""mpox"":88.14892,""mpoy"":59.89168,""mpoz"":-26.58517,""mpoa"":0,""posx"":1.59794,""posy"":1.69317,""posz"":-0.02333,""posa"":0,""unit"":0,""stat"":5,""coor"":2,""momo"":1,""dist"":0,""home"":1,""mots"":1,""plan"":0,""line"":432,""path"":2,""frmo"":2,""prbe"":1,""safe"":0,""estp"":0,""spc"":1,""hold"":0,""macs"":5,""cycs"":1,""sps"":12000,""feed"":185.42,""mark"":2030957660}}",5.220836458232223,0.2020841713115337,0.2079475899320764,0.2053163824162009,5.220836458232223,0.2020841713115337,0.2079475899320764,0.2053163824162009,-0.98954972,0.0339084799999998,-0.0112413999999996,-1.705824839999963,-1.003312439999996,0.97676592,-31.99616144,36.43908743999993,-40.00767668,100.0,34.02,61.03316499999065,48.2996265199926,49.17780183999247,50.05597715999234,151.4851932399768,1170.0014234399855,-1.0005106,-0.0767276400000004,0.0371306399999993,5.298917279999984,1.9132685600000177,2.0648141599999987,-1.3674133599998572,7.29287231999924,-42.84562431999553,100.0,32.299616560000004,77.8199545200068,71.83380432000628,78.36415000000684,43.535638840003806,174.14255524001524,1641.098418200005,-0.9874866799999988,-0.0372316800000003,0.0052981999999989,-5.23030216000002,-8.40412639999997,0.2034408400000137,-14.0,37.0,67.91120808,100.0,32.61911184,113.73302436000976,2.7079294000002325,2.166343320000186,2.166343320000186,5.957444320000511,1723.6842596800084,-0.9969983999999992,0.1289899599999993,-0.0139176000000001,2.9216040000000016,1.6956315999999956,4.15158272,-5.821604159999978,31.0,37.17839584000002,100.0,33.02,104.8587487599945,2.398108239999875,1.9184870799999,1.9184870799999,5.275838079999725,1397.3260562000098,-0.969875199999998,0.2428987199999954,0.0093053199999989,2.1691504400000032,1.1998424400000318,1.2776706000000042,12.521260079999788,-1.2698456399997764,22.22331224000011,100.0,40.4472214,88.10498436000306,100.47059684000348,71.61750220000248,54.099552120001874,200.94119324000692,1965.403618360024,-1.0088437600000004,-0.0071562399999996,0.0230311599999998,0.4588412400000088,1.7845432400000043,4.867659359999998,10.0,-15.0,26.0,100.0,33.40505316,122.29414388000173,59.12568100000082,52.55616120000074,63.16846288000089,169.29148080000238,1191.6224280400008,432,X1.5903 Y1.6945 Z-0.0236
16:31:39.477,5,435,1.56672,1.69511,-0.02449,87.35574,59.94106,-26.61452,,185.42,0,0,,2,1,"{""sr"":{""mpox"":87.35574,""mpoy"":59.94106,""mpoz"":-26.61452,""mpoa"":0,""posx"":1.56672,""posy"":1.69511,""posz"":-0.02449,""posa"":0,""unit"":0,""stat"":5,""coor"":2,""momo"":1,""dist"":0,""home"":1,""mots"":1,""plan"":0,""line"":435,""path"":2,""frmo"":2,""prbe"":1,""safe"":0,""estp"":0,""spc"":1,""hold"":0,""macs"":5,""cycs"":1,""sps"":12000,""feed"":185.42,""mark"":2030957660}}",5.254525265171823,0.1930807783048951,0.2034275734664851,0.2016891382041358,5.254525265171823,0.1930807783048951,0.2034275734664851,0.2016891382041358,-0.9939536399999992,0.0421438400000002,-0.0211902000000008,-1.822825939999986,-1.0288382799999862,0.8254009200000186,-32.0,36.61877235999992,-40.00322834,100.0,34.0261879,66.6373897800133,41.93506438000836,43.07874792000858,43.459975940008654,131.9048386200263,1427.3277117400137,-1.0053767599999994,-0.0764845200000003,0.0231346399999997,5.427092899999975,1.990657820000028,2.039311820000003,-3.058600180000012,16.0,-93.52645129999992,100.0,32.30941404,92.84646163999132,78.33831987999284,84.24743595999233,47.38918301999568,187.80157653998288,1894.630101439991,-1.017943980000001,-0.0427952800000006,0.0179911000000008,-5.164066179999982,-8.183621580000008,0.5223429799999882,-13.581204839999948,37.0,67.93979355999998,100.0,32.61939808,121.01099225998914,2.9060235799997383,2.324818739999791,2.324818739999791,6.393251379999424,1855.226484200025,-1.0135685999999997,0.108595859999999,-0.0089740200000002,2.936852119999984,1.7547732999999963,3.969093240000005,-6.0,31.0,38.42246675999995,100.0,33.02456806,100.03669600000612,2.28394258000014,1.827154340000112,1.827154340000112,5.024674400000308,1792.5584641599974,-0.946749100000005,0.1614082400000008,0.0038945400000006,2.7823819000000167,1.2356850400000006,1.235775840000014,10.027589740000131,-5.550798820000199,8.689546640000644,100.0,40.44252602,86.98136857999671,103.88987361999604,74.05483323999718,55.940701259997866,207.6396579599921,2151.477037099993,-1.0016075600000005,-0.0222688399999998,-0.0062577199999984,0.5340928800000008,1.893567299999992,4.902288260000005,10.170426200000035,-14.85422419999995,26.487674800000008,100.0,33.41341868,115.265828319999,60.45436461999907,53.28181329999918,64.552965979999,171.97081615999733,1253.533070640006,435,X1.5643 Y1.695 Z-0.0246
16:31:39.734,5,439,1.53619,1.68901,-0.02559,86.58047,59.78619,-26.64253,,185.42,0,0,,2,1,"{""sr"":{""mpox"":86.58047,""mpoy"":59.78619,""mpoz"":-26.64253,""mpoa"":0,""posx"":1.53619,""posy"":1.68901,""posz"":-0.02559,""posa"":0,""unit"":0,""stat"":5,""coor"":2,""momo"":1,""dist"":0,""home"":1,""mots"":1,""plan"":0,""line"":439,""path"":2,""frmo"":2,""prbe"":1,""safe"":0,""estp"":0,""spc"":1,""hold"":0,""macs"":5,""cycs"":1,""sps"":12000,""feed"":185.42,""mark"":2030957660}}",5.227928621022895,0.2032849310336097,0.2151548590500296,0.217275352165597,5.227928621022895,0.2032849310336097,0.2151548590500296,0.217275352165597,-0.9886453599999998,0.0394842399999996,-0.0025141999999998,-1.598455599999994,-1.005718599999999,0.8692079999999993,-31.245284599999987,37.0,-40.522610480000026,100.0,34.02245316,100.37712340000148,83.01867312000122,85.28281908000126,86.03753448000127,261.1314635600039,1350.886808999993,-1.0127122000000002,-0.0729120799999999,0.02941372,5.364839400000002,1.7129499599999982,2.0705787200000003,-3.6450811600000095,16.0,-94.93524424000005,100.0,32.31681328,51.307327399998734,42.702993279998935,45.88978371999886,25.81300335999936,102.61465503999746,1466.3388001199935,-0.9825031599999996,-0.0338422000000001,0.0083164399999999,-5.245105439999997,-8.00990728,0.5266273600000021,-14.639309720000009,37.96200176,67.96200176,100.0,32.623226960000004,66.79729055999839,1.613461439999961,1.2907691599999689,1.2907691599999689,3.5496141599999143,1549.4842057999956,-1.00783284,0.1017049600000001,-0.0054556799999998,2.915991440000001,1.816991440000001,3.98809188,-6.0,31.0,36.15309935999999,100.0,33.02443204,130.5969200400009,2.981664920000021,2.385331480000017,2.385331480000017,6.559662760000045,1513.354064799996,-1.017385279999999,0.1857268399999985,0.0220011999999998,2.8278742800000023,1.2325840799999932,1.1805540800000012,7.996762279999976,-6.693946519999961,-0.9048901600000886,100.0,40.44566808,73.2095433199995,84.47255003999942,60.21376615999959,45.48521855999969,168.9450990799988,2644.740331880006,-0.99502624,-0.0074270799999999,-0.0171183199999995,0.3494222800000017,1.7152943600000004,4.895559240000001,10.47420508,-15.0,26.893365600000006,100.0,33.41525772,115.23174539999972,55.95615643999986,49.31729011999988,59.27558971999985,158.8585793599996,1239.1476047999963,439,X1.5305 Y1.687 Z-0.0258
16:31:39.991,5,442,1.50812,1.67518,-0.02668,85.86729,59.4349,-26.67005,,185.42,0,0,,2,1,"{""sr"":{""mpox"":85.86729,""mpoy"":59.4349,""mpoz"":-26.67005,""mpoa"":0,""posx"":1.50812,""posy"":1.67518,""posz"":-0.02668,""posa"":0,""unit"":0,""stat"":5,""coor"":2,""momo"":1,""dist"":0,""home"":1,""mots"":1,""plan"":0,""line"":442,""path"":2,""frmo"":2,""prbe"":1,""safe"":0,""estp"":0,""spc"":1,""hold"":0,""macs"":5,""cycs"":1,""sps"":12000,""feed"":185.42,""mark"":2030957660}}",5.412831792856216,0.2025823638998125,0.2033114228641555,0.1963529339260312,5.412831792856216,0.2025823638998125,0.2033114228641555,0.1963529339260312,-0.9945093999999998,0.030599900000001,0.0127624999999981,-1.848948299999982,-0.8056961000000051,1.0803666999999924,-31.9958096,37.0,-40.0083808,100.0,34.02,17.141080600007015,11.354018400004614,11.663672900004745,11.766892000004782,35.71354770001455,1168.365586399997,-1.0070856,-0.0743927999999997,0.0204341000000004,5.158820500000005,1.831,1.9074497000000024,-3.761807699999964,16.0,-93.46129840000008,100.0,32.3198491,139.7880197999943,104.10375439999603,112.64958499999572,62.9283889999976,250.17485519999047,1385.393964399996,-1.0129840999999995,-0.0135115000000013,0.0210305999999997,-5.197778399999986,-8.265214000000004,0.3568621999999911,-14.754514099999964,38.0,68.22996170000003,100.0,32.6173895,159.39795809999396,3.8501921999998543,3.080153899999884,3.080153899999884,8.470422699999679,1169.456246900005,-1.0081207,0.1123769,0.0012814999999994,2.990202599999989,1.6123305000000026,4.131949000000001,-5.968393399999987,31.0,37.38365030000004,100.0,33.0326434,77.09756080000345,1.760218400000079,1.4081747000000628,1.4081747000000628,3.872480500000173,1046.3798132999975,-0.9974116999999992,0.0819243000000025,-0.0088692999999979,2.9132565000000312,1.6324955999999986,1.162230300000001,6.321731400000024,1.3436373999998068,4.063239600000349,100.0,40.44,104.49180279999815,118.17438409999778,84.23712489999842,63.6323604999988,236.3122059999955,1428.5264067000044,-1.0019438000000005,-0.0088721000000001,-0.0254722999999984,0.3408966000000066,1.9311751999999995,5.007718200000001,10.500215499999976,-15.0,25.499784500000025,100.0,33.43,108.60332719999984,64.28369789999945,56.65681839999951,68.09713759999941,181.95555209999844,929.1922681000034,442,X1.5075 Y1.6748 Z-0.0267
16:31:40.249,5,446,1.48459,1.65452,-0.02781,85.26976,58.90996,-26.6989,,185.42,0,0,,2,1,"{""sr"":{""mpox"":85.26976,""mpoy"":58.90996,""mpoz"":-26.6989,""mpoa"":0,""posx"":1.48459,""posy"":1.65452,""posz"":-0.02781,""posa"":0,""unit"":0,""stat"":5,""coor"":2,""momo"":1,""dist"":0,""home"":1,""mots"":1,""plan"":0,""line"":446,""path"":2,""frmo"":2,""prbe"":1,""safe"":0,""estp"":0,""spc"":1,""hold"":0,""macs"":5,""cycs"":1,""sps"":12000,""feed"":185.42,""mark"":2030957660}}",5.129402231253705,0.1947589759993372,0.2035101490412257,0.2072153663432853,5.129402231253705,0.1947589759993372,0.2035101490412257,0.2072153663432853,-0.98987318,0.0446137199999999,0.0168773599999999,-1.671530540000002,-0.9120465799999996,0.9809476400000005,-32.0,37.0,-39.93592146,100.0,34.03,132.8617923199992,102.91614745999938,105.72263131999937,106.65855277999935,322.782461359998,1305.9876939800015,-1.01227,-0.07603574,0.0646604599999997,5.051598040000003,2.4689078399999955,2.08384728,-3.804009859999996,16.050950020000005,-94.05095002,100.0,32.31101898,34.07098184000063,26.26263162000053,28.22252938000057,15.87517322000032,63.10871266000128,1814.8395691999983,-0.97198318,-0.02037656,0.0098983599999999,-4.893062960000004,-8.30280994,0.2797779600000007,-2.737084640000055,7.429231080000149,13.243737540000264,100.0,32.62,40.37560388000082,0.9775304600000196,0.7820247200000158,0.7820247200000158,2.150566600000043,2020.4672161600004,-1.01526102,0.1251684399999999,-0.00277596,2.84690974,1.6322863400000005,4.155737039999998,-6.0,30.339372500000003,37.04088772,100.0,33.0104089,143.35613861999954,3.303136679999989,2.642509119999992,2.642509119999992,7.266900799999977,1756.5221423800006,-1.0155856199999995,0.2320556600000001,0.0341493999999997,2.951234579999999,1.568469219999998,1.2421340199999995,8.114023340000012,11.30462908000002,1.149010540000039,100.0,40.44577502,63.82144048000025,74.97096878000029,53.440844980000215,40.36898280000016,149.94193756000058,2002.81844186,-1.0123597000000002,-0.0043252999999999,0.00999254,0.4112494599999998,1.9547737199999995,4.84957932,10.0,-15.0,24.58122154,100.0,33.42,81.94440800000025,52.89804566000007,46.98714308000007,56.48166414000008,150.52263300000018,1046.4251968800002,446,X1.4819 Y1.6514 Z-0.028
16:31:40.506,5,450,1.4672,1.62873,-0.02893,84.82801,58.25507,-26.72741,,185.42,0,0,,2,1,"{""sr"":{""mpox"":84.82801,""mpoy"":58.25507,""mpoz"":-26.72741,""mpoa"":0,""posx"":1.4672,""posy"":1.62873,""posz"":-0.02893,""posa"":0,""unit"":0,""stat"":5,""coor"":2,""momo"":1,""dist"":0,""home"":1,""mots"":1,""plan"":0,""line"":450,""path"":2,""frmo"":2,""prbe"":1,""safe"":0,""estp"":0,""spc"":1,""hold"":0,""macs"":5,""cycs"":1,""sps"":12000,""feed"":185.42,""mark"":2030957660}}",5.421759478232582,0.1978732841535874,0.2035961647987674,0.1996481178874199,5.421759478232582,0.1978732841535874,0.2035961647987674,0.1996481178874199,-0.9953442000000002,0.0447578000000001,-0.0127906,-1.854142600000005,-0.8435397999999931,0.9411949999999966,-32.0,37.0,-39.206666399999975,100.0,34.039997,29.71581279999595,22.699579399996907,23.11229939999685,23.31865859999682,70.98777539999033,1245.594101400006,-1.008563,-0.0749022,0.0140057999999999,5.393084000000001,1.7626383999999995,2.1139159999999992,-3.830336400000024,16.120677600000004,-94.2903412,100.0,32.3283034,142.641418600004,94.38462020000264,102.19086680000284,56.77270360000159,227.8004740000064,1466.990865800003,-0.9685621999999998,-0.0414591999999998,-0.0024677999999998,-5.281272400000006,-8.215445999999995,0.4214268000000067,-13.873473599999995,38.74694639999999,67.70581100000003,100.0,32.6283234,146.80859600000403,3.529053000000097,2.8232422000000774,2.8232422000000774,7.763916200000212,1533.800423600009,-1.0219150000000006,0.1213776000000001,-0.0076839999999998,2.829578,1.8393451999999988,4.004116400000001,-6.0,31.13680619999998,36.13680619999998,100.0,33.0139152,85.33584659999778,1.957676999999948,1.5661419999999584,1.5661419999999584,4.306889799999886,1313.8062444000088,-1.001871000000002,0.0651837999999997,-0.0023509999999994,0.8795099999999905,1.75362640000001,1.2281711999999982,11.07586140000008,18.31097180000002,8.772874599999918,100.0,40.4357984,92.19672880000118,113.07146000000148,80.59965620000104,60.88463280000078,225.5630670000029,1709.081875199999,-1.0019748000000002,-0.0150385999999999,-0.0006143999999992,0.5505450000000037,1.7873271999999985,4.919908800000003,10.531141600000003,-15.0,25.889116000000016,100.0,33.43,107.2905322000006,62.14352600000036,54.70754880000031,65.86151540000037,175.276612400001,1195.2606872000056,450,X1.464 Y1.6218 Z-0.0292
16:31:40.762,5,453,1.45703,1.59916,-0.03002,84.56964,57.50393,-26.75492,,185.42,0,0,,2,1,"{""sr"":{""mpox"":84.56964,""mpoy"":57.50393,""mpoz"":-26.75492,""mpoa"":0,""posx"":1.45703,""posy"":1.59916,""posz"":-0.03002,""posa"":0,""unit"":0,""stat"":5,""coor"":2,""momo"":1,""dist"":0,""home"":1,""mots"":1,""plan"":0,""line"":453,""path"":2,""frmo"":2,""prbe"":1,""safe"":0,""estp"":0,""spc"":1,""hold"":0,""macs"":5,""cycs"":1,""sps"":12000,""feed"":185.42,""mark"":2030957660}}",5.076935038117438,0.1995246624359734,0.2034322625757508,0.1954592706756505,5.076935038117438,0.1995246624359734,0.2034322625757508,0.1954592706756505,-0.99200944,0.0463104399999999,-0.0035829199999998,-1.916215640000008,-0.9994241600000052,0.896033480000001,-32.0,37.0,-39.327687959999984,100.0,34.03998592,95.20828616000236,74.26709376000186,75.61598276000188,76.2925604000019,231.57687964000576,1141.1847176400004,-1.00486068,-0.081723,0.0327691999999999,5.239709759999993,1.9993408400000043,1.9655120000000004,-3.626613360000012,16.0,-94.35578296000004,100.0,32.323733600000004,67.48841559999791,49.01622775999845,53.49686915999831,29.600113879999068,119.21294667999622,1290.77100628,-1.02680108,-0.03177552,0.0225500399999997,-5.270094079999995,-8.051906359999998,0.417230840000001,-13.378167999999988,38.0,67.37816799999999,100.0,32.6151284,77.47334891999763,1.8908413599999416,1.5126726799999537,1.5126726799999537,4.1598510399998725,1232.015012200002,-1.0091374000000004,0.11507872,-0.0106008399999998,2.897952960000003,1.7833673599999993,3.985417279999999,-6.0,31.0,36.56602832000001,100.0,33.02004324,122.26209004000135,2.830140600000031,2.264112600000025,2.264112600000025,6.2263105200000695,1024.9270175599972,-0.9780333600000006,0.2504596399999969,-0.0202659600000009,2.258902440000013,1.2671704799999963,1.1753530400000003,11.05181295999994,10.993262719999974,11.813603199999983,100.0,40.42453396,72.94757099999927,88.41316871999913,63.02272023999938,47.60709035999954,176.37293631999827,1377.6806355999954,-1.0038618,-0.01522608,-0.0079002400000001,0.5136313199999989,1.5822659200000018,4.981069520000001,10.0,-15.51936664,26.215520199999997,100.0,33.44,93.06052763999948,55.75343131999979,49.32841611999982,59.11786247999978,157.95147995999943,1055.001218079998,453,X1.4565 Y1.5968 Z-0.0301
16:31:41.019,5,457,1.4548,1.568,-0.03113,84.51305,56.71244,-26.78329,,185.42,0,0,,2,1,"{""sr"":{""mpox"":84.51305,""mpoy"":56.71244,""mpoz"":-26.78329,""mpoa"":0,""posx"":1.4548,""posy"":1.568,""posz"":-0.03113,""posa"":0,""unit"":0,""stat"":5,""coor"":2,""momo"":1,""dist"":0,""home"":1,""mots"":1,""plan"":0,""line"":457,""path"":2,""frmo"":2,""prbe"":1,""safe"":0,""estp"":0,""spc"":1,""hold"":0,""macs"":5,""cycs"":1,""sps"":12000,""feed"":185.42,""mark"":2030957660}}",5.400794784253884,0.2098292052896289,0.2121582483186731,0.2081840779837706,5.400794784253884,0.2098292052896289,0.2121582483186731,0.2081840779837706,-0.9922284999999996,0.0428162399999998,-0.0167904399999971,-1.7229395599999784,-0.943958599999997,1.0940741399999938,-32.0,36.46334097999995,-38.54409630000005,100.0,34.03463348,75.12052855999175,50.69483529999443,50.69483529999443,51.616559459994335,156.6931266199828,1659.7347170599776,-1.0066122000000002,-0.0715332000000011,0.0358311799999994,5.396484960000015,1.8208383000000048,2.027579060000005,-1.804814439999851,7.635966579999442,-44.06631581999673,100.0,32.333887,100.84054072000674,68.6349233800046,75.49841544000506,41.18095352000276,167.3636199800112,2177.2328040400234,-0.9616402400000044,-0.0115257999999993,0.0011952000000002,-5.1499924599999884,-8.068888820000009,0.4742199199999947,-13.527316500000037,38.0,67.17127072000001,100.0,32.62527312,109.15449052000722,2.6365821200001744,2.1092656200001394,2.1092656200001394,5.800479740000385,2136.4248453400087,-1.0170108999999994,0.1211282600000046,-0.0196051600000004,2.952700860000004,1.7557184799999943,4.071804720000005,-6.0,31.0,37.34596148,100.0,33.02346004,106.13604621999583,2.419912459999906,2.105985919999941,1.935930199999925,5.807790059999775,2066.789590979995,-1.0380661399999966,0.3178144800000025,0.1020996799999988,1.7067747199999357,1.4733420600000002,1.325283560000002,12.977647259999973,7.592534700000215,4.166174759999403,100.0,40.42,85.36644456000226,99.67938192000264,71.05350820000187,53.67351362000142,198.84758724000525,3212.5664070000557,-1.0071151200000006,-0.0109199199999992,0.0086243800000012,0.4418729599999976,1.7818995200000145,4.851969320000003,5.201700279999916,-7.166680459999945,13.357851219999851,100.0,33.43745666,106.10560368000117,58.10544986000063,51.537007100000565,61.64230260000068,164.71631780000178,1543.3337261400002,457,X1.4552 Y1.5622 Z-0.0314
16:31:41.278,5,460,1.46066,1.53726,-0.03228,84.66193,55.93167,-26.8125,,185.42,0,0,,2,1,"{""sr"":{""mpox"":84.66193,""mpoy"":55.93167,""mpoz"":-26.8125,""mpoa"":0,""posx"":1.46066,""posy"":1.53726,""posz"":-0.03228,""posa"":0,""unit"":0,""stat"":5,""coor"":2,""momo"":1,""dist"":0,""home"":1,""mots"":1,""plan"":0,""line"":460,""path"":2,""frmo"":2,""prbe"":1,""safe"":0,""estp"":0,""spc"":1,""hold"":0,""macs"":5,""cycs"":1,""sps"":12000,""feed"":185.42,""mark"":2030957660}}",5.128149227559736,0.194261246864366,0.2002238772168464,0.20427176824423,5.128149227559736,0.194261246864366,0.2002238772168464,0.20427176824423,-0.9924192000000002,0.0348705599999997,-0.0074635199999996,-1.83062432,-0.993574679999996,0.8719696399999959,-32.0,37.0,-39.9969184,100.0,34.04,52.46499512000489,39.54467200000369,39.5415910400037,40.26058492000376,121.50691156001136,1212.4862525600076,-1.0051082799999995,-0.0715356000000001,0.0297627200000002,5.522768999999998,1.879608839999996,2.038463720000001,-4.0,16.055469520000006,-93.94453048,100.0,32.33889048,122.71893039999505,76.66613759999697,85.05149687999663,45.5759882799982,187.52813451999256,1860.5104779600035,-0.9739553200000018,-0.0483345200000008,0.0210473599999994,-5.666477879999996,-8.098403280000007,0.5243331599999985,-13.0,37.46141888000003,67.59561843999998,100.0,32.62057024,122.8115185999952,2.978093199999883,2.3824747599999068,2.3824747599999068,6.551805199999744,1978.229927239996,-1.0022208799999994,0.1430934000000006,-0.0152334000000003,2.9436870799999992,1.789765359999998,3.987660760000002,-3.735883679999901,17.04461703999961,21.10452447999948,100.0,33.015630720000004,98.58802904000277,2.250868240000063,2.250868240000063,1.8006947200000505,5.402083520000152,1501.50069376,-0.9776993999999978,0.2074496799999996,0.0178045200000001,1.964752919999957,1.4945200399999896,1.1916334800000024,9.847869280000037,-2.0340976399998327,-3.776612760000124,100.0,40.4186734,91.20021863999844,104.51103823999826,74.24852451999875,56.49344287999905,208.8893994799965,2564.607738599995,-1.0067651199999998,-0.00825624,0.0049452799999994,0.3496577199999972,1.8484271599999915,4.822,11.0,-15.0,26.0,100.0,33.434870000000004,113.18057107999896,58.47902779999958,51.810366519999626,62.22974271999957,166.36344911999882,1325.2223334800074,460,X1.4608 Y1.5368 Z-0.0323
16:31:41.535,5,464,1.47431,1.50914,-0.03337,85.00863,55.21751,-26.84001,,185.42,0,0,,2,1,"{""sr"":{""mpox"":85.00863,""mpoy"":55.21751,""mpoz"":-26.84001,""mpoa"":0,""posx"":1.47431,""posy"":1.50914,""posz"":-0.03337,""posa"":0,""unit"":0,""stat"":5,""coor"":2,""momo"":1,""dist"":0,""home"":1,""mots"":1,""plan"":0,""line"":464,""path"":2,""frmo"":2,""prbe"":1,""safe"":0,""estp"":0,""spc"":1,""hold"":0,""macs"":5,""cycs"":1,""sps"":12000,""feed"":185.42,""mark"":2030957660}}",5.2898881207231785,0.2000928765980224,0.2217125047594126,0.2182268359378876,5.2898881207231785,0.2000928765980224,0.2217125047594126,0.2182268359378876,-0.99099532,0.0475786999999992,-0.0163648399999976,-1.6009602800000042,-0.8342455200000125,0.8542886,-32.0,37.0,-39.43896886000014,100.0,34.03221834,115.16949035998998,85.59894517999254,84.04260105999268,86.37711773999247,260.6876978999773,1542.9896280999874,-1.00348676,-0.0793360599999992,0.0492113199999976,5.459690260000014,1.9035480399999904,1.9933844999999968,-3.6620421599999418,16.695734279999954,-94.03369212,100.0,32.32425118,55.37631734000863,38.33745062000597,42.90143252000669,22.81991094000356,94.62656356001476,1619.3807224999734,-1.000468460000004,-0.0321871399999993,0.036159459999999,-5.219730279999994,-8.162618059999977,0.3299045600000146,-12.687098540000116,38.03407096000001,67.34354966000005,100.0,32.61343552,63.44305890000961,1.5473915000002345,1.2379135800001873,1.2379135800001873,3.404261480000516,1696.115583420002,-1.0160657799999986,0.0832971800000023,-7.578000000152564e-05,2.808258160000014,1.838064219999996,4.186147660000013,-6.395991600000025,31.070045360000023,36.79198342000005,100.0,33.01604036,131.60379115999453,3.020042339999875,3.020042339999875,2.4160333799999,7.2481006999997,1441.4583040399996,-1.0057881599999992,0.2676720600000241,-0.0070543399999986,2.55528316000002,1.543592580000028,1.1874275799999987,8.195373640000222,-1.910030699999696,11.153336699999231,100.0,40.4208063,70.60442060000297,83.01368172000349,59.05096932000248,44.50217998000188,166.02736422000697,2224.156877799961,-1.0029302600000003,-0.0106581799999991,-0.003856419999999,0.3429678600000115,1.6529791399999954,4.77427688,11.0,-15.0,26.76602411999989,100.0,33.43,78.97200998000125,53.58814962000085,47.47722020000074,56.87865014000089,151.3630187000024,1423.117586279989,464,X1.4764 Y1.5059 Z-0.0335
16:31:41.793,5,468,1.4947,1.48545,-0.03447,85.52651,54.61567,-26.86795,,185.42,0,0,,2,1,"{""sr"":{""mpox"":85.52651,""mpoy"":54.61567,""mpoz"":-26.86795,""mpoa"":0,""posx"":1.4947,""posy"":1.48545,""posz"":-0.03447,""posa"":0,""unit"":0,""stat"":5,""coor"":2,""momo"":1,""dist"":0,""home"":1,""mots"":1,""plan"":0,""line"":468,""path"":2,""frmo"":2,""prbe"":1,""safe"":0,""estp"":0,""spc"":1,""hold"":0,""macs"":5,""cycs"":1,""sps"":12000,""feed"":185.42,""mark"":2030957660}}",5.210626494612046,0.1971375257612028,0.1837493787584112,0.1862141681511029,5.210626494612046,0.1971375257612028,0.1837493787584112,0.1862141681511029,-0.99045726,0.04141308,-0.0057829200000001,-1.9333087199999983,-1.076204539999998,1.026121219999999,-32.935439859999995,36.05967966000001,-40.049918700000006,100.0,34.04,9.097008960000792,7.10163260000062,6.907952180000609,7.10163260000062,21.49369768000185,1589.834419720003,-1.00258762,-0.0618411200000002,0.0228721,5.515498519999999,1.614915580000002,2.0383786000000006,-3.0,16.804701379999997,-93.19529862,100.0,32.342043839999995,155.9763361799992,99.7920789999995,112.66730801999944,58.75228679999972,246.2568637999988,1770.7130032600016,-0.9297138400000003,-0.078882139999999,-0.0048098599999998,-5.260388299999999,-8.346547339999999,0.3791286800000003,-14.0,38.19618118,67.00952446,100.0,32.61196178,166.3809277999992,4.0190930999999805,3.2152742799999845,3.2152742799999845,8.842004959999956,2192.609771760001,-0.9595283,0.0820090799999999,-0.00835472,2.9330212200000005,1.72725954,3.94642956,-6.662783239999998,30.98105848,35.70066628000001,100.0,33.01356194,72.83872890000046,1.6860819200000103,1.6860819200000103,1.3488651600000083,4.046596360000025,1784.6178424200025,-0.9847226200000002,0.2036405199999994,-0.0164014199999998,1.5900444799999982,1.2807668000000032,1.3183629599999998,4.376167640000033,3.7681258200000456,5.2993264400000175,100.0,40.44,106.96700459999974,119.3331319799997,84.7079743999998,64.30386421999984,239.2845713199994,2622.1525020799986,-1.00081484,-0.01689096,-0.0252392,0.4293729199999996,1.656403260000002,4.94071296,10.519446819999995,-15.0,26.0,100.0,33.44519444,109.32422693999992,61.74199815999993,54.63893603999994,65.56672365999992,175.3909845599998,1678.6493343000018,468,X1.5002 Y1.4807 Z-0.0348
16:31:42.050,5,471,1.52051,1.46781,-0.03563,86.18211,54.16764,-26.89759,,185.42,0,0,,2,1,"{""sr"":{""mpox"":86.18211,""mpoy"":54.16764,""mpoz"":-26.89759,""mpoa"":0,""posx"":1.52051,""posy"":1.46781,""posz"":-0.03563,""posa"":0,""unit"":0,""stat"":5,""coor"":2,""momo"":1,""dist"":0,""home"":1,""mots"":1,""plan"":0,""line"":471,""path"":2,""frmo"":2,""prbe"":1,""safe"":0,""estp"":0,""spc"":1,""hold"":0,""macs"":5,""cycs"":1,""sps"":12000,""feed"":185.42,""mark"":2030957660}}",5.256813598529383,0.2085019774058188,0.2156198329368392,0.2122993187742273,5.256813598529383,0.2085019774058188,0.2156198329368392,0.2122993187742273,-0.99681636,0.044815,-0.0109690399999995,-1.7914729199999906,-1.0773134400000095,0.8092025199999928,-32.08783231999996,37.0,-39.91148264000004,100.0,34.04,130.4426928000056,100.3384251600043,96.68975552000414,99.42625840000429,301.92675904001294,1772.6582416399842,-1.00577716,-0.0736963999999998,0.0192520399999997,5.33595044,1.8622852000000052,2.0267882399999984,-3.790354720000028,16.141803280000005,-94.0,100.0,32.3372254,38.88844719999614,25.71855403999664,29.35036971999613,15.094475919998011,63.45474379999167,1318.5073799999898,-1.01808484,-0.0307987200000001,0.03372788,-4.918907439999978,-8.310186760000002,0.3347276399999946,-13.856951959999993,38.0,67.78986908000003,100.0,32.62277228,43.49707975999437,1.050653839999864,0.8405228399998913,0.8405228399998913,2.3114385999997014,1421.9007575599933,-1.0102057600000005,0.1280825200000003,-0.0127832799999997,2.9308750800000007,1.6106015999999963,4.220596720000008,-6.0,30.94547760000003,36.63893124,100.0,33.012921920000004,141.76032156000315,3.2663665200000724,3.2663665200000724,2.613093800000058,7.839280400000173,1456.4294042800009,-0.954681520000002,0.3473829999999905,0.0003234399999999,2.008042480000027,2.1175900400000285,1.2478561199999978,13.780582920000056,9.134761760000035,19.20556240000005,100.0,40.419493200000005,62.58611383999818,75.18884379999795,53.37239239999855,40.5162686799989,150.7672677199959,1988.027203479996,-1.0084316800000002,-0.0044225999999996,0.0179906000000009,0.3900574399999911,1.834999520000005,4.951909199999999,10.0,-15.0,25.41311220000002,100.0,33.45,101.3452319999994,51.210078559999545,45.72328471999959,54.86794167999951,146.3145111999987,1307.6593027599968,471,X1.5222 Y1.4669 Z-0.0357
16:31:42.308,5,475,1.55001,1.45744,-0.03672,86.93127,53.90419,-26.9251,,185.42,0,0,,2,1,"{""sr"":{""mpox"":86.93127,""mpoy"":53.90419,""mpoz"":-26.9251,""mpoa"":0,""posx"":1.55001,""posy"":1.45744,""posz"":-0.03672,""posa"":0,""unit"":0,""stat"":5,""coor"":2,""momo"":1,""dist"":0,""home"":1,""mots"":1,""plan"":0,""line"":475,""path"":2,""frmo"":2,""prbe"":1,""safe"":0,""estp"":0,""spc"":1,""hold"":0,""macs"":5,""cycs"":1,""sps"":12000,""feed"":185.42,""mark"":2030957660}}",5.335916893563214,0.2011565195529707,0.2024134823873038,0.1921261632367716,5.335916893563214,0.2011565195529707,0.2024134823873038,0.1921261632367716,-0.9928193999999998,0.0469680799999999,-0.0079579200000001,-1.709,-0.9453742800000028,0.8076875200000013,-24.29523063999928,27.332134639999197,-30.366378439999103,100.0,34.047592439999995,35.87533148000333,26.48514436000246,25.28127384000235,26.24436984000244,79.21465780000736,1743.9582350799922,-1.0072793999999998,-0.0705489199999998,0.0160276399999996,5.211859999999996,1.8647230000000008,2.033494280000001,-3.0,16.0,-94.31957856,100.0,32.31639156,125.19754039999712,82.33099111999809,94.5785772399978,48.30992051999888,204.12642483999528,1696.16385832,-1.00992316,-0.0329152399999999,0.0251255199999997,-5.164388240000002,-8.059029279999999,0.468446799999999,-12.348881000000048,33.51839172000013,59.77767164000022,100.0,32.6232056,139.96764067999678,3.3972725599999216,2.7178185999999376,2.7178185999999376,7.474000079999827,1667.052188920007,-1.0092552799999996,0.1195771599999998,-0.01260204,2.898535119999999,1.6470897600000056,4.078985039999999,-6.0,31.59372635999999,37.0,100.0,33.013516200000005,88.00557564000185,2.0313684400000414,2.0313684400000414,1.6250948000000334,4.8752851600001,1272.1747853999996,-0.8975614400000005,0.4344263599999973,-0.0056762800000009,2.7952567599999827,1.5506923999999982,1.264162679999999,13.252510679999954,10.214688920000084,11.97189079999977,100.0,40.4143082,93.916848479999,109.85425219999884,77.97944375999917,59.19607355999936,220.27769783999764,2347.8781680399948,-1.0056632,-0.0097737599999998,0.0061180800000002,0.4261964000000051,1.790616159999996,4.927846559999998,10.867594159999989,-15.0,26.52999152,100.0,33.444700000000005,85.3286661999996,59.35907207999973,52.99917179999975,63.06901423999971,169.5973493599992,1392.8477764799975,475,X1.5552 Y1.4564 Z-0.0369
16:31:42.564,5,478,1.5812,1.455,-0.0378,87.7236,53.84224,-26.95262,,185.42,0,0,,2,1,"{""sr"":{""mpox"":87.7236,""mpoy"":53.84224,""mpoz"":-26.95262,""mpoa"":0,""posx"":1.5812,""posy"":1.455,""posz"":-0.0378,""posa"":0,""unit"":0,""stat"":5,""coor"":2,""momo"":1,""dist"":0,""home"":1,""mots"":1,""plan"":0,""line"":478,""path"":2,""frmo"":2,""prbe"":1,""safe"":0,""estp"":0,""spc"":1,""hold"":0,""macs"":5,""cycs"":1,""sps"":12000,""feed"":185.42,""mark"":2030957660}}",5.293898004039439,0.2150557298387967,0.2188195548002565,0.2111365369447887,5.293898004039439,0.2150557298387967,0.2188195548002565,0.2111365369447887,-0.992,0.0451790399999998,0.0127179599999988,-1.7358166400000083,-0.998200120000002,0.8591530400000063,-31.64121515999997,37.0,-38.72205312000007,100.0,34.05719816,94.908831239995,70.53368287999628,67.32760643999644,69.8902259999963,210.95759239998884,1485.6678755199905,-1.0102371600000002,-0.07881856,0.0424092400000003,5.420881360000005,1.6900422399999977,1.9905407200000056,-3.0,16.0,-92.60077212000002,100.0,32.32985368,66.68599532000412,48.56093664000284,56.13570344000329,28.26977840000166,120.34848528000704,1630.3683765999997,-0.9796504000000004,-0.0335493200000002,0.0034050800000001,-5.298471760000009,-8.244461279999992,0.3297453600000014,-13.898544640000006,37.40566364000002,67.89854464000001,100.0,32.62,83.97239668000486,2.028318560000117,1.6226549200000937,1.6226549200000937,4.462301120000258,1670.7607924399972,-1.01260464,0.1129828399999997,-0.0101716800000001,2.8416235999999997,1.800914439999997,3.948419000000002,-6.349011039999998,31.20219199999999,37.0,100.0,33.00651016,119.61114235999726,2.756017119999937,2.756017119999937,2.2048140799999496,6.614441239999849,1360.6420265599943,-1.01545344,0.2061984799999952,0.0151784800000001,3.4722651600000094,1.4520272800000102,1.1128502800000013,11.072442719999982,3.5408870800001035,3.874511440000077,100.0,40.41,77.90510120000152,89.97301660000173,64.00142440000123,48.696735600000935,179.94603384000345,1514.1530144799967,-1.00331488,-0.0104916800000003,0.0181773199999991,0.3938329600000064,1.9498782400000023,4.973550719999994,10.79985151999998,-15.514822399999996,26.0,100.0,33.455147839999995,101.40840784000108,54.33989608000042,48.517764600000376,57.73613992000045,154.9718172400012,1102.2199336799997,478,X1.5812 Y1.455 Z-0.0378
16:31:42.822,5,482,1.61187,1.46069,-0.03898,88.50269,53.98674,-26.98268,,185.42,0,0,,2,1,"{""sr"":{""mpox"":88.50269,""mpoy"":53.98674,""mpoz"":-26.98268,""mpoa"":0,""posx"":1.61187,""posy"":1.46069,""posz"":-0.03898,""posa"":0,""unit"":0,""stat"":5,""coor"":2,""momo"":1,""dist"":0,""home"":1,""mots"":1,""plan"":0,""line"":482,""path"":2,""frmo"":2,""prbe"":1,""safe"":0,""estp"":0,""spc"":1,""hold"":0,""macs"":5,""cycs"":1,""sps"":12000,""feed"":185.42,""mark"":2030957660}}",5.333385209437382,0.1999449117808859,0.2030464130726324,0.204287870749656,5.333385209437382,0.1999449117808859,0.2030464130726324,0.204287870749656,-0.9983299999999994,0.0408335999999992,0.0285777599999991,-1.866051960000029,-0.976688,0.8248472000000059,-32.5169702400001,36.0,-39.0051168,100.0,34.05994904,78.57949652001449,56.86674088001048,54.28188912001001,55.83280036001029,169.56628312003122,1693.939196799946,-1.0105437599999991,-0.0749122399999994,0.0413585200000008,5.570435239999998,1.7243107200000158,2.046447039999987,-1.676644719999754,8.942104999998689,-53.09374911999222,100.0,32.33585836,74.92394579998961,58.38229499999191,67.62615867999062,34.05633859999528,144.49618051998,1836.400220399951,-1.0163567200000003,-0.0452216399999987,0.0314675599999987,-5.2180474800000205,-8.126910759999973,0.3439582399999941,-14.0,37.43754880000008,68.0,100.0,32.62437528,101.13806019998628,2.4312031599996704,1.944962519999736,1.944962519999736,5.348647439999274,1913.065529119977,-1.009608839999999,0.1338156799999996,-0.0202043199999993,2.8590263999999976,1.8466209600000136,4.063404919999984,-6.0,31.0,36.84876208000003,100.0,33.026451,110.18612204000776,2.530673560000177,2.0245387200001423,2.0245387200001423,5.56748140000039,1493.844906560016,-0.9960015199999948,0.1652002400000016,0.0301872399999972,4.083244600000116,1.3119652000000126,1.1901488799999984,7.709080479999858,0.4972514399997407,-1.4096524399994297,100.0,40.42822736,82.04385915999579,95.88258211999508,68.2051357199965,51.89521207999734,191.76516423999016,1617.143358200015,-1.0020798400000002,-0.0167967599999989,-0.0063231999999995,0.4528173199999935,1.8987738000000327,4.817888719999996,10.50312120000001,-15.0,25.21473855999996,100.0,33.45,103.84769367999785,55.65043827999884,49.68789175999896,59.62547011999876,159.00125315999668,1421.321878240002,482,X1.6151 Y1.4617 Z-0.0391
16:31:43.078,5,486,1.6401,1.47409,-0.04007,89.21968,54.3271,-27.0102,,185.42,0,0,,2,1,"{""sr"":{""mpox"":89.21968,""mpoy"":54.3271,""mpoz"":-27.0102,""mpoa"":0,""posx"":1.6401,""posy"":1.47409,""posz"":-0.04007,""posa"":0,""unit"":0,""stat"":5,""coor"":2,""momo"":1,""dist"":0,""home"":1,""mots"":1,""plan"":0,""line"":486,""path"":2,""frmo"":2,""prbe"":1,""safe"":0,""estp"":0,""spc"":1,""hold"":0,""macs"":5,""cycs"":1,""sps"":12000,""feed"":185.42,""mark"":2030957660}}",5.108118588191276,0.1893749504373187,0.2003266970288746,0.2078927719854652,5.108118588191276,0.1893749504373187,0.2003266970288746,0.2078927719854652,-0.99129708,0.04869844,-0.0360480799999978,-1.8143450400000043,-0.8606214800000063,0.954082839999998,-32.63651479999997,36.004046079999995,-39.99190848,100.0,34.06,58.08073028000543,39.983351120003725,38.16592640000356,39.25638136000366,119.22308396001112,2006.481886359987,-0.9982161199999996,-0.0718369199999999,0.0067341200000004,5.133573639999981,1.8723038400000032,2.022248919999997,-3.540419839999972,16.0,-93.91916032000006,100.0,32.33891244,97.76537867999616,71.37646999999716,82.67774403999671,41.63627431999834,176.65676275999297,1702.2009511599904,-0.98278376,-0.029547040000001,0.0098465199999991,-5.25813579999999,-8.153995560000002,0.3625799999999997,-14.0,37.0,68.0,100.0,32.63073536,122.6586577599952,2.964123559999884,2.3712989199999064,2.3712989199999064,6.521072119999744,1818.2403141599884,-0.9950867200000002,0.11977952,-0.0022643200000007,2.8548438399999987,1.7222380799999992,3.9818707200000034,-6.0,31.0,37.0,100.0,33.02449088,96.55406296000264,2.245443520000061,2.245443520000061,1.796354960000049,4.939974960000136,1647.982293159986,-0.987346079999998,0.2626231599999933,-0.0257458400000024,2.570579040000005,1.81090544,1.1979094399999948,9.678122919999945,1.3029087999997282,-11.313444279999915,100.0,40.40594624,88.09536895999851,104.36724239999825,74.24061599999875,56.48742515999905,208.32911903999653,2268.2089494799984,-1.00152448,-0.00221588,-0.0189118799999997,0.5095750399999989,1.8827795200000077,4.810235680000002,10.160832520000016,-15.160832520000016,25.160832520000017,100.0,33.45,112.9030968399986,57.6261333199996,51.45190435999964,61.74228531999957,165.16061359999884,1609.2098881999866,486,X1.6457 Y1.4779 Z-0.0403
16:31:43.337,5,489,1.6639,1.49435,-0.04115,89.8242,54.84173,-27.03771,,185.42,0,0,,2,1,"{""sr"":{""mpox"":89.8242,""mpoy"":54.84173,""mpoz"":-27.03771,""mpoa"":0,""posx"":1.6639,""posy"":1.49435,""posz"":-0.04115,""posa"":0,""unit"":0,""stat"":5,""coor"":2,""momo"":1,""dist"":0,""home"":1,""mots"":1,""plan"":0,""line"":489,""path"":2,""frmo"":2,""prbe"":1,""safe"":0,""estp"":0,""spc"":1,""hold"":0,""macs"":5,""cycs"":1,""sps"":12000,""feed"":185.42,""mark"":2030957660}}",5.355739999720317,0.2041000798762825,0.204564678915428,0.2053584871184466,5.355739999720317,0.2041000798762825,0.204564678915428,0.2053584871184466,-0.99278546,0.0478854999999999,-0.0045384199999997,-1.8312665,-1.065941639999997,0.743735100000001,-32.00437388,36.179190720000015,-40.179190720000015,100.0,34.0535838,142.87622205999705,89.80791087999815,85.72573359999824,88.99147565999816,268.6072975999944,1656.6244632000114,-1.00216744,-0.0753323800000001,0.0124496600000004,5.194497340000006,2.0194549599999942,2.0276765200000004,-3.0,16.28073922000001,-95.9717319,100.0,32.33308986,46.04121808000192,33.96943494000141,39.02273970000162,19.651739140000817,83.66026214000348,1983.8810827000032,-0.99774542,-0.0410397999999998,0.0075620199999998,-5.092735980000004,-8.265899560000001,0.3101082200000005,-13.309988860000017,37.0,67.0,100.0,32.6061994,58.10744316000241,1.4103748200000583,1.1282998200000467,1.1282998200000467,3.1028246400001285,2021.5575420000027,-1.00710782,0.1260547199999999,-0.0071648,2.8401221600000017,1.7050487400000018,4.017057180000001,-6.0,31.057307320000007,37.94269267999999,100.0,33.01438956,134.85793693999867,3.091757779999969,2.4734064599999748,2.4734064599999748,6.801866239999932,1547.3933316000066,-0.88818352,0.240166680000001,-0.0250263199999994,0.9436414599999832,1.735014599999992,1.1834436199999987,8.581596159999947,14.635927899999892,-4.022414280000016,100.0,40.37066006,69.75297926000076,81.03040732000086,57.64018684000062,43.85666324000047,162.06081400000173,2374.5552487000145,-1.00677752,-0.0079802,0.0013869000000001,0.3360984799999985,1.8767756000000024,4.860259280000001,10.45352313999999,-15.0,26.0,100.0,33.46,83.83449306000033,52.1636846800002,46.57471864000018,55.88966204000021,150.4363404200006,1428.093086640005,489,X1.6649 Y1.4954 Z-0.0412
16:31:43.594,5,493,1.68163,1.52007,-0.04233,90.27462,55.49493,-27.06777,,185.42,0,0,,2,1,"{""sr"":{""mpox"":90.27462,""mpoy"":55.49493,""mpoz"":-27.06777,""mpoa"":0,""posx"":1.68163,""posy"":1.52007,""posz"":-0.04233,""posa"":0,""unit"":0,""stat"":5,""coor"":2,""momo"":1,""dist"":0,""home"":1,""mots"":1,""plan"":0,""line"":493,""path"":2,""frmo"":2,""prbe"":1,""safe"":0,""estp"":0,""spc"":1,""hold"":0,""macs"":5,""cycs"":1,""sps"":12000,""feed"":185.42,""mark"":2030957660}}",5.203187521968638,0.1857915618367306,0.1871542060363766,0.205599172495594,5.203187521968638,0.1857915618367306,0.1871542060363766,0.205599172495594,-0.99299136,0.0504144400000012,-0.0135988800000009,-1.719202639999978,-0.921367719999989,0.8612919999999834,-31.96036960000009,36.0,-40.03963039999991,100.0,34.0699568,6.683194599986276,4.795432439990219,4.6238173599905865,4.795432439990219,14.478650599970488,1745.4466367200164,-1.0127903600000003,-0.0787849599999993,0.0409421999999988,5.529587080000014,1.9603121600000173,2.0528470800000083,-3.0,15.821504760000064,-94.35698951999989,100.0,32.33184672,109.28488780000836,100.21745732000772,114.18921988000878,58.32686804000448,247.26070928001903,1797.228562400004,-0.9987171999999988,-0.0180239200000004,0.0210339599999994,-5.275121960000012,-8.130149159999995,0.4144584400000065,-13.993567560000017,37.0,67.18630259999993,100.0,32.61807264,169.24268580001285,4.06848888000031,3.254790520000248,3.254790520000248,8.95067420000068,1905.5678609200145,-1.0163122800000004,0.1225039999999996,-0.0058762399999993,2.9315413599999967,1.6896588000000003,3.9276532399999935,-6.0,31.0,37.98736588000003,100.0,33.01987364,71.54496939999271,1.6485020399998322,1.3188014399998658,1.3188014399998658,3.626703719999631,1589.8799243199935,-0.898640119999997,0.248886240000005,-0.0049716799999978,2.0451141599999443,1.0508443599999495,1.1368222800000016,10.830505400000138,11.383379959999624,13.422090400001611,100.0,40.36985204,102.32026148000388,119.68118908000454,84.95933384000321,64.48344460000246,239.96761400000915,2704.8739323600057,-1.0056550400000002,-0.0075144399999997,0.014178760000001,0.5214644800000006,1.9717740400000197,4.823095199999997,11.0,-15.451408999999993,26.45140899999999,100.0,33.46,93.34032744000017,61.990825160001066,55.40772856000096,66.37955588000115,178.27424208000312,1309.0496046800033,493,X1.6838 Y1.5244 Z-0.0425
16:31:43.852,5,497,1.69219,1.54947,-0.04342,90.54273,56.24184,-27.09528,,185.42,0,0,,2,1,"{""sr"":{""mpox"":90.54273,""mpoy"":56.24184,""mpoz"":-27.09528,""mpoa"":0,""posx"":1.69219,""posy"":1.54947,""posz"":-0.04342,""posa"":0,""unit"":0,""stat"":5,""coor"":2,""momo"":1,""dist"":0,""home"":1,""mots"":1,""plan"":0,""line"":497,""path"":2,""frmo"":2,""prbe"":1,""safe"":0,""estp"":0,""spc"":1,""hold"":0,""macs"":5,""cycs"":1,""sps"":12000,""feed"":185.42,""mark"":2030957660}}",5.269224182642392,0.2047699045851012,0.2060420836676295,0.2012329197260434,5.269224182642392,0.2047699045851012,0.2060420836676295,0.2012329197260434,-0.99435828,0.04774892,-0.0076101999999999,-1.7625377600000005,-1.076706080000001,0.954724720000001,-32.0,36.75762292000002,-39.00075924,100.0,34.07,152.08792596000097,95.83183836000062,93.1950234800006,95.83183836000062,291.01227928000185,1454.4230477999986,-1.0113356,-0.0758045199999999,0.01892928,5.38529788,2.115500120000001,2.08119572,-3.0,16.0,-95.0,100.0,32.347656400000005,30.010552079999563,28.932284879999507,32.81544815999945,16.97808587999971,71.22514511999879,1732.269461839999,-0.99163572,-0.03951824,0.0054429599999999,-5.19187276,-8.175127240000002,0.2355634799999993,-13.101422439999997,36.8606432,67.10142244,100.0,32.61898576,50.56362319999918,1.2038960799999805,0.9631169599999844,0.9631169599999844,2.648570639999957,1748.294901319998,-1.01758972,0.12737624,-0.0040954399999999,2.8419124400000007,1.8160342000000007,4.07196672,-5.081780239999996,31.0,38.0,100.0,33.01361004,139.29875452000044,3.1949257600000105,2.555940680000008,2.555940680000008,7.028835840000022,1450.5110014799982,-0.8113669999999992,0.3612355600000005,0.0003376799999999,1.3728852799999984,1.5377128400000015,1.2239511200000002,12.4485264,4.738788440000017,27.713583640000053,100.0,40.38324104,65.85263471999974,77.2288645599997,54.8204897599998,41.61555443999984,154.78184291999943,2904.682433879995,-1.00094024,-0.01625288,-0.00836936,0.3465623199999983,1.9100603200000008,4.9638116000000005,6.156481199999972,-9.678289439999965,15.35811115999993,100.0,33.46457164,76.71267107999977,52.11568979999993,46.62982839999994,55.77293143999992,149.5559277599998,1240.226497359999,497,X1.6937 Y1.5575 Z-0.0437
16:31:44.109,5,500,1.6948,1.5806,-0.0445,90.60905,57.03248,-27.1228,,185.42,0,0,,2,1,"{""sr"":{""mpox"":90.60905,""mpoy"":57.03248,""mpoz"":-27.1228,""mpoa"":0,""posx"":1.6948,""posy"":1.5806,""posz"":-0.0445,""posa"":0,""unit"":0,""stat"":5,""coor"":2,""momo"":1,""dist"":0,""home"":1,""mots"":1,""plan"":0,""line"":500,""path"":2,""frmo"":2,""prbe"":1,""safe"":0,""estp"":0,""spc"":1,""hold"":0,""macs"":5,""cycs"":1,""sps"":12000,""feed"":185.42,""mark"":2030957660}}",5.22305882272662,0.198489828784221,0.1994843501694531,0.2012240643574358,5.22305882272662,0.198489828784221,0.1994843501694531,0.2012240643574358,-1.0057811599999986,0.0440311800000003,-0.0251801599999981,-1.574068100000015,-0.8572507000000199,0.9612353199999952,-32.0,36.26351278000008,-40.0,100.0,34.07,37.84094136001178,28.445949100008853,27.924005460008694,28.70692142000894,86.90367922002706,1607.5023125400064,-1.0096240600000008,-0.0883804000000007,0.0370892399999997,5.461018959999969,1.7072622400000337,1.953,-3.1136380999999878,16.0,-95.33359498000006,100.0,32.33553584,88.6318356199924,83.30059745999287,93.96307377999196,49.31395369999578,205.25267081998243,1456.937931040008,-1.0328624199999945,-0.0401892200000047,0.0056567800000007,-5.282684780000018,-8.463030620000001,0.3189800799999984,-13.885411740000013,36.78122845999993,67.88541174000001,100.0,32.616667320000005,137.32783125998836,3.333199739999717,2.666559539999773,2.666559539999773,7.333039419999378,1758.1535784000334,-1.0100167799999975,0.1439367799999985,-0.0165308400000011,3.01240002,1.740951279999996,4.003072760000006,-6.0,31.177849100000056,38.76433590000002,100.0,33.02,90.79511200000655,2.0675674800001507,1.6540535400001204,1.6540535400001204,4.548648160000331,1462.4754643000213,-0.911007139999999,0.5047305000000192,-0.0807580599999963,2.172380400000059,1.676615300000007,1.2037602999999986,10.813506419999907,-3.762571680000051,24.518901899999182,100.0,40.39728864,93.21358315999642,109.0316465599958,77.39552075999701,58.75280417999774,218.0632921199916,2254.4960885600444,-1.0131441600000002,0.0033379600000005,0.0176588400000004,0.5249024999999966,2.128952999999998,4.894290299999994,10.670811740000037,-16.0,26.0,100.0,33.47,104.8148642799982,60.57140439999897,53.72420167999908,64.78506677999889,173.28688617999703,1420.2728837599943,500,X1.6947 Y1.5835 Z-0.0446
16:31:44.366,5,504,1.68918,1.61151,-0.04569,90.46618,57.81748,-27.15307,,185.42,0,0,,2,1,"{""sr"":{""mpox"":90.46618,""mpoy"":57.81748,""mpoz"":-27.15307,""mpoa"":0,""posx"":1.68918,""posy"":1.61151,""posz"":-0.04569,""posa"":0,""unit"":0,""stat"":5,""coor"":2,""momo"":1,""dist"":0,""home"":1,""mots"":1,""plan"":0,""line"":504,""path"":2,""frmo"":2,""prbe"":1,""safe"":0,""estp"":0,""spc"":1,""hold"":0,""macs"":5,""cycs"":1,""sps"":12000,""feed"":185.42,""mark"":2030957660}}",5.293252158792774,0.2040886897593899,0.207879849018397,0.2137520181932697,5.293252158792774,0.2040886897593899,0.207879849018397,0.2137520181932697,-0.9923988,0.0465761999999995,-0.0143803999999996,-1.7946123999999932,-0.8541552,0.9644622000000036,-31.60149779999997,36.59899259999997,-40.40100740000003,100.0,34.08,99.82609719999532,65.56326679999692,64.96427419999695,66.76626279999687,201.50178399999055,1642.3304704000009,-1.0133251999999997,-0.0704579999999993,0.0273944000000001,5.257627000000002,1.7297228000000016,1.9737228000000016,-3.092398799999996,15.43211640000002,-95.0,100.0,32.3477184,52.71267480000216,54.878784800002514,61.36053060000281,32.74844840000151,134.72792200000617,1777.2510901999945,-0.9884268000000004,-0.0262508000000019,0.0088469999999993,-5.117974400000007,-8.131971599999993,0.3925596000000055,-12.359768600000038,32.98066740000018,61.6629926000003,100.0,32.6142874,89.79404840000406,2.143724000000097,1.7149790000000775,1.7149790000000775,4.716193000000214,1854.888220800002,-1.0298337999999996,0.1624081999999989,-0.0151762,2.7759744000000035,1.745468599999995,4.0068476,-6.0,31.0,38.54783640000004,100.0,33.0272608,116.40328679999772,2.682103599999948,2.145682799999958,2.145682799999958,5.900627599999885,1494.5005883999986,-0.9894405999999965,0.3852499999999978,0.0366539999999978,1.5943480000000054,1.4569627999999886,1.2719965999999985,11.525730199999993,-4.06276919999987,7.43581379999972,100.0,40.4177812,77.71919540000115,92.00836780000144,65.44925120000103,49.79834360000078,183.54246560000288,2135.8757336000062,-1.0052696000000003,-0.0060383999999998,0.0112211999999994,0.5366783999999987,1.7084216000000083,4.88417,10.0,-15.221168800000015,25.730756000000014,100.0,33.4777884,94.26498020000008,56.39748600000034,50.51253100000031,60.54195840000038,162.547845600001,1440.9858641999997,504,X1.6873 Y1.6172 Z-0.0459
16:31:44.624,5,507,1.67597,1.63978,-0.04678,90.13069,58.53573,-27.18059,,185.42,0,0,,2,1,"{""sr"":{""mpox"":90.13069,""mpoy"":58.53573,""mpoz"":-27.18059,""mpoa"":0,""posx"":1.67597,""posy"":1.63978,""posz"":-0.04678,""posa"":0,""unit"":0,""stat"":5,""coor"":2,""momo"":1,""dist"":0,""home"":1,""mots"":1,""plan"":0,""line"":507,""path"":2,""frmo"":2,""prbe"":1,""safe"":0,""estp"":0,""spc"":1,""hold"":0,""macs"":5,""cycs"":1,""sps"":12000,""feed"":185.42,""mark"":2030957660}}",5.331968921990145,0.2040077600030597,0.2030945103764838,0.1883096186254929,5.331968921990145,0.2040077600030597,0.2030945103764838,0.1883096186254929,-0.9925678000000008,0.0521250399999996,-0.0064646799999999,-1.856722279999996,-0.9085181599999916,0.8624736000000084,-31.99461,37.0,-40.56215380000007,100.0,34.0855678,84.62812496001021,60.68727392000733,60.68727392000733,61.80080196000746,187.62946108002265,1892.2416264399744,-1.0092938399999998,-0.0593423599999999,0.0236550399999993,5.340083639999984,1.7318260800000176,1.9620659600000048,-3.0,16.0,-95.39253079999996,100.0,32.33066308,56.43804463999415,59.19112011999387,65.6149621999932,35.33113359999634,144.53645539998504,1595.7726089200014,-0.9861227200000005,-0.0362927599999994,0.0170066000000011,-5.081318759999985,-8.281519720000016,0.3365855999999901,-13.931781960000013,37.0,67.93178196000001,100.0,32.61539552,95.77475275999026,2.302277599999766,1.841822319999813,1.841822319999813,5.065010799999485,1762.274667759988,-0.9874827599999988,0.1607815200000007,-0.0181078400000002,2.7453630400000004,1.7932321600000027,3.964647159999997,-5.0,31.0,38.38085656000005,100.0,33.01138424,113.34318164000544,2.5964390000001245,2.0771514000000995,2.0771514000000995,5.712166600000274,1571.270307879986,-0.8447016399999989,0.6266913600000144,-0.00591848,4.301486199999953,1.4033990799999805,1.1724763199999972,5.639709399999578,-4.670861319999672,0.0109885999998852,100.0,40.4151834,83.33010003999685,93.92699135999644,66.47140915999749,50.57607239999809,187.3723057199929,2132.917648239971,-1.00324628,-0.0102760399999998,-0.0131903999999988,0.5830329199999925,1.802411319999994,4.894948199999998,10.507425120000008,-15.688447919999962,25.80412696000003,100.0,33.47688472,91.1263900799986,57.13870955999912,51.227808439999215,61.07931015999906,164.52007691999745,1602.7733748399887,507,X1.6756 Y1.6404 Z-0.0468
16:31:44.881,5,511,1.65577,1.66356,-0.04786,89.61782,59.13969,-27.2081,,185.42,0,0,,2,1,"{""sr"":{""mpox"":89.61782,""mpoy"":59.13969,""mpoz"":-27.2081,""mpoa"":0,""posx"":1.65577,""posy"":1.66356,""posz"":-0.04786,""posa"":0,""unit"":0,""stat"":5,""coor"":2,""momo"":1,""dist"":0,""home"":1,""mots"":1,""plan"":0,""line"":511,""path"":2,""frmo"":2,""prbe"":1,""safe"":0,""estp"":0,""spc"":1,""hold"":0,""macs"":5,""cycs"":1,""sps"":12000,""feed"":185.42,""mark"":2030957660}}",5.219131842636771,0.2019666377457902,0.2050781291660469,0.2082131546780998,5.219131842636771,0.2019666377457902,0.2050781291660469,0.2082131546780998,-0.9839262,0.0421074,0.0007504999999994,-1.8365243000000024,-0.9341509999999992,0.9585060000000007,-32.39926740000003,36.9981457,-39.30129329999998,100.0,34.0899818,48.50448919999772,32.84095319999846,33.14410039999846,33.74483269999842,102.14023149999518,1715.7842437000015,-1.0027361999999995,-0.0724487999999996,0.0205564000000003,5.542987900000001,1.7004500999999983,2.083039599999998,-3.0,16.0,-94.9548689,100.0,32.3304512,81.59638460000131,84.1415524000013,91.79488720000144,50.33932330000078,203.99866710000316,1693.8859665000004,-1.059227099999999,-0.0004355000000002,0.0339015000000001,-5.342919999999998,-8.1487299,0.4821998000000003,-14.182624100000025,36.952456600000005,68.49622490000002,100.0,32.632302,132.92948150000203,3.194276900000049,2.5554218000000386,2.5554218000000386,7.027409900000106,1593.5289494000035,-0.9573357,0.0744929999999998,-0.0113398,3.0464030000000024,1.711798499999999,4.1818996,-5.427724599999995,31.0,38.47706050000001,100.0,33.02,92.81620479999889,2.1386223999999743,1.7108980999999794,1.7108980999999794,4.704968999999944,1484.393808600005,-1.0861739000000004,0.1574667999999999,0.0414511000000006,1.7148456999999977,1.3295996000000003,1.2547118000000028,10.890161000000004,3.2111425000001006,0.8986964999998949,100.0,40.4067077,90.67534440000058,107.81962620000074,76.85604150000053,58.0567218000004,215.6392521000015,2055.1285919000043,-1.0032449999999995,-0.0174546000000001,-0.0269498000000002,0.4718297000000017,1.8981018999999977,5.0550945,10.0,-15.0,25.133569899999998,100.0,33.4761094,90.7010177000002,61.144691500000185,54.35083710000016,65.3255252000002,175.07240780000052,1486.7687138000006,511,X1.6528 Y1.6663 Z-0.048
16:31:45.137,5,515,1.63022,1.68143,-0.04904,88.96864,59.5935,-27.23816,,185.42,0,0,,2,1,"{""sr"":{""mpox"":88.96864,""mpoy"":59.5935,""mpoz"":-27.23816,""mpoa"":0,""posx"":1.63022,""posy"":1.68143,""posz"":-0.04904,""posa"":0,""unit"":0,""stat"":5,""coor"":2,""momo"":1,""dist"":0,""home"":1,""mots"":1,""plan"":0,""line"":515,""path"":2,""frmo"":2,""prbe"":1,""safe"":0,""estp"":0,""spc"":1,""hold"":0,""macs"":5,""cycs"":1,""sps"":12000,""feed"":185.42,""mark"":2030957660}}",5.340433751187387,0.2021485008460647,0.2033895278819621,0.2037009637516242,5.340433751187387,0.2021485008460647,0.2033895278819621,0.2037009637516242,-0.99344502,0.0453580199999999,-0.0191363800000001,-1.7571920000000003,-0.9214173200000024,0.8545444799999999,-31.36238919999998,36.17898173999999,-40.64203634000002,100.0,34.09,117.58932924000122,89.00858956000091,90.64177482000092,91.45836754000096,278.4580648600029,1215.5634910999986,-1.00069734,-0.07797246,0.02944352,5.26766258,1.9460455800000032,2.005621459999999,-3.278355439999994,15.584296779999988,-95.69405866,100.0,32.32694048,26.16540987999945,37.02127133999921,40.08318063999915,22.268433799999528,89.35209045999812,1553.1741212999973,-0.96675988,-0.0231971799999999,7.713999999996392e-05,-5.137183220000001,-8.252097540000001,0.5626690999999998,-13.309804359999992,36.30980436,67.97142734,100.0,32.62971434,58.7773445799988,1.406156499999971,1.1249247999999763,1.1249247999999763,3.093544699999936,1493.2621135999982,-1.0031015800000005,0.1233105199999999,-0.0135677399999999,2.8492255600000003,1.8240086200000003,4.085504220000001,-5.381471919999997,31.0,38.0,100.0,33.0361852,134.83918360000067,3.092642220000016,2.4741133200000123,2.4741133200000123,6.8038117000000335,1414.790686979997,-0.9813685800000008,0.2195327599999997,0.0099357000000003,1.900138819999995,1.9059034799999983,1.1578304799999994,8.482219199999996,8.588902360000025,2.9342466999999237,100.0,40.38030446,70.33599193999962,81.15691385999956,57.85031305999969,43.699876399999766,162.31382771999913,1581.5014701399948,-1.00532548,-0.0043288999999999,0.0011789000000002,0.3807374999999993,1.88832306,4.96867564,10.0,-15.0,26.0,100.0,33.4845469,73.43783807999985,54.38118411999989,48.3388304399999,58.56435167999989,156.6364012599997,1113.8463222200005,515,X1.6235 Y1.6847 Z-0.0493
16:31:45.395,5,518,1.60067,1.69216,-0.05013,88.21806,59.86599,-27.26589,,185.42,0,0,,2,1,"{""sr"":{""mpox"":88.21806,""mpoy"":59.86599,""mpoz"":-27.26589,""mpoa"":0,""posx"":1.60067,""posy"":1.69216,""posz"":-0.05013,""posa"":0,""unit"":0,""stat"":5,""coor"":2,""momo"":1,""dist"":0,""home"":1,""mots"":1,""plan"":0,""line"":518,""path"":2,""frmo"":2,""prbe"":1,""safe"":0,""estp"":0,""spc"":1,""hold"":0,""macs"":5,""cycs"":1,""sps"":12000,""feed"":185.42,""mark"":2030957660}}",5.152372679299568,0.1973817576066088,0.2003260437463062,0.2068267475133227,5.152372679299568,0.1973817576066088,0.2003260437463062,0.2068267475133227,-0.9988328399999992,0.0518130399999991,-0.0051242600000003,-1.4179076800000507,-0.85455762,0.9791384800000114,-31.980206299999907,36.02432620000009,-40.02432620000009,100.0,34.09,3.957712920015141,2.627191380009968,2.724494180010345,2.74882036001044,8.343763900031687,1537.3333983799746,-1.0045041999999995,-0.0831661399999996,0.0433322599999992,5.412517879999995,1.7905256399999825,2.1057381199999874,-3.0,16.16433182000007,-95.0,100.0,32.33167392,111.88358581999084,112.8120884399912,121.17186275999056,67.68910993999472,270.7564378199789,1599.370731339984,-1.016068659999999,-0.0303871800000003,0.029259579999999,-5.300116499999998,-8.088389100000015,0.4064608199999922,-13.996831419999983,37.0,67.16835608000007,100.0,32.62663322,171.3217670599867,4.158218619999677,3.3265746999997425,3.3265746999997425,9.148080179999292,1779.3606803999724,-1.017382719999998,0.1306350199999992,-0.0079908400000007,2.9107717199999845,1.7692301599999964,4.050040639999998,-5.0,30.328802900000063,38.99368975999997,100.0,33.02683822,69.33602336000745,1.6124653000001732,1.2899726200001385,1.2899726200001385,3.5474242400003817,1317.2032274999897,-0.970448959999998,0.3093300999999944,0.0030134200000005,2.9924625199999872,1.2593281999999777,1.2126956799999893,13.371362060000026,19.411333519999083,6.661878680000927,100.0,40.34371328,102.5047499599961,122.58440995999511,87.38068183999653,66.00698959999737,244.54753225999036,2509.801073319928,-1.0042922600000004,-0.0120144999999992,0.0060989800000015,0.538462159999988,1.8959903199999888,4.88518020000001,10.008935280000042,-15.0,27.0,100.0,33.47991064,122.08238805999451,64.96843901999883,57.81089915999896,69.37307939999874,185.54545801999663,1338.609137159994,518,X1.5988 Y1.6926 Z-0.0502
16:31:45.652,5,522,1.56956,1.69481,-0.05122,87.42784,59.9333,-27.2934,,185.42,0,0,,2,1,"{""sr"":{""mpox"":87.42784,""mpoy"":59.9333,""mpoz"":-27.2934,""mpoa"":0,""posx"":1.56956,""posy"":1.69481,""posz"":-0.05122,""posa"":0,""unit"":0,""stat"":5,""coor"":2,""momo"":1,""dist"":0,""home"":1,""mots"":1,""plan"":0,""line"":522,""path"":2,""frmo"":2,""prbe"":1,""safe"":0,""estp"":0,""spc"":1,""hold"":0,""macs"":5,""cycs"":1,""sps"":12000,""feed"":185.42,""mark"":2030957660}}",5.427462860575087,0.203379958159133,0.2044035670421818,0.2045558176113622,5.427462860575087,0.203379958159133,0.2044035670421818,0.2045558176113622,-0.99086992,0.0377364800000001,-0.00524764,-1.8238837599999935,-0.91591864,1.0228318399999987,-32.0,36.99933868,-41.00132276,100.0,34.1000066,124.3919676399984,94.60797487999878,98.11197407999876,98.98797403999872,301.3439206399961,1432.9667548000052,-1.0041844,-0.0771217999999999,0.02432644,5.251484040000003,1.8267364399999988,2.0831268,-3.1015605600000096,16.133231999999996,-95.63197632,100.0,32.32069892,37.517568720001606,31.931735880001074,34.27965744000115,19.25295860000065,76.6438106000026,1802.1199702399997,-0.97863604,-0.02972104,0.0084826399999998,-5.352469599999998,-8.199129679999995,0.3281810000000003,-14.0,37.0,66.34189820000002,100.0,32.61240648,50.67361532000164,1.203196080000039,0.962556640000031,0.962556640000031,2.647031480000086,1970.7865273599996,-1.02471592,0.1231629199999999,-0.0019207999999999,2.97407584,1.7969594000000009,4.10109888,-6.0,30.277442,38.91774431999999,100.0,33.02,139.58598395999908,3.201513359999979,2.561211039999983,2.561211039999983,7.043329159999954,1745.8076497199968,-0.9243632400000006,0.2135435599999995,0.0378156799999999,3.1153407999999763,1.4185619599999966,1.18421392,9.947784480000005,10.808948839999896,8.063132320000197,100.0,40.34075924,64.22900004000049,77.40407364000059,55.17521112000043,41.67911616000032,154.4871259200012,2015.71585744,-1.00185844,-0.0174057199999999,-0.0041955199999998,0.4451689200000003,1.8240763200000012,4.854965839999999,10.606732400000006,-16.0,25.393267599999994,100.0,33.48,78.97511992000015,54.22921140000014,48.254807320000126,57.90576888000015,155.26821936000042,1225.7357072399998,522,X1.5643 Y1.6945 Z-0.0514
16:31:45.909,5,525,1.5388,1.6894,-0.0524,86.64665,59.796,-27.32346,,185.42,0,0,,2,1,"{""sr"":{""mpox"":86.64665,""mpoy"":59.796,""mpoz"":-27.32346,""mpoa"":0,""posx"":1.5388,""posy"":1.6894,""posz"":-0.0524,""posa"":0,""unit"":0,""stat"":5,""coor"":2,""momo"":1,""dist"":0,""home"":1,""mots"":1,""plan"":0,""line"":525,""path"":2,""frmo"":2,""prbe"":1,""safe"":0,""estp"":0,""spc"":1,""hold"":0,""macs"":5,""cycs"":1,""sps"":12000,""feed"":185.42,""mark"":2030957660}}",5.065550290801685,0.185993334985769,0.1953529047000951,0.2047509451420557,5.065550290801685,0.185993334985769,0.1953529047000951,0.2047509451420557,-0.99079902,0.0475972200000002,-0.0375320600000002,-1.6643497199999986,-0.8833445200000027,0.916,-32.0,36.0,-40.99908012,100.0,34.11734252,34.54378257999708,28.697911679997567,29.760797059997483,30.026518339997452,91.40816289999226,1929.147367239991,-1.00201444,-0.07746806,0.0225908999999998,5.31692418,1.6626496400000097,2.02092418,-3.886492139999997,16.78001972000002,-94.10647241999996,100.0,32.34,98.64379522000232,91.31216224000217,97.31077124000232,55.320506980001305,217.9494668800052,1876.180968259998,-0.9657106999999996,-0.0439894,0.0142381200000003,-5.255365139999999,-8.165028799999998,0.4752601800000056,-13.78113382000002,37.66661438000001,67.33338561999999,100.0,32.62,137.98915714000324,3.333071380000078,2.6664570000000625,2.6664570000000625,7.332756880000172,1718.9303564999975,-1.0160539400000002,0.1356777999999997,-0.0008154399999998,2.95176262,1.8452043000000005,4.006133539999998,-6.0,31.0,38.2328521,100.0,33.0235679,90.51724741999816,2.051917739999958,1.6415347399999665,1.6415347399999665,4.514219959999908,1873.3508335600047,-0.9494994800000004,0.4738733799999981,-0.0188580799999998,2.070782979999978,1.338662659999991,1.136850239999998,11.728176539999993,3.702049800000201,3.6314541799996736,100.0,40.36,89.68186270000096,110.55122652000117,78.40112530000083,59.22387172000063,219.9743800400024,2133.9310682200085,-1.00510968,-0.0108515999999999,0.0037354200000006,0.4762533600000005,1.9590769799999967,4.985038079999997,10.856188800000012,-15.143811199999988,25.66818769999999,100.0,33.48,97.00971040000044,61.87646360000028,55.05956484000025,66.0714786000003,176.7149855200008,1487.5766890000025,525,X1.5388 Y1.6894 Z-0.0524
16:31:46.167,5,529,1.51058,1.67619,-0.05348,85.9298,59.46044,-27.35098,,185.42,0,0,,2,1,"{""sr"":{""mpox"":85.9298,""mpoy"":59.46044,""mpoz"":-27.35098,""mpoa"":0,""posx"":1.51058,""posy"":1.67619,""posz"":-0.05348,""posa"":0,""unit"":0,""stat"":5,""coor"":2,""momo"":1,""dist"":0,""home"":1,""mots"":1,""plan"":0,""line"":529,""path"":2,""frmo"":2,""prbe"":1,""safe"":0,""estp"":0,""spc"":1,""hold"":0,""macs"":5,""cycs"":1,""sps"":12000,""feed"":185.42,""mark"":2030957660}}",5.221559088362207,0.2084373551955538,0.2125812746867816,0.2113355312081332,5.221559088362207,0.2084373551955538,0.2125812746867816,0.2113355312081332,-0.9924596999999998,0.0460825800000001,-0.0206643600000021,-1.7420761600000143,-0.9251700399999953,1.0286511200000048,-31.57662967999996,36.42537834000004,-40.42537834000004,100.0,34.11,87.03488569999406,62.27596751999576,64.58248465999561,65.15911375999556,198.36048909998647,1547.0981425599928,-1.00901482,-0.0716831000000001,0.0143202599999997,5.400488599999992,1.788432059999993,1.9692169400000024,-3.9093709400000063,16.643513659999968,-94.44711540000004,100.0,32.33516596,72.31191808000476,61.254815260003774,65.27885434000403,37.110581360002286,146.65386426000904,1915.6210179599768,-1.0147551199999991,-0.0198548800000002,0.0278799600000001,-5.427032640000019,-8.28977178,0.4093154400000041,-13.0,37.35504406000003,68.0,100.0,32.62,92.72901586000565,2.235385180000136,1.7883084600001091,1.7883084600001091,4.917847240000301,1949.435814679986,-1.0151466799999995,0.1234440000000002,-0.0130071600000004,2.885201939999996,1.7525317799999984,4.020393399999999,-5.183988179999988,30.0,36.470353840000016,100.0,33.021839760000006,114.93318983999686,2.648230059999928,2.118583899999942,2.118583899999942,5.8261066999998405,1618.3249235799951,-0.9505306599999978,0.6100676199999898,0.0089998800000015,2.6382092799999333,1.036875619999998,1.0680859200000044,10.760186839999893,1.161891959999741,-7.431941459999592,100.0,40.36786154,79.28915752000178,94.12349296000208,66.75084512000147,50.42329952000111,186.8063212000041,2290.165868619976,-1.00416348,-0.0097627399999996,-0.0011005599999989,0.3446640200000069,2.0281346800000013,4.993604919999996,10.231712740000022,-15.0,24.756709420000007,100.0,33.49,104.35231144000106,58.016796460000485,51.13344818000043,61.71842594000049,165.20037078000138,1311.1284566599893,529,X1.5077 Y1.6744 Z-0.0536
16:31:46.424,5,533,1.48671,1.65616,-0.05457,85.3236,58.95159,-27.37849,,185.42,0,0,,2,1,"{""sr"":{""mpox"":85.3236,""mpoy"":58.95159,""mpoz"":-27.37849,""mpoa"":0,""posx"":1.48671,""posy"":1.65616,""posz"":-0.05457,""posa"":0,""unit"":0,""stat"":5,""coor"":2,""momo"":1,""dist"":0,""home"":1,""mots"":1,""plan"":0,""line"":533,""path"":2,""frmo"":2,""prbe"":1,""safe"":0,""estp"":0,""spc"":1,""hold"":0,""macs"":5,""cycs"":1,""sps"":12000,""feed"":185.42,""mark"":2030957660}}",5.252575482799594,0.2000588616005147,0.1915208336565239,0.193163917075616,5.252575482799594,0.2000588616005147,0.1915208336565239,0.193163917075616,-0.99300112,0.0517371999999999,-0.0113459599999999,-1.727843279999999,-1.0034921999999995,0.8889492400000003,-31.562705320000006,36.0,-39.87458879999999,100.0,34.110010079999995,86.65666504000087,60.772206480000605,63.02302888000064,63.58573420000064,193.00802588000192,1388.7722270399968,-1.01212552,-0.0700537599999999,0.0294659599999998,5.42501512,1.831,2.07390472,-3.9337690000000007,16.457908439999997,-94.47586056,100.0,32.338854999999995,71.89163531999938,62.73346531999945,66.85464215999941,38.00640607999968,149.7360815599987,1688.826056399999,-0.98904596,-0.0498514000000001,0.0006097999999999,-5.47495276,-8.044964239999999,0.565372400000001,-13.0,37.47019504,66.47019504000001,100.0,32.61988488,94.4946257199992,2.293558599999981,1.8348470799999843,1.8348470799999843,5.045829719999957,1850.3292902000023,-1.01116144,0.11557944,-0.00645024,2.888924039999999,1.7380797199999998,4.05707972,-6.0,30.0,36.13991516,100.0,33.02,112.26198940000045,2.61640564000001,2.093124560000008,2.093124560000008,5.756092360000023,1553.2401010400008,-0.9897125199999997,0.05923328,-0.0125563200000001,3.131517439999997,1.773676879999999,1.19151304,8.416994399999993,0.8339883599999844,-3.440336359999955,100.0,40.3516082,79.76080587999975,94.7461697599997,67.19243683999979,50.75687651999984,188.04214363999935,1472.7010309199995,-1.0093412,-0.00421272,0.0133470399999999,0.4449611999999995,1.846298039999999,4.9514678000000005,10.0,-15.195337559999995,26.113690600000005,100.0,33.48,89.7098103999999,57.989214599999926,51.54596835999993,61.95428919999993,166.0374940399998,1140.4715773999997,533,X1.4822 Y1.6511 Z-0.0548
16:31:46.682,5,536,1.46858,1.63046,-0.05576,84.86315,58.29881,-27.40876,,185.42,0,0,,2,1,"{""sr"":{""mpox"":84.86315,""mpoy"":58.29881,""mpoz"":-27.40876,""mpoa"":0,""posx"":1.46858,""posy"":1.63046,""posz"":-0.05576,""posa"":0,""unit"":0,""stat"":5,""coor"":2,""momo"":1,""dist"":0,""home"":1,""mots"":1,""plan"":0,""line"":536,""path"":2,""frmo"":2,""prbe"":1,""safe"":0,""estp"":0,""spc"":1,""hold"":0,""macs"":5,""cycs"":1,""sps"":12000,""feed"":185.42,""mark"":2030957660}}",5.2505433904233,0.2000540218038231,0.2135807691197815,0.2182700766826434,5.2505433904233,0.2000540218038231,0.2135807691197815,0.2182700766826434,-0.9959712,0.0539762000000004,-0.0111767200000002,-1.6976449599999588,-0.8892635999999917,0.8104951599999959,-31.717381160000063,36.00411264,-39.99588736,100.0,34.11004104,43.51918159998961,30.52282971999272,31.64919199999245,31.93592347999237,96.65151387997692,1272.9933826399936,-1.00894956,-0.07055724,0.0291437200000012,5.286414199999995,1.931685480000003,2.045862280000005,-3.6078276000000575,16.0,-95.60782760000006,100.0,32.33392176,120.066883080009,88.47851160000641,94.98428432000688,53.34733780000387,212.13094628001537,1309.9869007999837,-0.9896547200000004,-0.0455877599999995,0.0015926400000005,-5.59920212000002,-8.030261879999978,0.4855040000000086,-13.95571128000001,37.0,68.0,100.0,32.62261744,135.78561896000977,3.265141640000234,2.612113800000188,2.612113800000188,7.183312840000515,1386.9365436000064,-1.0101357600000005,0.1229388800000001,-0.0126729599999998,2.9601111200000028,1.7197592799999974,4.063490760000001,-6.0,31.0,36.41818515999997,100.0,33.04,91.16433423999447,2.0909253599998734,1.672740199999899,1.672740199999899,4.600035159999722,1285.9470308400005,-0.9741718800000052,0.1135464399999949,0.024143919999999,2.994754360000059,1.9898834000000096,1.143062319999987,9.60463900000016,11.687704919999971,-5.484294599999753,100.0,40.34897856,88.8276735200027,108.74665924000357,77.51684980000255,58.55589324000192,216.9356439600071,1744.823045839972,-1.0028727599999998,-0.0143529199999998,-0.0099238,0.405712079999987,1.847642760000016,4.944,8.753254080000303,-13.129881120000457,23.158044160000827,100.0,33.476004,100.3346199600018,61.33817888000088,54.12324252000074,65.13265892000089,174.17831112000246,1148.6287106400005,536,X1.468 Y1.6294 Z-0.0558
16:31:46.940,5,540,1.458,1.60119,-0.05684,84.5944,57.55537,-27.43628,,185.42,0,0,,2,1,"{""sr"":{""mpox"":84.5944,""mpoy"":57.55537,""mpoz"":-27.43628,""mpoa"":0,""posx"":1.458,""posy"":1.60119,""posz"":-0.05684,""posa"":0,""unit"":0,""stat"":5,""coor"":2,""momo"":1,""dist"":0,""home"":1,""mots"":1,""plan"":0,""line"":540,""path"":2,""frmo"":2,""prbe"":1,""safe"":0,""estp"":0,""spc"":1,""hold"":0,""macs"":5,""cycs"":1,""sps"":12000,""feed"":185.42,""mark"":2030957660}}",5.241359705565887,0.18630666696155,0.1876855909929647,0.2039357197645586,5.241359705565887,0.18630666696155,0.1876855909929647,0.2039357197645586,-0.9962034,0.0443491999999999,-0.00529804,-1.5640542800000037,-1.014939239999998,0.9232846000000008,-31.12833236000001,36.00891352,-40.98217384,100.0,34.11880576,141.2102261999982,94.1401507599988,96.75515455999876,97.62682307999874,296.3671415599962,1168.352865480002,-1.0057206399999998,-0.0714932,0.0301410399999999,5.523934599999999,1.7467781999999996,2.1524717599999987,-3.018698280000002,16.0,-94.25579016000002,100.0,32.33507128,46.46997840000154,32.00738248000107,34.37829976000113,19.20442984000063,77.05481036000256,1242.604604400004,-1.0077437600000003,-0.02633484,0.0277232399999999,-5.026507240000005,-8.116925719999998,0.4745493999999996,-13.0,37.98062972,68.0,100.0,32.59758368,49.4142525600016,1.1993749200000388,0.9595001600000308,0.9595001600000308,2.6386247200000854,1180.2073875199987,-1.01126432,0.1240885199999998,-0.00904316,2.876396040000001,1.7287246800000002,4.005969759999999,-6.0,31.0,37.0,100.0,33.0363884,139.2312181599991,3.194243799999979,3.156448839999975,2.555394759999983,7.6661841599999505,1039.601996000002,-0.9993005599999994,0.0771482000000008,-0.0045313600000002,2.4432967599999924,0.9680618800000051,1.249523879999999,12.267016439999976,9.505488560000073,18.319869719999847,100.0,40.35,65.2316798400005,78.03789980000059,55.627015560000416,42.02040740000032,155.67560500000118,1471.1718368000008,-1.003869,-0.0114231599999999,0.0013922,0.4221503200000001,1.9330494,5.00342488,10.946318959999994,-15.0,25.94631896,100.0,33.47539788,93.42984680000023,53.38848340000013,47.405291600000126,57.07044832000015,152.3412772000004,964.7432400400004,540,X1.457 Y1.5967 Z-0.057
16:31:47.197,5,544,1.45515,1.57018,-0.05792,84.52194,56.76769,-27.4638,,185.42,0,0,,2,1,"{""sr"":{""mpox"":84.52194,""mpoy"":56.76769,""mpoz"":-27.4638,""mpoa"":0,""posx"":1.45515,""posy"":1.57018,""posz"":-0.05792,""posa"":0,""unit"":0,""stat"":5,""coor"":2,""momo"":1,""dist"":0,""home"":1,""mots"":1,""plan"":0,""line"":544,""path"":2,""frmo"":2,""prbe"":1,""safe"":0,""estp"":0,""spc"":1,""hold"":0,""macs"":5,""cycs"":1,""sps"":12000,""feed"":185.42,""mark"":2030957660}}",5.183981738278834,0.1978096959989917,0.2130633436391604,0.2130608273991828,5.183981738278834,0.1978096959989917,0.2130633436391604,0.2130608273991828,-0.9948421999999996,0.0408441999999994,0.00202066,-1.713757020000017,-0.9128067399999888,0.7336177400000057,-32.0,36.00011112,-40.026180860000096,100.0,34.12973826,3.832272980013624,2.8155476000100093,2.867687060010195,2.893756780010288,8.785550260031233,1570.910796560021,-1.0027039599999998,-0.075589800000002,0.0321502000000007,5.472919339999992,1.964835419999985,1.9550731600000095,-3.0,16.98300689999992,-95.83540517999992,100.0,32.33,169.58727991998668,111.10890753999128,121.13377165999049,66.83242515999476,269.0005129799789,1805.6907800600216,-0.9831440999999934,-0.0518276600000027,-0.0022737599999983,-5.218005139999988,-8.245156999999999,0.3463645799999969,-12.98316111999992,38.0,67.15253013999998,100.0,32.601693260000005,171.94065901998667,4.153155839999678,3.322524859999742,3.322524859999742,9.136943619999291,1588.4454367200135,-0.9963153199999968,0.0883284399999995,-0.0047170999999999,3.0066619199999822,1.566512300000008,4.049322999999996,-6.0,30.32521806000004,36.0,100.0,33.02,71.20899644000747,1.626088360000172,1.626088360000172,1.3008712800001376,3.9026128400004128,2023.745603200016,-0.8309515800000059,0.3852360800000047,-0.0480856199999994,1.5292999400000706,0.9087249399999904,1.435491979999994,12.97459125999988,15.084328399999036,19.51932830000082,100.0,40.32,101.9085189399959,122.66766197999507,87.44002543999649,66.05181791999735,244.70625949999013,2762.4889202999825,-1.000287300000001,-0.0248764399999982,-0.0197574399999988,0.5818655999999962,1.679288000000009,4.949404739999996,10.011025540000052,-15.0,25.01102554000005,100.0,33.484391380000005,107.76277321999812,63.22815753999889,56.080626599999015,67.6266384999988,180.3377016999968,1379.231091800004,544,X1.4557 Y1.5622 Z-0.0582
16:31:47.455,5,547,1.46061,1.53921,-0.05912,84.66051,55.98106,-27.49406,,185.42,0,0,,2,1,"{""sr"":{""mpox"":84.66051,""mpoy"":55.98106,""mpoz"":-27.49406,""mpoa"":0,""posx"":1.46061,""posy"":1.53921,""posz"":-0.05912,""posa"":0,""unit"":0,""stat"":5,""coor"":2,""momo"":1,""dist"":0,""home"":1,""mots"":1,""plan"":0,""line"":547,""path"":2,""frmo"":2,""prbe"":1,""safe"":0,""estp"":0,""spc"":1,""hold"":0,""macs"":5,""cycs"":1,""sps"":12000,""feed"":185.42,""mark"":2030957660}}",5.240835279242509,0.1963213172722139,0.2014438058634388,0.2054102645567581,5.240835279242509,0.1963213172722139,0.2014438058634388,0.2054102645567581,-0.99536262,0.05293658,0.0170439000000003,-1.7966506800000015,-0.9502436599999984,0.992049220000002,-31.18798925999999,36.18712328,-40.81114476000001,100.0,34.13,125.1951743200013,87.79070994000091,88.60358748000093,90.22847494000094,272.31291058000284,1975.9309013600027,-1.01180156,-0.10047612,0.02628796,5.207094779999997,1.8990091800000024,1.958730120000001,-3.8768368199999994,16.0,-95.75367364,100.0,32.33724448,53.49215403999887,36.097024379999226,39.679171799999146,21.61604759999954,88.0235497599981,1938.15336724,-0.99119062,-0.0460189200000002,0.0253465,-5.216763559999997,-8.20567608,0.4721559599999998,-13.151474499999994,38.0,66.87012922,100.0,32.62,57.9571617199988,1.4067267599999709,1.1253814799999768,1.1253814799999768,3.094799799999936,1768.4560751999988,-0.9941070799999998,0.0787129599999998,-0.00328034,2.8320132200000003,1.786410379999999,4.11982048,-6.258513200000003,30.38188268,35.86485627999999,100.0,33.00763754,134.7495927200007,3.090587060000016,3.090587060000016,2.4724697400000126,7.417408580000038,1730.7466033999997,-0.8233548999999996,0.3302372599999986,-0.0616303800000004,2.1157152800000105,1.486636480000001,1.282,13.634982800000012,-2.565768899999945,21.446404760000004,100.0,40.29771634,73.45664805999962,81.30420107999956,57.53835761999969,43.77918485999976,162.38003497999915,2177.26153634,-1.0065447799999998,-0.01103524,0.02220806,0.5327863799999994,2.010057320000002,4.872877399999999,10.534489680000002,-15.099854279999995,26.53448968,100.0,33.49168878,99.6500859999999,53.4338197799999,47.48204081999991,56.79224501999989,152.1219836999997,1695.1690144000006,547,X1.4613 Y1.5369 Z-0.0592
16:31:47.712,5,551,1.4737,1.51097,-0.0602,84.99311,55.26379,-27.52158,,185.42,0,0,,2,1,"{""sr"":{""mpox"":84.99311,""mpoy"":55.26379,""mpoz"":-27.52158,""mpoa"":0,""posx"":1.4737,""posy"":1.51097,""posz"":-0.0602,""posa"":0,""unit"":0,""stat"":5,""coor"":2,""momo"":1,""dist"":0,""home"":1,""mots"":1,""plan"":0,""line"":551,""path"":2,""frmo"":2,""prbe"":1,""safe"":0,""estp"":0,""spc"":1,""hold"":0,""macs"":5,""cycs"":1,""sps"":12000,""feed"":185.42,""mark"":2030957660}}",5.211702664060397,0.2056033098419246,0.2058562214674581,0.2133429761892656,5.211702664060397,0.2056033098419246,0.2058562214674581,0.2133429761892656,-0.99500864,0.0416166399999996,-0.002046439999998,-1.668100959999996,-1.0002498000000188,0.9984214400000077,-31.32441591999994,36.00170304,-40.32101015999994,100.0,34.13,50.6659033999903,34.852977719993326,34.852977719993326,35.4984037999932,107.14063679997948,1582.745042359982,-1.0040834000000003,-0.068689360000001,0.0156251600000004,5.215952479999984,1.8322867599999917,2.003850400000004,-3.270770239999947,16.270770239999948,-94.0,100.0,32.33624836,121.2190942800084,80.60444956000559,89.35221900000619,48.11273336000333,197.4496587600137,1623.1237679599908,-0.9781486000000028,-0.0781428000000027,0.0246982000000003,-5.286899760000002,-8.169820279999994,0.4450976400000102,-12.730569280000053,38.52061180000003,67.46113824000011,100.0,32.597488320000004,127.62043024000876,3.127951720000215,2.5023611600001723,2.5023611600001723,6.881493960000473,1604.8037256800008,-1.0119391600000007,0.1312150000000001,-0.0202965999999989,2.7788488399999896,1.687762639999996,4.06755796,-6.781594560000043,31.0,36.56655544000002,100.0,33.02,94.48757075999508,2.1672231599998857,2.1672231599998857,1.7337785999999082,5.201336119999725,1479.5054293999956,-0.9841116399999992,0.1467783999999983,0.0157175600000008,1.768711839999943,1.2607606399999445,1.114299320000001,10.20225279999996,-3.2556199199996407,19.21860220000014,100.0,40.29655296,88.60441572000266,106.1065221600032,75.47783540000226,57.428788200001726,212.2130450000064,1875.2456018399607,-1.00450356,-0.0187841599999998,-0.0094179199999996,0.4802495999999961,1.980909040000005,4.9841177599999975,10.303929400000028,-15.519199560000006,26.0,100.0,33.5,97.09033504000124,59.188760160000754,52.43916488000067,62.8231580800008,168.73988764000217,1659.4073663599818,551,X1.4769 Y1.5061 Z-0.0604
16:31:47.970,5,554,1.49366,1.48703,-0.06128,85.49998,54.65589,-27.5491,,185.42,0,0,,2,1,"{""sr"":{""mpox"":85.49998,""mpoy"":54.65589,""mpoz"":-27.5491,""mpoa"":0,""posx"":1.49366,""posy"":1.48703,""posz"":-0.06128,""posa"":0,""unit"":0,""stat"":5,""coor"":2,""momo"":1,""dist"":0,""home"":1,""mots"":1,""plan"":0,""line"":554,""path"":2,""frmo"":2,""prbe"":1,""safe"":0,""estp"":0,""spc"":1,""hold"":0,""macs"":5,""cycs"":1,""sps"":12000,""feed"":185.42,""mark"":2030957660}}",5.391590103300056,0.1991392485123424,0.2050728289374735,0.2067259698410789,5.391590103300056,0.1991392485123424,0.2050728289374735,0.2067259698410789,-0.99355428,0.0401630000000001,0.0118060400000004,-1.6403807599999891,-0.9453090799999986,0.8528349199999972,-32.0,36.00238128,-40.0,100.0,34.13,84.79027844000368,55.84690900000242,55.3298078000024,56.36400972000244,170.6433322400074,1768.952061880021,-1.0061971999999997,-0.0764400399999998,0.0254369199999997,5.465632239999995,1.871001279999997,1.94324688,-4.0,15.895588439999964,-94.67211884000002,100.0,32.33055488,93.88387507999664,61.94622771999799,69.26271187999775,36.662360439998814,152.26280159999507,1971.9554719600053,-1.023931280000002,-0.0187581599999982,0.0033307199999994,-5.041782439999999,-8.330231920000001,0.3877221200000028,-13.0,38.0,66.67805352000002,100.0,32.62349256,100.99587603999676,2.431737479999922,1.9453898799999376,1.9453898799999376,5.34982203999983,2041.044732000016,-1.04694612,0.1632716800000002,-0.0213633200000001,2.8897696799999983,1.6682584800000029,4.028,-6.164878480000007,30.50771592000001,36.49228407999999,100.0,33.035076999999994,111.18977416000182,2.5385790800000416,2.5385790800000416,2.0308631600000333,6.0925904800001,1946.3658296800031,-0.9221349200000012,0.2701318000000005,-0.0352677199999994,2.8796846799999924,1.8560237200000016,1.1594551999999991,8.060521600000007,-8.425682599999849,7.476874039999716,100.0,40.3,81.23291071999905,96.13343555999884,67.88804491999917,51.53544979999937,191.7713377199977,2221.6726752400023,-1.0004025200000002,-0.0075981599999998,0.0096918399999997,0.6094826400000023,1.839846479999992,4.958600240000001,10.264929759999989,-15.0,26.0,100.0,33.51239352,94.9336311600005,56.01691091999973,50.06821247999975,59.98271035999971,160.1191353199992,1661.4489890400064,554,X1.494 Y1.4867 Z-0.0613
16:31:48.227,5,558,1.51929,1.46901,-0.06247,86.15114,54.19805,-27.57937,,185.42,0,0,,2,1,"{""sr"":{""mpox"":86.15114,""mpoy"":54.19805,""mpoz"":-27.57937,""mpoa"":0,""posx"":1.51929,""posy"":1.46901,""posz"":-0.06247,""posa"":0,""unit"":0,""stat"":5,""coor"":2,""momo"":1,""dist"":0,""home"":1,""mots"":1,""plan"":0,""line"":558,""path"":2,""frmo"":2,""prbe"":1,""safe"":0,""estp"":0,""spc"":1,""hold"":0,""macs"":5,""cycs"":1,""sps"":12000,""feed"":185.42,""mark"":2030957660}}",5.06314099528869,0.2019202769532848,0.1988391885583714,0.2027966603842682,5.06314099528869,0.2019202769532848,0.1988391885583714,0.2027966603842682,-0.9928709399999998,0.0453608199999994,-0.0048740399999997,-1.6859681999999954,-0.916,0.9396747400000046,-32.0,36.61891807999992,-39.38108192000008,100.0,34.14003534,92.83766079998864,66.84311629999182,65.60528013999196,66.84311629999182,203.6239366799751,1327.051562679984,-1.0064800000000005,-0.0764659999999997,0.0246643799999985,5.536565599999997,1.7120688799999837,2.096887300000003,-3.4159704200000536,16.584029579999946,-93.11432452000004,100.0,32.32526876,83.61003346001078,51.99628962000671,59.06778462000762,30.78180338000397,128.53482746001657,1628.5615331599736,-0.9954917000000008,-0.0322311399999986,0.0178147200000009,-5.258353220000017,-8.164340939999999,0.4161141399999978,-13.0,37.52174611999994,68.04349161999987,100.0,32.615812,86.68502356001088,2.0938409800002624,1.6750730600002104,1.6750730600002104,4.6064505000005775,1549.9567692599685,-1.0016023600000008,0.1214319399999994,-0.0153678599999998,2.852403639999992,1.7145287599999963,4.013249919999997,-6.120903840000024,31.0,36.120903840000025,100.0,33.0157561,117.18218113999409,2.72660211999986,2.72660211999986,2.181281619999888,6.543844479999662,1389.3885910799977,-0.9612058600000086,0.1736510799999892,-0.0073831999999974,2.2149723799999776,1.525222599999975,1.124461140000005,10.271078080000033,-1.0792715200000689,12.330419459999662,100.0,40.28887488,74.74111416000322,91.19356084000393,64.8696463600028,49.35733952000213,181.91705138000785,2339.665543819959,-1.0040591200000004,-0.0120541399999998,0.0094028000000007,0.5687646799999917,1.8143151000000064,4.935230939999997,10.656376160000042,-15.0,25.85624507999995,100.0,33.50343604,116.970890300002,55.07379416000095,48.73787080000084,58.48544496000101,156.9359444600027,1196.5334827399938,558,X1.5225 Y1.4673 Z-0.0626
16:31:48.483,5,562,1.54845,1.45827,-0.06356,86.89183,53.92528,-27.60688,,185.42,0,0,,2,1,"{""sr"":{""mpox"":86.89183,""mpoy"":53.92528,""mpoz"":-27.60688,""mpoa"":0,""posx"":1.54845,""posy"":1.45827,""posz"":-0.06356,""posa"":0,""unit"":0,""stat"":5,""coor"":2,""momo"":1,""dist"":0,""home"":1,""mots"":1,""plan"":0,""line"":562,""path"":2,""frmo"":2,""prbe"":1,""safe"":0,""estp"":0,""spc"":1,""hold"":0,""macs"":5,""cycs"":1,""sps"":12000,""feed"":185.42,""mark"":2030957660}}",5.290961867844321,0.2036738814990664,0.2205648476380077,0.2163878929834504,5.290961867844321,0.2036738814990664,0.2205648476380077,0.2163878929834504,-0.99371644,0.0434723599999998,-0.0007682399999999,-1.77,-0.9635181000000148,0.82506630000001,-32.0,36.25753104000008,-40.47855049999984,100.0,34.14,37.88087390001156,28.50319904000873,27.968974920008577,28.50319904000873,86.56527248002656,1295.5941084200258,-1.01011986,-0.0718272,0.0231543200000003,5.50369861999999,1.739187179999996,1.9961575199999968,-3.667562559999943,16.0,-94.66756255999996,100.0,32.31627594,115.24863427999,82.7777048399929,94.12626109999192,48.73203557999582,204.3139491199825,1353.8938383400189,-0.9672477400000008,-0.0273217999999997,0.0013431000000002,-5.619559039999978,-8.04612103999999,0.4529295800000153,-13.62317175999993,37.62317175999993,67.91775731999998,100.0,32.62253476,135.0160426599886,3.321466979999718,2.6571738799997746,2.6571738799997746,7.30722753999938,1457.1947344000057,-0.9975125000000012,0.1196466199999993,-0.0146885599999995,2.8639996799999987,1.760821959999996,4.048059220000001,-6.0,30.081973060000024,36.178375119999934,100.0,33.02410826,87.91385380000654,2.0540622000001525,2.0540622000001525,1.643249760000122,4.929748540000366,1137.5321241799943,-0.9785048799999998,0.1864691600000051,-0.0072685600000003,2.747148759999875,1.6655138800000238,1.2191718800000044,9.56920680000023,7.46398354000043,7.40880133999991,100.0,40.27,94.20473483999623,109.22788133999582,77.69818363999703,59.11818271999773,218.45576193999165,1762.145592020022,-1.0069149799999997,-0.0067342800000005,0.0124529799999987,0.5188463799999823,1.9269735800000252,4.919506219999994,10.883307839999963,-15.0,25.06523414000005,100.0,33.5081807,91.17959286,58.881649099999045,52.57290089999914,63.08748121999897,168.87570407999726,1100.1545973800023,562,X1.5553 Y1.4569 Z-0.0638
16:31:48.742,5,565,1.57975,1.45538,-0.06465,87.68678,53.85198,-27.63461,,185.42,0,0,,2,1,"{""sr"":{""mpox"":87.68678,""mpoy"":53.85198,""mpoz"":-27.63461,""mpoa"":0,""posx"":1.57975,""posy"":1.45538,""posz"":-0.06465,""posa"":0,""unit"":0,""stat"":5,""coor"":2,""momo"":1,""dist"":0,""home"":1,""mots"":1,""plan"":0,""line"":565,""path"":2,""frmo"":2,""prbe"":1,""safe"":0,""estp"":0,""spc"":1,""hold"":0,""macs"":5,""cycs"":1,""sps"":12000,""feed"":185.42,""mark"":2030957660}}",5.1858228615096165,0.1852727715191938,0.1935423874251614,0.2023917998073114,5.1858228615096165,0.1852727715191938,0.1935423874251614,0.2023917998073114,-0.9908044800000008,0.045072759999999,-0.0012488000000059,-1.8299282,-1.076828599999978,0.9105247199999944,-32.0,36.07952672000009,-39.00878232,100.0,34.15,158.63419871998445,98.46260619999032,95.7275332399906,98.46260619999032,299.03458059997064,1342.2109857200237,-1.0159990799999994,-0.0696076000000009,0.0489432399999995,5.203216480000024,1.8428454400000032,1.917160920000008,-3.793765839999936,16.0,-95.20623416000008,100.0,32.3101204,33.40995132001031,25.36681500000782,28.87279772000891,14.848867680004576,62.69521736001934,1530.5631487999835,-1.0203334399999997,-0.0391111999999997,0.0208845599999996,-5.425017719999978,-8.01827292000003,0.3667700000000009,-12.987377359999986,37.21279532000006,67.76195939999991,100.0,32.61774548,44.68700004001306,1.0639764400003116,0.8511811200002486,0.8511811200002486,2.3407472000006844,1688.5979636800053,-1.007761839999999,0.1151652400000002,-0.0079698400000003,2.865928479999997,1.869337319999996,3.9693817600000063,-6.0,30.0,37.628475919999936,100.0,33.020503520000005,143.17500763999269,3.2682611599998324,3.2682611599998324,2.614609159999866,7.843826479999597,1612.895846999999,-1.0510751599999937,0.2431900400000032,-0.0063701999999998,2.362849600000132,1.2711526000000244,1.199347000000012,10.192246119999918,2.955371000000249,27.374149639999956,100.0,40.29581348,68.87341312000423,75.48837456000464,53.6979154400033,40.85711016000251,150.97674812000926,1484.115885600014,-1.0025754800000006,-0.0127869999999991,-0.0049373999999981,0.3755771200000186,1.8556208799999891,4.856673279999994,10.546641999999991,-15.51088703999995,25.03575496000004,100.0,33.51453372,109.25931764000238,50.776114720001104,45.33581628000098,54.40297940000119,145.52797088000315,1184.1670719999906,565,X1.5812 Y1.4554 Z-0.0647
16:31:48.998,5,569,1.61039,1.46076,-0.06583,88.46501,53.98843,-27.66467,,185.42,0,0,,2,1,"{""sr"":{""mpox"":88.46501,""mpoy"":53.98843,""mpoz"":-27.66467,""mpoa"":0,""posx"":1.61039,""posy"":1.46076,""posz"":-0.06583,""posa"":0,""unit"":0,""stat"":5,""coor"":2,""momo"":1,""dist"":0,""home"":1,""mots"":1,""plan"":0,""line"":569,""path"":2,""frmo"":2,""prbe"":1,""safe"":0,""estp"":0,""spc"":1,""hold"":0,""macs"":5,""cycs"":1,""sps"":12000,""feed"":185.42,""mark"":2030957660}}",5.20659838097417,0.2008420909408012,0.209500227616926,0.2153967792676421,5.20659838097417,0.2008420909408012,0.209500227616926,0.2153967792676421,-0.9841931999999995,0.0499033200000001,-0.0555715999999989,-1.5957979999999834,-0.8047640399999779,0.9740698400000056,-32.0,36.95182916000009,-39.09613443999982,100.0,34.14951936,7.204870439986498,5.235538759990187,5.043408719990548,5.187506759990277,15.754649319970472,2142.016435719957,-1.01052076,-0.0707181200000013,0.0257022800000007,5.325876880000006,1.7761965199999858,2.0680943199999944,-3.819068160000063,16.033860799999925,-95.11321024000009,100.0,32.33852928,147.43231828001134,100.74541768000776,114.66958152000883,58.15385892000448,248.1777359600191,2505.283013280037,-0.9774621599999984,-0.0225586400000011,0.021518040000001,-5.451246480000035,-8.179,0.5200109200000215,-14.0,37.81283488000006,67.96636864000007,100.0,32.62220768,169.88245244001294,4.06417352000031,3.251338640000248,3.251338640000248,8.941181960000682,2640.583152880012,-1.0230089200000003,0.1548797599999993,-0.024428760000002,2.9708561600000083,1.688572399999996,4.026329160000003,-6.694833279999971,30.667442520000037,38.362275800000006,100.0,33.02027392,72.44276059999285,1.6627874399998332,1.6627874399998332,1.3302299599998666,3.963300039999662,1961.972611399974,-0.9591555600000046,0.5852989600000063,0.0440418800000038,1.4051804000000163,1.425213199999969,1.1584624000000034,13.0,10.489963039999882,9.182448280000536,100.0,40.29376568,102.86405544000397,120.94319296000464,86.03175584000333,65.45894436000252,241.8863859200093,3275.422827600014,-1.0129566000000008,-0.0133763599999999,0.0055486800000001,0.4982096399999919,1.9541946399999963,4.913855880000006,10.0,-15.0,25.14512095999992,100.0,33.505726079999995,126.02266364000232,61.63553892000113,55.03173096000101,66.0380769600012,177.20217336000326,1751.837791199997,569,X1.615 Y1.4622 Z-0.066
16:31:49.256,5,573,1.63889,1.4739,-0.06693,89.18898,54.3223,-27.6924,,185.42,0,0,,2,1,"{""sr"":{""mpox"":89.18898,""mpoy"":54.3223,""mpoz"":-27.6924,""mpoa"":0,""posx"":1.63889,""posy"":1.4739,""posz"":-0.06693,""posa"":0,""unit"":0,""stat"":5,""coor"":2,""momo"":1,""dist"":0,""home"":1,""mots"":1,""plan"":0,""line"":573,""path"":2,""frmo"":2,""prbe"":1,""safe"":0,""estp"":0,""spc"":1,""hold"":0,""macs"":5,""cycs"":1,""sps"":12000,""feed"":185.42,""mark"":2030957660}}",5.3548770222001245,0.2001837101722934,0.2034059440374023,0.2044269475817007,5.3548770222001245,0.2001837101722934,0.2034059440374023,0.2044269475817007,-0.9917474000000002,0.0444083999999999,0.0142896000000002,-1.709059,-1.0127478000000034,0.9643440000000018,-32.20747039999997,36.0,-39.9990316,100.0,34.1420648,130.1346454000046,86.49031640000307,83.31729340000294,85.69778680000303,260.2673538000092,1532.6810348000026,-0.9993706,-0.0736730000000001,0.0254618,5.360745399999998,1.676237399999997,2.0422373999999976,-3.830041400000024,16.122993600000004,-95.8770064,100.0,32.3387704,56.7029819999964,36.03311279999757,41.01329919999724,20.799601799998594,88.76449719999401,1442.7952366,-1.007067200000001,-0.0165145999999995,0.0154919999999998,-5.021533199999996,-8.191790000000006,0.4507624000000008,-13.168538999999976,37.12984960000001,66.42823819999998,100.0,32.6183146,62.45435679999599,1.4919425999999032,1.1935539999999227,1.1935539999999227,3.282273599999787,1344.8808604000055,-1.0222692,0.1120189999999998,-0.0029049999999998,2.785626599999998,1.7770062000000018,4.028,-6.61099380000001,30.0,38.72584540000004,100.0,33.02,133.1965940000023,3.0549678000000524,3.0549678000000524,2.443974000000042,6.720928800000116,1153.4836596000073,-0.9831645999999972,0.2349258000000043,-0.0345138000000017,2.136470399999991,1.8355929999999956,1.1676323999999991,11.564983199999991,3.442551400000169,4.131818199999833,100.0,40.3142186,68.3386433999988,81.96381319999854,58.21440039999897,44.29356499999922,163.67526979999712,1731.9985812000102,-1.0048552,-0.0082047999999997,0.0054520000000004,0.4812166000000009,1.975686199999992,4.950783399999999,10.356312000000012,-15.0,25.712624800000025,100.0,33.52,105.17089419999957,52.47309779999963,47.21920779999968,56.2132335999996,151.007960599999,1190.9936736000045,573,X1.6454 Y1.4783 Z-0.0672
16:31:49.514,5,576,1.66277,1.49388,-0.06801,89.79541,54.82967,-27.71991,,185.42,0,0,,2,1,"{""sr"":{""mpox"":89.79541,""mpoy"":54.82967,""mpoz"":-27.71991,""mpoa"":0,""posx"":1.66277,""posy"":1.49388,""posz"":-0.06801,""posa"":0,""unit"":0,""stat"":5,""coor"":2,""momo"":1,""dist"":0,""home"":1,""mots"":1,""plan"":0,""line"":576,""path"":2,""frmo"":2,""prbe"":1,""safe"":0,""estp"":0,""spc"":1,""hold"":0,""macs"":5,""cycs"":1,""sps"":12000,""feed"":185.42,""mark"":2030957660}}",5.203737801866146,0.2055857578153572,0.2093646766993331,0.2071941074181253,5.203737801866146,0.2055857578153572,0.2093646766993331,0.2071941074181253,-0.99163336,0.0469718800000003,0.0005951999999999,-1.83112312,-0.7990099200000063,0.8763311600000021,-32.00201708,36.36216724000003,-39.0885190800001,100.0,34.14002016,55.049423320005126,39.114063920003645,38.02756192000354,39.114063920003645,118.79086028001106,1293.3823560800035,-1.0080346399999998,-0.0779832799999999,0.0502296800000003,5.279420440000001,1.7817612799999991,2.062379919999996,-3.903594240000005,15.69411051999997,-94.69411051999997,100.0,32.34,84.87406779999662,73.51767803999707,83.67865799999666,43.03473879999828,181.70222911999275,1441.9687712000004,-1.0118821200000006,-0.0305153999999995,0.0271971199999999,-4.952147200000015,-8.128416199999988,0.3799637200000119,-14.0,37.0,66.39135987999994,100.0,32.62304308,124.1778112799951,2.985043719999882,2.3880349599999056,2.3880349599999056,6.567095839999741,1567.1650140400036,-1.0142657999999996,0.1320270799999999,-0.0055166000000001,2.7844359199999955,1.6078389200000025,4.073997359999999,-6.0,30.552793359999985,37.35153,100.0,33.022459520000005,97.69226504000272,2.236032280000063,1.78882528000005,1.78882528000005,4.919270840000139,1188.1054244799996,-0.9494479600000022,0.2588626799999939,-0.036483639999999,1.6305398400000355,1.7159767599999884,1.2164789199999946,9.627126920000014,0.4062943999998492,-6.40737575999945,100.0,40.32991632,86.88065135999854,104.04226147999826,74.00944383999875,56.31153351999906,208.0845233199965,1778.6949467999875,-1.0066762800000002,-0.0068152399999998,-0.0041342399999997,0.6204046399999966,1.8762352400000053,4.956149640000001,10.0,-15.513784319999996,25.685390720000026,100.0,33.51486228,99.6741369599993,58.0576158399996,51.89220547999964,62.16788919999957,166.97986851999883,1245.3597540799965,576,X1.6646 Y1.4958 Z-0.0681
16:31:49.771,5,580,1.6808,1.51947,-0.0692,90.25345,55.47969,-27.75018,,185.42,0,0,,2,1,"{""sr"":{""mpox"":90.25345,""mpoy"":55.47969,""mpoz"":-27.75018,""mpoa"":0,""posx"":1.6808,""posy"":1.51947,""posz"":-0.0692,""posa"":0,""unit"":0,""stat"":5,""coor"":2,""momo"":1,""dist"":0,""home"":1,""mots"":1,""plan"":0,""line"":580,""path"":2,""frmo"":2,""prbe"":1,""safe"":0,""estp"":0,""spc"":1,""hold"":0,""macs"":5,""cycs"":1,""sps"":12000,""feed"":185.42,""mark"":2030957660}}",5.263191535916123,0.2004385487550474,0.1934628869162933,0.1891563170734451,5.263191535916123,0.2004385487550474,0.1934628869162933,0.1891563170734451,-0.9959555,0.0434975,-0.011973,-1.7096019999999998,-0.976398,0.854,-32.0,36.5024685,-39.5098625,100.0,34.155025,84.0286655,53.7334425,52.738379,53.7334425,163.68798800000002,1513.20685,-1.0081215,-0.0801875,0.0432349999999999,5.2438465,1.861359,2.0185885,-3.9247825,16.0,-95.5023165,100.0,32.339248000000005,56.9327525,61.7127755,70.173398,36.2556905,152.7136705,1421.3092820000002,-0.9731775,-0.0324305,0.0010965,-5.3006205,-8.208859,0.4687275,-14.0,37.076884,66.5789865,100.0,32.62,105.3604635,2.510513,2.0084105,2.0084105,5.523129,1550.9398875,-1.0134425,0.1226435,-0.008777,2.846718,1.7201405,3.9878635,-6.500467,30.6589145,38.0,100.0,33.03,109.1018205,2.502335,2.001868,2.001868,5.5051375,1243.5426225,-0.9404825,0.3430315,-0.0536835,2.5900030000000003,1.608974,1.16,10.447975,3.630036,-6.116456,100.0,40.35632,82.9776365,97.18891,69.1343795,52.602245,194.37782,1661.232653,-1.0056285,-0.0089625,0.001951,0.4871469999999999,1.9196925,4.991321,10.5021265,-15.0,25.277878,100.0,33.522779,99.0603895,57.0181945,50.9926745,61.0352085,163.971181,1206.1971,580,X1.6834 Y1.5246 Z-0.0694
16:31:50.027,5,583,1.69164,1.54887,-0.07029,90.52876,56.22653,-27.77791,,185.42,0,0,,2,1,"{""sr"":{""mpox"":90.52876,""mpoy"":56.22653,""mpoz"":-27.77791,""mpoa"":0,""posx"":1.69164,""posy"":1.54887,""posz"":-0.07029,""posa"":0,""unit"":0,""stat"":5,""coor"":2,""momo"":1,""dist"":0,""home"":1,""mots"":1,""plan"":0,""line"":583,""path"":2,""frmo"":2,""prbe"":1,""safe"":0,""estp"":0,""spc"":1,""hold"":0,""macs"":5,""cycs"":1,""sps"":12000,""feed"":185.42,""mark"":2030957660}}",5.087942145386664,0.200249602715473,0.2009701253270154,0.2036428869125729,5.087942145386664,0.200249602715473,0.2009701253270154,0.2036428869125729,-0.99311968,0.0426911200000001,-0.00226692,-1.8159670799999983,-0.9456888800000028,0.923538999999998,-32.61639230000001,36.99658628,-39.00341372,100.0,34.1561641,94.2105372400017,66.9390661800012,65.69945376000119,67.55887220000122,203.9162292600037,1192.65191328,-1.00455058,-0.076,0.0255679199999999,5.386318219999999,1.826330520000001,2.010978179999999,-3.9418102200000016,16.0,-94.53341867999998,100.0,32.338922860000004,56.71730347999893,52.12987467999901,59.219537679998886,30.86088581999941,128.86504979999754,1439.4149890799977,-1.0223989800000002,-0.0369272600000001,0.02607526,-5.400870999999999,-7.987943680000001,0.4422812599999986,-13.05922072,37.0,67.58316102,100.0,32.62833692,87.53616199999834,2.084194519999961,1.6673555399999684,1.6673555399999684,4.585227639999914,1416.1804401599952,-1.0093267,0.1158732,-0.01355124,2.833784139999998,1.840208919999999,3.972523680000001,-6.0,31.0,37.849032340000015,100.0,33.02849028,118.56596524000088,2.7263697600000207,2.1810959800000167,2.1810959800000167,5.998013540000046,1119.706197239997,-0.9660718599999992,0.2751746599999998,0.0088490799999996,3.911999700000002,1.4890529399999968,1.3384984800000006,11.532667480000002,7.678027099999933,5.274263160000106,100.0,40.36139118,79.91386593999948,90.6625143799994,64.49189191999959,49.06991765999968,181.3250291399988,1634.3293511199963,-1.0044163000000002,-0.0092845799999998,-0.0034799399999998,0.5609307000000008,1.906889079999999,4.97376368,11.0,-15.170306499999995,25.829693500000005,100.0,33.53170316,95.14716589999978,55.62449669999987,49.76928649999988,59.52797041999986,160.5303462799996,1131.1513767200004,583,X1.6917 Y1.5491 Z-0.0703
16:31:50.292,5,587,1.6943,1.5806,-0.0714,90.59635,57.03248,-27.80606,,185.42,0,0,,2,1,"{""sr"":{""mpox"":90.59635,""mpoy"":57.03248,""mpoz"":-27.80606,""mpoa"":0,""posx"":1.6943,""posy"":1.5806,""posz"":-0.0714,""posa"":0,""unit"":0,""stat"":5,""coor"":2,""momo"":1,""dist"":0,""home"":1,""mots"":1,""plan"":0,""line"":587,""path"":2,""frmo"":2,""prbe"":1,""safe"":0,""estp"":0,""spc"":1,""hold"":0,""macs"":5,""cycs"":1,""sps"":12000,""feed"":185.42,""mark"":2030957660}}",5.1039260309678,0.199537908352201,0.198389980298015,0.1985323939281481,5.1039260309678,0.199537908352201,0.198389980298015,0.1985323939281481,-0.9849146399999996,0.0477293200000005,0.0087576400000005,-1.8216192800000048,-0.9058985200000048,0.9208495199999976,-32.0,36.0,-39.08471311999996,100.0,34.14915252,13.331235999993831,9.064303039995798,9.064303039995798,9.233729279995714,27.960540759987037,1626.7114759600047,-1.0121808000000003,-0.0890838800000008,0.0312838000000001,5.233844160000011,1.8561363599999967,1.979631879999996,-3.744931520000052,16.585569360000132,-94.04146392000057,100.0,32.3320602,98.36603668000348,101.61545460000356,112.74324472000391,60.329195920002114,248.4992597600087,1522.5661045199947,-1.0019750399999987,-0.0257959599999994,0.0363683600000008,-5.344942080000003,-8.022832079999995,0.488,-13.786412080000026,37.0,67.0,100.0,32.613846079999995,165.1338615600057,3.932061160000136,3.1456481600001087,3.1456481600001087,8.650533400000299,1582.4324770000014,-0.9833717599999988,0.1385419200000001,-0.0316746000000007,2.7885508,1.648,3.9844869600000026,-6.0,30.0,38.0,100.0,33.02630752,75.00340007999678,1.7202616799999264,1.376208839999941,1.376208839999941,3.7845753599998377,1386.039557239997,-0.8811383599999967,0.1051795599999969,-0.0458496800000031,2.5524955999999506,1.3794179999999916,1.170335319999998,12.822586160000087,9.6775262399999,20.357458680000267,100.0,40.35,100.5330867200018,118.37636844000204,84.20587048000144,64.06968396000109,236.11298044000404,1806.8170796399868,-1.0141190000000002,-0.0013797599999997,0.0121206399999997,0.4388637199999972,1.87389928,4.916474879999994,9.964157120000015,-15.035842879999985,25.964157120000017,100.0,33.53507656,96.12450340000076,62.50034916000048,55.978573200000426,66.8481995200005,179.85646576000138,1278.3570615599992,587,X1.6942 Y1.5835 Z-0.0715
16:31:50.547,5,591,1.68874,1.61141,-0.07259,90.45525,57.81494,-27.83633,,185.42,0,0,,2,1,"{""sr"":{""mpox"":90.45525,""mpoy"":57.81494,""mpoz"":-27.83633,""mpoa"":0,""posx"":1.68874,""posy"":1.61141,""posz"":-0.07259,""posa"":0,""unit"":0,""stat"":5,""coor"":2,""momo"":1,""dist"":0,""home"":1,""mots"":1,""plan"":0,""line"":591,""path"":2,""frmo"":2,""prbe"":1,""safe"":0,""estp"":0,""spc"":1,""hold"":0,""macs"":5,""cycs"":1,""sps"":12000,""feed"":185.42,""mark"":2030957660}}",5.185926116099802,0.1981367750341212,0.2064555764257357,0.206373916256849,5.185926116099802,0.1981367750341212,0.2064555764257357,0.206373916256849,-0.9882315599999996,0.0391769199999997,0.0094417600000008,-1.8274330000000052,-0.9177618999999974,0.9141985600000028,-32.0,36.02905987999996,-40.99982436,100.0,34.150001759999995,150.49590914000692,103.89060278000476,104.86154388000482,106.8034241200049,322.3523272600148,1778.8054339599896,-1.0115183600000002,-0.0851707200000007,0.0380376800000006,5.613969660000002,1.7363763000000012,1.9133415799999935,-3.0,16.149595040000005,-94.14959504,100.0,32.365343679999995,20.427148899996244,21.493631479995905,23.82444011999546,12.836340879997538,52.64347143998998,1836.7839040799915,-0.9490946199999988,-0.0403426200000012,-0.004192,-5.302407499999988,-8.030730599999995,0.4364442600000004,-14.0,36.82827378000003,67.69035723999998,100.0,32.6034349,35.89073283999347,0.8586301599998438,0.686903939999875,0.686903939999875,1.8889855799996564,1838.734231699998,-0.99083668,0.1214981399999999,-0.0140378,2.72472404,1.6257240399999997,4.030498260000002,-5.675769580000017,30.67576958000001,38.0,100.0,33.02986356,148.66927572000367,3.378846900000083,2.7030773400000663,2.7030773400000663,7.433463400000183,1880.240630980008,-0.985336540000004,0.2452310400000033,0.0219080200000019,2.038169620000068,1.330669080000001,1.16,11.780472739999889,4.611157020000109,24.928970740000103,100.0,40.36,61.331330139997824,72.03411905999762,51.231758719998325,38.980685479998726,143.68433183999528,2205.735245980007,-1.0044575599999994,-0.0133507400000002,0.0106678399999998,0.4866426799999886,1.975073800000012,4.97145956,9.988963620000025,-15.0,25.439120360000015,100.0,33.54011036,74.1899259399984,52.21819661999945,46.37719351999949,55.81945145999941,149.9132723199984,1549.1496490199972,591,X1.6868 Y1.6171 Z-0.0728
16:31:50.806,5,594,1.67535,1.63979,-0.07368,90.11502,58.53588,-27.86406,,185.42,0,0,,2,1,"{""sr"":{""mpox"":90.11502,""mpoy"":58.53588,""mpoz"":-27.86406,""mpoa"":0,""posx"":1.67535,""posy"":1.63979,""posz"":-0.07368,""posa"":0,""unit"":0,""stat"":5,""coor"":2,""momo"":1,""dist"":0,""home"":1,""mots"":1,""plan"":0,""line"":594,""path"":2,""frmo"":2,""prbe"":1,""safe"":0,""estp"":0,""spc"":1,""hold"":0,""macs"":5,""cycs"":1,""sps"":12000,""feed"":185.42,""mark"":2030957660}}",5.214404114879176,0.1978175938517281,0.2004557675614216,0.204976095898301,5.214404114879176,0.1978175938517281,0.2004557675614216,0.204976095898301,-0.9979644,0.0463408000000003,-0.0057021999999993,-1.77,-0.9532009999999947,0.9035496000000016,-32.0,36.9981202,-39.79734140000003,100.0,34.16,32.62804159999549,21.481815999997032,22.08979179999695,22.29245119999692,67.68798699999064,1128.0939693999958,-1.0112806,-0.0771110000000002,0.0231163999999998,5.0676384,2.139109200000005,1.9426736000000016,-3.169286599999976,16.0,-95.16928659999998,100.0,32.3387538,84.27612180000234,93.4827576000026,101.98118960000284,55.948013800001554,227.33306920000632,1399.367946200006,-1.0086208,0.0300421999999996,0.0432634,-5.388981799999994,-8.0114104,0.4424104000000005,-13.873682399999996,36.8736824,67.16843379999997,100.0,32.621263199999994,147.39689220000406,3.526241800000097,2.820993200000078,2.820993200000078,7.757731200000214,1304.009018200005,-1.0033991999999998,0.0981126000000003,-0.0204188000000004,2.794799599999999,1.5953569999999988,4.0734568,-5.0,31.0,37.86299980000002,100.0,33.02863,85.9417881999977,1.959013199999948,1.5672105999999584,1.5672105999999584,4.309829199999886,1248.5290988000063,-0.9540204000000022,0.1569685999999951,-0.0226522000000009,2.5142650000000395,1.758927400000007,1.1774163999999998,9.968106599999969,-4.850377200000149,22.565623200000303,100.0,40.3712682,99.0692958000013,112.97375820000148,79.95066000000105,60.8320240000008,225.36816400000296,1608.354412800005,-1.0023504,-0.0100751999999997,0.0188070000000009,0.4360011999999996,1.9439988000000004,5.025209799999997,10.110436199999985,-15.534572600000002,26.069145200000005,100.0,33.5435496,74.84015660000043,62.01041520000036,55.59554460000032,66.82156840000039,179.61637600000105,1110.6435069999973,594,X1.6751 Y1.6402 Z-0.0737
16:31:51.064,5,598,1.65507,1.66358,-0.07477,89.59983,59.14025,-27.89179,,185.42,0,0,,2,1,"{""sr"":{""mpox"":89.59983,""mpoy"":59.14025,""mpoz"":-27.89179,""mpoa"":0,""posx"":1.65507,""posy"":1.66358,""posz"":-0.07477,""posa"":0,""unit"":0,""stat"":5,""coor"":2,""momo"":1,""dist"":0,""home"":1,""mots"":1,""plan"":0,""line"":598,""path"":2,""frmo"":2,""prbe"":1,""safe"":0,""estp"":0,""spc"":1,""hold"":0,""macs"":5,""cycs"":1,""sps"":12000,""feed"":185.42,""mark"":2030957660}}",5.174007302780035,0.2044441129533297,0.2119784668993113,0.2134654869487737,5.174007302780035,0.2044441129533297,0.2119784668993113,0.2134654869487737,-0.9919810000000004,0.0352402000000005,0.0036310399999981,-1.648,-0.8937019599999979,0.8826553600000083,-32.0,36.00317484,-40.271293239999935,100.0,34.15996832,94.922475919995,67.54681055999644,69.46168755999635,70.73298115999629,214.11381947998876,1698.3532380799993,-1.0132109999999996,-0.0791599199999993,0.003219160000001,5.302973679999996,1.8316786400000027,2.0756786400000027,-3.901654400000005,16.595488799999977,-95.0,100.0,32.346938200000004,43.41266080000226,54.20454816000319,58.65417528000345,32.667090160001926,130.96339708000772,1631.8694560799995,-0.926085160000002,-0.009727320000001,-0.0095152000000004,-5.322900080000007,-7.948836040000006,0.4324240399999975,-13.302869080000027,36.69713091999997,66.89821824,100.0,32.62595372,84.26920496000483,2.0232554800001163,1.618604000000093,1.618604000000093,4.451162160000256,1893.8032494400031,-1.014806040000001,0.0876680399999997,0.0122247600000004,2.8381046400000027,1.615145759999995,4.028277759999998,-5.2016806399999895,30.79831936000001,38.55155951999999,100.0,33.02695188,121.8946111199972,2.7577963199999367,2.206237439999949,2.206237439999949,6.067152519999861,1588.4572318399942,-1.0569368000000003,0.23330372,0.0350428000000019,1.7763712400000191,1.470213439999999,1.0943033600000012,10.618163160000016,-6.006255159999848,13.95246699999973,100.0,40.37461508,81.21882868000164,89.99319816000178,63.92114676000125,48.45787564000096,179.52489228000354,1814.879746720006,-1.00021244,-0.0187579999999995,-0.0191967199999997,0.6153922799999928,2.007422880000009,4.917742399999998,10.0,-15.284771839999983,25.05458567999997,100.0,33.54,90.38343616000144,56.74990724000045,50.9294038000004,61.11528432000048,163.6594040800013,1580.5870027200017,598,X1.6524 Y1.666 Z-0.0749
16:31:51.320,5,602,1.62948,1.68124,-0.07596,88.95001,59.58871,-27.92184,,185.42,0,0,,2,1,"{""sr"":{""mpox"":88.95001,""mpoy"":59.58871,""mpoz"":-27.92184,""mpoa"":0,""posx"":1.62948,""posy"":1.68124,""posz"":-0.07596,""posa"":0,""unit"":0,""stat"":5,""coor"":2,""momo"":1,""dist"":0,""home"":1,""mots"":1,""plan"":0,""line"":602,""path"":2,""frmo"":2,""prbe"":1,""safe"":0,""estp"":0,""spc"":1,""hold"":0,""macs"":5,""cycs"":1,""sps"":12000,""feed"":185.42,""mark"":2030957660}}",5.385199608101533,0.2035481248548973,0.2045805603842753,0.2075407180631379,5.385199608101533,0.2035481248548973,0.2045805603842753,0.2075407180631379,-0.9954214400000002,0.0412393600000005,-0.0040659599999999,-1.7688984,-0.97644464,0.8839295200000028,-31.48273416000005,36.47821928000005,-39.99548512,100.0,34.16,72.21113628000677,50.69126160000474,52.60413876000493,53.56057784000502,161.63817312001515,1156.604720839993,-1.009642,-0.07487652,0.0252051200000002,5.363820319999989,1.9493040000000048,2.050116799999998,-3.0,16.51399155999997,-94.07808476,100.0,32.35592096,81.21064147999498,69.90283043999567,75.04274491999534,42.14729487999739,168.0751879999896,1353.8853527200035,-0.9824840000000012,-0.0296500800000003,0.0011885599999999,-5.224899280000014,-8.222316479999993,0.3740754000000029,-13.515544239999969,36.51554423999997,66.43380803999997,100.0,32.63433792,107.23324847999356,2.5777221999998448,2.062177959999876,2.062177959999876,5.6709891599996585,1179.7838273599991,-1.0063003199999998,0.1210877999999999,-0.0097697200000002,2.889990079999996,1.6058975600000005,4.070102439999999,-5.0,31.0,37.67305312000003,100.0,33.02982844,107.29269444000356,2.457114840000084,1.965691960000067,1.965691960000067,5.4056530400001845,1149.6235618399955,-0.9743024800000014,0.1622880000000011,-0.0231777599999992,3.383060680000003,1.5258853599999955,1.1435570000000048,8.686553999999816,-6.787131679999885,4.764800479999501,100.0,40.37190944,85.48978175999797,98.64205571999766,70.31408087999833,53.114953079998735,196.27239747999533,1562.631896079984,-1.0077364,-0.0068344800000001,0.01812028,0.5590707599999932,1.8728279599999995,4.885057160000003,10.266265600000024,-15.0,25.498808040000004,100.0,33.54232544,105.75151623999898,59.14065847999942,52.62516263999949,63.15019455999939,169.90409519999835,1067.9288512399976,602,X1.6232 Y1.6843 Z-0.0762
16:31:51.578,5,605,1.6,1.69177,-0.07705,88.20114,59.85611,-27.94957,,185.42,0,0,,2,1,"{""sr"":{""mpox"":88.20114,""mpoy"":59.85611,""mpoz"":-27.94957,""mpoa"":0,""posx"":1.6,""posy"":1.69177,""posz"":-0.07705,""posa"":0,""unit"":0,""stat"":5,""coor"":2,""momo"":1,""dist"":0,""home"":1,""mots"":1,""plan"":0,""line"":605,""path"":2,""frmo"":2,""prbe"":1,""safe"":0,""estp"":0,""spc"":1,""hold"":0,""macs"":5,""cycs"":1,""sps"":12000,""feed"":185.42,""mark"":2030957660}}",5.027966992910968,0.1956832717203989,0.2070723525710071,0.2075186381034061,5.027966992910968,0.1956832717203989,0.2070723525710071,0.2075186381034061,-0.9951676799999998,0.0445772799999994,0.0073836800000005,-1.7809794800000125,-0.937683520000002,0.85424192,-32.35943228000004,36.63666883999996,-40.35943228000004,100.0,34.15363328,54.89810056000511,38.5092084000036,40.32976344000376,40.6930946000038,123.17317516001148,1323.0552428000028,-1.00521636,-0.0759221599999999,0.03037836,5.315423359999993,1.8030681599999985,1.984229440000002,-3.054059040000005,17.0,-95.40384240000002,100.0,32.3545792,68.34040691999733,82.21572143999673,87.6352009599965,49.48110007999802,196.67802471999212,1622.389763079996,-1.00898412,-0.0111829599999998,0.0275588800000001,-5.129399640000004,-8.221155320000003,0.3484631199999993,-13.538378239999972,36.59642247999998,66.94195576,100.0,32.62807164,124.59425507999514,2.982112319999884,2.385690199999907,2.385690199999907,6.560647479999744,1413.2144047200004,-1.0093539600000003,0.1190574800000001,-0.0118973199999996,2.7948481200000006,1.6626865600000036,4.008322720000002,-5.4492421200000125,31.0,37.43666559999998,100.0,33.04,97.03630968000267,2.2462106000000626,1.7969684800000498,1.7969684800000498,4.941663960000137,1479.7208479199862,-0.9783565200000008,0.265643559999998,0.0124716799999992,1.6851431600000109,1.8601277599999972,1.0417696000000023,10.653871200000053,5.107966559999815,-0.9885624399994384,100.0,40.36,93.31502191999842,105.11347263999822,74.54475927999873,56.84708219999903,208.61806643999645,2070.201900680001,-1.00251144,-0.0095617999999999,0.0046129199999999,0.598596879999997,1.8775269999999995,4.975571079999997,10.0,-15.35374783999998,25.485439080000003,100.0,33.55,100.17947768000032,60.71824447999957,54.02894587999962,64.83473483999954,174.79005947999875,1191.1337939999914,605,X1.5986 Y1.6921 Z-0.0771
16:31:51.834,5,609,1.56884,1.69426,-0.07814,87.40964,59.91954,-27.9773,,185.42,0,0,,2,1,"{""sr"":{""mpox"":87.40964,""mpoy"":59.91954,""mpoz"":-27.9773,""mpoa"":0,""posx"":1.56884,""posy"":1.69426,""posz"":-0.07814,""posa"":0,""unit"":0,""stat"":5,""coor"":2,""momo"":1,""dist"":0,""home"":1,""mots"":1,""plan"":0,""line"":609,""path"":2,""frmo"":2,""prbe"":1,""safe"":0,""estp"":0,""spc"":1,""hold"":0,""macs"":5,""cycs"":1,""sps"":12000,""feed"":185.42,""mark"":2030957660}}",5.342881698000848,0.2091091051689934,0.2064529790770058,0.2089682559005952,5.342881698000848,0.2091091051689934,0.2064529790770058,0.2089682559005952,-0.99012,0.0416195999999997,-0.0058363999999998,-1.9119543599999849,-0.7616022000000028,0.8688063200000014,-32.23114976000002,36.0,-39.70877112000007,100.0,34.16,119.81103823999644,79.12049735999764,83.64166819999751,84.39519659999749,256.1997043599924,1405.3368560399997,-1.01157644,-0.0832736000000001,0.0730192800000004,5.464723399999995,1.7395165200000051,2.053241079999999,-3.680016279999984,16.963277359999996,-94.92655472,100.0,32.35713396,41.917902240002064,44.4777740400022,47.03764660000232,26.87865516000133,105.91470028000523,1555.0439994400017,-0.97289832,-0.0272468800000001,0.0059082799999999,-5.1214756800000085,-8.027027160000001,0.2902239600000025,-13.0,37.0,66.67672919999998,100.0,32.613603080000004,67.88686940000328,1.6163544800000782,1.2930834400000624,1.2930834400000624,3.555978760000172,1608.4919569999995,-1.0042764400000002,0.1217308000000003,-0.0133725199999999,2.808,1.6937075200000002,4.01155412,-5.479707040000015,30.520292959999985,37.479707040000015,100.0,33.02959408,129.98939543999816,2.9831588399999585,2.3865269199999664,2.3865269199999664,6.562950119999908,1441.8058065600076,-0.9639066000000012,0.1994872000000032,-0.0368888399999991,2.965195560000005,2.124890799999997,1.1553019600000016,8.911469519999992,10.536059519999746,2.024686560000157,100.0,40.3551968,74.58697052000103,84.50315760000116,59.92825960000083,45.70068704000064,167.71289884000234,1437.120035040002,-1.00977076,-0.0116657600000001,-0.0044844800000003,0.5970204399999975,1.924054080000001,5.005109319999999,10.0,-15.892715199999987,25.63455496000001,100.0,33.55,87.45497948000045,56.254824720000286,49.63661036000025,60.0366613600003,160.72807056000082,948.0717806799992,609,X1.5643 Y1.694 Z-0.0783
16:31:52.093,5,613,1.53822,1.68867,-0.07932,86.63204,59.77737,-28.00736,,185.42,0,0,,2,1,"{""sr"":{""mpox"":86.63204,""mpoy"":59.77737,""mpoz"":-28.00736,""mpoa"":0,""posx"":1.53822,""posy"":1.68867,""posz"":-0.07932,""posa"":0,""unit"":0,""stat"":5,""coor"":2,""momo"":1,""dist"":0,""home"":1,""mots"":1,""plan"":0,""line"":613,""path"":2,""frmo"":2,""prbe"":1,""safe"":0,""estp"":0,""spc"":1,""hold"":0,""macs"":5,""cycs"":1,""sps"":12000,""feed"":185.42,""mark"":2030957660}}",5.088072719723125,0.1972086009826653,0.1947690861066708,0.2028653787459647,5.088072719723125,0.1972086009826653,0.1947690861066708,0.2028653787459647,-1.0007186,0.04058582,0.0145363399999997,-1.6057986200000018,-0.9120192799999997,0.9196538800000004,-32.0,36.002170459999995,-40.11762878000001,100.0,34.16,8.287857820000752,6.517344740000596,6.889764220000637,7.013904320000633,21.16585218000194,1698.5904449800023,-0.99003588,-0.0722210599999999,-0.00357282,5.335246079999999,1.6484149800000014,2.0879634599999988,-2.422846319999988,12.921846899999936,-77.51313045999962,100.0,32.34595058,159.23476321999914,113.06615747999945,119.52708089999942,68.63833521999966,268.12831639999865,1609.5214409000023,-0.98763058,-0.0188000799999999,0.0338480199999998,-5.612144359999996,-8.197382999999999,0.4762512799999998,-13.211167980000004,37.9907156,67.9907156,100.0,32.61596266,165.98966743999915,3.990583039999981,3.192465679999984,3.192465679999984,8.779281619999956,1725.484520020001,-1.00482238,0.1229179399999999,-0.0167446799999999,2.99275894,1.7289709799999995,4.164822719999998,-6.0,30.98112784,36.355175980000006,100.0,33.03,73.31428120000045,1.6815199200000106,1.3452161600000083,1.3452161600000083,3.699344600000023,1562.3923954200006,-0.93133872,0.0956855600000005,-0.0184672599999999,1.5545788000000016,1.5678487599999993,0.9636538199999992,8.132472260000013,15.677432839999978,10.613169180000018,100.0,40.3561804,110.60365819999971,121.1320913599997,85.90490193999979,65.51021297999984,241.0060632799994,2116.002745260002,-1.0024780800000002,-0.0211855799999999,-0.0133021599999996,0.4367426200000009,2.0282573200000003,4.9413996,10.026619180000004,-14.478688220000004,26.47868822,100.0,33.55425438,109.1757846199998,65.20375581999993,57.53272607999993,69.06588989999992,185.7751339399998,1474.1394659600005,613,X1.5308 Y1.6861 Z-0.0796
16:31:52.350,5,616,1.50983,1.67512,-0.08043,85.91069,59.43341,-28.0353,,185.42,0,0,,2,1,"{""sr"":{""mpox"":85.91069,""mpoy"":59.43341,""mpoz"":-28.0353,""mpoa"":0,""posx"":1.50983,""posy"":1.67512,""posz"":-0.08043,""posa"":0,""unit"":0,""stat"":5,""coor"":2,""momo"":1,""dist"":0,""home"":1,""mots"":1,""plan"":0,""line"":616,""path"":2,""frmo"":2,""prbe"":1,""safe"":0,""estp"":0,""spc"":1,""hold"":0,""macs"":5,""cycs"":1,""sps"":12000,""feed"":185.42,""mark"":2030957660}}",5.344794271222113,0.2028035787558259,0.2086934305845328,0.2113141767043939,5.344794271222113,0.2028035787558259,0.2086934305845328,0.2113141767043939,-0.9904083599999994,0.0429549599999989,-0.0064242399999983,-1.6428556799999947,-0.905496199999989,0.8592731600000054,-32.00070736,36.0,-40.91213331999991,100.0,34.16085736,145.36021011998577,95.9967957599906,101.48232707999009,102.39658155998998,310.8467671999696,1811.2777136800037,-1.0032296000000007,-0.077862,0.0121450800000016,5.290965920000007,1.761416520000011,2.0708667999999952,-3.067756720000077,16.794131959999937,-95.72377644000004,100.0,32.35656056,40.44133692001099,28.821569680008874,30.468516000009377,17.498810400005386,68.55416156002111,1354.7242128800212,-0.9921745999999974,-0.0144211600000004,0.0143491199999994,-5.069179839999999,-8.257776840000014,0.387283920000003,-2.915917080000882,7.846994120002317,14.095387040004209,100.0,32.62,43.10854740001321,1.041399280000315,0.833119440000252,0.833119440000252,2.291077480000693,1608.1649787600527,-1.0033773600000022,0.1257589199999999,-0.0125128799999996,2.867981280000002,1.6724324800000057,4.14436063999999,-6.291383319999971,30.654042279999967,37.65404227999996,100.0,33.02,140.61902191999286,3.270209639999833,2.616168279999868,2.616168279999868,7.194461559999635,1520.1248854000155,-0.9237068799999916,0.2374256800000115,-0.0408125200000047,2.9362728799999647,1.4128208800000166,1.163991439999991,12.093938440000215,12.182000039999178,14.228887400000568,100.0,40.34277736,66.90809440000427,75.74599100000478,53.71781972000339,40.96466884000259,150.71906388000951,2159.850077280042,-1.0102522800000004,-0.0035578400000004,0.031161360000001,0.4556560400000186,1.9696008399999885,5.041286040000003,5.992911600000451,-8.9228664000006,15.51063484000109,100.0,33.54955664,106.90370759999738,53.03819576000122,47.19500412000109,56.6340053600013,151.9229670000035,1281.9596798399948,616,X1.508 Y1.674 Z-0.0805
16:31:52.608,5,620,1.48608,1.65477,-0.08152,85.30765,58.91645,-28.06303,,185.42,0,0,,2,1,"{""sr"":{""mpox"":85.30765,""mpoy"":58.91645,""mpoz"":-28.06303,""mpoa"":0,""posx"":1.48608,""posy"":1.65477,""posz"":-0.08152,""posa"":0,""unit"":0,""stat"":5,""coor"":2,""momo"":1,""dist"":0,""home"":1,""mots"":1,""plan"":0,""line"":620,""path"":2,""frmo"":2,""prbe"":1,""safe"":0,""estp"":0,""spc"":1,""hold"":0,""macs"":5,""cycs"":1,""sps"":12000,""feed"":185.42,""mark"":2030957660}}",5.169127627341346,0.1899328268488568,0.1970289621293356,0.2087631905938712,5.169127627341346,0.1899328268488568,0.1970289621293356,0.2087631905938712,-0.99401628,0.04003592,-0.0063989599999997,-1.6458675599999972,-0.837673719999998,0.9770936,-32.75720720000001,36.0,-40.00153312,100.0,34.16,35.204902559998374,25.493205359998825,26.949960159998756,27.192752199998743,82.3066339999962,1095.551415399999,-1.0009170799999998,-0.0741162799999999,0.0223697199999996,5.214584959999999,1.7805065599999983,2.10941504,-3.2026857599999903,16.0,-94.31925152,100.0,32.34883416,132.06519820000153,95.3047824000011,100.75076972000116,57.18286964000067,226.0084834000026,1853.3458717200003,-0.9891105599999996,-0.0406179200000001,0.0111301599999999,-5.286950959999996,-8.208100400000001,0.3711220799999993,-13.118335040000002,37.67936104000001,66.91603112000001,100.0,32.62,141.30705908000164,3.396804720000038,2.7174436800000312,2.7174436800000312,7.472969480000086,1751.3088221599974,-1.00961876,0.12593252,-0.01027456,2.870458880000001,1.71577976,4.0064884,-6.241496080000004,30.594138720000004,36.40586128,100.0,33.02,88.47777411999908,2.029306879999979,1.6234453599999832,1.6234453599999832,4.4644747999999534,1551.4603722799982,-1.03832632,0.1835416799999999,4.45999999997478e-05,2.34680572000002,1.5514603599999937,1.2264630400000027,10.841108720000012,-3.8263766799999104,12.5548151999999,100.0,40.33,100.51660336000052,111.30652108000058,78.93676716000041,60.19638388000032,220.9093703600012,1936.3850186400032,-1.00508788,-0.0163097999999998,-0.0012027199999999,0.5303555999999999,2.0335714800000013,5.086642360000001,10.132791519999994,-15.528809360000002,26.86720848000001,100.0,33.55132792,107.87709620000024,62.39949680000015,55.52497592000013,66.62997140000016,178.20873260000042,1270.466991320001,620,X1.4826 Y1.6508 Z-0.0817
16:31:52.865,5,623,1.4684,1.6292,-0.0827,84.85849,58.26692,-28.09308,,185.42,0,0,,2,1,"{""sr"":{""mpox"":84.85849,""mpoy"":58.26692,""mpoz"":-28.09308,""mpoa"":0,""posx"":1.4684,""posy"":1.6292,""posz"":-0.0827,""posa"":0,""unit"":0,""stat"":5,""coor"":2,""momo"":1,""dist"":0,""home"":1,""mots"":1,""plan"":0,""line"":623,""path"":2,""frmo"":2,""prbe"":1,""safe"":0,""estp"":0,""spc"":1,""hold"":0,""macs"":5,""cycs"":1,""sps"":12000,""feed"":185.42,""mark"":2030957660}}",5.358735840841639,0.2063374784785436,0.2084066757530031,0.208475278426451,5.358735840841639,0.2063374784785436,0.2084066757530031,0.208475278426451,-0.9905393399999992,0.0382870799999994,-0.0035901800000009,-1.677813679999982,-0.9442223599999816,1.0000967400000047,-32.0,36.38194248000007,-40.61805751999993,100.0,34.17,92.12030365998876,64.89604221999207,67.9863302999917,69.22244533999155,208.9034502999745,1124.7761334800034,-1.0087638200000006,-0.07530782,0.00912798,5.441997939999994,1.6438071200000055,1.972695780000004,-3.418050380000053,16.095166279999987,-95.16389985999989,100.0,32.352590580000005,74.81397808000925,58.108965100007424,61.871415900007904,35.11620944000448,138.46975176001766,1572.4082305399804,-1.01645424,-0.0239096199999997,0.0268116599999997,-5.327886920000015,-8.141464819999998,0.3915877800000032,-13.419474180000051,38.0,66.74101688000012,100.0,32.6103537,87.25056736001098,2.0973696600002643,1.677895480000211,1.677895480000211,4.614212500000581,1421.4605486399903,-1.0222402400000004,0.1222757600000001,-0.00651118,2.939371920000001,1.8085716199999948,3.9828999600000032,-6.260656060000053,30.455892820000027,36.26065606000005,100.0,33.01260642,118.0712592599938,2.7205357599998576,2.1764285799998864,2.1764285799998864,5.985178939999687,1204.5371476399966,-0.9784273599999967,0.2216843400000014,-0.0224349800000024,2.653457599999906,1.508731739999991,1.313614599999994,9.771851160000027,-9.426789019999925,10.950497239999192,100.0,40.3222816,83.24335028000358,91.926438260004,65.19272928000284,49.24630604000214,182.44583872000797,1317.5579875399928,-1.0026542400000005,-0.0132702599999999,-0.0041605199999989,0.5275525599999902,1.9037131800000051,4.960939019999998,11.0,-15.0,25.209761900000043,100.0,33.56,90.83214902000267,57.03210662000094,50.69520562000083,60.931737360001,163.2970563800027,1262.9611118199985,623,X1.4684 Y1.6292 Z-0.0827
16:31:53.122,5,627,1.45809,1.59963,-0.08379,84.59651,57.51593,-28.12081,,185.42,0,0,,2,1,"{""sr"":{""mpox"":84.59651,""mpoy"":57.51593,""mpoz"":-28.12081,""mpoa"":0,""posx"":1.45809,""posy"":1.59963,""posz"":-0.08379,""posa"":0,""unit"":0,""stat"":5,""coor"":2,""momo"":1,""dist"":0,""home"":1,""mots"":1,""plan"":0,""line"":627,""path"":2,""frmo"":2,""prbe"":1,""safe"":0,""estp"":0,""spc"":1,""hold"":0,""macs"":5,""cycs"":1,""sps"":12000,""feed"":185.42,""mark"":2030957660}}",5.223355561344758,0.182227521887494,0.1897574627378944,0.1976524547406934,5.223355561344758,0.182227521887494,0.1897574627378944,0.1976524547406934,-0.99084964,0.0481618399999997,-0.0131077200000001,-1.754343920000018,-0.9235507600000082,0.7957721600000027,-31.52745456000002,36.004732,-41.51325856000002,100.0,34.17995268,83.91445156000363,54.388995840002345,56.97894816000246,57.49693872000249,174.04478788000753,1662.2717390000018,-1.00931744,-0.0772560799999999,0.0155593200000005,5.331231639999993,1.730354880000002,1.9870385199999987,-3.0722135999999964,16.558009879999982,-95.0,100.0,32.34971568,84.52852547999724,67.0398649599978,71.41202995999767,40.321078119998674,160.31272043999476,1678.0605891600117,-0.9797687999999996,-0.0270806399999999,0.0124603599999998,-5.42297936,-8.517938080000002,0.488,-13.56330087999998,38.0,66.92605984000001,100.0,32.614579760000005,100.3189528399968,2.4468040399999222,1.9574428399999375,1.9574428399999375,5.382967799999829,1646.8657278400078,-1.02152824,0.12482348,-0.01005928,2.929271839999999,1.6781359199999994,4.090455800000003,-7.0,30.644816079999984,37.15078335999999,100.0,33.02795608,109.79495020000182,2.529837400000042,2.1746534800000266,2.023870120000033,6.071610360000101,1486.9316377600107,-0.8748401199999989,0.3173110400000012,0.0328688400000002,2.0570303999999746,1.5041276799999972,1.0408687999999962,9.695591719999957,2.2881806800000883,-1.3373815600002903,100.0,40.31327912,87.35860575999894,96.78936459999883,68.99344423999916,52.117350319999375,193.0823729999977,2086.2758732400102,-1.00165728,-0.01531776,-0.0165343600000003,0.5399846799999972,1.892824440000005,4.9517950799999975,10.0,-14.78532624000001,25.21467375999999,100.0,33.56,97.86055855999952,58.12023007999971,51.66242667999974,61.597509159999696,165.41911731999917,1220.3914988400038,627,X1.4574 Y1.5966 Z-0.0839
16:31:53.380,5,631,1.45577,1.56841,-0.08488,84.53761,56.72288,-28.14854,,185.42,0,0,,2,1,"{""sr"":{""mpox"":84.53761,""mpoy"":56.72288,""mpoz"":-28.14854,""mpoa"":0,""posx"":1.45577,""posy"":1.56841,""posz"":-0.08488,""posa"":0,""unit"":0,""stat"":5,""coor"":2,""momo"":1,""dist"":0,""home"":1,""mots"":1,""plan"":0,""line"":631,""path"":2,""frmo"":2,""prbe"":1,""safe"":0,""estp"":0,""spc"":1,""hold"":0,""macs"":5,""cycs"":1,""sps"":12000,""feed"":185.42,""mark"":2030957660}}",5.258297321873559,0.2030048445493681,0.2055004503792199,0.2232049279155758,5.258297321873559,0.2030048445493681,0.2055004503792199,0.2232049279155758,-0.9862584399999996,0.0542715600000004,0.0022291199999991,-1.661536879999962,-0.7941648399999889,0.9377574400000076,-31.32533779999994,36.674662200000064,-39.69353832000007,100.0,34.1731904,45.66681299999137,34.16044987999351,35.46180007999327,35.7871378799932,108.98180927997932,1453.5575488000234,-1.0147122800000006,-0.07913572,0.0133767199999997,5.361721999999993,1.7270700000000048,1.985208440000004,-4.0,16.04804383999999,-95.57605112000005,100.0,32.352001560000005,103.3129607200068,84.30089372000586,91.16594068000636,50.59975384000352,204.12717004001425,1630.6898021599916,-1.0359523600000038,-0.00942672,0.0071162000000002,-5.313095999999999,-8.435102200000015,0.3340222799999962,-13.574976040000053,37.94924640000001,66.9492464,100.0,32.61949248,128.3761212800088,3.1286492000002144,2.502919560000172,2.502919560000172,6.883028040000473,1313.7551317199866,-1.0014083599999983,0.0950966399999995,-0.0165256800000006,2.9158524799999985,1.8062886400000049,4.038563839999994,-6.535948959999957,30.53594895999996,37.10127647999998,100.0,33.0220256,93.45458147999508,2.173362359999885,2.173362359999885,1.7386898799999084,5.216069639999725,1387.1701278799835,-1.0143822800000035,0.0997253599999929,0.0394787600000031,1.5693163600000517,1.85688416,1.2675638400000029,7.076650360000129,5.24348300000025,6.787097759999755,100.0,40.33,101.17413148000306,106.7677270800032,75.55869912000226,57.49031500000172,212.8695998400064,1998.6271190400196,-1.0125868000000005,-0.014,0.0086010800000012,0.5586326800000022,1.9410752799999968,4.946292040000001,10.481214039999992,-15.0,25.481214039999998,100.0,33.57,109.4262358000012,60.17912488000077,53.434912080000686,63.81062360000082,171.34209868000218,1266.3498269200084,631,X1.4562 Y1.5622 Z-0.0851
16:31:53.636,5,634,1.4615,1.53769,-0.08607,84.68323,55.94261,-28.17859,,185.42,0,0,,2,1,"{""sr"":{""mpox"":84.68323,""mpoy"":55.94261,""mpoz"":-28.17859,""mpoa"":0,""posx"":1.4615,""posy"":1.53769,""posz"":-0.08607,""posa"":0,""unit"":0,""stat"":5,""coor"":2,""momo"":1,""dist"":0,""home"":1,""mots"":1,""plan"":0,""line"":634,""path"":2,""frmo"":2,""prbe"":1,""safe"":0,""estp"":0,""spc"":1,""hold"":0,""macs"":5,""cycs"":1,""sps"":12000,""feed"":185.42,""mark"":2030957660}}",5.33024361251743,0.2081784601676387,0.2112765977243001,0.204651524969126,5.33024361251743,0.2081784601676387,0.2112765977243001,0.204651524969126,-0.9983703999999995,0.0329739999999991,-0.0042421999999999,-1.6230131999999895,-1.0490674000000138,0.8179321999999931,-32.0,36.79729640000005,-40.59902480000011,100.0,34.1880612,128.364735400009,83.7161316000059,86.10802160000607,87.70261460000616,264.7024364000186,2076.744573200021,-1.0063477999999997,-0.0788711999999994,0.0308119999999993,5.390779800000007,1.7897798000000062,2.0337798000000062,-3.0,16.03054599999999,-93.35314439999996,100.0,32.340305400000005,58.41045619999211,39.13500579999471,42.639633399994246,23.364182799996847,94.9169917999872,1727.6229740000038,-1.0153032000000002,-0.0323892000000006,0.0174157999999998,-5.077108000000022,-8.124451799999974,0.425163000000016,-13.03198499999999,38.0,66.6531399999999,100.0,32.6196802,60.389893199992045,1.4729237999998064,1.178339199999845,1.178339199999845,3.240433199999574,1871.548633999997,-0.993372,0.1314646000000019,-0.0205730000000004,2.9288566,1.6775448000000035,4.059455199999997,-4.270390600000147,18.30167380000063,22.5092068000008,100.0,33.044843400000005,132.9921624000046,3.050278600000105,3.050278600000105,2.440223400000084,7.3206692000002525,1659.2687806,-0.9657319999999998,0.3819836000000097,-0.0431372000000024,3.1751156000000806,1.5764074000000214,1.223785800000002,11.505936800000036,18.42217000000024,5.965851799999998,100.0,40.3242036,74.82233079999733,81.96828419999707,58.008324399997925,44.136767999998426,163.51621799999418,2116.8637097999977,-1.0030732000000002,-0.0165136000000004,0.0029625999999983,0.6205734000000066,1.878340399999998,4.927953799999995,10.0,-15.44249280000003,26.089719199999973,100.0,33.5791028,100.57440319999871,53.79561139999932,47.714368399999394,57.537914799999264,153.90222659999804,1403.4119171999987,634,X1.4617 Y1.537 Z-0.0861
16:31:53.894,5,638,1.47511,1.5096,-0.08717,85.02896,55.22908,-28.20653,,185.42,0,0,,2,1,"{""sr"":{""mpox"":85.02896,""mpoy"":55.22908,""mpoz"":-28.20653,""mpoa"":0,""posx"":1.47511,""posy"":1.5096,""posz"":-0.08717,""posa"":0,""unit"":0,""stat"":5,""coor"":2,""momo"":1,""dist"":0,""home"":1,""mots"":1,""plan"":0,""line"":638,""path"":2,""frmo"":2,""prbe"":1,""safe"":0,""estp"":0,""spc"":1,""hold"":0,""macs"":5,""cycs"":1,""sps"":12000,""feed"":185.42,""mark"":2030957660}}",5.153610833891193,0.1937575401177374,0.2004839783048059,0.2069745295416959,5.153610833891193,0.1937575401177374,0.2004839783048059,0.2069745295416959,-0.99404552,0.0448699999999999,0.0008138000000008,-1.8886008799999967,-0.7499920400000193,0.9721107999999944,-32.0,36.96025039999996,-40.04507184000005,100.0,34.19,7.16643292000714,4.737873000004717,4.862444040004844,4.91283812000489,14.913478480014865,1271.9289431600014,-1.0131027599999998,-0.0899046799999992,0.0168121599999999,5.707326759999982,1.791452760000003,2.1234031599999965,-0.5643187200001156,3.191671880000648,-17.68197760000362,100.0,32.34636008,169.90419635999316,107.98562299999584,118.61383419999544,63.81219443999756,262.5926200399899,1566.0115756800035,-0.9624849200000012,-0.0499991999999991,0.0125916800000001,-5.299260279999998,-8.011711480000011,0.4454286799999946,-13.188699200000038,37.00632224000001,67.18869920000003,100.0,32.61830264,167.61908779999362,4.088116239999844,3.270493199999875,3.270493199999875,8.993855559999655,1657.395875279997,-0.9824414800000006,0.1184733200000003,-0.0117290000000002,2.7898351200000047,1.730031360000002,3.887835120000005,-6.987337999999985,30.0,36.332112080000016,100.0,33.0333214,72.40050576000363,1.6605623600000832,1.6605623600000832,1.3284493200000664,3.9853488800002,1311.512874280006,-1.027284999999997,0.2297679200000024,0.0106876399999993,2.554899359999977,1.9363203200000063,1.3101538,12.014712760000016,7.778724960000333,7.438619199999999,100.0,40.31608832,109.0528185999978,121.59796819999764,86.05394711999833,65.47582907999873,241.93406587999527,1909.717736280006,-1.0096595199999998,-0.0185625600000002,0.0072294399999994,0.5500930400000013,1.8893727200000043,5.005,10.01791876000002,-15.0,26.0,100.0,33.5601792,97.0945542799998,62.53730171999948,55.93839607999952,66.90670879999942,178.80141879999846,1060.9126519200054,638,X1.4772 Y1.5064 Z-0.0873
16:31:54.151,5,642,1.49558,1.48591,-0.08826,85.54895,54.62738,-28.23426,,185.42,0,0,,2,1,"{""sr"":{""mpox"":85.54895,""mpoy"":54.62738,""mpoz"":-28.23426,""mpoa"":0,""posx"":1.49558,""posy"":1.48591,""posz"":-0.08826,""posa"":0,""unit"":0,""stat"":5,""coor"":2,""momo"":1,""dist"":0,""home"":1,""mots"":1,""plan"":0,""line"":642,""path"":2,""frmo"":2,""prbe"":1,""safe"":0,""estp"":0,""spc"":1,""hold"":0,""macs"":5,""cycs"":1,""sps"":12000,""feed"":185.42,""mark"":2030957660}}",5.365684205805752,0.1971946759770004,0.2020288353452953,0.1961614986706389,5.365684205805752,0.1971946759770004,0.2020288353452953,0.1961614986706389,-0.9895257999999996,0.0363516999999989,0.0069543000000024,-1.811825000000016,-1.0926316000000051,0.8795776999999794,-32.104971599999914,37.0,-39.20994409999983,100.0,34.1910438,123.59785690001164,94.93353490000894,95.82913380000902,96.72473350000912,294.6521968000277,1832.3573915000463,-1.0114779,-0.0878655000000015,0.0248288999999982,5.457912000000007,1.4721744999999575,1.918836799999993,-4.0,16.135266400000013,-94.83058330000014,100.0,32.3550948,38.90534819998771,28.51197989999235,31.67633129999145,16.938038499995425,70.08716369998112,1857.910385900028,-0.96768929999999,0.0165856000000002,0.0357934000000012,-4.91387059999997,-8.226098900000032,0.2848154999999893,-13.08393879999993,38.0,66.44606849999988,100.0,32.62,46.02895609998789,1.1151706999997082,0.8921359999997664,0.8921359999997664,2.453374299999357,2304.675810200062,-1.0330575999999994,0.1727685000000015,-0.0190233000000003,2.8813728000000034,1.7443340000000054,4.02399599999999,-7.0,31.0,36.42075389999991,100.0,33.0564781,138.63838110000677,3.239214900000158,3.239214900000158,2.5913715000001263,7.774114600000379,2210.6265949000526,-0.968376399999997,0.2627390000000051,-0.0140547999999999,3.133302500000055,1.617196100000026,1.041850499999997,11.082834900000153,-6.742741999999537,15.248505700000456,100.0,40.33,66.43722469999625,77.11463549999564,54.57343479999692,41.52326589999765,153.3752294999914,1858.8825642000013,-0.9989545999999994,-0.0053297999999993,0.0134180000000018,0.5531150999999894,1.892964300000012,4.932185900000005,10.54162950000001,-15.54162950000001,25.458370499999997,100.0,33.56,94.645213299998,52.25426529999899,46.2954455999991,55.46286039999893,148.97049149999714,1616.4576759000277,642,X1.5009 Y1.4814 Z-0.0885
16:31:54.410,5,645,1.52122,1.46848,-0.08942,86.20018,54.18457,-28.26383,,185.42,0,0,,2,1,"{""sr"":{""mpox"":86.20018,""mpoy"":54.18457,""mpoz"":-28.26383,""mpoa"":0,""posx"":1.52122,""posy"":1.46848,""posz"":-0.08942,""posa"":0,""unit"":0,""stat"":5,""coor"":2,""momo"":1,""dist"":0,""home"":1,""mots"":1,""plan"":0,""line"":645,""path"":2,""frmo"":2,""prbe"":1,""safe"":0,""estp"":0,""spc"":1,""hold"":0,""macs"":5,""cycs"":1,""sps"":12000,""feed"":185.42,""mark"":2030957660}}",5.256787825545034,0.2036160331822121,0.2056656995429319,0.2091421605250474,5.256787825545034,0.2036160331822121,0.2056656995429319,0.2091421605250474,-0.9948506000000004,0.0453924799999996,-0.0080039199999995,-1.7694979999999714,-0.9236396799999836,0.9154960000000002,-23.61784748000221,26.480866240002484,-28.628129560002684,100.0,34.192842920000004,41.21557439999026,30.41425095999282,30.130005679992887,30.698496519992755,93.51671635997792,1625.4875270399805,-0.99977968,-0.0771021599999999,0.0176316399999993,5.44963164000001,1.726996759999983,2.0486053199999983,-3.236985279999942,16.0,-94.23698527999994,100.0,32.35220176,114.91193176000831,83.57231432000606,93.36594460000676,49.6210615600036,205.66624204001488,1665.8849434799813,-0.9731374800000008,-0.0237236399999997,0.0113590800000005,-5.329451960000001,-8.36789292,0.398141520000007,-11.791703119999806,33.7766160799996,59.79005311999924,100.0,32.61763456,134.3764936000097,3.261565600000235,2.6092520800001884,2.6092520800001884,7.175443720000518,1556.4814527599829,-1.0098485199999991,0.1288125999999996,-0.0055892400000003,2.805897479999996,1.838985079999999,4.033795000000002,-6.582681840000025,31.0,37.39125648000007,100.0,33.03774136,90.9753655999945,2.0865907999998736,2.0865907999998736,1.6692726399998992,5.007818359999697,1358.499535759992,-0.9518612399999988,0.2967546800000114,0.0033645200000005,3.5769438799999542,1.3344263199999775,1.1528413199999978,6.969443480000032,-9.728589320000337,5.200470040000284,100.0,40.32,92.181480680003,108.38307408000352,77.09723844000251,58.66094256000192,216.20747308000705,2088.4892666399924,-1.00508264,-0.0054733600000004,0.0032715199999988,0.6162744799999967,2.08260724000002,4.979822040000003,10.525879880000009,-16.0,25.31950216000003,100.0,33.57154616,103.07244568000144,59.42442020000083,53.11386240000075,63.63145864000089,170.38506288000238,1094.4256236799986,645,X1.5227 Y1.4677 Z-0.0895
16:31:54.667,5,649,1.55097,1.4582,-0.09054,86.95569,53.92345,-28.29226,,185.42,0,0,,2,1,"{""sr"":{""mpox"":86.95569,""mpoy"":53.92345,""mpoz"":-28.29226,""mpoa"":0,""posx"":1.55097,""posy"":1.4582,""posz"":-0.09054,""posa"":0,""unit"":0,""stat"":5,""coor"":2,""momo"":1,""dist"":0,""home"":1,""mots"":1,""plan"":0,""line"":649,""path"":2,""frmo"":2,""prbe"":1,""safe"":0,""estp"":0,""spc"":1,""hold"":0,""macs"":5,""cycs"":1,""sps"":12000,""feed"":185.42,""mark"":2030957660}}",5.392583501150085,0.2014442328072618,0.199360834308076,0.1962706395978394,5.392583501150085,0.2014442328072618,0.199360834308076,0.1962706395978394,-0.99486486,0.0526528600000001,-0.0076999000000001,-1.7124226399999831,-1.040573699999983,0.9157123,-31.57911017999996,36.42088982000004,-39.42790172000005,100.0,34.194256,82.84311821999438,61.96477149999579,61.38566131999583,62.54388109999576,190.52719445998704,1687.993440739972,-0.9996607399999998,-0.0773555399999999,0.0237149599999995,5.218254540000007,1.665449779999996,2.0345928000000053,-3.6430306599999662,16.0,-93.55413985999998,100.0,32.35088914,81.95218208000523,56.62423480000352,63.75799668000396,33.082539360002045,139.19724750000864,1617.1343321999907,-0.97500392,-0.0247678800000002,0.0030011999999996,-5.4262601200000224,-8.143723839999986,0.3965836600000107,-13.447801820000029,37.644918139999966,67.35508186000003,100.0,32.60540494,93.5905999200057,2.239009360000136,1.791207540000109,1.791207540000109,4.9258209600003,1861.917712819988,-1.02597378,0.1232209599999998,-0.00396132,2.9550419200000024,1.7884818799999955,4.077795560000001,-6.286494180000027,30.713505819999973,36.816320380000015,100.0,33.04346146,114.97219347999685,2.649128999999927,2.649128999999927,2.1193032199999418,6.357909239999826,1734.7613134799944,-0.9019011799999996,0.718695119999989,-0.1051182199999977,2.002800640000005,1.6839994200000092,1.3421337399999926,6.113123759999967,4.621816980000355,0.8306604199996864,100.0,40.30947028,78.81935468000182,93.02486918000206,65.83298458000147,50.09031436000111,185.0956373200041,1891.452543999994,-1.0016913599999997,-0.0108174400000003,-0.0007270200000009,0.4411034199999981,1.8447543600000031,5.0502512600000005,10.0,-15.233164680000025,24.749509099999987,100.0,33.58766816,103.54701238000112,55.521051060000495,49.62501006000044,59.451744920000536,159.1931022200014,1511.6746049399987,649,X1.5554 Y1.4573 Z-0.0907
16:31:54.923,5,653,1.58192,1.45597,-0.09162,87.74181,53.86679,-28.31978,,185.42,0,0,,2,1,"{""sr"":{""mpox"":87.74181,""mpoy"":53.86679,""mpoz"":-28.31978,""mpoa"":0,""posx"":1.58192,""posy"":1.45597,""posz"":-0.09162,""posa"":0,""unit"":0,""stat"":5,""coor"":2,""momo"":1,""dist"":0,""home"":1,""mots"":1,""plan"":0,""line"":653,""path"":2,""frmo"":2,""prbe"":1,""safe"":0,""estp"":0,""spc"":1,""hold"":0,""macs"":5,""cycs"":1,""sps"":12000,""feed"":185.42,""mark"":2030957660}}",5.20684819002017,0.1978540258383141,0.204368252194952,0.1903365621189604,5.20684819002017,0.1978540258383141,0.204368252194952,0.1903365621189604,-0.9905292200000004,0.0456872200000002,0.0119431999999977,-1.840298000000012,-1.0516331600000184,1.0326176799999938,-32.0,36.99519238,-39.54411746000005,100.0,34.205441400000005,80.89645928000755,58.24545082000543,57.16683122000532,58.24545082000543,177.43290150001656,1629.3486591800122,-1.00218254,-0.0755720800000001,-0.0050503799999997,5.471132940000008,1.717438699999999,2.005561300000001,-3.459095580000044,16.459095580000042,-94.59743230000002,100.0,32.35540892,82.55378447999372,59.43872481999549,66.98649937999491,34.90845751999735,146.2381325999889,1533.934136119995,-1.0162514000000002,-0.0187991399999984,0.0238973400000005,-5.179312539999991,-8.215555200000003,0.3993287799999974,-13.546372999999956,37.0,67.0,100.0,32.61546346,98.49894399999276,2.367762879999826,1.8942101799998603,1.8942101799998603,5.209078919999618,1671.4568557000011,-1.0161912999999996,0.1265386199999996,-0.0070234600000003,2.9575683399999964,1.6794774000000012,3.9778672200000016,-6.853886980000016,31.0,36.85388698000002,100.0,33.03484004,112.63802592000408,2.580089940000094,2.580089940000094,2.064072060000075,6.192215640000226,1453.3071325400051,-1.0364358599999988,0.26500282,0.0197303599999997,2.8725955400000496,0.8789918200000069,1.2303000600000016,10.036329019999984,12.717455600000372,-3.056044759999958,100.0,40.2934128,80.84756925999775,95.54712715999736,67.61796707999812,51.448453459998575,190.11428355999476,1724.2171510400049,-1.0050611600000003,-0.0125556999999996,-0.0125866399999998,0.6506984999999962,1.93670624,4.992463620000001,10.0,-15.0,25.0,100.0,33.579055579999995,85.55271545999904,55.88125387999937,49.94696103999944,59.83744843999933,159.73137105999822,1402.7314462000036,653,X1.5898 Y1.4567 Z-0.0919
16:31:55.181,5,656,1.61262,1.46198,-0.09279,88.52174,54.01947,-28.34934,,185.42,0,0,,2,1,"{""sr"":{""mpox"":88.52174,""mpoy"":54.01947,""mpoz"":-28.34934,""mpoa"":0,""posx"":1.61262,""posy"":1.46198,""posz"":-0.09279,""posa"":0,""unit"":0,""stat"":5,""coor"":2,""momo"":1,""dist"":0,""home"":1,""mots"":1,""plan"":0,""line"":656,""path"":2,""frmo"":2,""prbe"":1,""safe"":0,""estp"":0,""spc"":1,""hold"":0,""macs"":5,""cycs"":1,""sps"":12000,""feed"":185.42,""mark"":2030957660}}",5.274097395459129,0.2070814394777002,0.209734388666954,0.205492899112869,5.274097395459129,0.2070814394777002,0.209734388666954,0.205492899112869,-0.9930908000000004,0.0519533999999997,-0.0134125999999985,-1.8612915999999915,-1.0621232999999966,0.8173647999999966,-31.70566199999997,36.69773099999997,-39.70169649999997,100.0,34.2030228,51.09144450000476,32.64508560000303,32.04054660000297,32.64508560000303,99.44660220000928,1480.0429500999917,-1.0101580000000003,-0.0668651000000003,0.0356214000000001,5.291936499999996,1.701575799999996,1.9893194999999984,-4.190807099999952,16.595403899999976,-95.0,100.0,32.350460500000004,106.28887359999652,80.18010939999752,91.08460439999718,46.82518379999856,198.20523119999388,1412.513750600002,-0.9676390000000008,-0.0236239999999999,0.0083344999999995,-5.467317600000001,-7.993913999999997,0.5984466999999989,-14.0,38.0,67.0,100.0,32.6163947,134.24440879999588,3.1974230999999023,2.557937999999921,2.557937999999921,7.034330299999786,1426.693575999993,-1.0136488,0.1173232,-0.0149157,2.9127079999999985,1.7032360999999996,4.1034179,-6.519839200000019,31.0,37.51983920000002,100.0,33.0361437,93.15108830000231,2.1267370000000527,2.1267370000000527,1.7013897000000422,5.104169500000126,1257.7025574999943,-0.9793321000000016,0.131234499999999,-0.0104065999999985,2.774334700000014,1.647886800000005,1.3159548999999942,11.221680500000048,17.34070660000018,12.65591509999972,100.0,40.3011043,93.19877389999886,108.18340989999854,76.56056679999895,58.25260499999921,215.70161499999705,1763.2436818000042,-1.0025131,-0.0092932999999996,0.0018656000000004,0.6340776000000042,1.807235699999994,4.920223100000001,10.866717799999988,-14.389787299999984,26.0,100.0,33.5713329,109.17825489999927,59.10689179999964,52.83005409999968,63.291450199999616,169.47462789999898,1344.049545000001,656,X1.6149 Y1.4627 Z-0.0929
16:31:55.439,5,660,1.64066,1.47563,-0.09391,89.234,54.36632,-28.37777,,185.42,0,0,,2,1,"{""sr"":{""mpox"":89.234,""mpoy"":54.36632,""mpoz"":-28.37777,""mpoa"":0,""posx"":1.64066,""posy"":1.47563,""posz"":-0.09391,""posa"":0,""unit"":0,""stat"":5,""coor"":2,""momo"":1,""dist"":0,""home"":1,""mots"":1,""plan"":0,""line"":660,""path"":2,""frmo"":2,""prbe"":1,""safe"":0,""estp"":0,""spc"":1,""hold"":0,""macs"":5,""cycs"":1,""sps"":12000,""feed"":185.42,""mark"":2030957660}}",5.241860240175662,0.1991480882744324,0.2024402274976588,0.179925594052282,5.241860240175662,0.1991480882744324,0.2024402274976588,0.179925594052282,-0.9996276200000004,0.0452312400000004,0.0029345799999998,-1.718532459999998,-0.935065059999996,0.923452979999998,-32.0,36.85221802000003,-38.869189260000034,100.0,34.21008514,144.8770839800057,92.03955936000362,90.33512318000356,92.03955936000362,280.37976918001107,1292.8612926600006,-1.0052697199999996,-0.0691398599999998,0.0142512800000001,5.247298359999994,1.844007160000005,1.9845683599999968,-3.0,17.0,-94.51751751999994,100.0,32.35751728,36.99209993999644,31.03364085999702,35.254215939996605,18.12364649999826,76.71515921999263,1876.828769100018,-1.0358646600000003,-0.0360975999999995,0.0217995600000004,-5.2674641799999815,-8.183288340000004,0.3801780599999989,-13.978372800000006,37.0,68.47026624000006,100.0,32.61745922,52.58900219999515,1.2702661199998826,1.0162128399999062,1.0162128399999062,2.794584519999741,1980.930355000022,-1.0046157999999998,0.1135614999999996,-0.0109486000000003,2.947098220000001,1.841092119999996,4.074567080000004,-6.0,30.587798820000025,37.0,100.0,33.04,137.68086088000277,3.158826580000063,2.57102776000004,2.52706118000005,6.993384000000128,1358.1373358000103,-0.9861180200000016,0.2985722000000046,0.0003145999999999,2.5937462399999576,1.1431775599999894,1.1598384799999986,11.885745760000072,-0.1578599000002907,26.4811098800005,100.0,40.3,65.99301781999849,78.4673078599982,55.53071019999873,42.25162741999904,156.5322189199964,2552.118456800026,-1.0151859399999998,-0.0152445599999998,-0.0122006800000006,0.6239719000000049,1.903094980000002,4.930028099999995,10.540702780000004,-15.0,26.0,100.0,33.58521668,107.01628641999912,51.900602799999575,46.389033879999616,55.57498169999954,149.27164489999876,1199.618115040004,660,X1.6452 Y1.4787 Z-0.0941
16:31:55.695,5,664,1.66435,1.49629,-0.09501,89.8357,54.8909,-28.40571,,185.42,0,0,,2,1,"{""sr"":{""mpox"":89.8357,""mpoy"":54.8909,""mpoz"":-28.40571,""mpoa"":0,""posx"":1.66435,""posy"":1.49629,""posz"":-0.09501,""posa"":0,""unit"":0,""stat"":5,""coor"":2,""momo"":1,""dist"":0,""home"":1,""mots"":1,""plan"":0,""line"":664,""path"":2,""frmo"":2,""prbe"":1,""safe"":0,""estp"":0,""spc"":1,""hold"":0,""macs"":5,""cycs"":1,""sps"":12000,""feed"":185.42,""mark"":2030957660}}",5.085118151866811,0.2021439422327379,0.2048396813193424,0.2121149477376252,5.085118151866811,0.2021439422327379,0.2048396813193424,0.2121149477376252,-0.99394936,0.0546982800000005,-0.0025847200000007,-1.7119507799999945,-0.9718900600000052,0.9140956400000056,-32.991266239999995,36.008733760000005,-38.07691919999986,100.0,34.21,4.728389619992641,3.083511779995175,3.0264104399952507,3.083511779995175,9.393291579985275,1473.2890572000078,-1.0053328999999998,-0.0705328199999998,0.0241549599999999,5.290749599999989,1.6995267799999771,1.9533655799999992,-3.0,16.0,-94.83638624000002,100.0,32.34169646,116.77350702000422,105.007160080004,118.3414024000045,61.66787482000235,258.3509491800098,1661.1634409000008,-1.0078059599999991,-0.0214747599999989,0.02705484,-5.1585401199999925,-8.29127947999999,0.5178462000000066,-14.0,37.0,68.00316649999999,100.0,32.62,173.02884444000648,4.159347000000157,3.3274778000001253,3.3274778000001253,9.150564180000345,1609.921280040004,-0.9775516799999991,0.0981164799999988,-0.0183320800000001,2.787419240000003,1.6903491999999984,4.048995500000003,-6.324739939999983,30.668932320000028,37.98734452000003,100.0,33.02655776,71.11814083999636,1.6237016599999168,1.2989617199999333,1.2989617199999333,3.5721442399998167,1435.012039759999,-0.9920129200000024,0.1664709200000022,0.004892400000002,1.6096135399999802,1.249920400000008,1.068301519999996,15.007287179999985,-6.2695669200003685,13.635421160000224,100.0,40.31,104.202079100002,122.38893620000238,86.61370828000169,65.90173472000129,243.5298875600047,1611.9974667999954,-1.0074380400000005,-0.0114784400000001,0.0104124000000007,0.5135693600000034,1.8281979799999908,5.03880136,11.0,-15.445874739999994,24.554125260000006,100.0,33.589910960000005,105.9090941600008,63.1613422000006,56.520746340000514,67.59434226000064,181.18995920000168,1438.919790539993,664,X1.6697 Y1.5028 Z-0.0953
16:31:55.953,5,667,1.6817,1.52227,-0.09617,90.27632,55.55081,-28.43513,,185.42,0,0,,2,1,"{""sr"":{""mpox"":90.27632,""mpoy"":55.55081,""mpoz"":-28.43513,""mpoa"":0,""posx"":1.6817,""posy"":1.52227,""posz"":-0.09617,""posa"":0,""unit"":0,""stat"":5,""coor"":2,""momo"":1,""dist"":0,""home"":1,""mots"":1,""plan"":0,""line"":667,""path"":2,""frmo"":2,""prbe"":1,""safe"":0,""estp"":0,""spc"":1,""hold"":0,""macs"":5,""cycs"":1,""sps"":12000,""feed"":185.42,""mark"":2030957660}}",5.436837957088585,0.2018199064688027,0.2004141951889108,0.2029505506413844,5.436837957088585,0.2018199064688027,0.2004141951889108,0.2029505506413844,-0.9969611400000004,0.0454039600000002,-0.0029250799999993,-1.7609213400000034,-0.890172179999987,0.85395842,-32.14747069999994,36.14747069999994,-39.70437736000011,100.0,34.20852516,123.61678078000772,91.22065924000567,90.36812994000564,92.07318868000574,281.33474284001755,1134.8265197799972,-1.0176267800000005,-0.0773821599999999,0.0429510799999997,5.255605339999985,1.8824582599999928,2.0059805,-3.0,16.13146046000001,-93.51336515999998,100.0,32.348810140000005,29.489969599995288,31.80635215999522,35.68199049999461,18.65181777999717,78.2574222999882,1344.9292476999958,-0.97252412,-0.0303196199999997,0.0007266,-5.101058119999997,-8.101291799999986,0.3505244000000022,-14.0,37.0,67.0,100.0,32.61881896,53.159447479992274,1.2685133199998149,1.014810139999852,1.014810139999852,2.7907288199995923,1303.835928459997,-0.9992966599999992,0.1239765599999995,-0.0151397000000003,2.835969979999998,1.8693688400000024,4.01148542,-6.0,30.36675491999998,37.46277223999994,100.0,33.0463326,138.68067524000438,3.1662256800001,2.53298060000008,2.53298060000008,6.9656955800002205,1051.265378960004,-1.01909894,0.1766680199999936,-0.0150580600000015,2.0421200400000346,1.438691259999994,1.0504696799999913,11.127142619999992,-1.03681676000039,-9.265285839999615,100.0,40.3231648,67.99686917999733,79.0406947999972,55.93649173999801,42.560374299998486,156.95424697999437,1525.599269780002,-1.00438948,-0.0133466400000004,-0.0165361600000013,0.4833284200000044,1.8306816399999897,5.0798296000000045,10.382505640000025,-14.617494359999975,24.84290560000002,100.0,33.58,91.11610761999796,52.48558381999931,46.960785879999385,56.24667695999924,151.089047779998,1206.7552849200051,667,X1.683 Y1.5248 Z-0.0963
16:31:56.210,5,671,1.69169,1.55187,-0.09729,90.53003,56.30265,-28.46371,,185.42,0,0,,2,1,"{""sr"":{""mpox"":90.53003,""mpoy"":56.30265,""mpoz"":-28.46371,""mpoa"":0,""posx"":1.69169,""posy"":1.55187,""posz"":-0.09729,""posa"":0,""unit"":0,""stat"":5,""coor"":2,""momo"":1,""dist"":0,""home"":1,""mots"":1,""plan"":0,""line"":671,""path"":2,""frmo"":2,""prbe"":1,""safe"":0,""estp"":0,""spc"":1,""hold"":0,""macs"":5,""cycs"":1,""sps"":12000,""feed"":185.42,""mark"":2030957660}}",5.1276385995292095,0.1996320481510317,0.2029021875930765,0.2027890752272202,5.1276385995292095,0.1996320481510317,0.2029021875930765,0.2027890752272202,-0.9944262,0.0412884800000002,0.0011312399999994,-1.787386800000002,-0.9415457200000104,0.933415920000002,-32.286482160000034,36.286482160000034,-39.99951728,100.0,34.21,45.18786656000533,30.60190948000361,30.60190948000361,30.887908920003643,94.37972068001112,1143.3265370799925,-1.0098824399999995,-0.0712661599999998,0.0144825199999998,5.424196119999998,1.7633270400000003,2.024896799999995,-3.109393199999994,16.23732324000003,-94.7812136,100.0,32.34525344,87.53998719999682,83.62028627999696,93.4195387999966,49.6495448399982,205.78429891999247,1452.798655199994,-1.0136757200000002,-0.0302381199999998,0.0253082000000002,-5.101820200000003,-8.207766360000004,0.3120538399999996,-14.648577879999976,36.76421059999997,67.76421059999997,100.0,32.62115632,135.55273975999515,3.242888519999884,2.594310639999907,2.594310639999907,7.134354479999744,1492.8649457199976,-1.0025218800000004,0.1173058400000001,-0.0097474799999999,2.987269359999999,1.653850799999999,4.028,-5.773867440000011,31.0,37.77386744000001,100.0,33.0438276,91.27905376000272,2.0875730400000627,1.6700578000000503,1.6700578000000503,4.592659880000139,1178.188351559994,-0.947396880000002,0.1604423600000038,-0.0173705999999986,2.5057808000000232,1.4899790799999997,1.0690276400000085,3.0036872400000987,0.9817951200001642,3.6948147199999153,100.0,40.31380784,100.00405239999836,108.38428011999822,77.09809611999873,58.66159475999903,216.20987811999643,1523.976677880005,-1.00805656,-0.0064864000000003,0.0153485199999999,0.4182683600000081,1.9270715999999928,5.047041199999997,10.522731479999996,-15.0,25.20086340000001,100.0,33.5647724,96.70537079999932,60.11414899999958,53.84136851999962,64.29600327999955,173.02420355999877,1008.5459253199996,671,X1.6928 Y1.5577 Z-0.0975
16:31:56.467,5,674,1.69372,1.58302,-0.09838,90.58154,57.094,-28.49144,,185.42,0,0,,2,1,"{""sr"":{""mpox"":90.58154,""mpoy"":57.094,""mpoz"":-28.49144,""mpoa"":0,""posx"":1.69372,""posy"":1.58302,""posz"":-0.09838,""posa"":0,""unit"":0,""stat"":5,""coor"":2,""momo"":1,""dist"":0,""home"":1,""mots"":1,""plan"":0,""line"":674,""path"":2,""frmo"":2,""prbe"":1,""safe"":0,""estp"":0,""spc"":1,""hold"":0,""macs"":5,""cycs"":1,""sps"":12000,""feed"":185.42,""mark"":2030957660}}",5.371679286964736,0.2047197814658205,0.2039470834610325,0.2008560816207502,5.371679286964736,0.2047197814658205,0.2039470834610325,0.2008560816207502,-0.9876336200000002,0.04729644,0.0130132799999999,-1.734817079999999,-0.969622360000006,0.8897598000000012,-32.57462688000002,36.576770140000015,-41.0,100.0,34.22,90.00186934000305,61.13549552000208,61.71440934000209,62.29332316000211,190.33415938000647,1260.170338459996,-0.99999566,-0.0737489599999998,0.01630452,5.451617559999994,1.758011199999998,1.9682248199999968,-3.553872860000014,16.088789880000004,-94.80346439999995,100.0,32.36537076,38.63113069999884,58.35387309999818,64.242316899998,34.351794279998934,142.22578645999556,1409.6240402000033,-1.025559419999999,-0.0027380600000016,0.005147699999999,-5.295263519999995,-8.208661160000002,0.322678680000002,-12.744281439999956,32.77101007999989,61.545702939999806,100.0,32.62734558,93.05034543999714,2.2239391799999315,1.779150879999945,1.779150879999945,4.89266549999985,1402.7620304199938,-1.0076047599999995,0.1048287000000004,-0.0048919400000001,2.9362996399999988,1.7001856,3.995682999999999,-6.0,30.470210679999997,38.47021068,100.0,33.04756922,115.4941388800016,2.6489481800000365,2.119158860000029,2.119158860000029,5.82768626000008,1379.7112519000011,-0.9269067999999996,0.2255773400000007,-0.0352326199999995,1.927771819999977,0.9499508000000032,1.255657500000001,10.513465600000035,7.7304029599999,2.7486857800001503,100.0,40.30788706,82.9378512399991,93.07016363999897,65.86503895999927,50.11470361999944,184.91977719999795,1723.338829440002,-1.00838964,-0.0254122,-0.0079696800000002,0.5807457200000011,1.9618595600000053,4.944,10.260211200000008,-14.739788799999992,25.23184503999999,100.0,33.5723184,104.23465594000037,56.58648815999977,50.681811539999785,61.01499605999975,164.0866324799993,1277.9339437400008,674,X1.6937 Y1.5835 Z-0.0984
16:31:56.724,5,678,1.68752,1.61358,-0.09953,90.42427,57.87026,-28.52065,,185.42,0,0,,2,1,"{""sr"":{""mpox"":90.42427,""mpoy"":57.87026,""mpoz"":-28.52065,""mpoa"":0,""posx"":1.68752,""posy"":1.61358,""posz"":-0.09953,""posa"":0,""unit"":0,""stat"":5,""coor"":2,""momo"":1,""dist"":0,""home"":1,""mots"":1,""plan"":0,""line"":678,""path"":2,""frmo"":2,""prbe"":1,""safe"":0,""estp"":0,""spc"":1,""hold"":0,""macs"":5,""cycs"":1,""sps"":12000,""feed"":185.42,""mark"":2030957660}}",5.078339563737403,0.1901141839563108,0.201538281277754,0.2079498152988248,5.078339563737403,0.1901141839563108,0.201538281277754,0.2079498152988248,-0.9906914399999998,0.0508088399999996,-0.0105103599999994,-1.823216680000009,-0.8967997599999865,0.9692166800000088,-32.56379851999993,36.43720276000007,-41.30760360000022,100.0,34.21,77.66602043998991,59.09371135999231,60.219305839992174,61.34489987999204,186.2858897199758,1272.668289319978,-1.0063979999999997,-0.0782801999999996,0.042369439999998,5.353764840000004,1.6652351599999955,2.0048291600000057,-2.523975920000063,16.0,-94.47602407999992,100.0,32.37439724,65.93423052000745,60.43971108000682,66.3921070000075,36.17225124000409,147.43626552001663,1555.615948999991,-0.9745180399999956,-0.0904511199999988,-0.0048787599999998,-5.3975679199999815,-8.300083120000007,0.5365497599999979,-13.473500719999938,37.0,67.40546703999992,100.0,32.62136048,95.36090748001062,2.2923294400002554,1.8338638400002043,1.8338638400002043,5.043124920000562,1345.9576338399822,-1.02720852,0.1237608399999983,-0.0149979199999995,2.7994789599999983,1.6302840799999965,4.089,-6.0,30.52329391999997,38.0,100.0,33.045698,114.49719275999416,2.616470719999864,2.093176799999892,2.093176799999892,5.756235919999701,1242.439556599996,-0.971705320000003,0.1363292000000032,-0.0083283199999967,1.4555052800000232,1.398213520000022,0.9629347600000144,11.776551400000113,13.964261919999569,13.034405160000553,100.0,40.30645968,87.23433780000353,94.50386592000385,66.87965888000271,50.88669708000207,187.5538264000076,1635.3623587999937,-1.0096135999999996,-0.0153149199999995,0.0028239599999995,0.4123321199999876,1.8883446800000137,4.962323199999998,10.0,-15.0,25.80484371999997,100.0,33.58114148,90.68317208000148,57.48222920000093,51.53579204000084,61.942057760001006,166.5002503200027,1180.5480061199953,678,X1.6864 Y1.617 Z-0.0997
16:31:56.981,5,682,1.67361,1.64156,-0.10067,90.07086,58.58075,-28.54944,,185.42,0,0,,2,1,"{""sr"":{""mpox"":90.07086,""mpoy"":58.58075,""mpoz"":-28.54944,""mpoa"":0,""posx"":1.67361,""posy"":1.64156,""posz"":-0.10067,""posa"":0,""unit"":0,""stat"":5,""coor"":2,""momo"":1,""dist"":0,""home"":1,""mots"":1,""plan"":0,""line"":682,""path"":2,""frmo"":2,""prbe"":1,""safe"":0,""estp"":0,""spc"":1,""hold"":0,""macs"":5,""cycs"":1,""sps"":12000,""feed"":185.42,""mark"":2030957660}}",5.276639801718717,0.2079653242730443,0.2119662256954566,0.2088002456000599,5.276639801718717,0.2079653242730443,0.2119662256954566,0.2088002456000599,-0.9921189,0.0523679,0.0055564999999999,-1.7759834000000023,-0.9451560999999956,0.8730590999999992,-32.0,36.0034398,-40.29375819999999,100.0,34.2169936,40.70307449999812,31.266344699998545,32.46889619999848,32.772973799998475,99.81179259999531,1131.5384841000018,-1.0036444,-0.0800133,0.0319233,5.425842599999997,1.6734853000000027,1.9284593000000023,-3.451772999999986,16.9550246,-95.23138090000002,100.0,32.3586955,83.6912710000013,86.10905670000135,93.17399050000144,51.647443600000805,208.0010579000032,1485.479961700002,-1.0221575999999997,-0.0209622999999999,0.0373171000000001,-5.621290800000007,-7.921085899999997,0.4353700000000016,-14.0,36.59177790000001,67.9536629,100.0,32.62,133.36606460000206,3.190575700000049,2.552460700000039,2.552460700000039,7.019266400000109,1240.2007314000004,-1.015562,0.1153684,-0.0113854000000001,2.8786042000000025,1.7925966999999987,3.8742943000000007,-5.51976359999999,31.0,37.0944226,100.0,33.0303953,94.00035099999884,2.1267049999999736,1.701363999999979,1.701363999999979,4.678750299999942,1001.3172747000006,-0.9509554999999976,0.2370092000000011,-0.0152846000000005,1.8999366000000144,1.4449435000000044,1.1737201999999995,11.997787499999944,12.00848730000001,4.987269199999987,100.0,40.3011034,97.2139653000006,108.20837900000072,76.57823730000052,58.2660502000004,215.41726670000148,1518.008302500003,-1.0039023,-0.0154936999999999,-0.0057859,0.3716091000000003,1.9152132999999985,4.9149026,10.4770108,-14.610434599999992,26.0,100.0,33.5938955,107.29270660000046,61.18975290000018,54.913880300000166,65.76323250000021,176.63697280000054,1087.1455672000022,682,X1.6698 Y1.647 Z-0.1009
16:31:57.240,5,685,1.6528,1.66506,-0.10177,89.54225,59.17765,-28.57737,,185.42,0,0,,2,1,"{""sr"":{""mpox"":89.54225,""mpoy"":59.17765,""mpoz"":-28.57737,""mpoa"":0,""posx"":1.6528,""posy"":1.66506,""posz"":-0.10177,""posa"":0,""unit"":0,""stat"":5,""coor"":2,""momo"":1,""dist"":0,""home"":1,""mots"":1,""plan"":0,""line"":685,""path"":2,""frmo"":2,""prbe"":1,""safe"":0,""estp"":0,""spc"":1,""hold"":0,""macs"":5,""cycs"":1,""sps"":12000,""feed"":185.42,""mark"":2030957660}}",5.33087832527789,0.2078032433500417,0.2123998720395263,0.2038440148486202,5.33087832527789,0.2078032433500417,0.2123998720395263,0.2038440148486202,-0.98475864,0.0448594400000001,0.0085586799999998,-1.6558831999999997,-0.9306127199999992,0.9697460000000004,-32.11891796,36.8793634,-39.76560136000001,100.0,34.2188108,124.8696279600008,91.4538120000006,95.85063000000062,96.72999340000062,293.7074346800019,2267.931738800003,-1.0034922000000002,-0.0547690399999998,-0.0042688000000002,5.29113428,2.062797880000001,1.98183416,-3.236344839999996,16.0,-94.74534592,100.0,32.36,22.45273627999963,32.37920911999946,34.74265487999942,19.38025687999967,77.7573703599987,2071.167039880002,-0.9241766,-0.0543317600000003,0.0091360799999999,-5.028900599999998,-8.351438800000002,0.2797717999999992,-13.743906240000005,36.0,67.96288604,100.0,32.61731204,49.882697839999175,1.18768307999998,0.9501462399999844,0.9501462399999844,2.6129028799999565,2180.586267080001,-1.036404,0.1678506799999998,-0.0049030799999999,2.84929364,1.7603986400000005,4.082110200000001,-5.962350960000002,31.0,38.03764904,100.0,33.03278612,138.12588920000047,3.196487240000011,2.557189360000008,2.557189360000008,7.032271720000023,2187.053801040004,-1.0286801599999995,0.1578913599999996,0.0219895600000001,1.207697919999995,1.589837720000001,1.0755523999999992,11.956223640000005,-1.7413565600000336,16.64547824000007,100.0,40.29440496,66.65048819999974,77.3621740399997,54.74861527999979,41.65655527999984,153.9308903199994,2538.3853285600026,-0.99909192,-0.0097282399999999,0.02467268,0.4834350799999996,1.879384199999999,4.87785948,10.0,-15.946372720000005,25.511495279999995,100.0,33.59,84.70550735999988,54.02837795999993,48.07609859999994,57.69131831999992,155.67498663999982,1960.4975684400008,685,X1.6521 Y1.6657 Z-0.1018
16:31:57.496,5,689,1.62668,1.68215,-0.10291,88.87889,59.61192,-28.60644,,185.42,0,0,,2,1,"{""sr"":{""mpox"":88.87889,""mpoy"":59.61192,""mpoz"":-28.60644,""mpoa"":0,""posx"":1.62668,""posy"":1.68215,""posz"":-0.10291,""posa"":0,""unit"":0,""stat"":5,""coor"":2,""momo"":1,""dist"":0,""home"":1,""mots"":1,""plan"":0,""line"":689,""path"":2,""frmo"":2,""prbe"":1,""safe"":0,""estp"":0,""spc"":1,""hold"":0,""macs"":5,""cycs"":1,""sps"":12000,""feed"":185.42,""mark"":2030957660}}",5.280672959814972,0.2028487084880893,0.205393691486507,0.2160696616119878,5.280672959814972,0.2028487084880893,0.205393691486507,0.2160696616119878,-0.99697,0.042034,-0.007079,-2.011299,-1.037095,1.1588,-32.995081,36.004919,-40.0,100.0,34.210098,0.752664,0.506696,0.536212,0.546051,1.647991,1523.080077,-1.0016,-0.0797,0.038649,5.139242,2.059671,1.867621,-3.0,16.0,-94.849914,100.0,32.353002,92.640607,118.138022,125.787247,71.392762,282.171391,1462.178285,-0.980516,-0.038237,-0.000464,-5.066,-8.230568,0.427,-13.154623,36.154623,67.0,100.0,32.628454,175.838419,4.226885,3.381508,3.381508,9.299147,1693.673697,-1.009683,0.116462,-0.011,2.93,1.686704,4.028,-5.317245,31.0,37.682755,100.0,33.04,69.159472,1.586226,1.268981,1.268981,3.489698,1424.054755,-0.989726,0.316961,0.020263,2.061472,1.521996,1.298251,9.0,-10.69884,13.231657,100.0,40.26,103.84552,123.474856,88.01541,66.486461,246.316507,1662.872598,-1.001894,-0.014553,-0.013937,0.414015,1.953,4.984239,10.0,-15.446782,25.446782,100.0,33.605532,101.238873,65.279711,58.641096,70.258672,188.647299,1264.887361,689,X1.623 Y1.6839 Z-0.1031
16:31:57.755,5,693,1.59708,1.69193,-0.10405,88.12705,59.86034,-28.63537,,185.42,0,0,,2,1,"{""sr"":{""mpox"":88.12705,""mpoy"":59.86034,""mpoz"":-28.63537,""mpoa"":0,""posx"":1.59708,""posy"":1.69193,""posz"":-0.10405,""posa"":0,""unit"":0,""stat"":5,""coor"":2,""momo"":1,""dist"":0,""home"":1,""mots"":1,""plan"":0,""line"":693,""path"":2,""frmo"":2,""prbe"":1,""safe"":0,""estp"":0,""spc"":1,""hold"":0,""macs"":5,""cycs"":1,""sps"":12000,""feed"":185.42,""mark"":2030957660}}",5.199604392383292,0.1802559872914763,0.1913636172532745,0.197938208242041,5.199604392383292,0.1802559872914763,0.1913636172532745,0.197938208242041,-0.9898272,0.0423825800000001,-0.0002097800000001,-1.610336300000008,-1.056658959999996,0.793,-32.0,37.0,-40.82717983999999,100.0,34.22,124.07696681999757,85.19951721999831,90.1625958999982,91.81695539999818,277.9324055399945,1583.0989775199998,-1.01340906,-0.0717044399999999,0.0220048799999997,5.284022900000003,1.8045355000000023,2.0494774599999985,-3.7293534399999886,16.147754800000016,-94.0,100.0,32.3571393,37.96651222000174,38.038252460001615,40.326315420001706,23.00494490000097,90.54365714000384,1801.638966959998,-1.0200715799999998,-0.0253038999999999,0.0279781999999998,-5.466842759999996,-8.237530079999997,0.5142923799999977,-14.127061459999998,37.0,67.70538895999996,100.0,32.61274412,57.44946564000234,1.3718339000000566,1.0974669200000453,1.0974669200000453,3.018033960000124,1787.0111902199994,-1.0092635800000005,0.1255658000000002,-0.0077690799999999,2.88474974,1.6858477599999997,3.88390116,-6.0,30.741812340000006,37.87864795999999,100.0,33.048959280000005,135.88085519999865,3.1023027799999694,2.481841659999976,2.481841659999976,6.825065679999932,1665.789169459998,-0.9932715799999988,0.3037656599999987,0.0283879399999994,1.3845100600000104,1.8056947999999904,1.1554182200000018,7.904726499999981,0.4708774400000348,7.318417219999881,100.0,40.28414834,67.61332428000073,81.30191166000088,57.657987840000615,43.96940128000048,161.47263566000174,2270.563519459995,-1.00313814,-0.0139004599999999,0.0026415999999999,0.424750340000003,1.892,5.04789418,10.0,-15.0,25.0,100.0,33.59930912,92.39341622000028,55.388639060000216,49.33777884000019,59.11224438000024,159.18415522000063,1386.8518192399997,693,X1.59 Y1.6931 Z-0.1043
16:31:58.012,5,696,1.56573,1.69367,-0.10515,87.33076,59.90437,-28.66331,,185.42,0,0,,2,1,"{""sr"":{""mpox"":87.33076,""mpoy"":59.90437,""mpoz"":-28.66331,""mpoa"":0,""posx"":1.56573,""posy"":1.69367,""posz"":-0.10515,""posa"":0,""unit"":0,""stat"":5,""coor"":2,""momo"":1,""dist"":0,""home"":1,""mots"":1,""plan"":0,""line"":696,""path"":2,""frmo"":2,""prbe"":1,""safe"":0,""estp"":0,""spc"":1,""hold"":0,""macs"":5,""cycs"":1,""sps"":12000,""feed"":185.42,""mark"":2030957660}}",5.198766255458343,0.2043935594076314,0.2105444010226033,0.208084050927931,5.198766255458343,0.2043935594076314,0.2105444010226033,0.208084050927931,-0.9970298,0.0476862,-0.0147486800000001,-1.750464600000001,-0.853808,1.037808,-31.326541119999984,36.0,-40.31395455999999,100.0,34.23,49.31816655999742,32.66527903999829,34.90701371999817,35.86775739999811,107.92351955999432,1402.1343424000015,-1.0063026,-0.0698394399999999,0.0008895999999997,5.513381480000001,1.7385372799999994,1.963026719999999,-3.0,16.622397080000013,-94.64859203999995,100.0,32.353776,100.20591076000188,88.38036800000168,92.73714720000174,53.52613880000101,209.12537824000395,1776.5206575200084,-0.9762035999999998,-0.0260639600000002,0.0023271599999999,-5.257274520000004,-8.118972119999997,0.3024017999999989,-14.0,37.0,67.62634076,100.0,32.6210506,130.27882964000244,3.131702760000058,2.5053616800000467,2.5053616800000467,6.889745960000129,1870.8428536800045,-1.01564624,0.1246203999999999,-0.0080676,3.013246079999998,1.6610247200000003,3.967,-6.0,30.78123104000001,38.0,100.0,33.057031200000004,94.02528187999862,2.1614407199999683,1.7291524399999747,1.7291524399999747,4.75516871999993,1509.9219339200033,-0.9544991199999988,0.1853558400000008,-0.0081649600000007,2.5511115199999703,1.6720224399999912,1.2933721600000023,8.789200640000034,6.55586643999998,8.712668280000123,100.0,40.30451524,90.49577700000076,107.4980131200009,76.23583604000065,58.13668052000049,213.3506491200018,1843.1710836400064,-1.00175184,-0.0202509200000001,-0.0134259199999999,0.4890530000000004,2.039860279999997,4.947288440000001,10.17724799999999,-15.0,26.0,100.0,33.603044360000005,101.07239068000035,61.68007404000021,54.941914920000194,65.82663408000023,177.2654238400006,1129.9445480800018,696,X1.5643 Y1.6936 Z-0.1052
16:31:58.270,5,700,1.53518,1.68713,-0.10629,86.55458,59.73835,-28.69224,,185.42,0,0,,2,1,"{""sr"":{""mpox"":86.55458,""mpoy"":59.73835,""mpoz"":-28.69224,""mpoa"":0,""posx"":1.53518,""posy"":1.68713,""posz"":-0.10629,""posa"":0,""unit"":0,""stat"":5,""coor"":2,""momo"":1,""dist"":0,""home"":1,""mots"":1,""plan"":0,""line"":700,""path"":2,""frmo"":2,""prbe"":1,""safe"":0,""estp"":0,""spc"":1,""hold"":0,""macs"":5,""cycs"":1,""sps"":12000,""feed"":185.42,""mark"":2030957660}}",5.300968814122649,0.2011763464588385,0.2022588465158887,0.2051672139693546,5.300968814122649,0.2011763464588385,0.2022588465158887,0.2051672139693546,-0.9990258000000002,0.0360722799999977,0.0225920400000032,-1.7112325200000118,-0.945544759999994,0.947697160000006,-32.0,36.0,-40.96075667999981,100.0,34.23,81.05041116001499,53.0014052400098,56.63875640001047,58.19630088001076,175.11248532003236,1362.8417659599918,-1.007355239999999,-0.0696726000000001,0.0276826399999988,5.331401200000002,1.850984399999994,2.009096399999999,-3.0,16.51161568000007,-93.89638287999983,100.0,32.35264392,75.91647219999025,69.8389758399904,73.25766663998992,42.00106195999423,164.99355611997728,1598.2879611199871,-0.9796661599999984,-0.021083959999999,0.0127981999999995,-5.182125999999957,-8.076840080000004,0.3924593200000031,-13.0,37.0,67.08131188000002,100.0,32.62081328,100.62463507998636,2.4246545999996694,1.9397236799997355,1.9397236799997355,5.334240119999273,1486.3931192799882,-1.010260880000001,0.1403257599999984,-0.0125900000000007,2.827988639999996,1.77,4.089088560000008,-5.83543299999997,31.0,36.98449771999993,100.0,33.04672304,109.16650928000762,2.538755960000177,2.0310050800001416,2.0310050800001416,5.585263320000389,1384.3322486799889,-1.0059469599999973,0.1628903999999915,0.001404839999998,2.314126240000031,1.3738340799999782,1.1946632000000064,12.102136160000237,18.638437759999395,10.964162360000689,100.0,40.31189436,82.82190935999587,96.67148995999491,68.5578425199964,52.28152015999725,192.16712103998984,1954.8122109199744,-1.0070391599999993,-0.0081070799999995,0.0333307199999983,0.5881812400000221,1.9388045199999973,4.911390440000005,10.232709880000042,-14.49777547999999,26.76729011999996,100.0,33.602327,91.19000419999786,59.2352980799988,52.76421527999893,63.21750295999872,169.9741949199966,1115.1880579600063,700,X1.5309 Y1.6856 Z-0.1065
16:31:58.527,5,704,1.50743,1.67294,-0.10743,85.84994,59.37803,-28.72131,,185.42,0,0,,2,1,"{""sr"":{""mpox"":85.84994,""mpoy"":59.37803,""mpoz"":-28.72131,""mpoa"":0,""posx"":1.50743,""posy"":1.67294,""posz"":-0.10743,""posa"":0,""unit"":0,""stat"":5,""coor"":2,""momo"":1,""dist"":0,""home"":1,""mots"":1,""plan"":0,""line"":704,""path"":2,""frmo"":2,""prbe"":1,""safe"":0,""estp"":0,""spc"":1,""hold"":0,""macs"":5,""cycs"":1,""sps"":12000,""feed"":185.42,""mark"":2030957660}}",5.160278053869155,0.2047775566079584,0.2132979957606673,0.2147456925569399,5.160278053869155,0.2047775566079584,0.2132979957606673,0.2147456925569399,-0.99336374,0.0444225000000002,0.0121075600000004,-1.6807412799999977,-0.8408523999999986,0.8256455999999972,-32.616796260000015,36.9960754,-39.00784982,100.0,34.23616816,97.45377422000178,62.91319598000116,67.23076832000123,68.46436060000126,207.86026560000383,1920.4728379800056,-0.9967335199999998,-0.07422524,0.02677,5.418588519999997,1.7550453,2.042683860000001,-3.0,16.415921899999994,-95.5840781,100.0,32.3541589,57.813143419998895,59.47683025999887,62.388283659998805,35.769282259999315,140.5815997799973,1680.627319440002,-1.00331918,-0.02252252,0.0198174399999999,-5.19160202,-7.953908359999998,0.4125919200000004,-13.0,36.47783661999999,67.52216338000001,100.0,32.62463112,87.10783847999838,2.093938399999961,1.675151119999969,1.675151119999969,4.6066646999999135,2072.082835220004,-1.01308838,0.1262636799999999,-0.01328148,2.7226497400000014,1.8457801199999997,4.035348439999999,-6.545745540000004,30.879533540000004,37.45425446,100.0,33.03786638,119.15688202000092,2.7287275600000207,2.1829820200000167,2.1829820200000167,6.003201280000046,1599.9527833400018,-0.8715575999999998,0.5590055600000001,-0.0335923599999998,2.447550279999991,1.693256260000006,1.3105925799999998,13.531272600000005,12.141743379999983,9.765636180000094,100.0,40.32329406,77.8087433199995,91.8705643799994,65.15310431999958,49.68510105999968,182.33494631999883,2204.9522102799983,-1.0075345,-0.0151413600000001,0.0060144199999996,0.5058350399999991,1.9327894800000016,4.95462382,10.168493519999997,-15.0,26.168493519999995,100.0,33.6,100.70255743999974,58.17283697999985,51.81782129999987,62.083615859999846,166.20810519999958,1445.5831353800004,704,X1.5013 Y1.6685 Z-0.1077
16:31:58.784,5,707,1.48432,1.65203,-0.10853,85.26299,58.84668,-28.74904,,185.42,0,0,,2,1,"{""sr"":{""mpox"":85.26299,""mpoy"":58.84668,""mpoz"":-28.74904,""mpoa"":0,""posx"":1.48432,""posy"":1.65203,""posz"":-0.10853,""posa"":0,""unit"":0,""stat"":5,""coor"":2,""momo"":1,""dist"":0,""home"":1,""mots"":1,""plan"":0,""line"":707,""path"":2,""frmo"":2,""prbe"":1,""safe"":0,""estp"":0,""spc"":1,""hold"":0,""macs"":5,""cycs"":1,""sps"":12000,""feed"":185.42,""mark"":2030957660}}",5.366904240068973,0.2067268922046551,0.2073881825639376,0.2118682917881391,5.366904240068973,0.2067268922046551,0.2073881825639376,0.2118682917881391,-0.99326972,0.0435686399999998,0.0066704799999997,-1.925045439999992,-0.8883479999999918,1.0394539999999943,-32.0044726,36.238572240000025,-40.0044726,100.0,34.23761416,33.30165072000306,24.790599960002293,26.491915640002446,26.978005840002503,81.66315180000757,1150.9591508399965,-1.0061282400000002,-0.0781679200000001,0.0171116799999999,5.408091839999998,1.7309415200000022,2.1142859199999986,-3.319992800000016,16.355962320000017,-93.63998636000004,100.0,32.35604048,132.81375523999685,96.59695415999776,102.00104071999762,58.48059639999863,229.84234439999463,1703.1235627599951,-0.9721801599999996,-0.0270868400000001,0.0079786399999997,-5.36636128,-8.17436128,0.3337527200000018,-13.604687719999976,37.31926780000001,67.31926780000002,100.0,32.61319252,139.6261041999968,3.4036599599999224,2.722927759999937,2.722927759999937,7.488051599999829,1701.1814659199922,-0.9975185200000002,0.1133528800000003,-0.01191636,2.98639584,1.732662159999998,4.08439584,-6.478503200000016,30.92452095999999,37.40302416000001,100.0,33.03403008,87.45628684000184,2.0151220800000424,1.6120971600000338,1.6120971600000338,4.433268320000093,1464.3530481599948,-1.0255490400000011,0.0748514800000012,0.0051202400000004,1.875599839999996,1.5421512800000017,1.1948215199999996,13.05343375999998,2.6543133600002577,8.242896679999825,100.0,40.315174,93.70700495999904,111.88581931999882,79.34759611999915,60.50967751999935,222.62994603999763,1739.415748999991,-1.0027517599999998,-0.0114306,0.0089267999999993,0.5130491600000004,1.9112958399999984,4.995612359999998,10.0,-15.0,25.42305247999999,100.0,33.60470256,103.39914599999928,62.62126651999971,55.62733987999973,66.75280791999968,179.70357219999914,1148.7312282800006,707,X1.4829 Y1.6504 Z-0.1086
16:31:59.042,5,711,1.4673,1.62565,-0.10967,84.83055,58.17675,-28.77803,,185.42,0,0,,2,1,"{""sr"":{""mpox"":84.83055,""mpoy"":58.17675,""mpoz"":-28.77803,""mpoa"":0,""posx"":1.4673,""posy"":1.62565,""posz"":-0.10967,""posa"":0,""unit"":0,""stat"":5,""coor"":2,""momo"":1,""dist"":0,""home"":1,""mots"":1,""plan"":0,""line"":711,""path"":2,""frmo"":2,""prbe"":1,""safe"":0,""estp"":0,""spc"":1,""hold"":0,""macs"":5,""cycs"":1,""sps"":12000,""feed"":185.42,""mark"":2030957660}}",5.100695943528297,0.1896200089584148,0.2008230842676564,0.2055961366695167,5.100695943528297,0.1896200089584148,0.2008230842676564,0.2055961366695167,-0.9937768,0.0424743200000002,0.0006343999999996,-1.9783472800000168,-0.9721628000000024,0.9821361999999976,-32.0,36.0,-39.00489532,100.0,34.23915828,133.70761416000573,93.412168360004,99.82280724000428,101.65441908000436,306.7948673200132,1379.6933106400145,-1.0029285599999995,-0.0788864000000002,0.0335908399999995,5.219175679999987,1.804025880000004,2.073509920000001,-3.7788977600000337,16.208888239999972,-94.22110223999996,100.0,32.3558226,40.733287559994615,29.662188959996083,31.12440955999589,17.964423799997626,70.39547567999071,1661.8138767599978,-1.0167769599999998,-0.0272413199999997,0.0274369199999999,-5.275524200000008,-8.31314604,0.3652165600000003,-13.224796039999966,38.0,68.42390499999995,100.0,32.61224808,44.29810875999432,1.0597638399998646,0.8478108399998916,0.8478108399998916,2.331479679999701,1639.137308360004,-1.00035756,0.1206841199999999,-0.01822008,2.907364920000002,1.7542710799999963,3.985791400000002,-6.0,31.0,37.0,100.0,33.02396192,143.23221432000324,3.270142000000073,2.6412152800000466,2.616113200000059,7.848340520000176,1376.2572538399977,-0.932907159999998,0.4521805600000047,-0.0352929600000013,1.7399782399999286,0.6589904399999742,1.4493115200000046,8.514378519999848,-10.225934120000202,1.3138591999998708,100.0,40.29029584,63.87464839999829,76.33799471999795,54.13765987999855,41.284833919998896,151.89703007999594,1972.0565287600016,-1.0032465999999998,-0.0093401600000002,-0.0006346800000011,0.440157999999997,1.784554360000003,4.854989479999994,10.0,-14.035581359999982,25.0,100.0,33.61,89.95192747999914,53.607714039999486,47.701779319999545,57.24213611999945,153.09999831999852,1207.2723969600029,711,X1.4652 Y1.6211 Z-0.1099
16:31:59.299,5,715,1.45783,1.59603,-0.11082,84.59011,57.42435,-28.80724,,185.42,0,0,,2,1,"{""sr"":{""mpox"":84.59011,""mpoy"":57.42435,""mpoz"":-28.80724,""mpoa"":0,""posx"":1.45783,""posy"":1.59603,""posz"":-0.11082,""posa"":0,""unit"":0,""stat"":5,""coor"":2,""momo"":1,""dist"":0,""home"":1,""mots"":1,""plan"":0,""line"":715,""path"":2,""frmo"":2,""prbe"":1,""safe"":0,""estp"":0,""spc"":1,""hold"":0,""macs"":5,""cycs"":1,""sps"":12000,""feed"":185.42,""mark"":2030957660}}",5.38959434431131,0.2092775399443199,0.2093806829596412,0.2087495627283864,5.38959434431131,0.2092775399443199,0.2093806829596412,0.2087495627283864,-0.9919361,0.03913376,-0.0038748199999999,-1.5005679200000033,-0.767528560000003,0.877729960000002,-32.0,36.99942916,-38.13046220000001,100.0,34.25,10.28100358000089,6.595360800000571,6.983323180000605,7.112643640000616,21.531912520001864,1263.6196742000027,-1.00425888,-0.07276806,0.0346048799999999,5.30139806,1.5180248000000025,1.9678258000000008,-3.807972719999996,16.051015060000005,-93.3330395,100.0,32.34141,138.97131155999932,113.11618353999944,120.3879387199994,68.67768261999966,270.67086793999863,1558.6914160200029,-1.00987198,-0.0347830399999999,0.0255867799999999,-5.453968099999997,-7.8631687600000015,0.5826857999999993,-13.198682120000004,37.14826808,67.05041404,100.0,32.619495879999995,165.87281291999918,4.00658945999998,3.2052715799999847,3.2052715799999847,8.814496859999958,1540.0458802000044,-1.00553466,0.12538488,-0.0112623599999999,2.7766337400000007,1.676226580000001,3.98770054,-6.041126160000004,30.3393562,37.40353898000001,100.0,33.033624460000006,73.59923566000046,1.6967830000000106,1.3985520200000123,1.3574258000000086,4.072278400000025,1294.7523087800016,-0.9799453999999996,0.2376561200000003,-0.0447823399999997,2.49099628,1.9682988000000003,1.0849702600000009,6.992887879999991,-1.2635870599999466,3.2086658199999576,100.0,40.2861857,100.20613979999976,120.6185016199997,85.97934171999978,64.94842365999985,240.6184461799994,1792.888689300008,-1.00818602,-0.0031726,0.0149417199999999,0.4819908000000008,1.591152700000002,4.95379632,10.033317760000005,-15.386385659999997,25.1272754,100.0,33.61966682,100.09712599999988,63.99652293999992,56.88579827999994,68.37235349999993,183.23790857999975,1307.3912312600014,715,X1.4567 Y1.588 Z-0.1111
16:31:59.555,5,718,1.45649,1.56483,-0.11191,84.55588,56.63186,-28.83497,,185.42,0,0,,2,1,"{""sr"":{""mpox"":84.55588,""mpoy"":56.63186,""mpoz"":-28.83497,""mpoa"":0,""posx"":1.45649,""posy"":1.56483,""posz"":-0.11191,""posa"":0,""unit"":0,""stat"":5,""coor"":2,""momo"":1,""dist"":0,""home"":1,""mots"":1,""plan"":0,""line"":718,""path"":2,""frmo"":2,""prbe"":1,""safe"":0,""estp"":0,""spc"":1,""hold"":0,""macs"":5,""cycs"":1,""sps"":12000,""feed"":185.42,""mark"":2030957660}}",5.250949981169741,0.1972555490344296,0.1793594346722709,0.1951247144677392,5.250949981169741,0.1972555490344296,0.1793594346722709,0.1951247144677392,-0.9898145,0.0417677799999998,-0.0006343999999999,-1.846219759999996,-1.1789307999999907,0.8390231600000042,-32.99910162,36.00089838,-38.81349899999998,100.0,34.250009,117.01270589999756,82.88617113999828,87.76087719999818,89.38518023999816,269.7825390799944,1815.250667819996,-0.99709354,-0.0740218199999997,0.0418904800000001,5.383922800000002,1.71649152,2.030793740000001,-3.1524956400000144,16.0,-94.12281632,100.0,32.36601832,50.44553914000214,38.11586086000164,40.74616414000176,22.973705800000985,91.52637324000396,1832.1898106599983,-1.0270812000000011,0.0061683000000008,-0.0065412999999998,-4.978417080000009,-7.922038200000002,0.4597216600000003,-13.720226099999987,37.12832262,67.56877463999997,100.0,32.61848548,58.0183321000024,1.3988682200000584,1.1190943200000467,1.1190943200000467,3.0775097000001286,1896.0619681399985,-1.026736440000001,0.1171975400000004,-0.0017023799999999,2.824333700000002,1.7240717600000015,3.9965398800000007,-6.7421288600000056,30.876461319999983,37.23717953999999,100.0,33.0348422,134.8525850999986,3.0929494399999684,3.0929494399999684,2.474359259999974,7.423078419999924,1345.8425743199996,-0.9565184799999998,0.4194628799999987,0.0143254800000003,2.5200598399999903,1.3416635400000132,1.2140638799999994,8.643621840000026,9.229544440000128,1.2677164799999003,100.0,40.30583796,70.0734796600007,81.16096646000086,57.43699132000062,43.70205922000047,161.48951316000176,2338.7422170799955,-0.99974856,-0.01920402,-0.0072839400000002,0.4963126999999975,1.7550868800000037,4.978325259999999,10.365780679999991,-15.0,26.365780679999997,100.0,33.62,94.36830864000048,54.3485090800002,48.29872068000018,57.70567508000023,154.8680715200006,1484.6963817800006,718,X1.4567 Y1.5622 Z-0.112
16:31:59.813,5,722,1.46328,1.53421,-0.11304,84.72853,55.8542,-28.86383,,185.42,0,0,,2,1,"{""sr"":{""mpox"":84.72853,""mpoy"":55.8542,""mpoz"":-28.86383,""mpoa"":0,""posx"":1.46328,""posy"":1.53421,""posz"":-0.11304,""posa"":0,""unit"":0,""stat"":5,""coor"":2,""momo"":1,""dist"":0,""home"":1,""mots"":1,""plan"":0,""line"":722,""path"":2,""frmo"":2,""prbe"":1,""safe"":0,""estp"":0,""spc"":1,""hold"":0,""macs"":5,""cycs"":1,""sps"":12000,""feed"":185.42,""mark"":2030957660}}",5.273493232732714,0.2054564679097857,0.2180793186463561,0.2050533638179307,5.273493232732714,0.2054564679097857,0.2180793186463561,0.2050533638179307,-0.9886912800000002,0.0446950200000001,0.0032283999999993,-1.848729399999976,-0.8562812400000145,0.8328651799999951,-32.34263776000008,36.00191624,-40.30897641999984,100.0,34.25001904,52.42355734001202,35.2916761000081,37.00486426000849,37.347501360008565,113.07041804002591,1869.9225678200005,-1.0033536799999996,-0.0766340000000002,0.0397167000000005,5.484636420000013,1.7761551599999992,1.970545360000004,-3.0,16.71236985999993,-94.0,100.0,32.34,125.35022909998868,83.77064109999245,89.88528579999189,50.14009143999548,201.7832952999818,1647.1326112600334,-0.996540959999997,-0.0242248400000003,0.0271036199999999,-5.133747619999966,-8.076305480000027,0.4950615999999941,-13.103780379999987,38.0,66.20756075999998,100.0,32.60676652,125.00280195998882,3.048848799999728,2.439078839999782,2.439078839999782,6.7074672199994,1825.652469440028,-1.02438818,0.1549299800000019,-0.0041025800000002,2.914267579999992,1.7305544399999997,4.048004099999995,-6.792921040000025,31.0,37.207078959999976,100.0,33.01646642,94.94736102000635,2.1978557800001477,2.1978557800001477,1.758284160000118,5.2748534800003535,1511.3723644199974,-1.002082499999987,0.3439607600000128,0.0046678399999926,2.0555728999999863,1.9835840999999967,1.2112722199999992,9.533551920000273,17.353868980000243,15.055154900000234,100.0,40.29812944,92.10940131999642,105.6549016999959,74.77116131999709,56.89110085999779,209.68434331999188,1879.1690368600268,-1.0098964799999994,0.0014260199999998,0.0029932600000007,0.613981079999998,1.893531640000008,4.937463200000005,10.516314679999992,-15.0,26.29542391999997,100.0,33.62811742,92.42031957999848,59.89249733999902,53.18040747999913,63.506700099998966,170.90014409999722,1254.7977601399948,722,X1.4652 Y1.5291 Z-0.1133
16:32:00.071,5,725,1.4777,1.5066,-0.1142,85.09471,55.15288,-28.89318,,185.42,0,0,,2,1,"{""sr"":{""mpox"":85.09471,""mpoy"":55.15288,""mpoz"":-28.89318,""mpoa"":0,""posx"":1.4777,""posy"":1.5066,""posz"":-0.1142,""posa"":0,""unit"":0,""stat"":5,""coor"":2,""momo"":1,""dist"":0,""home"":1,""mots"":1,""plan"":0,""line"":725,""path"":2,""frmo"":2,""prbe"":1,""safe"":0,""estp"":0,""spc"":1,""hold"":0,""macs"":5,""cycs"":1,""sps"":12000,""feed"":185.42,""mark"":2030957660}}",5.233611624144553,0.188753099167145,0.1946607245394144,0.1924903296030901,5.233611624144553,0.188753099167145,0.1946607245394144,0.1924903296030901,-0.9885435,0.032053,0.0020659999999999,-1.8609635,-0.9766135,0.8849925,-32.003051,36.0,-39.996949,100.0,34.25,68.532662,51.9877375,53.48738349999999,53.98726600000001,164.9610895,1620.1533955,-1.0059515,-0.079578,0.0281415,5.3760415,1.7304484999999998,1.987885,-3.0764985,16.498463,-94.34854,100.0,32.351986000000004,101.922511,67.282489,73.300936,40.1994775,163.65413800000002,1619.98352,-1.0042235,-0.036999,0.0091575,-5.0556455,-8.0460895,0.473609,-13.49848,37.50152,66.91933499999999,100.0,32.611583,104.2353995,2.507598,2.006078,2.006078,5.516715,1499.3788625,-1.0423265,0.1342225,-0.0033605,2.91056,1.7881265000000002,4.068089,-6.159345,30.658914,37.0,100.0,33.0215935,108.406419,2.497844,2.497844,1.998275,5.994825,1512.147744,-0.994514,0.276404,-0.0058365,1.327091,1.6498965,1.240229,11.551228,6.7478835,19.322554500000003,100.0,40.27,83.856106,97.5175195,69.1424315,52.6083725,193.899428,1677.406641,-1.006119,-0.008343,0.00823,0.585873,1.8005215,5.001812,10.0,-14.776105,25.000101500000003,100.0,33.6327615,91.911949,57.505833,51.2290685,61.2300825,164.2405315,1209.343925,725,X1.4777 Y1.5066 Z-0.1142
16:32:00.327,5,729,1.499,1.48363,-0.1153,85.63573,54.56953,-28.92112,,185.42,0,0,,2,1,"{""sr"":{""mpox"":85.63573,""mpoy"":54.56953,""mpoz"":-28.92112,""mpoa"":0,""posx"":1.499,""posy"":1.48363,""posz"":-0.1153,""posa"":0,""unit"":0,""stat"":5,""coor"":2,""momo"":1,""dist"":0,""home"":1,""mots"":1,""plan"":0,""line"":729,""path"":2,""frmo"":2,""prbe"":1,""safe"":0,""estp"":0,""spc"":1,""hold"":0,""macs"":5,""cycs"":1,""sps"":12000,""feed"":185.42,""mark"":2030957660}}",5.172558241042195,0.2025558073383561,0.2067615313587556,0.2073301027878831,5.172558241042195,0.2025558073383561,0.2067615313587556,0.2073301027878831,-0.98388392,0.0242110399999999,0.0044225999999999,-1.619808279999997,-0.8921633200000006,0.8402884399999986,-32.0,36.37803197999999,-39.37160319999999,100.0,34.25621976,89.25321554000162,64.63163898000117,65.8627180800012,66.4782573200012,203.12800802000368,1566.5336915599903,-1.0164646599999998,-0.08974924,0.0082366599999997,5.382185960000003,1.6781921999999987,1.9818430799999995,-3.415960239999992,16.0,-94.52716554,100.0,32.33056886,75.70475727999855,55.32270723999893,60.73019011999884,32.860856379999376,134.7711064399974,1705.5698343999954,-1.055135700000001,0.0096080600000006,0.00640334,-5.449305580000001,-8.045170579999997,0.5508195800000024,-13.52237604000001,38.0,66.64171542000001,100.0,32.62,85.68059597999839,2.089770539999961,1.6718166999999688,1.6718166999999688,4.597495779999914,1689.3508283799956,-1.0220792599999988,0.1118071799999999,-0.0082584800000002,2.9539663399999982,1.6700456999999993,4.06307222,-6.120467599999997,31.0,37.425048440000005,100.0,33.03091002,118.8020117000009,3.1526282600000286,2.7275798200000207,2.182063780000017,6.54619134000005,1567.6041497799968,-0.9985383600000008,0.1791766600000004,-0.0074547399999995,3.0299808200000107,1.3254512399999978,1.221,14.05320450000001,-3.568160760000078,9.106409380000018,100.0,40.27608656,78.4543112599995,91.6083273199994,64.83050861999958,49.32756099999968,182.2770817199988,2044.2005471599973,-1.0055432800000002,-0.0128689199999998,0.0087828400000001,0.671992680000003,1.8870085599999968,4.91283358,10.0,-15.0,26.34242538000001,100.0,33.634890819999995,99.28205965999976,55.75445711999986,49.88556707999987,59.667050399999845,159.9272580599996,1724.825320099996,729,X1.5012 Y1.4818 Z-0.1154
16:32:00.585,5,733,1.52538,1.46703,-0.11642,86.30587,54.14781,-28.94963,,185.42,0,0,,2,1,"{""sr"":{""mpox"":86.30587,""mpoy"":54.14781,""mpoz"":-28.94963,""mpoa"":0,""posx"":1.52538,""posy"":1.46703,""posz"":-0.11642,""posa"":0,""unit"":0,""stat"":5,""coor"":2,""momo"":1,""dist"":0,""home"":1,""mots"":1,""plan"":0,""line"":733,""path"":2,""frmo"":2,""prbe"":1,""safe"":0,""estp"":0,""spc"":1,""hold"":0,""macs"":5,""cycs"":1,""sps"":12000,""feed"":185.42,""mark"":2030957660}}",5.313533328999475,0.1936781278661977,0.2011697751843205,0.2020525234546092,5.313533328999475,0.1936781278661977,0.2011697751843205,0.2020525234546092,-0.9871262200000004,0.0331215400000002,-0.0001891199999986,-1.837843420000018,-1.010921600000009,0.847235959999982,-32.77804576000008,36.00234078,-39.43688613999986,100.0,34.26,34.202079419988685,23.52718835999221,23.749142599992144,23.97109739999205,73.24502019997573,1626.1963887599975,-1.0041529199999997,-0.0755286200000002,0.0089099999999992,5.301247779999992,1.9481491599999576,2.0709788400000013,-3.0,16.0,-93.64791929999988,100.0,32.34098868,131.2162661400099,90.72013480000672,100.41541644000743,53.35700876000395,221.63939712001644,1735.9300569399943,-1.0128765799999986,-0.0308261800000006,0.0226364599999993,-5.4843874400000034,-7.905175139999982,0.4815405800000021,-14.0,38.0,67.34247091999994,100.0,32.62,142.02941450001035,3.464131840000252,2.771305740000201,2.771305740000201,7.621090340000554,1617.3527746200132,-0.9964314999999996,0.1206981200000002,-0.0178904600000001,2.9015641199999958,1.8223788599999875,4.125965660000009,-7.0,31.0,37.53533350000005,100.0,33.01464686,85.42627509999407,1.9774597399998624,1.9774597399998624,1.58196805999989,4.74590439999967,1394.7668888400003,-0.978729480000004,0.2741634400000058,0.0095261000000031,0.9712191799999748,2.273495740000006,1.117885959999999,11.182833300000064,-6.908833140000102,0.7972005800000868,100.0,40.27,97.92607784000336,111.85524384000378,79.15909562000267,60.22974658000203,222.07082114000747,1798.4457128599786,-1.0014767399999998,-0.0185289600000006,-0.0071078400000011,0.483671320000013,1.9246643399999932,4.86824058,10.0,-15.0,26.46795947999999,100.0,33.64336392,106.83011582000206,60.65260850000095,54.26812336000084,64.37689148000099,173.4451795000027,1275.3599298999975,733,X1.5308 Y1.4646 Z-0.1167
16:32:00.843,5,736,1.55513,1.45789,-0.11758,87.06151,53.91576,-28.97912,,185.42,0,0,,2,1,"{""sr"":{""mpox"":87.06151,""mpoy"":53.91576,""mpoz"":-28.97912,""mpoa"":0,""posx"":1.55513,""posy"":1.45789,""posz"":-0.11758,""posa"":0,""unit"":0,""stat"":5,""coor"":2,""momo"":1,""dist"":0,""home"":1,""mots"":1,""plan"":0,""line"":736,""path"":2,""frmo"":2,""prbe"":1,""safe"":0,""estp"":0,""spc"":1,""hold"":0,""macs"":5,""cycs"":1,""sps"":12000,""feed"":185.42,""mark"":2030957660}}",5.10536636189337,0.1997571760624657,0.2037395805351595,0.2074277761637549,5.10536636189337,0.1997571760624657,0.2037395805351595,0.2074277761637549,-0.98881086,0.0368704399999999,-0.00258564,-1.7126354000000004,-1.1438566999999986,0.804929280000001,-32.059596500000005,36.059596500000005,-39.99476514,100.0,34.26,143.08075983999913,99.1278470999994,100.0630147999994,100.99818343999938,307.6703916399982,1402.324283220002,-1.01082402,-0.0678626,0.0261090599999999,5.285117039999999,1.832131,1.9908135399999995,-3.0,16.99072952,-95.98145904,100.0,32.338053560000006,35.0437160800007,25.30935094000051,28.034973040000573,14.796235940000296,61.91056486000123,1896.9874707800036,-0.9913947,-0.02941806,0.0005810799999999,-4.814961540000001,-8.490494079999998,0.3311163200000006,-13.800104099999997,37.8001041,65.80955164,100.0,32.6299055,41.57840906000081,0.9994813200000194,0.7995844800000156,0.7995844800000156,2.198858480000043,1868.552724040003,-0.99810238,0.1131959599999999,-0.0146241199999999,2.76673842,1.75166466,4.00507376,-6.0,31.0,36.05644506000001,100.0,33.04624144,144.8951618799995,3.308968199999989,3.308968199999989,2.647174359999992,7.941523079999976,1536.6688415400015,-0.93928714,0.1832066599999995,-0.0157846599999998,2.9367118199999958,1.030529460000001,1.1406779600000003,9.02601578000002,-3.823117659999984,6.770091380000018,100.0,40.27383058,65.12579336000026,74.32002246000029,52.86682060000021,40.22475442000016,148.2569524400006,2586.3573158600043,-1.00613678,-0.01045574,0.0046810399999999,0.4065276200000012,2.0575387399999987,5.00941204,5.495313339999994,-8.24297003999999,14.287813979999983,100.0,33.63,63.966553740000094,50.90296228000007,45.49733776000007,54.50671108000007,146.8527929800002,1312.3664350800002,736,X1.5556 Y1.4578 Z-0.1176
16:32:01.100,5,740,1.58646,1.45683,-0.11868,87.8571,53.88866,-29.00706,,185.42,0,0,,2,1,"{""sr"":{""mpox"":87.8571,""mpoy"":53.88866,""mpoz"":-29.00706,""mpoa"":0,""posx"":1.58646,""posy"":1.45683,""posz"":-0.11868,""posa"":0,""unit"":0,""stat"":5,""coor"":2,""momo"":1,""dist"":0,""home"":1,""mots"":1,""plan"":0,""line"":740,""path"":2,""frmo"":2,""prbe"":1,""safe"":0,""estp"":0,""spc"":1,""hold"":0,""macs"":5,""cycs"":1,""sps"":12000,""feed"":185.42,""mark"":2030957660}}",5.406011903088302,0.1980566836087351,0.201732897374638,0.2002868055111888,5.406011903088302,0.1980566836087351,0.201732897374638,0.2002868055111888,-0.99208684,0.0344276800000004,-8.388000000008967e-05,-1.8258301999999944,-1.017421879999978,0.8490140399999947,-32.0,36.0007504,-39.167986240000175,100.0,34.27084784,13.186909800014073,8.98725684000959,8.9032637200095,8.98725684000959,27.633714800029487,1677.579343639975,-1.005,-0.0731768399999997,0.0023511599999989,5.417455999999998,1.7741496800000047,2.001444279999996,-3.0,16.068027360000077,-94.93197263999993,100.0,32.33,150.09926699998795,101.65452935999184,114.36134571999082,59.56320123999522,250.95962031997985,1781.728096679985,-1.0028017200000017,-0.0341861999999975,0.0187094000000006,-5.279823799999988,-7.830719440000017,0.4523757600000035,-12.213563760000063,37.06756344000008,65.93243655999993,100.0,32.62135128,160.43303579998727,3.932181959999689,3.1457457199997503,3.1457457199997503,8.650800999999314,2098.522091439987,-1.009109160000001,0.1046589600000011,-0.0127595999999997,2.988602799999994,1.727735199999996,3.967,-6.054838080000063,31.0,37.0,100.0,33.05361972,75.34022668000746,1.7321594000001677,1.7321594000001677,1.385727400000134,4.157182120000402,1693.6416987199902,-0.920503160000006,0.3204883600000027,-0.0194988400000001,2.3758033999999326,1.3635761600000351,1.2707315999999738,7.940907680000042,6.0676799600004925,-0.1589260800000937,100.0,40.23613344,104.87642851999588,119.59592703999527,84.63711755999667,64.39780743999746,237.9652295599906,1558.436443680013,-1.00164588,-0.0069289600000003,0.0298762799999975,0.3803034799999998,1.8660857200000036,4.946679360000011,10.455728960000007,-15.04415592000005,27.95584407999995,100.0,33.64,105.58864851999816,61.50266639999893,54.97140963999904,65.85683723999885,177.4324713999969,1261.3446523200005,740,X1.5898 Y1.4571 Z-0.1188
16:32:01.358,5,744,1.61692,1.46399,-0.11981,88.63095,54.07056,-29.0357,,185.42,0,0,,2,1,"{""sr"":{""mpox"":88.63095,""mpoy"":54.07056,""mpoz"":-29.0357,""mpoa"":0,""posx"":1.61692,""posy"":1.46399,""posz"":-0.11981,""posa"":0,""unit"":0,""stat"":5,""coor"":2,""momo"":1,""dist"":0,""home"":1,""mots"":1,""plan"":0,""line"":744,""path"":2,""frmo"":2,""prbe"":1,""safe"":0,""estp"":0,""spc"":1,""hold"":0,""macs"":5,""cycs"":1,""sps"":12000,""feed"":185.42,""mark"":2030957660}}",5.134647524300482,0.1924592214199383,0.1989184172808535,0.2101742586739075,5.134647524300482,0.1924592214199383,0.1989184172808535,0.2101742586739075,-0.99674436,0.03532568,0.0229556400000004,-1.7076259599999972,-0.943174519999996,0.8377723199999979,-32.0,36.0,-39.24332923999999,100.0,34.27756692,123.30611720000184,80.96378732000119,80.2071165600012,80.96378732000119,248.9447288000037,2051.4260520800035,-0.99635112,-0.0710736799999998,0.0127723199999996,5.47908972,1.7407534799999989,2.075,-2.657950599999995,14.175734759999973,-84.16842527999984,100.0,32.32609816,54.102073719998685,40.61253919999898,45.68910659999887,23.79640983999941,99.9449208399975,2238.41513556,-0.97469268,-0.0405417600000002,0.0247430400000002,-5.150998480000001,-8.35973804,0.3122975200000001,-13.79780576000001,38.0,67.79780576,100.0,32.61917424,67.06037699999838,1.609152479999961,1.2873218399999689,1.2873218399999689,3.5401351199999143,2133.6548267200037,-1.01082392,0.1175052800000001,-0.0058096799999999,2.79345436,1.7835608000000014,4.01619364,-6.761553039999996,31.0,37.0,100.0,33.045968040000005,130.09636440000094,2.983861200000021,2.983861200000021,2.387089560000017,7.1612676800000505,1661.6429131599975,-0.9658384399999994,0.2192802800000007,-0.0386665200000005,3.605552079999975,1.9700459200000005,1.1604414799999996,12.87113739999999,19.94547300000005,9.986486680000008,100.0,40.22151536,74.06020999999944,84.23008651999942,59.60898407999959,45.35466231999969,167.59627427999885,2888.63913708,-1.00850456,-0.0059647600000001,-0.0231252000000008,0.5089205599999987,1.8447172399999971,4.928003799999999,10.0,-15.47262036,26.340046040000004,100.0,33.634726,99.49209947999984,53.40605319999987,48.20723347999988,57.18701231999985,154.2066739599996,1694.7186838000007,744,X1.6227 Y1.4663 Z-0.1201
16:32:01.613,5,747,1.64441,1.4787,-0.12098,89.3291,54.44422,-29.06527,,185.42,0,0,,2,1,"{""sr"":{""mpox"":89.3291,""mpoy"":54.44422,""mpoz"":-29.06527,""mpoa"":0,""posx"":1.64441,""posy"":1.4787,""posz"":-0.12098,""posa"":0,""unit"":0,""stat"":5,""coor"":2,""momo"":1,""dist"":0,""home"":1,""mots"":1,""plan"":0,""line"":747,""path"":2,""frmo"":2,""prbe"":1,""safe"":0,""estp"":0,""spc"":1,""hold"":0,""macs"":5,""cycs"":1,""sps"":12000,""feed"":185.42,""mark"":2030957660}}",5.353060011830517,0.2012547551690136,0.2174017126624351,0.2167155545073982,5.353060011830517,0.2012547551690136,0.2174017126624351,0.2167155545073982,-0.98837518,0.0295197800000005,0.0068389200000021,-1.809626399999998,-0.8937901999999925,0.9753562799999944,-32.99668806,36.0,-39.99668806,100.0,34.26659536,58.89887992000533,36.4287867000033,36.08833136000326,36.4287867000033,112.01000878001012,1600.1815355800145,-0.991659160000001,-0.0760844599999998,0.0443558400000001,5.241059059999992,1.8754054400000095,1.9820012200000037,-3.0,16.61145077999998,-94.38854922000002,100.0,32.35323422,97.83211425999652,78.26569113999722,88.04890269999687,45.85880353999837,192.6069745999932,1660.747487940017,-1.0019668000000004,-0.0307044200000007,0.0035693599999995,-5.434476339999995,-8.25159466,0.3611681999999978,-14.0,38.0,67.89688622,100.0,32.6342914,127.18256297999557,3.0572732799998934,2.4458184199999145,2.4458184199999145,6.726001079999765,1778.6401393000197,-1.02800066,0.1236299599999999,-0.0107692200000006,2.849575059999998,1.6806286999999975,4.037928080000007,-6.439479980000011,30.0,37.23255150000002,100.0,33.03413886,95.36715632000252,2.197399880000058,2.197399880000058,1.7579199000000465,5.273759700000139,1741.8989989600009,-0.9806730199999996,0.1955282599999957,-0.0001724799999999,2.9476004000000477,1.5026549600000103,1.1981456599999984,13.72899980000004,7.418240939999763,13.151245600000276,100.0,40.23215152,90.4772579799986,105.64709731999838,74.76563857999885,56.886898939999135,210.2106355199968,2050.999422660021,-1.0087514000000002,-0.0204573000000001,0.00244608,0.4896265199999989,1.864052020000008,4.856376040000003,10.0,-15.0,26.10477657999997,100.0,33.63,116.89380507999924,58.706666959999616,52.99185861999965,63.38241893999958,169.8856636999989,1433.6266319000038,747,X1.645 Y1.4791 Z-0.121
16:32:01.889,5,751,1.6684,1.50198,-0.12215,89.93849,55.03562,-29.09511,,185.42,0,0,,2,1,"{""sr"":{""mpox"":89.93849,""mpoy"":55.03562,""mpoz"":-29.09511,""mpoa"":0,""posx"":1.6684,""posy"":1.50198,""posz"":-0.12215,""posa"":0,""unit"":0,""stat"":5,""coor"":2,""momo"":1,""dist"":0,""home"":1,""mots"":1,""plan"":0,""line"":751,""path"":2,""frmo"":2,""prbe"":1,""safe"":0,""estp"":0,""spc"":1,""hold"":0,""macs"":5,""cycs"":1,""sps"":12000,""feed"":185.42,""mark"":2030957660}}",5.102456585347319,0.1990935576404276,0.1948025955281223,0.2035836902884022,5.102456585347319,0.1990935576404276,0.1948025955281223,0.2035836902884022,-0.98900946,0.0381589399999999,0.0047730800000011,-1.709,-1.01178876000001,0.9070655600000032,-32.00489168,36.0,-39.85100906000005,100.0,34.27139202,22.982597899991443,15.418678999994286,15.274579739994348,15.418678999994286,47.40883653998247,1579.7056038199896,-1.00329904,-0.0773418800000002,0.0645744000000014,5.558975300000011,1.7737008399999894,1.9223936999999955,-3.270511879999954,16.0,-93.02137968,100.0,32.34227792,118.59177776000564,96.84056704000486,108.12496384000542,56.31508560000282,237.27422718001188,1660.1730787199942,-1.0033888000000002,-0.0262442399999997,0.0209181400000003,-5.347331000000011,-7.932313540000001,0.4893432999999995,-14.0,37.0,67.27537775999996,100.0,32.62297386,157.43149450000786,3.733213500000185,2.986570800000148,2.986570800000148,8.213068840000407,1806.271181440002,-1.0087907599999997,0.13316284,-0.0149722400000006,2.775840479999995,1.7314602999999986,4.011920599999998,-6.0,30.63179982000002,37.95575132000002,100.0,33.03368194,81.00406865999564,1.8410016199999009,1.8410016199999009,1.4728014399999207,4.050203419999781,1660.2584462800028,-0.9911058199999976,0.2574096800000071,-0.0075936400000002,2.725334200000044,1.5594863400000252,1.0688465199999966,12.688668920000085,-3.939969060000164,15.2767873199999,100.0,40.25,101.12832192000236,116.44916366000282,82.410177620002,62.70339554000152,231.1582299600056,1651.3726559599963,-1.0028520600000002,-0.0060195799999995,0.0082609600000008,0.4381492200000036,1.8651750800000024,4.9171750800000025,10.0,-15.459160879999994,26.062263739999977,100.0,33.62062258,120.07003746000198,61.65570702000069,55.16563286000061,65.98242370000074,177.87394390000202,1268.7475125999931,751,X1.6693 Y1.5031 Z-0.1222
16:32:02.166,5,755,1.68507,1.53102,-0.1234,90.36203,55.77327,-29.12686,,185.42,0,0,,2,1,"{""sr"":{""mpox"":90.36203,""mpoy"":55.77327,""mpoz"":-29.12686,""mpoa"":0,""posx"":1.68507,""posy"":1.53102,""posz"":-0.1234,""posa"":0,""unit"":0,""stat"":5,""coor"":2,""momo"":1,""dist"":0,""home"":1,""mots"":1,""plan"":0,""line"":755,""path"":2,""frmo"":2,""prbe"":1,""safe"":0,""estp"":0,""spc"":1,""hold"":0,""macs"":5,""cycs"":1,""sps"":12000,""feed"":185.42,""mark"":2030957660}}",5.466667893749972,0.2003201269547884,0.205844269040904,0.2058142070309086,5.466667893749972,0.2003201269547884,0.205844269040904,0.2058142070309086,-0.989414,0.0310917999999991,0.0061558000000003,-1.6001255999999895,-0.9169073999999828,0.8178731999999965,-32.0020008,36.59427660000006,-39.807444799999885,100.0,34.274057,93.6176018000088,63.20543740000594,63.801715200006,64.39799260000605,196.77164460001848,1689.150525200007,-1.0053224,-0.0741242000000002,0.0418840000000009,5.433004399999991,1.709,1.9933320000000028,-3.0,16.909017199999994,-94.66117840000004,100.0,32.3524788,66.51306719999411,55.87458999999486,62.23067479999426,33.00396639999695,137.01666439998738,1783.3495076000263,-0.9810662000000002,-0.0298672000000003,0.0032518000000003,-5.140218399999983,-8.125400000000013,0.3256179999999971,-14.0,37.0,67.56765760000005,100.0,32.6290568,89.83290739999187,2.1617123999998045,1.7293699999998438,1.7293699999998438,4.75576739999957,2110.550230200026,-1.0043454,0.1166646,-0.0123806000000001,2.867233399999998,1.6312516000000024,3.9457578,-6.0,30.463161599999975,37.73772439999994,100.0,33.04,115.95707480000456,2.684191600000106,2.684191600000106,2.147353200000085,5.905221200000232,1459.6497810000178,-0.9235602000000026,0.4760382000000089,-0.0117111999999993,1.7020164000000164,1.3665825999999868,1.1321986000000062,9.766496800000125,-9.682557400000334,1.912523200000396,100.0,40.27,80.63174299999729,92.6391803999971,65.56003579999795,49.88263559999844,184.07540579999423,2344.348452200009,-1.0026908,-0.0120130000000002,0.0061142000000005,0.6411402000000004,1.9201697999999927,4.938604799999993,10.0,-15.266863200000026,27.02099260000001,100.0,33.6351048,86.6894643999983,56.02607939999925,50.41889679999935,60.20897359999922,162.24841479999787,1221.3075442000134,755,X1.6859 Y1.533 Z-0.1235
16:32:02.442,5,759,1.69297,1.56357,-0.1246,90.56249,56.59983,-29.15734,,185.42,0,0,,2,1,"{""sr"":{""mpox"":90.56249,""mpoy"":56.59983,""mpoz"":-29.15734,""mpoa"":0,""posx"":1.69297,""posy"":1.56357,""posz"":-0.1246,""posa"":0,""unit"":0,""stat"":5,""coor"":2,""momo"":1,""dist"":0,""home"":1,""mots"":1,""plan"":0,""line"":759,""path"":2,""frmo"":2,""prbe"":1,""safe"":0,""estp"":0,""spc"":1,""hold"":0,""macs"":5,""cycs"":1,""sps"":12000,""feed"":185.42,""mark"":2030957660}}",5.193823086860604,0.2089758500295692,0.2087490789083503,0.2070222847892382,5.193823086860604,0.2089758500295692,0.2087490789083503,0.2070222847892382,-0.98587576,0.0329466,-0.0074955599999997,-1.82938172,-1.0238921600000073,0.8681078399999927,-32.08844699999996,36.91155300000004,-40.75234684000012,100.0,34.28,139.467656880006,95.7130977600041,97.5362046000042,98.44775760000424,300.8125943200129,1216.5039536400077,-1.0063996800000004,-0.0738767599999999,0.0410375600000002,5.344068200000004,1.7670249600000014,1.9784442799999968,-3.0,16.012192719999994,-94.97561464000002,100.0,32.3422076,32.74349619999568,27.32100579999637,30.240808199996,16.26746951999784,66.94689275999113,1337.2845285599933,-1.0127761200000005,-0.0240515199999997,0.0215711200000001,-5.295832320000002,-8.00866752,0.2232518799999938,-2.871705039999555,8.138315679998751,14.749245599997732,100.0,32.6219534,43.60817715999421,1.038289839999862,0.8306322399998896,0.8306322399998896,2.284238199999696,1406.9589403199996,-1.0109782800000002,0.1205899199999997,-0.0052726399999998,2.808,1.7715299199999992,4.105478760000001,-5.974919920000013,31.0,38.65460940000002,100.0,33.04913656,143.30935320000327,3.273047920000073,2.618438520000059,2.618438520000059,7.200706160000163,1410.4445336399924,-0.9376130799999968,0.1319695600000016,-0.0084904799999999,2.3324610000000154,1.0728338399999806,1.2273957200000047,6.833232160000032,9.60306256000041,-0.8578060000003334,100.0,40.28581716,63.00544719999829,75.83989043999794,53.67130655999854,40.83686423999889,150.90193495999588,1788.3701155999804,-1.0071476,-0.0097580399999999,-0.0004833199999995,0.445626399999994,2.0220792400000094,4.975074840000001,10.0,-15.509421480000022,27.09046796000001,100.0,33.63,74.12684479999932,52.29808063999952,46.84089007999957,56.39097359999948,151.89181691999858,1047.722005239999,759,X1.6933 Y1.5664 Z-0.1247
16:32:02.699,5,761,1.69173,1.59472,-0.125,90.53097,57.39113,-29.1675,,185.42,0,0,,2,3,"{""sr"":{""mpox"":90.53097,""mpoy"":57.39113,""mpoz"":-29.1675,""mpoa"":0,""posx"":1.69173,""posy"":1.59472,""posz"":-0.125,""posa"":0,""unit"":0,""stat"":5,""coor"":2,""momo"":3,""dist"":0,""home"":1,""mots"":1,""plan"":0,""line"":761,""path"":2,""frmo"":2,""prbe"":1,""safe"":0,""estp"":0,""spc"":1,""hold"":0,""macs"":5,""cycs"":1,""sps"":12000,""feed"":185.42,""mark"":2030957660}}",5.333725695731025,0.2015966459759236,0.2041939374159508,0.2032293999547558,5.333725695731025,0.2015966459759236,0.2041939374159508,0.2032293999547558,-0.98765154,0.0275659999999999,0.0101269799999999,-1.5949573599999995,-0.9650501600000004,0.9239367799999996,-31.99966208,36.06505862,-39.06539654,100.0,34.28934642,10.60456969999954,6.766106319999707,6.961282119999699,7.026340739999696,21.534433439999077,1300.4136982399968,-1.00923288,-0.09050504,0.01879406,5.23493334,1.5517672800000002,1.93270966,-3.0,17.0,-95.80818072,100.0,32.35281624,109.10443726000028,108.29625648000028,117.99442818000028,64.65448160000015,262.65883012000063,1456.905130619998,-0.9909297,-0.0929617400000002,0.0262620199999999,-5.539636780000001,-8.24928542,0.4146194800000006,-13.8010268,36.1989732,66.8517667,100.0,32.62750284,168.2155708800004,4.005132180000009,3.204106320000008,3.204106320000008,8.811292100000022,1662.5132008399985,-1.0622204800000004,0.097195,0.0049345599999999,2.72735354,1.85315632,4.00584368,-6.0,30.66103374,37.95885488,100.0,33.05636826,73.89459455999977,1.694830299999995,1.3558640399999955,1.3558640399999955,3.7286258599999886,1318.7566921799985,-0.95131538,0.2573813800000001,-0.02055864,1.967416000000002,1.36867262,1.2471146800000006,8.78072533999999,16.27431166,-4.112063180000029,100.0,40.27961846,102.11466790000011,120.68097116000015,85.4049949600001,64.98206138000008,240.12418940000032,1852.2110228199997,-1.00091312,-0.00989064,-0.01837642,0.4233690199999999,1.84634298,4.906225340000001,10.0,-16.0,26.42056258,100.0,33.6254633,107.07920810000006,63.37340892000003,56.81753840000003,68.29031090000004,183.56435624000008,1393.4922267999991,761,G3 X1.5748 Y1.6937 R0.1188
16:32:02.956,5,761,1.68239,1.62479,-0.125,90.29377,58.15484,-29.1675,,185.42,0,0,,2,3,"{""sr"":{""mpox"":90.29377,""mpoy"":58.15484,""mpoz"":-29.1675,""mpoa"":0,""posx"":1.68239,""posy"":1.62479,""posz"":-0.125,""posa"":0,""unit"":0,""stat"":5,""coor"":2,""momo"":3,""dist"":0,""home"":1,""mots"":1,""plan"":0,""line"":761,""path"":2,""frmo"":2,""prbe"":1,""safe"":0,""estp"":0,""spc"":1,""hold"":0,""macs"":5,""cycs"":1,""sps"":12000,""feed"":185.42,""mark"":2030957660}}",5.075830494937134,0.1857530622869649,0.2016558812599695,0.2030497066307683,5.075830494937134,0.1857530622869649,0.2016558812599695,0.2030497066307683,-0.9844919999999991,0.0418028,0.0028533999999994,-1.9010758000000303,-1.025550800000003,0.9515648000000068,-32.0,36.0,-40.79230160000006,100.0,34.28,116.7610068000082,81.79314300000574,84.97138260000597,86.55779200000607,262.8498086000185,1439.639617599997,-1.0050698,-0.0734862,0.0262980000000004,5.4226973999999855,1.94847120000002,1.9943579999999883,-3.0,16.83050020000005,-94.59108740000003,100.0,32.3676056,32.75019819999558,39.50152479999456,42.513291999994166,23.595191599996745,95.1985899999869,1472.4809218000053,-0.9692733999999996,-0.0616398000000017,-0.0029915999999999,-5.199496199999991,-8.298559400000004,0.3008129999999894,-14.0,37.0,67.83143900000005,100.0,32.631285600000005,61.50300079999197,1.485579799999806,1.1884633999998448,1.1884633999998448,3.2682757999995733,1544.3147306000124,-0.9944499999999996,0.1242488000000001,-0.0120381999999996,2.8149398000000034,1.7518088000000105,3.968437199999994,-6.0,31.0,38.611574400000016,100.0,33.07,133.32326700000462,3.057873200000106,2.446298200000085,2.446298200000085,6.727320800000233,1284.3691860000122,-0.9391379999999988,0.3400188000000056,-0.0243071999999988,1.913071999999966,1.164670800000013,1.1777317999999997,12.74536980000002,13.316507400000429,18.80825599999946,100.0,40.2441804,71.09752939999748,81.50949919999701,57.68364579999789,43.88972999999839,162.18300319999406,1821.995116000016,-1.0050692000000003,-0.0083949999999995,0.0073491999999998,0.4365661999999954,1.8945998000000108,5.011775799999998,10.0,-16.0,25.111077399999967,100.0,33.6211108,92.71558659999972,54.67765839999927,49.06969359999935,58.88363239999921,158.06875679999786,1169.4685592,761,G3 X1.5748 Y1.6937 R0.1188
16:32:03.212,5,761,1.66567,1.65119,-0.125,89.86922,58.82548,-29.1675,,185.42,0,0,,2,3,"{""sr"":{""mpox"":89.86922,""mpoy"":58.82548,""mpoz"":-29.1675,""mpoa"":0,""posx"":1.66567,""posy"":1.65119,""posz"":-0.125,""posa"":0,""unit"":0,""stat"":5,""coor"":2,""momo"":3,""dist"":0,""home"":1,""mots"":1,""plan"":0,""line"":761,""path"":2,""frmo"":2,""prbe"":1,""safe"":0,""estp"":0,""spc"":1,""hold"":0,""macs"":5,""cycs"":1,""sps"":12000,""feed"":185.42,""mark"":2030957660}}",5.305864768489917,0.2064710092796266,0.2124257825363177,0.2096414189684897,5.305864768489917,0.2064710092796266,0.2124257825363177,0.2096414189684897,-0.9939195199999996,0.0334871599999989,-0.0056762000000002,-1.811484000000004,-0.9555234799999924,0.9783903600000112,-31.67805284000006,36.0,-38.32194715999994,100.06760356,34.29676056,49.901779759990426,32.838590639993704,34.44832539999339,35.09221903999327,106.8863915599795,1499.2483098799498,-1.0157262800000004,-0.0711698000000006,0.0215026000000007,5.479954400000021,1.750685279999998,2.010343360000004,-2.6833607199999707,14.934678879999888,-84.34967115999903,100.0,32.34753152,64.8358087200045,86.03213132000597,92.2663434400064,51.74396268000359,206.9758514000144,1808.0020095599584,-1.0012324799999976,-0.0773280000000026,0.0161624799999997,-5.208918399999984,-7.915306320000008,0.3455289199999858,-14.0,37.0,67.0,100.0,32.635170880000004,130.4690871600089,3.121269960000213,2.4970157600001706,2.4970157600001706,6.866793760000468,1419.4822585599616,-1.0220548000000016,0.1161188000000026,-0.0104833199999994,2.925264760000001,1.6534295199999909,3.971387440000002,-6.0,31.0,37.21893951999996,100.0,33.07437888,93.99787659999498,2.160936279999884,1.7287490799999077,1.7287490799999077,4.754059719999745,1826.191798719975,-1.001896160000003,0.3797362000000005,0.0314066800000021,1.9246465999999147,1.605977160000034,1.331193839999996,11.343371280000149,-2.8857387600001787,21.508542120000797,100.0,40.26797696,95.9678206800029,106.93557116000324,75.67748152000229,57.580692480001744,212.77436744000644,2213.676107759983,-1.0018545599999993,-0.0192165200000009,0.0032574399999993,0.4254349599999843,2.000123920000008,4.999644239999997,10.0,-16.0,25.0,100.0,33.63,94.5278318400012,61.287275360000784,54.5352874800007,65.44234492000083,177.1098382000023,1484.221532439988,761,G3 X1.5748 Y1.6937 R0.1188
16:32:03.470,5,761,1.64267,1.67237,-0.125,89.28492,59.36345,-29.1675,,185.42,0,0,,2,3,"{""sr"":{""mpox"":89.28492,""mpoy"":59.36345,""mpoz"":-29.1675,""mpoa"":0,""posx"":1.64267,""posy"":1.67237,""posz"":-0.125,""posa"":0,""unit"":0,""stat"":5,""coor"":2,""momo"":3,""dist"":0,""home"":1,""mots"":1,""plan"":0,""line"":761,""path"":2,""frmo"":2,""prbe"":1,""safe"":0,""estp"":0,""spc"":1,""hold"":0,""macs"":5,""cycs"":1,""sps"":12000,""feed"":185.42,""mark"":2030957660}}",5.198872783953846,0.2002575497498225,0.1986292338356035,0.1832964193539645,5.198872783953846,0.2002575497498225,0.1986292338356035,0.1832964193539645,-0.9940404000000002,0.0266677600000001,-0.0126450400000002,-1.7636059199999918,-0.9723239199999946,0.8862122800000014,-32.9974488,36.9974488,-37.97356427999996,100.0,34.28997456,80.6308892400035,52.22150108000226,55.84081344000242,56.87490224000247,171.65879604000742,1460.5369596399971,-1.01071448,-0.0805486800000003,0.0132812800000002,5.325191639999998,1.8436950000000043,1.935451319999996,-3.512239680000016,16.079574560000005,-94.40818575999998,100.0,32.36,62.422984439998,68.69460587999775,72.67626139999764,41.38003763999865,163.80783395999467,1734.9077788000027,-0.9503622000000002,-0.0497384799999999,0.0090482000000002,-5.212667199999999,-8.41448644,0.1879831600000002,-13.486066239999984,36.48606623999999,67.72706895999995,100.0,32.63382496,101.18338979999676,2.430329679999922,1.9442634399999377,1.9442634399999377,5.3467245999998285,1805.7946354000069,-0.9860266799999996,0.1023287199999992,-0.02183648,2.81893472,1.8000281199999997,3.987009279999999,-5.671982880000016,31.0,37.0,100.0,33.06492248,110.1799476000018,2.538708640000042,2.030966720000033,2.030966720000033,5.5851586800000925,1547.4294408800026,-0.9542906800000012,0.3292149600000011,0.0391911600000017,1.112492679999993,1.2435440800000066,1.1235850399999965,12.183420639999996,0.1860738399998694,-6.387718039999762,100.0,40.27304896,82.545054879999,96.7409677599988,68.46283867999917,52.09129007999936,192.79462219999763,2241.5867108000066,-1.0089287600000003,-0.0121402400000001,-0.0035162400000003,0.5847451199999951,1.8878276800000051,5.0002432000000026,10.76949543999999,-15.0,24.760662639999985,100.0,33.62265056,101.27192743999986,58.74393295999969,52.531851879999735,62.93910571999969,169.75463875999915,1294.485574280004,761,G3 X1.5748 Y1.6937 R0.1188
16:32:03.726,5,761,1.61461,1.6867,-0.125,88.57212,59.7275,-29.1675,,185.42,0,0,,2,3,"{""sr"":{""mpox"":88.57212,""mpoy"":59.7275,""mpoz"":-29.1675,""mpoa"":0,""posx"":1.61461,""posy"":1.6867,""posz"":-0.125,""posa"":0,""unit"":0,""stat"":5,""coor"":2,""momo"":3,""dist"":0,""home"":1,""mots"":1,""plan"":0,""line"":761,""path"":2,""frmo"":2,""prbe"":1,""safe"":0,""estp"":0,""spc"":1,""hold"":0,""macs"":5,""cycs"":1,""sps"":12000,""feed"":185.42,""mark"":2030957660}}",5.200698326680257,0.1974294699384178,0.212811811960128,0.2133805061647109,5.200698326680257,0.1974294699384178,0.212811811960128,0.2133805061647109,-0.9874132,0.0346023999999999,-0.0063484000000004,-1.8911252000000085,-0.9886896000000052,0.8171800000000018,-32.0,36.603607599999975,-39.39762360000002,100.0,34.2860486,89.15173379999585,60.2376577999972,65.05667079999697,66.26142399999691,200.5914009999906,1591.1072394000016,-1.0105702,-0.0754092,0.0176682,5.423457800000002,1.5833631999999995,2.0090946000000027,-3.42998120000002,16.0,-94.57001879999996,100.0,32.35,50.30781580000233,61.05734900000283,64.49719960000299,36.97839440000171,145.33368980000674,1822.543812400012,-0.9690068,-0.031361,-0.0038717999999999,-5.419266200000008,-7.969528799999999,0.4274321999999971,-13.937500799999995,37.43395740000002,67.0,100.0,32.63,90.69711120000404,2.1697872000000973,1.7358302000000776,1.7358302000000776,4.773532200000214,1569.6516048000124,-0.9966306,0.1189382,-0.0164248000000001,2.8469866000000037,1.7387501999999977,3.931091999999999,-5.58865260000002,30.87316839999999,37.588652600000025,100.0,33.0484232,117.03843759999776,2.690893799999948,2.152714799999958,2.152714799999958,5.919965599999885,1635.8201698000098,-0.952954999999998,0.2273276000000034,-0.0031986000000004,2.1309240000000527,1.5168678000000049,1.1400800000000002,9.526474399999929,5.34203400000003,-9.928841600000265,100.0,40.293816,77.01273380000126,92.1317986000015,65.67343560000107,49.60942960000081,183.31865560000296,2400.492445800021,-1.0034398,-0.0150483999999998,-0.0088551999999997,0.6314445999999958,1.840696800000004,4.985863599999997,10.0,-15.177893200000012,25.35366899999998,100.0,33.63,62.1638588000004,58.24802520000037,51.88479540000033,62.1638588000004,167.89136740000106,1174.858150000004,761,G3 X1.5748 Y1.6937 R0.1188
16:32:03.984,5,761,1.58402,1.69314,-0.125,87.79531,59.89105,-29.1675,,185.42,0,0,,2,3,"{""sr"":{""mpox"":87.79531,""mpoy"":59.89105,""mpoz"":-29.1675,""mpoa"":0,""posx"":1.58402,""posy"":1.69314,""posz"":-0.125,""posa"":0,""unit"":0,""stat"":5,""coor"":2,""momo"":3,""dist"":0,""home"":1,""mots"":1,""plan"":0,""line"":761,""path"":2,""frmo"":2,""prbe"":1,""safe"":0,""estp"":0,""spc"":1,""hold"":0,""macs"":5,""cycs"":1,""sps"":12000,""feed"":185.42,""mark"":2030957660}}",5.304169682567019,0.2009598179627212,0.1931655671319481,0.193955479878933,5.304169682567019,0.2009598179627212,0.1931655671319481,0.193955479878933,-0.98344048,0.0266787999999999,-0.0069293199999999,-1.907908960000002,-1.0220065600000008,0.9014977600000008,-32.00471504,36.00471504,-39.23382671999999,100.0,34.28766176,36.89490759999829,24.32570055999889,26.2717564399988,26.75827103999876,81.24783979999624,1601.0840516800013,-0.99936388,-0.0789434400000001,0.0336960400000001,5.240681040000001,1.97033012,1.95080688,-3.0,15.391953279999989,-94.64399968,100.0,32.34928096,119.20433360000142,97.91322644000114,102.6728972000012,59.15590740000069,231.82800788000276,1419.8566621600012,-1.0275050800000003,-0.0148969999999997,0.0359336000000001,-5.341692320000003,-8.056604200000002,0.3856975999999995,-13.677093360000008,37.0,66.03776616,100.0,32.63322912,142.82900440000162,3.3854688000000386,2.708374440000031,2.708374440000031,7.448030720000086,1626.5997815200008,-1.0076948800000003,0.1368452000000002,-0.0126491199999999,3.0182273200000007,1.726307599999999,4.1361932800000005,-5.521790160000008,31.0,37.52179016000001,100.0,33.04880988,86.99682563999907,2.013815199999979,1.611052519999983,1.611052519999983,4.430393599999953,1347.6066482000017,-1.0015185600000012,0.2198270799999993,-0.0081343199999996,2.294155440000003,1.959458440000004,1.0536511200000005,11.0,8.637543159999932,9.176273400000111,100.0,40.28606252,90.66648360000048,110.8731095600006,79.03262636000042,60.18206656000033,221.7462186000012,1632.8937455199984,-1.00951816,-0.0057066799999999,0.0172929200000001,0.5493176000000006,1.885700599999998,5.027221480000001,10.0,-16.0,26.0,100.0,33.63,104.18224628000048,62.85398488000015,56.40823748000013,67.60764776000016,181.6955530800004,1367.1204635199983,761,G3 X1.5748 Y1.6937 R0.1188
16:32:04.242,5,762,1.55284,1.69142,-0.125,87.00328,59.84719,-29.1675,,185.42,0,0,,2,3,"{""sr"":{""mpox"":87.00328,""mpoy"":59.84719,""mpoz"":-29.1675,""mpoa"":0,""posx"":1.55284,""posy"":1.69142,""posz"":-0.125,""posa"":0,""unit"":0,""stat"":5,""coor"":2,""momo"":3,""dist"":0,""home"":1,""mots"":1,""plan"":0,""line"":762,""path"":2,""frmo"":2,""prbe"":1,""safe"":0,""estp"":0,""spc"":1,""hold"":0,""macs"":5,""cycs"":1,""sps"":12000,""feed"":185.42,""mark"":2030957660}}",5.186336263152757,0.2095176453033094,0.2106245098022424,0.2080275845892142,5.186336263152757,0.2095176453033094,0.2106245098022424,0.2080275845892142,-0.9872562400000002,0.0291384400000012,0.0013473599999992,-1.7703762799999998,-1.099,0.8176380400000275,-32.07928088000009,36.92071911999991,-40.00411148,100.0,34.29997976,130.45017375998722,90.94765627999112,99.21562515999028,101.97161475999002,306.83350711997,1911.1684087199412,-1.00625204,-0.0747548399999998,0.0359368399999987,5.491915759999983,1.8324880000000017,1.9522559999999995,-3.220629360000077,16.987803359999987,-94.0,100.0,32.332206680000006,23.13601156000701,30.222716920009155,31.473312400009537,18.342062520005555,71.28392656002161,2332.1469907999854,-0.9964764400000004,-0.0390750800000005,-0.0040131599999995,-5.439552479999998,-8.130932400000003,0.5322247999999918,-14.0,37.77538979999993,68.21201092000007,100.0,32.62398848,44.31037100001305,1.0600565200003118,0.8480456000002491,0.8480456000002491,2.3321248000006856,2319.95292744,-1.0121249200000002,0.1181463599999994,-0.0053255600000004,2.8087775599999976,1.7496584400000024,4.02265931999999,-6.0,31.0,36.65419931999996,100.0,33.047166440000005,143.29469487999265,3.2709955199998317,2.6167962799998654,2.6167962799998654,7.1961912799996295,2412.981439839961,-0.9384250000000026,0.5572920399999695,0.0007395599999999,2.560745319999893,1.317229200000033,1.301932999999986,10.614574880000164,7.539173200000379,19.677397599999637,100.0,40.3016334,61.84783272000384,75.8511161200047,54.06823152000336,40.84290808000254,151.3132518400094,3299.20830959997,-1.0012706800000002,-0.0166833599999992,-0.0086897599999981,0.5361449999999846,1.916554520000013,4.884318800000017,9.48761980000005,-15.03556904000004,25.54794923999999,100.0,33.63452084,67.35551988000152,54.246056360001226,47.917349480001086,57.86245960000131,155.50536068000352,1438.2163709999863,762,X1.4561 Y1.5749 R0.1188
16:32:04.499,5,762,1.52295,1.68156,-0.125,86.24413,59.59682,-29.1675,,185.42,0,0,,2,3,"{""sr"":{""mpox"":86.24413,""mpoy"":59.59682,""mpoz"":-29.1675,""mpoa"":0,""posx"":1.52295,""posy"":1.68156,""posz"":-0.125,""posa"":0,""unit"":0,""stat"":5,""coor"":2,""momo"":3,""dist"":0,""home"":1,""mots"":1,""plan"":0,""line"":762,""path"":2,""frmo"":2,""prbe"":1,""safe"":0,""estp"":0,""spc"":1,""hold"":0,""macs"":5,""cycs"":1,""sps"":12000,""feed"":185.42,""mark"":2030957660}}",5.327923215060794,0.2028855934732665,0.196919361521531,0.2020426293325081,5.327923215060794,0.2028855934732665,0.196919361521531,0.2020426293325081,-0.9816564,0.0463488199999999,-0.0416159799999998,-1.8389863400000008,-1.09897732,0.8010746600000007,-32.934352479999994,36.065647520000006,-38.93472453999999,100.0,34.29000372,9.203872940000792,6.462294160000556,7.049775180000606,7.245602500000623,21.80208208000188,1281.657094180001,-1.00721718,-0.07592218,0.05015412,5.512638459999999,1.6832054600000002,2.0194847799999995,-3.140955819999999,16.14095582,-94.91008354,100.0,32.33192042,121.2006921999994,117.96867397999942,122.81670177999938,71.10440607999965,277.14558311999866,1509.671760620002,-0.9793567,-0.02419344,0.00280852,-5.27757706,-8.344965980000001,0.4700105599999992,-2.521891040000051,7.371682500000149,13.098350080000271,100.0,32.62856462,168.45574809999917,4.030042259999981,3.2240338199999843,3.2240338199999843,8.866092079999957,1314.8821298200023,-1.0198999,0.1326067399999999,-0.00736278,3.02627548,1.6491034600000003,4.022976319999999,-6.339363500000002,31.0,37.6606365,100.0,33.05339346,73.98120220000045,1.6968164400000103,1.3574530000000085,1.3574530000000085,3.732996440000023,1283.7198831600012,-0.9814055999999995,0.2320740000000012,0.0089449599999998,3.757695439999999,1.58290418,1.2140207999999997,12.419275660000006,11.522720300000008,6.956391259999984,100.0,40.31419284,98.39901737999976,120.6780400199997,86.0217825799998,65.59934493999982,241.3560800399994,1637.7408291000008,-1.00710874,-0.0153872999999999,0.00112346,0.4116779000000011,1.9154443599999995,4.960142800000001,10.0,-15.45090562,25.54909438,100.0,33.63582358,107.62243193999988,65.89128495999994,58.203968219999936,70.28403717999991,188.88834931999975,1217.3502619600006,762,X1.4561 Y1.5749 R0.1188
16:32:04.756,5,762,1.49685,1.66439,-0.125,85.58101,59.16068,-29.1675,,185.42,0,0,,2,3,"{""sr"":{""mpox"":85.58101,""mpoy"":59.16068,""mpoz"":-29.1675,""mpoa"":0,""posx"":1.49685,""posy"":1.66439,""posz"":-0.125,""posa"":0,""unit"":0,""stat"":5,""coor"":2,""momo"":3,""dist"":0,""home"":1,""mots"":1,""plan"":0,""line"":762,""path"":2,""frmo"":2,""prbe"":1,""safe"":0,""estp"":0,""spc"":1,""hold"":0,""macs"":5,""cycs"":1,""sps"":12000,""feed"":185.42,""mark"":2030957660}}",5.108715328419609,0.1931221355540489,0.2012293862918484,0.2015907698597324,5.108715328419609,0.1931221355540489,0.2012293862918484,0.2015907698597324,-0.9964517999999998,0.0259069999999989,0.0280247999999997,-1.7448268000000031,-0.8924177999999948,0.8906198000000034,-32.0,36.20844399999997,-40.79155600000003,100.0,34.31,131.54379700000464,78.46841940000277,84.809301600003,87.18713240000308,264.7318382000093,1182.7595923999818,-1.0020376000000004,-0.0751208,0.027549,5.4526841999999975,1.846777599999992,1.8797309999999945,-3.0,16.169543199999975,-95.54022000000003,100.0,32.33,48.59884639999625,42.37459859999711,44.11602079999699,25.540853799998256,99.5512829999932,1548.199794399988,-1.0090755999999996,-0.0211351999999994,0.0418776000000006,-5.058835199999996,-8.342876400000014,0.3640641999999929,-13.0,37.831479800000025,67.12566000000001,100.0,32.6358012,60.98101399999591,1.4709005999999023,1.1767205999999222,1.1767205999999222,3.235981399999785,1394.7802565999905,-1.0332234000000016,0.1241639999999996,-0.0103468000000001,2.8843280000000004,1.832430999999997,4.095637399999999,-6.0,30.74872799999999,36.0,100.0,33.06,131.44224840000228,3.056796800000053,2.4454372000000424,2.4454372000000424,6.724952200000116,1305.8316779999911,-1.0142269999999982,0.200085599999997,-0.0327630000000009,3.69727360000002,1.2546853999999874,1.297414399999996,13.290567199999984,5.238976800000069,2.8263367999997158,100.0,40.33,68.28084599999879,81.4888303999985,58.08691019999893,43.8786013999992,162.55976999999703,1550.174736399982,-1.0041236,-0.0110393999999996,0.0085708000000011,0.4758799999999969,1.8768909999999983,4.989068199999997,10.530866600000005,-15.110724599999983,26.0,100.0,33.633584000000006,97.10488559999963,55.826905999999646,49.72816819999968,59.57997479999962,160.80212139999898,1145.0182703999872,762,X1.4561 Y1.5749 R0.1188
16:32:05.013,5,762,1.47623,1.6409,-0.125,85.05731,58.56406,-29.1675,,185.42,0,0,,2,3,"{""sr"":{""mpox"":85.05731,""mpoy"":58.56406,""mpoz"":-29.1675,""mpoa"":0,""posx"":1.47623,""posy"":1.6409,""posz"":-0.125,""posa"":0,""unit"":0,""stat"":5,""coor"":2,""momo"":3,""dist"":0,""home"":1,""mots"":1,""plan"":0,""line"":762,""path"":2,""frmo"":2,""prbe"":1,""safe"":0,""estp"":0,""spc"":1,""hold"":0,""macs"":5,""cycs"":1,""sps"":12000,""feed"":185.42,""mark"":2030957660}}",5.254056713525713,0.2152942036365945,0.2117433470739372,0.2103344018738459,5.254056713525713,0.2152942036365945,0.2117433470739372,0.2103344018738459,-0.9978991799999988,0.0458430399999991,-0.0062520599999968,-1.733044799999974,-0.8786352399999736,0.854,-32.0,36.65739466000007,-40.34057451999994,100.0,34.31,50.02040675999099,33.917946739993894,36.6587907999934,37.68660781999321,114.08764015997944,1328.7530515599954,-0.9976626199999996,-0.0805543600000001,0.0456232200000005,5.379546500000014,1.9198681600000107,2.128710460000017,-1.1573585999998688,6.270184059999309,-36.74264469999577,100.0,32.33326018,98.88843816000704,89.06101648000634,93.36051330000664,54.05082358000384,210.675369440015,1586.1801896999898,-0.96907908,-0.029564499999999,-0.0007439999999997,-5.25735814000001,-8.226493879999994,0.4291581000000091,-13.0,37.0,66.49093149999997,100.0,32.6210164,125.80495804000893,3.053518400000216,2.4428145200001734,2.4428145200001734,6.717740680000476,1734.300913839994,-1.0016553000000006,0.1235753600000003,-0.0128450599999998,2.8332278400000024,1.7573860799999987,4.054806879999998,-6.0,31.0,36.02588595999994,100.0,33.052326619999995,95.59534083999492,2.1972965799998843,1.9646240399999269,1.7578367999999072,5.273511399999722,1470.7002424599864,-0.989052119999999,0.1667914799999981,0.0015287200000013,2.3824836800001186,1.7847973200000298,1.2380139200000098,11.784988839999883,0.4184400000001655,-8.446288060000228,100.0,40.32215152,88.3205712000027,105.65957926000324,75.3163150800023,56.89361996000174,210.77731432000644,1331.142158379991,-1.0077091800000004,-0.0051590600000002,0.0200636799999996,0.5700046599999948,2.020349700000004,4.952446680000005,11.0,-15.0,26.62128216000007,100.0,33.63517218,109.12725554000149,61.54570348000084,54.82222288000074,65.6832292800009,176.36205750000238,1088.314409100006,762,X1.4561 Y1.5749 R0.1188
16:32:05.272,5,762,1.46244,1.6126,-0.125,84.70707,57.8452,-29.1675,,185.42,0,0,,2,3,"{""sr"":{""mpox"":84.70707,""mpoy"":57.8452,""mpoz"":-29.1675,""mpoa"":0,""posx"":1.46244,""posy"":1.6126,""posz"":-0.125,""posa"":0,""unit"":0,""stat"":5,""coor"":2,""momo"":3,""dist"":0,""home"":1,""mots"":1,""plan"":0,""line"":762,""path"":2,""frmo"":2,""prbe"":1,""safe"":0,""estp"":0,""spc"":1,""hold"":0,""macs"":5,""cycs"":1,""sps"":12000,""feed"":185.42,""mark"":2030957660}}",5.040073922795672,0.19946334101503,0.1998743565323935,0.2076729502005037,5.040073922795672,0.19946334101503,0.1998743565323935,0.2076729502005037,-0.99101404,0.0373449199999994,-0.0010519999999999,-1.7812909600000408,-0.9669886400000216,1.0051135600000027,-32.0,36.00474968,-40.42562064000013,100.0,34.31004732,74.36953044000693,47.52045752000442,51.355361040004766,52.79523076000491,159.3456055600148,1301.5480158000107,-1.0019932,-0.0768516799999999,0.0214142399999995,5.372975959999996,1.7238062399999845,2.0480338400000027,-3.0,16.0,-93.85173184,100.04420676,32.33009356,92.99558279999448,74.40691103999545,77.94617519999522,44.90938583999725,176.0982791599892,1641.2084078000123,-1.0263138800000002,-0.03242296,0.0274577999999998,-5.296410759999985,-8.396988200000008,0.3873994799999922,-13.0,37.55996664000004,67.07560816,100.0,32.620756,106.66227671999351,2.578209599999844,2.062568079999875,2.062568079999875,5.672061239999655,1345.3854952800075,-1.0055278400000005,0.1216114399999998,-0.0151817599999998,2.933186359999997,1.7559034800000068,4.106653320000004,-6.0,30.64469960000003,36.64469960000003,100.0,33.0620378,106.5243897600036,2.4658424800000835,1.9726740800000668,1.9726740800000668,5.918021760000201,1234.1713597600071,-0.9967410800000028,0.167897480000006,0.0106020000000017,1.133583520000065,1.6642885200000055,1.2037670000000025,8.493693880000013,4.318605200000414,0.2492818799993892,100.0,40.32823792,85.30007471999768,98.72966495999762,70.3765305999983,53.16212739999872,196.77680431999525,1624.1500450400104,-1.0018482000000002,-0.0150731199999996,-0.0043159199999992,0.3531779600000071,1.943643039999997,5.000863720000003,10.711006360000026,-15.0,26.78559887999998,100.0,33.63503432,99.82132119999892,59.40056587999942,52.85643543999948,63.42772251999938,170.36178403999833,1124.7009855600088,762,X1.4561 Y1.5749 R0.1188
16:32:05.529,5,762,1.45653,1.58193,-0.125,84.55687,57.06638,-29.1675,,185.42,0,0,,2,3,"{""sr"":{""mpox"":84.55687,""mpoy"":57.06638,""mpoz"":-29.1675,""mpoa"":0,""posx"":1.45653,""posy"":1.58193,""posz"":-0.125,""posa"":0,""unit"":0,""stat"":5,""coor"":2,""momo"":3,""dist"":0,""home"":1,""mots"":1,""plan"":0,""line"":762,""path"":2,""frmo"":2,""prbe"":1,""safe"":0,""estp"":0,""spc"":1,""hold"":0,""macs"":5,""cycs"":1,""sps"":12000,""feed"":185.42,""mark"":2030957660}}",5.3494622683576525,0.2027555139812115,0.2064937004528533,0.2061180016021522,5.3494622683576525,0.2027555139812115,0.2064937004528533,0.2061180016021522,-0.9926220999999994,0.0356672999999992,-0.0012709399999993,-1.6330681800000526,-0.9753995000000002,0.8740426799999904,-32.65564737999992,36.66217939999992,-39.99346798,100.06556454,34.31655642,96.3802079599885,65.56476739999218,70.15430139999162,71.46559681999146,217.01938065997408,1521.4477918800194,-1.0095520600000003,-0.0774790600000003,0.0331958600000002,5.521091879999994,1.6964820400000349,2.006493980000009,-3.0,17.0,-93.61202353999995,100.0,32.33561528,76.04342108001094,55.480659660008,58.58447296000843,33.365991420004804,131.912057860019,1624.1095628600174,-1.0094116000000013,-0.0361106399999988,0.0240159000000007,-5.128583380000003,-8.355891740000025,0.3516533599999988,-13.78376452000011,38.0,67.33965282000004,100.0,32.62947776,81.5115059000114,1.9594109600002736,1.5675290400002193,1.5675290400002193,4.310704520000603,1425.7887497400136,-0.9889143200000008,0.1190079399999992,-0.0201524199999997,2.7935014200000063,1.761251500000013,4.17024866,-7.0,30.89240597999997,36.0,100.0,33.05452892,122.97877247999344,2.802308019999853,2.802308019999853,2.241846419999882,6.725539579999648,1655.9592115600049,-0.8964542000000056,0.4516435400000011,-0.016863679999999,2.0464663600001227,1.8982875399999704,1.1698302000000065,9.036893180000073,2.6619853000002407,9.848615439999689,100.0,40.32248506,73.92360674000348,88.98211896000419,62.97196092000296,47.913448700002256,177.50791936000837,1760.9864458600337,-1.0072720199999996,-0.0122442800000004,0.0020231999999981,0.492003399999998,1.9490181799999848,4.940348460000007,10.364225619999957,-15.152181960000036,26.635774380000043,100.0,33.65,59.48189750000102,56.58034132000097,50.29363688000086,60.44908300000104,162.4871343400028,1306.383145560002,762,X1.4561 Y1.5749 R0.1188
16:32:05.787,5,763,1.45878,1.5508,-0.125,84.61408,56.2756,-29.1675,,185.42,0,0,,2,3,"{""sr"":{""mpox"":84.61408,""mpoy"":56.2756,""mpoz"":-29.1675,""mpoa"":0,""posx"":1.45878,""posy"":1.5508,""posz"":-0.125,""posa"":0,""unit"":0,""stat"":5,""coor"":2,""momo"":3,""dist"":0,""home"":1,""mots"":1,""plan"":0,""line"":763,""path"":2,""frmo"":2,""prbe"":1,""safe"":0,""estp"":0,""spc"":1,""hold"":0,""macs"":5,""cycs"":1,""sps"":12000,""feed"":185.42,""mark"":2030957660}}",5.209557424624497,0.201553464230794,0.2122690715146524,0.2131858228318236,5.209557424624497,0.201553464230794,0.2122690715146524,0.2131858228318236,-0.9867356,0.0330368200000001,0.015971699999999,-1.7593878599999988,-0.8607026399999947,0.8826106199999968,-32.00561126,36.179574480000014,-40.0,100.0,34.32,29.972032560002745,18.703759660001708,19.814873560001807,20.18524568000185,61.11129308000557,1562.1151169999891,-1.0145692199999998,-0.0617117200000004,-0.0031058999999991,5.270904140000001,1.9649875800000003,2.1242590999999966,-3.0,16.27779624000001,-95.6409199,100.0,32.3402709,156.05011783999743,101.85777077999832,107.63539767999823,61.387286799999,243.409631599996,1819.225029259994,-1.008404639999997,-0.0034815400000015,-0.0066710799999997,-5.141450640000004,-8.153046160000004,0.4287328600000001,-13.028406700000003,37.71918125999999,66.33763214000001,100.0,32.62381536,148.8989725199976,3.595907119999942,2.876725859999953,2.876725859999953,7.910996319999872,1977.352985279992,-1.0200451599999996,0.0802789799999998,-0.0089249399999998,2.8415784800000017,1.8549754199999984,4.017661699999999,-3.0623739400000822,13.561943140000364,15.805846340000423,100.0,33.0612504,81.91256772000136,1.904943040000032,1.904943040000032,1.5239547600000254,4.571864460000076,1737.739013299993,-0.9750001999999984,0.3438945599999997,0.0231442199999992,2.938311839999995,1.6005375200000032,1.275745740000001,10.861300560000036,13.258637779999916,10.929008980000088,100.0,40.32584442,98.57182803999922,113.96642489999913,80.65316233999938,61.36653681999953,226.76396349999823,2460.37653806,-1.00398412,-0.0094730799999998,-0.0125499999999994,0.4133364400000013,1.94377076,5.03332978,10.0,-15.45543619999999,25.53557904,100.0,33.644554279999994,132.1862216799993,62.20725611999978,55.70016997999981,66.41174177999976,178.96338165999938,1692.080981859995,763,X1.5748 Y1.4562 R0.1188
16:32:06.043,5,763,1.46913,1.52109,-0.125,84.87696,55.5208,-29.1675,,185.42,0,0,,2,3,"{""sr"":{""mpox"":84.87696,""mpoy"":55.5208,""mpoz"":-29.1675,""mpoa"":0,""posx"":1.46913,""posy"":1.52109,""posz"":-0.125,""posa"":0,""unit"":0,""stat"":5,""coor"":2,""momo"":3,""dist"":0,""home"":1,""mots"":1,""plan"":0,""line"":763,""path"":2,""frmo"":2,""prbe"":1,""safe"":0,""estp"":0,""spc"":1,""hold"":0,""macs"":5,""cycs"":1,""sps"":12000,""feed"":185.42,""mark"":2030957660}}",5.192356834036547,0.1986910944782313,0.2072306886449747,0.2087057529301935,5.192356834036547,0.1986910944782313,0.2072306886449747,0.2087057529301935,-0.98513866,0.0365480599999998,0.0013125599999999,-1.662512340000001,-0.6421846600000028,0.8589068600000004,-32.0,36.059675520000006,-39.94032448,100.0,34.32059676,152.60384851999908,94.91214989999942,99.5647060599994,100.4952169399994,307.0687187999982,1295.4933747200023,-1.01254384,-0.0696480199999999,0.01194332,5.114895180000002,1.816803100000001,1.9665085200000003,-3.0,16.194096480000002,-94.00911628,100.0,32.34805858,36.29601910000075,26.97939402000056,28.92035758000059,16.109998220000335,65.02228026000134,1538.724144380001,-1.0231798799999998,-0.0414608400000001,0.02677416,-5.237604260000002,-8.309578979999998,0.2586137000000016,-12.00923514,38.0,67.0,100.0,32.6180882,41.49090002000082,1.002195840000019,0.8017566600000157,0.8017566600000157,2.204830800000043,1515.159836920001,-1.0166033,0.1125777599999999,-0.01117998,2.76761398,1.709,4.14770098,-4.615595479999984,19.88073015999994,24.515170899999923,100.0,33.05,144.99176813999952,3.310314159999989,3.310314159999989,2.6482513399999914,7.944754899999975,1251.5578970400022,-0.9636826799999996,0.1877733600000004,-0.02033842,1.6738987600000017,1.855027639999999,1.16134616,10.515378480000011,8.743869020000002,6.746323699999995,100.0,40.33405074,68.16845806000026,74.67892824000029,52.8497031600002,40.21173102000016,148.5919191600006,1738.2085915000046,-1.0043195,-0.00521426,-0.0154867200000001,0.5449052200000002,2.087308279999998,4.9415387200000005,10.026778900000002,-14.479821860000005,26.0,100.0,33.65026778,96.49821048000013,52.55301606000007,46.66345394000007,56.17736156000008,150.4103563600002,1147.9505252400006,763,X1.5748 Y1.4562 R0.1188
16:32:06.300,5,763,1.48684,1.49536,-0.125,85.32688,54.86729,-29.1675,,185.42,0,0,,2,3,"{""sr"":{""mpox"":85.32688,""mpoy"":54.86729,""mpoz"":-29.1675,""mpoa"":0,""posx"":1.48684,""posy"":1.49536,""posz"":-0.125,""posa"":0,""unit"":0,""stat"":5,""coor"":2,""momo"":3,""dist"":0,""home"":1,""mots"":1,""plan"":0,""line"":763,""path"":2,""frmo"":2,""prbe"":1,""safe"":0,""estp"":0,""spc"":1,""hold"":0,""macs"":5,""cycs"":1,""sps"":12000,""feed"":185.42,""mark"":2030957660}}",5.361177062487902,0.2077271803751191,0.2073317652616784,0.2079365602761307,5.361177062487902,0.2077271803751191,0.2073317652616784,0.2079365602761307,-0.98226724,0.0275584399999992,0.0127307600000001,-1.613251479999988,-0.8646531599999951,0.916,-31.99950456,36.91363084000004,-40.00049544,100.00004952,34.33000496,12.623376719994228,8.844950799995956,9.1884446799958,9.27431739999576,28.338192599987043,2099.4122880000195,-1.0120473200000004,-0.0910675600000009,0.0159829199999996,5.503897120000008,1.832717519999996,2.0708540800000024,-3.0,16.0,-94.79465816000004,100.0,32.35862644,170.05691888000595,108.8682146400038,117.60945784000413,65.16199680000229,263.0319642800092,1963.6505175200027,-0.9869173599999996,-0.0164240000000002,0.0221926799999998,-5.121662359999993,-8.300135519999998,0.3226759600000007,-13.855118399999997,38.0,67.85511839999998,100.0,32.63797736,163.05306524000565,3.938479880000136,3.1507841200001088,3.1507841200001088,8.6646556000003,2216.408630560013,-1.00007548,0.1508452000000018,-0.0074524799999996,2.987658800000002,1.68642356,4.1291180800000005,-6.712442039999988,30.71244203999999,36.945226240000025,100.0,33.05712408,74.5735860399968,1.711659519999926,1.711659519999926,1.369327799999941,4.107983479999822,1841.138016799996,-0.9580175999999994,0.6892355200000096,-0.0472246800000019,2.152540519999981,1.3398115199999856,1.1604688800000025,9.63132143999982,-4.48950703999993,17.421255360000146,100.0,40.32386412,100.62842232000172,119.64964860000208,84.67513588000146,64.42673368000112,238.0721212000041,2616.3845056799914,-1.00280868,-0.0204579200000003,-0.0124199199999993,0.4817979199999959,1.9333076399999995,4.954796519999998,10.41150220000002,-14.58849779999998,26.176994679999964,100.0,33.66,107.23429648000082,62.59870080000048,56.06666256000043,66.95339352000052,179.63105548000138,1516.3592259200036,763,X1.5748 Y1.4562 R0.1188
16:32:06.558,5,763,1.51072,1.47523,-0.125,85.93342,54.3561,-29.1675,,185.42,0,0,,2,3,"{""sr"":{""mpox"":85.93342,""mpoy"":54.3561,""mpoz"":-29.1675,""mpoa"":0,""posx"":1.51072,""posy"":1.47523,""posz"":-0.125,""posa"":0,""unit"":0,""stat"":5,""coor"":2,""momo"":3,""dist"":0,""home"":1,""mots"":1,""plan"":0,""line"":763,""path"":2,""frmo"":2,""prbe"":1,""safe"":0,""estp"":0,""spc"":1,""hold"":0,""macs"":5,""cycs"":1,""sps"":12000,""feed"":185.42,""mark"":2030957660}}",5.134930919129529,0.1948082722436275,0.1995896153799327,0.2058043349825311,5.134930919129529,0.1948082722436275,0.1995896153799327,0.2058043349825311,-0.9862278400000002,0.0367388800000001,0.0014737600000001,-1.77,-0.9611496000000042,0.9005978399999985,-24.116085839999283,27.884223639999167,-30.145107119999103,100.024741,34.3424634,114.5534756799966,78.37727779999767,80.6381605199976,81.39075355999758,248.69609663999265,1678.713665800008,-1.0099632399999998,-0.07121036,0.00834504,5.222256600000007,1.8389985200000056,1.991673520000002,-3.0,16.79646823999998,-94.52052644000004,100.0,32.35316988,64.73699104000316,42.59068248000212,46.59814416000234,25.35953476000127,104.0875529200052,1798.933307560004,-0.99129064,-0.0091072000000004,0.0068717199999998,-5.0545006,-8.206721800000006,0.4484753199999994,-11.272790960000028,33.54060728000014,59.6167792400002,100.0,32.625124719999995,65.39088496000319,1.594900080000078,1.2759193600000622,1.2759193600000622,3.508779120000172,1770.5032396400031,-0.9981494799999998,0.1034345600000002,-0.01502292,2.857259920000001,1.781740079999999,3.9916298400000008,-6.239689559999993,31.0,36.16408272000002,100.0,33.05403792,129.38143735999816,3.577367079999949,2.981139359999958,2.3849108799999663,7.1547336399999,1703.6494120799985,-0.8760486000000017,0.3208325199999971,-0.0244646799999987,3.2520878000000004,2.046760959999996,1.1507443999999991,9.719832840000008,-14.249128879999937,9.724068519999774,100.0,40.32568136,71.82339704000097,84.21998440000117,59.60183496000083,45.34922212000063,167.57617420000233,2822.1551529599974,-0.99852016,-0.00355956,0.0051442800000002,0.4206956799999969,1.9281129600000029,5.02553368,10.132624720000011,-15.0,27.132624720000013,100.0,33.65469228,74.82317552000029,53.82991692000027,48.19904280000024,57.24721744000031,154.37979260000083,1348.4331763600003,763,X1.5748 Y1.4562 R0.1188
16:32:06.814,5,763,1.53921,1.46191,-0.125,86.65718,54.01781,-29.1675,,185.42,0,0,,2,3,"{""sr"":{""mpox"":86.65718,""mpoy"":54.01781,""mpoz"":-29.1675,""mpoa"":0,""posx"":1.53921,""posy"":1.46191,""posz"":-0.125,""posa"":0,""unit"":0,""stat"":5,""coor"":2,""momo"":3,""dist"":0,""home"":1,""mots"":1,""plan"":0,""line"":763,""path"":2,""frmo"":2,""prbe"":1,""safe"":0,""estp"":0,""spc"":1,""hold"":0,""macs"":5,""cycs"":1,""sps"":12000,""feed"":185.42,""mark"":2030957660}}",5.373423368978795,0.2088703571884665,0.204963654589548,0.2030514187517288,5.373423368978795,0.2088703571884665,0.204963654589548,0.2030514187517288,-0.9872009200000004,0.0325387600000006,-0.0048109599999997,-1.8567618400000083,-0.977,0.8939499599999979,-32.35953268000003,36.64046731999997,-39.35953268000003,100.03634816,34.336444279999995,58.9633213600055,37.75090676000352,38.46997184000359,38.46997184000359,118.28617476001104,1329.92561416,-1.00793284,-0.0763988799999999,0.0281596000000002,5.445870640000007,1.7958488800000063,2.0199891199999995,-2.079457319999913,11.783591719999508,-65.75130263999725,100.0,32.3668674,113.04461807999546,79.13123227999684,86.86586403999652,47.00276235999812,193.36579351999225,1381.309764440001,-1.0188737999999995,-0.0273503600000003,0.0329924799999999,-5.370648360000001,-8.172753639999996,0.3777696399999972,-13.0,37.10037376,67.0,100.0,32.63200768,122.2771924799952,2.9823707199998832,2.3858965199999065,2.3858965199999065,6.561214999999743,1428.9713011999984,-1.0070847199999995,0.12010236,-0.0139867999999999,2.825821200000006,1.7055322000000013,4.134929319999999,-6.0,31.0,36.494120520000045,100.0,33.05853968,97.7008684800027,2.247535360000063,2.247535360000063,1.7980285600000503,5.394084680000152,1227.9770711999945,-0.9807239200000016,0.234105359999998,0.0086746400000006,3.9349626799999777,1.4075529600000032,1.1281829599999964,9.78714347999991,5.704342080000286,-3.152637960000363,100.0,40.32772084,92.30379851999844,104.11009791999824,74.05769859999874,56.34824863999905,207.6835462399965,1686.3795143199952,-1.006107,-0.0102210000000002,0.0131061999999994,0.5702257200000039,2.029703640000005,4.9074821600000025,10.0,-15.515087119999995,27.0,100.0,33.66200664,107.1381057999992,58.71992327999956,52.53887847999961,62.840619599999535,168.94855115999871,975.5505332000014,763,X1.5748 Y1.4562 R0.1188
16:32:07.073,5,763,1.56995,1.4565,-0.125,87.43789,53.88026,-29.1675,,185.42,0,0,,2,3,"{""sr"":{""mpox"":87.43789,""mpoy"":53.88026,""mpoz"":-29.1675,""mpoa"":0,""posx"":1.56995,""posy"":1.4565,""posz"":-0.125,""posa"":0,""unit"":0,""stat"":5,""coor"":2,""momo"":3,""dist"":0,""home"":1,""mots"":1,""plan"":0,""line"":763,""path"":2,""frmo"":2,""prbe"":1,""safe"":0,""estp"":0,""spc"":1,""hold"":0,""macs"":5,""cycs"":1,""sps"":12000,""feed"":185.42,""mark"":2030957660}}",5.11943798629831,0.1908934698525677,0.1941956359352053,0.2048538588637986,5.11943798629831,0.1908934698525677,0.1941956359352053,0.2048538588637986,-0.9908057200000004,0.0354887799999999,-0.01503672,-1.7604340599999877,-0.9061215599999876,0.8262323600000032,-32.0,36.54104788000005,-38.54842104000005,100.1,34.34,66.67527419999271,48.57706575999468,49.03970491999462,49.502343619994576,151.74550221998336,1596.0415975400017,-1.0056917200000006,-0.0776361799999996,0.0375354399999997,5.3788546600000045,1.7987082199999975,1.9664989999999936,-3.0,17.0,-93.61064695999994,100.0,32.37778732,80.44811354000505,69.87773172000472,77.28900598000521,41.291386460002784,170.5293259400115,1748.7925264600171,-0.9652889199999998,-0.02984068,-0.0043258200000005,-5.6060532999999975,-8.020886739999984,0.5767938000000026,-13.38474580000005,37.52652148000004,67.38474580000005,100.0,32.63491326,108.84822850000732,2.632608940000176,2.1060869200001413,2.1060869200001413,5.791739360000388,1760.4181986200074,-1.0038124800000003,0.1230109199999999,-0.0086611799999996,2.808,1.7158882600000065,4.01919376,-6.484658159999981,31.0,37.0,100.0,33.05742712,105.65545077999585,2.4232898799999045,2.4232898799999045,1.9386321799999235,5.81589661999977,1538.8578505000153,-0.8956692,0.3036946399999969,-0.0155984000000006,2.403078879999971,1.7106362000000217,1.1298885399999965,11.342944280000031,15.90076371999982,-0.9756820799996918,100.0,40.3,83.0696825400022,99.27637756000266,70.6192790600019,53.73206002000144,198.0410216600053,2332.6596846200064,-1.00239058,-0.0143148799999994,-0.0028592199999989,0.5079234999999858,1.7109186000000027,5.005,10.0,-15.0,25.794858400000024,100.0,33.66298782,102.25811636000068,57.44826992000063,51.40108350000056,61.47972792000067,165.2897589400018,1283.49397086,763,X1.5748 Y1.4562 R0.1188
16:32:07.330,5,764,1.6013,1.4593,-0.125,88.23424,53.95141,-29.1675,,185.42,0,0,,2,3,"{""sr"":{""mpox"":88.23424,""mpoy"":53.95141,""mpoz"":-29.1675,""mpoa"":0,""posx"":1.6013,""posy"":1.4593,""posz"":-0.125,""posa"":0,""unit"":0,""stat"":5,""coor"":2,""momo"":3,""dist"":0,""home"":1,""mots"":1,""plan"":0,""line"":764,""path"":2,""frmo"":2,""prbe"":1,""safe"":0,""estp"":0,""spc"":1,""hold"":0,""macs"":5,""cycs"":1,""sps"":12000,""feed"":185.42,""mark"":2030957660}}",5.357170909355196,0.2005749548730822,0.2036311317694056,0.2098598491626473,5.357170909355196,0.2005749548730822,0.2036311317694056,0.2098598491626473,-0.9857472,0.0333105999999999,-0.0070248799999998,-1.788086479999999,-0.956254720000001,0.8741800399999989,-32.98551056,36.67452040000001,-39.0,100.03182336,34.35,101.17804708000251,70.82463316000177,71.49915356000177,72.1736739600018,221.24266300000548,1588.7366271200003,-0.99764,-0.07178304,0.01624824,5.143866359999993,2.1918884000000123,2.014,-3.0,16.952283840000003,-95.0,100.0,32.37278388,64.66322615999793,48.96463911999843,54.57127755999824,28.78074227999908,120.35583099999616,2065.0316116799963,-0.9592389200000006,-0.0343766400000003,0.0029882400000001,-5.076976919999997,-8.174378879999999,0.3310316799999991,-13.573255640000015,37.62339740000001,66.47688611999999,100.0,32.62376616,77.5801735999976,1.8830139999999416,1.506411399999953,1.506411399999953,4.142630599999872,1737.9592327199975,-1.01679456,0.1267948799999997,-0.0073714799999999,2.869,1.7048010800000013,4.003798719999998,-6.465582400000012,31.0,37.89982496,100.0,33.05365436,124.3664608000014,2.828787240000032,2.828787240000032,2.2630298000000253,6.789089040000077,1758.8487567199995,-0.9835236800000005,0.2123311199999986,0.0185706399999996,2.6514422399999726,1.0816869599999996,1.1382639199999969,13.869455120000026,8.651590679999847,20.29582844000006,100.0,40.29,73.05329763999927,88.02695499999912,62.617112359999375,47.64345467999952,175.60016203999825,2109.208787119988,-1.00289936,-0.0144406400000001,-0.0147431200000003,0.6297133999999958,1.9366878799999991,4.93219332,10.0,-15.0,25.37670436000001,100.0,33.67,99.8503062799996,54.72564875999979,48.96505367999981,58.56604491999978,157.45625207999942,1269.807240840001,764,X1.6936 Y1.5749 R0.1188
16:32:07.589,5,764,1.63061,1.47017,-0.125,88.97853,54.22757,-29.1675,,185.42,0,0,,2,3,"{""sr"":{""mpox"":88.97853,""mpoy"":54.22757,""mpoz"":-29.1675,""mpoa"":0,""posx"":1.63061,""posy"":1.47017,""posz"":-0.125,""posa"":0,""unit"":0,""stat"":5,""coor"":2,""momo"":3,""dist"":0,""home"":1,""mots"":1,""plan"":0,""line"":764,""path"":2,""frmo"":2,""prbe"":1,""safe"":0,""estp"":0,""spc"":1,""hold"":0,""macs"":5,""cycs"":1,""sps"":12000,""feed"":185.42,""mark"":2030957660}}",5.130996340099453,0.1959092302855632,0.202148744174907,0.2061809937671758,5.130996340099453,0.1959092302855632,0.202148744174907,0.2061809937671758,-0.9848519199999975,0.032428719999997,-0.012694759999994,-1.9525324000000748,-0.9331573200000536,0.9590836000000216,-32.00598732,36.00598732,-38.99401268,100.1,34.35139678,21.981301159973828,15.294705739981682,15.440369519981491,15.586033299981308,47.63208185994292,1384.315061260023,-1.0068099600000004,-0.0763863199999979,0.0167286199999975,5.460315300000018,1.8216373399999688,2.208973380000028,-3.0,16.0,-94.28930435999982,100.0021399,32.357535240000004,135.1535358600217,98.70765598001611,109.25656612001784,58.01900412000948,241.87143170003947,1523.5526046399573,-1.0220709600000015,-0.0002397799999934,0.0291385800000005,-5.310348580000071,-8.269122520000016,0.4090450400000108,-13.0,37.72769158000015,67.0,100.0,32.62749768,155.14843652002517,3.748611300000607,2.9988890400004857,2.9988890400004857,8.246944140001334,1341.782227579951,-1.0074244200000022,0.1356126600000007,-0.0105906999999996,2.807060720000005,1.670456959999996,3.978800899999981,-6.0,31.0,37.04451495999994,100.0,33.0545714,80.62343107998592,1.8407175599996783,1.8407175599996783,1.472573819999743,4.417722459999228,1411.3659649799467,-0.9104446799999932,0.1649192799999899,-0.0400432600000023,1.601902099999793,1.6685767400000229,1.2447232400000183,14.353196360000018,-4.011958380001113,17.392957659999436,100.0,40.27543606,98.05707298000786,115.52486672000894,82.1407911800064,62.49842810000488,230.946572060018,2034.8143758399367,-1.0098751200000011,-0.0115486599999985,0.0028881400000012,0.5107926599999895,1.879876819999989,4.918044539999983,9.53779482000002,-15.46220517999998,27.07559064000004,100.0,33.68,100.35794344000097,61.30864762000211,54.85510578000189,65.61100832000226,176.8719775800062,1061.3559642799926,764,X1.6936 Y1.5749 R0.1188
16:32:07.844,5,764,1.65595,1.48845,-0.125,89.62229,54.6919,-29.1675,,185.42,0,0,,2,3,"{""sr"":{""mpox"":89.62229,""mpoy"":54.6919,""mpoz"":-29.1675,""mpoa"":0,""posx"":1.65595,""posy"":1.48845,""posz"":-0.125,""posa"":0,""unit"":0,""stat"":5,""coor"":2,""momo"":3,""dist"":0,""home"":1,""mots"":1,""plan"":0,""line"":764,""path"":2,""frmo"":2,""prbe"":1,""safe"":0,""estp"":0,""spc"":1,""hold"":0,""macs"":5,""cycs"":1,""sps"":12000,""feed"":185.42,""mark"":2030957660}}",5.320628680710968,0.2035704738091212,0.2140210094557803,0.2158896246737527,5.320628680710968,0.2035704738091212,0.2140210094557803,0.2158896246737527,-0.9874033199999992,0.0182676799999974,-0.0100941600000015,-1.6552812399999834,-1.0392587599999945,0.9739882800000056,-32.0,36.96021172000009,-38.99042304,100.0,34.35,157.80540840001484,99.8166743200094,100.76730908000953,101.7179438400096,311.8082768000294,1801.2239264000168,-0.9947699999999986,-0.0711864399999991,0.0360129599999989,5.574166479999995,1.748739800000007,2.075,-2.822745520000064,16.994023440000014,-94.82274552000008,100.0,32.35994024,25.17016259999095,23.220361599991644,25.701926959990757,13.648609039995083,56.89874899997953,1989.8676332399968,-0.9804660400000006,-0.0586122400000033,-0.0055122400000016,-5.1226939999999805,-7.915544480000001,0.3885237999999924,-13.815377440000065,37.19091007999992,66.99371248000001,100.0,32.628153760000004,38.58619095998697,0.9231147999996884,0.7384912399997504,0.7384912399997504,2.030852159999314,1938.5340097599967,-1.0103822399999989,0.1183930399999999,-0.0019544399999985,2.7678201599999963,1.7498692399999942,4.068179840000004,-6.0,31.0,37.34131999999994,100.0,33.05354,145.69274520000727,3.356684520000168,3.356684520000168,2.6853470400001345,8.056042120000404,1866.6613842800157,-0.9530985199999992,0.0751538800000006,-0.0470148400000056,2.339048320000066,1.4704494799999897,1.2266032000000116,9.477530560000355,-4.976730239999872,3.665728199999568,100.0,40.29985328,62.75176491999593,73.27301867999525,51.85475151999663,39.45470235999744,145.04300071999057,2074.0800663600044,-1.0035259599999995,-0.0165880800000006,-0.0270715600000035,0.4604114399999755,1.943013720000004,4.949861320000001,10.0,-15.01774603999996,27.0,100.0,33.69,94.45937255999792,51.52329475999887,46.55174839999898,55.1389643599988,149.14637835999673,1596.292442320019,764,X1.6936 Y1.5749 R0.1188
16:32:08.103,5,764,1.67581,1.51287,-0.125,90.12664,55.31211,-29.1675,,185.42,0,0,,2,3,"{""sr"":{""mpox"":90.12664,""mpoy"":55.31211,""mpoz"":-29.1675,""mpoa"":0,""posx"":1.67581,""posy"":1.51287,""posz"":-0.125,""posa"":0,""unit"":0,""stat"":5,""coor"":2,""momo"":3,""dist"":0,""home"":1,""mots"":1,""plan"":0,""line"":764,""path"":2,""frmo"":2,""prbe"":1,""safe"":0,""estp"":0,""spc"":1,""hold"":0,""macs"":5,""cycs"":1,""sps"":12000,""feed"":185.42,""mark"":2030957660}}",5.202652741612562,0.1929250770993496,0.1868189907036316,0.2027219458678434,5.202652741612562,0.1929250770993496,0.1868189907036316,0.2027219458678434,-0.9882769999999996,0.0371220399999986,0.0054696600000025,-1.6136381000000195,-0.8194453000000196,0.9590680599999868,-32.0,36.99862044,-39.0,100.08562792,34.35,23.28314332001722,15.090925940011164,15.234649620011268,15.378372440011375,47.28490246003498,1643.2933440799936,-1.0015717000000004,-0.0699822400000007,-0.0037704799999966,5.5396884599999705,1.929090280000003,2.0968819599999984,-3.0,17.0,-94.76266527999982,100.0,32.36881336,87.82946489999121,99.08965209999008,109.59916129998904,57.802296879994216,241.7186977199758,1721.5068798800075,-1.001511900000001,-0.0492488599999985,0.0059782600000011,-5.359160359999969,-7.893050560000055,0.5282540599999768,-14.0,37.0,67.8819713199999,100.0,32.618679900000004,155.9907059799845,3.749776219999628,2.9998209199997024,2.9998209199997024,8.249508599999182,1980.137229099955,-1.0081910199999993,0.1249449999999992,-0.0183090600000003,2.863085139999998,1.737104780000007,4.104357839999979,-6.0,31.0,37.26906733999997,100.0,33.07270238,80.45130990000872,1.8245016800002007,1.8245016800002007,1.4596014000001607,4.013903640000441,1526.9406377400107,-0.9954248199999854,0.1557059000000162,0.014713079999995,4.726797219999964,1.480993419999992,1.2661667400000096,10.740440560000158,2.2140863400001107,-8.363007979998791,100.0,40.29911072,98.3694550799952,115.65863255999436,82.272635459996,62.59874455999695,230.7210867599888,1510.7438877800312,-1.0065577,-0.0153320999999994,-0.0189390599999988,0.5860706999999868,1.9880428000000208,4.88839302000002,9.458583720000012,-16.0,27.0,100.0,33.69,104.49333471999772,62.262867979998646,55.76587303999878,66.59419807999855,179.7501919999961,1163.251129780022,764,X1.6936 Y1.5749 R0.1188
16:32:08.360,5,764,1.68853,1.54138,-0.125,90.44989,56.03639,-29.1675,,185.42,0,0,,2,3,"{""sr"":{""mpox"":90.44989,""mpoy"":56.03639,""mpoz"":-29.1675,""mpoa"":0,""posx"":1.68853,""posy"":1.54138,""posz"":-0.125,""posa"":0,""unit"":0,""stat"":5,""coor"":2,""momo"":3,""dist"":0,""home"":1,""mots"":1,""plan"":0,""line"":764,""path"":2,""frmo"":2,""prbe"":1,""safe"":0,""estp"":0,""spc"":1,""hold"":0,""macs"":5,""cycs"":1,""sps"":12000,""feed"":185.42,""mark"":2030957660}}",5.340712014102355,0.2090021619073832,0.2082533221124162,0.214973506077041,5.340712014102355,0.2090021619073832,0.2082533221124162,0.214973506077041,-0.9865789600000004,0.0367173600000005,-0.00966856,-1.77015876,-0.9687279600000164,0.8455405999999877,-32.0,36.287287839999934,-39.710110680000064,100.1,34.34717936,103.01042004000963,75.10536912000703,76.53859888000716,76.53859888000716,235.340909120022,1120.992920120018,-1.00690924,-0.0773671199999998,0.0408980000000006,5.311512439999996,2.0724992400000315,2.0816873600000005,-3.0,17.0,-94.65204800000004,100.0,32.35238308,49.4141357599946,46.27761395999367,50.80098979999304,27.37857507999622,112.97476287998448,1352.8664512399944,-1.021204000000001,-0.0165641200000005,0.02953788,-5.170190279999989,-8.315396759999997,0.4126032400000035,-14.0,37.0,67.12288587999993,100.0,32.61462236,72.14888571999039,1.7456951199997663,1.3965557199998129,1.3965557199998129,4.076541479999428,1259.4217699200017,-1.0028881200000004,0.1194331200000003,-0.0189072400000001,2.8850295200000056,1.7228535200000012,4.016321760000003,-6.0,31.0,38.0,100.0,33.06227088,127.3360278800055,2.907215080000125,2.907215080000125,2.3257722400001004,6.395873440000276,996.7652198399896,-0.9974966400000022,0.1739377599999997,-0.008685239999999,1.8192272399999527,1.1388154799999874,1.30710411999999,9.56043384000002,7.133013920000167,8.834478639999752,100.0,40.29177464,71.56467559999693,85.27585695999643,60.660145839997455,46.15445911999807,170.1121477599929,1307.9904616799736,-1.00144068,-0.0140974799999997,-0.0037608799999992,0.5115206400000042,1.889502799999974,4.97602048,10.0,-16.0,25.63001707999996,100.0,33.68320112,100.54990099999836,54.63318075999915,49.08727247999919,58.90882059999908,158.67375967999752,1049.935714240007,764,X1.6936 Y1.5749 R0.1188
16:32:08.618,5,765,1.69365,1.5793,-0.125,90.5798,56.99943,-29.1675,,558.8,0,0,,2,1,"{""sr"":{""mpox"":90.5798,""mpoy"":56.99943,""mpoz"":-29.1675,""mpoa"":0,""posx"":1.69365,""posy"":1.5793,""posz"":-0.125,""posa"":0,""unit"":0,""stat"":5,""coor"":2,""momo"":1,""dist"":0,""home"":1,""mots"":1,""plan"":0,""line"":765,""path"":2,""frmo"":2,""prbe"":1,""safe"":0,""estp"":0,""spc"":1,""hold"":0,""macs"":5,""cycs"":1,""sps"":12000,""feed"":558.8,""mark"":2030957660}}",5.123594496350919,0.2007546281003102,0.1890491128320324,0.2026788618016728,5.123594496350919,0.2007546281003102,0.1890491128320324,0.2026788618016728,-0.98801276,0.0431997599999982,-0.0086637199999986,-1.7403495600000656,-0.8669323600000413,0.91626224,-31.44353864000013,36.443538640000135,-39.43924116000014,100.04392404,34.35439216,75.5494176400231,45.68104316001396,46.99876564001436,47.43800680001449,144.9494639200443,1489.5523905600194,-1.0090367600000003,-0.0737500000000004,0.0229927599999993,5.096423400000039,2.034175839999953,2.031681760000008,-3.0,16.08439815999998,-95.08439815999998,100.0,32.35541344,69.29202199998777,73.0814297999871,79.57755671998596,43.30751387999236,177.0194626399688,1571.3044935600535,-0.982726680000002,-0.0165913600000011,0.0014823600000004,-5.570004799999955,-7.968084400000004,0.4985509599999872,-14.0,36.45646576000009,66.8270320000002,100.0,32.62914096,113.05508959998046,2.7176705199995297,2.174136279999624,2.174136279999624,6.522408839998873,1597.070702640037,-0.9910397600000012,0.1179786400000005,-0.0167613599999992,2.8194377599999925,1.7464750000000069,3.999410559999992,-6.0,30.82289384000004,37.0,100.0,33.06124844,104.1373736400109,2.3953978400002525,2.0934245200001587,1.916318360000202,5.269875600000555,1551.5507367600878,-0.951101479999982,0.3320068400000145,-0.0076921199999988,2.036360760000048,1.225392400000032,1.250493720000002,11.60781667999957,7.746892919999664,18.26367459999952,100.0,40.30516496,87.28806199999386,100.20049691999294,71.27664183999498,54.23222771999618,200.4009938399859,2643.070396000012,-1.005991560000001,-0.0082388799999994,0.010923160000003,0.6724143199999816,1.982237600000026,4.958037560000006,10.0,-15.24875647999994,25.24875647999994,100.0,33.68507048,100.900909319997,58.81661075999825,52.73213327999843,63.37996855999811,170.36535479999492,1179.8408283199922,765,G1 X1.6937 Y1.584 F22.
16:32:08.874,5,774,1.70145,1.66646,-0.125,90.77785,59.21342,-29.1675,,558.8,0,0,,2,1,"{""sr"":{""mpox"":90.77785,""mpoy"":59.21342,""mpoz"":-29.1675,""mpoa"":0,""posx"":1.70145,""posy"":1.66646,""posz"":-0.125,""posa"":0,""unit"":0,""stat"":5,""coor"":2,""momo"":1,""dist"":0,""home"":1,""mots"":1,""plan"":0,""line"":774,""path"":2,""frmo"":2,""prbe"":1,""safe"":0,""estp"":0,""spc"":1,""hold"":0,""macs"":5,""cycs"":1,""sps"":12000,""feed"":558.8,""mark"":2030957660}}",5.205646454026586,0.2074829567279216,0.2058166589873535,0.2097257397560355,5.205646454026586,0.2074829567279216,0.2058166589873535,0.2097257397560355,-0.99254564,0.0412085600000005,-0.0205474399999977,-1.7762414400000175,-1.0910589599999818,0.895755160000027,-31.877777119999703,36.00397992,-39.99602008,100.1,34.35442876,66.86119739997791,45.615451559984926,47.38692447998434,47.82979295998419,146.58945923995157,1994.300411519956,-1.014330959999999,-0.0669217600000036,0.0091630800000052,5.427998640000002,2.0191506399999586,2.071952720000015,-3.0,16.0,-94.0,100.0,32.35,73.9635265600159,73.99975380001418,79.94660720001532,44.26548836000849,178.88061936003422,2206.665262039959,-0.9830378800000068,-0.0576658000000105,0.0463934399999983,-5.501892720000028,-7.963915600000007,0.4227865600000014,-13.525971199999876,37.0,67.4568955999999,100.0,32.6193092,113.43975452002132,2.7155218800005096,2.172417480000408,2.172417480000408,6.517253000001222,2359.1734629999705,-1.007832639999995,0.1261033999999924,-0.0147823599999941,2.838108480000018,1.7370253599999983,3.990470720000006,-6.0,31.0,37.86202172000005,100.0,33.04660744,103.56373799998802,2.386261399999724,1.9090090799997792,1.9090090799997792,5.249774679999393,1980.7765588399689,-0.9263530400000016,0.216864359999997,0.022676639999999,1.5670886799999115,1.400015719999925,1.238417919999996,13.611204999999703,13.681552960001053,8.700017759998424,100.0,40.31,86.92711436000646,100.93559984000774,71.43134732000547,54.34993820000417,201.1919705200155,2226.5988549199465,-1.0028869999999994,-0.0090712800000008,0.0098467999999964,0.6701519999999981,1.957352360000028,5.035075719999999,10.0,-15.310098320000082,27.0,100.0,33.68196856,106.73521724000172,59.31345452000184,53.23002344000165,63.67917400000204,171.6600776800054,1723.4705447599738,774,X1.7003 Y1.6705
16:32:09.131,5,784,1.64341,1.7377,-0.125,89.30381,61.02282,-29.1675,,558.8,0,0,,2,1,"{""sr"":{""mpox"":89.30381,""mpoy"":61.02282,""mpoz"":-29.1675,""mpoa"":0,""posx"":1.64341,""posy"":1.7377,""posz"":-0.125,""posa"":0,""unit"":0,""stat"":5,""coor"":2,""momo"":1,""dist"":0,""home"":1,""mots"":1,""plan"":0,""line"":784,""path"":2,""frmo"":2,""prbe"":1,""safe"":0,""estp"":0,""spc"":1,""hold"":0,""macs"":5,""cycs"":1,""sps"":12000,""feed"":558.8,""mark"":2030957660}}",5.301814115676777,0.198231781394341,0.1975083334373132,0.2065252994381551,5.301814115676777,0.198231781394341,0.1975083334373132,0.2065252994381551,-0.9913683,0.0346804999999999,-0.0219983000000002,-1.7351422000000136,-0.9540949000000034,1.0241996999999932,-31.9930553,36.0,-38.61061310000005,100.0993056,34.35,111.15092369999552,70.85871359999715,74.33217999999701,75.72156689999694,230.6381666999907,1186.1084652000095,-1.0055623000000002,-0.0724523,0.0094702999999997,5.331257500000008,1.720379299999997,2.0693953999999994,-2.406726200000024,16.406726200000023,-93.40672620000002,100.0,32.3563918,46.54163230000256,50.14951070000275,53.757389400002936,29.94539150000164,120.14235310000656,1440.767389800008,-1.0006595,-0.0310371999999998,0.0301476000000001,-5.340671299999995,-8.136949699999994,0.4056818000000028,-14.0,37.0,67.0,100.0,32.6204803,75.35592480000403,1.8114403000000971,1.449152300000078,1.449152300000078,3.9851693000002135,1496.8711890000068,-1.0091816999999994,0.1478283000000008,-0.0067076000000001,2.8923908999999983,1.6537228000000004,4.086226699999997,-6.0,31.47726909999998,37.09381780000001,100.0,33.0595167,124.88033649999768,2.8554331999999474,2.284346299999958,2.284346299999958,6.281952999999885,1347.2630191000126,-1.0008124999999972,0.1066998000000018,0.007964499999999,1.3185731999999992,1.375418500000001,1.2010185999999965,11.772780300000065,5.890134500000041,4.76761089999984,100.0,40.3289071,77.02168640000134,86.8163520000015,61.43926420000106,46.74726630000081,172.742280300003,1770.5402504000267,-1.0060465,-0.0151635000000001,-0.0071880000000001,0.5170847000000003,2.206736499999994,4.931179500000002,10.133312800000011,-15.0,27.25657529999997,100.0,33.683899,107.27989020000072,56.26234230000038,50.06394870000034,60.0767384000004,162.5886336000011,1031.4962582000046,784,X1.6344 Y1.7426
16:32:09.388,5,791,1.55203,1.75798,-0.125,86.98259,61.53791,-29.1675,,558.8,0,0,,2,1,"{""sr"":{""mpox"":86.98259,""mpoy"":61.53791,""mpoz"":-29.1675,""mpoa"":0,""posx"":1.55203,""posy"":1.75798,""posz"":-0.125,""posa"":0,""unit"":0,""stat"":5,""coor"":2,""momo"":1,""dist"":0,""home"":1,""mots"":1,""plan"":0,""line"":791,""path"":2,""frmo"":2,""prbe"":1,""safe"":0,""estp"":0,""spc"":1,""hold"":0,""macs"":5,""cycs"":1,""sps"":12000,""feed"":558.8,""mark"":2030957660}}",5.222738023610732,0.1807375814836589,0.1880663738120368,0.2016398387280322,5.222738023610732,0.1807375814836589,0.1880663738120368,0.2016398387280322,-0.9896980400000002,0.0374212799999988,-0.0235098800000031,-2.0039072000000338,-1.03767828,0.9058180400000048,-31.16423207999992,36.0,-40.82521416000007,100.09947248,34.35835748,23.951497879988512,16.587439079992066,17.57283171999159,17.901295879991434,54.5250473599739,2111.966721519993,-1.0101222,-0.0614878399999977,0.0234031600000009,5.499804679999985,1.7060723200000014,2.057317120000004,-2.976002240000012,17.0,-92.31388527999992,100.0,32.36710136,70.51820396000444,103.4855263600078,110.09251704000832,62.37536064000472,247.37110596001864,2249.7831614400266,-1.033235760000005,-0.03247212,-0.0240807600000012,-5.458945480000007,-7.984346480000001,0.5164810000000066,-13.025171999999989,36.29172459999993,66.70827540000008,100.0,32.62025168,152.68300072001128,3.6672386800002728,2.9337912800002184,2.9337912800002184,8.067925600000601,2344.876275040012,-0.9912180399999988,0.1159371599999966,0.0056654400000007,2.9255062399999896,1.747114800000002,3.953186760000008,-5.050464959999975,30.425639919999945,37.37517495999997,100.0,33.06750372,82.53841555999354,1.8758734399998536,1.500698319999883,1.500698319999883,4.126920839999678,1665.419589239999,-0.968241680000001,0.424633079999998,-0.098387839999996,3.829824839999896,1.5667711200000234,1.099,10.53892268000018,-3.7781442400001946,-1.1032093999996826,100.0,40.33409448,99.84850180000328,114.56241020000418,81.49284876000297,62.005428360002256,229.0666551200084,2860.57815456003,-0.9991055999999996,-0.0111181600000009,0.009366599999998,0.3822944799999784,1.8451957600000064,4.97681908,10.0,-15.53801636000001,26.0,100.0,33.68461971999999,93.0767521600015,63.48587728000104,57.02968632000092,68.3280198400011,184.468050800003,1943.1482892800216,791,X1.5463 Y1.7576
16:32:09.647,5,798,1.46425,1.72665,-0.125,84.75308,60.74215,-29.1675,,558.8,0,0,,2,1,"{""sr"":{""mpox"":84.75308,""mpoy"":60.74215,""mpoz"":-29.1675,""mpoa"":0,""posx"":1.46425,""posy"":1.72665,""posz"":-0.125,""posa"":0,""unit"":0,""stat"":5,""coor"":2,""momo"":1,""dist"":0,""home"":1,""mots"":1,""plan"":0,""line"":798,""path"":2,""frmo"":2,""prbe"":1,""safe"":0,""estp"":0,""spc"":1,""hold"":0,""macs"":5,""cycs"":1,""sps"":12000,""feed"":558.8,""mark"":2030957660}}",5.315495634774619,0.2017453465742291,0.2085515184549382,0.2056248762115021,5.315495634774619,0.2017453465742291,0.2085515184549382,0.2056248762115021,-0.9870214000000002,0.0417325599999989,-0.0120650600000002,-1.83101692,-0.7998273000000277,0.8580991800000166,-31.02236768000009,36.00013868,-40.97735495999992,100.09777669999998,34.35000138,151.55287403998602,97.776982799991,104.62151943999037,106.57706241999018,324.6200422799701,1537.1833985800413,-1.0108233800000002,-0.0726564200000001,0.0350967999999999,4.888448999999988,1.832274840000048,1.9519621999999957,-3.0,16.14923733999999,-94.1322241399999,100.0,32.36149254,19.57575522000592,23.77380432000908,24.954570340009603,14.29753308000546,56.392906040021685,1616.3736187600098,-1.0102384599999992,-0.036838939999999,0.0267837999999994,-5.10336122000001,-7.947517720000013,0.4186076600000055,-14.0,37.0,67.84551476000001,100.0,32.63828644,35.5120641600131,0.8569629400003127,0.6855703600002502,0.6855703600002502,1.885317500000688,1542.103818500032,-1.0219165799999983,0.1254936599999995,-0.0105961600000004,2.886906039999994,1.6636566200000007,3.925582880000002,-5.692706300000029,30.32103812000004,37.32103812000003,100.0,33.06706416,148.69266531999256,3.39480935999983,2.715847479999864,2.715847479999864,7.468581559999627,1697.8094816199757,-0.8731419000000004,0.3912394400000209,-0.0654291199999986,2.941134480000155,1.460568360000025,1.0778125600000057,9.669254579999702,0.4363119200003134,6.38052247999913,100.0,40.3501271,60.82330274000426,72.68804424000474,51.44076982000337,39.13971642000256,145.0033287800095,1634.8793065800212,-1.0038345200000007,-0.0027374200000003,0.0095450200000012,0.440786580000003,2.000213419999997,4.979190480000005,10.43415469999996,-15.011049060000053,26.0,100.0,33.6742309,59.44864098000642,52.97919608000119,47.2026020800011,56.98602604000128,153.16099424000348,1354.850672560004,798,X1.4554 Y1.7202
16:32:09.903,5,804,1.4036,1.65507,-0.125,83.21257,58.92393,-29.1675,,558.8,0,0,,2,1,"{""sr"":{""mpox"":83.21257,""mpoy"":58.92393,""mpoz"":-29.1675,""mpoa"":0,""posx"":1.4036,""posy"":1.65507,""posz"":-0.125,""posa"":0,""unit"":0,""stat"":5,""coor"":2,""momo"":1,""dist"":0,""home"":1,""mots"":1,""plan"":0,""line"":804,""path"":2,""frmo"":2,""prbe"":1,""safe"":0,""estp"":0,""spc"":1,""hold"":0,""macs"":5,""cycs"":1,""sps"":12000,""feed"":558.8,""mark"":2030957660}}",5.037455611353614,0.1990664403559682,0.2025663811555226,0.2026751253493337,5.037455611353614,0.1990664403559682,0.2025663811555226,0.2026751253493337,-0.9879972,0.0455502199999993,-0.0141286599999991,-1.700444339999996,-0.8630471600000043,0.9335453200000082,-31.85689577999993,36.85689577999994,-39.28620830000013,100.1,34.369985719999995,21.608704860010143,14.167296540006648,15.312129020007186,15.741440680007386,47.5105304800223,1793.9911590399884,-1.0000472999999994,-0.0800257199999996,0.0436477199999996,5.554303799999988,1.7561147799999888,2.044652259999994,-3.0,16.12965789999999,-94.8703421,100.0,32.36248786,114.18942393999274,108.93070007999307,113.4381778799928,65.35842021999585,256.9262040799837,1862.8948684999896,-1.0033761799999998,-0.0231589600000002,0.0206132599999993,-5.26254712,-8.15742907999999,0.6324619399999949,-13.86799258000001,37.117873980000056,66.24988140000005,100.0,32.64382354,156.7748016799902,3.750592999999765,3.000474399999812,3.000474399999812,8.251305599999483,2047.715025719977,-1.0079078999999993,0.1244273999999995,-0.0146532400000001,2.924154999999997,1.576395600000006,4.089,-5.904180359999954,30.095819640000048,37.0,100.0,33.06365168000001,79.51110534000547,1.8258470200001269,1.460677100000101,1.460677100000101,4.016863240000279,2028.290213639985,-0.804436160000001,0.5903462799999913,-0.005943940000002,2.94709389999998,1.2817060200000132,1.3075826599999936,7.431525939999987,4.924842660000186,6.614532659999858,100.0,40.33402394,99.7945938999969,116.52662091999638,83.06256601999742,62.74510407999805,232.4556707599928,2702.8352571399755,-1.0043709399999998,-0.0113354000000004,0.0106383199999987,0.4489945199999944,1.8649719400000064,4.924813439999994,10.38140139999997,-16.0,24.61859860000003,100.0,33.670773360000005,108.7931369199985,64.40986719999911,57.914754499999205,69.28120161999904,186.73448961999745,1264.4152760199966,804,X1.4014 Y1.6506
16:32:10.161,5,810,1.38549,1.56322,-0.125,82.75247,56.591,-29.1675,,558.8,0,0,,2,1,"{""sr"":{""mpox"":82.75247,""mpoy"":56.591,""mpoz"":-29.1675,""mpoa"":0,""posx"":1.38549,""posy"":1.56322,""posz"":-0.125,""posa"":0,""unit"":0,""stat"":5,""coor"":2,""momo"":1,""dist"":0,""home"":1,""mots"":1,""plan"":0,""line"":810,""path"":2,""frmo"":2,""prbe"":1,""safe"":0,""estp"":0,""spc"":1,""hold"":0,""macs"":5,""cycs"":1,""sps"":12000,""feed"":558.8,""mark"":2030957660}}",5.348682196428124,0.2097613328332926,0.2092884497503716,0.2096566646956727,5.348682196428124,0.2097613328332926,0.2092884497503716,0.2096566646956727,-0.9959488000000004,0.0527118000000007,-0.0071979999999997,-1.8308812,-1.0134173999999931,0.9344471999999966,-32.0,36.302411899999946,-40.0,100.1,34.363043399999995,99.74145580000804,68.36362360000551,74.64191620000601,76.73467980000618,232.29680410001868,1852.9567000000056,-1.0053033999999996,-0.0799549,0.0573721999999987,5.264766499999986,1.846515399999997,2.0858231000000043,-3.0,17.0,-95.25434899999996,100.0,32.356410100000005,57.3167510999935,52.41016829999421,54.56401029999397,31.58968999999651,123.7413204999863,2027.525120099995,-0.9959053999999986,-0.0265659000000009,0.0153839999999992,-5.06574879999998,-8.140278699999998,0.3763563999999925,-14.0,37.0,67.8878656,100.0,32.6377572,76.69670779999184,1.826112099999806,1.4608892999998446,1.4608892999998446,4.017446399999573,1805.875653899996,-1.0005124,0.1131276999999996,-0.0149481999999995,2.848385100000003,1.761899600000001,4.089,-6.0,30.42583819999998,37.57416180000002,100.0,33.0585166,125.16720220000455,2.870807600000105,2.296645800000084,2.296645800000084,6.3157766000002304,2032.8842190999808,-0.7911696999999978,0.1477608999999872,0.0028626000000007,0.6466585999999658,1.4654797000000166,1.2509493999999974,11.190157099999965,14.727429399999895,10.197151799999894,100.0,40.3255531,74.19863389999759,86.71086839999701,61.809285199997866,46.69046759999839,172.72255129999402,2459.0033713999896,-1.0033236,-0.0121443000000003,-0.0018498000000007,0.5287476000000039,1.935289999999993,5.009055699999996,10.0,-15.62233920000005,25.78834270000002,100.0,33.6716599,92.3221908999992,57.26074879999926,51.05750119999934,61.078131899999214,165.10182599999786,1290.191348399999,810,X1.3855 Y1.5625
16:32:10.425,5,817,1.4148,1.47267,-0.125,83.49705,54.29109,-29.1675,,558.8,0,0,,2,1,"{""sr"":{""mpox"":83.49705,""mpoy"":54.29109,""mpoz"":-29.1675,""mpoa"":0,""posx"":1.4148,""posy"":1.47267,""posz"":-0.125,""posa"":0,""unit"":0,""stat"":5,""coor"":2,""momo"":1,""dist"":0,""home"":1,""mots"":1,""plan"":0,""line"":817,""path"":2,""frmo"":2,""prbe"":1,""safe"":0,""estp"":0,""spc"":1,""hold"":0,""macs"":5,""cycs"":1,""sps"":12000,""feed"":558.8,""mark"":2030957660}}",5.306050063915531,0.2049671144981908,0.2027216126047406,0.2110218321378648,5.306050063915531,0.2049671144981908,0.2027216126047406,0.2110218321378648,-0.9864926999999986,0.0407390399999983,-0.0107188000000006,-1.5973103600000096,-1.006653980000029,0.9360332400000192,-32.16620598000016,36.58380856000008,-39.00141114,100.1,34.37,90.85399802001228,57.074947460007714,62.31652408000842,64.06371676000866,193.9383421200262,1561.8840919000024,-1.0007782799999998,-0.0800314999999997,0.0558193799999995,5.245259459999969,2.0631862600000344,2.069241159999985,-3.0,16.983457860000133,-95.49172864000006,100.00637476,32.35221878,68.90143167999142,65.34522847999186,67.56785551999158,39.56275725999507,153.80577585998086,2134.296860160026,-1.0040308799999973,-0.0186071400000003,0.0287725199999997,-5.278866319999998,-8.265908600000005,0.4729930599999948,-13.0,37.0,66.55691376000006,100.0,32.62933892,92.1619766799886,2.2154320399997256,1.772345799999781,1.772345799999781,4.873950319999396,2208.84070344003,-1.0005394599999995,0.1304368400000002,-0.0146965399999994,2.7717928599999944,1.6356124199999986,4.023717579999997,-5.531185260000029,31.0,36.73455293999992,100.0,33.05132888,116.32958388000644,2.6559263000001474,2.124741040000118,2.124741040000118,5.843038280000324,1795.1443317800015,-0.9216311599999945,0.5084017600000198,-0.0359345000000038,3.640955339999947,1.4092324399999565,1.0661731799999947,12.496961120000044,6.854170339999518,15.320008260001227,100.0,40.29041196,85.33442685999624,93.48434383999589,66.63755785999706,50.33772347999778,186.0098738199918,2374.56921224004,-1.0113383800000002,-0.0048794200000008,0.0363674200000018,0.5388883599999865,1.8671777200000024,4.925395019999998,10.186543839999963,-15.321913920000044,25.695001179999974,100.0,33.68186564,94.37613291999833,58.985083239998936,52.59503285999906,62.91742199999887,169.58211427999694,1291.9929675400156,817,X1.4208 Y1.4636
16:32:10.683,5,823,1.48342,1.40842,-0.125,85.23998,52.65921,-29.1675,,558.8,0,0,,2,1,"{""sr"":{""mpox"":85.23998,""mpoy"":52.65921,""mpoz"":-29.1675,""mpoa"":0,""posx"":1.48342,""posy"":1.40842,""posz"":-0.125,""posa"":0,""unit"":0,""stat"":5,""coor"":2,""momo"":1,""dist"":0,""home"":1,""mots"":1,""plan"":0,""line"":823,""path"":2,""frmo"":2,""prbe"":1,""safe"":0,""estp"":0,""spc"":1,""hold"":0,""macs"":5,""cycs"":1,""sps"":12000,""feed"":558.8,""mark"":2030957660}}",5.360347104872432,0.207372237021469,0.2064125158280504,0.2056118898131879,5.360347104872432,0.207372237021469,0.2064125158280504,0.2056118898131879,-0.9912890000000004,0.0395708200000004,-0.0030374799999996,-1.843904279999992,-1.03676716,0.8848256999999945,-32.0,36.9959707,-39.48511289999991,100.07385228,34.37738552,40.813950360007,25.62434472000439,27.97760146000479,28.762019880004924,87.07047806001492,1495.1848764399845,-1.00618982,-0.07078004,0.0150886800000002,5.517530520000009,1.689297939999992,2.01641436,-2.409899880000046,16.370322160000036,-93.33074444000005,100.0,32.3429119,102.86742727999508,98.38052817999534,102.39606031999514,59.563721459997176,231.56233219998904,1807.727903459994,-0.9882648599999996,-0.0414035200000006,0.0090177199999992,-5.737328319999987,-7.977895020000012,0.5465814599999939,-13.0,38.0,67.04134754,100.0,32.62,137.57406729999357,3.336165359999844,2.668932739999875,2.668932739999875,7.339564339999656,1777.0050021000002,-1.0031046600000004,0.1275735999999998,-0.0074431600000001,2.881009099999994,1.683987819999999,4.050106899999992,-5.918500659999986,30.08149934000001,37.0,100.0,33.06426944,89.3869372800037,2.050159080000085,1.640127220000068,1.640127220000068,4.510350020000187,1344.5691209600036,-0.9429747000000024,0.5375930999999955,-0.0198968400000007,3.304273399999925,1.5058469199999984,1.1792317999999935,5.66314508000016,3.485012360000099,-1.3068793800000371,100.0,40.274699,91.14511669999796,110.0528243599976,78.44791083999829,59.2592130999987,219.5412747599952,2270.340161139973,-1.0007883999999998,-0.0121640200000003,0.0048844599999985,0.4124150400000093,2.051490359999999,4.875085879999996,10.0,-15.590438860000026,26.474434400000007,100.0,33.67883988,105.05157037999912,63.067870839999415,56.23551811999948,67.27239559999937,180.91056771999837,1179.6818354999996,823,X1.4898 Y1.4049
16:32:10.940,5,829,1.57386,1.38491,-0.125,87.5371,52.06206,-29.1675,,558.8,0,0,,2,1,"{""sr"":{""mpox"":87.5371,""mpoy"":52.06206,""mpoz"":-29.1675,""mpoa"":0,""posx"":1.57386,""posy"":1.38491,""posz"":-0.125,""posa"":0,""unit"":0,""stat"":5,""coor"":2,""momo"":1,""dist"":0,""home"":1,""mots"":1,""plan"":0,""line"":829,""path"":2,""frmo"":2,""prbe"":1,""safe"":0,""estp"":0,""spc"":1,""hold"":0,""macs"":5,""cycs"":1,""sps"":12000,""feed"":558.8,""mark"":2030957660}}",5.082162206388134,0.1899016544347316,0.2032817087732509,0.2083172355942948,5.082162206388134,0.1899016544347316,0.2032817087732509,0.2083172355942948,-0.99567096,0.0398454399999998,0.0057768799999994,-1.5782212399999904,-0.7704806799999931,0.9308725999999972,-31.99449384,37.0,-38.011012320000006,100.1,34.37005544,128.6753661200033,85.7835771600022,93.66166088000242,96.28768916000249,291.48909476000745,1456.0093010000005,-1.0096008799999998,-0.0791879199999998,0.0239989599999994,5.449236600000003,1.7377016399999932,2.028225119999999,-3.766801920000016,16.0,-93.98216608,100.0,32.35515768,43.37476735999703,34.28005859999765,35.67924455999754,20.75459311999858,80.68639595999446,1581.6325490800002,-0.983014,-0.0231281600000001,0.0006807200000001,-5.233090039999997,-7.92610192,0.3940303599999941,-13.25895815999998,37.759888920000016,66.51977784000003,100.0,32.62722196,50.18320851999676,1.200555519999922,0.9604444399999376,0.9604444399999376,2.641221119999829,1475.1410968800012,-0.9903215599999996,0.0859826799999996,0.0007345999999999,2.7413848399999967,1.7919611199999994,3.92796112,-6.0,30.96241480000001,36.60240312000001,100.0,33.044352239999995,138.91503168000182,3.199941600000042,2.559953280000033,2.559953280000033,7.0398706400000925,1304.0351512399998,-0.97523304,0.1027012399999991,-0.0256986000000007,2.383383960000014,1.5297021199999916,1.0584428799999992,8.037235559999962,-10.550361599999984,1.9337138799998488,100.0,40.28044124,64.97535835999902,77.73125735999882,55.40843451999916,41.85529251999937,154.66527007999764,1609.4106878000025,-1.00062736,-0.01028388,-0.0078214399999993,0.525919439999998,2.053810240000003,4.929361040000002,10.0,-15.539450160000005,26.0,100.0,33.684857599999994,115.1375484399994,54.80547315999972,48.81832043999975,58.4898742799997,157.9687162799992,1336.3263129200025,829,X1.5782 Y1.3848
16:32:11.196,5,835,1.6647,1.40745,-0.125,89.84439,52.63453,-29.1675,,558.8,0,0,,2,1,"{""sr"":{""mpox"":89.84439,""mpoy"":52.63453,""mpoz"":-29.1675,""mpoa"":0,""posx"":1.6647,""posy"":1.40745,""posz"":-0.125,""posa"":0,""unit"":0,""stat"":5,""coor"":2,""momo"":1,""dist"":0,""home"":1,""mots"":1,""plan"":0,""line"":835,""path"":2,""frmo"":2,""prbe"":1,""safe"":0,""estp"":0,""spc"":1,""hold"":0,""macs"":5,""cycs"":1,""sps"":12000,""feed"":558.8,""mark"":2030957660}}",5.384139893305197,0.2067669702699434,0.2035434916058092,0.2008213610679377,5.384139893305197,0.2067669702699434,0.2035434916058092,0.2008213610679377,-0.99499,0.047974,-0.027052,-1.649895,-0.977,0.975732,-32.994823,37.005177,-39.0,100.1,34.37,0.724756,0.507329,0.553921,0.569451,1.718707,2013.67386,-1.003,-0.067845,-0.004946,5.441458,1.737374,1.981374,-3.0,16.0,-94.84495,100.0,32.35,176.594637,123.362761,128.432463,74.355637,291.507894,1990.406902,-1.008394,-0.017394,0.019774,-5.136448,-8.267362,0.413242,-14.0,38.0,68.0,100.0,32.621549,174.092515,4.225546,3.380437,3.380437,9.296202,2221.627622,-1.010569,0.114482,-0.013,2.910693,1.606307,4.028,-6.0,30.316515,35.316515,100.0,33.056835,69.000233,1.582574,1.266059,1.266059,3.798178,1920.040646,-0.996793,0.392073,0.052439,2.433558,1.472304,1.215244,11.364789,9.704212,-5.892948,100.0,40.293648,103.539327,123.866067,87.659063,66.697113,246.461712,2234.429246,-1.004999,-0.008557,-0.002999,0.325355,1.864882,4.977882,10.0,-16.0,25.444565,100.0,33.684446,137.748002,66.096823,58.876162,70.540307,189.403502,1230.979469,835,X1.666 Y1.4081
16:32:11.454,5,842,1.73364,1.47051,-0.125,91.5956,54.23632,-29.1675,,558.8,0,0,,2,1,"{""sr"":{""mpox"":91.5956,""mpoy"":54.23632,""mpoz"":-29.1675,""mpoa"":0,""posx"":1.73364,""posy"":1.47051,""posz"":-0.125,""posa"":0,""unit"":0,""stat"":5,""coor"":2,""momo"":1,""dist"":0,""home"":1,""mots"":1,""plan"":0,""line"":842,""path"":2,""frmo"":2,""prbe"":1,""safe"":0,""estp"":0,""spc"":1,""hold"":0,""macs"":5,""cycs"":1,""sps"":12000,""feed"":558.8,""mark"":2030957660}}",5.13622790175553,0.1930555394801713,0.19665615047598,0.2005882724952368,5.13622790175553,0.1930555394801713,0.19665615047598,0.2005882724952368,-0.9906681200000002,0.0498305200000005,-0.0123040399999988,-1.984641320000043,-1.1304772400000431,0.9669731200000048,-32.0,37.0,-38.83465844000008,100.09990304,34.37,121.16988664001138,82.72713892000777,89.41216048000841,91.08341512000857,276.59275664002604,1779.6146315200108,-1.0146876000000002,-0.0759838800000001,0.0359662400000009,5.305060040000028,1.811024759999984,1.952499320000005,-3.0,16.136148799999933,-94.8720638,100.0,32.34264076,41.46484379998999,38.29235795999194,40.00480615999162,23.103350839995176,90.445084439981,1476.9292902399711,-0.9802128399999986,-0.03832536,0.0016741999999995,-5.17641448,-8.132845520000028,0.35439895999999,-14.46011864000011,38.0,67.8649658,100.0,32.63460132,56.01273651998878,1.3497027999997284,1.079762039999783,1.079762039999783,2.969346199999402,1427.6280429199855,-1.0063139200000004,0.1194398799999999,-0.0152029600000002,2.7341924800000044,1.804969559999996,4.038771359999985,-6.62667016000003,31.0,37.0,100.0,33.0526334,135.98739624000643,3.133350280000149,3.133350280000149,2.506679960000119,7.520040040000357,1416.6748441999855,-0.97645572,0.2912333999999884,-0.0237218399999969,3.268106079999336,1.689300920000061,1.0971967599999977,12.0,19.27453928000068,6.047789559998667,100.0,40.25,68.24484383999592,80.06962739999591,56.66465947999711,43.1144150399978,159.00855727999183,1770.4263412000137,-1.0070923200000002,-0.006127479999999,0.0211518400000016,0.4305603600000016,1.808230959999998,4.868382040000001,9.462368559999993,-15.0,26.0,100.0,33.68,88.10057687999794,54.55952531999894,48.54873015999906,58.25847615999887,156.65393515999702,1308.328017920007,842,X1.7429 Y1.4857
16:32:11.711,5,845,1.77344,1.55623,-0.125,92.60651,56.4134,-29.1675,,558.8,0,0,,2,1,"{""sr"":{""mpox"":92.60651,""mpoy"":56.4134,""mpoz"":-29.1675,""mpoa"":0,""posx"":1.77344,""posy"":1.55623,""posz"":-0.125,""posa"":0,""unit"":0,""stat"":5,""coor"":2,""momo"":1,""dist"":0,""home"":1,""mots"":1,""plan"":0,""line"":845,""path"":2,""frmo"":2,""prbe"":1,""safe"":0,""estp"":0,""spc"":1,""hold"":0,""macs"":5,""cycs"":1,""sps"":12000,""feed"":558.8,""mark"":2030957660}}",5.39271069455559,0.2015944319764543,0.2124447800244902,0.2141910284008533,5.39271069455559,0.2015944319764543,0.2124447800244902,0.2141910284008533,-0.9906898,0.0569330999999999,-0.007997,-1.7464422000000035,-0.799751000000012,1.0862288999999932,-32.0,36.003041700000004,-39.297778800000025,100.1,34.376076999999995,42.11484240000392,30.0820298000028,32.187772400003,32.789413100003046,99.57151970000928,1572.9452374000066,-1.0112728000000002,-0.0738768000000004,0.0123274999999999,5.2731548999999935,1.924695199999999,2.015543499999996,-3.0,16.255342300000024,-94.59365219999997,100.0,32.344640000000005,114.61736039999644,91.56582429999716,96.688387799997,55.06755839999828,218.3492731999932,2145.777388100005,-1.0042742000000011,-0.0317223999999997,0.0061938999999999,-5.540097499999986,-8.028726399999998,0.4918345999999981,-14.27746409999996,37.74603259999998,66.74603259999998,100.0,32.616152400000004,130.94011639999596,3.1936615999999014,2.554929199999921,2.554929199999921,7.026054899999783,1880.5453796000077,-1.0041031000000005,0.1202728000000008,-0.0089208999999998,2.858963600000003,1.686426300000002,4.028,-6.781124700000009,31.0,37.57559139999999,100.0,33.0678111,91.87778470000232,2.122042700000053,2.122042700000053,1.6976341000000423,5.092903300000128,2070.063926700009,-0.9507810999999998,0.3020388000000033,0.0055529999999988,2.5239735999999486,1.633655499999991,1.2325890000000013,14.72499249999995,10.120654999999832,18.717220099999835,100.0,40.2251506,91.15880609999876,107.73313469999852,76.24191079999896,58.010149299999206,214.3613139999971,2515.712669600003,-1.0028337,-0.0190201999999999,-0.0115784999999994,0.4740745000000025,1.9134832000000024,4.916023400000002,10.687315600000012,-14.687315600000012,27.0,100.0,33.68,118.6932552999993,60.90838109999964,54.66136729999968,65.0730565999996,175.43696049999895,1315.1825680000056,845,X1.7752 Y1.5618
16:32:11.968,5,850,1.78177,1.64977,-0.125,92.81808,58.78949,-29.1675,,558.8,0,0,,2,1,"{""sr"":{""mpox"":92.81808,""mpoy"":58.78949,""mpoz"":-29.1675,""mpoa"":0,""posx"":1.78177,""posy"":1.64977,""posz"":-0.125,""posa"":0,""unit"":0,""stat"":5,""coor"":2,""momo"":1,""dist"":0,""home"":1,""mots"":1,""plan"":0,""line"":850,""path"":2,""frmo"":2,""prbe"":1,""safe"":0,""estp"":0,""spc"":1,""hold"":0,""macs"":5,""cycs"":1,""sps"":12000,""feed"":558.8,""mark"":2030957660}}",5.199840689363465,0.186237279839475,0.1821187652633006,0.2043652088296162,5.199840689363465,0.186237279839475,0.1821187652633006,0.2043652088296162,-0.99144072,0.0462064799999992,-0.0139804799999986,-1.6928124399998845,-0.8005866400000177,1.0035315599999912,-32.0,36.00284812,-38.99715188,100.09971532,34.37440668,79.4594971600207,56.49063196001473,59.84651092001562,60.9622896000159,185.1298170800483,1880.1183627199784,-1.0147930399999998,-0.0824920400000014,0.0369919600000013,5.401733680000019,1.9863749600000176,1.9808465599999936,-3.0,16.0,-94.08336720000004,100.0,32.34833288,96.7618935599763,64.44989215998545,68.4750263199845,38.80251535999121,153.9239274399652,2130.0101978,-1.029421720000007,-0.0260745200000063,0.0082773999999978,-5.228000039999984,-8.09282755999996,0.5154907600000047,-13.911413039999976,37.372163879999874,67.91141303999997,100.0,32.6171644,95.09182899997911,2.303753639999492,1.8430027999995933,1.8430027999995933,5.068258559998882,2077.067754600001,-1.0567368800000043,0.0710055600000041,-0.0067105200000025,2.8204408399999754,1.7197553600000028,4.092150400000012,-7.0,31.0,36.52269660000005,100.0,33.0687534,113.9479058800119,2.613484440000273,2.613484440000273,2.0907868400002183,6.272361520000654,1877.602740280065,-0.9058825199999808,0.304054959999991,-0.0485055200000103,1.4773326800005009,1.7989965200000049,1.1938591200000002,9.380184320000028,0.9737024799988448,9.07539100000189,100.0,40.22279488,84.65044731999251,94.0495139199923,66.90120059999452,50.90308743999583,187.4089361199846,2432.3187299200717,-1.0042806000000006,-0.0154538399999986,-0.0160020799999997,0.4870576000000141,2.014942399999986,5.0511372400000045,10.243653079999918,-15.243653079999918,27.493194119999984,100.0,33.68,85.49557159999539,57.46005239999821,51.29218259999834,61.15606375999802,164.97635823999474,1701.4657055200191,850,X1.7817 Y1.6505
16:32:12.226,5,856,1.74837,1.73771,-0.125,91.96972,61.02304,-29.1675,,558.8,0,0,,2,1,"{""sr"":{""mpox"":91.96972,""mpoy"":61.02304,""mpoz"":-29.1675,""mpoa"":0,""posx"":1.74837,""posy"":1.73771,""posz"":-0.125,""posa"":0,""unit"":0,""stat"":5,""coor"":2,""momo"":1,""dist"":0,""home"":1,""mots"":1,""plan"":0,""line"":856,""path"":2,""frmo"":2,""prbe"":1,""safe"":0,""estp"":0,""spc"":1,""hold"":0,""macs"":5,""cycs"":1,""sps"":12000,""feed"":558.8,""mark"":2030957660}}",5.352945848340335,0.2015692632030844,0.2084299449398011,0.2091846665280609,5.352945848340335,0.2015692632030844,0.2084299449398011,0.2091846665280609,-0.9951935999999998,0.0359951999999997,0.0021535999999992,-1.8059972000000035,-0.7820109999999932,0.8670676000000069,-32.0,36.993973,-40.58409480000005,100.0596146,34.375961600000004,90.61465500000853,60.80720300000571,63.78794800000598,64.38409700000605,196.7291848000185,1310.2981505999735,-1.0143183999999992,-0.0741681999999998,0.0240607999999999,5.34657899999999,1.7551288000000025,1.9802346000000035,-3.0,16.50741220000005,-93.61448219999994,100.0,32.3549258,94.0976349999914,59.99803299999452,64.31443859999413,35.82616339999673,144.59957639998677,1600.950524399984,-0.9788016000000008,-0.0246177999999989,-0.0025308000000002,-5.349814999999985,-8.037035000000026,0.4472883999999806,-13.0,38.0,65.18608519999998,100.0,32.6255582,88.94666619999194,2.158899599999804,1.7271197999998436,1.7271197999998436,4.74957959999957,1415.4816311999948,-1.015034600000001,0.1086459999999972,-0.0008003999999993,2.837819600000005,1.6654298000000036,4.057819600000005,-6.873675200000018,30.12632479999998,36.0,100.0,33.0542848,116.54484340000452,2.691949200000105,2.691949200000105,2.153559400000084,6.460677600000253,1303.9984583999928,-0.9592800000000018,0.2179241999999914,-0.0087849999999985,2.099875199999971,1.2626675999999986,1.1219165999999954,12.475136599999985,-0.2737492000002153,-2.4454483999992496,100.0,40.2485408,79.34780019999747,92.17648619999706,65.56884079999791,49.8893355999984,183.8778359999941,1629.504958599999,-1.0051286,-0.0191323999999998,0.0005230000000011,0.5207344000000012,2.0644698000000004,5.066,8.538336000000287,-12.641121200000416,21.66724840000069,100.0,33.68,113.6552713999986,56.5837399999993,50.24245919999938,59.99827659999926,161.946566599998,1171.091809399991,856,X1.7456 Y1.742
16:32:12.483,5,862,1.68039,1.80201,-0.125,90.24299,62.65625,-29.1675,,558.8,0,0,,2,1,"{""sr"":{""mpox"":90.24299,""mpoy"":62.65625,""mpoz"":-29.1675,""mpoa"":0,""posx"":1.68039,""posy"":1.80201,""posz"":-0.125,""posa"":0,""unit"":0,""stat"":5,""coor"":2,""momo"":1,""dist"":0,""home"":1,""mots"":1,""plan"":0,""line"":862,""path"":2,""frmo"":2,""prbe"":1,""safe"":0,""estp"":0,""spc"":1,""hold"":0,""macs"":5,""cycs"":1,""sps"":12000,""feed"":558.8,""mark"":2030957660}}",5.135455201057236,0.1910620796793874,0.2005696471567752,0.2021045587714738,5.135455201057236,0.1910620796793874,0.2005696471567752,0.2021045587714738,-0.9914693199999998,0.0345625000000002,0.0081860599999956,-1.63937436000005,-0.9323160800000072,0.8839414199999854,-31.74622411999988,37.0,-39.73709399999988,100.1,34.37258336,42.80796198001921,27.079274920012143,28.130896920012603,28.39380266001273,86.75884198003891,1784.44406929996,-0.9990278000000008,-0.0689789000000026,0.0454214999999992,5.38019114000002,1.8799320999999944,2.037055699999991,-3.0,16.039566540000017,-94.0,100.0,32.35669238,146.35669759998166,91.7197982399886,99.04141845998764,54.24466715999326,221.5443595199724,2165.545402699924,-0.9799577399999996,0.0143681399999901,0.022857180000004,-5.294643239999997,-7.990597600000002,0.46766814000001,-13.0,38.0,67.04079712000002,100.0,32.62374108,137.91614841998296,3.3332785799995883,2.6666227599996715,2.6666227599996715,7.333213459999095,2181.831179179901,-1.028150639999995,0.1248989999999928,-0.0147602199999959,2.915093419999993,1.827104559999988,4.093045200000003,-6.409742460000045,30.491199680000083,37.32828550000001,100.0,33.07099032,88.91417104000969,2.0487135600002238,2.0487135600002238,1.6389711000001788,4.916912300000536,1811.2156204599448,-0.9135000200000026,0.2480112200000137,-0.0306148400000038,3.1734740800000587,1.3379187800000376,1.3099459599999996,9.181862840000155,3.0013895200003646,5.254052919999245,100.0,40.26095784,97.22018551999442,109.90735501999386,77.78059017999566,59.1808836199967,218.68745595998777,2139.955002999929,-1.007535220000001,-0.0096409399999985,0.0183573600000008,0.4909684799999984,1.9328287199999783,5.026988759999997,10.0,-15.115191440000054,26.181712440000133,100.0,33.68,121.86420613999756,60.298550539998494,54.00652767999865,64.49323251999839,173.14581427999573,1645.9581953000054,862,X1.6672 Y1.8094
16:32:12.740,5,867,1.59104,1.83272,-0.125,87.97357,63.43638,-29.1675,,558.8,0,0,,2,1,"{""sr"":{""mpox"":87.97357,""mpoy"":63.43638,""mpoz"":-29.1675,""mpoa"":0,""posx"":1.59104,""posy"":1.83272,""posz"":-0.125,""posa"":0,""unit"":0,""stat"":5,""coor"":2,""momo"":1,""dist"":0,""home"":1,""mots"":1,""plan"":0,""line"":867,""path"":2,""frmo"":2,""prbe"":1,""safe"":0,""estp"":0,""spc"":1,""hold"":0,""macs"":5,""cycs"":1,""sps"":12000,""feed"":558.8,""mark"":2030957660}}",5.2186324714335015,0.2037782177406157,0.2195289223170049,0.2146283178108168,5.2186324714335015,0.2037782177406157,0.2195289223170049,0.2146283178108168,-0.98969472,0.0383365199999999,0.00057636,-1.8164360799999983,-1.0822906399999987,0.9102011199999992,-31.12813248000001,36.119376480000014,-38.01751288,100.0880624,34.37,126.42074311999836,90.67418855999884,93.2897901199988,93.2897901199988,286.8443075199963,1560.4462954,-1.0028311200000002,-0.07464628,0.02229848,5.352727040000001,1.51503192,1.921576800000001,-3.0,16.25137608000001,-94.98210644,100.0766518,32.34772044,42.96080316000147,31.520154960001083,34.32194660000117,18.678609880000643,76.81578396000262,1934.0614274399927,-0.9892157200000002,-0.0386194399999998,0.02335924,-5.366885880000004,-8.093049600000002,0.457329440000001,-13.760774959999992,38.0,68.50279624,100.0,32.63478456,49.75875648000163,1.196123680000039,0.9568995200000312,0.9568995200000312,2.631472520000085,1839.807403279993,-1.0103022000000002,0.1230614799999997,-0.0129547599999999,2.864210919999999,1.7677115999999995,3.839300600000002,-6.602984799999992,30.64049884,36.037514040000005,100.0,33.06,140.72210791999905,3.8429910399999754,3.202492319999979,2.561994359999983,7.68598219999995,1594.8650727199945,-0.999714,0.1864737600000008,-0.0245253599999999,2.325125440000002,1.6932654399999976,1.0904179200000024,9.84140380000001,10.997217679999908,1.0426062000000385,100.0,40.2660134,66.5728414800005,77.73475496000059,55.01228808000042,41.85717540000032,154.2735908000012,1932.3792473199944,-1.0030714,-0.01502816,-0.00748836,0.6294736400000006,1.8461753200000013,4.85977012,10.0,-15.053154840000005,27.460273800000003,100.0,33.6905316,102.64114316000028,52.471257520000144,46.94796704000012,56.15345080000016,151.43020728000042,1306.2037180800005,867,X1.5776 Y1.8342
16:32:12.998,5,872,1.49744,1.82648,-0.125,85.59618,63.27779,-29.1675,,558.8,0,0,,2,1,"{""sr"":{""mpox"":85.59618,""mpoy"":63.27779,""mpoz"":-29.1675,""mpoa"":0,""posx"":1.49744,""posy"":1.82648,""posz"":-0.125,""posa"":0,""unit"":0,""stat"":5,""coor"":2,""momo"":1,""dist"":0,""home"":1,""mots"":1,""plan"":0,""line"":872,""path"":2,""frmo"":2,""prbe"":1,""safe"":0,""estp"":0,""spc"":1,""hold"":0,""macs"":5,""cycs"":1,""sps"":12000,""feed"":558.8,""mark"":2030957660}}",5.275689845202282,0.1951909409960883,0.1974499433861033,0.2048235304600884,5.275689845202282,0.1951909409960883,0.1974499433861033,0.2048235304600884,-0.9901938399999995,0.0471928799999996,0.0032648800000013,-1.604841999999967,-0.7469225199999726,0.85398544,-32.0,36.95109120000009,-38.09805599999982,100.1,34.370486879999994,7.78724295998567,5.061707919990686,5.159048679990506,5.207719079990417,15.963848039970625,1400.6224937200227,-1.0019557999999995,-0.07738336,0.0423835200000005,5.390848319999997,1.8256326800000036,2.118836840000018,-2.966095960000077,16.0,-95.82035548000006,100.0,32.34854272,145.2029858000112,109.10732800000842,120.5923102800093,64.808112600005,266.6156525200206,1893.2582217600216,-0.9895680399999996,-0.0303430399999998,0.0007052799999991,-5.155249440000031,-8.003233239999961,0.5701113200000254,-13.81568520000006,37.96634568000008,68.63137132000013,100.0,32.63,168.8469091600129,4.078427840000312,3.262742640000249,3.262742640000249,8.972540840000685,1301.8493394399968,-0.9968188400000004,0.1212745200000003,-0.0185391200000004,2.925426160000017,1.64921987999999,4.033487999999995,-6.027491359999938,31.0,36.69665439999997,100.0,33.06054984,71.84653251999254,1.654182799999831,1.654182799999831,1.323346799999865,3.9700394399995935,1326.9031890400004,-0.987416320000005,0.2446836800000102,-0.0188879600000006,3.133968119999855,1.3718440400000094,1.406856760000018,15.0,19.67519560000034,7.826498399998921,100.0,40.25025268,103.047274640004,121.15861388000472,86.18499388000335,65.57553856000256,241.69269900000936,1894.3182188800251,-1.0027867200000002,-0.0126404399999996,0.0015792000000015,0.4700342399999933,2.045148839999993,4.8921359999999945,10.0,-16.0,26.55277188000001,100.0,33.69447204,91.76018996000168,63.01603380000114,56.38276760000102,67.43821160000122,181.30929148000328,1092.7650210399963,872,X1.4803 Y1.8213
16:32:13.255,5,876,1.4128,1.78585,-0.125,83.44625,62.24583,-29.1675,,558.8,0,0,,2,1,"{""sr"":{""mpox"":83.44625,""mpoy"":62.24583,""mpoz"":-29.1675,""mpoa"":0,""posx"":1.4128,""posy"":1.78585,""posz"":-0.125,""posa"":0,""unit"":0,""stat"":5,""coor"":2,""momo"":1,""dist"":0,""home"":1,""mots"":1,""plan"":0,""line"":876,""path"":2,""frmo"":2,""prbe"":1,""safe"":0,""estp"":0,""spc"":1,""hold"":0,""macs"":5,""cycs"":1,""sps"":12000,""feed"":558.8,""mark"":2030957660}}",5.158974601414034,0.2018039666024549,0.2028604336630295,0.2164158888760469,5.158974601414034,0.2018039666024549,0.2028604336630295,0.2164158888760469,-0.99274604,0.0491165799999998,-0.0076659000000006,-1.678092260000008,-0.8996417600000042,0.8541224,-32.0,35.81296221999998,-39.99800866,100.1,34.38,121.94238421999748,85.36106259999823,86.17402563999822,86.98698767999821,266.6517008599945,1290.4916521600055,-0.99944142,-0.08130564,0.0335662400000005,5.159146100000001,1.7403865200000046,2.002967439999998,-3.0,16.124729379999998,-95.0,100.0,32.35124722,55.25905812000254,36.63353968000157,40.518915280001735,21.49429436000091,89.48836390000382,1589.437086960011,-1.0256480399999997,-0.0218707,0.0289532999999999,-5.091819680000008,-8.284170059999996,0.367150720000004,-14.128516959999995,38.0,68.12851696,100.0,32.6374293,58.01403620000244,1.4044095800000589,1.123527300000047,1.123527300000047,3.089700620000129,1693.5035979000115,-0.99438142,0.12946202,-0.015,2.8312660400000005,1.7769550799999985,4.095955079999999,-6.123163020000011,31.0,36.87683697999999,100.0,33.06123156,134.23408387999862,3.0929512199999687,3.0929512199999687,2.474360939999975,7.423082819999924,1447.9238722800053,-1.0278434399999992,0.2674325999999982,0.0161546599999996,3.7163991999999566,1.374083539999998,1.289879079999997,11.925656880000028,-2.5456413800000663,17.670262719999915,100.0,40.26113778,67.91208680000078,80.64551348000087,57.36639680000062,43.64834548000047,160.57341608000175,2068.168645420007,-1.00961778,-0.0060786599999999,0.0015836000000003,0.4410371000000019,1.9192450399999972,5.01542958,10.0,-15.100272960000009,28.26410141999998,100.0,33.69464686,104.18846088000012,52.96984862000022,47.3940759000002,56.68703116000023,152.4044784600006,1162.5358105600003,876,X1.4086 Y1.7829
16:32:13.512,5,881,1.34834,1.71756,-0.125,81.80892,60.51132,-29.1675,,558.8,0,0,,2,1,"{""sr"":{""mpox"":81.80892,""mpoy"":60.51132,""mpoz"":-29.1675,""mpoa"":0,""posx"":1.34834,""posy"":1.71756,""posz"":-0.125,""posa"":0,""unit"":0,""stat"":5,""coor"":2,""momo"":1,""dist"":0,""home"":1,""mots"":1,""plan"":0,""line"":881,""path"":2,""frmo"":2,""prbe"":1,""safe"":0,""estp"":0,""spc"":1,""hold"":0,""macs"":5,""cycs"":1,""sps"":12000,""feed"":558.8,""mark"":2030957660}}",5.32381123063164,0.1983530795715299,0.2024012576332319,0.2067623362963116,5.32381123063164,0.1983530795715299,0.2024012576332319,0.2067623362963116,-0.9897008800000008,0.0383170399999993,-0.0099128399999913,-1.8097294399999808,-1.0180442400000096,0.7510121599999614,-32.00074656,36.0,-39.32564951999984,100.1,34.38,53.40653567997421,34.193209119983486,34.51885863998333,34.84450847998317,106.48742251994854,1306.593539879873,-1.009426719999998,-0.0813617999999996,0.0331658799999983,5.3439536000000185,1.87423168000003,2.062662079999997,-3.0,16.0,-94.0,100.0,32.35101116,101.51101012001811,82.08606352001463,91.48523148001632,48.24906048000861,201.14218652003584,1596.246333719891,-0.9958572799999952,-0.01438332,0.017187600000004,-5.213486400000006,-8.185371600000002,0.4435187199999917,-13.0,37.27080031999986,67.10445276000002,100.0,32.62750496,128.6977814800227,3.1237326000005514,2.498985680000441,2.498985680000441,6.872211440001213,1388.628010479871,-1.0218806799999984,0.1319858399999972,-0.016354839999999,2.7390130799999928,1.873778360000001,4.070778360000001,-6.565468680000059,30.214827640000053,37.35064172000001,100.0,33.07130984,95.60172987998686,2.172655919999705,2.172655919999705,1.738124599999764,5.214373799999292,1196.5440169198982,-0.9792992799999972,0.1980185599999961,-0.0091506799999993,1.2388014799999774,1.774077920000067,1.2080175600000205,5.047085559999844,-1.9806802000004635,3.307446160001071,100.0,40.255492440000005,90.07708628000708,107.1038525600084,75.79657256000596,57.671305120004526,212.55995272001667,1696.2463837999553,-1.0036803600000006,-0.0173596399999988,-0.0061717199999945,0.5259263999999915,1.8008172799999975,4.840591039999984,10.0,-15.303480600000071,26.822174400000087,100.0,33.69177824,123.96776308000416,59.13106696000199,52.90674364000177,63.280615720002125,170.13149060000572,1225.8661972799548,881,X1.3403 Y1.7046
16:32:13.770,5,885,1.31213,1.63082,-0.125,80.88932,58.30807,-29.1675,,558.8,0,0,,2,1,"{""sr"":{""mpox"":80.88932,""mpoy"":58.30807,""mpoz"":-29.1675,""mpoa"":0,""posx"":1.31213,""posy"":1.63082,""posz"":-0.125,""posa"":0,""unit"":0,""stat"":5,""coor"":2,""momo"":1,""dist"":0,""home"":1,""mots"":1,""plan"":0,""line"":885,""path"":2,""frmo"":2,""prbe"":1,""safe"":0,""estp"":0,""spc"":1,""hold"":0,""macs"":5,""cycs"":1,""sps"":12000,""feed"":558.8,""mark"":2030957660}}",5.164391274724606,0.1988145216868113,0.2047700575496427,0.2037608746601016,5.164391274724606,0.1988145216868113,0.2047700575496427,0.2037608746601016,-0.98800096,0.0413931600000003,0.008070920000001,-1.774197759999989,-1.0106997999999918,0.854,-32.0,36.0,-37.48588872000005,100.1,34.39,81.25764351999293,54.33600747999528,54.85349363999523,55.370979799995176,169.21785331998527,1931.098261320015,-1.0058263599999997,-0.0712597200000011,0.0121403199999995,5.625407359999988,1.5680810400000202,2.0681193199999885,-3.0,16.0,-93.81416880000008,100.0,32.34515536,62.02079156000326,63.46430244000416,70.32412288000461,36.89636068000241,155.51176416001022,2062.124338040039,-0.981874800000001,-0.0736808399999982,0.0022953200000002,-5.29303356000002,-8.327199639999998,0.4468082400000028,-14.0,37.59335311999996,68.51142815999997,100.0,32.63383772,101.94761576000656,2.442858240000157,1.9542864000001252,1.9542864000001252,5.374287840000345,2436.734657840025,-1.0488881999999993,0.0983221600000003,-0.0085674799999994,2.7969288799999994,1.575318160000005,3.946870239999998,-6.0,31.32999520000003,37.50716679999999,100.0,33.07,108.53369999999636,2.535834039999915,2.535834039999915,2.028667239999932,6.0860016799997965,1674.4157494000117,-0.9348930800000012,0.2087902400000022,-0.0236639999999984,1.306687040000031,1.3145140400000073,1.2099161999999997,9.903885839999903,-11.238768479999788,-0.7401495200003319,100.0,40.26,82.78787928000186,96.12735432000235,68.37925232000168,52.02769212000128,191.75920728000472,3034.165680520008,-1.00978888,-0.0130374799999996,-0.0258915599999995,0.3692315600000073,2.0031746800000017,4.9436922800000005,9.76829060000002,-15.0,26.734232639999977,100.0,33.694974880000004,96.62657848000012,56.71231948000056,51.00836928000053,60.6921320000006,163.93553248000163,1572.1357860799951,885,X1.3108 Y1.6253
16:32:14.027,5,890,1.30848,1.53647,-0.125,80.7966,55.91149,-29.1675,,558.8,0,0,,2,1,"{""sr"":{""mpox"":80.7966,""mpoy"":55.91149,""mpoz"":-29.1675,""mpoa"":0,""posx"":1.30848,""posy"":1.53647,""posz"":-0.125,""posa"":0,""unit"":0,""stat"":5,""coor"":2,""momo"":1,""dist"":0,""home"":1,""mots"":1,""plan"":0,""line"":890,""path"":2,""frmo"":2,""prbe"":1,""safe"":0,""estp"":0,""spc"":1,""hold"":0,""macs"":5,""cycs"":1,""sps"":12000,""feed"":558.8,""mark"":2030957660}}",5.392556754203072,0.2087530052769045,0.2080724506429729,0.210418190132855,5.392556754203072,0.2087530052769045,0.2080724506429729,0.210418190132855,-0.9887377799999992,0.0362402399999976,0.0054710600000042,-1.9120736999999448,-1.0202037199999523,0.9532485999999922,-31.62231191999987,36.61844001999987,-38.62231191999987,100.06184416,34.386223179999995,90.91067807998104,64.93619887998645,65.55463851998631,66.17307853998618,202.84831523995769,1767.710347139981,-1.0054377600000004,-0.0755091400000024,-0.0040230599999963,5.275212860000017,1.7338800599999908,2.081656219999988,-3.05867542000002,16.05867542000002,-93.11735084000004,100.0,32.33890862,47.01984284001023,54.50972936001187,60.33519648001314,31.623964960006884,133.56964176002907,1746.1075358000132,-0.9960923800000032,-0.0118900800000119,0.0199046400000018,-5.250102540000012,-8.067659000000004,0.416875900000011,-13.52473637999989,37.0,67.5247363799999,100.0,32.6358296,87.15689806001893,2.0850930400004533,1.6680746800003623,1.6680746800003623,5.004224040001088,1934.35591216001,-1.0221674800000025,0.1060194600000039,0.0073113199999993,2.756173580000011,1.722364159999998,3.967,-6.0,31.0,37.08701857999991,100.0,33.07424824,119.21590851998916,2.717545639999756,2.292737139999846,2.174036159999805,5.978600379999464,1621.4844202799777,-0.8770803599999994,0.2750294599999832,-0.0446665000000006,2.982857820000263,1.3186758000000027,1.2937350599999964,11.729759639999942,13.190911899999342,-8.485260639999625,100.0,40.27391778,81.24438280000604,91.10641764000678,64.80765802000482,49.31017434000367,181.7432143000135,1774.6585168400277,-1.0079466600000004,-0.0137369199999995,0.0352238800000001,0.5417580200000046,1.9687163200000124,5.025744200000007,9.513736899999984,-15.486263100000016,26.82996443999994,100.0,33.69,105.03278706000302,55.92023392000161,50.08507934000144,59.81033710000172,161.92554680000467,1502.0874042799628,890,X1.3114 Y1.5188
16:32:14.284,5,894,1.33782,1.44698,-0.125,81.54185,53.63845,-29.1675,,558.8,0,0,,2,1,"{""sr"":{""mpox"":81.54185,""mpoy"":53.63845,""mpoz"":-29.1675,""mpoa"":0,""posx"":1.33782,""posy"":1.44698,""posz"":-0.125,""posa"":0,""unit"":0,""stat"":5,""coor"":2,""momo"":1,""dist"":0,""home"":1,""mots"":1,""plan"":0,""line"":894,""path"":2,""frmo"":2,""prbe"":1,""safe"":0,""estp"":0,""spc"":1,""hold"":0,""macs"":5,""cycs"":1,""sps"":12000,""feed"":558.8,""mark"":2030957660}}",5.038008462600115,0.1955613940374435,0.1987790809953487,0.204194104302046,5.038008462600115,0.1955613940374435,0.1987790809953487,0.204194104302046,-0.9925599199999998,0.0340883599999999,0.020995199999999,-1.7507683600000097,-0.942775400000008,0.8687328800000014,-32.0,36.24189404000002,-39.52047931999996,100.075811,34.38004256,37.06525828000343,25.15270940000233,25.8826591600024,26.124553200002413,79.8335573600074,2018.061373000001,-1.01662276,-0.074024,0.0374416399999998,5.394783640000002,1.8749017999999995,2.055673159999999,-2.8904011199999897,15.415472559999944,-90.88273863999969,100.0,32.35316864,66.3288414399984,92.83700159999783,100.42485223999766,55.2630770799987,225.29741419999476,1762.7238313199923,-0.9684204400000008,-0.0165561599999996,0.0109246399999999,-5.3872787599999965,-8.04907436,0.3614006399999995,-14.0,36.318432160000015,67.9622996,100.0,32.62674552,142.48537071999672,3.407839199999922,2.726271359999937,2.726271359999937,8.178813839999812,1884.062667559995,-1.013937560000001,0.1244930400000005,-0.00993068,2.8573375600000013,1.8356478400000005,3.827260120000002,-5.076195920000007,30.480600040000017,38.0,100.0,33.05404416,88.96890576000183,2.022020320000041,1.6176162000000334,1.6176162000000334,4.448445000000092,1710.693153479995,-1.0072110799999991,0.1123260399999998,0.0046932799999997,0.8788217200000334,1.815267800000004,1.0834862000000007,11.833654919999931,15.703123480000038,7.228940639999769,100.0,40.3,95.27144107999902,110.36656947999884,78.50817835999918,59.73448347999937,220.16423955999767,1922.4225102799976,-1.00530124,-0.0133198400000001,0.0087847199999998,0.5687919600000007,1.9812899199999967,5.0403652,10.0,-15.0,26.472508280000003,100.0,33.7,121.69086931999912,61.60926147999971,55.38660871999975,66.35668523999968,179.13262339999918,1547.3778553600018,894,X1.3422 Y1.4387
16:32:14.541,5,898,1.39585,1.37329,-0.125,83.0158,51.76689,-29.1675,,558.8,0,0,,2,1,"{""sr"":{""mpox"":83.0158,""mpoy"":51.76689,""mpoz"":-29.1675,""mpoa"":0,""posx"":1.39585,""posy"":1.37329,""posz"":-0.125,""posa"":0,""unit"":0,""stat"":5,""coor"":2,""momo"":1,""dist"":0,""home"":1,""mots"":1,""plan"":0,""line"":898,""path"":2,""frmo"":2,""prbe"":1,""safe"":0,""estp"":0,""spc"":1,""hold"":0,""macs"":5,""cycs"":1,""sps"":12000,""feed"":558.8,""mark"":2030957660}}",5.320718379782952,0.204668360389439,0.2110061197643757,0.2082589900100219,5.320718379782952,0.204668360389439,0.2110061197643757,0.2082589900100219,-0.984317499999999,0.0382255000000006,-0.0201887999999988,-1.4111491999999433,-1.0805920000000155,0.9525897000000207,-31.198121499999832,36.90093920000008,-39.002295,100.0997705,34.3890094,136.5939714000128,89.86445500000843,96.154967300009,97.95225580000918,298.349991200028,1735.146735400023,-1.0102872000000005,-0.0659788999999997,-0.0001984000000046,5.386081900000029,1.5630991999999706,2.0740909000000007,-3.0,17.0,-94.78090580000006,100.0,32.3575109,19.937566499994556,30.89227409999156,32.864121099991024,18.623002099994917,73.83472499997984,2022.7053943000103,-1.0077663000000017,-0.0197772000000009,-0.0125869000000003,-5.10730469999999,-8.348558300000024,0.3650666000000008,-13.210407499999954,36.984699100000014,66.48201949999985,100.0,32.6553324,47.173142599987706,1.1285438999997055,0.9028354999997644,0.9028354999997644,2.7085055999992944,2006.1932414000253,-1.0013845999999975,0.1518273999999998,-0.0215364000000009,2.8709259999999985,1.688832699999998,3.9331571999999935,-5.649519300000032,31.0,37.96842700000003,100.0,33.0635049,142.24467180000693,3.2475957000001583,2.598076400000126,2.598076400000126,7.144709800000348,1785.4176245999977,-0.9269715000000018,0.1202239999999872,-0.0548714000000005,2.55770779999991,1.3626833000000005,1.066768499999986,13.06561870000017,7.405202999999655,20.44745050000047,100.0,40.3139355,67.29145429999615,76.34235099999563,54.30538389999689,41.31931349999763,152.29118549999126,2136.0732531999643,-0.9967786000000002,-0.0055571999999998,-0.0407937999999995,0.5746157000000057,2.087290000000002,4.946422100000003,10.0,-14.54199290000001,27.49771620000005,100.0,33.694977,94.34946449999806,54.50284609999888,49.006760399999,58.6249095999988,158.01245269999677,1521.8775136000029,898,X1.3969 Y1.3723
16:32:14.799,5,903,1.47589,1.32412,-0.125,85.04874,50.51789,-29.1675,,558.8,0,0,,2,1,"{""sr"":{""mpox"":85.04874,""mpoy"":50.51789,""mpoz"":-29.1675,""mpoa"":0,""posx"":1.47589,""posy"":1.32412,""posz"":-0.125,""posa"":0,""unit"":0,""stat"":5,""coor"":2,""momo"":1,""dist"":0,""home"":1,""mots"":1,""plan"":0,""line"":903,""path"":2,""frmo"":2,""prbe"":1,""safe"":0,""estp"":0,""spc"":1,""hold"":0,""macs"":5,""cycs"":1,""sps"":12000,""feed"":558.8,""mark"":2030957660}}",5.237342625564024,0.1880615759093425,0.1974348141859207,0.1980951165100009,5.237342625564024,0.1880615759093425,0.1974348141859207,0.1980951165100009,-0.99374052,0.04532064,-0.0045448799999999,-1.880200979999999,-1.0832395599999989,0.9119300999999996,-31.934933399999995,36.064477280000006,-38.130721580000014,100.1,34.39,9.349164420000813,6.254268980000544,6.899038780000599,7.156946900000621,21.599793320001872,1611.723504740001,-1.00144638,-0.0612394799999999,0.0106202,5.38590774,1.6354329600000028,1.9710108200000007,-3.1426440599999994,17.0,-94.0508701,100.0,32.35857402,80.6486268799996,119.3599681399994,123.3923993399994,71.77727863999965,279.85073705999866,1938.3978014799975,-0.98300644,0.0138048799999997,0.0186970199999999,-5.13922782,-7.962489859999999,0.3691898000000012,-13.15012552,36.15012552,67.0,100.0,32.638498819999995,167.0477068599992,3.996356379999981,3.1970854799999846,3.1970854799999846,8.791984599999957,2084.2359024199973,-1.0098577799999997,0.0893062000000003,-0.01874782,2.8209021399999994,1.635369360000001,3.95724304,-5.041100420000004,31.0,38.0,100.0,33.069178,73.36622336000046,1.6740896000000107,1.3392720800000084,1.3392720800000084,3.6829967200000233,1945.5902811399965,-0.9243909600000004,0.4566120599999991,0.0117438999999999,2.0013153600000124,1.18237252,1.21464504,12.10418128,4.638443580000018,4.543464679999992,100.0,40.309620800000005,101.56525981999977,120.7635713599997,85.46345039999979,65.02653879999984,240.28854165999945,2653.338683079997,-1.00395686,-0.0112948599999999,-0.0106767199999998,0.5625470800000005,1.892,4.97343966,10.033183240000003,-15.0,27.41625644,100.0,33.7,117.26934287999988,66.61779545999993,59.46051235999993,71.57283821999992,192.6961032799998,1384.4157167599997,903,X1.4901 Y1.3188
16:32:15.056,5,907,1.56807,1.3054,-0.125,87.39002,50.0424,-29.1675,,558.8,0,0,,2,1,"{""sr"":{""mpox"":87.39002,""mpoy"":50.0424,""mpoz"":-29.1675,""mpoa"":0,""posx"":1.56807,""posy"":1.3054,""posz"":-0.125,""posa"":0,""unit"":0,""stat"":5,""coor"":2,""momo"":1,""dist"":0,""home"":1,""mots"":1,""plan"":0,""line"":907,""path"":2,""frmo"":2,""prbe"":1,""safe"":0,""estp"":0,""spc"":1,""hold"":0,""macs"":5,""cycs"":1,""sps"":12000,""feed"":558.8,""mark"":2030957660}}",5.212476036716713,0.2024469860168478,0.2077940994726941,0.2084908946971815,5.212476036716713,0.2024469860168478,0.2077940994726941,0.2084908946971815,-0.9930244000000006,0.0400492000000011,-0.0027731999999982,-1.7940833999999797,-0.9040902000000276,0.8290573999999863,-31.9987456,36.20507360000011,-39.59361599999978,100.1,34.3979622,109.86418799998452,76.43336979998922,84.3951785999881,89.17226419998742,268.31297399996214,1442.9288021999623,-1.0013088,-0.0707373999999994,0.0055614000000008,5.478164800000002,1.6487098000000624,2.121164800000002,-3.0,17.0,-94.0,100.0,32.357568,41.84810080001385,44.18672200001208,45.18282520001229,26.696596400007312,102.778643200028,1656.7194025999809,-0.9413766000000048,-0.0917577999999913,0.0043688000000002,-5.1599115999999805,-8.054322999999993,0.4373306000000058,-13.043891400000112,36.169353800000096,68.0,100.0,32.627052,61.4473222000163,1.4740830000003922,1.1792666000003138,1.1792666000003138,3.2429830000008626,1665.8308877999498,-1.0264925999999992,0.1158957999999978,-0.012575,2.8102131999999944,1.852038199999979,4.051267800000011,-5.748199200000036,30.748199200000037,38.61136299999996,100.0,33.0574816,133.27715079999084,3.05681539999979,2.445452599999832,2.445452599999832,6.724993799999537,1297.6761925999897,-0.9684965999999922,0.274369399999981,-0.0116712000000038,3.733217999999992,1.5761200000000102,1.256314199999998,8.010256199999947,-0.717270200000617,-7.208129199999072,100.0,40.2929456,70.02473740000507,81.98291360000579,58.10818800000415,44.50734300000311,163.50312660001174,1793.2938563999874,-1.0101801999999993,-0.0056340000000014,0.0143849999999981,0.5526020000000063,2.072149199999995,5.022493600000006,10.0,-15.0,26.777655999999872,100.0,33.7,107.6484805999986,57.06917700000153,50.52025520000135,60.81141800000163,164.07965740000435,1227.9333671999975,907,X1.5753 Y1.3051
16:32:15.314,5,912,1.66175,1.31951,-0.125,89.76967,50.40088,-29.1675,,558.8,0,0,,2,1,"{""sr"":{""mpox"":89.76967,""mpoy"":50.40088,""mpoz"":-29.1675,""mpoa"":0,""posx"":1.66175,""posy"":1.31951,""posz"":-0.125,""posa"":0,""unit"":0,""stat"":5,""coor"":2,""momo"":1,""dist"":0,""home"":1,""mots"":1,""plan"":0,""line"":912,""path"":2,""frmo"":2,""prbe"":1,""safe"":0,""estp"":0,""spc"":1,""hold"":0,""macs"":5,""cycs"":1,""sps"":12000,""feed"":558.8,""mark"":2030957660}}",5.28107284529533,0.1950747489569558,0.1985961836496566,0.2041767724056885,5.28107284529533,0.1950747489569558,0.1985961836496566,0.2041767724056885,-0.9875515200000002,0.0295116800000001,0.0018019200000005,-1.7180669600000122,-0.9079936800000163,0.73266204,-31.363502080000035,37.0,-39.35630784000003,100.09964036,34.39,52.5461212400049,34.550874000003226,38.14992396000356,39.94944848000373,121.28796528001128,1997.697217359992,-1.00594328,-0.0787499200000003,0.0509790399999995,5.2499045600000045,1.8475898399999944,2.08083168,-3.095598719999995,16.597991599999975,-93.09559872,100.0,32.34402012,108.23650107999568,90.89474167999636,92.68871683999627,55.01523811999779,211.68906935999152,2018.8287396000048,-0.9714023200000024,-0.0364783199999968,0.0190829600000002,-5.086833840000017,-8.29352631999999,0.5184541199999989,-13.0,37.30475440000003,68.09799744,100.0,32.62195968,124.22752307999508,2.9862387999998816,2.388990639999905,2.388990639999905,6.56972475999974,2109.357441799995,-1.0055761600000006,0.088217200000001,-0.0132691199999998,2.863491439999996,1.7096683199999942,3.9971658400000023,-6.550628399999988,31.0,37.20211135999999,100.0,33.06651472,97.76091664000278,2.246858360000063,1.7974867600000506,1.7974867600000506,5.1903489200001625,2203.279596239996,-0.9302734400000012,0.1664217999999956,-0.0035209200000009,3.3036510800000016,1.854745119999995,1.2725619599999975,10.463358040000008,5.794029959999876,1.0568055200001532,100.0,40.28463352,88.00929107999852,104.64519307999824,74.05659823999875,56.34741195999904,208.75374519999647,2724.976506519984,-1.0099708,-0.0187724799999998,-0.0113143199999993,0.4880282800000057,1.979196920000008,4.938790120000002,9.485593760000004,-15.0,24.685685720000023,100.0,33.705144080000004,112.65493379999918,62.24313671999955,55.5558579999996,66.35838579999952,179.0133195999987,1345.3614670799996,912,X1.6807 Y1.3267
16:32:15.571,5,916,1.74364,1.36466,-0.125,91.84947,51.54755,-29.1675,,558.8,0,0,,2,1,"{""sr"":{""mpox"":91.84947,""mpoy"":51.54755,""mpoz"":-29.1675,""mpoa"":0,""posx"":1.74364,""posy"":1.36466,""posz"":-0.125,""posa"":0,""unit"":0,""stat"":5,""coor"":2,""momo"":1,""dist"":0,""home"":1,""mots"":1,""plan"":0,""line"":916,""path"":2,""frmo"":2,""prbe"":1,""safe"":0,""estp"":0,""spc"":1,""hold"":0,""macs"":5,""cycs"":1,""sps"":12000,""feed"":558.8,""mark"":2030957660}}",5.149383493139881,0.202124507313386,0.2105393862954478,0.2083935300515562,5.149383493139881,0.202124507313386,0.2105393862954478,0.2083935300515562,-0.9865350000000008,0.0365549999999995,-0.0139049999999929,-1.7683234999998625,-1.0685174999999745,0.7931269999999655,-31.50009599999986,37.0,-40.493456500000136,100.1,34.39,60.58250499998304,48.01241199998654,53.01336899998514,55.507399999984415,167.02874399995315,1617.2202229998863,-1.0014445000000007,-0.0665400000000019,0.0181030000000042,5.427464500000001,1.6521750000000108,2.0042070000000267,-3.0,16.5029579999999,-94.57139650000008,100.0,32.3407435,103.64747450002316,74.2080150000147,76.54451850001524,44.808163500008895,173.6164800000345,1707.045149499966,-1.0366110000000048,-0.0549809999999972,0.0068699999999931,-5.2774170000000575,-8.15287099999998,0.4486050000000326,-13.502504500000098,38.0,67.92083050000002,100.0,32.6433915,104.09761950002024,2.512523000000489,2.0100185000003914,2.0100185000003914,5.527550500001076,1812.5724349999236,-0.985694499999989,0.0931550000000018,-0.0005085000000024,2.9718479999999925,1.7090380000000065,4.048943,-6.0,31.0,36.812410999999855,100.0,33.0703125,108.43238399998845,2.4984419999997334,2.4984419999997334,1.998753499999787,5.99626099999936,1508.0506619999492,-1.0219794999999932,0.2611619999999939,0.020107999999992,1.296985999999873,1.496831999999972,1.1793715000000051,10.049458499999805,6.750513499999141,3.36487399999982,100.0,40.3,84.31445250000654,97.70939300000742,69.6492600000053,52.612750000004006,194.28258600001465,1950.70267599992,-1.0030604999999997,-0.0157239999999998,0.0046449999999968,0.4912685000000105,1.7295509999999767,4.994676500000015,10.0,-15.0,27.0,100.0,33.697772,124.20568300000453,59.69170650000176,52.97228750000163,63.68961450000189,170.8564845000051,1898.6010334999496,916,X1.7543 Y1.3733
16:32:15.829,5,920,1.80788,1.43411,-0.125,93.4814,53.31151,-29.1675,,558.8,0,0,,2,1,"{""sr"":{""mpox"":93.4814,""mpoy"":53.31151,""mpoz"":-29.1675,""mpoa"":0,""posx"":1.80788,""posy"":1.43411,""posz"":-0.125,""posa"":0,""unit"":0,""stat"":5,""coor"":2,""momo"":1,""dist"":0,""home"":1,""mots"":1,""plan"":0,""line"":920,""path"":2,""frmo"":2,""prbe"":1,""safe"":0,""estp"":0,""spc"":1,""hold"":0,""macs"":5,""cycs"":1,""sps"":12000,""feed"":558.8,""mark"":2030957660}}",5.256651092191315,0.1951830962907576,0.1968275936557167,0.2037320771472897,5.256651092191315,0.1951830962907576,0.1968275936557167,0.2037320771472897,-0.9788545999999992,0.0341297599999996,-0.0291020200000018,-1.8730695599999925,-1.0173749200000035,0.7925907999999999,-31.9932878,36.0,-38.9932878,100.09932878,34.4,91.72373962000862,64.86178750000609,70.10314378000658,71.41348318000671,216.2059576600203,1409.7422941199536,-1.0037884200000016,-0.0795774800000008,0.0544704400000013,5.50415414,1.851327959999984,2.034579279999998,-2.611125780000044,16.38887421999996,-94.50811938000008,100.0,32.3394849,80.88582635999093,56.386753719993685,59.10887289999338,34.22092637999617,133.77271279998504,1802.728590899989,-0.9985825600000008,-0.0384663200000016,0.011546720000002,-5.045325979999981,-8.129705960000033,0.4615178599999894,-13.05204719999999,38.0,68.1650210400001,100.0,32.62782934,80.64199359999112,1.9573300599997845,1.5658641799998272,1.5658641799998272,4.306125659999525,1688.2636265199726,-1.0244177399999992,0.1309059199999973,-0.0066126799999995,2.929345319999996,1.809234679999992,4.097154600000006,-6.547729719999957,31.0,36.10619627999998,100.0,33.05653884,120.41633320000508,3.2446014400001597,2.7923318200001166,2.233865260000093,6.70159610000028,1582.5058003799795,-0.9914407999999972,0.2583498000000034,0.0148392600000009,2.0465895800000835,1.4680457800000075,0.9846303600000086,12.086963440000051,15.09456750000069,9.94070499999938,100.0,40.30458948,74.3516515599973,89.49735857999674,63.336592099997695,48.190885079998246,178.07679481999352,1603.886756380003,-0.9960185,-0.0148872199999994,-0.0258931000000008,0.434538800000011,1.7793000799999796,4.879230599999994,10.152074179999971,-15.152074179999971,26.634056399999967,100.0,33.6963403,116.63977089999838,56.39195573999922,50.1261828799993,60.24781549999916,161.46414635999776,1180.945951039985,920,X1.8225 Y1.4571
16:32:16.086,5,923,1.84995,1.51825,-0.125,94.54986,55.44879,-29.1675,,558.8,0,0,,2,1,"{""sr"":{""mpox"":94.54986,""mpoy"":55.44879,""mpoz"":-29.1675,""mpoa"":0,""posx"":1.84995,""posy"":1.51825,""posz"":-0.125,""posa"":0,""unit"":0,""stat"":5,""coor"":2,""momo"":1,""dist"":0,""home"":1,""mots"":1,""plan"":0,""line"":923,""path"":2,""frmo"":2,""prbe"":1,""safe"":0,""estp"":0,""spc"":1,""hold"":0,""macs"":5,""cycs"":1,""sps"":12000,""feed"":558.8,""mark"":2030957660}}",5.080804533046968,0.2031956548947271,0.2027068106117685,0.2090896272223057,5.080804533046968,0.2031956548947271,0.2027068106117685,0.2090896272223057,-0.9930324000000008,0.0218957999999959,0.0067007999999993,-1.7826904000000412,-0.92900379999999,0.9141399999999996,-31.80200960000017,36.0,-39.97722079999999,100.1,34.409924000000004,28.95631059997664,20.97709699998296,21.99742119998212,22.20300439998195,67.83492159994483,1473.3383829999786,-1.0059121999999994,-0.0744969999999961,0.0197993999999934,5.358772800000002,1.8869680000000328,1.980373600000013,-2.1280182000003576,12.02869780000205,-66.6779036000112,100.0,32.34,146.83325520002467,97.9489812000164,105.04237460001758,58.22597420000972,236.3303076000396,1734.4660981999991,-0.9794715999999924,-0.0482934000000032,0.0279015999999948,-5.127,-8.224530599999978,0.3030770000000016,-13.0,38.968475000000026,67.62030539999974,100.0,32.622944000000004,145.96664160002425,3.528048400000584,2.822439400000468,2.822439400000468,7.761707400001286,1755.2135279999866,-1.002847199999997,0.116306400000002,-0.0229552000000021,2.816375599999971,1.5709105999999973,4.083222399999986,-7.0,30.937039400000053,36.0,100.0,33.070947200000006,85.3408217999862,2.338104599999622,1.9484203999996847,1.558736199999748,4.676209199999244,1457.9537183999707,-0.9369271999999954,0.2103504000000228,-0.0269619999999964,0.7799419999997059,0.9450549999998974,1.2834480000000263,12.31823080000018,10.774280400000782,5.717344399998346,100.0,40.3142046,96.51051820000669,112.94014980000884,79.97897760000623,60.853569800004735,223.78293860001733,2071.0082020000045,-0.9960707999999988,-0.0086091999999996,0.0018946000000013,0.4680535999999827,1.7869483999999922,4.920889599999996,10.442332000000096,-14.531736000000018,26.468263999999984,100.0,33.7,95.4676802000011,60.70728880000198,54.32645860000176,64.96117580000212,174.58816100000578,1434.0601237999551,923,X1.8541 Y1.5306
16:32:16.343,5,927,1.86633,1.61093,-0.125,94.96582,57.80292,-29.1675,,558.8,0,0,,2,1,"{""sr"":{""mpox"":94.96582,""mpoy"":57.80292,""mpoz"":-29.1675,""mpoa"":0,""posx"":1.86633,""posy"":1.61093,""posz"":-0.125,""posa"":0,""unit"":0,""stat"":5,""coor"":2,""momo"":1,""dist"":0,""home"":1,""mots"":1,""plan"":0,""line"":927,""path"":2,""frmo"":2,""prbe"":1,""safe"":0,""estp"":0,""spc"":1,""hold"":0,""macs"":5,""cycs"":1,""sps"":12000,""feed"":558.8,""mark"":2030957660}}",5.449844891956357,0.2056661416953492,0.202994138824668,0.2013886808784737,5.449844891956357,0.2056661416953492,0.202994138824668,0.2013886808784737,-0.98727928,0.03816716,-0.0276940999999999,-1.831,-0.9128878599999996,0.842507419999999,-31.069182160000008,36.0,-39.87120675999999,100.1,34.409403899999994,161.03155819999904,97.73591647999942,98.6667352599994,99.59755309999942,304.3775691599982,1825.8538761200036,-0.9958886,-0.0673028600000001,0.0323109799999999,5.593081459999997,1.7448402200000008,2.12293594,-3.0,16.0,-94.99084154,100.0,32.35794958,38.38595548000075,26.04761304000053,28.59361948000058,15.276043640000305,63.65018100000126,2279.2997963000025,-0.97285588,-0.0166758199999998,0.02523328,-5.190625440000002,-8.31212368,0.2334455400000012,-13.0,37.20674246000001,67.20674246,100.0,32.62586532,40.27179422000081,0.9870535200000194,0.7896433800000157,0.7896433800000157,2.171518120000043,2069.396268500004,-0.9967701000000004,0.1213862399999999,-0.01518006,2.82614006,1.7761279200000009,4.0264928,-7.0,30.35419368,37.0,100.0,33.056457800000004,145.54103123999954,3.9884628799999873,3.323719359999989,2.658975899999992,7.976926699999975,2397.909130660001,-0.9713356599999994,0.2451358999999997,-0.0220941400000001,1.1609443200000058,1.5511149399999982,1.040723160000001,9.235603680000011,0.99302067999999,5.689611179999982,100.0,40.3259549,66.16625404000027,74.1979958000003,52.780017400000204,39.77624534000016,147.63106350000058,2737.424721340002,-0.99901346,-0.0191348799999999,-0.0269444399999998,0.4229384800000014,1.8716388999999989,5.06681372,10.0,-15.0,26.946876119999995,100.0,33.7,96.13932144000016,51.24407202000007,45.802223280000064,54.87197122000008,147.3833934600002,1595.5644780400014,927,X1.8664 Y1.6288
16:32:16.601,5,931,1.85361,1.70417,-0.125,94.6428,60.17122,-29.1675,,558.8,0,0,,2,1,"{""sr"":{""mpox"":94.6428,""mpoy"":60.17122,""mpoz"":-29.1675,""mpoa"":0,""posx"":1.85361,""posy"":1.70417,""posz"":-0.125,""posa"":0,""unit"":0,""stat"":5,""coor"":2,""momo"":1,""dist"":0,""home"":1,""mots"":1,""plan"":0,""line"":931,""path"":2,""frmo"":2,""prbe"":1,""safe"":0,""estp"":0,""spc"":1,""hold"":0,""macs"":5,""cycs"":1,""sps"":12000,""feed"":558.8,""mark"":2030957660}}",5.079114127842252,0.1864617749221554,0.2023222421995193,0.2058941693405859,5.079114127842252,0.1864617749221554,0.2023222421995193,0.2058941693405859,-0.9848491000000016,0.0479850999999962,-0.0205467999999917,-1.7219365000000242,-1.025140299999976,0.9094057999999876,-31.8942771999998,36.0,-39.7866661999996,100.1,34.42,17.1271222000318,11.206635000020809,11.100912300020612,11.100912300020612,34.359966200063795,2766.8204145997806,-1.0189343999999971,-0.0807205999999995,0.0121044000000071,5.294287100000036,1.8266430999999552,2.005813600000001,-3.0,16.86580190000003,-95.0,100.0,32.36,138.21011229997532,99.94855539998215,112.44212539997994,57.78275839998969,245.9671488999561,2574.234244699856,-0.9895521000000022,-0.0631112999999881,0.0211499999999944,-5.39252069999994,-8.298158600000026,0.3867259999999841,-2.933673200001774,8.575353100005186,15.429676000009447,100.0,32.612257,161.0612227999716,3.871663999999318,3.097331399999454,3.097331399999454,8.5176606999985,2624.5398316998703,-0.9771005000000104,0.1141124000000112,-0.0053200000000022,2.813410900000003,1.9233207999999788,4.067682899999996,-6.719081200000062,31.0,36.93145769999986,100.0,33.039113,75.76450920001598,2.0967668000004456,1.7473056000003713,1.3978445000002973,4.193532700000891,2323.9915648998995,-0.9602719999999976,0.4453260000000182,0.0113831000000016,2.623538200000003,1.5158615000000568,1.1399849000000044,10.529820899999605,4.751443499997703,-10.301125699997698,100.0,40.3460865,101.64786529999112,118.69062139998962,83.99643919999265,63.91033469999441,236.16390259997937,2674.792216099939,-1.0033193999999983,-0.0139394000000018,0.0376787999999911,0.4936456999999973,1.9195487000000389,4.9196973000000055,9.453721300000025,-15.0,26.147876600000064,100.0,33.7039843,110.34825369999557,61.18318999999754,55.17412729999778,65.55341839999735,176.4479507999929,1977.4268476999955,931,X1.8477 Y1.7219
16:32:16.858,5,935,1.8124,1.78837,-0.125,93.59609,62.3099,-29.1675,,558.8,0,0,,2,1,"{""sr"":{""mpox"":93.59609,""mpoy"":62.3099,""mpoz"":-29.1675,""mpoa"":0,""posx"":1.8124,""posy"":1.78837,""posz"":-0.125,""posa"":0,""unit"":0,""stat"":5,""coor"":2,""momo"":1,""dist"":0,""home"":1,""mots"":1,""plan"":0,""line"":935,""path"":2,""frmo"":2,""prbe"":1,""safe"":0,""estp"":0,""spc"":1,""hold"":0,""macs"":5,""cycs"":1,""sps"":12000,""feed"":558.8,""mark"":2030957660}}",5.428652139862013,0.2039864290203049,0.204686871364398,0.2071545104149705,5.428652139862013,0.2039864290203049,0.204686871364398,0.2071545104149705,-0.9917854799999996,0.03050248,-0.0088295199999994,-1.815774839999999,-0.97686056,0.7781905199999987,-31.99886696,36.0,-38.752669679999975,100.02484664,34.42751564,122.68966795999636,79.78297227999762,78.27763291999767,79.03030259999765,243.86493319999275,1354.7267951600095,-1.00366544,-0.0741978799999999,0.0204873999999991,5.388964360000003,1.8185761599999988,2.075,-3.0,16.683488159999985,-94.88715672,100.0,32.35316524,50.86481792000241,39.67681668000199,45.26118544000228,22.788848640001145,97.91498536000492,1543.7242798800046,-1.0188304800000003,-0.0218614000000004,0.0208014399999995,-5.239475640000008,-8.182257480000004,0.4444641600000025,-14.0,37.79862919999998,67.79862919999998,100.0,32.64728708,66.33906000000324,1.589090520000078,1.2712725200000623,1.2712725200000623,3.813816800000187,1568.9268378399963,-0.9921980000000002,0.0950246800000008,-0.00962744,2.7524205200000025,1.7845988399999997,4.115381799999999,-6.760675240000007,30.403417800000007,37.760675240000005,100.0,33.044325,130.05497691999818,2.982911999999958,2.982911999999958,2.386329799999966,7.158989399999899,1475.327060279997,-0.9481201200000005,0.3839771599999985,-0.02744548,2.071318079999981,1.282,1.2224512800000022,12.0,0.8905954000000698,-0.0211961200000421,100.0,40.34,70.95790928000103,84.16190192000118,59.56073076000083,45.31794756000063,167.46060520000233,1908.778639679996,-1.0044748,-0.0080096799999999,0.0011250000000004,0.5575210799999957,1.9717466400000083,5.020945079999998,10.0,-15.0,26.52890244,100.0,33.70337364,91.67689440000125,52.76296184000029,47.58088544000026,56.53174456000031,152.63571132000084,1345.8006037600007,935,X1.8007 Y1.804
16:32:17.119,5,939,1.74644,1.85605,-0.125,91.92059,64.02884,-29.1675,,558.8,0,0,,2,1,"{""sr"":{""mpox"":91.92059,""mpoy"":64.02884,""mpoz"":-29.1675,""mpoa"":0,""posx"":1.74644,""posy"":1.85605,""posz"":-0.125,""posa"":0,""unit"":0,""stat"":5,""coor"":2,""momo"":1,""dist"":0,""home"":1,""mots"":1,""plan"":0,""line"":939,""path"":2,""frmo"":2,""prbe"":1,""safe"":0,""estp"":0,""spc"":1,""hold"":0,""macs"":5,""cycs"":1,""sps"":12000,""feed"":558.8,""mark"":2030957660}}",5.162062610991505,0.1986558036407906,0.1984685782128132,0.2046650874716381,5.162062610991505,0.1986558036407906,0.1984685782128132,0.2046650874716381,-0.9888287400000004,0.0355005600000007,-0.0030783399999995,-1.9287706600000092,-1.093344619999994,0.9108709999999938,-32.0,36.0,-38.0,100.1,34.42997102,81.58048769999107,48.85611129999465,47.93429787999475,48.3952048599947,149.33377377998366,1604.5975467400049,-1.0117632199999995,-0.0650204599999991,0.0240637800000008,5.597564839999993,1.6943903200000043,2.101890000000002,-3.0,16.91550025999999,-95.05064356000008,100.0,32.36609828,54.63346244000368,65.66521940000442,75.12101098000507,37.82316640000255,162.32442202001093,1644.4804200599965,-0.9941936200000008,-0.0415038399999996,0.0049777399999991,-5.180716139999983,-8.119539400000004,0.4642436199999937,-13.612094880000043,36.0,68.0,100.0,32.6391738,110.12893704000734,2.647330500000177,2.117864260000141,2.117864260000141,6.353592860000424,1697.893037980003,-0.9954013199999984,0.106365639999998,-0.0095522999999998,2.750136140000006,1.7459529999999934,4.013470940000011,-6.0,30.48669971999998,38.145690799999954,100.0,33.06829522,106.41675333999582,2.433498979999905,2.433498979999905,1.946799259999924,5.524202139999807,1427.5398526200042,-0.9592597799999972,0.2618047400000023,-0.0247393800000021,2.360878560000023,1.6081898799999728,1.2076688599999972,12.27141325999994,12.485268759999771,-6.221239600000018,100.0,40.33615446,83.13685992000222,99.45820624000264,70.38580790000188,53.55441878000143,197.89632880000528,2140.8628381199983,-1.00001624,-0.0172178000000001,0.0050027200000011,0.6718144400000013,1.9706388000000017,5.067723239999999,10.240878340000023,-15.0,26.240878340000023,100.0,33.70744194,111.23754748000124,56.87711690000064,51.34040644000057,60.90381560000068,164.59130304000183,1336.215242600002,939,X1.7287 Y1.8684
16:32:17.373,5,942,1.66341,1.90003,-0.125,89.81186,65.14597,-29.1675,,558.8,0,0,,2,1,"{""sr"":{""mpox"":89.81186,""mpoy"":65.14597,""mpoz"":-29.1675,""mpoa"":0,""posx"":1.66341,""posy"":1.90003,""posz"":-0.125,""posa"":0,""unit"":0,""stat"":5,""coor"":2,""momo"":1,""dist"":0,""home"":1,""mots"":1,""plan"":0,""line"":942,""path"":2,""frmo"":2,""prbe"":1,""safe"":0,""estp"":0,""spc"":1,""hold"":0,""macs"":5,""cycs"":1,""sps"":12000,""feed"":558.8,""mark"":2030957660}}",5.295216934150287,0.2053417973427178,0.208753987535418,0.2069485339002225,5.295216934150287,0.2053417973427178,0.208753987535418,0.2069485339002225,-0.9884840399999992,0.0291132799999995,-0.0056256200000023,-1.8688072600000087,-1.132059980000003,0.8877918800000032,-32.0,36.0,-39.0,100.1,34.42454986,70.9945479399922,48.55111013999466,48.09614161999471,48.55111013999466,149.3206257599836,2186.295112839968,-1.0074583400000003,-0.0800287200000001,0.0164544799999982,5.574101359999999,1.657181459999994,2.0621522000000017,-3.459845640000044,16.0,-95.46994731999996,100.0,32.3698987,53.27907836000335,67.77651550000459,76.32756304000515,39.6135254800027,167.2859752400113,2164.0019670799597,-0.9393056000000004,-0.0252113799999995,0.0354654800000012,-5.024960020000007,-8.241133819999995,0.313890879999999,-13.545730939999958,36.0,67.45426906000004,100.0,32.63454248,110.9363701800074,2.635731700000175,2.10858522000014,2.10858522000014,6.325755740000419,2416.762129619926,-0.9805890999999968,0.1533819799999979,-0.017557339999999,2.8150799599999967,1.6342769399999968,4.080175360000001,-5.485699499999981,30.855335980000017,39.0,100.0,33.0726074,105.88248389999588,2.4284974999999056,1.9427979999999243,1.9427979999999243,5.342693959999792,2008.526084339964,-0.9843716000000046,0.3355089199999922,-0.0119660999999998,2.2310478999998664,1.2177578199999923,1.2199238800000023,13.0,10.115225519999605,20.33769560000047,100.0,40.3134317,85.28395040000211,99.45762566000263,70.6282663400019,53.73889774000144,198.5780234000053,2222.7626084999542,-1.01070902,-0.0126159999999993,0.0076095399999994,0.5984753600000028,1.9323276199999948,5.02276328,10.0,-15.204827879999977,26.0,100.0,33.7,96.58004621999936,57.75218646000066,51.90932534000057,61.988806520000686,167.4136972600019,2355.056797299967,942,X1.6614 Y1.9008
16:32:17.630,5,946,1.57067,1.91733,-0.125,87.45621,65.58551,-29.1675,,558.8,0,0,,2,1,"{""sr"":{""mpox"":87.45621,""mpoy"":65.58551,""mpoz"":-29.1675,""mpoa"":0,""posx"":1.57067,""posy"":1.91733,""posz"":-0.125,""posa"":0,""unit"":0,""stat"":5,""coor"":2,""momo"":1,""dist"":0,""home"":1,""mots"":1,""plan"":0,""line"":946,""path"":2,""frmo"":2,""prbe"":1,""safe"":0,""estp"":0,""spc"":1,""hold"":0,""macs"":5,""cycs"":1,""sps"":12000,""feed"":558.8,""mark"":2030957660}}",5.266330372899478,0.198853795854632,0.1999219875755654,0.1972791494480145,5.266330372899478,0.198853795854632,0.1999219875755654,0.1972791494480145,-0.9896739599999996,0.0474462000000008,-0.0218619599999999,-2.01268148,-1.0550406399999614,0.8739639199999902,-32.31767615999984,36.68232384000016,-38.00864688,100.1,34.42677984,105.76809728002448,71.19006536001649,72.54606648001679,72.54606648001679,223.74020536005176,1929.033467039999,-1.0132418400000014,-0.0673944400000007,0.0304076799999989,5.211348679999955,1.812641119999988,1.9433534399999837,-3.4209323999998644,15.952392320000024,-94.46854007999984,100.00476064,32.35253308,25.38608923999239,49.27887891998523,54.50542671998366,29.11933747999128,120.58392355996384,2000.0279821600132,-1.0163621199999968,-0.0341324399999993,0.0313426000000005,-5.2630675599999766,-8.417898320000038,0.3020153600000015,-13.573486840000134,36.0,67.24482964000022,100.0,32.62475416,79.67045339997682,1.8879252399994504,1.5103407199995604,1.5103407199995604,4.531021159998682,2153.538529039994,-0.9806439599999957,0.106411360000003,-0.0161384400000017,2.822490720000004,1.6967971999999738,3.976670319999982,-5.431706359999941,31.0,38.43170635999994,100.0,33.05633664,123.98888316001285,2.841466200000296,2.273172880000237,2.273172880000237,6.25122536000065,1960.505571919993,-0.9172800400000046,0.3559640799999807,-0.0165073599999991,1.2815137199999829,1.1374710399999648,1.300459200000007,13.280687319999595,0.825420400000298,10.241163799997674,100.0,40.31,74.37585623999301,87.98119531999174,62.58456187999412,47.61868859999553,175.05536895998355,2541.146264960006,-1.0014033199999983,-0.0057806000000014,0.0095577600000015,0.6024349600000171,1.875239399999988,4.920302880000016,10.0,-15.0,26.47975655999998,100.03772572,33.69622736,113.70221767999593,55.65171843999801,50.3743999199982,59.969524159997846,162.63734923999417,1601.0547310399656,946,X1.5606 Y1.9178
16:32:17.888,5,950,1.47676,1.90724,-0.125,85.07096,65.32923,-29.1675,,558.8,0,0,,2,1,"{""sr"":{""mpox"":85.07096,""mpoy"":65.32923,""mpoz"":-29.1675,""mpoa"":0,""posx"":1.47676,""posy"":1.90724,""posz"":-0.125,""posa"":0,""unit"":0,""stat"":5,""coor"":2,""momo"":1,""dist"":0,""home"":1,""mots"":1,""plan"":0,""line"":950,""path"":2,""frmo"":2,""prbe"":1,""safe"":0,""estp"":0,""spc"":1,""hold"":0,""macs"":5,""cycs"":1,""sps"":12000,""feed"":558.8,""mark"":2030957660}}",5.202790964678551,0.202756383943969,0.209800895346513,0.2079116777079082,5.202790964678551,0.202756383943969,0.209800895346513,0.2079116777079082,-0.9796809999999988,0.0414302000000022,-0.0342864000000033,-1.7170309599999665,-1.050284320000024,0.8032417999999952,-31.84175392000008,36.0,-38.84175392000008,100.1,34.42,25.888622399987565,16.782747919991937,17.444449319991634,17.612268199991544,54.12670247997403,1781.054425640005,-0.9996672400000002,-0.0598612000000015,-0.0106666800000009,5.244697720000026,1.8411118799999704,1.9980308400000035,-0.8568046799997973,4.831416319998862,-27.39393899999351,100.0,32.35261772,37.55348808000332,102.56334308000778,109.96923716000832,61.96188340000472,246.49016568001863,1971.5146347599991,-0.9949154800000016,0.0089699999999971,0.0019462399999983,-5.167796000000017,-8.094062159999991,0.3405354399999918,-14.0,35.291272679999935,67.0,100.0,32.6246748,154.0888039200115,3.6687807600002738,2.935024640000219,2.935024640000219,8.805074600000657,1974.4420572000115,-1.020692039999998,0.1591744399999986,-0.0261254399999994,2.897808559999995,1.7411914400000048,4.021893600000003,-5.37216595999997,30.949947360000024,38.37216595999997,100.0,33.07899888,81.13215895999349,1.8608291199998508,1.4886631599998803,1.4886631599998803,4.093824359999672,1683.0168850800137,-0.8999423599999958,0.1623883999999946,-0.0249217199999992,1.7820178799999518,1.4344807999999587,1.127576839999997,9.52731739999992,1.5922652000003346,-3.4049508800003463,100.0,40.31941152,105.4450113600042,114.5342717200041,81.4728326000029,61.99019872000221,228.53701008000812,2346.462048720005,-1.0024634000000006,-0.0073237199999997,-0.0173240399999996,0.4990429600000177,1.852606559999986,4.891646719999993,10.0,-15.464533440000045,26.000114199999945,100.04646456,33.7046452,127.17853260000304,63.63605564000108,57.211833200000974,68.45422184000115,185.5546473600032,1714.482527679999,950,X1.4567 Y1.9016
16:32:18.144,5,953,1.38971,1.87113,-0.125,82.85977,64.41185,-29.1675,,558.8,0,0,,2,1,"{""sr"":{""mpox"":82.85977,""mpoy"":64.41185,""mpoz"":-29.1675,""mpoa"":0,""posx"":1.38971,""posy"":1.87113,""posz"":-0.125,""posa"":0,""unit"":0,""stat"":5,""coor"":2,""momo"":1,""dist"":0,""home"":1,""mots"":1,""plan"":0,""line"":953,""path"":2,""frmo"":2,""prbe"":1,""safe"":0,""estp"":0,""spc"":1,""hold"":0,""macs"":5,""cycs"":1,""sps"":12000,""feed"":558.8,""mark"":2030957660}}",5.382675374203664,0.1994157352926652,0.2049440194335811,0.2050251503995483,5.382675374203664,0.1994157352926652,0.2049440194335811,0.2050251503995483,-0.98607044,0.0424656000000011,-0.0045440799999985,-2.050969520000049,-0.9745779600000056,1.0958339600000055,-31.039705759999908,36.04580367999991,-41.82288316000036,100.1,34.42,153.6256210800144,93.5112478800088,102.0990146400096,104.96160456000987,317.7474016000299,1837.8232762400223,-1.0170629199999996,-0.0763531999999991,0.0226863999999978,5.219853399999991,1.806287399999981,2.0852479599999976,-3.0,16.006057399999985,-94.82593848000003,100.0,32.34720508,6.304148519997783,25.93706879999088,27.19789827999043,15.670311839994486,61.60053775997832,2052.069290000028,-1.003669160000001,-0.0219773199999955,-0.0026894000000021,-5.336583240000013,-7.905028399999964,0.514208640000014,-13.183976999999938,36.0,67.99385892000001,100.0,32.63619808,38.81919843998676,0.9198859999996858,0.735908999999749,0.735908999999749,2.207726959999247,1739.639288119969,-1.0202965200000031,0.167628800000002,-0.0338068399999998,3.008665640000017,1.7722829599999947,3.946516759999996,-4.667898920000034,30.0,38.01247523999997,100.0,33.06357084,146.8879138000075,3.339495480000169,2.671596560000135,2.6591213600001637,7.346890840000372,1493.904857319979,-0.9979129199999998,0.1696093200000021,0.0063167599999975,2.2894839199999706,1.364335679999979,1.3049929999999983,7.83981328000014,1.794298440000468,4.271094400000759,100.0,40.32,62.57098331999598,73.50205907999528,52.01684147999666,39.57803195999745,146.2502513199906,2173.3672754399936,-1.0063523999999997,-0.0004511199999992,-0.0236866800000005,0.5074076000000031,1.8655573599999984,4.912681559999994,10.0,-14.468886719999947,27.0,100.0,33.72,90.68869283999798,54.593691239998776,48.72825291999891,58.654379039998695,158.36682227999646,1239.229735999979,953,X1.3835 Y1.8676
16:32:18.402,5,957,1.31629,1.81262,-0.125,80.99495,62.92588,-29.1675,,558.8,0,0,,2,1,"{""sr"":{""mpox"":80.99495,""mpoy"":62.92588,""mpoz"":-29.1675,""mpoa"":0,""posx"":1.31629,""posy"":1.81262,""posz"":-0.125,""posa"":0,""unit"":0,""stat"":5,""coor"":2,""momo"":1,""dist"":0,""home"":1,""mots"":1,""plan"":0,""line"":957,""path"":2,""frmo"":2,""prbe"":1,""safe"":0,""estp"":0,""spc"":1,""hold"":0,""macs"":5,""cycs"":1,""sps"":12000,""feed"":558.8,""mark"":2030957660}}",5.145085388522001,0.1932426801729284,0.1994091803465061,0.2067904028317354,5.145085388522001,0.1932426801729284,0.1994091803465061,0.2067904028317354,-0.994,0.0360281600000001,-0.0061662800000005,-2.067798000000012,-1.0303623200000014,0.79306684,-27.153763160000697,32.40802364000083,-34.160903120000874,100.08758948,34.43,18.243798999996702,11.91431807999785,13.155392999997629,13.900037399997492,41.94832783999243,1639.7329134799918,-0.99703356,-0.0691465599999998,0.0377767599999996,5.51587864,1.7762327999999987,1.9734376399999976,-3.0,16.10217759999998,-94.89782240000002,100.0,32.3386932,79.78182956000167,115.83707884000242,118.90561124000249,69.80910052000145,270.0308066400056,1922.7031481200036,-0.9722949200000004,-0.0058628000000007,0.0213018800000003,-5.179764880000005,-8.305117559999998,0.5181338400000058,-13.134898720000004,35.86510128,67.0,100.0,32.62831388,160.4191570800033,3.8195038400000794,3.0556030000000627,3.0556030000000627,8.402908400000172,2085.85994156,-0.9906581600000004,0.1585969599999995,-0.0139330000000003,2.8808940400000016,1.7359869199999984,3.9738631600000014,-5.917525080000016,31.0,38.0,100.0,33.0535994,78.46595451999816,1.7996776399999577,1.4397422399999662,1.3572674399999818,3.9592915599999072,1931.1008724400035,-0.8954446400000015,0.2983396399999986,-0.0201528399999992,1.0985860799999976,0.785306159999991,1.119546280000005,12.52751516000002,8.683599079999942,5.8101350000000185,100.0,40.32924136,97.74726472000098,117.05536588000118,83.26618860000085,63.35470848000063,234.1107326400024,2200.8491010799994,-1.0020220000000002,-0.0121895999999999,-0.02611368,0.6256476800000021,1.94759536,4.952099999999999,10.0,-15.0,26.544300920000005,100.0,33.72610688,105.59429844000049,66.94896240000031,59.87305584000028,71.84766716000033,193.7709807600009,1450.3920669200008,957,X1.3012 Y1.7959
16:32:18.659,5,960,1.26131,1.73577,-0.125,79.59841,60.97382,-29.1675,,558.8,0,0,,2,1,"{""sr"":{""mpox"":79.59841,""mpoy"":60.97382,""mpoz"":-29.1675,""mpoa"":0,""posx"":1.26131,""posy"":1.73577,""posz"":-0.125,""posa"":0,""unit"":0,""stat"":5,""coor"":2,""momo"":1,""dist"":0,""home"":1,""mots"":1,""plan"":0,""line"":960,""path"":2,""frmo"":2,""prbe"":1,""safe"":0,""estp"":0,""spc"":1,""hold"":0,""macs"":5,""cycs"":1,""sps"":12000,""feed"":558.8,""mark"":2030957660}}",5.432714236137121,0.2084230054667166,0.2087756940970098,0.2085261373682944,5.432714236137121,0.2084230054667166,0.2087756940970098,0.2085261373682944,-0.9872503200000008,0.0368284799999994,0.0002777400000031,-1.712676800000011,-0.8740584000000138,0.8092004000000028,-32.0,37.0,-40.265579600000045,100.1,34.44,116.87445489999284,69.09962343999577,77.92017021999523,83.06656875999491,250.66991155998463,1702.0188921199804,-0.9960139399999997,-0.0769509599999993,0.0022575000000011,5.3369118200000045,1.668159440000002,2.0547918399999947,-3.1099018399999934,16.669510259999967,-94.77941209999996,100.0,32.35339052,33.27663744000369,51.44652886000497,51.886920440005,30.956151980003,118.42608450001144,1755.5674380399864,-0.9626056600000018,-0.0376342200000028,0.0101180800000007,-5.330816739999993,-8.170425600000016,0.421167219999994,-4.562793780000447,12.027359600001128,22.71834596000213,100.0,32.63997756,69.82550504000656,1.6704664200001569,1.3363732400001256,1.3363732400001256,3.675026760000345,1663.554557119984,-1.0413662,0.1251855600000009,-0.0100156599999998,2.768817120000004,1.5041107800000042,4.192429699999989,-5.821172259999969,31.0,38.41088187999995,100.0,33.05231472,127.37731247999632,2.948548879999915,2.358838999999932,2.358838999999932,6.486807379999813,1602.4735202399925,-0.9986995400000008,0.1490792200000057,0.0042166999999987,2.402395699999953,1.541086519999985,1.2341420999999944,13.234295399999931,16.49908486000027,10.61468331999989,100.0,40.32563252,72.77250218000218,84.12123488000229,59.82976656000165,45.85493106000126,168.40696452000464,1990.6867022599893,-1.00821238,-0.0027159599999997,0.0259401800000005,0.4390792800000009,1.889646659999997,5.0371207,10.0,-14.67144444000002,26.32855555999998,100.0,33.74,90.71412810000103,58.70483790000064,52.076872200000565,62.96567238000068,169.01312200000183,1292.7656659799968,960,X1.2561 Y1.7261
16:32:18.917,5,963,1.2288,1.6469,-0.125,78.77265,58.7165,-29.1675,,558.8,0,0,,2,1,"{""sr"":{""mpox"":78.77265,""mpoy"":58.7165,""mpoz"":-29.1675,""mpoa"":0,""posx"":1.2288,""posy"":1.6469,""posz"":-0.125,""posa"":0,""unit"":0,""stat"":5,""coor"":2,""momo"":1,""dist"":0,""home"":1,""mots"":1,""plan"":0,""line"":963,""path"":2,""frmo"":2,""prbe"":1,""safe"":0,""estp"":0,""spc"":1,""hold"":0,""macs"":5,""cycs"":1,""sps"":12000,""feed"":558.8,""mark"":2030957660}}",5.090592684509087,0.1887927488279516,0.2016040183896111,0.2027372563684458,5.090592684509087,0.1887927488279516,0.2016040183896111,0.2027372563684458,-0.9873084400000004,0.0405176000000004,-0.004542760000004,-1.7406026199999711,-0.887120619999971,0.9154498,-32.15266648000016,37.0,-39.00598248,100.1,34.44,65.20472937998784,39.122837459992695,44.17094611999176,47.53635127999113,143.87108081997314,1902.1408376600093,-0.9926965400000002,-0.0744977799999994,0.0208213199999983,5.350421420000017,1.8435156000000004,2.035732479999996,-3.0,17.0,-95.0,100.0,32.346248339999995,80.06709622000798,87.29537594000871,87.85139734000876,52.82204280000526,201.27978448002008,1813.730964160004,-0.97180028,-0.0375344999999995,0.0214924799999975,-5.224566780000022,-8.332146100000022,0.3171891200000075,-14.0,36.91113355999999,68.55547588000006,100.0,32.63555488,117.20541672001164,2.777379720000276,2.2219036800002208,2.2219036800002208,6.110234740000608,1797.8389585800187,-1.0284796200000004,0.1682680800000005,-0.0118538199999995,2.840392800000002,1.776535879999995,4.1065715399999965,-6.0,31.288057419999944,37.42388516000011,100.0,33.05711922,101.94760591999356,2.3448545199998514,1.875883499999881,1.875883499999881,5.158680639999672,1779.2529141800028,-1.04474718,0.0881516400000102,0.0201461599999985,3.572874040000025,1.038119800000067,1.1574769399999765,9.212883780000029,7.965408680000366,9.8639515599993,100.0,40.33,89.07399756000363,100.01290968000409,71.3633782600029,54.69455976000223,200.54672042000817,2098.896272039989,-1.0041105799999992,-0.0153806200000002,0.0159834799999985,0.4842359199999929,1.959372220000013,4.955626919999991,10.49052279999999,-15.0,25.766638760000045,100.0,33.72742828,105.97121810000186,63.17514910000111,56.04247088000098,67.25096512000118,181.3738152600032,1391.721782139997,963,X1.2288 Y1.6469
16:32:19.174,5,967,1.22182,1.55288,-0.125,78.59531,56.32831,-29.1675,,558.8,0,0,,2,1,"{""sr"":{""mpox"":78.59531,""mpoy"":56.32831,""mpoz"":-29.1675,""mpoa"":0,""posx"":1.22182,""posy"":1.55288,""posz"":-0.125,""posa"":0,""unit"":0,""stat"":5,""coor"":2,""momo"":1,""dist"":0,""home"":1,""mots"":1,""plan"":0,""line"":967,""path"":2,""frmo"":2,""prbe"":1,""safe"":0,""estp"":0,""spc"":1,""hold"":0,""macs"":5,""cycs"":1,""sps"":12000,""feed"":558.8,""mark"":2030957660}}",5.342479942414779,0.2013658945321375,0.2084945434738907,0.2134813518501538,5.342479942414779,0.2013658945321375,0.2084945434738907,0.2134813518501538,-0.98655152,0.0395314799999999,-0.0059871199999999,-1.8825104000000008,-0.9691713600000016,1.0104124799999994,-32.55327787999999,37.005446,-40.005446,100.1,34.44,63.86520432000162,41.03866536000103,46.33397692000116,49.86418500000125,150.91093636000383,1496.5261540800022,-1.01732856,-0.08007024,0.01954868,5.1765578,1.8781462399999973,1.99846272,-3.4767862399999903,16.47678623999999,-95.02069788,100.0,32.34523216,88.33585627999865,85.39420727999875,85.93811891999874,51.671654279999245,196.8961972399971,1652.2876293600011,-1.0094097200000005,-0.0119616799999997,0.0100529200000001,-5.0401636,-8.167611560000003,0.5187224399999973,-13.929878959999998,37.92987896,67.45719808000001,100.0,32.625428320000005,113.44560139999837,2.714009479999961,2.1712081199999687,2.1712081199999687,5.970820999999916,1727.638578800003,-1.0009726,0.1463958800000006,-0.01518996,2.83138,1.8862000799999996,4.053320240000001,-6.383279119999992,31.0,36.86163848,100.0,33.0613838,103.80395516000092,2.391796360000021,1.9134370000000167,1.9134370000000167,5.261951640000047,1533.0425996000038,-0.9896252799999996,0.1398603200000009,-0.03294376,3.1042458000000237,1.7325311199999964,0.9057262800000008,11.347630080000046,1.7301499600001151,7.651174359999915,100.0,40.33,91.44097355999948,99.2633076799994,70.82850599999958,54.284621479999686,199.04361175999884,1589.4356121600017,-0.99978916,-0.0134263599999999,0.0261423599999998,0.4449989200000011,1.7862439600000013,5.023923519999999,10.196967760000003,-15.0,25.0,100.0,33.7268976,104.8561278799996,62.38480851999986,55.28409915999987,66.13213167999984,178.41887791999957,1376.3631469999991,967,X1.2231 Y1.5348
16:32:19.432,5,970,1.23972,1.46068,-0.125,79.0501,53.98643,-29.1675,,558.8,0,0,,2,1,"{""sr"":{""mpox"":79.0501,""mpoy"":53.98643,""mpoz"":-29.1675,""mpoa"":0,""posx"":1.23972,""posy"":1.46068,""posz"":-0.125,""posa"":0,""unit"":0,""stat"":5,""coor"":2,""momo"":1,""dist"":0,""home"":1,""mots"":1,""plan"":0,""line"":970,""path"":2,""frmo"":2,""prbe"":1,""safe"":0,""estp"":0,""spc"":1,""hold"":0,""macs"":5,""cycs"":1,""sps"":12000,""feed"":558.8,""mark"":2030957660}}",5.093155592557416,0.1875701036102858,0.1990348665825466,0.2045410308866554,5.093155592557416,0.1875701036102858,0.1990348665825466,0.2045410308866554,-0.9949424,0.0288703600000013,-0.0068822799999985,-1.8114532000000496,-0.8976507600000493,0.7841476000000247,-32.0,36.27818392000013,-39.71658671999987,100.1,34.452781800000004,103.9050949199805,67.35916531998735,75.95820735998574,80.25772851998492,242.2063597199545,1981.110555359881,-0.9996214799999992,-0.0687866799999991,0.0019345600000017,5.325025839999949,1.687519280000027,1.953,-3.0,16.612526319999883,-93.77494736000024,100.0,32.35225079999999,63.68519384001765,53.64785344001486,54.34008404001506,32.534827160009016,124.25535084003444,1737.7659419999625,-0.9523050799999992,-0.0230716000000024,0.0054417199999992,-5.240523840000049,-8.041311199999944,0.4639566000000089,-12.73714472000021,37.3466895200001,67.0,100.0,32.63653316,72.11141368001958,1.733447320000471,1.3867578000003766,1.3867578000003766,3.466895080000941,1871.6779202399164,-0.9814391199999984,0.0723775600000052,-0.0076654800000002,2.900341200000017,1.7407520800000045,4.029122080000023,-7.0,30.91171235999996,36.49540247999991,100.0,33.07495432,126.48416503998888,2.9184500399997457,2.3347601999997964,2.3347601999997964,7.004280319999389,1554.6204510799548,-0.950645120000005,0.2179645200000038,-0.0254269200000011,2.110062399999962,1.032301520000035,1.1384344400000084,11.121211400000009,-1.772732680000229,-5.143929479999682,100.0,40.33911592,74.24259536000613,84.84868076000701,60.54306880000501,46.40162208000384,170.13928140001408,1994.0699213199744,-1.002908,-0.0189512,0.000828720000003,0.5538396400000354,1.8767307599999925,5.053909200000014,10.399404159999923,-14.524561079999986,25.600595840000075,100.0,33.73524544,109.8263521600034,57.52808912000178,50.87194628000157,61.3315993200019,164.5018082000051,1596.358575599921,970,X1.2424 Y1.4524
16:32:19.689,5,974,1.28133,1.37611,-0.125,80.10694,51.83851,-29.1675,,558.8,0,0,,2,1,"{""sr"":{""mpox"":80.10694,""mpoy"":51.83851,""mpoz"":-29.1675,""mpoa"":0,""posx"":1.28133,""posy"":1.37611,""posz"":-0.125,""posa"":0,""unit"":0,""stat"":5,""coor"":2,""momo"":1,""dist"":0,""home"":1,""mots"":1,""plan"":0,""line"":974,""path"":2,""frmo"":2,""prbe"":1,""safe"":0,""estp"":0,""spc"":1,""hold"":0,""macs"":5,""cycs"":1,""sps"":12000,""feed"":558.8,""mark"":2030957660}}",5.295289087079653,0.2032236997936743,0.2086402799308227,0.2170897718626634,5.295289087079653,0.2032236997936743,0.2086402799308227,0.2170897718626634,-0.9812174200000006,0.0293663599999992,-0.0118738999999985,-1.6492563200000283,-0.8359562800000206,0.924462860000004,-32.0,36.14697732000007,-39.99175862,100.1,34.45853004,20.210069780009164,14.118067020006428,15.5795985600071,16.306243780007435,49.22092880002246,1692.1714470000452,-1.008136780000001,-0.0689907200000025,0.02588724,5.414081039999996,1.706466699999999,2.043504880000005,-3.02076438000001,16.0,-94.72701389999996,100.0,32.36252194,158.21720143999016,112.95600075999285,115.1993347399927,68.06855891999568,263.2801355199833,1919.0579095400408,-1.0134502599999953,-0.0472276599999938,0.0155513200000008,-5.198471599999977,-8.342567979999995,0.5002302199999902,-12.273939840000056,38.02231194000001,68.22931596000004,100.0,32.63229284,152.7349019599905,3.741862219999767,2.993489259999813,2.993489259999813,7.506035519999544,2021.28602994002,-0.9932091400000012,0.1190042199999987,-0.0123267,2.943846079999996,1.7868795799999988,4.044525119999997,-7.0,30.40846878000005,35.45238902000007,100.0,33.057729800000004,78.37789372000549,1.822741700000128,1.822741700000128,1.458193160000102,4.374580340000307,2027.129338340021,-0.9984404599999968,0.1432635200000172,-0.0229280400000011,3.169793379999976,1.4222665599999982,1.129785920000004,11.195872279999962,14.817988959999516,-11.395575399999748,100.0,40.34,98.31806051999712,115.99960027999644,82.51517915999746,62.78328875999808,231.9478919599929,2317.263716220045,-1.006497299999999,-0.0095575800000011,0.0165966599999979,0.5697861800000038,1.8856147400000065,4.946100180000007,10.461709120000007,-15.475759739999964,27.0,100.0,33.73937462,119.94090745999723,64.11914621999917,56.58307361999927,67.88718179999911,182.12991079999765,1623.5791677600198,974,X1.2977 Y1.3538
16:32:19.946,5,977,1.34429,1.30577,-0.125,81.7061,50.05171,-29.1675,,558.8,0,0,,2,1,"{""sr"":{""mpox"":81.7061,""mpoy"":50.05171,""mpoz"":-29.1675,""mpoa"":0,""posx"":1.34429,""posy"":1.30577,""posz"":-0.125,""posa"":0,""unit"":0,""stat"":5,""coor"":2,""momo"":1,""dist"":0,""home"":1,""mots"":1,""plan"":0,""line"":977,""path"":2,""frmo"":2,""prbe"":1,""safe"":0,""estp"":0,""spc"":1,""hold"":0,""macs"":5,""cycs"":1,""sps"":12000,""feed"":558.8,""mark"":2030957660}}",5.29146720341535,0.1966383805525498,0.1912555928761216,0.197537337004667,5.29146720341535,0.1966383805525498,0.1912555928761216,0.197537337004667,-0.985965,0.033936,0.016624,-1.830567,-1.096828,0.916433,-32.992903,36.0,-39.992903,100.1,34.459929,159.857435,98.297429,105.247752,108.226462,327.658097,1314.867057,-0.999541,-0.074229,0.011856,5.380401,1.863798,2.023401,-3.308221,16.0,-95.691779,100.0,32.378459,34.212541,22.50014,23.424803,13.561728,53.322249,1407.434835,-1.037748,-0.025687,0.008006,-4.715345,-8.137086,0.192543,-11.156444,39.0,68.0,100.0,32.64,32.071085,0.782222,0.625777,0.625777,1.564443,1587.32801,-1.00114,0.120909,-0.008661,2.808,1.77,4.008844,-7.0,31.0,38.0,100.0,33.06,148.853959,4.115778,3.429815,2.743852,8.231555,1327.305334,-0.96293,0.024559,-0.050096,3.112235,1.8857,1.320567,9.896718,11.735521,14.644788,100.0,40.311033,60.680503,71.713321,50.750966,38.614865,142.323361,1519.399612,-1.007916,-0.022659,0.01796,0.52174,2.06852,4.95048,10.553118,-15.446882,26.446882,100.0,33.73,74.629343,52.285229,46.475759,55.413405,148.811804,1171.979193,977,X1.3582 Y1.2941
16:32:20.203,5,980,1.4229,1.25467,-0.125,83.70279,48.75377,-29.1675,,558.8,0,0,,2,1,"{""sr"":{""mpox"":83.70279,""mpoy"":48.75377,""mpoz"":-29.1675,""mpoa"":0,""posx"":1.4229,""posy"":1.25467,""posz"":-0.125,""posa"":0,""unit"":0,""stat"":5,""coor"":2,""momo"":1,""dist"":0,""home"":1,""mots"":1,""plan"":0,""line"":980,""path"":2,""frmo"":2,""prbe"":1,""safe"":0,""estp"":0,""spc"":1,""hold"":0,""macs"":5,""cycs"":1,""sps"":12000,""feed"":558.8,""mark"":2030957660}}",5.108499427219405,0.202955588646702,0.2066264159924491,0.2079451491039785,5.108499427219405,0.202955588646702,0.2066264159924491,0.2079451491039785,-0.9935470000000018,0.0409865200000024,-0.0352755999999912,-1.9350180000000952,-0.8897334400000317,0.9070009400000107,-32.145144519999825,36.85629454000017,-38.854855480000175,100.09985608,34.46,19.687643499976254,14.801659059982144,15.376480319981452,15.52018577998128,47.279085059942965,1447.6161252000295,-1.0054128800000008,-0.0596887600000016,0.0186850999999959,5.311222740000041,1.892,1.9983866999999969,-3.0,16.0,-93.74403991999996,100.0,32.36119196,132.4957717200218,104.64154674001722,112.16971588001844,62.48380086001028,251.4408386400413,1878.482728900005,-1.0113546400000082,-0.0185753199999838,-0.0097966799999995,-5.270082960000002,-7.844043519999927,0.427,-12.25211733999988,38.11803301999985,67.13408432000003,100.0,32.621180339999995,151.82013750002457,3.7394125800006055,2.991529920000485,2.991529920000485,8.226707100001331,1651.945990199923,-1.0681954599999952,0.1408049800000021,-0.0115729200000015,2.945117080000033,1.731401979999996,4.001479979999977,-7.096233059999879,30.90376694000012,36.09623305999988,100.0,33.063672219999994,80.04339857998612,2.2035158799996064,1.836263139999672,1.4690105399997375,4.407031619999213,1479.8366804799616,-0.9665546000000008,-0.0435713799999959,-0.0142071999999973,2.694901420000199,1.6352996600000111,1.2025795400000154,13.279872659999985,5.255741259998754,16.640234920002268,100.0,40.28684294,101.84391872000803,115.54222388000912,82.18982954000649,62.53573950000493,229.2977125000181,1756.0235217799948,-1.0102975399999994,-0.0162229799999999,0.0032568200000002,0.4183167799999857,2.115965520000042,4.953448879999988,10.0,-15.077449399999905,26.922550600000097,100.0,33.73458256,117.56355628000424,61.76149990000222,55.260289700001984,65.55387268000236,176.07445122000632,1565.1037077399917,980,X1.4314 Y1.2505
16:32:20.461,5,983,1.5129,1.2256,-0.125,85.98879,48.01548,-29.1675,,558.8,0,0,,2,1,"{""sr"":{""mpox"":85.98879,""mpoy"":48.01548,""mpoz"":-29.1675,""mpoa"":0,""posx"":1.5129,""posy"":1.2256,""posz"":-0.125,""posa"":0,""unit"":0,""stat"":5,""coor"":2,""momo"":1,""dist"":0,""home"":1,""mots"":1,""plan"":0,""line"":983,""path"":2,""frmo"":2,""prbe"":1,""safe"":0,""estp"":0,""spc"":1,""hold"":0,""macs"":5,""cycs"":1,""sps"":12000,""feed"":558.8,""mark"":2030957660}}",5.331667364816416,0.1993508807892622,0.1988752172219698,0.1949520142999953,5.331667364816416,0.1993508807892622,0.1988752172219698,0.1949520142999953,-1.0026033999999993,0.0458075999999992,-0.0092993000000012,-1.9642423999999896,-0.9955793000000016,0.8117014000000017,-32.0,36.9980323,-38.9960646,100.1,34.4599802,115.05848309999536,73.22529579999704,73.92267949999703,74.618095199997,228.0425244999908,1788.044151299996,-0.9947509,-0.0659264999999993,0.021664899999999,5.301912800000004,1.772834000000002,1.9593441,-3.0,16.0,-94.3584789,100.0,32.3589598,76.22557270000377,47.2727498000026,52.4419208000029,27.81088480000152,115.8462196000064,1649.1143439999987,-0.9793380999999995,-0.0061847000000011,0.0140051999999996,-5.271407900000007,-7.953307800000009,0.5187479000000029,-12.35921330000002,38.0,68.25203210000002,100.0,32.623591999999995,72.66819150000394,1.7960648000000976,1.436851500000078,1.436851500000078,3.951342200000215,1953.0998236999976,-1.0168915000000007,0.1066967999999999,-0.0023877000000003,2.8606392999999994,1.7715042999999966,4.027248200000002,-7.574693699999989,30.78118280000001,36.20648910000002,100.0,33.0657469,124.13390079999768,3.448163799999936,2.873469799999947,2.2987760999999574,6.896327999999873,1839.415617200002,-0.9429708000000014,0.3917683999999993,-0.0515660999999989,3.1187623999999983,1.5712267000000073,1.2911638000000003,9.256271399999989,0.9869101999998346,8.485151100000131,100.0,40.2980929,74.1323590000013,86.4569679000015,61.42634250000107,46.485447700000805,172.27625610000297,2029.0031690999929,-0.9989088,-0.0095341999999997,-0.0224571999999993,0.4765408000000021,2.034293899999996,4.954176600000001,10.0,-15.833171499999985,26.521513299999995,100.0,33.7368836,100.72238369999955,53.59051250000036,47.84867250000032,57.25157790000036,153.427408600001,1761.6732819000017,983,X1.5129 Y1.2256
16:32:20.718,5,987,1.60747,1.2219,-0.125,88.39079,47.9215,-29.1675,,558.8,0,0,,2,1,"{""sr"":{""mpox"":88.39079,""mpoy"":47.9215,""mpoz"":-29.1675,""mpoa"":0,""posx"":1.60747,""posy"":1.2219,""posz"":-0.125,""posa"":0,""unit"":0,""stat"":5,""coor"":2,""momo"":1,""dist"":0,""home"":1,""mots"":1,""plan"":0,""line"":987,""path"":2,""frmo"":2,""prbe"":1,""safe"":0,""estp"":0,""spc"":1,""hold"":0,""macs"":5,""cycs"":1,""sps"":12000,""feed"":558.8,""mark"":2030957660}}",5.102304182816789,0.1979533707337928,0.2041744878486518,0.2066478078595563,5.102304182816789,0.1979533707337928,0.2041744878486518,0.2066478078595563,-0.9875840000000016,0.0426796800000017,-0.010840359999997,-1.8238188799999824,-1.0907303199999825,0.888787120000009,-32.55663888000014,36.43891711999986,-38.0,100.1,34.4644336,69.78782895997688,46.52521911998459,45.64738499998488,46.08630211998473,141.77024327995306,1273.7905235999915,-1.0140103600000017,-0.083712679999999,0.0230602400000021,5.320343200000003,1.7978872400000048,2.036823039999981,-3.0,16.373269159999875,-94.0,100.0,32.36084784,97.55083800001854,68.82753576001309,78.04067004001485,39.56228388000752,170.1720174400323,1429.898937599958,-1.030266760000003,-0.0546923199999965,0.0132366400000001,-5.250858119999987,-7.992283640000027,0.4044011600000076,-5.465671559998776,17.307959439996125,31.057140679993086,100.0,32.6362952,111.0835844800208,2.72263688000051,2.178109480000408,2.178109480000408,5.989801040001122,1266.913809519969,-1.0340979599999969,0.0799238400000035,-0.0100151200000005,2.9435370400000096,1.777751319999991,4.107404759999994,-6.698282320000101,31.0,36.82535783999995,100.0,33.0734902,104.021040879988,2.8581579199996683,2.381798079999724,1.905438799999779,5.716315399999337,1259.5886064799713,-1.0082802000000055,0.1440696399999902,0.0080074800000019,0.9869541599999376,1.1273703599999627,1.0482710399999984,11.760370679999866,-3.8887004399993033,-3.7404109600014337,100.0,40.28278168,86.4746637600066,100.45559708000768,71.45810488000546,54.37029708000416,199.87556892001527,1694.6900763199596,-1.0040655200000008,-0.0038987199999978,0.0107293600000024,0.5625175599999911,1.832823399999997,4.929485759999998,10.0,-15.0,26.494220039999984,100.0,33.74,99.63868696000324,56.14159488000182,50.57801364000164,59.68205616000193,160.83808300000518,1217.950850079959,987,X1.6264 Y1.2239
16:32:20.976,5,990,1.69908,1.24282,-0.125,90.71775,48.45281,-29.1675,,558.8,0,0,,2,1,"{""sr"":{""mpox"":90.71775,""mpoy"":48.45281,""mpoz"":-29.1675,""mpoa"":0,""posx"":1.69908,""posy"":1.24282,""posz"":-0.125,""posa"":0,""unit"":0,""stat"":5,""coor"":2,""momo"":1,""dist"":0,""home"":1,""mots"":1,""plan"":0,""line"":990,""path"":2,""frmo"":2,""prbe"":1,""safe"":0,""estp"":0,""spc"":1,""hold"":0,""macs"":5,""cycs"":1,""sps"":12000,""feed"":558.8,""mark"":2030957660}}",5.326096685886784,0.201602285624637,0.2157699232139021,0.214538189030519,5.326096685886784,0.201602285624637,0.2157699232139021,0.214538189030519,-0.9987605999999992,0.0490942000000003,-0.0066106000000026,-1.891613400000017,-1.0983722000000171,0.8423561999999931,-32.9961144,36.0,-38.0038856,100.0602616,34.47,61.46005839999142,42.93567399999399,41.33060179999423,41.73186979999416,129.20440339998194,2793.2292524000068,-1.0048784,-0.0637904000000004,0.0020973999999992,5.32749280000001,1.762574800000001,1.951678599999994,-3.0,16.0,-94.9391384,100.0,32.3406088,122.47481200000884,70.37900260000488,81.18029300000565,40.07931580000277,173.405323000012,2185.813565800015,-1.0075254000000011,0.0243889999999996,-0.0062355999999992,-5.229548600000024,-8.097569799999992,0.4089644000000071,-13.0,38.0,68.07375140000009,100.0,32.62,117.41179980000813,2.840561200000195,2.272448600000156,2.272448600000156,6.249234000000429,2264.884066399992,-1.0158937999999993,0.1404333999999963,-0.0192713999999985,2.8515973999999966,1.6815494000000009,4.0856701999999885,-7.0,30.53655220000002,37.25127159999997,100.0,33.074109400000005,100.56818859999542,2.780687199999874,2.3172393999998944,1.853791399999916,5.561374399999748,2169.272449599996,-0.9109871999999998,0.2956539999999938,-0.0228457999999992,3.948691999999973,1.60737719999997,1.2054677999999976,10.078342600000209,-2.8849584000000688,7.368793199999748,100.0,40.2667394,86.26429740000249,102.21828460000292,72.71197540000209,55.32432940000159,203.90967060000585,2693.813959400002,-1.0032184000000002,-0.0150212,0.0146962000000001,0.3785091999999876,2.1683006000000167,5.053845000000001,10.0,-15.0,26.821824000000024,100.0,33.7466766,114.28936800000164,56.15958000000067,50.54362200000061,60.24391320000073,161.84169960000196,2324.3059731999865,990,X1.7087 Y1.2463
16:32:21.233,5,993,1.78203,1.28677,-0.125,92.82478,49.56911,-29.1675,,558.8,0,0,,2,1,"{""sr"":{""mpox"":92.82478,""mpoy"":49.56911,""mpoz"":-29.1675,""mpoa"":0,""posx"":1.78203,""posy"":1.28677,""posz"":-0.125,""posa"":0,""unit"":0,""stat"":5,""coor"":2,""momo"":1,""dist"":0,""home"":1,""mots"":1,""plan"":0,""line"":993,""path"":2,""frmo"":2,""prbe"":1,""safe"":0,""estp"":0,""spc"":1,""hold"":0,""macs"":5,""cycs"":1,""sps"":12000,""feed"":558.8,""mark"":2030957660}}",5.216541100314074,0.1967331875413128,0.1929257684872317,0.2038997428731006,5.216541100314074,0.1967331875413128,0.1929257684872317,0.2038997428731006,-0.9858421800000003,0.0387045599999998,0.0052491800000038,-1.9619120799999497,-1.1842194999999571,0.8401081400000219,-32.74151579999988,36.9925815,-38.97774524,100.07415158,34.467415079999995,114.51922369998168,78.54844185998742,74.87795361998802,76.34614895998779,234.9112280199624,1630.4576506199603,-1.0044105200000002,-0.0719278200000005,0.0214214399999994,5.550373019999994,1.815139160000012,2.128855459999997,-3.0,16.330955000000085,-93.7399916400002,100.0,32.355909839999995,60.8957201200154,40.045554920010126,46.33369984001171,22.504939680005688,98.62459008002494,1767.9938683399848,-1.0215234400000062,0.0001569600000022,0.0298969200000003,-5.267249859999985,-8.135361500000009,0.4167950999999804,-13.3755473000001,37.04065932000002,69.0,100.0,32.62710438,70.32642674001723,1.6744389400004105,1.3395507000003282,1.3395507000003282,3.683765120000903,1864.3013157999717,-1.0003199199999984,0.1112945,-0.0066933200000001,2.80692880000001,1.76892880000001,3.9869497200000006,-6.0,30.491221880000083,37.09964321999988,100.0,33.06409168,129.66208959999008,3.036416179999816,2.954328459999778,2.3634626199998223,7.090387859999468,1559.552568339964,-0.9856157800000104,0.2536999200000033,-0.0068542999999944,3.081218140000029,1.22027600000002,1.02103056000001,10.44905591999996,14.017298319999304,-5.896385179999662,100.0,40.28564532,73.59296368000538,84.47949708000617,60.09366264000439,45.72343914000335,168.52353306001234,2261.331984760005,-1.0105319600000002,-0.0037264400000005,0.0123908800000006,0.4558562200000008,1.842392419999996,4.976143779999999,10.0,-15.473053220000011,27.47305322000001,100.0,33.75,112.11361832000306,52.03585648000141,46.83227088000128,55.820282680001526,150.4309303600041,1277.933364160017,993,X1.7863 Y1.2896
16:32:21.491,5,996,1.85264,1.35056,-0.125,94.61819,51.18946,-29.1675,,558.8,0,0,,2,1,"{""sr"":{""mpox"":94.61819,""mpoy"":51.18946,""mpoz"":-29.1675,""mpoa"":0,""posx"":1.85264,""posy"":1.35056,""posz"":-0.125,""posa"":0,""unit"":0,""stat"":5,""coor"":2,""momo"":1,""dist"":0,""home"":1,""mots"":1,""plan"":0,""line"":996,""path"":2,""frmo"":2,""prbe"":1,""safe"":0,""estp"":0,""spc"":1,""hold"":0,""macs"":5,""cycs"":1,""sps"":12000,""feed"":558.8,""mark"":2030957660}}",5.14754155166541,0.2023420440972707,0.205899158099158,0.2082470249413741,5.14754155166541,0.2023420440972707,0.205899158099158,0.2082470249413741,-0.9886839999999992,0.0364670000000025,-0.0040363999999975,-1.878091299999976,-0.9773573,0.8483033999999879,-33.0,36.0993474000002,-37.21042180000039,100.0005868,34.46,16.822048400031402,11.257587800021014,10.731532500020032,10.941954300020411,33.66755170006282,2016.945423099922,-1.000926699999999,-0.0857047999999982,0.0577501999999979,5.565915299999958,1.6989855999999988,2.0740931999999983,-3.0,16.01486540000003,-95.0,100.0,32.3598513,106.80933799998186,93.16500129998336,108.69250179998058,52.0171258999907,229.0306291999591,1579.7554528999951,-0.9976988000000094,-0.0343146999999966,0.0182798999999999,-4.809484000000085,-8.147387300000021,0.4723597999999879,-13.0,37.0,67.01552430000002,100.0,32.624352200000004,161.91639989997142,3.873226799999315,3.0985811999994524,3.0985811999994524,9.295743699998358,1640.7685055999343,-1.0038796999999997,0.1621338000000033,-0.0156902000000016,2.74598029999999,1.7632605999999786,3.946711000000005,-6.0,30.968745199999937,38.0,100.0,33.06,75.45441630001613,1.7466299000003738,1.7466299000003738,1.397304300000299,4.191911900000897,1354.706390999993,-0.9443883999999804,0.3650290999999774,0.0205563999999843,2.6039998999999927,2.070532699999992,1.0623097999999824,13.396387799999168,18.32528749999957,16.147374399998316,100.0,40.2960875,107.03625239999032,118.1042278999896,84.0122858999926,63.922391899994366,235.02750479997937,1929.17528749996,-1.0116317,-0.0014070000000018,0.0223131999999997,0.304393100000053,2.0499415999999244,5.002538900000008,10.0,-15.955319499999913,26.04468050000009,100.0044681,33.7454247,122.70348879999432,60.17418529999756,54.25123099999788,64.5142843999974,174.05708979999304,1633.2630401999809,996,X1.8571 Y1.3554
16:32:21.766,5,999,1.90929,1.43425,-0.125,96.04826,53.29879,-29.1675,,558.8,0,0,,2,1,"{""sr"":{""mpox"":96.04826,""mpoy"":53.29879,""mpoz"":-29.1675,""mpoa"":0,""posx"":1.90929,""posy"":1.43425,""posz"":-0.125,""posa"":0,""unit"":0,""stat"":5,""coor"":2,""momo"":1,""dist"":0,""home"":1,""mots"":1,""plan"":0,""line"":999,""path"":2,""frmo"":2,""prbe"":1,""safe"":0,""estp"":0,""spc"":1,""hold"":0,""macs"":5,""cycs"":1,""sps"":12000,""feed"":558.8,""mark"":2030957660}}",5.275016771358513,0.204914278468689,0.2059702765893219,0.2135587216063778,5.275016771358513,0.204914278468689,0.2059702765893219,0.2135587216063778,-0.9983968000000002,0.0411770000000001,-0.011652999999999,-1.7214663999999895,-0.9526856000000036,0.8790643999999964,-32.60140480000006,36.0028592,-37.80290939999988,100.1,34.47,88.47221880000826,64.35028020000601,61.9446626000058,62.54892560000586,193.05370000001807,1553.1326954000194,-1.0070673999999995,-0.0676101999999998,0.0406999999999992,5.700818799999992,1.6300425999999992,2.09723560000001,-3.340391199999952,16.659608800000047,-94.34039119999996,100.0,32.356596,42.85412979999616,52.57571379999515,60.77795479999439,29.69577919999725,129.32645319998807,1634.8800864000068,-1.0418959999999975,0.0271860000000022,0.0101815999999996,-5.194489999999992,-8.278905399999989,0.3560692000000128,-13.0,36.66244160000005,68.0,100.0,32.634312800000004,89.55582439999193,2.1563925999998044,1.7251141999998436,1.7251141999998436,5.175342599999531,1945.9548226000145,-1.016671200000001,0.1315237999999969,-0.0180029999999993,2.824090600000004,1.6922980000000023,3.9618030000000033,-5.811394799999982,30.72619400000004,37.73621759999994,100.0,33.08,116.65673780000456,2.687943200000105,2.1503544000000843,2.1503544000000843,5.913474800000231,1436.542259600009,-0.9978838000000048,0.2396428000000016,-0.0066831999999982,3.4007708000001173,0.9753193999999716,1.0644459999999885,15.020083200000087,0.2286069999999654,17.02994680000027,100.0,40.3025312,77.68728139999753,91.89836959999708,65.37100519999792,49.73880819999842,182.8493331999942,2347.956812400006,-1.0047484,-0.0116751999999996,-0.0047651999999985,0.4432847999999862,1.909212000000021,4.929212600000001,10.0,-15.221176399999967,27.22117639999997,100.0,33.7577884,108.0207723999997,54.5423875999993,49.42740799999939,58.94681019999925,159.001563199998,1237.856449599996,999,X1.9114 Y1.4381
16:32:22.042,5,1002,1.94371,1.52889,-0.125,96.9314,55.71912,-29.1675,,558.8,0,0,,2,1,"{""sr"":{""mpox"":96.9314,""mpoy"":55.71912,""mpoz"":-29.1675,""mpoa"":0,""posx"":1.94371,""posy"":1.52889,""posz"":-0.125,""posa"":0,""unit"":0,""stat"":5,""coor"":2,""momo"":1,""dist"":0,""home"":1,""mots"":1,""plan"":0,""line"":1002,""path"":2,""frmo"":2,""prbe"":1,""safe"":0,""estp"":0,""spc"":1,""hold"":0,""macs"":5,""cycs"":1,""sps"":12000,""feed"":558.8,""mark"":2030957660}}",5.168842743167403,0.1947219105381678,0.2016536749280068,0.1969494091456096,5.168842743167403,0.1947219105381678,0.2016536749280068,0.1969494091456096,-0.9943040399999992,0.0440341600000014,-0.0174356800000031,-1.8707838799999756,-1.025871679999988,0.908642799999994,-32.910572839999894,36.0,-38.0795196800001,100.1,34.47910544,134.76475783998512,97.43127743998922,94.69955983998952,95.61013175998944,295.0255509199674,1508.7807815600684,-1.0009778000000005,-0.0918508400000006,0.0422668800000025,5.41584455999999,1.871447320000017,1.955916320000004,-3.0,16.217037680000086,-95.0,100.0,32.3521708,12.715326720004448,25.430653440008896,29.122199960010192,14.561100400005094,62.75629044002197,1394.0738399600823,-1.0137497200000034,0.0251825199999978,0.0294757199999983,-5.204890840000027,-8.105143039999996,0.3917138400000086,-13.0,36.0,67.01226808000001,100.0,32.64987728,44.26193228001488,1.264626240000425,0.8430848000002827,0.8430848000002827,2.529253400000848,1681.2168970800813,-1.0318659199999938,0.0681453199999999,-0.020510159999997,2.942944479999982,1.6896512799999996,3.9862241199999953,-5.025225520000032,30.02522552000003,37.36765088000007,100.0,33.06367684,143.93326227999157,3.2878750399998093,2.630300399999848,2.630300399999848,7.233325719999581,1382.540100600064,-0.9396929999999988,0.2199358000000047,-0.032719359999998,3.152762640000022,1.6378881199999475,1.027864680000008,8.006559520000566,-0.8767217200003109,-5.324226680000126,100.0,40.31,66.27263192000467,75.18649480000529,53.48317628000377,40.69372164000286,149.98542984001057,1681.4203932000469,-1.0064752799999994,-0.0073315200000009,-0.0028638800000027,0.5419692399999819,1.7977770399999902,5.007170000000003,10.0,-15.035573680000043,27.0,100.0,33.75486456,84.77042160000218,50.95243364000132,45.99246240000119,55.01059240000142,148.79914400000382,1684.2951592800928,1002,X1.9439 Y1.5296
16:32:22.306,5,1009,1.94493,1.62495,-0.125,96.96243,58.15908,-29.1675,,558.8,0,0,,2,1,"{""sr"":{""mpox"":96.96243,""mpoy"":58.15908,""mpoz"":-29.1675,""mpoa"":0,""posx"":1.94493,""posy"":1.62495,""posz"":-0.125,""posa"":0,""unit"":0,""stat"":5,""coor"":2,""momo"":1,""dist"":0,""home"":1,""mots"":1,""plan"":0,""line"":1009,""path"":2,""frmo"":2,""prbe"":1,""safe"":0,""estp"":0,""spc"":1,""hold"":0,""macs"":5,""cycs"":1,""sps"":12000,""feed"":558.8,""mark"":2030957660}}",5.276361605260995,0.1983854917157098,0.199698044476612,0.1850274379454135,5.276361605260995,0.1983854917157098,0.199698044476612,0.1850274379454135,-0.9893966000000002,0.0442030000000001,-0.0270424000000011,-1.879439199999993,-1.086043999999993,1.0613167999999793,-32.9987084,37.0,-38.0025832,100.020592,34.4620592,33.354564800018274,21.486069200011773,21.690698400011883,21.895327600012,67.11838800003677,1362.5510318000204,-1.005848,-0.0713924000000007,0.0264294000000018,5.306651400000006,1.880174000000009,1.9751735999999969,-3.0,16.12116719999998,-94.29080100000007,100.0,32.3616964,10.637983599998812,91.48666099998978,102.83384359998853,53.18991919999406,224.81605779997489,1855.995057999992,-0.9877581999999996,-0.0308968000000029,0.0164493999999994,-5.2663013999999695,-8.1298508,0.4518695999999905,-13.872605600000018,36.0,67.29614780000009,100.0,32.6246486,149.2167015999835,4.223114199999533,2.8154091999996886,2.8154091999996886,8.446228599999067,1622.4381838000363,-0.986239200000001,0.1294116000000014,-0.0115263999999983,2.870368000000003,1.785211199999998,4.154108199999987,-5.249369599999965,30.386530600000043,39.13716100000008,100.0,33.0588524,84.53799120000942,1.932653400000213,1.5461226000001702,1.4089616000000922,4.251836600000468,1702.9311930000215,-1.0242497999999878,0.2632674000000269,0.0173483999999971,2.436484000000211,1.5855156000000412,1.1266189999999938,7.0,-1.7217198000006455,-4.652621999998313,100.0,40.31,94.99701179999506,111.7952641999942,79.35726039999588,60.24200759999687,223.5905283999884,1734.9879952000724,-1.0021629999999997,-0.0060996000000001,0.0042171999999994,0.4862809999999993,1.919516799999996,5.029277600000002,10.111086200000065,-15.35491279999995,27.111086200000063,100.0,33.76,84.90618379999798,61.41013259999854,55.53611999999868,66.75014419999842,180.4923909999957,1453.2490396000114,1009,X1.9439 Y1.6366
16:32:22.563,5,1015,1.92061,1.71624,-0.125,96.34452,60.47777,-29.1675,,558.8,0,0,,2,1,"{""sr"":{""mpox"":96.34452,""mpoy"":60.47777,""mpoz"":-29.1675,""mpoa"":0,""posx"":1.92061,""posy"":1.71624,""posz"":-0.125,""posa"":0,""unit"":0,""stat"":5,""coor"":2,""momo"":1,""dist"":0,""home"":1,""mots"":1,""plan"":0,""line"":1015,""path"":2,""frmo"":2,""prbe"":1,""safe"":0,""estp"":0,""spc"":1,""hold"":0,""macs"":5,""cycs"":1,""sps"":12000,""feed"":558.8,""mark"":2030957660}}",5.239683104910881,0.2084143629325408,0.2097173150939107,0.2155569438314384,5.239683104910881,0.2084143629325408,0.2097173150939107,0.2155569438314384,-1.0050581000000012,0.046117220000001,0.0242568000000029,-1.870473400000004,-0.8924408400000151,0.9559466800000038,-32.00194004,37.0,-39.347079159999936,100.00019414,34.46654876,97.58981438000916,68.1036075400064,70.07013088000659,70.72499176000665,216.7609424600204,1769.9602657799858,-1.01238744,-0.0794711999999989,0.0307454399999985,5.335074600000001,1.821443639999986,2.0316024799999965,-3.0,16.288567179999948,-95.71143282000006,100.0,32.38322728,7.179244019999795,52.56176965999405,57.03763519999358,31.28382157999645,127.3791232799856,1810.828382019984,-0.9839679999999972,-0.0276080400000018,0.0011304,-5.113753639999972,-8.18997888000002,0.3595564199999994,-13.0,35.39136423999996,67.60863576000004,100.0,32.63037126,82.472241039991,2.3481860999997446,1.67109061999984,1.5654576199998298,4.696372199999489,2089.74379321999,-1.0170200599999988,0.1337695199999983,-0.0208413199999999,3.026491659999998,1.711769860000006,3.965566320000004,-5.0,31.0,39.02350139999994,100.0,33.05,120.60019468000496,2.7916710600001147,2.233336580000092,1.675002440000069,5.583342120000229,1613.0971369199838,-0.960438740000006,0.5558532399999971,0.0355366200000023,2.7565296199998324,1.8927643799999907,1.2102059199999968,10.455479919999984,6.668900999999559,5.408734700000643,100.0,40.31,76.09064891999726,88.12261123999671,62.61573617999767,47.58489955999822,175.5747547599935,1967.039321399972,-0.9999445800000004,-0.0057212800000005,-0.0262926600000003,0.5359320599999924,1.891606780000009,5.034514239999999,10.516156880000008,-15.0,27.0,100.0,33.757793240000005,103.79745888000076,56.79803475999918,51.47575777999926,61.63646795999912,166.5233576599976,1557.0609970599835,1015,X1.9073 Y1.7448
16:32:22.822,5,1019,1.87376,1.79843,-0.125,95.15476,62.56526,-29.1675,,558.8,0,0,,2,1,"{""sr"":{""mpox"":95.15476,""mpoy"":62.56526,""mpoz"":-29.1675,""mpoa"":0,""posx"":1.87376,""posy"":1.79843,""posz"":-0.125,""posa"":0,""unit"":0,""stat"":5,""coor"":2,""momo"":1,""dist"":0,""home"":1,""mots"":1,""plan"":0,""line"":1019,""path"":2,""frmo"":2,""prbe"":1,""safe"":0,""estp"":0,""spc"":1,""hold"":0,""macs"":5,""cycs"":1,""sps"":12000,""feed"":558.8,""mark"":2030957660}}",5.286386103574714,0.2043504884368748,0.2257319182558064,0.2109137642627796,5.286386103574714,0.2043504884368748,0.2257319182558064,0.2109137642627796,-0.9948733600000002,0.0420491599999998,0.0310242800000015,-1.7021631200000162,-0.9487284399999972,0.910327680000011,-31.479697120000043,36.9967552,-39.52354767999996,100.0,34.46482948,71.80179867999381,52.03028923999552,55.6724093199952,56.71301503999511,173.26086231998508,1970.8867756800028,-0.9963271199999996,-0.0614706399999998,-0.0004963999999991,5.287350480000002,1.858003599999997,2.0662918399999994,-2.514060479999968,16.071380320000006,-94.18602000000008,100.0,32.36557324,8.260973320000543,68.5174821200045,72.40499876000477,41.30486508000272,163.27570176001075,1847.6853280399944,-1.016188639999997,0.0132397199999942,0.0294950400000003,-5.1599051999999945,-8.255414040000009,0.3772323199999883,-13.0,35.48685820000003,67.0,100.0,32.62486828,104.18768136000662,2.921150240000186,1.947433320000124,1.947433320000124,5.842300000000372,2266.5644631599757,-1.0193656000000006,0.1173625200000033,-0.0219042000000005,2.8641749199999933,1.6742107599999922,4.026927800000002,-5.0,31.0,39.33984924000001,100.0,33.04223584,111.21805571999634,2.543929559999916,2.035143439999932,1.5263578399999491,5.087858599999831,1768.0767435600012,-1.0092979999999987,0.217178079999996,-0.00081452,2.4862964799999028,1.0161845199999762,1.1500400800000043,13.63616467999988,16.85689827999965,13.972664320000552,100.0,40.32,85.1578607600021,96.05014548000236,67.82922632000167,51.98590336000128,191.11008280000468,2121.700303399991,-1.0005217999999996,-0.0066283600000001,-0.0451822399999994,0.4362701999999938,2.0221163600000054,5.000274600000004,10.0,-14.501481759999995,26.0,100.0,33.76,85.74507988000086,59.82214852000059,53.83993416000054,64.80732740000064,174.97978492000175,1814.4306028800063,1019,X1.8662 Y1.8092
16:32:23.078,5,1022,1.8088,1.8666,-0.125,93.50466,64.29689,-29.1675,,558.8,0,0,,2,1,"{""sr"":{""mpox"":93.50466,""mpoy"":64.29689,""mpoz"":-29.1675,""mpoa"":0,""posx"":1.8088,""posy"":1.8666,""posz"":-0.125,""posa"":0,""unit"":0,""stat"":5,""coor"":2,""momo"":1,""dist"":0,""home"":1,""mots"":1,""plan"":0,""line"":1022,""path"":2,""frmo"":2,""prbe"":1,""safe"":0,""estp"":0,""spc"":1,""hold"":0,""macs"":5,""cycs"":1,""sps"":12000,""feed"":558.8,""mark"":2030957660}}",5.427235095499974,0.2181775732332155,0.2111587785830715,0.205492899112869,5.427235095499974,0.2181775732332155,0.2111587785830715,0.205492899112869,-0.9994085199999996,0.0443615199999992,-0.0009324400000007,-1.5018477600000204,-0.954898679999998,0.97737824,-32.0,37.0,-39.35606376000003,100.06439348,34.47,49.60826804000463,35.195120160003285,38.43071160000358,39.86737368000373,120.32665596001128,1628.4573824799995,-1.0033631999999997,-0.0648112000000002,0.0128006799999998,5.445724999999993,1.9262617200000056,2.0600038800000027,-3.0,16.596250319999978,-95.08583487999996,100.0,32.3564958,26.637108479998744,88.68127779999642,91.17294363999632,53.55585035999784,207.2817290399917,2112.7575162399944,-1.0100468799999982,-0.0367443600000011,0.0096534000000001,-5.393851479999987,-8.137465960000004,0.3430722000000027,-12.055328040000004,35.055328040000006,67.0,100.0,32.63,127.19927223999495,3.041226759999887,2.3887185199999053,2.3887185199999053,7.166156199999717,2161.297121919997,-1.0190580799999998,0.115831480000001,-7.132000000044039e-05,2.8625362000000014,1.688603,4.067980679999995,-5.440348159999976,30.440348159999974,38.44034815999998,100.0,33.04327676,97.8964615600028,2.235079360000064,1.7880629600000513,1.3410475600000382,4.470158080000128,1625.7281565600024,-0.8505723999999979,0.4659327599999932,-0.0814408800000008,2.452082920000001,1.291442160000005,1.1203989599999966,13.41603679999992,6.905016280000256,12.698276639999756,100.0,40.31725912,91.15370923999824,104.44123479999824,74.29324975999874,56.527472359999045,208.75033411999647,2929.687819479961,-1.0078957599999994,-0.0053093200000003,-0.0098836400000026,0.5233918399999995,2.022184319999993,4.944,9.64430528000002,-14.516399439999995,26.0,100.0,33.75516416,92.56608416000088,63.35637583999953,56.64318811999957,68.52036559999948,184.5494427599986,1643.2667387600015,1022,X1.8088 Y1.8666
16:32:23.335,5,1027,1.72852,1.91497,-0.125,91.46554,65.52555,-29.1675,,558.8,0,0,,2,1,"{""sr"":{""mpox"":91.46554,""mpoy"":65.52555,""mpoz"":-29.1675,""mpoa"":0,""posx"":1.72852,""posy"":1.91497,""posz"":-0.125,""posa"":0,""unit"":0,""stat"":5,""coor"":2,""momo"":1,""dist"":0,""home"":1,""mots"":1,""plan"":0,""line"":1027,""path"":2,""frmo"":2,""prbe"":1,""safe"":0,""estp"":0,""spc"":1,""hold"":0,""macs"":5,""cycs"":1,""sps"":12000,""feed"":558.8,""mark"":2030957660}}",5.148991874062405,0.201819698231389,0.2093632175351808,0.2119137051695062,5.148991874062405,0.201819698231389,0.2093632175351808,0.2119137051695062,-0.9885292199999994,0.0418590199999997,-0.0143344000000025,-1.6838275400000091,-0.9368033600000136,0.8758033600000136,-32.0,37.0,-39.21360895999992,100.09951484,34.48776704,123.4936182800116,73.78549494000693,82.32907900000774,87.76590424000824,264.0744031200248,1784.6051177200138,-1.0127108600000003,-0.0553829799999996,-5.739999999684631e-06,5.390669659999985,1.771005900000011,2.093642979999997,-3.0,16.30562267999995,-94.30562267999996,100.0,32.3469438,20.1711143599966,46.76031011999215,47.67717915999198,28.42293361999522,108.49614513998176,1879.584350219997,-1.0033179,-0.0462260399999999,0.0159664400000013,-5.280064459999992,-8.033006660000016,0.4841914999999792,-13.339865719999938,35.96612242000001,67.66013428000007,100.0,32.629856999999994,63.64553101998936,1.5299406999997442,1.2239525599997951,1.2239525599997951,3.6718576799993854,2126.3629511600243,-0.9946862199999988,0.1292515999999987,-0.0042444400000001,2.860581439999996,1.7047678199999938,3.9911971399999984,-5.0,30.465306879999947,38.0,100.0,33.04,132.59349750000612,3.0166080600001384,2.4132863800001103,1.809964480000083,6.033216120000277,1625.2243687399816,-1.0130167800000067,0.1264819599999895,-0.0094429999999972,2.877615880000014,1.4716589199999994,1.212384119999986,10.919946180000029,-2.317249559999677,11.422460039999274,100.0,40.32,70.65613847999663,81.6564955199961,57.96341921999724,44.42451823999789,163.3129902599922,1984.8244627199745,-1.0023806799999997,-0.0115474000000012,0.0118112199999984,0.455941319999986,1.889541340000003,4.953553339999999,10.43061694000004,-14.901541420000031,26.56938305999996,100.0,33.7590155,113.02188709999815,58.39464191999904,52.27262243999915,63.10388717999896,170.0037557999972,1353.475633839966,1027,X1.7093 Y1.9239
16:32:23.593,5,1032,1.63845,1.94385,-0.125,89.17776,66.25904,-29.1675,,558.8,0,0,,2,1,"{""sr"":{""mpox"":89.17776,""mpoy"":66.25904,""mpoz"":-29.1675,""mpoa"":0,""posx"":1.63845,""posy"":1.94385,""posz"":-0.125,""posa"":0,""unit"":0,""stat"":5,""coor"":2,""momo"":1,""dist"":0,""home"":1,""mots"":1,""plan"":0,""line"":1032,""path"":2,""frmo"":2,""prbe"":1,""safe"":0,""estp"":0,""spc"":1,""hold"":0,""macs"":5,""cycs"":1,""sps"":12000,""feed"":558.8,""mark"":2030957660}}",5.456722240924689,0.2069715131166878,0.2020890244554552,0.2029356524289645,5.456722240924689,0.2069715131166878,0.2020890244554552,0.2029356524289645,-1.00076952,0.0524741599999999,0.01317738,-1.8718053599999984,-1.074073719999998,0.91547078,-32.0,37.0,-39.99146198,100.00679172,34.48059382,9.73000718000078,6.308016020000525,7.131592460000583,7.74287198000063,23.30507416000194,2229.604083279995,-1.00449108,-0.0783515999999999,0.0169450999999999,5.364812119999997,1.9857412800000007,1.9191490799999995,-2.9909044199999992,16.808960379999995,-93.80896038,100.0,32.36191058,64.72593955999969,128.60653559999938,128.61563111999936,77.65111687999962,294.4343522199986,3122.5669920799955,-1.0111276,0.0026314799999999,0.00551086,-5.22647618,-8.15407484,0.3890959800000004,-12.805998719999996,35.99062026,68.40861548,100.0,32.63378654,170.07504183999916,4.02999171999998,3.223993939999984,3.223993939999984,8.875361839999957,3022.543917199997,-1.0066583799999995,0.1009869800000003,-0.0138777199999999,2.795857960000001,1.831,4.04513446,-5.0,30.35641302,38.66246579999999,100.0,33.05624742,74.25756140000045,1.6876719400000104,1.3501377400000083,1.0126035400000064,3.375343820000021,2904.109834919995,-0.96032732,0.43886038,0.0061239399999999,2.958541079999998,1.6034797999999986,1.1277950599999995,6.488152640000028,5.3099352399999855,-12.946900920000004,100.0,40.32,104.59648499999976,118.6363228599997,84.04950559999979,64.27315111999984,237.3162499399994,4180.711570019993,-1.0097681,-0.00405624,0.0096402599999998,0.3389258999999994,1.94707526,4.88137916,10.521990459999996,-15.0,27.0,100.0,33.7545145,82.75477248000006,69.09217031999992,61.43888103999993,74.05579477999991,199.12780303999975,2666.555884319994,1032,X1.6364 Y1.9441
16:32:23.850,5,1035,1.5445,1.94688,-0.125,86.79137,66.33589,-29.1675,,558.8,0,0,,2,1,"{""sr"":{""mpox"":86.79137,""mpoy"":66.33589,""mpoz"":-29.1675,""mpoa"":0,""posx"":1.5445,""posy"":1.94688,""posz"":-0.125,""posa"":0,""unit"":0,""stat"":5,""coor"":2,""momo"":1,""dist"":0,""home"":1,""mots"":1,""plan"":0,""line"":1035,""path"":2,""frmo"":2,""prbe"":1,""safe"":0,""estp"":0,""spc"":1,""hold"":0,""macs"":5,""cycs"":1,""sps"":12000,""feed"":558.8,""mark"":2030957660}}",5.114836596611102,0.1997217002603974,0.2011999516371015,0.203384015046953,5.114836596611102,0.1997217002603974,0.2011999516371015,0.203384015046953,-0.9957323999999996,0.0445314400000006,0.0025901599999972,-1.9815600799999635,-1.1993120399999753,0.91597648,-31.089265320000106,37.0,-40.088128440000105,100.09111147999998,34.49,115.7136617199872,82.00019623999093,94.75540263998953,104.7780279599884,315.2451975199652,1661.163403320032,-1.0073640000000008,-0.0666311200000019,-0.0122000799999985,5.467677000000003,1.7891471599999815,1.9740144800000037,-3.0,16.861620960000018,-94.86450943999982,100.0,32.35793888,24.682928360011942,33.186018120011475,33.25376340001156,19.994061000006912,76.19537132002647,1882.724318240064,-1.0052526400000004,0.0046159599999969,0.0176724400000007,-5.069526000000022,-8.266409519999993,0.392339599999997,-13.143931239999985,36.0,66.35549288000006,100.0,32.64788479999999,44.70715912001496,1.0578091200003523,0.846246560000282,0.846246560000282,2.3271789600007757,2361.6328480800225,-0.9790227600000035,0.0730729200000033,-0.0158672399999995,2.8898616400000026,1.778453280000006,4.127376600000001,-5.712859720000032,31.0,38.34198884000004,100.0,33.0368396,144.10437031999163,3.290054119999809,2.632042959999847,1.974032639999885,7.23811947999958,2075.171635520017,-0.9210131200000012,0.3240070399999976,-0.005747359999998,3.437835839999955,1.312377640000015,1.050415200000016,9.62468519999986,7.678090199999408,-0.1818707999994539,100.0,40.3,63.18574040000521,74.28600712000532,52.9094003600038,40.421220280002856,149.24758128001056,3060.338610240059,-1.0070085599999996,-0.0168714799999992,-0.0209977999999997,0.4490932399999862,1.8340193200000023,5.063286879999996,10.410409239999954,-15.0,25.0,100.0,33.7595552,70.62467480000532,57.31573752000142,50.94732184000126,61.40971824000152,165.53431876000403,1656.9766645200043,1035,X1.5132 Y1.9441
16:32:24.107,5,1039,1.4517,1.92825,-0.125,84.43431,65.8628,-29.1675,,558.8,0,0,,2,1,"{""sr"":{""mpox"":84.43431,""mpoy"":65.8628,""mpoz"":-29.1675,""mpoa"":0,""posx"":1.4517,""posy"":1.92825,""posz"":-0.125,""posa"":0,""unit"":0,""stat"":5,""coor"":2,""momo"":1,""dist"":0,""home"":1,""mots"":1,""plan"":0,""line"":1039,""path"":2,""frmo"":2,""prbe"":1,""safe"":0,""estp"":0,""spc"":1,""hold"":0,""macs"":5,""cycs"":1,""sps"":12000,""feed"":558.8,""mark"":2030957660}}",5.251408971403112,0.2012344457681158,0.2111466322186173,0.2149855114850785,5.251408971403112,0.2012344457681158,0.2111466322186173,0.2149855114850785,-0.9973072199999994,0.0441550600000029,-0.0310820599999926,-1.6951516999999872,-1.118773659999962,0.7735314400000384,-32.0,36.77559141999979,-40.77428571999979,100.1,34.49,31.417149860029053,19.97233106001847,23.114046180021376,25.806945140023863,77.6452430000718,1604.5656048800524,-1.0089840400000016,-0.0834111000000001,-0.0021244599999965,5.485819320000002,1.894856279999918,2.1317969999999877,-3.0,16.304336020000147,-94.88228162000004,100.0,32.3746019,89.74069503998108,112.69761669997624,112.69761669997624,68.17510155998563,259.4827843999453,1694.0131094000103,-1.0152919399999984,-0.0268924600000092,0.0237958599999959,-5.474308719999979,-8.008041619999915,0.476460500000017,-14.0,37.0,68.0,100.0,32.6331057,143.4075482199701,3.447296659999281,2.757837839999425,2.757837839999425,7.584052919998419,1780.93777251996,-1.0118301400000014,0.1736563600000037,-0.0115330799999982,2.8172259200000087,1.702198379999997,3.988792439999999,-6.0,31.0,37.84875351999985,100.0,33.05642728,86.148289940017,1.984983900000392,1.5879867200003135,1.5879867200003135,4.366963980000861,1671.0710733999722,-0.9478435000000124,0.2161382400000177,-0.0169620999999823,2.500884080000026,1.3744900200000243,1.2027235600000408,12.704187000000326,16.324238980000402,18.084135020000247,100.0,40.31143846,92.73075051999076,110.585739659989,78.90753279999214,59.90060945999405,221.74744669997796,1807.7575468399816,-1.0089563600000002,-0.0087176200000004,0.0038687200000022,0.46150516000004,1.8009675999999588,4.904213659999995,10.529871679999976,-15.122365320000116,26.40750635999986,100.0,33.76347724,108.09383763999526,66.76384129999708,59.3456365599974,71.00281517999689,191.8135750199916,1537.5605021399883,1039,X1.4476 Y1.9271
16:32:24.364,5,1045,1.36813,1.88577,-0.125,82.31172,64.78372,-29.1675,,558.8,0,0,,2,1,"{""sr"":{""mpox"":82.31172,""mpoy"":64.78372,""mpoz"":-29.1675,""mpoa"":0,""posx"":1.36813,""posy"":1.88577,""posz"":-0.125,""posa"":0,""unit"":0,""stat"":5,""coor"":2,""momo"":1,""dist"":0,""home"":1,""mots"":1,""plan"":0,""line"":1045,""path"":2,""frmo"":2,""prbe"":1,""safe"":0,""estp"":0,""spc"":1,""hold"":0,""macs"":5,""cycs"":1,""sps"":12000,""feed"":558.8,""mark"":2030957660}}",5.148409047061808,0.1949263909828489,0.2032715445350671,0.1940069261920203,5.148409047061808,0.1949263909828489,0.2032715445350671,0.1940069261920203,-1.00397336,0.0374335600000007,-0.0403760000000001,-1.8408268399999896,-1.037892,0.998956840000002,-31.367070720000036,37.0,-40.36529772000004,100.09982288,34.49,97.08642491999484,56.48851783999701,65.37435131999653,72.99078123999614,218.97234271998843,2030.6811324399955,-1.00270108,-0.0660180399999996,-0.0241967200000004,5.295193359999988,2.118614040000004,2.08101216,-3.098555519999995,17.0,-94.69368967999996,100.0,32.36595116,80.93848024000503,65.68682536000384,65.58826984000385,39.67685492000233,151.01496764000888,1796.279408359991,-0.99614564,-0.035512040000001,0.0143784400000003,-5.163617920000001,-8.064604720000007,0.4748941999999956,-14.0,37.0999264,67.69497703999997,100.0,32.65190072,83.71933600000483,2.024746160000118,1.6197968000000942,1.6197968000000942,4.45444204000026,2050.810064359993,-1.03274276,0.1928837199999996,-0.0150178399999998,2.9090649599999976,1.6787736799999973,4.116311560000001,-6.0,31.0,37.19997439999999,100.0,33.04247752,118.18521139999726,2.761336479999936,2.2090696399999485,2.2090696399999485,6.0749404399998586,1889.9236951999967,-1.006389079999999,0.3463975199999979,0.0225054400000017,3.41481568000002,1.061567039999996,1.1220837200000038,10.382357600000027,1.8529268399999168,13.53044656000012,100.0,40.29,75.81306268000141,88.47089092000178,62.899243720001245,47.92173292000096,176.94178284000355,2799.206242679988,-0.9922194,-0.01836708,-0.0173667199999997,0.4699077200000028,1.9716926799999976,4.973534880000001,10.80045163999998,-15.0,26.914916680000037,100.0,33.76715392,93.58748432000056,60.52247440000047,53.74395704000041,64.3959124400005,173.4214490400013,1904.8561997199952,1045,X1.3406 Y1.8665
16:32:24.623,5,1047,1.2966,1.8244,-0.125,80.49477,63.225,-29.1675,,558.8,0,0,,2,1,"{""sr"":{""mpox"":80.49477,""mpoy"":63.225,""mpoz"":-29.1675,""mpoa"":0,""posx"":1.2966,""posy"":1.8244,""posz"":-0.125,""posa"":0,""unit"":0,""stat"":5,""coor"":2,""momo"":1,""dist"":0,""home"":1,""mots"":1,""plan"":0,""line"":1047,""path"":2,""frmo"":2,""prbe"":1,""safe"":0,""estp"":0,""spc"":1,""hold"":0,""macs"":5,""cycs"":1,""sps"":12000,""feed"":558.8,""mark"":2030957660}}",5.394269466721414,0.2111641254924139,0.2061090483638467,0.2072384867588241,5.394269466721414,0.2111641254924139,0.2061090483638467,0.2072384867588241,-0.9861139000000008,0.030301459999999,0.0114758000000006,-1.9013234000000123,-1.192629700000003,0.8211019199999969,-32.0,37.0,-39.54370676000005,100.1,34.49539304,75.50325174000712,48.53780470000456,56.08812946000528,61.48121876000579,185.52227520001748,1398.983854939993,-1.000822899999999,-0.066146819999999,0.02265672,5.397896979999984,1.815914619999992,2.001565740000001,-3.0,16.472148439999962,-95.54009549999996,100.0,32.36932058,109.53839455999164,76.0158686999942,76.0158686999942,45.7983803799965,175.16700149998667,1656.341209299999,-1.0199439800000016,-0.0083617400000023,0.0072129799999999,-5.494828220000006,-8.005659959999994,0.5705232800000127,-13.0,38.0,67.84164660000009,100.0,32.6392893,97.82435149999267,2.362907179999824,1.8903253599998588,1.8903253599998588,4.725813899999647,1528.5501774599852,-1.02671652,0.1524387799999974,-0.0081061400000002,2.900343000000001,1.7109885799999929,4.052577319999995,-6.370304460000035,30.51381940000002,35.773210479999946,100.0,33.0414352,112.3829747400042,2.569098000000096,2.055278600000076,2.055278600000076,6.022319860000245,1530.306405259982,-0.9191258200000004,0.2816960599999927,-0.0311171799999986,1.6390685600000028,1.3921464399999952,1.0942208599999863,8.672701699999925,0.8773111599998352,-0.7579767599994897,100.0,40.28168176,79.34369737999778,93.54719919999738,66.60952405999814,50.936695199998574,187.0943989399948,2377.975074420009,-1.0016417,-0.0082962600000002,0.0119258799999993,0.6986847399999963,1.9458776000000075,5.072324920000003,10.495066779999997,-14.700622379999972,26.0,100.0,33.77195674,118.32097039999869,61.38828605999932,53.9622834999994,64.85375367999927,174.26352063999806,1458.9093551200076,1047,X1.2894 Y1.8172
16:32:24.881,5,1052,1.2431,1.74645,-0.125,79.13587,61.24517,-29.1675,,558.8,0,0,,2,1,"{""sr"":{""mpox"":79.13587,""mpoy"":61.24517,""mpoz"":-29.1675,""mpoa"":0,""posx"":1.2431,""posy"":1.74645,""posz"":-0.125,""posa"":0,""unit"":0,""stat"":5,""coor"":2,""momo"":1,""dist"":0,""home"":1,""mots"":1,""plan"":0,""line"":1052,""path"":2,""frmo"":2,""prbe"":1,""safe"":0,""estp"":0,""spc"":1,""hold"":0,""macs"":5,""cycs"":1,""sps"":12000,""feed"":558.8,""mark"":2030957660}}",5.285389908600101,0.1985439380559621,0.1992448616229879,0.1874169957550897,5.285389908600101,0.1985439380559621,0.1992448616229879,0.1874169957550897,-0.9923039,0.0413449999999999,-0.0099844000000002,-1.898522399999995,-1.1285902999999915,0.9446906000000086,-32.291078500000026,36.9933864,-39.30430570000003,100.0702307,34.4969573,44.38898010000408,28.00275720000257,31.95212010000293,34.386567800003164,103.76170080000952,1607.0438038999944,-1.0117315,-0.0862956999999998,0.0058841000000004,5.381766300000004,1.8167860000000056,2.080457600000001,-2.6376569999999804,16.407076900000025,-94.0447339,100.0,32.3663763,145.02863909999513,100.79448189999688,101.43213819999688,60.62211409999812,232.2412158999928,1946.69384260001,-1.039807599999999,-0.0420687000000007,-0.0123637999999994,-5.451918799999991,-8.225417599999998,0.549,-13.542944299999972,39.0,68.59075589999998,100.0,32.6463855,131.001953499996,3.1928374999999023,2.5542699999999225,2.5542699999999225,6.385674999999805,1827.7338550000095,-0.976156200000001,0.1817261000000004,-0.0180888000000006,2.804517500000002,1.7406126000000013,4.085517500000002,-7.481756099999981,30.57533539999999,37.481756099999984,100.0,33.063310900000005,92.15223700000232,2.123323700000053,1.6986591000000428,1.6986591000000428,5.095976300000128,1715.7572843000078,-0.9898926,0.2651727999999994,2.2700000000687418e-05,3.381370199999965,1.6034227999999977,1.0776043999999971,13.221749199999962,13.5868194,12.17453459999964,100.0,40.2988996,95.03116799999866,105.40474339999857,74.61077099999899,56.95133709999924,210.80948649999712,2299.176045100007,-1.0146394,0.0013780999999996,0.0123972999999995,0.6370734000000019,1.854595599999999,4.885544199999999,10.0,-15.0,24.520853299999995,100.0,33.77,105.35011059999988,63.15727199999965,55.86532829999969,66.80324439999963,179.962419199999,1675.4782322000146,1052,X1.2416 Y1.7433
16:32:25.137,5,1056,1.21059,1.65748,-0.125,78.31023,58.98516,-29.1675,,558.8,0,0,,2,1,"{""sr"":{""mpox"":78.31023,""mpoy"":58.98516,""mpoz"":-29.1675,""mpoa"":0,""posx"":1.21059,""posy"":1.65748,""posz"":-0.125,""posa"":0,""unit"":0,""stat"":5,""coor"":2,""momo"":1,""dist"":0,""home"":1,""mots"":1,""plan"":0,""line"":1056,""path"":2,""frmo"":2,""prbe"":1,""safe"":0,""estp"":0,""spc"":1,""hold"":0,""macs"":5,""cycs"":1,""sps"":12000,""feed"":558.8,""mark"":2030957660}}",5.223451732604307,0.2112067497371007,0.2084435464143157,0.2108875682046372,5.223451732604307,0.2112067497371007,0.2084435464143157,0.2108875682046372,-0.99045276,0.0350844399999999,0.0077431599999996,-1.8268699999999936,-1.027417559999999,0.804236800000001,-32.81044029999998,36.00535788,-38.36840464000003,100.08211556,34.489946700000004,115.02745983999765,77.5007706799984,86.47454437999824,90.55353245999812,274.10799027999434,1830.5327814199984,-1.00657152,-0.0547736800000002,0.0109827600000001,5.1180127400000055,1.8091140799999987,2.0646832800000023,-2.581190960000026,16.304232460000016,-95.27695850000002,100.0,32.3597273,60.6538815600026,42.65158816000184,43.482462840001865,25.7571277600011,99.15109404000428,2326.253043479995,-0.9887259599999992,-0.0444472999999996,0.00566708,-5.3259305799999925,-8.245125320000001,0.4315212600000025,-12.971992539999995,39.0,68.97199254,100.0,32.63490944,57.6365911400024,1.412661840000058,1.1301295800000466,1.1301295800000466,2.8253228600001163,1844.0145103200016,-1.0222664199999996,0.1206403400000003,-0.00501108,2.838880879999999,1.7280957400000023,4.123301419999999,-7.381606320000007,30.056075400000005,36.12463655999998,100.0,33.05855214,135.3161075399986,3.654287499999957,3.091969219999968,2.4735755399999744,7.420726799999923,2304.187436939996,-0.9352122000000008,0.01284702,-0.0431307199999998,3.1827424399999944,1.3621837000000012,1.1853867800000004,12.660377559999908,8.831946160000014,8.489213179999798,100.0,40.2948217,73.6629492000008,79.90557134000086,56.59978018000061,43.28218470000047,159.39496858000172,2401.825662639994,-0.9966931,-0.0268372399999998,-0.0194807199999999,0.416528699999999,1.792916679999999,5.056645059999999,10.0,-15.0,25.839201499999984,100.0,33.77,89.45902506000036,55.62219160000022,49.1329359600002,58.40330112000024,157.13269134000063,1362.3312430799983,1056,X1.2072 Y1.6448
16:32:25.395,5,1061,1.20118,1.56435,-0.125,78.07113,56.61972,-29.1675,,558.8,0,0,,2,1,"{""sr"":{""mpox"":78.07113,""mpoy"":56.61972,""mpoz"":-29.1675,""mpoa"":0,""posx"":1.20118,""posy"":1.56435,""posz"":-0.125,""posa"":0,""unit"":0,""stat"":5,""coor"":2,""momo"":1,""dist"":0,""home"":1,""mots"":1,""plan"":0,""line"":1061,""path"":2,""frmo"":2,""prbe"":1,""safe"":0,""estp"":0,""spc"":1,""hold"":0,""macs"":5,""cycs"":1,""sps"":12000,""feed"":558.8,""mark"":2030957660}}",5.395368019214724,0.2029710670313896,0.2054625539886863,0.19854148886333,5.395368019214724,0.2029710670313896,0.2054625539886863,0.19854148886333,-0.9978920600000012,0.0450180199999996,-0.0137697600000009,-1.589208459999989,-0.8546732600000001,0.9135664400000229,-32.00547428,36.019785099999815,-39.99452572,100.1,34.48974726,3.631863059973423,2.455624239982096,2.6774844599804344,2.7730467599797097,8.375133339938749,2310.279745520085,-0.999485159999998,-0.0728376399999992,0.0166010999999975,5.361082740000007,1.679068759999969,2.014376559999996,-3.0,16.83125266000016,-94.0,100.0,32.35993826,169.38004420002633,123.4883219400192,127.65692884001987,74.26233014001151,291.1935152600454,1868.5571779200448,-1.0190667800000015,-0.0297549600000008,0.0175628999999982,-5.4107103200000255,-8.290832400000008,0.3153584999999903,-12.169810639999842,39.0,67.83644806000011,100.0,32.63172972,168.33673524002614,3.336406160000489,3.3332768000005184,3.3332768000005184,8.333192000001295,1880.590438540081,-0.9915083799999982,0.1312757000000004,-0.0052736799999983,2.848152120000015,1.7101501799999892,4.026093059999988,-8.0,31.0,35.32291069999993,100.0,33.0632919,70.7174248399848,1.937464179999583,1.6145534799996526,1.291642779999722,3.874927379999167,1831.464137520076,-0.9219161399999946,0.3518914000000135,-0.0589714200000088,1.5209594199999927,1.887949440000083,1.2644356200000104,10.139853480000324,-5.153439540000934,1.2198413999995723,100.0,40.26148035999999,103.25480122000808,121.47904170000984,86.23123696000697,65.46020950000529,241.69923414001957,1654.5727361000174,-1.0035729400000009,-0.0045286399999993,0.0002537999999998,0.6483861400000241,1.8858400399999924,4.971149259999999,10.0,-14.991122740000083,25.89901857999988,100.0,33.78,97.960517740001,64.38956100000229,57.1666024200021,68.26518908000253,183.1533232400068,1543.955883920003,1061,X1.2057 Y1.5134
16:32:25.651,5,1064,1.21644,1.47069,-0.125,78.4587,54.24076,-29.1675,,558.8,0,0,,2,1,"{""sr"":{""mpox"":78.4587,""mpoy"":54.24076,""mpoz"":-29.1675,""mpoa"":0,""posx"":1.21644,""posy"":1.47069,""posz"":-0.125,""posa"":0,""unit"":0,""stat"":5,""coor"":2,""momo"":1,""dist"":0,""home"":1,""mots"":1,""plan"":0,""line"":1064,""path"":2,""frmo"":2,""prbe"":1,""safe"":0,""estp"":0,""spc"":1,""hold"":0,""macs"":5,""cycs"":1,""sps"":12000,""feed"":558.8,""mark"":2030957660}}",5.130232224811523,0.1940860705449941,0.201648262605823,0.2007658377881523,5.130232224811523,0.1940860705449941,0.201648262605823,0.2007658377881523,-0.9935771999999994,0.0282245000000035,0.0271019999999953,-1.4043537000000006,-0.9160786000000002,0.98337240000001,-32.0,36.9993558,-39.9993558,100.0999356,34.48,145.86401429997255,89.49078539998317,95.75376099998198,96.6486559999818,294.4204437999446,1435.3046596000438,-1.0224912000000008,-0.0915152000000017,0.0296741000000077,5.383191200000009,1.7467183000000026,2.1308211999999918,-3.0,16.78174529999988,-94.08489810000016,100.0,32.359151,48.64760750003116,30.955784300016656,32.8716218000179,18.60014170000999,74.17029340004032,1787.4898157000514,-0.9449884999999972,-0.1181332000000005,0.0155452000000018,-5.323302300000015,-8.089462500000016,0.3795456000000071,-12.084079000000145,39.0,68.08407900000014,100.0,32.6294611,44.65681080002308,1.1102756000005862,0.888221200000469,0.888221200000469,2.2205521000011723,1772.687434900025,-1.0211725000000078,0.0611187000000054,-0.0259165999999971,2.8960799999999747,1.7119495000000118,4.115769400000007,-7.931128099999882,30.93112809999988,35.719424100000055,100.0,33.0778825,141.82030319998597,3.9033113999996143,3.2527591999996788,2.602206999999743,7.806621799999229,1674.235866699984,-1.0908978999999936,0.3251785000000062,0.0412719999999957,1.966523699999992,1.4706539000000756,1.2541307999999904,11.936418599999891,8.793928200000847,6.568409399999652,100.0,40.2694732,66.6566173000081,75.51152440000882,53.48733000000625,40.508786900004736,150.23647030001754,2272.6496369,-1.0014799999999993,-0.017897899999999,0.0210680000000023,0.3076350000000279,1.7347508000000424,4.937199499999989,10.54494379999998,-15.0,26.0,100.0,33.79,76.04202960000862,51.87642760000221,46.36000960000189,55.00608060000226,147.7818412000061,1531.9640514000328,1064,X1.2204 Y1.4559
16:32:25.909,5,1070,1.25334,1.38395,-0.125,79.39588,52.03768,-29.1675,,558.8,0,0,,2,1,"{""sr"":{""mpox"":79.39588,""mpoy"":52.03768,""mpoz"":-29.1675,""mpoa"":0,""posx"":1.25334,""posy"":1.38395,""posz"":-0.125,""posa"":0,""unit"":0,""stat"":5,""coor"":2,""momo"":1,""dist"":0,""home"":1,""mots"":1,""plan"":0,""line"":1070,""path"":2,""frmo"":2,""prbe"":1,""safe"":0,""estp"":0,""spc"":1,""hold"":0,""macs"":5,""cycs"":1,""sps"":12000,""feed"":558.8,""mark"":2030957660}}",5.320447524805872,0.2031005248595773,0.2077438673892148,0.2086781749982011,5.320447524805872,0.2031005248595773,0.2077438673892148,0.2086781749982011,-0.9890555400000002,0.0365713000000001,0.0104702399999992,-1.5710559399999973,-0.918505560000011,0.854,-32.0,37.0,-38.0025415,100.1,34.47002548,40.252451800006895,27.18347388000466,27.706233140004745,27.967612900004795,85.47111526001466,2351.6161760199725,-1.005632739999999,-0.0611454399999985,0.0128633399999991,5.439103139999985,1.776124040000006,2.034659699999993,-3.1134967599999928,16.0,-94.11349676,100.0,32.34779572,129.21651489999385,89.91870883999573,97.91148261999535,53.28516061999748,219.8012875799896,2406.967399359978,-0.9930345999999995,-0.0126018199999999,-0.0043248599999997,-5.295285200000004,-8.199292399999996,0.3463949600000006,-12.0,39.88502176000001,67.33366736000004,100.0,32.632186860000004,135.93182267999364,3.331662199999844,2.665329559999875,2.665329559999875,6.663324659999688,2502.953531139979,-1.00347004,0.1388674999999985,-0.0267142399999996,2.909809400000002,1.8636562600000055,4.002831580000003,-7.769492220000014,30.17844944000003,35.0,100.0,33.06821562,88.33482090000368,2.4537452800001023,2.044787320000085,1.635830100000068,5.085939260000236,2578.2826047199705,-0.9526285799999988,0.0463809000000035,-0.0420672199999995,2.82765412000002,1.728133640000012,1.1643728200000063,15.39932875999996,13.804205919999994,16.26295247999957,100.0,40.27730344,92.06731313999798,108.44738733999765,76.25206913999833,57.61267457999874,214.6354543199953,2567.3226393999757,-0.9977433,-0.0095541399999997,-0.01653638,0.4929478999999913,1.941637219999996,4.952155839999998,9.67029226000002,-14.67029226000002,27.0,100.0,33.79,84.64049797999918,58.88034625999944,52.5717380599995,62.5603680399994,167.7038444199984,2176.1450221199734,1070,X1.2544 Y1.3821
16:32:26.166,5,1073,1.31203,1.31017,-0.125,80.88665,50.16359,-29.1675,,558.8,0,0,,2,1,"{""sr"":{""mpox"":80.88665,""mpoy"":50.16359,""mpoz"":-29.1675,""mpoa"":0,""posx"":1.31203,""posy"":1.31017,""posz"":-0.125,""posa"":0,""unit"":0,""stat"":5,""coor"":2,""momo"":1,""dist"":0,""home"":1,""mots"":1,""plan"":0,""line"":1073,""path"":2,""frmo"":2,""prbe"":1,""safe"":0,""estp"":0,""spc"":1,""hold"":0,""macs"":5,""cycs"":1,""sps"":12000,""feed"":558.8,""mark"":2030957660}}",5.204613795218217,0.1904514291775967,0.1829441167537156,0.2028756991643576,5.204613795218217,0.1904514291775967,0.1829441167537156,0.2028756991643576,-0.9953843999999996,0.0322090000000003,0.0201708000000014,-1.8180877999999796,-1.0255581999999794,0.8428356000000139,-32.40131980000011,36.0025712,-37.406462200000114,100.0997428,34.48,95.79140939998204,62.86399639998822,62.85885439998821,63.4575345999881,194.56593679996357,2124.964067999997,-1.0102081999999986,-0.0748589999999986,0.0263351999999943,5.291559200000029,1.987774199999984,2.019548799999999,-3.090961199999983,16.909038800000015,-94.33953800000008,100.0,32.347514399999994,90.93263380001606,55.28586480001011,62.51339560001148,32.03888940000583,136.49266360002497,2136.848922399993,-0.9841188000000048,-0.0680655999999937,-0.0017527999999964,-5.333778000000016,-8.082539399999987,0.4211590000000011,-12.661463999999905,38.53004940000006,68.32292759999982,100.0,32.6390424,87.5356536000158,2.1714642000003908,1.7371718000003122,1.7371718000003122,4.681465400000877,2324.092549600012,-1.0088246,0.126658199999996,-0.0094162000000018,3.038778600000006,1.691210200000011,3.9785013999999976,-8.537443799999958,31.27400920000008,35.45198119999984,100.0,33.0718852,116.0877897999909,3.224660799999747,2.687216999999789,2.149774199999831,6.449321599999494,2286.352045400025,-0.931688200000002,0.2275538000000093,-0.0035082000000036,2.7544148000001942,1.4389163999999437,1.168300399999994,9.389204999999976,-4.629818599999761,8.603080999999008,100.0,40.28,78.2525984000052,90.50831860000577,63.49798260000404,48.33428560000307,179.1211750000114,2103.046034000059,-1.0126736000000005,-0.010474999999999,0.0151408000000029,0.4496005999999853,1.8522976000000155,5.038433199999996,10.0,-15.0,27.286960799999925,100.0,33.7873228,87.5187894000004,54.20978940000133,48.32520020000118,57.37474000000147,154.51552340000384,1638.3434132000175,1073,X1.3326 Y1.2896
16:32:26.424,5,1076,1.38623,1.25212,-0.125,82.7713,48.68904,-29.1675,,558.8,0,0,,2,1,"{""sr"":{""mpox"":82.7713,""mpoy"":48.68904,""mpoz"":-29.1675,""mpoa"":0,""posx"":1.38623,""posy"":1.25212,""posz"":-0.125,""posa"":0,""unit"":0,""stat"":5,""coor"":2,""momo"":1,""dist"":0,""home"":1,""mots"":1,""plan"":0,""line"":1076,""path"":2,""frmo"":2,""prbe"":1,""safe"":0,""estp"":0,""spc"":1,""hold"":0,""macs"":5,""cycs"":1,""sps"":12000,""feed"":558.8,""mark"":2030957660}}",5.432822694973712,0.2100160003274452,0.2092513348102934,0.2107236931126866,5.432822694973712,0.2100160003274452,0.2092513348102934,0.2107236931126866,-0.98861944,0.04360208,-0.0133007200000002,-1.9003321999999987,-0.9085257600000012,1.0113122399999994,-32.0,35.44909424000001,-39.43750168000001,100.1,34.49,92.41249599999814,59.5670907199988,57.34028343999885,57.896985319998834,178.7012715999964,1349.078600520003,-1.01138876,-0.0798603199999997,0.0147638,5.317249840000004,1.7421363999999997,2.0127755200000013,-3.456774320000008,16.0663784,-94.52315272,100.0,32.35390412,107.34197056000188,56.640018680000985,65.31873128000113,32.43097848000057,140.22972336000245,1680.7696713199994,-1.0393902,-0.0512059599999993,0.0160633999999999,-5.246821240000001,-8.119340880000001,0.4399043599999979,-12.93131864,39.0,69.0,100.0,32.62931316,93.1339169200016,2.293938520000039,1.8351512400000312,1.8351512400000312,5.046665320000086,1833.1830692800024,-0.97761116,0.1421430799999997,-0.0072972799999999,2.905481080000002,1.5777633999999996,4.065506320000001,-7.614854400000008,30.0,36.091080200000015,100.0,33.07614832,113.76688763999906,3.1426447599999743,2.618870559999979,2.095096799999983,6.809064719999944,1541.5282633200015,-0.9705477999999992,0.1177770799999987,0.0068379599999998,2.1241465600000105,1.4396127600000013,1.2445158399999992,9.385501479999986,5.04701496,7.531830399999921,100.0,40.27709632,81.42241156000051,92.0848706400006,64.94406612000041,48.95037872000031,182.23111212000117,2281.1791486800007,-1.00234588,-0.01961616,-0.0012426799999999,0.4969438800000009,1.9973188,4.963680999999999,8.041978879999949,-12.062968319999923,21.529835559999857,100.0,33.781958,95.80740368000023,53.82993268000013,48.39755408000013,57.28690120000015,154.0820099200004,1285.3669616800023,1076,X1.3887 Y1.2507
16:32:26.681,5,1082,1.47337,1.21589,-0.125,84.98477,47.76874,-29.1675,,558.8,0,0,,2,1,"{""sr"":{""mpox"":84.98477,""mpoy"":47.76874,""mpoz"":-29.1675,""mpoa"":0,""posx"":1.47337,""posy"":1.21589,""posz"":-0.125,""posa"":0,""unit"":0,""stat"":5,""coor"":2,""momo"":1,""dist"":0,""home"":1,""mots"":1,""plan"":0,""line"":1082,""path"":2,""frmo"":2,""prbe"":1,""safe"":0,""estp"":0,""spc"":1,""hold"":0,""macs"":5,""cycs"":1,""sps"":12000,""feed"":558.8,""mark"":2030957660}}",5.153065663137858,0.1942502696940316,0.1993734924879551,0.2048455720892116,5.153065663137858,0.1942502696940316,0.1993734924879551,0.2048455720892116,-1.0002128,0.0463121999999999,-0.0176582999999987,-1.673492900000007,-1.0444414000000104,0.9344746999999964,-31.60099539999989,37.0,-39.10087030000017,100.0701866,34.49,48.42001149999101,32.406173499994004,30.887139299994278,31.194727499994222,96.6080701999821,1945.3906805000047,-1.003051,-0.0823295999999987,0.0283968999999972,5.498974200000013,1.7634826999999726,2.0863310000000057,-3.044520899999992,17.0,-94.9554791,100.0,32.3672523,151.65366060000994,76.53210980000475,89.28004070000554,42.75009100000265,187.5726756000116,2087.7183578000213,-0.9933764999999928,-0.0083646000000008,0.0223314000000024,-5.359306200000014,-8.3038203,0.3882822999999976,-13.0,38.95376520000001,68.58848090000005,100.0,32.6341151,130.070519000008,3.173579300000195,2.5388639000001563,2.5388639000001563,6.981874300000428,2423.2951682000185,-1.006713599999999,0.1295322999999952,0.0003404000000022,2.8711929999999954,1.8876133000000093,3.9481618000000087,-7.517977199999961,31.0,36.812623300000034,100.0,33.07,91.2221363999954,2.5457340999998714,2.121445099999893,1.6971560999999145,5.091467899999743,1717.776959100015,-0.9817175000000002,0.2074678999999954,-0.0162002000000005,3.8270296999998425,1.3905819000000024,1.0922911000000013,14.21871350000006,10.340351999999594,19.213699000000474,100.0,40.3,94.63003990000264,105.72360770000296,74.77160070000208,56.467213500001584,209.44846940000585,2583.222593100036,-1.0038400999999997,-0.0136011000000012,-0.0019685000000021,0.5651060999999942,1.7744047000000107,4.999334300000002,10.0,-15.0,26.867458200000023,100.0,33.7861269,86.27107640000126,56.14162150000069,50.42349300000061,60.300260100000735,161.66707690000197,2065.5835944999826,1082,X1.505 Y1.2074
16:32:26.938,5,1085,1.56633,1.20119,-0.125,87.34599,47.3954,-29.1675,,558.8,0,0,,2,1,"{""sr"":{""mpox"":87.34599,""mpoy"":47.3954,""mpoz"":-29.1675,""mpoa"":0,""posx"":1.56633,""posy"":1.20119,""posz"":-0.125,""posa"":0,""unit"":0,""stat"":5,""coor"":2,""momo"":1,""dist"":0,""home"":1,""mots"":1,""plan"":0,""line"":1085,""path"":2,""frmo"":2,""prbe"":1,""safe"":0,""estp"":0,""spc"":1,""hold"":0,""macs"":5,""cycs"":1,""sps"":12000,""feed"":558.8,""mark"":2030957660}}",5.347400595207513,0.2024619133182613,0.2063447432045077,0.2040396327638532,5.347400595207513,0.2024619133182613,0.2063447432045077,0.2040396327638532,-0.9947619999999998,0.045063239999999,0.0192803999999965,-1.5373168400000097,-0.8556220399999996,0.753028440000019,-32.15025348000016,36.9911842,-37.84974651999984,100.01678888000002,34.49,142.29162851997324,89.03628287998323,83.21147879998435,85.70782287998387,263.7803877999504,1356.3856481601651,-1.006201639999999,-0.0729913200000013,-0.0037057999999973,5.429056479999997,1.7539483999999932,2.118476719999992,-4.0,17.712739159999867,-94.28726084000012,100.0,32.36311388,47.36412032002,30.786677920012988,36.31249272001533,17.103710160007218,75.78259304003197,1553.8911420400989,-1.052890999999988,-0.0014103200000044,0.0182515200000002,-5.141312119999981,-8.365296000000026,0.2355966800000009,-13.711343919999866,38.0,68.0,100.0,32.63263536,54.28234816002262,1.3175324400005488,1.0540261200004393,1.0540261200004393,2.898572040001208,1649.114592720057,-1.0211207999999996,0.092164759999998,0.0019883600000011,2.850538880000004,1.940845119999988,4.053827520000007,-6.423405520000109,30.04981488000005,36.62640935999994,100.0,33.05049808,135.50372563998732,3.758457479999642,3.132047959999701,2.505638599999761,7.516914959999284,1341.274211080041,-1.001088519999986,0.0610450799999955,0.026686919999988,2.915163559999925,1.2743563600000696,0.9988816399999833,15.127606279999856,-2.0669870799987997,10.417996719999785,100.0,40.3253466,69.6031386000074,76.52274840000813,54.5428097600058,41.110625400004366,151.01031792001606,1745.7952805200405,-1.0072908799999996,-0.0079322799999991,-0.0250101600000031,0.5053639599999978,1.992287680000004,5.061681279999996,10.0,-15.535642439999982,27.53515660000009,100.0,33.78070288,94.7289949200036,50.1506444000019,45.04270808000171,53.86550704000204,144.4152817600055,1313.743639200066,1085,X1.5707 Y1.2008
16:32:27.195,5,1090,1.66006,1.21155,-0.125,89.72673,47.65857,-29.1675,,558.8,0,0,,2,1,"{""sr"":{""mpox"":89.72673,""mpoy"":47.65857,""mpoz"":-29.1675,""mpoa"":0,""posx"":1.66006,""posy"":1.21155,""posz"":-0.125,""posa"":0,""unit"":0,""stat"":5,""coor"":2,""momo"":1,""dist"":0,""home"":1,""mots"":1,""plan"":0,""line"":1090,""path"":2,""frmo"":2,""prbe"":1,""safe"":0,""estp"":0,""spc"":1,""hold"":0,""macs"":5,""cycs"":1,""sps"":12000,""feed"":558.8,""mark"":2030957660}}",5.3559169493883605,0.2041932990529841,0.1989437697530923,0.2054543018963161,5.3559169493883605,0.2041932990529841,0.1989437697530923,0.2054543018963161,-0.98709952,0.0312702800000009,0.0046420999999986,-1.5319460400000218,-0.7928901399999944,1.0963186199999946,-32.97413165999991,36.00599368,-37.0,100.1,34.49980126,4.082851060014579,2.767962080009621,2.5868798000089845,2.6386174600091645,8.174541620028393,1465.8325634999987,-1.0044923000000006,-0.0682512000000012,0.0215893199999976,5.574636159999981,1.8912623399999968,2.1260934599999963,-2.9909304799999585,15.95162923999978,-95.54737545999862,100.0,32.3532784,153.17793721998785,96.32697621999267,113.91354405999134,52.771797199996,236.20610825998207,1523.2762111600066,-0.9235875200000072,-0.0824618399999961,0.0146127599999985,-5.563297079999978,-8.25933177999998,0.4268086999999991,-14.0,37.17077202000008,68.00313606000002,100.0,32.64823004,173.12855019998693,4.161819219999686,3.3294551799997487,3.3294551799997487,9.988366539999248,1591.2439603199896,-1.0088865400000009,0.1141340800000023,-0.0017087600000005,2.9716805799999846,1.7313971600000144,3.965466960000008,-6.329176280000062,30.670823719999937,37.0,100.0,33.060126620000005,70.3803829400073,1.9370751800002008,1.6142286600001674,1.291383120000134,3.874149380000402,1404.198401319997,-0.9742679599999998,0.2102584799999867,-0.0272350000000003,1.9998878400000195,1.2699263400000371,1.1524533199999936,7.49583400000013,-0.5022026200004565,9.114129459999903,100.0,40.33,108.00993821999592,119.28236207999534,84.7563518599967,64.0363356599975,236.0605571799908,1675.172757280002,-1.0111721399999998,-0.0021976799999999,0.0097696999999994,0.5986864599999758,1.7928453600000174,4.876821160000004,10.00888164000004,-15.00888164000004,26.99111835999996,100.0,33.78444964,119.16545089999698,59.94908361999889,54.38936053999895,64.38975675999882,173.73244411999673,1461.1232341799932,1090,X1.6938 Y1.2206
16:32:27.453,5,1094,1.74821,1.24425,-0.125,91.96564,48.48907,-29.1675,,558.8,0,0,,2,1,"{""sr"":{""mpox"":91.96564,""mpoy"":48.48907,""mpoz"":-29.1675,""mpoa"":0,""posx"":1.74821,""posy"":1.24425,""posz"":-0.125,""posa"":0,""unit"":0,""stat"":5,""coor"":2,""momo"":1,""dist"":0,""home"":1,""mots"":1,""plan"":0,""line"":1094,""path"":2,""frmo"":2,""prbe"":1,""safe"":0,""estp"":0,""spc"":1,""hold"":0,""macs"":5,""cycs"":1,""sps"":12000,""feed"":558.8,""mark"":2030957660}}",5.19281928323093,0.2053551396903861,0.2111710437830613,0.2119675919695647,5.19281928323093,0.2053551396903861,0.2111710437830613,0.2119675919695647,-0.9867585799999992,0.0418500000000001,0.0010094599999988,-1.7159107800000633,-0.8904904199999573,0.8977646200000213,-32.14755257999983,37.0,-37.55595614000052,100.1,34.51,144.0456143800292,91.21189548001848,85.24476154001727,86.9510445000176,269.37483460005456,1645.4650750999924,-1.0039300599999983,-0.0704273399999948,0.0318141799999964,5.493,1.869185700000006,2.1054035600000045,-3.0,16.0,-94.75356388000012,100.0,32.34492896,35.55073885998606,28.45904059998565,33.5153369799832,15.64435289999207,69.8603385799649,1901.684268499993,-1.0176198800000085,0.0227649200000204,0.0207641800000009,-5.3565223200000185,-7.944102199999972,0.5180636400000149,-14.0,37.0,68.0,100.0,32.64,52.59316855997447,1.2678920999993917,1.014313879999513,1.014313879999513,3.04294149999854,1725.447492119969,-1.0285429400000017,0.1150827400000039,-0.0035610799999998,2.8526273199999967,1.787645599999978,4.060863540000011,-6.0,31.0,37.538740380000185,100.0,33.07270338,137.8307194000144,3.175822980000332,3.175822980000332,2.5406583000002656,7.621975040000796,1567.775430040014,-0.9110271399999914,0.0849119199999952,-0.0424528200000003,2.35895704000009,1.201781579999996,1.058164319999987,12.44484565999944,9.431369519999084,17.95131925999964,100.0,40.30719092,71.42413709999173,72.75867407999004,52.112385739992966,38.690464559994645,143.04502227997995,1832.055783359888,-1.007,-0.0171659200000003,0.0014229200000039,0.4681358600000417,1.8731638599999725,5.009602899999986,10.0,-14.45970733999998,27.0,100.0,33.78078022,97.04884393999237,50.10812223999782,45.12936091999794,53.785781959997664,144.9639203399935,1533.6382161199735,1094,X1.7513 Y1.2457
16:32:27.716,5,1099,1.82574,1.29834,-0.125,93.935,49.86315,-29.1675,,558.8,0,0,,2,1,"{""sr"":{""mpox"":93.935,""mpoy"":49.86315,""mpoz"":-29.1675,""mpoa"":0,""posx"":1.82574,""posy"":1.29834,""posz"":-0.125,""posa"":0,""unit"":0,""stat"":5,""coor"":2,""momo"":1,""dist"":0,""home"":1,""mots"":1,""plan"":0,""line"":1099,""path"":2,""frmo"":2,""prbe"":1,""safe"":0,""estp"":0,""spc"":1,""hold"":0,""macs"":5,""cycs"":1,""sps"":12000,""feed"":558.8,""mark"":2030957660}}",5.147323509815147,0.1931877535982344,0.2028465352135481,0.1959985688192272,5.147323509815147,0.1931877535982344,0.2028465352135481,0.1959985688192272,-0.9889446000000004,0.0353534000000005,-0.0186480000000021,-1.8783284000000104,-0.8184195999999965,0.8791917999999965,-32.0,36.59627400000006,-38.40113599999994,100.0002588,34.505963,69.84453819999034,43.19864479999402,40.776291199994354,41.58374219999424,128.78848339998217,1503.0726926000048,-0.9964348000000002,-0.0653698000000001,0.0231399999999984,5.386044199999996,1.8414983999999872,2.069339,-3.0,16.56777080000004,-95.66057280000004,100.0,32.3622834,59.61593600000414,66.42918560000462,77.7846020000054,36.90510340000256,162.95022500001133,1527.905458599996,-1.0389307999999982,0.0038746000000027,0.0143289999999994,-5.266970600000016,-8.3076596,0.427,-13.90780939999999,36.0,67.66231600000005,100.0,32.6276758,120.29639800000828,2.850625400000196,2.280500600000157,2.280500600000157,6.841501200000471,1582.403641800009,-1.0056056000000002,0.1730190000000007,-0.0255805999999994,2.9735527999999944,1.7163035999999925,3.8845366,-5.725519200000039,30.46131239999998,38.0,100.0,33.0646132,100.84058379999531,2.3065615999998936,2.3065615999998936,1.845249799999915,5.074435999999766,1305.533749400009,-0.9528178000000002,0.1819978000000012,-0.0061595999999992,3.270031199999928,1.4095260000000212,1.1487803999999953,11.94283119999997,-1.2778129999999357,16.669963199999934,100.0,40.2852858,97.2595106000028,97.78809500000284,69.77312720000202,52.85842960000153,194.51902060000563,1961.779064800008,-1.0038946,-0.0092190000000003,0.0159604000000001,0.4359050000000123,1.91463579999999,5.000995199999996,10.509718400000006,-15.509718400000006,28.0,100.0,33.79,62.69535920000076,56.06902060000067,50.462118400000605,60.65648600000073,163.10987760000194,1238.159279600001,1099,X1.8602 Y1.3328
16:32:27.967,5,1101,1.88685,1.37019,-0.125,95.48718,51.68799,-29.1675,,558.8,0,0,,2,1,"{""sr"":{""mpox"":95.48718,""mpoy"":51.68799,""mpoz"":-29.1675,""mpoa"":0,""posx"":1.88685,""posy"":1.37019,""posz"":-0.125,""posa"":0,""unit"":0,""stat"":5,""coor"":2,""momo"":1,""dist"":0,""home"":1,""mots"":1,""plan"":0,""line"":1101,""path"":2,""frmo"":2,""prbe"":1,""safe"":0,""estp"":0,""spc"":1,""hold"":0,""macs"":5,""cycs"":1,""sps"":12000,""feed"":558.8,""mark"":2030957660}}",5.100510595195053,0.1880444798638058,0.2002071267763569,0.2075215509895443,5.100510595195053,0.1880444798638058,0.2002071267763569,0.2075215509895443,-0.9967183399999996,0.0387100199999998,0.0064455799999994,-1.8400758799999952,-0.9415240800000024,1.0121247999999976,-32.0,36.00285642,-37.578676939999966,100.04241818,34.51,95.48446993999352,61.91837999999579,59.024997879996,60.18235075999592,185.17932005998745,2206.4793123599825,-0.99654506,-0.0645038600000004,0.0258616600000011,5.513734100000009,1.9593703399999969,2.097674739999999,-3.0,16.0,-94.44778644000004,100.0,32.35447794,35.45155296000241,54.00164476000336,62.599831900003885,30.359219360001887,132.2739962000082,2546.3163119999845,-1.0023602200000008,-0.0665944800000018,0.0329690399999987,-5.251316480000012,-8.176259359999987,0.3909471000000112,-13.553001719999973,36.0,67.64401009999996,100.0,32.6424998,94.49062518000584,2.6819898400001647,1.78799370000011,1.78799370000011,5.3639801000003295,2686.7196418599865,-1.020778579999997,0.1477496999999999,-0.0176371799999995,2.7867565,1.9132435,3.9734563800000022,-5.181966299999988,30.81803370000001,37.46977592000002,100.0,33.06,116.64929159999674,2.6511202399999263,2.120896159999941,2.120896159999941,5.832464979999838,2159.8563885799795,-0.8456055799999987,0.3862806999999979,-0.0489564799999985,2.061681000000015,1.4488375399999915,1.1240780000000017,5.6755078600000886,-0.4599933399996638,-2.882808840000412,100.0,40.3,81.76113124000175,87.81293654000193,63.03570120000142,48.02059534000109,174.7257973800039,2974.0933192399984,-1.0041020999999997,-0.0236074000000002,0.0048889599999992,0.2970482400000037,1.891161260000004,4.944,10.0,-15.232595160000022,27.534810099999955,100.0,33.79,66.75918238000055,54.6990571400005,49.55957354000044,59.11525664000055,159.6809723400015,2428.097504159977,1101,X1.8952 Y1.3821
16:32:28.227,5,1107,1.92882,1.45453,-0.125,96.55307,53.83038,-29.1675,,558.8,0,0,,2,1,"{""sr"":{""mpox"":96.55307,""mpoy"":53.83038,""mpoz"":-29.1675,""mpoa"":0,""posx"":1.92882,""posy"":1.45453,""posz"":-0.125,""posa"":0,""unit"":0,""stat"":5,""coor"":2,""momo"":1,""dist"":0,""home"":1,""mots"":1,""plan"":0,""line"":1107,""path"":2,""frmo"":2,""prbe"":1,""safe"":0,""estp"":0,""spc"":1,""hold"":0,""macs"":5,""cycs"":1,""sps"":12000,""feed"":558.8,""mark"":2030957660}}",5.3086614641877405,0.2015811741051857,0.2018105676661444,0.2043871586834184,5.3086614641877405,0.2015811741051857,0.2018105676661444,0.2043871586834184,-0.9992334799999992,0.0417627999999985,0.0049342599999989,-1.7643271000000391,-0.900835400000016,0.9535752399999922,-32.006539759999995,37.0,-38.37093780000013,100.1,34.52615998,101.02114253997894,65.2941528399864,64.06218771998664,64.6781707799865,199.57835435995835,1498.26539468007,-0.9989222000000004,-0.0731325000000012,0.0294190600000033,5.464225119999994,1.73651927999998,2.039338540000005,-2.584615059999908,17.0,-95.94344002000022,100.0,32.36415344,7.061541880001565,51.09233044001132,58.56925664001297,29.07693616000644,126.276979620028,1749.533931360014,-0.9641532800000032,-0.0356837200000012,0.0002300199999975,-4.974941840000076,-8.255029079999963,0.394172259999992,-13.94058357999998,36.0,67.88116753999995,100.0,32.63280182,89.31653442001905,2.5159587400005368,1.677306080000358,1.677306080000358,5.031917860001073,1417.1178448399978,-0.9886425999999976,0.1385091999999997,-0.0131535000000002,2.9283202999999918,1.807435339999984,4.026320299999992,-5.57356152000009,30.88041019999996,38.23917998000008,100.0,33.07119586,120.00660527998922,2.730140919999756,2.184112639999805,1.7576747799998946,5.579871399999553,1828.550434780014,-0.9920763200000032,0.2091346400000049,-0.0061282999999975,2.0781860999999937,1.0135560799999936,1.2125681799999972,11.986047759999964,7.876638239999049,-1.6465666199986555,100.0,40.3,77.0397185800059,86.84477314000664,62.56558958000478,47.624553280003646,172.7557320600132,1746.0586526199872,-1.0074980000000004,-0.0143193600000008,0.0028562999999996,0.3838288200000064,1.9067146000000024,4.842360420000019,10.487218640000014,-15.0,27.0,100.0,33.79,103.290304960003,55.0556817200016,50.18349718000146,59.92786526000175,161.7565149200047,1407.2075306000438,1107,X1.9292 Y1.4559
16:32:28.483,5,1111,1.94652,1.54314,-0.125,97.00284,56.08094,-29.1675,,558.8,0,0,,2,1,"{""sr"":{""mpox"":97.00284,""mpoy"":56.08094,""mpoz"":-29.1675,""mpoa"":0,""posx"":1.94652,""posy"":1.54314,""posz"":-0.125,""posa"":0,""unit"":0,""stat"":5,""coor"":2,""momo"":1,""dist"":0,""home"":1,""mots"":1,""plan"":0,""line"":1111,""path"":2,""frmo"":2,""prbe"":1,""safe"":0,""estp"":0,""spc"":1,""hold"":0,""macs"":5,""cycs"":1,""sps"":12000,""feed"":558.8,""mark"":2030957660}}",5.176805097728772,0.1975160462124339,0.187553642180291,0.2027415540478987,5.176805097728772,0.1975160462124339,0.187553642180291,0.2027415540478987,-0.9924966800000008,0.041327900000001,-0.0189380799999945,-1.832029740000029,-0.7986951000000284,0.687607260000007,-32.0,37.0,-38.73495907999988,100.1,34.52,43.416181300019225,27.829276760012306,27.836490280012296,28.101531200012428,86.67553262003833,1430.4373637599597,-1.000538260000001,-0.0747074000000001,0.0312225200000024,5.358005980000014,1.6454627599999838,2.0008893399999983,-3.0,16.6263470999999,-95.03968198000004,100.0,32.337870040000006,12.804720039998106,84.54603287998947,93.24409533998842,48.58045353999394,207.05573355997424,1474.3254356400146,-0.9776367800000084,-0.0517773599999961,0.0274279399999989,-5.403830099999943,-7.96779910000001,0.386443380000005,-13.6243579799999,35.0,67.95948939999998,100.0,32.6341617,141.5765055199825,3.989211999999508,3.2838325599995706,2.659474579999672,7.978423259999014,1618.288507680003,-1.0051239199999953,0.0963955000000031,-0.0067733000000002,2.808,1.740097019999995,3.94577752000001,-5.4092732200000455,30.49021252000008,38.30875848000017,100.0,33.07490214,88.81224136000979,2.0463651400002254,1.6370919200001803,1.2278191800001352,4.092730280000451,1425.656573899989,-1.0239655400000012,0.0819857399999873,0.00992494,1.76918510000002,1.4739273400000144,1.1748060599999968,9.985316480000035,13.218428420000976,15.83412957999855,100.0,40.29433714,95.59615299999425,106.9282060799939,76.44551097999567,58.3250938599967,212.8193950599879,1633.7816828599916,-1.01027994,-0.0104764400000006,0.0107791200000018,0.572929599999971,1.796050000000021,4.968989799999996,10.0,-14.590333040000068,27.06571874000008,100.0,33.78,83.72658684000311,60.7403740799984,54.96961059999855,65.98652277999827,177.6145364399954,1235.1140252999908,1111,X1.9469 Y1.5474
16:32:28.740,5,1116,1.92026,1.57645,-0.12186,96.33561,56.92706,-29.08783,,558.8,0,0,,2,1,"{""sr"":{""mpox"":96.33561,""mpoy"":56.92706,""mpoz"":-29.08783,""mpoa"":0,""posx"":1.92026,""posy"":1.57645,""posz"":-0.12186,""posa"":0,""unit"":0,""stat"":5,""coor"":2,""momo"":1,""dist"":0,""home"":1,""mots"":1,""plan"":0,""line"":1116,""path"":2,""frmo"":2,""prbe"":1,""safe"":0,""estp"":0,""spc"":1,""hold"":0,""macs"":5,""cycs"":1,""sps"":12000,""feed"":558.8,""mark"":2030957660}}",5.4091661532071615,0.2077902699055445,0.2021924778796106,0.2053270663107691,5.4091661532071615,0.2077902699055445,0.2021924778796106,0.2053270663107691,-0.99625812,0.0608261999999995,-0.0304624399999996,-1.5270924400000054,-0.8105894000000013,0.7548428800000021,-32.11970804000001,37.0,-37.02008336,100.1,34.52,128.4188423999983,89.98054995999884,93.4749403999988,94.34853731999878,289.1607960399963,1637.0969419200028,-1.0190744799999998,-0.0823018399999996,0.0249400399999998,5.524194399999999,1.859685160000001,2.118295479999999,-3.0,17.0,-95.01836888,100.0,32.35,8.464472000000285,30.56614992000102,32.682268360001096,17.8694419200006,74.2992568000025,2094.3535900399997,-1.0027449200000005,0.0208804399999987,0.0194216399999999,-5.289988999999999,-8.055539040000001,0.3814547200000006,-3.2748626800001244,9.101887080000347,17.209051960000657,100.0,32.63765352,50.2206180000017,1.408054760000047,0.9387028400000316,0.9387028400000316,2.8161094000000944,2036.920243640002,-1.0078141199999997,0.1438875199999997,0.00436024,2.825110239999999,1.7941684800000004,3.993447520000001,-5.0,30.60379263999999,39.0,100.0,33.06962644,139.6970294799991,2.564619599999983,2.564619599999983,1.9234643199999872,6.4115482399999575,1757.803271280004,-1.0725947999999992,0.4667673600000011,0.0559454,1.497616360000013,1.4696795200000032,1.0476029999999994,11.911778039999993,-0.2768067599999261,16.562726879999943,100.0,40.29955888,69.06725756000053,76.25344576000057,54.295647400000405,41.52020104000032,151.70842600000114,2159.4979127600027,-0.99906008,-0.00181256,-0.01330884,0.533910279999996,1.7607810799999997,4.97516888,10.0,-14.542237999999998,26.56417608000001,100.0,33.77510984,76.44628036000022,54.01593488000015,48.52278848000014,58.593556280000165,157.92794500000042,1845.6665986000005,1116,X1.9178 Y1.5774 Z-0.1202
16:32:28.999,5,1121,1.90919,1.58085,-0.10701,96.05459,57.03894,-28.71496,,558.8,0,0,,2,1,"{""sr"":{""mpox"":96.05459,""mpoy"":57.03894,""mpoz"":-28.71496,""mpoa"":0,""posx"":1.90919,""posy"":1.58085,""posz"":-0.10701,""posa"":0,""unit"":0,""stat"":5,""coor"":2,""momo"":1,""dist"":0,""home"":1,""mots"":1,""plan"":0,""line"":1121,""path"":2,""frmo"":2,""prbe"":1,""safe"":0,""estp"":0,""spc"":1,""hold"":0,""macs"":5,""cycs"":1,""sps"":12000,""feed"":558.8,""mark"":2030957660}}",5.050110391632694,0.1983964591485785,0.2052282844775491,0.2025623743207555,5.050110391632694,0.1983964591485785,0.2052282844775491,0.2025623743207555,-0.98287862,0.0578707999999999,-0.0509714599999999,-1.5125917800000042,-1.0828815399999987,1.0948350599999996,-32.86904119999999,37.0,-38.13219528000001,100.1,34.5293479,8.928300260000768,6.451837220000553,6.973198280000599,7.103537840000609,21.636464800001853,1953.3629206000005,-0.98956842,-0.05252048,-0.0027521599999999,5.504133179999998,1.768208280000002,2.0609654000000006,-3.0,16.051046080000006,-94.85943616,100.0,32.340510480000006,5.658727859999972,109.94099065999946,113.17454921999943,64.67117041999968,261.91824211999875,2010.7488148799985,-0.9570249,0.0128666199999999,0.0082200399999999,-5.556378,-7.918414180000001,0.5248113799999986,-13.856713920000002,35.806063179999995,68.0,100.0,32.63856744,171.69137955999918,4.03031401999998,3.2242508399999843,3.2242508399999843,9.672753459999951,2163.074592380001,-1.04623596,0.1129576199999999,0.0022984799999999,2.83292938,1.82848282,4.14934306,-5.0,30.33692396,38.70434086,100.0,33.06663107999999,73.49058522000047,1.3476938400000085,1.3476938400000085,1.0107708800000064,3.3692346000000213,1988.4500359800008,-0.9340771000000002,0.3966132599999997,-0.0175121999999999,2.0860678600000027,1.6486304599999986,1.2426185800000005,10.051502999999986,-3.885310719999989,-0.5293250200000331,100.0,40.2868385,105.99487073999973,119.63163813999972,85.53972007999978,65.08457041999985,238.64342353999945,2486.7313630399976,-1.01019352,-0.02051114,0.00227146,0.4013365599999994,1.97839346,4.84958072,10.0,-15.0,26.4187559,100.00333804,33.774521480000004,110.66852127999988,65.74367635999992,59.169308759999936,71.77018019999991,192.84811675999975,1828.77139598,1121,X1.9085 Y1.5812 Z-0.1039
16:32:29.256,5,1123,1.9082,1.5813,-0.05796,96.02941,57.05026,-27.46469,,558.8,0,0,,2,0,"{""sr"":{""mpox"":96.02941,""mpoy"":57.05026,""mpoz"":-27.46469,""mpoa"":0,""posx"":1.9082,""posy"":1.5813,""posz"":-0.05796,""posa"":0,""unit"":0,""stat"":5,""coor"":2,""momo"":0,""dist"":0,""home"":1,""mots"":1,""plan"":0,""line"":1123,""path"":2,""frmo"":2,""prbe"":1,""safe"":0,""estp"":0,""spc"":1,""hold"":0,""macs"":5,""cycs"":1,""sps"":12000,""feed"":558.8,""mark"":2030957660}}",5.355110052795705,0.21063567646508,0.2066030842688988,0.2064982007050497,5.355110052795705,0.21063567646508,0.2066030842688988,0.2064982007050497,-0.9906085999999996,0.0473424000000013,0.0116752000000027,-1.7854955999998865,-1.2317804000000414,0.9268186000000416,-32.79484720000017,37.0,-37.79617440000017,100.02051519999998,34.5200132,120.19181840002544,77.22759580001633,85.189340800018,88.37669300001868,266.7211008000564,1583.6047676000803,-1.007325199999998,-0.0745633999999981,0.0238647999999996,5.581812000000057,1.7812970000000137,2.068716400000021,-3.0,16.118352800000025,-95.71178840000012,100.0,32.348301400000004,4.569744399999888,40.68937039998297,41.09593559998287,24.091438799989927,95.44961379996025,1703.3331364000094,-1.0502482000000066,-0.0110469999999955,0.0320093999999995,-5.149086999999909,-8.074318600000026,0.3763359999999912,-13.875440799999971,35.70599980000012,67.83055900000015,100.0,32.6387544,62.4076807999752,1.4699997999994103,1.1760003999995283,1.1760003999995283,3.528000399998585,1596.9633113999166,-1.015003800000002,0.1154766000000057,-0.0116893999999977,2.811067999999978,1.7906090000000052,3.990636999999996,-5.612507200000064,30.0,39.0,100.0,33.07,133.52650300001395,2.4500272000002568,2.4500272000002568,1.8375208000001924,6.1250688000006415,1370.617080999992,-0.917763799999996,0.1343921999999658,-0.0495818000000107,2.8876593999998583,1.5648914000000895,1.0280505999999896,9.217759399999505,1.259640799999629,1.8036105999994745,100.0,40.2370992,68.84358299999262,80.90086059999099,57.54803459999359,43.78654799999513,161.09464639998197,1854.2190523998977,-1.013951000000001,-0.0033351999999987,0.0081573999999948,0.4760050000000451,2.0248055999999965,4.874810199999984,10.0,-14.889129000000096,25.22174199999981,100.0,33.7846688,97.99515899999535,57.06855979999763,51.35529339999795,61.73722279999744,166.89301219999314,1345.1704888000254,1123,G0 Z0.6
16:32:29.517,5,1123,1.9082,1.5813,0.1888,96.02941,57.05026,-21.1971,,558.8,0,0,,2,0,"{""sr"":{""mpox"":96.02941,""mpoy"":57.05026,""mpoz"":-21.1971,""mpoa"":0,""posx"":1.9082,""posy"":1.5813,""posz"":0.1888,""posa"":0,""unit"":0,""stat"":5,""coor"":2,""momo"":0,""dist"":0,""home"":1,""mots"":1,""plan"":0,""line"":1123,""path"":2,""frmo"":2,""prbe"":1,""safe"":0,""estp"":0,""spc"":1,""hold"":0,""macs"":5,""cycs"":1,""sps"":12000,""feed"":558.8,""mark"":2030957660}}",5.135699447301958,0.2026697658419088,0.2102749859290215,0.2111631747192765,5.135699447301958,0.2026697658419088,0.2102749859290215,0.2111631747192765,-0.99066268,0.0465832399999996,-0.0035288000000005,-1.585273460000017,-0.9326852400000074,0.8284480199999976,-32.0,37.0,-38.58111221999996,100.05811078,34.52,61.9954308400058,39.37547578000368,44.40213298000415,47.334348860004425,142.84082330001334,1733.0419431200032,-1.00897548,-0.0581578200000001,0.0048184799999993,5.402286780000008,1.7921131200000056,2.035736680000002,-3.0,16.356338920000034,-94.64366107999996,100.00875394,32.33818774,15.01523797999925,81.74962823999591,81.19350871999595,48.38243331999758,188.5246539199906,1964.385451280005,-1.0138354999999997,-0.019702899999999,0.0360084400000003,-5.290063119999991,-8.333706620000001,0.4109237199999976,-13.554694939999973,36.0,67.70885626000006,100.0,32.63009048,117.5953707799942,2.7734755399998634,2.2187805999998904,2.2187805999998904,6.656341959999672,1700.5082545800085,-1.0049542599999997,0.1331603600000006,-0.0206348999999999,2.82623128,1.798598040000001,4.091108100000006,-4.819383360000012,30.71179389999997,38.468822740000014,100.0,33.06180612,102.49150824000328,1.87528996000006,1.87528996000006,1.4064672200000448,4.688224820000149,1868.6479055200075,-0.9797336200000012,0.1556539600000018,-0.0154992799999984,2.015759759999975,1.484561520000005,1.003473520000002,12.842581100000055,17.54740854,8.428283500000276,100.0,40.25,88.2183690999982,100.22441935999797,71.51429917999853,54.81022883999888,200.9708403599959,2369.89041874001,-1.00538462,-0.0032213199999997,-0.0071036599999997,0.5980868999999924,1.9292546799999917,4.989309840000001,9.765644199999976,-14.742786820000015,26.76564419999998,100.05084316,33.79,73.21409915999934,63.04547401999944,56.435868179999495,68.1297867999994,184.0521104399984,1484.525909140006,1123,G0 Z0.6
16:32:29.768,5,1123,1.9082,1.5813,0.49426,96.02941,57.05026,-13.43825,,558.8,0,0,,2,0,"{""sr"":{""mpox"":96.02941,""mpoy"":57.05026,""mpoz"":-13.43825,""mpoa"":0,""posx"":1.9082,""posy"":1.5813,""posz"":0.49426,""posa"":0,""unit"":0,""stat"":5,""coor"":2,""momo"":0,""dist"":0,""home"":1,""mots"":1,""plan"":0,""line"":1123,""path"":2,""frmo"":2,""prbe"":1,""safe"":0,""estp"":0,""spc"":1,""hold"":0,""macs"":5,""cycs"":1,""sps"":12000,""feed"":558.8,""mark"":2030957660}}",5.074632250563287,0.1886226112750423,0.1988755997072057,0.2031449324570605,5.074632250563287,0.1886226112750423,0.1988755997072057,0.2031449324570605,-0.9893581599999997,0.0352376399999979,0.0166520399999994,-1.7227368399999552,-0.874670639999973,0.847412719999982,-32.00293964,36.00293964,-41.435042959999855,100.1,34.53440916,82.16377232002144,51.43216384001341,58.700167960015314,63.73480256001663,192.32550228005016,2372.555463720091,-1.0077892799999997,-0.0698167999999972,0.0526224800000023,5.464949400000006,1.963082160000014,2.024082160000014,-3.374872079999874,16.625127920000125,-95.37487207999988,100.0,32.33745088,28.035498199993235,69.72640091998423,69.35152927998435,41.30102199999067,160.2307723599638,2397.1890128801065,-0.9804584000000048,-0.0630775200000116,-8.580000000067693e-05,-5.393258800000004,-8.09235855999997,0.505429839999991,-13.626923120000123,36.0,67.70608452000033,100.0,32.64,98.52977311997812,2.3020977199994888,1.8416776399995909,1.8416776399995909,5.151957039998898,2554.057783720185,-1.0250240400000026,0.0877367199999992,-0.0089883600000023,2.935540640000019,1.7593443199999972,4.059857720000004,-5.0,31.0,37.6969438400001,100.0,33.063939,114.3741047600122,2.6112808000002783,2.0890250400002226,1.5667682800001672,5.222561600000557,1916.7132283200783,-0.8530346399999905,0.529606840000003,-0.0228394000000014,2.182886479999942,1.3046017999999664,1.1463291600000272,10.984178720000308,4.228729920000516,17.600840200000974,100.0,40.25,81.22816407999389,93.17368747999234,66.48330851999454,50.954360759995815,186.83265503998464,2380.537232720081,-1.0020306000000003,-0.0171500800000003,-0.0144894399999972,0.549,1.783297039999982,4.898153600000004,9.754547760000085,-14.506124480000018,27.754547760000083,100.0,33.79,94.31834939999618,62.22832123999787,55.31406287999811,66.67320111999771,180.01615803999377,2165.863248440055,1123,G0 Z0.6
16:32:30.026,5,1125,3.78069,2.24607,-0.2237,96.02941,57.05026,-5.68204,,558.8,0,0,,2,0,"{""sr"":{""mpox"":96.02941,""mpoy"":57.05026,""mpoz"":-5.68204,""mpoa"":0,""posx"":3.78069,""posy"":2.24607,""posz"":-0.2237,""posa"":0,""unit"":0,""stat"":5,""coor"":2,""momo"":0,""dist"":0,""home"":1,""mots"":1,""plan"":0,""line"":1125,""path"":2,""frmo"":2,""prbe"":1,""safe"":0,""estp"":0,""spc"":1,""hold"":0,""macs"":5,""cycs"":1,""sps"":12000,""feed"":558.8,""mark"":2030957660}}",5.458334973567644,0.2039977816538713,0.2061631675174468,0.2002966619284156,5.458334973567644,0.2039977816538713,0.2061631675174468,0.2002966619284156,-0.9932320000000004,0.0312101999999998,0.0109812000000035,-1.796958200000031,-0.9411028000000138,0.8788939999999965,-32.0,37.0,-40.0,100.1,34.54,80.6900244000075,53.59262800000499,62.022929400005786,69.24890180000645,208.3488692000194,1574.890342599996,-1.0109781999999996,-0.0774376000000002,0.0376662000000007,5.228632599999996,1.7410477999999907,1.9792073999999973,-3.0,16.57037060000004,-95.88176080000002,100.0,32.343705,38.6666643999964,65.73332959999387,65.30370019999393,39.09629439999635,151.65925119998587,1846.5601940000108,-0.9830638000000034,-0.026177399999998,0.0036761999999999,-5.11410159999999,-8.025382799999992,0.488,-13.506104200000047,36.56844660000005,67.49389579999995,100.0,32.635684600000005,91.92082539999168,2.157765799999805,1.7262123999998438,1.7262123999998438,4.74708479999957,1921.623551400004,-1.0278610000000017,0.1619683999999988,-0.0166470000000001,2.798072599999996,1.7516410000000058,4.067050799999993,-5.411770400000039,30.87548920000002,37.249021199999966,100.0,33.0682356,116.90930700000465,2.6814058000001064,2.145125000000085,1.6088438000000642,5.362812600000213,1328.568735200004,-1.069296200000002,0.1388437999999965,0.0240898000000014,2.197236800000052,1.3592969999999829,0.9889094000000084,10.416620599999954,-0.136622599999668,-2.209619600000322,100.0,40.2623712,81.21958479999732,91.135928999997,64.69234359999787,49.58172359999837,182.271858599994,1692.19463020001,-1.0047612000000008,-0.0090135999999993,0.0076744000000031,0.2949387999999976,1.997275000000004,4.8517572,10.0,-14.178323199999976,25.512177000000005,100.0,33.7933384,60.490038799999226,61.465684399999205,54.6361635999993,65.85609039999915,178.0553557999977,1423.7107963999938,1125,G53 G0 Z0.
16:32:30.283,5,1125,3.78069,2.24607,-0.01334,96.02941,57.05026,-0.33873,,558.8,0,0,,2,0,"{""sr"":{""mpox"":96.02941,""mpoy"":57.05026,""mpoz"":-0.33873,""mpoa"":0,""posx"":3.78069,""posy"":2.24607,""posz"":-0.01334,""posa"":0,""unit"":0,""stat"":5,""coor"":2,""momo"":0,""dist"":0,""home"":1,""mots"":1,""plan"":0,""line"":1125,""path"":2,""frmo"":2,""prbe"":1,""safe"":0,""estp"":0,""spc"":1,""hold"":0,""macs"":5,""cycs"":1,""sps"":12000,""feed"":558.8,""mark"":2030957660}}",5.112917208613397,0.1954794748381967,0.2033237050150979,0.2011723343234353,5.112917208613397,0.1954794748381967,0.2033237050150979,0.2011723343234353,-0.9904036399999988,0.0375403000000007,-0.0094863399999992,-1.601764959999978,-1.0066738599999856,0.9002535399999926,-23.752809619996214,27.464185919995625,-30.435189759995147,100.1,34.55,35.309324860016055,22.84721058001038,26.48199420001204,29.857149800013577,89.83107742004083,1577.480765460003,-1.0010563600000002,-0.0776022199999999,0.034362000000002,5.282092799999961,1.8647156600000068,2.016363140000001,-3.0,17.0,-95.0,100.0,32.3362678,88.13521353998836,103.11860973998706,101.82628679998726,61.19013849999232,237.55592945997023,1731.1899827799816,-0.9777732400000078,-0.0264890999999941,0.0326642599999983,-5.660760020000012,-7.840339819999993,0.549,-13.0,37.0,67.33431366000008,100.0,32.63415838,141.04388747998257,3.3284296999995893,2.662744099999672,2.662744099999672,7.322545479999097,1851.0028739599804,-1.0172363599999945,0.1349667599999995,-0.0100929799999996,2.736814480000004,1.8061283999999889,4.109134160000001,-5.918453859999962,30.49316216000008,37.067871200000205,100.0,33.0682325,90.1439753600097,2.058081320000221,1.6464655600001772,1.2348488000001332,4.116163640000443,1537.6505585800053,-1.0224115000000005,0.2009355399999869,0.0160552600000008,2.1682356799999867,1.171929099999983,1.030188620000004,9.40221890000014,14.581571219999816,1.674549620000054,100.0,40.25,94.47416003999442,109.32756633999364,77.83618007999551,59.22318037999659,218.27972155998745,2222.696721179941,-1.0058843,-0.0138168399999989,-0.0038409999999959,0.4395783399999937,1.9083489600000072,5.051883299999994,10.0,-14.410065079999937,26.884289339999945,100.0,33.79410034,74.59926504000117,66.24778339999835,58.88691881999854,70.97976827999824,190.97242027999533,1580.1587617399962,1125,G53 G0 Z0.
16:32:30.541,5,1125,3.78069,2.24607,0.0,96.02941,57.05026,0.0,,558.8,0,0,,2,0,"{""sr"":{""mpox"":96.02941,""mpoy"":57.05026,""mpoz"":0,""mpoa"":0,""posx"":3.78069,""posy"":2.24607,""posz"":0,""posa"":0,""unit"":0,""stat"":5,""coor"":2,""momo"":0,""dist"":0,""home"":1,""mots"":1,""plan"":0,""line"":1125,""path"":2,""frmo"":2,""prbe"":1,""safe"":0,""estp"":0,""spc"":1,""hold"":0,""macs"":5,""cycs"":1,""sps"":0,""feed"":558.8,""mark"":2030957660}}",5.430638527484207,0.2004474496397096,0.2046326202509943,0.2070472526916769,5.430638527484207,0.2004474496397096,0.2046326202509943,0.2070472526916769,-0.9920568000000008,0.0140165999999975,0.0060774000000033,-1.4668927000000005,-0.9777569,0.9094589000000052,-31.9937945,37.0,-39.900697500000085,100.1,34.55,127.01791710001191,78.7153287000074,91.23822150000858,102.86662240000967,309.49436020002906,1665.5257818000057,-1.0177502000000012,-0.0876482999999998,0.0409849,5.527013699999994,1.765690599999983,2.026563699999997,-3.0,16.984928100000012,-95.98492810000002,100.0,32.3345718,31.608153699991487,34.260586299990784,34.03955019999084,20.335316299994524,78.90986759997875,1811.9266416,-1.036318800000007,0.0362238000000053,0.0236823999999987,-5.169691299999988,-8.090799800000008,0.4133999000000036,-13.015500399999986,37.0,67.76154490000006,100.0,32.64,46.15157319998781,1.1147725999997056,0.8918178999997642,0.8918178999997642,2.229544299999411,1769.2344594000208,-0.9892472000000018,0.1297905000000005,-0.0133037000000004,2.851179199999996,1.730589199999998,4.053413799999995,-5.811901400000161,29.41343500000077,35.48613120000102,100.0,33.0673925,142.041768500007,3.2303595000001573,2.584287200000126,2.552937500000153,7.106791200000346,1457.3828875000104,-0.9129984000000024,0.1259402999999979,-0.0234695999999986,3.6324499000000574,1.357947099999992,1.1272792999999948,8.854313499999892,6.692117800000108,15.5100566999998,100.0,40.2196356,63.29662819999624,75.40894559999552,53.9193501999968,41.025592499997565,151.20861129999102,2031.9928693999984,-0.9949980000000002,-0.0089363999999992,0.0202714000000023,0.5013711000000173,1.8650632999999883,4.969127499999996,10.0,-15.0,25.95536110000004,100.0,33.79,95.70978539999804,57.42587109999883,50.589458299998974,61.07195849999876,164.52967899999663,1287.5784011999951,1125,G53 G0 Z0.
16:32:31.054,5,1125,3.78069,2.24607,0.0,96.02941,57.05026,0.0,,558.8,0,0,,2,0,"{""sr"":{""mpox"":96.02941,""mpoy"":57.05026,""mpoz"":0,""mpoa"":0,""posx"":3.78069,""posy"":2.24607,""posz"":0,""posa"":0,""unit"":0,""stat"":5,""coor"":2,""momo"":0,""dist"":0,""home"":1,""mots"":1,""plan"":0,""line"":1125,""path"":2,""frmo"":2,""prbe"":1,""safe"":0,""estp"":0,""spc"":1,""hold"":0,""macs"":5,""cycs"":1,""sps"":0,""feed"":558.8,""mark"":2030957660}}",5.324405114786096,0.2073707954840024,0.210228580562365,0.2082637502375455,5.324405114786096,0.2073707954840024,0.210228580562365,0.2082637502375455,-0.9900162400000008,0.0374984000000002,-0.0249962400000009,-1.780152879999995,-0.8643187599999951,1.0278922400000048,-32.0,37.0,-39.99925968,100.1,34.558346560000004,119.3518170000113,75.95482468000718,86.8050907200082,95.151363880009,286.28949692002703,1959.4710677999813,-0.9997438800000008,-0.0606297199999985,0.0400714800000003,5.476429600000008,1.801076159999998,2.091570399999992,-3.0,16.0,-94.13582303999992,100.07396392,32.32864176,48.81250571998958,39.69978495999154,39.69978495999154,23.69307399999493,91.76119327998047,1753.09559107996,-0.9695035999999958,0.0076834800000022,0.0020105199999992,-5.517781439999988,-8.101902320000002,0.6466418400000075,-12.52778863999989,38.0,68.12847632,100.0,32.64,54.36919623998856,1.319472359999724,1.0555781199997794,1.0555781199997794,2.638944719999448,1800.9719537999767,-0.9824672800000008,0.159273839999999,-0.020753599999999,2.90601784000002,1.7182549200000048,3.942145959999992,-7.62786764000003,31.0,36.15171348000008,100.0,33.06110208,135.61935516000648,3.13933720000015,2.51146956000012,2.51146956000012,6.90654120000033,1795.3374444799822,-0.9333746800000008,0.3064992799999968,-0.0071928799999988,2.5341320799999423,1.4060329199999837,1.0407476799999933,8.0,8.27206212000012,2.3584829199992505,100.0,40.21487332,66.97548115999652,78.52949387999587,56.03406611999705,42.53680935999776,157.46799567999173,2465.008970239928,-0.9988434400000002,-0.0071040799999993,-0.0109422400000004,0.5566592400000072,1.9412508800000088,4.988798400000008,10.0,-14.625027359999963,26.44796080000005,100.0,33.79,89.99825631999632,56.922736799999,50.43364871999912,60.16728091999894,161.96159103999716,1425.2371473199482,1125,G53 G0 Z0.
16:32:31.568,5,1125,3.78069,2.24607,0.0,96.02941,57.05026,0.0,,558.8,0,0,,2,0,"{""sr"":{""mpox"":96.02941,""mpoy"":57.05026,""mpoz"":0,""mpoa"":0,""posx"":3.78069,""posy"":2.24607,""posz"":0,""posa"":0,""unit"":0,""stat"":5,""coor"":2,""momo"":0,""dist"":0,""home"":1,""mots"":1,""plan"":0,""line"":1125,""path"":2,""frmo"":2,""prbe"":1,""safe"":0,""estp"":0,""spc"":1,""hold"":0,""macs"":5,""cycs"":1,""sps"":0,""feed"":558.8,""mark"":2030957660}}",5.164780885050159,0.2031121337388304,0.2065092548356272,0.2041911327934771,5.164780885050159,0.2031121337388304,0.2065092548356272,0.2041911327934771,-0.9940840399999996,0.0544272400000001,0.0131186799999982,-1.844854440000041,-1.1187864400000245,0.7662936399999919,-32.443260560000134,37.0,-39.99729488,100.1,34.5455942,74.67615511998206,52.89297435998726,59.01440475998578,61.79539839998511,185.9456397599552,1538.2896978000176,-0.9962631999999992,-0.0726766400000007,0.0240719200000008,5.381335359999998,1.825592599999991,2.113131439999993,-2.625108119999884,16.915283760000023,-94.08471623999998,100.0,32.35124684,93.7960880800197,65.97811284001361,67.27222096001393,39.6110163600082,154.68248424003204,1703.341281520061,-1.0270800400000042,0.0064826400000021,0.0272114799999992,-5.076480399999998,-8.314304840000043,0.3046452800000203,-12.630314199999884,39.0,68.36968580000011,100.0,32.64,92.02966344001892,1.822369840000375,1.822369840000375,1.4526840400002603,4.555923880000937,1632.5748338800504,-1.0254626000000011,0.1055401999999977,-0.0033465999999987,2.841980480000017,1.7148235599999828,4.160706079999998,-8.0,30.0,35.17550679999996,100.0,33.06221476,111.91804547998916,2.6149073999997463,2.091926079999797,2.091926079999797,6.275778119999392,1714.7547309199954,-0.972349679999996,0.4266392800000221,-0.0182059199999993,3.8543566799997993,1.4518366399999252,1.1518929200000114,10.278677520000086,-1.271243120000901,12.213226559999136,100.0,40.21,79.93751100000598,93.98713360000704,66.85682732000501,50.8693248800038,187.48979796001404,1913.8651320400184,-1.0069807599999998,-0.0181232400000008,-0.0009025200000028,0.6253648400000194,2.0901507999999964,4.898150799999996,10.0,-15.0,26.0,100.0245366,33.807516400000004,102.00660880000096,58.50954460000178,51.59720184000156,61.47197736000187,165.160120440005,1159.720544880009,1125,G53 G0 Z0.
16:32:32.083,5,1125,3.78069,2.24607,0.0,96.02941,57.05026,0.0,,558.8,0,0,,2,0,"{""sr"":{""mpox"":96.02941,""mpoy"":57.05026,""mpoz"":0,""mpoa"":0,""posx"":3.78069,""posy"":2.24607,""posz"":0,""posa"":0,""unit"":0,""stat"":5,""coor"":2,""momo"":0,""dist"":0,""home"":1,""mots"":1,""plan"":0,""line"":1125,""path"":2,""frmo"":2,""prbe"":1,""safe"":0,""estp"":0,""spc"":1,""hold"":0,""macs"":5,""cycs"":1,""sps"":0,""feed"":558.8,""mark"":2030957660}}",5.121172519196072,0.2033120584885616,0.2053368193070629,0.2075173967524794,5.121172519196072,0.2033120584885616,0.2053368193070629,0.2075173967524794,-0.987195760000002,0.0467386000000039,0.0090258600000114,-1.88923202000008,-0.96157430000001,0.99037596000003,-32.004464420000005,36.25734591999984,-38.742654080000165,100.1,34.5599556,36.73385605997731,26.709151639983457,28.01374065998265,28.27108657998248,86.13570617994667,1519.2258090199737,-1.00857888,-0.0756896800000027,0.0263137000000014,5.329076180000037,1.896176419999976,2.0365399799999917,-3.0,16.959928540000025,-95.63048666000012,100.0,32.35,155.84996966002652,87.92324878001502,93.91819922001608,51.71311368000881,213.3576767000365,1818.6122631399528,-1.0318920600000017,-0.0695271600000111,-0.0038509399999979,-5.411737740000007,-8.12850842000002,0.564491580000017,-13.667825240000113,39.0,69.0,100.0,32.6274954,133.68754152002268,3.3391254600005693,2.671300220000455,2.671300220000455,6.678250180001138,1669.0100202199949,-1.0285087199999952,0.1344580600000012,-0.020024919999999,2.910370399999954,1.801099980000007,4.093942599999997,-8.590864600000064,30.50984002000012,35.08102457999995,100.0,33.06328082,89.19142905998643,2.4548103999996265,2.0456749999996893,1.6365398599997512,4.909620059999254,1476.5020399599557,-0.9940415400000022,0.1183506799999938,-0.0125343999999966,2.1731358400001457,1.50769425999998,1.0598706400000073,10.492581439999746,15.077932139999891,17.858957260000206,100.0,40.255658700000005,94.79835014000604,109.77744614000864,77.9940260400062,58.84976516000463,218.8939441000173,1714.8993151999855,-1.0011824800000009,-0.0070220400000004,-0.0230862399999997,0.4235842199999977,1.845669820000008,4.969146680000006,10.58776079999991,-15.0,26.884242540000077,100.0,33.8,122.45854318000536,59.77934828000201,52.91539488000177,62.94732628000212,169.71835190000576,1480.132812179968,1125,G53 G0 Z0.
16:32:32.597,5,1125,3.78069,2.24607,0.0,96.02941,57.05026,0.0,,558.8,0,0,,2,0,"{""sr"":{""mpox"":96.02941,""mpoy"":57.05026,""mpoz"":0,""mpoa"":0,""posx"":3.78069,""posy"":2.24607,""posz"":0,""posa"":0,""unit"":0,""stat"":5,""coor"":2,""momo"":0,""dist"":0,""home"":1,""mots"":1,""plan"":0,""line"":1125,""path"":2,""frmo"":2,""prbe"":1,""safe"":0,""estp"":0,""spc"":1,""hold"":0,""macs"":5,""cycs"":1,""sps"":0,""feed"":558.8,""mark"":2030957660}}",5.237563182153528,0.1995413634053605,0.1993778288933405,0.2067115913758299,5.237563182153528,0.1995413634053605,0.1993778288933405,0.2067115913758299,-0.9958853799999996,0.0535224199999976,0.0094459999999973,-1.772330580000011,-0.9171653000000056,1.096669419999989,-32.0,36.01910312000009,-38.98089687999991,100.1,34.55,2.808158560013568,2.024930660009784,1.986724420009599,2.005827540009691,6.151204480029721,1570.3496837000114,-1.0094812600000005,-0.0793090999999975,0.0478865800000015,5.425085740000011,1.9424528999999804,2.01200703999999,-0.4870564600001936,2.759988860001097,-15.277448420006143,100.0,32.36,170.04249139998691,99.68008093999232,113.08244487999129,56.12239835999568,247.9437315399809,2116.130170359997,-1.0214583799999974,-0.0254130200000007,0.0059412400000015,-5.369096840000012,-7.870754620000009,0.4870051999999952,-13.0,39.01630808000008,68.18226118000014,100.0,32.63299292,168.47755175998705,4.170236439999679,3.336189559999744,3.336189559999744,8.340472899999359,1985.2264981199623,-1.045981559999998,0.1224810999999994,-0.0064293000000005,2.788717320000016,1.8121849800000016,4.023446039999994,-8.0,30.0,35.32184712000003,100.0,33.0536969,69.8275043600074,1.931084740000206,1.6092376000001716,1.2873895000001372,3.862169460000412,1879.4029132800188,-0.9536128199999984,0.3464942999999814,-0.020072020000002,1.6763781000000204,1.5031920799999787,1.2358400199999933,8.513438500000222,0.4687163399998658,-5.34340373999926,100.0,40.28627906,102.97659263999589,122.4416809999951,86.65103505999654,65.93013615999736,243.62754951999025,2202.0236597199614,-1.013776999999999,-0.0101110200000004,0.050389619999997,0.4601158199999987,1.7919047000000086,4.904227780000006,10.0,-15.0,27.0,100.0,33.81434532,135.81974677999736,60.425927719998825,54.32789851999895,64.30649209999875,173.51665533999662,1566.1642293800016,1125,G53 G0 Z0.
16:32:33.112,5,1125,3.78069,2.24607,0.0,96.02941,57.05026,0.0,,558.8,0,0,,2,0,"{""sr"":{""mpox"":96.02941,""mpoy"":57.05026,""mpoz"":0,""mpoa"":0,""posx"":3.78069,""posy"":2.24607,""posz"":0,""posa"":0,""unit"":0,""stat"":5,""coor"":2,""momo"":0,""dist"":0,""home"":1,""mots"":1,""plan"":0,""line"":1125,""path"":2,""frmo"":2,""prbe"":1,""safe"":0,""estp"":0,""spc"":1,""hold"":0,""macs"":5,""cycs"":1,""sps"":0,""feed"":558.8,""mark"":2030957660}}",5.159687711128559,0.1890159615891637,0.1993625630932614,0.2075040007515502,5.159687711128559,0.1890159615891637,0.1993625630932614,0.2075040007515502,-0.9903877199999996,0.0310243600000003,-0.0059797199999969,-1.9705723600000304,-1.1422122799999697,1.02053815999997,-31.67974687999988,36.67621919999987,-37.29159484000049,100.1,34.5599648,48.67844452001868,34.26706300001316,32.34554532001242,32.98605088001267,101.520176880039,2719.0661016799545,-1.0176308799999996,-0.0815292800000019,0.0470464800000013,5.276509199999943,1.7908725200000153,2.0190653599999817,-3.0,17.0,-95.89907372000002,100.0,32.35,146.10554171997956,69.60392755999025,81.5181132399886,37.62374455999473,173.0692259599758,2446.72448723994,-1.0208032400000042,-0.0691908399999962,0.0304088000000009,-5.272195400000007,-8.118,0.4704721599999766,-13.0,38.0,68.6265202399999,100.0,32.64626532,127.18359355998244,3.1326008399995677,2.506080599999654,2.506080599999654,6.891721919999047,2934.396626399946,-0.979870480000005,0.1044151600000064,0.0033370799999973,2.9652123600000047,1.6400877600000132,4.001204159999989,-7.780362239999914,30.219637760000087,36.568986959999954,100.0,33.07,93.3102658800101,2.586080280000282,2.1550665600002348,1.724053520000188,5.172160560000564,2400.459869239915,-1.0159642800000002,0.1526905999999838,0.0138226000000015,2.720423440000008,1.1813353200000063,1.1140939599999973,14.605273920000023,5.065147359998959,17.9776557200007,100.0,40.27797536,97.36403663999404,107.26546423999343,76.46102323999533,57.75832691999647,213.9808486799869,2695.784018719921,-1.0049156800000003,-0.0132914399999999,0.0481919999999981,0.5434675999999898,2.0079293600000083,5.049806640000002,9.821920319999933,-15.303103199999946,27.17807968000007,100.0,33.8,102.20693683999728,56.0322289999985,50.32524307999866,59.66394779999841,160.8332510799957,2595.684344879936,1125,G53 G0 Z0.
16:32:33.792,3,1126,96.02941,57.05026,0.0,96.02941,57.05026,0.0,,0.0,1,0,,1,4,"{""sr"":{""mpox"":96.02941,""mpoy"":57.05026,""mpoz"":0,""mpoa"":0,""posx"":96.02941,""posy"":57.05026,""posz"":0,""posa"":0,""unit"":1,""stat"":3,""coor"":1,""momo"":4,""dist"":0,""home"":1,""mots"":0,""plan"":0,""line"":1126,""path"":2,""frmo"":2,""prbe"":1,""safe"":0,""estp"":0,""spc"":0,""hold"":0,""macs"":3,""cycs"":0,""sps"":0,""feed"":0,""mark"":2011177999}}",5.213502511188717,0.1967046945325094,0.2004192582251808,0.1824081372089014,5.213502511188717,0.1967046945325094,0.2004192582251808,0.1824081372089014,-0.98808832,0.0479711999999989,-0.0091871200000015,-1.7998198000000436,-0.9752878800000002,0.8648788000000124,-32.0,36.9208588799999,-38.0698344000001,100.1,34.56079144,13.825720280015634,9.463875880010722,8.854050720010017,9.11008652001031,28.037839200031748,1634.111131119978,-1.0082557599999995,-0.0551471200000015,0.0275417199999995,5.332562919999988,1.6736244400000089,1.9409210399999968,-3.0,16.012028400000016,-95.0,100.0,32.36777952,145.0881310799866,85.30372067999231,99.52301139999102,46.583620919995774,211.6733647199809,1656.6489690399858,-0.9436138000000078,-0.1127958399999927,0.0200730799999996,-5.505823199999987,-8.008806560000005,0.4277619200000009,-13.802553519999943,37.77757295999992,68.79006319999992,100.0,32.63802568,164.3205929599853,3.9503143199996473,3.160252039999718,3.160252039999718,8.703182159999242,1916.8328863999525,-1.0503083599999965,0.1200998399999981,-0.0124052000000008,2.8880163999999957,1.7479252800000007,4.16442879999999,-6.0,30.025068560000037,38.02506856000003,100.0,33.08688268,75.02039192000831,1.7206514800001906,1.7206514800001906,1.376520800000152,3.785432720000419,1536.66766491997,-1.0111520799999991,0.1820551200000033,-0.0189550400000007,1.88563944,1.3600241600000142,1.1261926000000062,7.845756159999493,3.820583800000021,14.55395051999915,100.0,40.26416628,108.93482767999495,119.43446963999465,85.13534019999616,64.3108683599971,237.06062155998936,1625.9730224799866,-1.01162728,-0.01302588,-0.0102909199999996,0.4518348400000244,1.8504601999999888,4.883,10.0,-15.513267999999943,27.035479840000047,100.0513268,33.81522212,93.5496469199962,59.264757719998734,53.77727999999885,64.16800775999859,172.2713156799963,1453.598122639992,1126,M30
16:32:34.061,3,1126,96.02941,57.05026,0.0,96.02941,57.05026,0.0,,0.0,1,0,,1,4,"{""sr"":{""mpox"":96.02941,""mpoy"":57.05026,""mpoz"":0,""mpoa"":0,""posx"":96.02941,""posy"":57.05026,""posz"":0,""posa"":0,""unit"":1,""stat"":3,""coor"":1,""momo"":4,""dist"":0,""home"":1,""mots"":0,""plan"":0,""line"":1126,""path"":2,""frmo"":2,""prbe"":1,""safe"":0,""estp"":0,""spc"":0,""hold"":0,""macs"":3,""cycs"":0,""sps"":0,""feed"":0,""mark"":2011177999}}",5.381227604951343,0.207450803887411,0.2068948993155138,0.2090211611535407,5.381227604951343,0.207450803887411,0.2068948993155138,0.2090211611535407,-0.9888758999999998,0.0434897000000001,0.0040181999999987,-1.883816799999988,-0.9211536999999947,0.8918737000000034,-32.30283690000003,36.69716309999997,-37.69716309999997,100.1,34.5730286,119.1944588999952,75.29360859999699,70.41346689999716,71.80779309999711,221.69988859999108,1552.7106311999885,-1.0105106999999998,-0.0796524999999997,0.018724099999999,5.224571000000006,2.045740399999989,2.006310000000004,-2.744435099999976,16.63720069999998,-95.74443509999998,100.0,32.3725557,58.534007300003296,39.800710800002186,45.8199719000025,21.04237070000115,97.95586560000535,1502.9578431999985,-0.9965261,-0.0321300999999999,0.0282904,-5.278958900000004,-8.069154300000003,0.2905501000000044,-14.890965200000004,37.1090348,67.47244140000001,100.0,32.653822,75.9519428000041,1.817032400000098,1.4536258000000788,1.4536258000000788,3.997470400000217,1458.7501584000008,-1.0084685999999996,0.1540123999999994,-0.0275915999999997,2.8359722000000067,1.7111357999999948,4.0974297,-6.206698800000019,30.0,37.425066600000015,100.0,33.0843673,123.6107212999977,2.8746677999999464,2.8746677999999464,2.299734699999957,6.324269699999882,1307.265259000001,-0.954561900000002,0.2209281000000029,-0.0388419999999991,2.4279236000000166,1.130002300000005,1.2578051000000003,10.825036299999942,-3.00018349999993,14.507332399999877,100.0,40.2625389,75.99606320000122,86.66269300000151,61.58441330000106,46.66452670000081,171.80158120000297,1800.985623599997,-1.0093823000000002,-0.0064406000000001,0.0196516999999999,0.5383913000000055,1.919448899999992,4.942532999999997,10.522135599999997,-15.0,26.78842359999999,100.0,33.8168941,71.03973430000194,51.60934560000035,46.83070310000032,55.74281980000036,150.04939530000104,1349.6238952999925,1126,M30
16:32:34.576,3,1126,96.02941,57.05026,0.0,96.02941,57.05026,0.0,,0.0,1,0,,1,4,"{""sr"":{""mpox"":96.02941,""mpoy"":57.05026,""mpoz"":0,""mpoa"":0,""posx"":96.02941,""posy"":57.05026,""posz"":0,""posa"":0,""unit"":1,""stat"":3,""coor"":1,""momo"":4,""dist"":0,""home"":1,""mots"":0,""plan"":0,""line"":1126,""path"":2,""frmo"":2,""prbe"":1,""safe"":0,""estp"":0,""spc"":0,""hold"":0,""macs"":3,""cycs"":0,""sps"":0,""feed"":0,""mark"":2011177999}}",5.146398946811025,0.2007709225363636,0.2014833166521024,0.2103422202787702,5.146398946811025,0.2007709225363636,0.2014833166521024,0.2103422202787702,-0.9868210000000002,0.0371972000000001,0.0013550000000007,-1.8544559999999968,-1.0372242,0.9652267999999932,-32.39717439999994,36.59860760000006,-38.19574159999983,100.1,34.58,65.10147779999092,45.369986999993664,39.74205899999445,42.55602319999407,128.87224619998202,1138.1374776000198,-1.0059408,-0.0747477999999997,0.0344517999999997,5.404520999999997,1.8058722000000085,1.990130199999996,-3.43120239999996,16.0,-95.9408376,100.0,32.3649036,82.98112360000522,51.09630020000348,59.74659100000407,26.460509200001795,120.98575380000814,1563.3916036000203,-0.9909882000000017,-0.0302866000000002,0.0039209999999999,-5.249,-8.102464599999994,0.427,-14.0,37.57133120000004,68.0633304,100.0,32.6485734,118.83691820000814,2.8566566000001954,2.2853254000001564,2.2853254000001564,6.284644800000431,1613.0135844000213,-1.0301327999999996,0.1224631999999999,-0.0102622000000004,2.7940486000000084,1.7036903999999982,3.970152199999996,-6.0,30.58852059999996,37.07369520000004,100.0,33.0812536,99.57780699999546,2.315763199999894,1.8526105999999156,1.3894579999999366,5.094678599999767,1171.0703310000144,-1.0573658000000028,0.1558719999999977,0.0130315999999996,2.390691199999964,1.749702600000015,1.1223563999999944,11.85317340000015,11.48723340000006,14.462530000000664,100.0,40.262361,85.30404000000259,98.4169558000028,71.30072160000205,54.32356720000158,201.1330570000058,2063.4940580000334,-1.0036654,-0.0140515999999998,0.0016992000000003,0.4500317999999976,1.863460200000001,4.8531532,9.821928800000023,-15.332639400000032,27.33263940000003,100.0,33.8217808,121.39460240000142,57.63981020000095,50.51336240000078,60.54950680000093,161.57623200000248,1216.827061800024,1126,M30
16:32:35.042,3,1126,96.02941,57.05026,0.0,96.02941,57.05026,0.0,,0.0,1,0,,1,4,"{""sr"":{""mpox"":96.02941,""mpoy"":57.05026,""mpoz"":0,""mpoa"":0,""posx"":96.02941,""posy"":57.05026,""posz"":0,""posa"":0,""unit"":1,""stat"":3,""coor"":1,""momo"":4,""dist"":0,""home"":1,""mots"":0,""plan"":0,""line"":1126,""path"":2,""frmo"":2,""prbe"":1,""safe"":0,""estp"":0,""spc"":0,""hold"":0,""macs"":3,""cycs"":0,""sps"":0,""feed"":0,""mark"":2011177999}}",5.1630959105009335,0.2002566178196075,0.2051606698285147,0.2028610534265702,5.1630959105009335,0.2002566178196075,0.2051606698285147,0.2028610534265702,-0.995,0.0465724799999995,-0.0131992399999989,-1.8968339200000064,-0.8027470400000125,1.0283322399999877,-32.00286488,36.0,-38.00286488,100.1,34.58,146.86259283998382,115.65429187998728,93.62490279998968,105.55748895998838,311.16511839996576,1407.259046759967,-1.00642668,-0.0779387999999996,0.0262409999999994,5.302554480000021,1.889796079999997,2.097302959999986,-3.0,16.21948764000009,-94.21948764000008,100.0,32.357925679999994,28.62729564000985,12.861538920004431,14.106203800004849,6.430769000002211,25.723076920008843,1166.4698294000084,-1.0192404399999988,-0.0352596799999993,0.0177447599999993,-5.089569360000052,-8.293764759999974,0.3588304800000201,-14.0,37.22372332000009,68.01242816000001,100.0,32.64012432,44.16064644001472,0.8451796400002818,0.6338844800002114,0.6338844800002114,1.9016543600006337,1218.5487854800404,-0.9876177200000013,0.1229229599999999,-0.0155984799999994,2.8750450400000127,1.7445789199999917,3.990985640000001,-6.633634359999929,31.0,37.97481103999997,100.0,33.09317676,143.6487545999917,2.635295039999847,2.635295039999847,1.976470799999885,5.929413319999656,1072.3001762400077,-0.9425387600000068,0.2785946399999905,-0.0239171199999978,1.9748617199999996,1.6716430800000015,1.0514921200000096,6.700019680000085,-5.787629600000196,7.037347120000424,100.0,40.3,63.56479852000452,65.50274996000465,48.44877924000344,37.9838434000027,136.43176300000968,1434.4641030400448,-1.0028339599999998,-0.0098581599999998,0.0068860000000001,0.5862866399999951,1.921680440000004,4.912680440000004,10.513439119999942,-15.0,26.902187200000025,100.00354672,33.82486548,64.95750116000168,78.94140776000206,64.95750116000168,75.78375156000197,206.60094200000535,1307.677433239992,1126,M30
16:32:35.556,3,1126,96.02941,57.05026,0.0,96.02941,57.05026,0.0,,0.0,1,0,,1,4,"{""sr"":{""mpox"":96.02941,""mpoy"":57.05026,""mpoz"":0,""mpoa"":0,""posx"":96.02941,""posy"":57.05026,""posz"":0,""posa"":0,""unit"":1,""stat"":3,""coor"":1,""momo"":4,""dist"":0,""home"":1,""mots"":0,""plan"":0,""line"":1126,""path"":2,""frmo"":2,""prbe"":1,""safe"":0,""estp"":0,""spc"":0,""hold"":0,""macs"":3,""cycs"":0,""sps"":0,""feed"":0,""mark"":2011177999}}",5.305207099063618,0.1970288199197402,0.1982192526861362,0.1929447375221384,5.305207099063618,0.1970288199197402,0.1982192526861362,0.1929447375221384,-0.9896100000000004,0.0374304000000007,-0.0004588000000013,-1.8544787999999797,-0.7931654000000001,0.903343399999993,-32.20413520000011,36.20548000000012,-39.59172879999978,100.1,34.5759038,144.00845219997967,97.8913419999862,81.17818659998856,89.93269679998733,261.0435793999632,1720.7806623999695,-1.00812,-0.0767105999999999,0.0148753999999994,5.363659200000002,1.6753720000000245,1.993333199999988,-3.0,16.0,-95.0,100.0879656,32.334591200000006,49.36294660001165,14.246493800003991,15.984955400004468,7.702734600002155,26.295382400007338,1857.78907179994,-0.9730146000000022,-0.0237488000000002,0.0035902000000007,-5.033133600000059,-8.15102619999999,0.3911528000000037,-14.0,37.0,67.1682766000001,100.0,32.6370264,60.33815240001618,1.1612382000003132,0.8709288000002349,0.8709288000002349,2.612786600000705,1831.7988743999904,-1.026586,0.1203876,-0.0050240000000001,2.936770200000002,1.7035272000000186,4.104287199999998,-6.0,30.86282819999992,37.13717180000008,100.0,33.0752498,133.46243539999077,2.4488519999998304,2.4488519999998304,1.836638999999873,5.509917199999618,1850.2188319999868,-0.8256753999999992,0.3651576000000144,-0.037141600000002,2.003891600000004,1.1498916000000037,1.2031433999999994,10.75117039999996,10.105656799999393,27.1212825999997,100.0,40.2941718,61.955369000004914,68.41173280000508,48.932950200003695,38.92147780000296,138.61906400001035,2259.3616847999774,-1.0078182000000002,-0.0116725999999996,0.0020056000000007,0.4155851999999621,1.956495400000006,5.074175199999989,10.0,-15.468112800000013,26.531887199999986,100.0643248,33.81134,101.62379840000352,102.4052756000027,84.72836340000228,95.02683840000256,266.3560156000072,1469.3353025999838,1126,M30
16:32:36.071,3,1126,96.02941,57.05026,0.0,96.02941,57.05026,0.0,,0.0,1,0,,1,4,"{""sr"":{""mpox"":96.02941,""mpoy"":57.05026,""mpoz"":0,""mpoa"":0,""posx"":96.02941,""posy"":57.05026,""posz"":0,""posa"":0,""unit"":1,""stat"":3,""coor"":1,""momo"":4,""dist"":0,""home"":1,""mots"":0,""plan"":0,""line"":1126,""path"":2,""frmo"":2,""prbe"":1,""safe"":0,""estp"":0,""spc"":0,""hold"":0,""macs"":3,""cycs"":0,""sps"":0,""feed"":0,""mark"":2011177999}}",5.333958800770261,0.2016285225324722,0.2027785454815593,0.2008656456657622,5.333958800770261,0.2016285225324722,0.2027785454815593,0.2008656456657622,-0.9904874999999992,0.0400215000000011,-0.0020064999999997,-1.9831044999999916,-0.8862065000000603,0.916092,-32.49653449999986,36.00151,-39.49804449999986,100.05019550000002,34.5550195,81.18276749997706,61.259476999982695,50.80054149998565,56.2790314999841,163.35860449995388,1640.65544500006,-1.0039310000000004,-0.0762694999999997,0.0245989999999996,5.284373500000017,1.7780120000000368,1.901371500000009,-3.0,16.4984584999999,-95.14746249999976,100.0,32.3592475,76.73751650001381,25.077076000004983,28.512594000005706,13.541621000002694,46.141820000009176,1354.630924500002,-0.9957580000000004,-0.0288275000000006,0.0145504999999999,-5.0401760000000335,-8.197143000000008,0.3314904999999834,-13.07608249999998,37.0,68.49654850000009,100.0,32.639239,103.35819400002032,1.986194500000392,1.4896455000002935,1.4896455000002935,4.46893750000088,1842.9069845001168,-1.005,0.1231895000000002,-0.0104659999999997,3.014101500000024,1.7699879999999937,3.983884499999976,-6.0,31.0,37.15541799999996,100.0,33.07,107.9790519999884,1.999611999999785,1.999611999999785,1.4997094999998386,4.499127499999516,2527.158095500326,-0.9901865000000027,0.2957075000000119,-0.015508000000003,1.902937999999964,1.909349000000017,1.3351800000000005,7.370111999999973,7.923732499997979,1.4432119999990456,100.0,40.30865,77.84891100000628,82.77926850000632,59.19971900000453,47.1590985000036,168.06699950001286,2921.582383000387,-1.004333,-0.0103814999999997,0.0051689999999997,0.3491074999999952,1.9157984999999815,4.91678500000001,9.72307299999992,-15.72307299999992,26.0,100.022092,33.76,103.8008190000089,108.53033350000348,90.11004750000288,101.06265000000325,283.27412750000906,1970.761257500216,1126,M30
16:32:36.585,3,1126,96.02941,57.05026,0.0,96.02941,57.05026,0.0,,0.0,1,0,,1,4,"{""sr"":{""mpox"":96.02941,""mpoy"":57.05026,""mpoz"":0,""mpoa"":0,""posx"":96.02941,""posy"":57.05026,""posz"":0,""posa"":0,""unit"":1,""stat"":3,""coor"":1,""momo"":4,""dist"":0,""home"":1,""mots"":0,""plan"":0,""line"":1126,""path"":2,""frmo"":2,""prbe"":1,""safe"":0,""estp"":0,""spc"":0,""hold"":0,""macs"":3,""cycs"":0,""sps"":0,""feed"":0,""mark"":2011177999}}",5.327698261581213,0.205521506436285,0.2157086445753683,0.2079821742754068,5.327698261581213,0.205521506436285,0.2157086445753683,0.2079821742754068,-0.98845154,0.03776604,-0.0140717399999996,-1.7104664,-0.9435258399999912,1.021785040000004,-32.225622959999924,36.0,-39.0,100.1,34.54,37.89664381998784,27.751622799991093,23.01354075999262,25.48738137999183,74.00432783997627,1764.6440997800646,-1.00748736,-0.0748171399999996,0.0257433400000007,5.215263439999982,1.920981940000016,2.030624819999997,-3.0,16.0,-95.6099516999999,100.0,32.37,124.8773078400094,35.41379848000266,38.22632946000286,18.7656524600014,64.63724830000483,1166.6570448400169,-0.9972435200000002,-0.0317657,0.0138560599999999,-5.362031860000032,-8.156046199999984,0.4078866400000244,-13.344817159999938,37.65518284000007,68.65518284000007,100.0,32.64311338,141.92760352001045,2.754576300000203,2.0659320000001524,2.0659320000001524,6.197796560000458,1600.723009980022,-1.0087431800000002,0.1254612399999995,-0.0097455600000003,2.7838453000000016,1.7772600199999964,3.979690820000003,-6.0,30.53509014000005,38.0701810600001,100.0,33.07,86.323624619994,1.5839195799998895,1.1879400199999173,1.1879400199999173,3.563819279999752,1544.2079818600002,-1.0024876199999986,0.2218541800000064,-0.0086785600000011,5.640072260000031,1.440116339999971,1.264887599999991,10.052070820000347,4.007322960001005,16.554337639998987,100.0,40.2983852,88.38521718000301,95.23032172000327,68.10410864000235,54.25242616000187,193.9235650600067,2236.714434439976,-1.00478238,-0.0097596800000001,-0.0039092000000005,0.657744520000007,1.7895030200000075,4.987227740000006,8.439906740000042,-14.097116359999967,26.0,100.0,33.70657188,127.81192350000536,117.07101816000196,96.7612604400016,109.01567346000184,305.56609888000514,1336.2741198800015,1126,M30
16:32:37.099,3,1126,96.02941,57.05026,0.0,96.02941,57.05026,0.0,,0.0,1,0,,1,4,"{""sr"":{""mpox"":96.02941,""mpoy"":57.05026,""mpoz"":0,""mpoa"":0,""posx"":96.02941,""posy"":57.05026,""posz"":0,""posa"":0,""unit"":1,""stat"":3,""coor"":1,""momo"":4,""dist"":0,""home"":1,""mots"":0,""plan"":0,""line"":1126,""path"":2,""frmo"":2,""prbe"":1,""safe"":0,""estp"":0,""spc"":0,""hold"":0,""macs"":3,""cycs"":0,""sps"":0,""feed"":0,""mark"":2011177999}}",5.166888860573535,0.1967946602552698,0.2072600569669405,0.2078732522826319,5.166888860573535,0.1967946602552698,0.2072600569669405,0.2078732522826319,-0.991,0.0417258999999999,-0.00288998,-1.940317359999999,-0.8097822800000014,1.0905942999999994,-32.93150043999999,36.0,-38.13740230000001,100.1,34.499310699999995,11.165486120000912,8.425490200000688,6.986991740000571,7.740490780000632,22.467973240001832,483.94532902000407,-1.00551842,-0.07586088,0.02747438,5.48988972,1.8795589999999984,2.07188972,-3.050987760000005,16.050987760000005,-95.0,100.0,32.36773688,156.3970482399992,42.13806449999979,44.56910703999978,22.68972711999989,77.79335051999962,625.1827101400016,-0.99695888,-0.0288268,0.0143668999999999,-5.220913839999997,-8.185936580000002,0.3945833399999995,-13.856776900000002,37.8567769,68.0,100.0,32.6419413,166.82195851999916,3.223613019999984,2.417709999999988,2.417709999999988,7.2531290599999645,686.7321408400029,-1.00554408,0.1242093399999999,-0.00970766,2.91212424,1.9479333799999992,4.022974519999999,-6.0,30.041192400000003,37.70763274,100.0,33.0995881,72.42372984000048,1.3342405200000087,1.0006799200000065,1.0006799200000065,3.0020406400000192,661.2508637800031,-1.0384502999999998,-0.00616906,-0.0099085199999999,3.102888499999996,1.6113985600000005,1.1015506200000007,8.344775079999998,2.234314199999997,20.474531979999966,100.0,40.31420926,92.57353399999978,101.83088729999974,72.82451319999983,58.01274825999985,206.13040211999947,885.400112660002,-1.00323748,-0.01155128,-0.0054516799999999,0.4687208000000007,1.7472499,4.9145904,8.0,-13.584300980000002,24.448913460000004,100.0,33.67415668,113.52381853999988,120.13685701999988,99.74665597999989,111.87055891999988,313.56821703999964,653.1334119800005,1126,M30
16:32:37.614,3,1126,96.02941,57.05026,0.0,96.02941,57.05026,0.0,,0.0,1,0,,1,4,"{""sr"":{""mpox"":96.02941,""mpoy"":57.05026,""mpoz"":0,""mpoa"":0,""posx"":96.02941,""posy"":57.05026,""posz"":0,""posa"":0,""unit"":1,""stat"":3,""coor"":1,""momo"":4,""dist"":0,""home"":1,""mots"":0,""plan"":0,""line"":1126,""path"":2,""frmo"":2,""prbe"":1,""safe"":0,""estp"":0,""spc"":0,""hold"":0,""macs"":3,""cycs"":0,""sps"":0,""feed"":0,""mark"":2011177999}}",5.15231576913726,0.1979173408410754,0.202999778153741,0.2056045911854712,5.15231576913726,0.1979173408410754,0.202999778153741,0.2056045911854712,-0.99063744,0.0366086400000003,-0.0099855999999999,-1.809075959999998,-1.0158991999999978,0.938277560000002,-32.99710416,36.0,-38.99420832,100.1,34.4399712,59.6617247200056,44.20718196000415,36.65961416000344,40.613101640003805,117.88581744001108,261.4205067199991,-1.0060859599999998,-0.0732074800000002,0.02249132,5.230412839999998,1.7021517199999976,2.020217719999997,-3.599075679999976,16.695294559999972,-95.50285615999998,100.0304704,32.37400896,87.46503863999654,31.151931319998763,33.54823411999867,16.774116879999333,57.51125803999772,262.6174246799999,-0.99709792,-0.0308833199999998,0.0141967599999999,-5.217927279999994,-8.003166400000008,0.5723042799999916,-13.0,38.0,67.79369475999997,100.0,32.64500488,126.22372367999502,2.3928669999999057,1.7946499999999292,1.7946499999999292,5.383950359999787,330.6242632799983,-1.00609112,0.1226336800000001,-0.00984988,2.8902953999999967,1.6575402000000006,3.994208280000001,-6.0,30.44603184000001,37.44603184000002,100.0,33.09048464,96.34294368000278,1.7841283600000517,1.3380965200000383,1.3380965200000383,4.014289200000116,290.6220622399968,-1.03375204,-0.07069544,-0.0031017599999998,2.206903599999998,1.4934940799999985,1.0237529600000008,10.0,-0.2371257199998341,8.732045000000292,100.0,40.32771868,83.43925567999858,88.28411563999849,63.52149787999892,50.60187171999914,179.7981387999969,416.64763967999625,-1.00320016,-0.0120482799999998,-0.005267,0.4757823199999988,1.755834640000005,4.888135000000004,4.349847000000035,-6.766428000000055,12.165647680000063,100.0,33.6731642,108.50357591999918,112.63704491999914,93.5197482799993,104.88678991999922,293.99302147999776,302.8554015199984,1126,M30
