t_console,stat,line,posx,posy,posz,mpox,mpoy,mpoz,vel,feed,unit,dist,plane,coor,momo,raw_json,spindle,x_motor,y_motor,z_motor,spindle_A,x_motor_A,y_motor_A,z_motor_A,y_bed__3.Ax,y_bed__3.Ay,y_bed__3.Az,y_bed__3.Gx,y_bed__3.Gy,y_bed__3.Gz,y_bed__3.Mx,y_bed__3.My,y_bed__3.Mz,y_bed__3.Pressure,y_bed__3.Temperature,y_bed__3.Proximity,y_bed__3.ColorR,y_bed__3.ColorG,y_bed__3.ColorB,y_bed__3.ColorA,y_bed__3.RMS,frame_l2.Ax,frame_l2.Ay,frame_l2.Az,frame_l2.Gx,frame_l2.Gy,frame_l2.Gz,frame_l2.Mx,frame_l2.My,frame_l2.Mz,frame_l2.Pressure,frame_l2.Temperature,frame_l2.Proximity,frame_l2.ColorR,frame_l2.ColorG,frame_l2.ColorB,frame_l2.ColorA,frame_l2.RMS,y_bed__4.Ax,y_bed__4.Ay,y_bed__4.Az,y_bed__4.Gx,y_bed__4.Gy,y_bed__4.Gz,y_bed__4.Mx,y_bed__4.My,y_bed__4.Mz,y_bed__4.Pressure,y_bed__4.Temperature,y_bed__4.Proximity,y_bed__4.ColorR,y_bed__4.ColorG,y_bed__4.ColorB,y_bed__4.ColorA,y_bed__4.RMS,spindle2.Ax,spindle2.Ay,spindle2.Az,spindle2.Gx,spindle2.Gy,spindle2.Gz,spindle2.Mx,spindle2.My,spindle2.Mz,spindle2.Pressure,spindle2.Temperature,spindle2.Proximity,spindle2.ColorR,spindle2.ColorG,spindle2.ColorB,spindle2.ColorA,spindle2.RMS,frame_l3.Ax,frame_l3.Ay,frame_l3.Az,frame_l3.Gx,frame_l3.Gy,frame_l3.Gz,frame_l3.Mx,frame_l3.My,frame_l3.Mz,frame_l3.Pressure,frame_l3.Temperature,frame_l3.Proximity,frame_l3.ColorR,frame_l3.ColorG,frame_l3.ColorB,frame_l3.ColorA,frame_l3.RMS,frame_r2.Ax,frame_r2.Ay,frame_r2.Az,frame_r2.Gx,frame_r2.Gy,frame_r2.Gz,frame_r2.Mx,frame_r2.My,frame_r2.Mz,frame_r2.Pressure,frame_r2.Temperature,frame_r2.Proximity,frame_r2.ColorR,frame_r2.ColorG,frame_r2.ColorB,frame_r2.ColorA,frame_r2.RMS,gcode_line,gcode_string
14:08:54.130,5,27,1.4406,1.652,0.0994,84.15238,58.84604,-23.46774,,185.42,0,0,,2,1,"{""sr"":{""mpox"":84.15238,""mpoy"":58.84604,""mpoz"":-23.46774,""mpoa"":0,""posx"":1.4406,""posy"":1.652,""posz"":0.0994,""posa"":0,""unit"":0,""stat"":5,""coor"":2,""momo"":1,""dist"":0,""home"":1,""mots"":0,""plan"":0,""line"":27,""path"":2,""frmo"":2,""prbe"":1,""safe"":0,""estp"":0,""spc"":0,""hold"":0,""macs"":5,""cycs"":1,""sps"":0,""feed"":185.42,""mark"":1499779243}}",5.399931769206887,0.1964612588926684,0.2001984893286135,0.2039357197645586,5.399931769206887,0.1964612588926684,0.2001984893286135,0.2039357197645586,-0.996,-0.031,0.013,-4.883,-7.996,0.549,5.0,28.0,44.0,99.7,31.24,0.0,0.0,0.0,0.0,0.0,545.0,-0.991,0.041,-0.011,-1.587,-0.854,0.916,-33.0,35.0,-31.0,99.8,31.24,194.0,96.0,91.0,85.0,277.0,305.0,-1.007,0.121,-0.011,2.747,1.648,4.028,-25.0,36.0,34.0,99.7,31.51,0.0,0.0,0.0,0.0,0.0,416.0,-1.031,-0.065,-0.003,2.502,1.343,1.404,9.0,-27.0,7.0,99.7,36.12,160.0,215.0,167.0,140.0,470.0,410.0,-1.005,-0.01,-0.002,0.305,1.831,4.7,9.0,-16.0,28.0,99.8,31.04,0.0,0.0,0.0,0.0,0.0,383.0,-1.004,-0.076,0.024,5.371,1.587,2.014,-4.0,16.0,-94.0,99.8,30.73,230.0,29.0,37.0,29.0,81.0,365.0,27,X1.4406 Y1.652 Z0.0994
14:08:54.393,5,59,1.5375,1.4564,0.0897,86.61363,53.8778,-23.71412,,185.42,0,0,,2,1,"{""sr"":{""mpox"":86.61363,""mpoy"":53.8778,""mpoz"":-23.71412,""mpoa"":0,""posx"":1.5375,""posy"":1.4564,""posz"":0.0897,""posa"":0,""unit"":0,""stat"":5,""coor"":2,""momo"":1,""dist"":0,""home"":1,""mots"":0,""plan"":0,""line"":59,""path"":2,""frmo"":2,""prbe"":1,""safe"":0,""estp"":0,""spc"":0,""hold"":0,""macs"":5,""cycs"":1,""sps"":0,""feed"":185.42,""mark"":1499779243}}",5.537334003032498,0.1991850560670746,0.200076331664428,0.2016610295741856,5.537334003032498,0.1991850560670746,0.200076331664428,0.2016610295741856,-0.99679954,-0.02979954,0.014,-5.411639559999999,-7.67215744,0.6556456999999999,4.3701438800000005,27.62985612,42.37014388,99.7,31.24599002,101.40686745999996,6.928419319999998,5.668706819999999,5.668706819999999,15.116551619999996,480.1171035,-0.99114482,0.04047412,-0.00909332,-1.40970052,-0.8363265,0.98013636,-33.0,34.0,-31.0,99.8,31.23,92.7371936,45.53213936,43.16067316,40.31491492000001,131.37919264,300.25736056,-1.00664332,0.121,-0.0101352,2.7852269,1.5517549000000002,3.96575154,-25.0,36.0,32.356449860000005,99.7,31.49983134,110.33152986,2.03376066,1.52532056,1.52532056,4.57596168,416.22213944,-1.03028072,-0.0656406,-0.0042530599999999,2.20024194,1.4281530800000002,1.34948362,9.0,-27.35961268,7.7192251,99.7,36.12412736,104.27685053999996,137.68328271999997,106.94468915999995,89.65423039999997,301.6224469799999,408.41956142,-1.00567562,-0.00969928,-0.00132438,0.4105504199999998,1.67870844,4.7810059,9.69931548,-16.0,27.69931548,99.8,31.03976444,43.29853032000003,42.69716154000003,37.58552970000003,42.09579324000004,118.77027350000009,372.44743902,-1.00428738,-0.076,0.02257476,5.12879842,1.8207862,2.1015429,-3.6025701999999984,11.559671779999997,-68.63555089999997,99.8,30.72,174.71228069999995,20.951904959999997,26.731740979999987,20.951904959999997,58.52083793999999,362.86978054,59,X1.5375 Y1.4564 Z0.0897
14:08:54.644,5,89,1.6242,1.6486,0.0807,88.81581,58.75968,-23.94272,,185.42,0,0,,2,1,"{""sr"":{""mpox"":88.81581,""mpoy"":58.75968,""mpoz"":-23.94272,""mpoa"":0,""posx"":1.6242,""posy"":1.6486,""posz"":0.0807,""posa"":0,""unit"":0,""stat"":5,""coor"":2,""momo"":1,""dist"":0,""home"":1,""mots"":0,""plan"":0,""line"":89,""path"":2,""frmo"":2,""prbe"":1,""safe"":0,""estp"":0,""spc"":0,""hold"":0,""macs"":5,""cycs"":1,""sps"":0,""feed"":185.42,""mark"":1499779243}}",5.265401380465516,0.2071778092140279,0.2047435810695749,0.2023306413839299,5.265401380465516,0.2071778092140279,0.2047435810695749,0.2023306413839299,-0.997,-0.03040092,0.0133832,-4.6818764,-7.936341,0.3149556,4.78397552,27.16735968,43.44925688,99.7,31.25017212,62.13551212,4.217224,3.45045612,3.45045612,9.20121632,425.97880396,-0.9913312,0.04081372,-0.00866168,-1.51672248,-0.79506448,0.87528832,-33.0,34.669013840000005,-32.0,99.8,31.22330984,107.51998284,49.62460776,47.03999228,43.93845464,142.67074644,332.145944,-1.00735568,0.12113484,-0.0101414,2.84808904,1.67006836,3.93630736,-25.0,36.0,31.64454608,99.7,31.51361764,107.5998706,1.98735352,1.490515,1.490515,4.471546,468.59385692,-1.0302586,-0.06533592,-0.00214696,2.2648432,1.33611556,1.3656008,9.0,-27.0,7.0,99.7,36.14056084,58.909947640000006,80.02860851999999,62.24447288,52.2408976,174.87732988,343.2379058,-1.00502436,-0.00894896,-0.00066512,0.32541904,1.82938604,4.7,10.0,-16.0,28.66737016,99.8,31.02283912,146.52354496,97.55731892,85.79802492,96.1495196,271.87155512,339.49099936,-1.00430988,-0.07700756,0.02827936,5.18607344,1.6929366,2.11661816,-4.0,16.68226408,-94.68226408,99.8,30.71325344,72.57026784,8.993750799999999,11.47478572,8.993750799999999,25.12047692,364.50667032,89,X1.6242 Y1.6486 Z0.0807
14:08:54.902,5,112,1.4482,1.66,0.0737,84.34542,59.04924,-24.12052,,185.42,0,0,,2,1,"{""sr"":{""mpox"":84.34542,""mpoy"":59.04924,""mpoz"":-24.12052,""mpoa"":0,""posx"":1.4482,""posy"":1.66,""posz"":0.0737,""posa"":0,""unit"":0,""stat"":5,""coor"":2,""momo"":1,""dist"":0,""home"":1,""mots"":0,""plan"":0,""line"":112,""path"":2,""frmo"":2,""prbe"":1,""safe"":0,""estp"":0,""spc"":1,""hold"":0,""macs"":5,""cycs"":1,""sps"":12000,""feed"":185.42,""mark"":1499779243}}",5.30562880599857,0.2007277924343306,0.2034996039424038,0.1989215465272231,5.30562880599857,0.2007277924343306,0.2034996039424038,0.1989215465272231,-0.9965334,-0.03,0.01466164,-4.91380128,-7.79347348,0.427,4.12802216,27.87197784,43.12802216,99.7,31.24,88.61558856,5.8721172,4.80445968,4.80445968,12.81189236,407.28904088,-0.99049428,0.0402492,-0.0084906,-1.46524184,-0.76308396,0.91618908,-33.0,34.2491832,-31.7508168,99.8,31.21754788,101.61254972,47.46214688,44.99016032,42.023775920000006,136.94806968,295.5977084,-1.00773008,0.1220428799999999,-0.01049696,2.7611968,1.70968228,4.0418556,-25.0,36.0,32.77286144,99.7,31.51497216,109.60973412,2.01118784,1.50839088,1.50839088,4.52517252,330.77488008,-1.0308218,-0.066,-0.0005531199999999,2.197,1.28640996,1.48579304,9.0,-27.4469556,6.625342600000001,99.7,36.15016884,84.80073304,115.80818024,89.62607392,75.59700664,253.5984694,360.72221472,-1.0054481199999998,-0.00995996,-0.00108008,0.30989368,1.78220844,4.61166908,9.95988652,-16.0,27.95988652,99.74881656,31.02,76.16860196,63.62318504,56.0063246,62.72708372,176.979987,413.5645352,-1.00444844,-0.0760886,0.023492,5.33557336,1.88115812,2.10776728,-4.0,16.0,-94.44829976,99.74628312,30.72,121.88262764,15.9993036,20.4129044,15.9993036,44.6877098,333.46065632,112,X1.4482 Y1.66 Z0.0737
14:08:55.416,5,112,1.4482,1.66,0.0737,84.34542,59.04924,-24.12052,,185.42,0,0,,2,1,"{""sr"":{""mpox"":84.34542,""mpoy"":59.04924,""mpoz"":-24.12052,""mpoa"":0,""posx"":1.4482,""posy"":1.66,""posz"":0.0737,""posa"":0,""unit"":0,""stat"":5,""coor"":2,""momo"":1,""dist"":0,""home"":1,""mots"":0,""plan"":0,""line"":112,""path"":2,""frmo"":2,""prbe"":1,""safe"":0,""estp"":0,""spc"":1,""hold"":0,""macs"":5,""cycs"":1,""sps"":12000,""feed"":185.42,""mark"":1499779243}}",5.216006512050136,0.1921654746618033,0.195842066529393,0.2032825287410566,5.216006512050136,0.1921654746618033,0.195842066529393,0.2032825287410566,-0.99651116,-0.03023416,0.01382996,-5.1268706,-7.89592408,0.42184888,4.93583408,27.61713024,43.93583408,99.7,31.23829904,61.64199248,4.2115648,3.4458255600000003,3.4458255600000003,9.1888684,397.65977064,-0.991,0.0408754,-0.00972732,-1.4725922,-0.85307052,0.91240412,-33.0,34.47482972,-31.05034056,99.8,31.21,110.61660232,50.41633272,47.79048276,44.63946152,145.47212796,330.05538956000004,-1.0076256,0.122,-0.0103744,2.80160848,1.60943916,4.08605672,-25.0,35.62565832,32.62565832,99.7,31.51625672,106.5201032,1.9635046,1.4726282,1.4726282,4.4178846,376.67022852,-1.0304072,-0.0652226,-0.00229448,2.237746,1.50572628,1.47189676,6.9970732,-20.99121988,5.58945068,99.7,36.13147312,58.95021512,79.51339956,61.76157092,51.77616744,174.04253728,361.61463832,-1.00574436,-0.0092556399999999,-0.001,0.23913116,1.88631524,4.64297944,9.320907920000002,-16.25567304,28.67909208,99.7934768,31.03065232,164.34031808000003,96.43109576,84.88652780000001,95.0729116,268.2414286,320.38000196,-1.00334768,-0.07746044,0.02607776,5.1948878,1.87601572,1.95773616,-4.0,16.0,-94.02588112,99.7974116,30.72948232,74.2305668,8.575168919999998,10.940733040000003,8.575168919999998,23.9513342,321.43749788,112,X1.4482 Y1.66 Z0.0737
14:08:55.930,5,112,1.4482,1.66,0.0737,84.34542,59.04924,-24.12052,,185.42,0,0,,2,1,"{""sr"":{""mpox"":84.34542,""mpoy"":59.04924,""mpoz"":-24.12052,""mpoa"":0,""posx"":1.4482,""posy"":1.66,""posz"":0.0737,""posa"":0,""unit"":0,""stat"":5,""coor"":2,""momo"":1,""dist"":0,""home"":1,""mots"":0,""plan"":0,""line"":112,""path"":2,""frmo"":2,""prbe"":1,""safe"":0,""estp"":0,""spc"":1,""hold"":0,""macs"":5,""cycs"":1,""sps"":12000,""feed"":185.42,""mark"":1499779243}}",5.330213429047244,0.1965398481775545,0.1878360627887648,0.2003075795210917,5.330213429047244,0.1965398481775545,0.1878360627887648,0.2003075795210917,-0.996233,-0.03,0.014534,-5.035192,-7.853639,0.591638,4.0,27.232997,43.0,99.7,31.23699,37.279537,2.562968,2.096974,2.096974,5.591931,504.872765,-0.991557,0.040557,-0.009887,-1.600836,-0.888516,0.943041,-33.0,34.556703,-31.113407,99.8,31.214433,108.557138,54.000217,50.659998,47.319778,154.206806,381.381103,-1.008,0.121517,-0.010966,2.65653,1.71106,4.03006,-25.0,36.0,33.03377,99.7,31.505169,104.835991,1.932461,1.449345,1.449345,4.348036,445.075129,-1.029798,-0.067798,-0.003595,2.270348,1.550695,1.258043,9.0,-27.0,7.595158,99.7,36.15,31.780127,43.520556,34.00676,28.743809,95.745223,382.153997,-1.005,-0.009,-0.002087,0.305,1.831,4.583283,10.0,-16.086608,27.0,99.708661,31.04,176.284618,129.701636,114.173976,127.874853,360.789763,347.802749,-1.003033,-0.075033,0.021065,4.949963,1.773975,1.893988,-4.967418,16.0,-94.967418,99.703258,30.71,8.080399,0.944885,1.205543,0.944885,2.60658,343.563948,112,X1.4482 Y1.66 Z0.0737
14:08:56.445,5,112,1.4482,1.66,0.0737,84.34542,59.04924,-24.12052,,185.42,0,0,,2,1,"{""sr"":{""mpox"":84.34542,""mpoy"":59.04924,""mpoz"":-24.12052,""mpoa"":0,""posx"":1.4482,""posy"":1.66,""posz"":0.0737,""posa"":0,""unit"":0,""stat"":5,""coor"":2,""momo"":1,""dist"":0,""home"":1,""mots"":0,""plan"":0,""line"":112,""path"":2,""frmo"":2,""prbe"":1,""safe"":0,""estp"":0,""spc"":1,""hold"":0,""macs"":5,""cycs"":1,""sps"":12000,""feed"":185.42,""mark"":1499779243}}",5.121580633582639,0.1973244659277374,0.1817486060369561,0.1902084747956261,5.121580633582639,0.1973244659277374,0.1817486060369561,0.1902084747956261,-0.997,-0.0295508,0.0145409999999999,-4.9004225,-8.051409900000001,0.5131817,5.0,27.0,43.0,99.7,31.2432116,63.82124730000008,4.291464500000005,3.5111988000000043,3.5111988000000043,9.363195700000013,510.2510792000001,-0.9906878,0.0404796,-0.0086878,-1.5475617,-0.7115897999999999,0.9231508,-33.520766200000004,34.8327044,-31.0,99.8,31.21,107.79861149999998,49.99355939999999,47.3897277,44.26513049999999,144.25224829999996,350.8362131,-1.0071553999999998,0.122,-0.011,2.9010834,1.5859444,3.9564626,-25.0,35.6640917,32.819531,99.7,31.5268911,106.6474782,1.9653904,1.4740428,1.4740428,4.4221294,443.4675677,-1.0302079,-0.066175,-0.0016783999999999,2.3795558,1.5165942999999995,1.4846197,9.0,-27.0,7.0,99.7,36.1444294,61.93323980000008,82.57765330000011,64.2270636000001,54.28716140000007,181.59437700000024,413.5861029,-1.005,-0.0093376,-0.0019739,0.4135822000000003,1.7081878999999998,4.7173964,10.0,-16.9740434,28.6362727,99.8,31.02,162.10382109999983,94.0365991999999,82.7786963999999,92.7121398999999,261.58068029999976,382.1247856,-1.0040102,-0.0763217,0.0256986999999999,5.1898759,1.6532083,2.0185831,-4.0,16.678041699999998,-95.0,99.8,30.7298974,78.8620657000002,9.039525400000024,11.533187300000032,9.039525400000024,25.248329700000067,367.0570524,112,X1.4482 Y1.66 Z0.0737
14:08:56.959,5,112,1.4482,1.66,0.0737,84.34542,59.04924,-24.12052,,185.42,0,0,,2,1,"{""sr"":{""mpox"":84.34542,""mpoy"":59.04924,""mpoz"":-24.12052,""mpoa"":0,""posx"":1.4482,""posy"":1.66,""posz"":0.0737,""posa"":0,""unit"":0,""stat"":5,""coor"":2,""momo"":1,""dist"":0,""home"":1,""mots"":0,""plan"":0,""line"":112,""path"":2,""frmo"":2,""prbe"":1,""safe"":0,""estp"":0,""spc"":1,""hold"":0,""macs"":5,""cycs"":1,""sps"":12000,""feed"":185.42,""mark"":1499779243}}",5.200211249349318,0.1987535439583766,0.2205793208992818,0.2169290583768515,5.200211249349318,0.1987535439583766,0.2205793208992818,0.2169290583768515,-0.9965534,-0.0304466,0.01354446,-4.726527259999999,-8.247142140000001,0.3447404999999998,5.0,27.55356124,43.45563824,99.7,31.25,88.88364274000037,5.987979720000024,4.899256360000019,4.899256360000019,13.064682960000052,458.66180665999946,-0.99067752,0.04049146,-0.0094914599999999,-1.50736662,-0.8007092200000008,0.8768790799999998,-33.0,34.32251422,-30.83103552,99.8,31.20322538,88.95759371999992,47.18192799999996,44.72453591999996,41.77566571999997,136.13952229999987,327.23241022,-1.00750372,0.12259386,-0.01149628,2.74151748,1.5934143800000002,4.0761417600000005,-25.20315274,36.0,32.69933264,99.7,31.52203154,109.93019274000002,2.0152784000000006,1.5114593000000005,1.5114593000000005,4.534376900000001,399.60002304,-1.0307651,-0.06578326,-0.0029818399999999,2.31293936,1.3311287999999994,1.3358428,9.0,-27.0,6.665980300000004,99.7,36.15783308,87.78424770000039,117.96008280000052,92.7221116400004,78.45717150000034,260.6094854000011,338.9592553399998,-1.0050498799999998,-0.009,-0.0029501199999999,0.4154735399999996,1.773206639999999,4.682220160000001,10.0,-16.0,27.3805473,99.76194506,31.00669376,105.1085306399992,61.12959899999953,53.81126669999958,60.26861853999953,170.04360263999868,316.7265800999997,-1.00498086,-0.07542402,0.0218097599999999,5.062174920000001,1.910083519999998,2.04676034,-4.9806135,16.424172839999997,-95.38539984,99.8,30.72575832,138.19856806000092,16.698993340000108,21.305612520000142,16.698993340000108,46.64201690000031,305.01923255999964,112,X1.4482 Y1.66 Z0.0737
14:08:57.474,5,112,1.4482,1.66,0.0737,84.34542,59.04924,-24.12052,,185.42,0,0,,2,1,"{""sr"":{""mpox"":84.34542,""mpoy"":59.04924,""mpoz"":-24.12052,""mpoa"":0,""posx"":1.4482,""posy"":1.66,""posz"":0.0737,""posa"":0,""unit"":0,""stat"":5,""coor"":2,""momo"":1,""dist"":0,""home"":1,""mots"":0,""plan"":0,""line"":112,""path"":2,""frmo"":2,""prbe"":1,""safe"":0,""estp"":0,""spc"":1,""hold"":0,""macs"":5,""cycs"":1,""sps"":12000,""feed"":185.42,""mark"":1499779243}}",5.080489356834609,0.1975369918578958,0.2122186113253808,0.2124493041547935,5.080489356834609,0.1975369918578958,0.2122186113253808,0.2124493041547935,-0.99629444,-0.02973352,0.01402796,-5.140364279999999,-7.93587524,0.6402049999999999,4.677693279999997,28.0,43.294351520000006,99.7,31.23644624,117.02581647999963,7.762132399999976,6.3508354399999805,6.3508354399999805,16.935561639999946,503.5451851600001,-0.99102232,0.04045844,-0.00996916,-1.6382657199999997,-0.8209434400000001,0.9704572399999998,-32.51128144,34.45808856,-31.94680712,99.8,31.2,87.03675552000009,44.43455444000004,41.68602496000004,38.93749624000004,126.89042800000011,283.29317828000006,-1.00796664,0.1219423999999999,-0.011,2.60324684,1.73525132,4.020980119999999,-25.0,36.0,32.512104120000004,99.7,31.5105754,111.12651027999996,2.0484148399999995,1.5363114799999995,1.5363114799999995,4.608933679999998,411.6526033200001,-1.02935992,-0.06501176,-0.0012642799999999,2.3197028000000004,1.6904640399999988,1.618824279999999,8.275452680000003,-27.0,7.095658120000003,99.7,36.15,115.92754079999963,155.7776326399995,120.99937103999962,102.88569291999968,343.4353393599989,390.4947408,-1.0058126,-0.0098909199999999,-0.00276504,0.3593449199999998,1.5412767200000008,4.724823639999999,10.0,-16.0,28.89089984,99.78908996,31.01109104,41.68412116000073,26.80192004000046,23.4282518400004,26.23964184000045,74.03327548000127,353.55949864,-1.004,-0.07608312,0.02423124,5.210251440000001,1.6322106400000012,1.9690959600000004,-5.0,16.03259168,-94.96740832,99.8,30.7296744,195.9067763199992,24.701288919999893,31.515438319999863,24.701288919999893,68.99325639999972,339.89566420000006,112,X1.4482 Y1.66 Z0.0737
14:08:58.143,5,16,4.38295,-0.51323,1.02333,158.88809,3.84907,0.0,,0.0,0,0,,2,0,"{""sr"":{""mpox"":158.88809,""mpoy"":3.84907,""mpoz"":0,""mpoa"":0,""posx"":4.38295,""posy"":-0.51323,""posz"":1.02333,""posa"":0,""unit"":0,""stat"":5,""coor"":2,""momo"":0,""dist"":0,""home"":1,""mots"":1,""plan"":0,""line"":16,""path"":2,""frmo"":2,""prbe"":1,""safe"":0,""estp"":0,""spc"":1,""hold"":0,""macs"":5,""cycs"":1,""sps"":12000,""feed"":0,""mark"":1499779243}}",5.159818934397227,0.1899551714481964,0.1944128766965724,0.2022824688038711,5.159818934397227,0.1899551714481964,0.1944128766965724,0.2022824688038711,-0.99682758,-0.03,0.01420046,-5.27818242,-7.82675046,0.5210631000000002,5.0,28.0,42.20053566,99.7,31.24200538,61.39633963999991,4.0987802599999945,3.3535472599999947,3.3535472599999947,8.942793519999986,439.0732678,-0.99118326,0.04052762,-0.00938306,-1.6361027600000002,-0.8602693000000001,0.82769144,-32.4721324,34.0,-31.0,99.8,31.20855414,103.98986752000002,50.67526526000001,48.03592852000001,44.86872418000001,146.21925470000002,296.59203328,-1.00764258,0.12135742,-0.01086532,2.69421548,1.709,3.91421548,-12.300425939999998,17.712612899999996,15.744544799999998,99.7,31.50492026,107.61704919999998,1.9680681,1.47605102,1.47605102,4.428153539999999,451.90124354000005,-1.02959274,-0.06664552,-0.0018672999999999,2.28284656,1.386254,1.4617806800000002,9.64545682,-27.0,7.645456820000001,99.7,36.15407334,57.4359494399999,76.22672315999986,59.563207259999885,50.69963479999991,168.40787685999967,424.218943,-1.005,-0.0093265999999999,-0.0026734,0.3263442799999999,1.63371576,4.72254762,10.0,-16.0,27.32675836,99.8,31.01,134.24110566000016,98.88728556000014,87.04866688000011,97.49450690000012,275.0737874200003,477.87778566000014,-1.004,-0.07742228,0.02660376,5.32998704,1.79050648,1.97718594,-1.4438833799999948,4.620427259999984,-27.135532459999904,99.8,30.73288786,67.03142013999977,8.099629759999972,10.334010599999962,8.378927799999971,22.90240129999992,464.3257640200002,16,G0 X1.4724 Y1.6783
14:08:58.400,5,16,3.87736,-0.13255,1.02333,146.04615,13.51856,0.0,,0.0,0,0,,2,0,"{""sr"":{""mpox"":146.04615,""mpoy"":13.51856,""mpoz"":0,""mpoa"":0,""posx"":3.87736,""posy"":-0.13255,""posz"":1.02333,""posa"":0,""unit"":0,""stat"":5,""coor"":2,""momo"":0,""dist"":0,""home"":1,""mots"":1,""plan"":0,""line"":16,""path"":2,""frmo"":2,""prbe"":1,""safe"":0,""estp"":0,""spc"":1,""hold"":0,""macs"":5,""cycs"":1,""sps"":12000,""feed"":0,""mark"":1499779243}}",5.19679254233668,0.1827694556617027,0.2022316504513872,0.2056076905111288,5.19679254233668,0.1827694556617027,0.2022316504513872,0.2056076905111288,-0.9965524,-0.0301404,0.0138595999999999,-5.302536399999999,-7.703788599999999,0.6667352000000007,4.447330399999997,28.0,43.1402944,99.7,31.2414028,95.61182260000064,6.079364600000042,4.974025000000034,4.974025000000034,13.264067800000092,423.4658695999999,-0.9907312,0.0405092,-0.009778,-1.526,-0.8691543999999999,1.0391154,-33.0,34.5091422,-29.952752599999997,99.8,31.207782,95.5138033999998,47.12232599999992,44.66803839999993,41.722892999999935,135.96754499999977,269.3603649999999,-1.0072064,0.122,-0.0107936,2.7958360000000004,1.5865824,3.9595464000000007,-25.290321400000003,36.0,32.2062556,99.7,31.5179376,108.73934260000004,2.013691600000001,1.5102686000000003,1.5102686000000003,4.530805600000002,386.4914528000003,-1.0304782,-0.065603,-0.002838,2.2140002,1.2138909999999998,1.4918913999999996,9.0,-26.478084200000005,7.0,99.7,36.1791892,92.73091780000073,120.2191386000009,93.46059140000072,79.9597054000006,265.041262400002,351.2761534000007,-1.0055118,-0.0090359999999999,-0.003,0.3731603999999981,1.7517673999999983,4.6411932,10.0,-16.416285599999995,27.9640448,99.8,31.0045226,103.65513419999854,59.11256679999917,52.03571019999927,58.279995599999175,164.43284379999767,341.8132162000002,-1.005,-0.0765814,0.024519,5.285387600000001,1.637137999999999,2.028663599999999,-4.418453599999993,16.0,-93.9850308,99.7014968,30.7259648,151.52996080000167,17.29895560000019,22.071081800000243,17.8954712000002,48.31777280000054,333.99429380000066,16,G0 X1.4724 Y1.6783
14:08:58.657,5,16,3.36977,0.24965,1.02333,133.15324,23.22644,0.0,,0.0,0,0,,2,0,"{""sr"":{""mpox"":133.15324,""mpoy"":23.22644,""mpoz"":0,""mpoa"":0,""posx"":3.36977,""posy"":0.24965,""posz"":1.02333,""posa"":0,""unit"":0,""stat"":5,""coor"":2,""momo"":0,""dist"":0,""home"":1,""mots"":1,""plan"":0,""line"":16,""path"":2,""frmo"":2,""prbe"":1,""safe"":0,""estp"":0,""spc"":1,""hold"":0,""macs"":5,""cycs"":1,""sps"":12000,""feed"":0,""mark"":1499779243}}",5.130873694900133,0.1990837841718286,0.2056753436680578,0.2076447243452907,5.130873694900133,0.1990837841718286,0.2056753436680578,0.2076447243452907,-0.99658528,-0.03,0.0134790199999999,-5.06268646,-7.663915939999999,0.5392119599999999,4.585036459999997,28.0,42.8938573,99.7,31.24106122,79.42047360000036,5.732171180000027,4.689958700000022,4.689958700000022,12.50655638000006,576.4304917199996,-0.99120516,0.04,-0.00880618,-1.4290561999999998,-0.8964437999999998,1.0304580999999997,-33.0,34.300512700000006,-30.50589304,99.8,31.195059,93.88028235999992,47.43424763999995,44.963713919999954,41.99907377999996,136.86756951999988,415.57595786,-1.00777736,0.1214971,-0.01177736,2.70277328,1.69542678,3.89304216,-25.0,35.77749156,32.49747834,99.7,31.51222502,108.37965440000004,2.0100861000000005,1.5075644400000006,1.5075644400000006,4.522694320000001,539.4511750999997,-1.03030352,-0.0665233,-0.0007986399999999,2.258,1.3289065600000003,1.35640172,4.293963759999976,-12.881890739999925,3.449601499999982,99.7,36.174771,84.18576448000044,111.89909046000058,87.84601518000046,74.2507984600004,246.80547012000127,408.57061426,-1.00542182,-0.009,-0.0038906199999999,0.31076234,1.6936992399999995,4.78762574,10.0,-16.0,28.10913250000001,99.8,31.0157818,116.18584221999906,66.60502609999945,58.63118487999952,65.19787769999947,184.8054954599985,398.9312686799998,-1.00498434,-0.0765247,0.0244277799999999,5.27313126,1.6198662999999998,2.01302962,-5.0,16.443327299999996,-94.98408944,99.7556675,30.72556652,134.64983440000103,15.682109060000125,20.00820818000016,16.222871200000128,43.80175334000034,391.4346089799997,16,G0 X1.4724 Y1.6783
14:08:58.915,5,16,2.85824,0.63482,1.02333,120.16039,33.00957,0.0,,0.0,0,0,,2,0,"{""sr"":{""mpox"":120.16039,""mpoy"":33.00957,""mpoz"":0,""mpoa"":0,""posx"":2.85824,""posy"":0.63482,""posz"":1.02333,""posa"":0,""unit"":0,""stat"":5,""coor"":2,""momo"":0,""dist"":0,""home"":1,""mots"":1,""plan"":0,""line"":16,""path"":2,""frmo"":2,""prbe"":1,""safe"":0,""estp"":0,""spc"":1,""hold"":0,""macs"":5,""cycs"":1,""sps"":12000,""feed"":0,""mark"":1499779243}}",5.392012196182883,0.2108468729535835,0.195092854486839,0.2023807237358618,5.392012196182883,0.2108468729535835,0.195092854486839,0.2023807237358618,-0.9969298,-0.0305376,0.014,-4.780929100000001,-7.874,0.4683710000000001,4.537613300000004,28.0,43.0,99.7,31.2514549,63.12575639999954,4.312939899999968,3.528769399999974,3.528769399999974,9.410050699999932,497.2425294,-0.9905237,0.041,-0.0095237,-1.5951528,-0.7376666000000002,0.8762356999999995,-33.0,34.133654199999995,-31.0,99.8,31.1986635,109.49917920000011,50.22965020000005,47.613522200000055,44.474169000000046,144.93346870000016,349.6984569999998,-1.007728,0.121636,-0.0108723,2.7769843,1.6257868999999998,3.8925895,-25.0,36.0,32.63585019999999,99.7,31.5034726,107.15663299999996,1.9661765999999992,1.4746327999999993,1.4746327999999993,4.423897699999998,446.57150959999984,-1.0307214,-0.0662388,-0.001,2.1881804,1.930913800000002,1.6319793000000018,9.377990599999997,-27.0,6.622009400000003,99.7,36.16,60.339226099999486,80.88999909999933,63.12443849999946,53.67467199999955,178.1728732999985,476.3747080999999,-1.0059384,-0.009,-0.0016120999999999,0.3056755999999991,1.9173596,4.713017799999999,10.0,-16.0,28.275214899999995,99.7724786,31.02,159.77680000000106,94.14234680000064,82.87178450000056,92.15342390000065,261.2118643000017,468.59792070000015,-1.005,-0.076397,0.0255504,5.3137541000000015,1.9428220000000025,2.0559177,-5.0,16.022877400000002,-94.60275819999998,99.7977124,30.7297711,79.02850429999874,9.071714999999854,11.574256999999816,9.071714999999854,25.338237899999594,458.73552599999925,16,G0 X1.4724 Y1.6783
14:08:59.173,5,16,2.35064,1.01702,1.02333,107.26747,42.71744,0.0,,0.0,0,0,,2,0,"{""sr"":{""mpox"":107.26747,""mpoy"":42.71744,""mpoz"":0,""mpoa"":0,""posx"":2.35064,""posy"":1.01702,""posz"":1.02333,""posa"":0,""unit"":0,""stat"":5,""coor"":2,""momo"":0,""dist"":0,""home"":1,""mots"":1,""plan"":0,""line"":16,""path"":2,""frmo"":2,""prbe"":1,""safe"":0,""estp"":0,""spc"":1,""hold"":0,""macs"":5,""cycs"":1,""sps"":12000,""feed"":0,""mark"":1499779243}}",5.4453364694000586,0.2044258345930517,0.2055783208014253,0.1988936572551128,5.4453364694000586,0.2044258345930517,0.2055783208014253,0.1988936572551128,-0.997,-0.0309622,0.01365274,-5.224770980000002,-7.657933019999998,0.6728064400000014,4.690474980000003,27.690474980000005,43.0,99.7,31.24,104.56361650000044,7.595220760000031,6.214271520000026,6.214271520000026,16.57139062000007,445.2267408000002,-0.9909377,0.041,-0.0099376999999999,-1.5339307199999996,-0.8580303199999998,0.8908916799999999,-33.0,34.0,-30.997146300000004,99.8,31.19065002,94.2536616399999,45.016674279999954,42.67205575999996,39.85851341999996,129.89186197999987,333.99621951999984,-1.00755452,0.12148732,-0.0095800199999999,2.76852724,1.67516396,4.091569959999999,-25.0,35.06726132,32.55469286,99.7,31.50487436,111.67257488000006,2.050272120000001,1.5377045200000006,1.5377045200000006,4.613112560000002,433.94073176,-1.03017458,-0.06582542,-0.003,2.30151208,1.329736919999999,1.3817841,10.0,-27.0,7.0,99.7,36.1617458,114.1292031600006,152.64780888000075,119.1223551600006,101.28966730000052,336.6811486200017,400.7668335400005,-1.005,-0.009,-0.0029243199999999,0.4334791599999992,1.70440588,4.59042782,10.0,-16.203736959999993,28.92468378,99.8,31.02,44.40876261999877,28.93062485999928,25.467099559999383,28.31941397999929,80.34761239999803,377.5181861800004,-1.00486434,-0.07613566,0.0232078199999999,5.089467400000002,1.8743203999999984,1.90606614,-4.832663800000006,16.832663800000006,-94.0,99.78642896,30.73,193.17805712000128,24.14725698000016,30.80856954000021,24.14725698000016,67.44578698000046,360.8614253200004,16,G0 X1.4724 Y1.6783
14:08:59.429,5,16,1.84305,1.39922,1.02333,94.37456,52.42532,0.0,,0.0,0,0,,2,0,"{""sr"":{""mpox"":94.37456,""mpoy"":52.42532,""mpoz"":0,""mpoa"":0,""posx"":1.84305,""posy"":1.39922,""posz"":1.02333,""posa"":0,""unit"":0,""stat"":5,""coor"":2,""momo"":0,""dist"":0,""home"":1,""mots"":1,""plan"":0,""line"":16,""path"":2,""frmo"":2,""prbe"":1,""safe"":0,""estp"":0,""spc"":1,""hold"":0,""macs"":5,""cycs"":1,""sps"":12000,""feed"":0,""mark"":1499779243}}",5.32866442764185,0.1990023106280415,0.20357471911682,0.2166164408692301,5.32866442764185,0.1990023106280415,0.20357471911682,0.2166164408692301,-0.99624736,-0.0302427999999999,0.0127384999999999,-4.866777840000001,-7.781463499999999,0.5498473400000019,4.756897300000006,28.0,43.0,99.7,31.24518396,36.9516626199991,2.674133719999934,2.1879273199999463,2.1879273199999463,5.834472839999858,960.5387376600038,-0.9903526,0.03966506,-0.01676516,-1.653629220000001,-0.8940290800000008,0.8698018199999987,-18.31427418000004,19.424230340000044,-17.195484620000045,99.8,31.2,103.34959218000016,53.27788974000012,50.50299984000012,47.173131360000106,153.72891086000035,586.9261137600021,-1.00852864,0.12103258,-0.0090192599999999,2.744839239999999,1.6485876599999996,3.99926724,-25.0,35.49355266,32.02252736000001,99.7,31.49525732,104.52656515999992,1.9356769999999983,1.4517579999999988,1.4517579999999988,4.355273999999997,491.8404313400003,-1.02388078,-0.0010643599999994,-0.01173302,1.1317217199999705,1.4476583800000018,1.5493010800000009,7.063773059999964,-33.104897300000125,0.8301842799998672,99.7,36.15984056,34.23447817999892,46.0067028799986,35.88998585999892,30.517232939999072,101.45350705999688,786.4790616000026,-1.00685874,-0.00908624,0.0008533,0.1464560799999983,1.709,4.467669239999999,10.08647912,-16.0,28.0,99.8,31.03,203.20678460000207,127.1161378400013,111.89800948000112,125.32577050000128,352.7025241600037,620.2056059400018,-1.00403528,-0.07701602,0.02876808,5.016380679999997,1.942980500000002,2.067145320000002,-4.05475067999999,16.01926781999999,-93.07401847999998,99.8,30.73,13.67461407999742,1.5877822999997042,2.0257906199996203,1.5877822999997042,4.434839899999179,623.485928720002,16,G0 X1.4724 Y1.6783
14:08:59.686,5,16,1.48091,1.67189,1.02333,85.17637,59.3512,0.0,,0.0,0,0,,2,0,"{""sr"":{""mpox"":85.17637,""mpoy"":59.3512,""mpoz"":0,""mpoa"":0,""posx"":1.48091,""posy"":1.67189,""posz"":1.02333,""posa"":0,""unit"":0,""stat"":5,""coor"":2,""momo"":0,""dist"":0,""home"":1,""mots"":1,""plan"":0,""line"":16,""path"":2,""frmo"":2,""prbe"":1,""safe"":0,""estp"":0,""spc"":1,""hold"":0,""macs"":5,""cycs"":1,""sps"":12000,""feed"":0,""mark"":1499779243}}",5.326905248905153,0.195765870357541,0.1962529340848558,0.2013365089556139,5.326905248905153,0.195765870357541,0.1962529340848558,0.2013365089556139,-1.00186068,-0.02457648,0.013,-4.761,-7.874924559999999,0.3162582800000004,4.706486559999997,27.29351344,42.587027000000006,99.7,31.25614184,119.39624355999956,7.77135343999997,6.358379559999976,6.358379559999976,16.955679999999937,2508.1235621599976,-0.99492648,0.0406405999999999,-0.01382336,-1.50232888,-0.732,0.8739719999999997,-33.0,34.0,-31.067003440000004,99.8,31.2,90.85057860000016,43.68463768000005,41.409396480000055,38.67910604000005,126.04838140000015,1279.2182789999993,-1.00916048,0.11795904,-0.00716188,2.8651888,1.74218536,4.020377599999999,-25.06247872,36.0,31.93752128,99.7,31.50514676,112.19859491999996,2.058690039999999,1.5440174399999995,1.5440174399999995,4.632052439999998,1486.9534725599983,-0.9128792400000004,0.2098157599999995,-0.0415127199999999,1.4423846800000022,1.696870479999999,1.5797134799999997,11.872820999999988,-22.875246320000013,34.63392055999998,99.7,36.16,118.18431511999954,154.97404019999937,121.66186331999953,102.83324159999958,341.8119025599986,1936.8584209999967,-1.00777528,-0.0149696799999999,-0.00624956,0.3928969599999992,1.7641192400000012,4.654744279999999,10.806600079999996,-16.0,27.0,99.8,31.0381718,44.97667380000101,25.962144920000583,22.854000800000517,25.41364888000057,72.03581156000162,1540.6195345599986,-0.99876212,-0.0727312,0.01249244,5.19702192,1.8564529999999988,2.0837512000000005,-4.852096079999995,15.99556132,-94.14346524,99.8,30.721523360000003,194.53550455999897,24.839510919999867,31.69178999999983,24.839510919999867,69.37932419999962,1888.916749399997,16,G0 X1.4724 Y1.6783
14:08:59.945,5,17,1.4724,1.6783,1.00138,84.96008,59.51406,-0.55749,,0.0,0,0,,2,0,"{""sr"":{""mpox"":84.96008,""mpoy"":59.51406,""mpoz"":-0.55749,""mpoa"":0,""posx"":1.4724,""posy"":1.6783,""posz"":1.00138,""posa"":0,""unit"":0,""stat"":5,""coor"":2,""momo"":0,""dist"":0,""home"":1,""mots"":1,""plan"":0,""line"":17,""path"":2,""frmo"":2,""prbe"":1,""safe"":0,""estp"":0,""spc"":1,""hold"":0,""macs"":5,""cycs"":1,""sps"":12000,""feed"":0,""mark"":1499779243}}",5.505951150941773,0.1998053103990398,0.2021371362898446,0.2023161587796519,5.505951150941773,0.1998053103990398,0.2021371362898446,0.2023161587796519,-1.0070693,-0.0277777000000001,0.0141623999999999,-5.494689000000001,-7.4355549,0.6371103999999997,4.0,28.0,42.8379479,99.7,31.2462498,64.49094220000106,4.328710500000073,3.5416725000000606,3.5416725000000606,9.444459300000162,3341.2960387999974,-0.9904329,0.0498103999999999,-0.0078887,-1.343,-0.8643266000000004,0.943658899999999,-32.68864490000001,34.833442999999995,-30.5220879,99.8,31.2016656,103.37338859999971,50.12043099999987,47.50999189999988,44.37746529999988,144.09623939999963,1744.272310100001,-1.0100828,0.1238574999999999,-0.0141868999999999,2.8090782,1.6885292000000005,4.0685292,-25.0,36.0,32.15556860000001,99.7,31.51,105.91036410000012,1.964637000000002,1.4734776000000014,1.4734776000000014,4.420432800000004,1969.4927632999984,-0.9517002,0.0792602000000003,-0.0237986999999997,1.8883552000000043,1.4963658000000049,1.5029201999999997,9.12222810000003,-22.302267699999863,27.79040339999993,99.7,36.15,60.15838540000119,80.96788960000158,63.56357660000125,53.72635630000106,178.58338260000352,1938.6651830999983,-1.0070129,-0.0118376999999999,-0.0028129,0.3888983000000026,1.6129385000000027,4.7,10.0,-15.66238599999999,28.0,99.8,31.05,140.2513711999978,93.42133049999856,82.16077039999873,92.07163899999856,259.705108799996,2131.407109599998,-1.0082969,-0.0829055999999999,0.0348199999999998,5.3681281999999975,1.6725377999999989,2.033778599999999,-2.7042026999999558,10.77222859999982,-62.61358039999895,99.8,30.7298884,81.68392370000282,9.47533540000033,12.089220600000417,9.47533540000033,26.46559080000091,1676.3046823999975,17,Z0.6
14:09:00.201,5,17,1.4724,1.6783,0.77706,84.96008,59.51406,-6.2551,,0.0,0,0,,2,0,"{""sr"":{""mpox"":84.96008,""mpoy"":59.51406,""mpoz"":-6.2551,""mpoa"":0,""posx"":1.4724,""posy"":1.6783,""posz"":0.77706,""posa"":0,""unit"":0,""stat"":5,""coor"":2,""momo"":0,""dist"":0,""home"":1,""mots"":1,""plan"":0,""line"":17,""path"":2,""frmo"":2,""prbe"":1,""safe"":0,""estp"":0,""spc"":1,""hold"":0,""macs"":5,""cycs"":1,""sps"":12000,""feed"":0,""mark"":1499779243}}",5.213862908686697,0.1871599982452156,0.1828261727826209,0.200795084355263,5.213862908686697,0.1871599982452156,0.1828261727826209,0.200795084355263,-1.0024569,-0.0239454,0.01372086,-5.61861086,-7.50261202,0.67922574,4.13256886,28.0,43.32286198,99.7,31.24,92.57678458000004,5.990262820000002,4.901123920000002,4.901123920000002,13.069663540000006,5808.9748561,-0.9954532,0.04646544,-0.00764432,-1.70914066,-0.8856229200000001,0.90150622,-33.0,34.0,-30.23377032,99.8,31.20233772,99.0369521,47.03511754,44.58537173999999,41.64567673999999,135.22596245999998,3026.69040738,-1.00541784,0.11787574,-0.00705466,2.77014992,1.59266918,3.95852682,-25.27920156,36.0,32.49631594,99.7,31.5050369,108.79571326,2.01473566,1.5110516,1.5110516,4.5331548,2821.0385191,-0.7600835799999999,0.51771112,-0.033569,3.051057079999999,1.11865366,1.28619462,7.89815622,-30.17762132,11.384256440000003,99.7,36.15085302,87.41579944000003,117.69423354000004,91.50361546000003,77.73293562000003,258.37989922000014,2976.5962455,-1.00807476,0.0029863,-0.0036807199999999,0.2971017999999999,1.7011018,4.58817544,10.03733758,-16.52739922,27.96266242,99.8,31.07037338,103.59264413999992,61.80737601999996,54.40790115999996,60.50158657999996,171.0584413799999,3936.08890766,-1.00889092,-0.08631798,0.04465908,4.79363336,1.9984085,1.92888182,-5.0,16.01545474,-94.13195996,99.8,30.71,145.17885146000006,16.637511180000008,20.65346250000001,16.637511180000008,46.47029002000003,2347.549984,17,Z0.6
14:09:00.477,5,18,1.4724,1.6783,0.44984,84.96008,59.51406,-14.56647,,0.0,0,0,,2,0,"{""sr"":{""mpox"":84.96008,""mpoy"":59.51406,""mpoz"":-14.56647,""mpoa"":0,""posx"":1.4724,""posy"":1.6783,""posz"":0.44984,""posa"":0,""unit"":0,""stat"":5,""coor"":2,""momo"":0,""dist"":0,""home"":1,""mots"":1,""plan"":0,""line"":18,""path"":2,""frmo"":2,""prbe"":1,""safe"":0,""estp"":0,""spc"":1,""hold"":0,""macs"":5,""cycs"":1,""sps"":12000,""feed"":0,""mark"":1499779243}}",5.433921895433183,0.2014490157724401,0.2048134797578264,0.1977345739760667,5.433921895433183,0.2014490157724401,0.2048134797578264,0.1977345739760667,-1.01138842,-0.02619746,0.0135412999999999,-5.439674160000003,-7.677488999999998,0.6523746800000012,4.986065480000003,28.0,43.0,99.7,31.23986068,115.04297956000124,8.10119692000009,6.6282517200000735,6.6282517200000735,17.675337980000197,3466.947478,-0.99436504,0.0379314599999998,-0.0124713400000002,-1.5840235999999988,-0.7995117999999984,0.9108777599999994,-33.0,34.0,-31.373648179999982,99.8,31.215510060000003,87.11046089999965,43.10620745999983,40.86109297999984,38.16695497999985,123.93034643999952,1881.959298839996,-1.01068608,0.1235906199999999,-0.0125700999999999,2.893174440000001,1.6182471199999997,3.937794980000001,-25.48326162,35.02898647999999,32.0,99.7,31.51,112.59098118000011,2.0669534000000023,1.5502150800000016,1.5502150800000016,4.650645180000005,1761.3152859999946,-0.8070332199999988,0.624857760000002,0.0323350200000002,2.375879559999997,1.7137602400000012,1.3922031399999966,9.480221139999982,-10.573670019999854,28.77754681999988,99.7,36.17952192,120.82244166000145,163.37625768000194,127.66144800000151,107.90431888000128,359.4277662600043,2367.148226340002,-1.0052175,-0.00791654,0.01039886,0.4104120199999988,1.7466637000000031,4.68669222,10.91831776,-16.0,27.0,99.8,31.0821817,32.097146459997184,19.380510559998218,17.06030853999841,18.971062919998253,53.63760945999506,2397.452203860004,-0.99734894,-0.0707280199999999,-0.0001070600000004,5.299718420000006,1.709512879999998,1.957371,-5.0,16.0,-94.0,99.8,30.70057948,228.3696911600036,26.28063924000041,33.53047036000052,26.28063924000041,73.40454372000113,1963.905774000004,18,G0 Z0.2
14:09:00.751,5,18,1.4724,1.6783,0.22193,84.96008,59.51406,-20.35557,,0.0,0,0,,2,0,"{""sr"":{""mpox"":84.96008,""mpoy"":59.51406,""mpoz"":-20.35557,""mpoa"":0,""posx"":1.4724,""posy"":1.6783,""posz"":0.22193,""posa"":0,""unit"":0,""stat"":5,""coor"":2,""momo"":0,""dist"":0,""home"":1,""mots"":1,""plan"":0,""line"":18,""path"":2,""frmo"":2,""prbe"":1,""safe"":0,""estp"":0,""spc"":1,""hold"":0,""macs"":5,""cycs"":1,""sps"":12000,""feed"":0,""mark"":1499779243}}",5.22309728914948,0.17683484269988,0.1774610534852428,0.2011721438020622,5.22309728914948,0.17683484269988,0.1774610534852428,0.2011721438020622,-0.9970014999999998,-0.0312745,0.01337556,-5.09039782,-7.860803620000001,0.5521307400000005,4.541590299999995,28.0,42.67609809999999,99.7,31.24134502,74.31720438000089,5.042503380000059,4.125684560000049,4.125684560000049,11.001825160000127,2725.6397333200025,-0.99123534,0.0424658999999999,-0.0084111200000001,-1.7444658199999987,-0.8531862800000002,0.9443428600000008,-33.0,34.76768078,-31.232319220000004,99.8,31.23,102.64699109999978,49.0254283399999,46.47202081999991,43.40793167999991,140.9481073199997,1363.5781636599995,-1.00587822,0.12027782,-0.00944436,2.8822350400000003,1.6045763599999996,3.93681098,-25.783033879999994,35.72206516000001,31.783033879999994,99.7,31.49939036,107.17649082000008,1.9796026800000013,1.484702300000001,1.484702300000001,4.454106740000003,1757.187342039999,-0.9550570000000004,0.2695323400000012,-0.01233566,1.3058453200000018,1.5075535400000035,1.4903288799999983,7.607629960000024,-27.64123249999992,20.520661800000077,99.7,36.17464116,73.41095912000097,96.83040628000128,75.66282878000099,63.953105200000834,212.5765194000028,1759.157616059999,-1.00418354,-0.00094484,0.00523188,0.3441530599999996,1.7694107599999989,4.693878480000001,10.0,-16.036670620000002,27.93631596000002,99.8,31.0746814,136.204767839998,80.69210869999883,71.02739565999896,78.98657077999884,223.42542409999675,1555.2025905600049,-1.00191932,-0.0755401,0.0140218799999999,5.195480019999994,1.9822826599999996,1.9286234199999996,-5.0,16.0,-93.87946726000004,99.8,30.7056028,107.01757798000232,12.170626860000263,15.528040360000338,12.170626860000263,33.993818980000746,1815.6404111400036,18,G0 Z0.2
14:09:01.028,5,19,1.4724,1.6783,0.18228,84.96008,59.51406,-21.36255,,185.42,0,0,,2,1,"{""sr"":{""mpox"":84.96008,""mpoy"":59.51406,""mpoz"":-21.36255,""mpoa"":0,""posx"":1.4724,""posy"":1.6783,""posz"":0.18228,""posa"":0,""unit"":0,""stat"":5,""coor"":2,""momo"":1,""dist"":0,""home"":1,""mots"":1,""plan"":0,""line"":19,""path"":2,""frmo"":2,""prbe"":1,""safe"":0,""estp"":0,""spc"":1,""hold"":0,""macs"":5,""cycs"":1,""sps"":12000,""feed"":185.42,""mark"":1499779243}}",5.264144008981432,0.2069818765686316,0.2077838841698589,0.2039552060195721,5.264144008981432,0.2069818765686316,0.2077838841698589,0.2039552060195721,-1.0022956399999998,-0.02997256,0.0134822399999999,-4.89322092,-8.07559628,0.4846569999999989,4.750018679999993,28.0,42.75001867999999,99.7,31.2424994,41.74681252000117,2.7497905200000763,2.2498278800000624,2.2498278800000624,5.999541680000165,2813.7303624000115,-0.9915206,0.0453365599999998,-0.0005185600000001,-1.5617637200000007,-0.9485075199999996,0.9423038799999998,-33.0,34.53290367999999,-31.982206639999998,99.8,31.24449312,102.25259015999984,52.86690451999986,50.113419359999874,46.80923811999988,151.9923491199996,1510.8108979199994,-1.01009076,0.12453484,-0.01202112,2.808,1.6779700800000008,3.968604320000001,-25.49647935999999,36.0,32.019254960000005,99.7,31.489493080000003,105.0856488000001,1.9370627200000017,1.4527970400000014,1.4527970400000014,4.3583911600000045,1585.6261517200005,-0.9927430399999992,0.0774968000000019,-0.0092820400000003,2.4242969600000084,1.5587992799999992,1.5697530399999982,9.290827240000027,-16.207340560000056,5.876488120000144,99.7,36.18195264,36.56409820000122,48.60072644000161,37.73148896000127,32.021974200001075,106.73991244000356,1627.9669032800057,-1.00326464,-0.00442096,-0.0006546000000001,0.2528845600000028,1.819278359999998,4.752115439999997,10.0,-16.0,28.963587919999988,99.8,31.09046532,193.74625271999767,124.17373511999853,109.2024331599987,122.41240503999852,345.22059567999594,1575.9593577200076,-1.00267936,-0.0712688,0.0138697600000001,5.225336520000002,1.7905185199999982,1.899791880000001,-5.0,15.9484336,-94.0,99.8,30.71948448,21.88042180000297,2.599785040000334,3.316967480000421,2.599785040000334,7.261469440000936,1239.0033392400017,19,G1 Z0.125 F7.3
14:09:01.303,5,19,1.4724,1.6783,0.14854,84.96008,59.51406,-22.21949,,185.42,0,0,,2,1,"{""sr"":{""mpox"":84.96008,""mpoy"":59.51406,""mpoz"":-22.21949,""mpoa"":0,""posx"":1.4724,""posy"":1.6783,""posz"":0.14854,""posa"":0,""unit"":0,""stat"":5,""coor"":2,""momo"":1,""dist"":0,""home"":1,""mots"":1,""plan"":0,""line"":19,""path"":2,""frmo"":2,""prbe"":1,""safe"":0,""estp"":0,""spc"":1,""hold"":0,""macs"":5,""cycs"":1,""sps"":12000,""feed"":185.42,""mark"":1499779243}}",5.298558359929838,0.1987369844623421,0.1718585350672376,0.1920688434452978,5.298558359929838,0.1987369844623421,0.1718585350672376,0.1920688434452978,-0.99308116,-0.0333515399999999,0.0123074599999999,-5.283661020000002,-7.764485419999997,0.5405449200000009,4.0,28.0,43.87675094,99.7,31.23600296,82.63073374000041,5.752772640000027,4.706814320000023,4.706814320000023,12.55150352000006,4486.30824084,-0.99424052,0.0443162399999999,-0.00962374,-1.5714143399999998,-0.8709164199999996,0.9141860800000006,-32.25638422,34.2396547,-31.239654700000003,99.8,31.24256404,101.00242105999988,47.61971153999995,45.13951793999996,42.16328595999995,137.40270903999985,1991.3592981799995,-1.00466002,0.11447546,-0.0085028,2.77755382,1.69428276,3.99621874,-25.4991158,36.0,31.23949946,99.7,31.48,110.69546970000005,2.0035377200000006,1.5026530600000003,1.5026530600000003,4.507960180000001,2511.65495738,-0.91432394,0.5172839600000013,0.00369106,1.3846313799999967,1.816369020000001,1.5787982999999997,8.275666499999998,-16.422636840000017,29.26990823999997,99.7,36.18570592,83.52720180000043,111.0332565200006,86.53296060000045,72.97960504000038,243.5310002600013,2239.0381651799994,-1.00438738,-0.00139894,-0.00174444,0.3034327999999995,1.799204840000001,4.64143064,10.0,-16.0,28.50707612,99.8,31.09492912,61.67410539999951,66.34638623999946,58.40350911999951,64.94470221999947,184.08786079999848,2450.93606198,-1.00673508,-0.08627758,0.03365764,5.24797236,1.613870899999999,2.1646274200000004,-5.0,15.98315618,-93.48016954,99.8,30.70983164,132.15659598000104,15.563550940000123,19.85694448000016,15.563550940000123,43.470607220000346,2054.83318306,19,G1 Z0.125 F7.3
14:09:01.580,5,21,1.47046,1.6771,0.1152,84.91081,59.48358,-23.06642,,185.42,0,0,,2,1,"{""sr"":{""mpox"":84.91081,""mpoy"":59.48358,""mpoz"":-23.06642,""mpoa"":0,""posx"":1.47046,""posy"":1.6771,""posz"":0.1152,""posa"":0,""unit"":0,""stat"":5,""coor"":2,""momo"":1,""dist"":0,""home"":1,""mots"":1,""plan"":0,""line"":21,""path"":2,""frmo"":2,""prbe"":1,""safe"":0,""estp"":0,""spc"":1,""hold"":0,""macs"":5,""cycs"":1,""sps"":12000,""feed"":185.42,""mark"":1499779243}}",5.210339242048772,0.1891669500308644,0.1787733293537743,0.2005286995861164,5.210339242048772,0.1891669500308644,0.1787733293537743,0.2005286995861164,-0.980043,-0.036766,0.014532,-4.732441,-7.874,0.47372,5.0,28.0,43.234091,99.7,31.232341,115.652326,8.425004,6.893185,6.893185,18.381827,3703.881904,-0.992783,0.035688,0.004096,-1.437802,-0.664395,0.888356,-33.554137,34.0,-31.445863,99.8,31.25,84.713976,42.802851,40.573536,37.898358,123.504059,2113.815122,-1.010962,0.127962,-0.015444,2.776354,1.616354,4.025708,-25.51879,35.51879,31.0,99.7,31.475564,112.577335,2.075158,1.556369,1.556369,4.669106,2264.243076,-0.92378,0.344954,-0.04226,3.62242,1.463854,1.696571,12.203758,-26.852616,20.871408,99.7,36.19,125.806188,171.191964,132.972363,112.270079,375.82608,2624.497778,-1.009,-0.014224,-0.008655,0.289212,1.79105,4.583263,10.913728,-16.913728,28.0,99.8,31.11,17.858267,12.250598,10.783977,11.991783,33.991097,2534.780212,-1.003955,-0.08464,0.039279,5.113261,1.767252,2.011252,-5.0,15.045045,-93.909909,99.8,30.70045,226.324263,27.693686,35.333324,28.648641,77.35133,2158.873838,21,X1.4689 Y1.6762 Z0.1113
14:09:01.855,5,25,1.45351,1.66491,0.10012,84.4802,59.17386,-23.44942,,185.42,0,0,,2,1,"{""sr"":{""mpox"":84.4802,""mpoy"":59.17386,""mpoz"":-23.44942,""mpoa"":0,""posx"":1.45351,""posy"":1.66491,""posz"":0.10012,""posa"":0,""unit"":0,""stat"":5,""coor"":2,""momo"":1,""dist"":0,""home"":1,""mots"":1,""plan"":0,""line"":25,""path"":2,""frmo"":2,""prbe"":1,""safe"":0,""estp"":0,""spc"":1,""hold"":0,""macs"":5,""cycs"":1,""sps"":12000,""feed"":185.42,""mark"":1499779243}}",5.407298532151652,0.2037310202333661,0.2116197529370172,0.2104183613836056,5.407298532151652,0.2037310202333661,0.2116197529370172,0.2104183613836056,-0.9897574999999998,-0.0308325,0.0154985,-5.060691000000001,-7.618487999999998,0.6660145000000003,4.0,27.0,43.61157100000002,99.7,31.24,82.33306699999922,5.514589499999947,4.511936999999957,4.511936999999957,12.031831499999884,4247.831528500007,-0.9902785,0.0332694999999999,-0.0119515,-1.6175305,-0.7865979999999988,0.8506515000000004,-33.27850899999999,34.72149100000001,-32.0,99.8,31.27557,102.1020010000002,48.0480005000001,45.545500500000095,42.54250050000009,138.63850150000027,2197.2845220000017,-1.007575,0.1182919999999999,-0.0065379999999999,2.914153,1.6186939999999994,3.921986,-25.498858,35.7586435,32.0,99.7,31.48,108.50649649999993,2.0045689999999987,1.503426499999999,1.503426499999999,4.510279499999997,2482.9008655000016,-0.9767589999999994,0.4121245000000008,-0.023408,2.086886999999989,1.4785184999999983,1.4344300000000003,6.514914999999932,-3.006883999999969,16.537860499999827,99.7,36.18,80.68471349999916,108.74896199999888,84.69389199999911,71.66406249999926,239.0472574999975,2299.0990970000003,-1.006651,-0.0094930000000001,-0.004892,0.3909915000000023,1.7395524999999994,4.611070000000001,10.0,-16.0,27.49913800000001,99.8,31.11,108.84576000000158,70.87761300000103,62.39226450000091,69.87933650000103,196.7034150000029,2758.639536000004,-1.0047499999999998,-0.0758179999999999,0.0157569999999997,5.303044000000002,1.7077415000000011,2.0410965000000005,-2.597059499999957,7.791177999999872,-48.8065219999992,99.8,30.704806,120.793905499998,14.535366499999762,18.5451219999997,14.535366499999762,40.598781499999326,1813.6233180000029,25,X1.4528 Y1.6643 Z0.1
14:09:02.114,5,29,1.43271,1.64145,0.09894,83.95206,58.57814,-23.47938,,185.42,0,0,,2,1,"{""sr"":{""mpox"":83.95206,""mpoy"":58.57814,""mpoz"":-23.47938,""mpoa"":0,""posx"":1.43271,""posy"":1.64145,""posz"":0.09894,""posa"":0,""unit"":0,""stat"":5,""coor"":2,""momo"":1,""dist"":0,""home"":1,""mots"":1,""plan"":0,""line"":29,""path"":2,""frmo"":2,""prbe"":1,""safe"":0,""estp"":0,""spc"":1,""hold"":0,""macs"":5,""cycs"":1,""sps"":12000,""feed"":185.42,""mark"":1499779243}}",5.339828880354803,0.2062200740948199,0.2011329845195547,0.1890912620479378,5.339828880354803,0.2062200740948199,0.2011329845195547,0.1890912620479378,-0.98636844,-0.0349653599999999,0.0151465199999999,-4.71372384,-7.9268022,0.4843786000000002,4.0,27.92500672,42.47811904,99.7,31.23806284,60.87194256000012,4.434379680000008,3.628129160000007,3.628129160000007,9.675010880000018,3461.9136549999994,-0.99231536,0.04095912,-0.0103389199999999,-1.67974912,-0.854,0.9322586,-33.0,34.479525960000004,-31.0,99.8,31.2785648,112.27887155999996,49.96550367999998,47.363134119999984,44.24028947999999,144.17129751999997,1591.7707018399997,-1.00528316,0.12446208,-0.01301164,2.78653852,1.69217692,3.95831656,-25.35182928,36.0,32.19783536,99.7,31.48197848,107.23639688,1.97670752,1.4825307200000002,1.4825307200000002,4.447592520000001,1814.97344192,-1.0338558400000002,0.2007836400000001,0.0272239999999999,2.9289438800000007,1.74284632,1.374248,9.836756119999997,-31.41291403999999,29.445817319999968,99.7,36.16394848,64.31748616000014,86.0766742000002,66.72916448000014,56.857986600000125,189.2704899600004,1814.3962228799992,-1.006359,-0.0134154399999999,-0.0040668799999999,0.4592142799999999,1.82030936,4.5958928000000006,10.0,-16.05952244,28.293326080000003,99.8,31.11,159.19928395999972,91.89552155999984,80.89394543999985,90.60121859999984,255.62486651999956,2311.7922057599994,-1.000628,-0.07579632,0.0149061199999999,5.183375320000001,1.90750376,1.89662468,-4.690254079999999,16.0,-94.0,99.8,30.7069024,80.1129178400003,9.715470440000036,12.395600120000047,10.05048720000004,27.13631416000011,1545.7632336,29,X1.4304 Y1.6381 Z0.0988
14:09:02.371,5,33,1.41884,1.61356,0.09786,83.59963,57.8697,-23.5069,,185.42,0,0,,2,1,"{""sr"":{""mpox"":83.59963,""mpoy"":57.8697,""mpoz"":-23.5069,""mpoa"":0,""posx"":1.41884,""posy"":1.61356,""posz"":0.09786,""posa"":0,""unit"":0,""stat"":5,""coor"":2,""momo"":1,""dist"":0,""home"":1,""mots"":1,""plan"":0,""line"":33,""path"":2,""frmo"":2,""prbe"":1,""safe"":0,""estp"":0,""spc"":1,""hold"":0,""macs"":5,""cycs"":1,""sps"":12000,""feed"":185.42,""mark"":1499779243}}",5.392682399497655,0.1991617314204597,0.2041288646055968,0.2045843950841472,5.392682399497655,0.1991617314204597,0.2041288646055968,0.2045843950841472,-0.97820306,0.0118254799999998,0.0130215199999999,-4.943907140000001,-7.703774399999999,0.5004375799999999,3.3278019199999878,18.86414733999993,28.337018019999903,99.7,31.23019614,119.61669209999955,7.410915059999974,6.06347637999998,6.06347637999998,16.16926979999994,2833.669199300005,-0.98849234,0.0441249599999999,0.0002524999999999,-1.6483393200000005,-0.8269190200000003,1.03766068,-33.0,34.4626752,-31.5373248,99.8,31.27537294,87.90828612000008,44.87949346000004,42.10344208000004,39.32739088000004,128.62370260000014,2340.4410612999995,-0.985524,0.15437134,-0.00055094,2.77451686,1.80127136,4.00135726,-25.4873538,35.4873538,31.08683578,99.7,31.49425826,110.39262357999996,2.0505854399999994,1.5379392399999996,1.5379392399999996,4.613816899999998,2339.20434592,-1.0547622999999997,0.16010476,0.0584457799999995,2.481884680000004,1.5558503199999985,1.521042839999999,11.427486959999989,-11.742482059999997,19.309986899999995,99.7,36.18,110.8997406999996,151.79402037999944,117.83097467999958,100.50289031999964,334.7785927199988,2270.5407624800005,-1.00886282,-0.00622926,-0.0003598399999999,0.3452195600000001,1.69899506,4.500175340000001,10.0,-16.0,28.76785292,99.8,31.12,57.16371096000087,33.26518114000049,29.318678780000432,32.5687399000005,92.1346864200014,1957.141690120003,-1.00165772,-0.07624024,0.0389418999999998,5.099208480000001,1.6096288000000003,1.9635796800000005,-4.826562619999996,16.0,-94.85065586,99.8,30.69,185.37046619999907,23.27161687999989,29.69137365999985,24.07408625999988,65.00003343999967,1673.9765580600003,33,X1.4166 Y1.6065 Z0.0976
14:09:02.627,5,36,1.41267,1.58305,0.09678,83.44307,57.09471,-23.53442,,185.42,0,0,,2,1,"{""sr"":{""mpox"":83.44307,""mpoy"":57.09471,""mpoz"":-23.53442,""mpoa"":0,""posx"":1.41267,""posy"":1.58305,""posz"":0.09678,""posa"":0,""unit"":0,""stat"":5,""coor"":2,""momo"":1,""dist"":0,""home"":1,""mots"":1,""plan"":0,""line"":36,""path"":2,""frmo"":2,""prbe"":1,""safe"":0,""estp"":0,""spc"":1,""hold"":0,""macs"":5,""cycs"":1,""sps"":12000,""feed"":185.42,""mark"":1499779243}}",5.503555385578008,0.202149338024841,0.2045405997954524,0.2002687283345815,5.503555385578008,0.202149338024841,0.2045405997954524,0.2002687283345815,-1.01551356,-0.0291513,0.0153470799999999,-4.81311824,-7.687914060000001,0.3936655799999999,3.280172440000001,31.43965512,50.14559582,99.7,31.22027774,31.15555096000009,3.46172776000001,2.662867260000008,2.662867260000008,7.18974210000002,3013.27058582,-0.99830146,0.0448087999999999,-0.0178656599999999,-1.50007996,-0.6991570000000001,1.08984014,-32.97330954,34.97330954,-31.97330954,99.8,31.274783000000003,112.67482329999996,54.81234733999998,51.52200545999999,48.75336263999999,156.75957733999996,1419.46424588,-1.02618584,0.10341558,-0.00913684,2.60393634,1.74333242,3.84628274,-24.0,34.02885136,32.0,99.7,31.49481688,105.48463616,2.4083253600000005,1.9266601000000003,1.44499484,4.816649720000001,1779.4279640399996,-0.8727200599999999,0.3639719599999999,-0.02600516,2.3430662600000005,1.1342535400000004,1.39549314,9.38630708,-24.513888999999995,33.80797027999998,99.7,36.18430248000001,36.33748058000013,52.6412780400002,40.92728808000015,34.950761840000126,115.56217998000038,1765.0015034,-1.00805454,-0.0046111,-0.0024541399999999,0.31853924,1.520479640000001,4.60330036,10.0,-16.0,27.13825318,99.8,31.12861782,215.4367329999997,131.84728079999982,116.33583551999985,130.12378621999983,364.5189517799995,2136.869617279999,-0.99816216,-0.08522712,0.02081024,5.47176672,1.9366362,2.0660065,-5.0,15.9685946,-94.82115936,99.8,30.69,21.74133902000034,2.7140133000000395,3.397969580000052,2.7140133000000395,7.574112520000106,2277.2062073999987,36,X1.4125 Y1.5809 Z0.0967
14:09:02.886,5,40,1.41466,1.55179,0.09568,83.49352,56.30082,-23.56215,,185.42,0,0,,2,1,"{""sr"":{""mpox"":83.49352,""mpoy"":56.30082,""mpoz"":-23.56215,""mpoa"":0,""posx"":1.41466,""posy"":1.55179,""posz"":0.09568,""posa"":0,""unit"":0,""stat"":5,""coor"":2,""momo"":1,""dist"":0,""home"":1,""mots"":1,""plan"":0,""line"":40,""path"":2,""frmo"":2,""prbe"":1,""safe"":0,""estp"":0,""spc"":1,""hold"":0,""macs"":5,""cycs"":1,""sps"":12000,""feed"":185.42,""mark"":1499779243}}",5.22802184244174,0.186112866266857,0.1946360629623987,0.2069685164352548,5.22802184244174,0.186112866266857,0.1946360629623987,0.2069685164352548,-0.9732018,-0.0445116799999999,0.01648,-5.502378279999999,-7.737520440000001,0.5615460399999997,-1.7963768000000009,35.388109400000005,58.5927536,99.7,31.2268498,78.86298543999983,7.745471399999983,6.3372039999999865,6.3372039999999865,16.899210959999966,3041.1723824800006,-0.99670268,0.04915248,-0.0112087599999999,-1.47837352,-0.7453735200000001,0.98629124,-32.542697600000004,34.4573024,-32.4573024,99.8,31.28609632,86.86521444000005,47.23602560000003,44.49220920000003,42.66299760000003,134.9154568800001,2020.51294576,-0.97349136,0.10786036,-0.0103452799999999,2.69744572,1.7013695599999998,3.98021296,-20.93745504,33.0,31.54805752,99.7,31.5029784,116.27415975999996,2.57243708,2.0579496399999995,1.5434623199999995,5.659361599999999,1812.14491688,-1.0227815999999998,0.1344453999999999,-0.00397444,1.2366263200000027,1.4677055200000015,1.3783392000000003,7.792104479999991,-21.42677372000002,22.63079011999999,99.7,36.19698016,123.7526004799997,158.23358179999966,124.26949423999972,104.78282383999976,346.8180501599992,1804.3298453999992,-1.01058612,-0.00785528,0.0072499599999999,0.2673656800000003,2.01020104,4.60326516,10.0,-16.0,27.0,99.8,31.14,44.72030460000057,31.863216840000405,28.136524320000355,31.6768817200004,88.32260048000111,2349.59000288,-1.00358768,-0.08342664,0.01637816,5.213556999999999,1.7180448,1.9622902,-4.144253280000003,15.144253280000004,-94.00402288,99.8,30.70847732,211.3975647199993,28.239636799999914,34.233886199999894,27.38389007999991,76.16546847999977,1575.5270540000004,40,X1.4157 Y1.5466 Z0.0955
14:09:03.143,5,43,1.4246,1.5223,0.0946,83.74597,55.55166,-23.58966,,185.42,0,0,,2,1,"{""sr"":{""mpox"":83.74597,""mpoy"":55.55166,""mpoz"":-23.58966,""mpoa"":0,""posx"":1.4246,""posy"":1.5223,""posz"":0.0946,""posa"":0,""unit"":0,""stat"":5,""coor"":2,""momo"":1,""dist"":0,""home"":1,""mots"":1,""plan"":0,""line"":43,""path"":2,""frmo"":2,""prbe"":1,""safe"":0,""estp"":0,""spc"":1,""hold"":0,""macs"":5,""cycs"":1,""sps"":12000,""feed"":185.42,""mark"":1499779243}}",5.062169123151552,0.1862116577739237,0.2015186189521643,0.2000358257487563,5.062169123151552,0.1862116577739237,0.2015186189521643,0.2000358257487563,-0.9859386,-0.02692906,0.0139542399999999,-5.063108079999999,-8.035151260000001,0.3809669399999998,-5.061667199999989,39.19993298,63.03083336,99.7,31.2170721,62.58226687999944,2.014259879999986,1.8451609999999847,1.645228019999989,4.397552099999968,2042.4033772599996,-0.98949606,0.04024338,-0.0074153,-1.4977932799999996,-0.7271142599999999,0.9178294599999997,-32.32958712000001,34.67041287999999,-33.52635832,99.8,31.29,91.5863733600001,57.37307306000007,53.16220472000006,51.583129500000055,163.17112492000018,1261.5408727800002,-1.004,0.11803954,-0.00941014,2.7647433,1.7020552600000003,4.05091324,-17.730184480000005,31.64543862,32.35456138000001,99.7,31.50709142,110.61995041999997,2.447344219999999,1.957875079999999,1.4684066799999993,5.3841568399999975,1564.556698219999,-1.0066807800000002,0.09204518,-0.0039239999999998,4.163910100000008,1.8164901,1.51959152,8.300945440000019,-3.3591020799999964,33.440622880000085,99.7,36.20359106,57.45636257999946,78.64339587999926,62.12469183999942,52.7880325799995,173.44639397999836,1603.431935000001,-1.00459734,-0.0095065999999999,0.0015389799999999,0.3533363399999982,1.65076952,4.842400520000001,10.0,-15.701267320000005,27.02270138,99.8,31.15655882,151.97062146000104,129.96140288000086,114.51082772000078,128.53616786000086,359.6162217600024,1541.0378188,-1.00232518,-0.0737763599999999,0.0385984799999999,5.15395658,1.7430434199999991,1.9352085400000003,-4.291667599999995,15.99158328,-95.0,99.8,30.69291684,73.79193233999868,10.208369839999817,12.25004399999978,9.625034639999829,26.54176215999953,1772.9698358400003,43,X1.4246 Y1.5223 Z0.0946
14:09:03.400,5,47,1.44224,1.49635,0.09351,84.19406,54.89246,-23.61739,,185.42,0,0,,2,1,"{""sr"":{""mpox"":84.19406,""mpoy"":54.89246,""mpoz"":-23.61739,""mpoa"":0,""posx"":1.44224,""posy"":1.49635,""posz"":0.09351,""posa"":0,""unit"":0,""stat"":5,""coor"":2,""momo"":1,""dist"":0,""home"":1,""mots"":1,""plan"":0,""line"":47,""path"":2,""frmo"":2,""prbe"":1,""safe"":0,""estp"":0,""spc"":1,""hold"":0,""macs"":5,""cycs"":1,""sps"":12000,""feed"":185.42,""mark"":1499779243}}",5.531680975166011,0.2042199912785882,0.2058470218270964,0.2047293388821441,5.531680975166011,0.2042199912785882,0.2058470218270964,0.2047293388821441,-1.0059201999999998,-0.0394964000000002,0.0147119999999999,-4.709638800000001,-7.946656199999998,0.3269044000000024,-9.0,40.30719119999999,66.69280880000001,99.7,31.2285966,102.2085446000014,2.2099144000000304,2.2099144000000304,2.2099144000000304,5.524785800000076,1805.1221320000056,-0.9939988,0.0480659999999999,-0.0164418,-1.4975554000000006,-0.7580225999999989,0.9753389999999992,-32.0,35.0,-34.444630799999985,99.8,31.3,93.47464659999972,56.16466919999979,50.33924679999983,51.273040799999805,158.7552827999994,1443.4558245999974,-1.0188266,0.1154586000000001,-0.0075046,2.7293912,1.6040810000000003,3.9196834,-13.081671200000017,31.0,32.793000400000004,99.7,31.4850434,110.95246580000013,2.5216472000000025,2.017317600000002,1.5129884000000016,5.547623600000006,1680.8562067999972,-0.9231528000000002,0.3283795999999987,-0.0184540000000001,2.124857800000004,1.7574207999999985,1.555478599999998,8.162793999999995,-19.448649800000094,10.142928400000052,99.7,36.229186,92.4559668000014,122.03646820000188,95.96790220000146,82.77579220000125,269.7543822000041,1822.247166399999,-1.0075368,-0.0043132,0.0062794000000002,0.4865626000000087,1.8177984000000005,4.758799600000001,10.0,-15.415625199999988,26.0,99.8,31.153796,96.42496519999727,89.77496759999748,78.13747159999781,88.11246799999752,245.63428719999308,1437.7050118000002,-1.0033438,-0.0788311999999999,0.0350785999999996,5.045403599999997,1.8088107999999967,2.1490613999999977,-3.9869448,15.9869448,-94.5909392,99.8,30.7016882,139.79153840000313,23.085804200000517,27.24849040000061,19.50100160000044,54.37948320000122,1903.5626175999996,47,X1.4443 Y1.494 Z0.0934
14:09:03.658,5,51,1.46572,1.47592,0.09232,84.79054,54.37374,-23.64745,,185.42,0,0,,2,1,"{""sr"":{""mpox"":84.79054,""mpoy"":54.37374,""mpoz"":-23.64745,""mpoa"":0,""posx"":1.46572,""posy"":1.47592,""posz"":0.09232,""posa"":0,""unit"":0,""stat"":5,""coor"":2,""momo"":1,""dist"":0,""home"":1,""mots"":1,""plan"":0,""line"":51,""path"":2,""frmo"":2,""prbe"":1,""safe"":0,""estp"":0,""spc"":1,""hold"":0,""macs"":5,""cycs"":1,""sps"":12000,""feed"":185.42,""mark"":1499779243}}",5.128071389200637,0.2006489993530356,0.2064091525664445,0.2063758650063026,5.128071389200637,0.2006489993530356,0.2064091525664445,0.2063758650063026,-1.01278192,-0.0195654,0.02092532,-5.25766296,-7.83877824,0.4418695999999998,-11.89824868,38.67275772,67.0,99.7,31.23225516,107.21050972000016,2.122980800000003,1.693986640000002,1.5922353200000023,4.776706080000007,1835.37935284,-0.99085432,0.04467352,-0.0087253199999999,-1.51407908,-0.8919628000000001,0.9018786,-32.0,35.0,-36.5072924,99.8,31.30688136,93.12169107999998,62.08112723999998,53.705102279999984,57.64676095999998,174.91111271999995,1581.4782385200003,-1.01164028,0.11244568,-0.00916268,2.8252156,1.73339352,3.79701256,-10.21332124,31.0,35.0,99.7,31.48213312,109.40998064,2.5222964,2.01783732,1.5133782400000002,5.257914479999999,1994.8043862000004,-0.95159136,0.2891574800000003,-0.0180264,3.2026797599999983,1.5738115600000002,1.4751284399999998,7.884117519999999,7.302241040000012,7.482726319999956,99.7,36.22351252,81.52800844000012,110.30259940000016,86.85663620000014,77.26510588000012,248.3140635600004,2156.10618312,-1.005867,-0.0139522,0.00203328,0.5400425199999999,1.772405400000001,4.7268004800000005,8.563030879999998,-14.271718319999998,24.18849712,99.8,31.14450844,108.64842779999972,109.83446499999972,94.85924447999976,107.08080035999971,298.20039819999926,1770.3164906400004,-1.0085483199999998,-0.08252688,0.0223834799999999,4.954578239999999,1.8392520400000003,1.94651212,-1.7872914399999946,7.149166079999978,-42.44817131999988,99.8,30.7057342,130.5498061200003,27.658857320000067,33.74380584000008,19.36120012000005,57.530423200000136,1851.9086198000005,51,X1.4712 Y1.4724 Z0.0921
14:09:03.915,5,54,1.4939,1.46222,0.09123,85.50619,54.02569,-23.67517,,185.42,0,0,,2,1,"{""sr"":{""mpox"":85.50619,""mpoy"":54.02569,""mpoz"":-23.67517,""mpoa"":0,""posx"":1.4939,""posy"":1.46222,""posz"":0.09123,""posa"":0,""unit"":0,""stat"":5,""coor"":2,""momo"":1,""dist"":0,""home"":1,""mots"":1,""plan"":0,""line"":54,""path"":2,""frmo"":2,""prbe"":1,""safe"":0,""estp"":0,""spc"":1,""hold"":0,""macs"":5,""cycs"":1,""sps"":12000,""feed"":185.42,""mark"":1499779243}}",5.294072799951704,0.2068030958968551,0.2062419697986119,0.2071876523214836,5.294072799951704,0.2068030958968551,0.2062419697986119,0.2071876523214836,-0.9873137999999996,-0.0433608999999998,0.0076160999999998,-5.0505342,-7.935412199999999,0.3242909000000009,-13.538102599999997,37.461897400000005,67.5381026,99.7,31.2360754,81.62861080000077,1.5697810000000154,1.1773360000000117,1.1773360000000117,3.5320070000000348,1769.7121367000009,-0.9903376,0.0438320999999999,-0.0190388,-1.3763823999999991,-0.7612,0.9338744,-31.8655028,35.865502799999994,-38.8655028,99.8,31.3047869,78.97034759999987,77.50755469999986,64.35694889999989,71.38631459999988,211.95587809999964,1453.1228732,-1.0048834,0.1246306999999997,-0.0055126,2.7593722,1.6402862999999996,3.9716592,-7.0,31.508854,35.8558404,99.7,31.49,106.57870380000006,1.9645847000000007,1.9645847000000007,1.4734387000000009,4.911461100000003,1631.344541800002,-1.0700484999999993,0.0432837000000002,0.0748980999999993,2.487705500000009,1.1950132999999996,1.5781876999999993,10.762008499999997,4.716155099999899,-0.899086299999975,99.7,36.1923799,64.79706440000078,70.43192830000076,56.69833190000063,51.11949760000056,161.0827619000018,2338.984886299997,-1.0160288,-0.0038253,-0.0027098999999999,0.4268400999999951,1.7052795,4.630158300000001,9.0,-14.336042800000005,23.8780201,99.8,31.14,150.71826519999863,192.5475632999983,167.3171932999985,187.89986339999837,526.5179926999953,1374.7634176000008,-1.0066583999999998,-0.0843567999999999,0.0263739000000002,5.178039000000003,1.648,1.9369505,-3.6852796999999935,16.0,-96.08164529999998,99.8,30.6997417,61.571295000001314,19.667500800000408,23.836284800000488,12.666233700000262,39.72714120000082,1772.7587449000043,54,X1.4948 Y1.4619 Z0.0912
14:09:04.171,5,58,1.52455,1.4565,0.09015,86.28469,53.88034,-23.70269,,185.42,0,0,,2,1,"{""sr"":{""mpox"":86.28469,""mpoy"":53.88034,""mpoz"":-23.70269,""mpoa"":0,""posx"":1.52455,""posy"":1.4565,""posz"":0.09015,""posa"":0,""unit"":0,""stat"":5,""coor"":2,""momo"":1,""dist"":0,""home"":1,""mots"":1,""plan"":0,""line"":58,""path"":2,""frmo"":2,""prbe"":1,""safe"":0,""estp"":0,""spc"":1,""hold"":0,""macs"":5,""cycs"":1,""sps"":12000,""feed"":185.42,""mark"":1499779243}}",5.310751007207433,0.2001357474948237,0.2003987131452738,0.2014927030264738,5.310751007207433,0.2001357474948237,0.2003987131452738,0.2014927030264738,-0.9982686399999998,-0.0444508399999999,0.0047848,-5.409762,-7.74849314,0.4043103999999998,-13.0,36.95890492,66.04109508,99.7,31.22743924,139.84884585999953,2.676532959999991,2.0073998799999933,2.0073998799999933,6.691332719999978,1436.752629060001,-0.99402186,0.03954786,0.00506346,-1.49321552,-0.76478448,1.0324515399999996,-31.542803260000003,35.0,-39.00535406,99.8,31.31457232,72.15794498000007,72.15794498000007,59.66907000000006,66.60733410000006,196.5841450600002,1195.7277794,-0.9870441800000002,0.12253594,-0.0090839999999999,2.87661888,1.5494099200000009,3.90219024,-6.51191904,31.4256292,37.4256292,99.7,31.4946422,111.08644087999996,2.047676799999999,2.047676799999999,1.5357569399999995,4.607271639999999,1496.4633464600006,-1.0523019800000002,0.1339250600000004,0.0319896799999998,3.1080168800000023,1.465,1.5172613599999998,8.358745359999999,11.18200702000002,-4.061495780000012,99.7,36.19,115.3543694399996,127.78777427999952,102.92096477999962,92.55979325999964,290.8035305799989,1415.9365183199995,-1.00524892,-0.00782102,-0.0171355599999999,0.5803536399999993,1.5313112600000014,4.547334800000001,9.837997839999996,-14.248643360000004,23.0,99.8,31.12913326,62.97086864000088,75.58760352000103,65.64186580000093,73.847098900001,206.78469410000284,1015.4345179799998,-1.0096347799999998,-0.07189776,0.02389638,5.175194259999999,1.8356872200000016,2.00342374,-3.826618059999996,16.0,-94.9726325,99.8,30.69,102.30403709999948,55.148269479999726,70.33402491999965,35.16701295999982,118.2890424599994,1153.798729479999,58,X1.5289 Y1.4563 Z0.09
14:09:04.430,5,62,1.55577,1.45888,0.08906,87.0776,53.94074,-23.73042,,185.42,0,0,,2,1,"{""sr"":{""mpox"":87.0776,""mpoy"":53.94074,""mpoz"":-23.73042,""mpoa"":0,""posx"":1.55577,""posy"":1.45888,""posz"":0.08906,""posa"":0,""unit"":0,""stat"":5,""coor"":2,""momo"":1,""dist"":0,""home"":1,""mots"":1,""plan"":0,""line"":62,""path"":2,""frmo"":2,""prbe"":1,""safe"":0,""estp"":0,""spc"":1,""hold"":0,""macs"":5,""cycs"":1,""sps"":12000,""feed"":185.42,""mark"":1499779243}}",5.105497360111911,0.1960458670509407,0.2025179409288917,0.2092003044006426,5.105497360111911,0.1960458670509407,0.2025179409288917,0.2092003044006426,-1.008753,-0.035087,0.01735,-5.296084,-7.840831,0.427,-13.0,36.771874,68.0,99.7,31.237719,47.450203,0.912504,0.684378,0.684378,2.28126,1539.312441,-0.994666,0.037777,-0.010888,-1.519234,-0.75235,1.010883,-31.0,35.0,-39.110925,99.8,31.315555,86.09667,87.207595,71.654648,80.542046,238.848827,1481.745449,-1.020965,0.121965,-0.002517,2.869,1.683785,3.845,-6.517327,31.517327,37.517327,99.7,31.489653,104.257325,1.930691,1.930691,1.448018,4.344055,1383.710509,-0.873601,0.210228,-0.063732,2.777062,1.892,1.355398,11.203245,2.203245,16.829209,99.7,36.18,31.706282,39.836098,31.706282,28.657601,90.647447,1898.096546,-1.01,-0.006,0.004249,0.421931,1.719138,4.705069,9.0,-15.0,23.0,99.8,31.129169,165.041795,268.651366,232.892311,263.149973,736.269786,1279.456812,-1.005966,-0.078865,0.030832,5.131107,1.887893,1.950946,-3.0,15.033665,-94.0,99.8,30.71,5.285383,2.491199,3.231826,1.582248,5.588366,1309.28921,62,X1.563 Y1.4606 Z0.0888
14:09:04.687,5,65,1.58515,1.46935,0.08798,87.82394,54.20673,-23.75794,,185.42,0,0,,2,1,"{""sr"":{""mpox"":87.82394,""mpoy"":54.20673,""mpoz"":-23.75794,""mpoa"":0,""posx"":1.58515,""posy"":1.46935,""posz"":0.08798,""posa"":0,""unit"":0,""stat"":5,""coor"":2,""momo"":1,""dist"":0,""home"":1,""mots"":1,""plan"":0,""line"":65,""path"":2,""frmo"":2,""prbe"":1,""safe"":0,""estp"":0,""spc"":1,""hold"":0,""macs"":5,""cycs"":1,""sps"":12000,""feed"":185.42,""mark"":1499779243}}",5.385268032854047,0.2054480398600992,0.2034297399724085,0.2075763229641913,5.385268032854047,0.2054480398600992,0.2034297399724085,0.2075763229641913,-0.97604066,-0.02969124,0.0066123199999999,-5.500105660000002,-7.431662179999999,0.4811742399999999,-13.0,36.0,66.30843811999999,99.7,31.24892424,143.15327536000038,3.457808260000009,2.7662472400000078,2.7662472400000078,6.915617240000019,2131.35882972,-0.99338098,0.0393544399999999,-0.0076190199999999,-1.39924448,-0.7832574400000001,0.9583541,-32.0,35.6188351,-37.53708514,99.8,31.30381152,69.16338993999994,70.47144157999993,58.76805967999995,64.96193589999994,197.57123539999984,1733.3483149200008,-0.97700872,0.1196110399999999,-0.0155595399999999,2.70122708,1.71067488,3.90432512,-6.072921239999999,31.0,37.82669822,99.7,31.47486242,112.50676518000004,2.5686478200000007,2.0549177400000005,1.5411885200000004,5.137295500000001,1939.375424640001,-0.8989304800000001,0.4541820800000002,-0.00992948,1.6327259600000017,1.3101425599999996,1.5464916200000005,9.047005540000008,0.4074510000000379,3.4341691,99.7,36.16,112.34944414000032,147.19199288000044,118.00928626000034,103.0767648600003,333.4067580200009,3912.030520500002,-1.0068463799999998,-0.00579162,-0.0053619999999999,0.4288591400000017,1.9273820600000011,4.639,10.0,-14.0,24.788470360000005,99.8,31.11211552,36.08821187999946,48.05115455999929,41.27215393999939,48.05115455999929,131.39299135999806,1709.369170460001,-1.00848472,-0.07981564,0.01944656,5.11758786,1.6687594999999995,2.0647585000000004,-3.0,15.172429739999997,-94.1769621,99.8,30.71,82.40086172000032,70.76048376000028,92.39969480000038,44.95622540000018,172.34957182000068,2271.353142320001,65,X1.5871 Y1.4703 Z0.0879
14:09:04.944,5,69,1.61089,1.48719,0.08688,88.4777,54.65998,-23.78566,,185.42,0,0,,2,1,"{""sr"":{""mpox"":88.4777,""mpoy"":54.65998,""mpoz"":-23.78566,""mpoa"":0,""posx"":1.61089,""posy"":1.48719,""posz"":0.08688,""posa"":0,""unit"":0,""stat"":5,""coor"":2,""momo"":1,""dist"":0,""home"":1,""mots"":1,""plan"":0,""line"":69,""path"":2,""frmo"":2,""prbe"":1,""safe"":0,""estp"":0,""spc"":1,""hold"":0,""macs"":5,""cycs"":1,""sps"":12000,""feed"":185.42,""mark"":1499779243}}",5.1160252489246245,0.1996594615271362,0.1995425522895682,0.2095239950113955,5.1160252489246245,0.1996594615271362,0.1995425522895682,0.2095239950113955,-0.9834201199999998,-0.0288559999999999,0.0116744399999999,-5.085889599999997,-7.947229600000002,0.4533687199999993,-12.8336152,36.0,67.0,99.7,31.24401344,79.5645089599992,1.9126084799999807,1.5300866399999846,1.5300866399999846,4.207738519999958,2155.984856879996,-0.9920096,0.04155144,-0.00816584,-1.3814831599999997,-0.7225203200000002,0.8445203200000002,-31.0,35.47545968,-38.35989408,99.8,31.3063084,78.15653004000012,75.00928712000011,66.0920992400001,70.8129635600001,217.15975412000031,1911.971406839996,-1.02573192,0.1220893999999999,-0.0011661999999999,2.67381056,1.8159460400000005,3.93715152,-6.510676,31.855252880000005,37.31084624,99.7,31.48778844,106.52787267999994,2.446619719999999,1.9572957199999987,1.6127188399999954,5.037986279999994,1387.607666759999,-0.8722484400000005,0.4055406399999978,-0.0757322799999997,2.383306759999997,1.7336109200000012,1.6951439200000005,10.515684080000009,4.680097879999972,20.300434040000077,99.7,36.17,60.05986783999932,80.07982359999909,63.396526799999286,54.869509079999375,179.43812351999796,2481.185794839993,-1.00226884,-0.01302084,-0.01233248,0.1968995999999951,1.7120799999999987,4.722236080000001,9.0,-14.657943920000006,23.97568116,99.8,31.12657936,153.97512244000137,136.7456595600012,121.19953576000104,142.32535424000125,385.3337320000033,1794.028103759996,-1.00487644,-0.07534648,0.03010756,5.213132360000001,1.6385426400000016,2.0551492400000004,-3.0,16.0,-94.31495,99.8,30.72705992,40.571640639999096,31.45772119999929,38.80765595999913,20.285820319999548,80.55528647999819,1579.2573748399952,69,X1.6148 Y1.4908 Z0.0867
14:09:05.202,5,72,1.631,1.511,0.0858,88.98852,55.26464,-23.81318,,185.42,0,0,,2,1,"{""sr"":{""mpox"":88.98852,""mpoy"":55.26464,""mpoz"":-23.81318,""mpoa"":0,""posx"":1.631,""posy"":1.511,""posz"":0.0858,""posa"":0,""unit"":0,""stat"":5,""coor"":2,""momo"":1,""dist"":0,""home"":1,""mots"":1,""plan"":0,""line"":72,""path"":2,""frmo"":2,""prbe"":1,""safe"":0,""estp"":0,""spc"":1,""hold"":0,""macs"":5,""cycs"":1,""sps"":12000,""feed"":185.42,""mark"":1499779243}}",5.153748121585807,0.1880855939684942,0.1902813487090107,0.2059522010909212,5.153748121585807,0.1880855939684942,0.1902813487090107,0.2059522010909212,-1.01651884,-0.03008628,0.0212808399999997,-5.116023559999998,-7.783986039999996,0.3738774400000028,-13.0,36.338183999999984,67.0,99.7,31.2540276,109.65038508000237,2.661416920000057,2.129133960000046,2.129133960000046,5.855117360000126,1932.7585582400104,-0.99073216,0.0407228799999999,-0.0138070399999999,-1.4958439999999988,-0.7617739199999985,0.94596496,-31.247182320000007,35.75281767999999,-37.49436408000002,99.8,31.31,76.62571803999958,67.29860251999966,61.403834239999696,65.0896305999997,199.68683563999903,1603.88984412001,-1.0050963600000002,0.11763,-0.0160300399999998,2.670905760000001,1.7082926799999998,3.90635344,-7.0,31.49710176,36.49710176,99.7,31.49497084,109.12899772000016,2.5144932000000035,2.011594520000003,2.011594520000003,5.531884200000008,1713.133831520002,-1.0249671200000003,0.4688114399999958,0.0292060800000007,2.4868933200000707,1.0683980399999908,1.5314581999999997,4.701905839999852,-4.254512519999873,8.687982279999737,99.7,36.17554184,87.96890840000202,116.15900724000277,91.53543864000216,79.22365468000187,261.8487164000062,2314.540649080005,-1.0099746,-0.0056506399999998,0.0094119600000004,0.469096559999996,1.6705026399999945,4.694022079999998,10.0,-14.48896415999998,23.564892319999977,99.8,31.12037972,79.3759954799969,79.3759954799969,73.06199591999714,85.68999503999665,230.91198727999097,1550.5325879200066,-1.001477,-0.07473136,0.0221139199999998,5.139562360000005,1.8882005599999867,2.01598088,-3.0,15.98376356,-96.44445555999998,99.8,30.72888912,89.54711944000327,64.45942052000228,76.68140376000272,41.66585136000148,162.80706656000575,1696.4835422000008,72,X1.631 Y1.511 Z0.0858
14:09:05.459,5,76,1.64426,1.5394,0.08471,89.32536,55.98608,-23.84091,,185.42,0,0,,2,1,"{""sr"":{""mpox"":89.32536,""mpoy"":55.98608,""mpoz"":-23.84091,""mpoa"":0,""posx"":1.64426,""posy"":1.5394,""posz"":0.08471,""posa"":0,""unit"":0,""stat"":5,""coor"":2,""momo"":1,""dist"":0,""home"":1,""mots"":1,""plan"":0,""line"":76,""path"":2,""frmo"":2,""prbe"":1,""safe"":0,""estp"":0,""spc"":1,""hold"":0,""macs"":5,""cycs"":1,""sps"":12000,""feed"":185.42,""mark"":1499779243}}",5.178688124288432,0.1900523554142645,0.1882693540989907,0.2053145989813416,5.178688124288432,0.1900523554142645,0.1882693540989907,0.2053145989813416,-0.99974842,-0.0303668399999999,0.02130552,-4.998841620000003,-8.013578319999997,0.4143781400000011,-13.0,36.44580830000001,66.54433736000001,99.7,31.2554432,113.32073740000118,2.7216876400000283,2.1773502800000224,2.1773502800000224,5.987712480000062,1550.8278675399986,-0.98925194,0.0396585399999999,-0.0077757999999999,-1.5052622399999995,-0.8146284399999992,0.854,-31.18590544,35.508623820000004,-38.322718380000005,99.8,31.31814108,71.74093099999982,66.33579249999984,61.42203001999985,64.86166353999984,199.0073769199995,1349.2760800199997,-1.02458816,0.12149612,-0.00279714,2.710824680000001,1.659523160000001,3.9427279200000007,-6.202774319999994,31.797225680000004,37.49617958,99.7,31.50797224,109.83291224000008,2.519103260000002,2.0152828400000016,2.0152828400000016,5.542027520000004,1370.6862658599994,-0.9390507199999992,0.2673618599999998,0.0234964199999995,2.149954040000006,1.4633782399999948,1.4372787400000004,13.094434719999986,13.522300599999896,14.628788339999948,99.7,36.19120002,86.741953840001,118.38367290000134,93.28851646000108,80.74093832000094,267.8635183400031,1908.8061090999984,-1.00958878,-0.00592678,0.00859824,0.4421358799999983,1.711584679999998,4.7345753,9.94856212,-14.433187219999992,24.38174933999999,99.8,31.15051446,66.91354877999886,74.88994095999848,69.2585080999986,81.38774809999835,219.4715766599956,1237.4773797799996,-1.00650448,-0.08251782,0.0308280599999999,5.253380600000004,1.842828459999998,1.9998028200000015,-2.941741899999999,16.093731459999983,-93.73129869999995,99.8,30.7359554,59.91847664000103,68.56056460000119,80.65948766000137,44.36271806000075,172.84175930000293,1249.2995586799982,76,X1.6452 Y1.5424 Z0.0846
14:09:05.716,5,80,1.64965,1.57005,0.08362,89.46224,56.76451,-23.86843,,185.42,0,0,,2,1,"{""sr"":{""mpox"":89.46224,""mpoy"":56.76451,""mpoz"":-23.86843,""mpoa"":0,""posx"":1.64965,""posy"":1.57005,""posz"":0.08362,""posa"":0,""unit"":0,""stat"":5,""coor"":2,""momo"":1,""dist"":0,""home"":1,""mots"":1,""plan"":0,""line"":80,""path"":2,""frmo"":2,""prbe"":1,""safe"":0,""estp"":0,""spc"":1,""hold"":0,""macs"":5,""cycs"":1,""sps"":12000,""feed"":185.42,""mark"":1499779243}}",5.137339020346096,0.198247461841535,0.1724526655149062,0.1899665739554281,5.137339020346096,0.198247461841535,0.1724526655149062,0.1899665739554281,-0.99183864,-0.03156256,0.0104276,-5.053460079999999,-7.910860680000002,0.3313778799999984,-13.0,36.551393280000006,66.06480291999999,99.7,31.24767636,80.2149851999992,1.919018719999981,1.5352149199999847,1.5352149199999847,4.221841519999958,1510.3316773999993,-0.9925306,0.04310024,-0.00452288,-1.5681227200000014,-0.77452364,0.8940958799999998,-31.0,35.87443596000001,-38.12556403999999,99.8,31.32874448,77.26068124,69.70606148000009,65.39520428000009,68.1365760400001,210.0389429600003,1376.5393504400006,-0.99513468,0.12062488,-0.01586532,2.7986035200000003,1.6937732800000005,3.8843022,-6.134552599999997,31.0,37.11506195999999,99.7,31.52509732,105.89494375999992,2.4512721199999983,1.961017439999999,1.961017439999999,5.392797919999997,1173.9926245200006,-0.7961728000000007,0.5843583599999993,-0.0114238399999998,2.9893404,1.05814988,1.4334342000000002,10.777903160000006,-3.9312343199999953,6.6313433199999885,99.7,36.2,63.01229747999928,80.61316919999909,63.38095415999928,54.72820671999937,181.564523039998,2406.701550719998,-1.0089622,-0.0090629999999999,0.00505264,0.3384417599999971,1.8453423200000008,4.81420312,9.745383680000009,-14.254616319999991,23.63705567999999,99.8,31.17,148.56096072000125,115.850290440001,106.99115064000092,126.07237456000108,340.7361475600029,1265.6465716399998,-1.00664704,-0.07889404,0.02407212,5.360125400000002,1.620009199999999,1.89639272,-3.02400192,16.0,-95.02400192,99.8,30.73270564,42.56843363999904,35.9613701199992,41.55817303999906,23.00035191999949,89.91542567999797,1410.401189119998,80,X1.6498 Y1.5765 Z0.0834
14:09:05.973,5,83,1.64679,1.60127,0.08253,89.38956,57.55742,-23.89616,,185.42,0,0,,2,1,"{""sr"":{""mpox"":89.38956,""mpoy"":57.55742,""mpoz"":-23.89616,""mpoa"":0,""posx"":1.64679,""posy"":1.60127,""posz"":0.08253,""posa"":0,""unit"":0,""stat"":5,""coor"":2,""momo"":1,""dist"":0,""home"":1,""mots"":1,""plan"":0,""line"":83,""path"":2,""frmo"":2,""prbe"":1,""safe"":0,""estp"":0,""spc"":1,""hold"":0,""macs"":5,""cycs"":1,""sps"":12000,""feed"":185.42,""mark"":1499779243}}",5.031524251514983,0.1921386394652222,0.2030770071369675,0.1994263160837458,5.031524251514983,0.1921386394652222,0.2030770071369675,0.1994263160837458,-0.99832852,-0.0420062600000001,0.02447206,-5.05709286,-7.7508262,0.3491487000000001,-12.69118726,36.96744202,66.30881274,99.7,31.24626024,145.14932950000042,3.455936300000009,2.7647490400000074,2.7647490400000074,7.603059860000019,1891.329678780001,-0.99373848,0.04718628,-0.01514548,-1.6085129800000004,-0.9326409800000004,0.8940097199999997,-32.0,36.06225114,-39.39831984,99.8,31.32539472,69.08562331999994,60.33477713999995,57.57135283999995,59.41363589999995,183.76775715999983,1593.17027404,-0.9884662,0.13486926,-0.0040355399999999,2.83358628,1.61832446,3.9084402,-6.0,31.44648362,37.44648362,99.7,31.52865922,111.50072666000004,2.5675966000000003,2.054077480000001,2.054077480000001,5.648712320000001,1555.9522395400004,-0.8069833599999997,0.5030968400000002,-0.0032547799999997,2.009598339999993,1.50858252,1.4959950999999996,8.462694659999988,6.285527599999998,8.623957439999952,99.7,36.20888714,115.74454284000036,155.75500292000046,122.17479572000036,105.7419286800003,350.091519260001,2386.23575254,-1.00729298,-0.0033957,-0.0051817399999999,0.4382466599999991,1.8716530600000003,4.7047515,10.0,-14.07788676,24.0,99.8,31.18744332,40.57643247999943,34.4827726999995,32.01415433999954,37.64643193999945,101.54690871999856,1517.4698118400013,-1.01184866,-0.08423088,0.04155566,5.147457939999999,1.7637269600000005,1.90618418,-3.0324228600000005,16.0,-94.86473816,99.8,30.73064844,85.72846038000034,104.0393934200004,119.85338156000046,67.41752720000026,260.514641200001,1686.9081836600014,83,X1.6466 Y1.6022 Z0.0825
14:09:06.230,5,87,1.63584,1.63066,0.08144,89.11136,58.30411,-23.92388,,185.42,0,0,,2,1,"{""sr"":{""mpox"":89.11136,""mpoy"":58.30411,""mpoz"":-23.92388,""mpoa"":0,""posx"":1.63584,""posy"":1.63066,""posz"":0.08144,""posa"":0,""unit"":0,""stat"":5,""coor"":2,""momo"":1,""dist"":0,""home"":1,""mots"":1,""plan"":0,""line"":87,""path"":2,""frmo"":2,""prbe"":1,""safe"":0,""estp"":0,""spc"":1,""hold"":0,""macs"":5,""cycs"":1,""sps"":12000,""feed"":185.42,""mark"":1499779243}}",5.071124147064008,0.2001330736231055,0.2026850385252255,0.2144373183923924,5.071124147064008,0.2001330736231055,0.2026850385252255,0.2144373183923924,-1.015205,-0.022157,0.021217,-5.00867,-7.756918,0.454927,-13.0,36.771092,66.0,99.7,31.237711,47.841758,1.14454,0.915632,0.915632,2.517987,1590.240686,-0.994756,0.041184,-0.006711,-1.546026,-0.704991,0.970017,-32.0,36.0,-38.442764,99.8,31.33,89.157769,72.440687,69.654507,71.883451,221.77995,1325.516016,-1.030157,0.138157,-0.020095,2.867022,1.709,3.963044,-6.483788,31.0,36.967576,99.7,31.514838,105.465762,2.41894,1.935152,1.935152,5.321667,1214.446214,-0.991117,0.298212,0.00771,2.639785,1.331645,1.331645,11.389606,-5.151495,17.151495,99.7,36.222035,32.961269,44.355288,34.588986,30.112764,99.494201,2086.137929,-1.005827,-0.01922,-0.021526,0.381862,1.573587,4.816713,9.0,-14.91332,23.0,99.8,31.200867,196.36378,151.611104,141.564585,167.137543,449.353394,1297.331991,-1.007816,-0.077184,0.013442,5.063751,1.656996,2.131502,-4.0,16.0,-95.963132,99.8,30.73,4.424192,4.719139,5.345899,3.060066,11.72411,1510.649129,87,X1.6339 Y1.6343 Z0.0813
14:09:06.488,5,91,1.61777,1.65605,0.08036,88.6524,58.94884,-23.9514,,185.42,0,0,,2,1,"{""sr"":{""mpox"":88.6524,""mpoy"":58.94884,""mpoz"":-23.9514,""mpoa"":0,""posx"":1.61777,""posy"":1.65605,""posz"":0.08036,""posa"":0,""unit"":0,""stat"":5,""coor"":2,""momo"":1,""dist"":0,""home"":1,""mots"":1,""plan"":0,""line"":91,""path"":2,""frmo"":2,""prbe"":1,""safe"":0,""estp"":0,""spc"":1,""hold"":0,""macs"":5,""cycs"":1,""sps"":12000,""feed"":185.42,""mark"":1499779243}}",5.16534217948689,0.1874360915833005,0.1893183575573874,0.1924054147417797,5.16534217948689,0.1874360915833005,0.1893183575573874,0.1924054147417797,-0.9851839200000008,-0.0304489999999997,0.0052160000000004,-5.282974919999993,-7.642742360000004,0.5072424799999973,-12.317154760000008,37.0,66.19468932,99.7,31.24634268,144.08038851999825,3.4142268799999584,2.7313817999999666,2.7313817999999666,7.511299999999908,1442.729585680001,-0.99139012,0.0433314400000001,-0.0066801600000001,-1.580569400000002,-0.7483998400000016,0.8998547599999991,-31.91087039999999,36.0,-38.5380658,99.8,31.34,74.56598180000026,60.05147072000023,58.20373276000022,59.58953552000023,184.31182028000072,1428.156374240001,-1.0149098800000005,0.1302559199999999,-0.0032820399999999,2.6699733200000013,1.7250266799999985,3.90444616,-6.083334240000008,31.40392827999999,37.83333151999999,99.7,31.51487284,111.26407511999986,2.563688079999997,2.050950599999997,2.050950599999997,5.640114479999993,1193.034809440004,-0.8789076800000007,0.2614415999999988,-0.0202577200000001,2.4314819599999837,1.774634840000006,1.365472880000003,7.333886720000012,8.944831839999955,-8.219634760000108,99.7,36.22,115.23219999999849,152.376428639998,119.52462931999844,103.44821711999865,341.7985023599955,1832.4389566400016,-1.0020972,-0.00943748,-0.0114045199999999,0.4498402799999905,1.7255294800000045,4.888913119999996,9.781202079999987,-14.767262719999986,23.767262719999987,99.8,31.21013936,42.00912736000248,36.53918892000216,33.913618240002,40.03994944000236,107.86718608000636,1200.4581047599988,-1.0123876799999998,-0.0807375599999999,0.0447823999999998,5.016960240000001,1.6099107200000018,1.875812840000004,-3.185037040000015,15.9944832,-94.9944832,99.8,30.72185032,120.51124167999784,105.84190587999812,119.79006431999788,68.92031111999877,262.5590817599953,1327.2493546800015,91,X1.6126 Y1.6613 Z0.0801
14:09:06.745,5,94,1.59352,1.67596,0.07927,88.03659,59.45451,-23.97913,,185.42,0,0,,2,1,"{""sr"":{""mpox"":88.03659,""mpoy"":59.45451,""mpoz"":-23.97913,""mpoa"":0,""posx"":1.59352,""posy"":1.67596,""posz"":0.07927,""posa"":0,""unit"":0,""stat"":5,""coor"":2,""momo"":1,""dist"":0,""home"":1,""mots"":1,""plan"":0,""line"":94,""path"":2,""frmo"":2,""prbe"":1,""safe"":0,""estp"":0,""spc"":1,""hold"":0,""macs"":5,""cycs"":1,""sps"":12000,""feed"":185.42,""mark"":1499779243}}",5.192767802032548,0.2016917409486269,0.2201746337617551,0.2163103758452444,5.192767802032548,0.2016917409486269,0.2201746337617551,0.2163103758452444,-1.0020134000000005,-0.0353355999999997,0.0140132,-5.149317800000001,-7.928121099999999,0.2589904000000011,-13.0,37.0,66.62287200000002,99.7,31.2553953,82.2923760000008,1.963209200000019,1.5705674000000152,1.5705674000000152,4.319060500000042,2057.183098600001,-0.9883149,0.0426229999999999,-0.0018836,-1.5042195000000005,-0.8763033999999997,0.947886,-32.0,36.5227204,-38.1202219,99.8,31.35,73.7035748999999,67.4309303999999,65.8627691999999,67.9536507999999,208.5654363999997,1361.9194340999998,-0.9895325,0.1132633999999999,-0.0135446999999999,2.8580422000000003,1.6275460000000002,3.8113889000000007,-7.0,31.6646916,37.1556775,99.7,31.5135333,107.03495120000004,2.454930200000001,1.963944300000001,1.963944300000001,5.400846600000003,1529.1813727,-0.9196592,0.2901680999999997,-0.0165936999999999,2.203877399999999,1.4501921000000015,1.485196200000001,9.835660300000024,11.184276000000036,12.16674480000004,99.7,36.2206087,63.9299889000007,83.45351770000092,65.84406020000071,56.656516800000624,187.57900860000208,2382.573427399997,-1.0070921,-0.0084608,0.0063853999999998,0.4222263999999999,1.8333282999999976,4.6201157,9.638247399999994,-14.0260859,22.36175260000001,99.8,31.220261,110.62016839999907,110.94367309999902,102.97167269999908,121.57300739999891,326.8520191999972,1248.6181551000009,-1.0060675,-0.0789766999999999,0.0219491999999998,5.003252600000001,1.792871899999999,2.059057099999998,-3.9887431,16.0,-95.6363088,99.8,30.7268745,45.31627590000096,40.628385800000856,45.62880220000096,26.25218780000056,100.63338530000212,1557.8080690999984,94,X1.5919 Y1.677 Z0.0792
14:09:07.003,5,98,1.56517,1.68863,0.07818,87.3165,59.77653,-24.00665,,185.42,0,0,,2,1,"{""sr"":{""mpox"":87.3165,""mpoy"":59.77653,""mpoz"":-24.00665,""mpoa"":0,""posx"":1.56517,""posy"":1.68863,""posz"":0.07818,""posa"":0,""unit"":0,""stat"":5,""coor"":2,""momo"":1,""dist"":0,""home"":1,""mots"":1,""plan"":0,""line"":98,""path"":2,""frmo"":2,""prbe"":1,""safe"":0,""estp"":0,""spc"":1,""hold"":0,""macs"":5,""cycs"":1,""sps"":12000,""feed"":185.42,""mark"":1499779243}}",5.179138605202881,0.2029854120462852,0.2076133010436585,0.2105384684526853,5.179138605202881,0.2029854120462852,0.2076133010436585,0.2105384684526853,-1.01119674,-0.0246872199999999,0.0276550599999999,-5.17885332,-7.837921480000004,0.4309938599999982,-13.0,37.0,67.0,99.7,31.26107738,108.91378754000144,2.6055930400000347,2.0844744800000274,2.0844744800000274,5.7323047200000765,1399.131649980005,-0.99473814,0.0381499000000001,0.0042049,-1.67828462,-0.9008887199999986,0.9003256999999995,-31.75835918,36.0,-39.50352884,99.8,31.36,70.68781215999987,64.04480155999983,63.05185869999983,64.54127271999982,198.34688963999943,1305.735015060004,-1.01083208,0.13484894,-0.00889674,2.7948048800000014,1.6147154799999983,3.8740398,-7.0,31.0,37.76196702000001,99.7,31.5,110.4885507200001,2.5111032400000024,2.008882700000002,2.008882700000002,5.524427560000006,1288.8127451600071,-1.0066871399999988,0.2213357000000001,0.0394354600000002,2.491799620000021,1.3446129199999943,1.5700013800000026,6.184842079999962,-6.787681179999863,3.401727819999895,99.7,36.23475834,86.33687668000124,114.79016982000168,89.7245025400013,77.57509166000112,256.8364520800037,1532.8762349600097,-1.00540496,-0.0076064400000001,-0.0044563999999997,0.3180179799999955,1.8340475799999985,4.7253047200000005,10.0,-14.04012626,23.959873740000003,99.8,31.23009856,95.7468695599978,77.62003515999822,72.04254765999835,84.59189447999807,228.2121993199948,965.6623723000024,-1.0042257,-0.0757463800000001,0.0351807600000003,5.476187119999994,1.5642113200000023,2.039856419999998,-3.98323714,16.01676286,-95.5365485,99.8,30.71960446,75.78733072000163,70.28787330000156,78.87265168000174,45.606635240001005,172.7686661200038,1161.5919653000087,98,X1.5601 Y1.6901 Z0.078
14:09:07.260,5,102,1.53416,1.6937,0.07699,86.52882,59.90515,-24.03691,,185.42,0,0,,2,1,"{""sr"":{""mpox"":86.52882,""mpoy"":59.90515,""mpoz"":-24.03691,""mpoa"":0,""posx"":1.53416,""posy"":1.6937,""posz"":0.07699,""posa"":0,""unit"":0,""stat"":5,""coor"":2,""momo"":1,""dist"":0,""home"":1,""mots"":1,""plan"":0,""line"":102,""path"":2,""frmo"":2,""prbe"":1,""safe"":0,""estp"":0,""spc"":1,""hold"":0,""macs"":5,""cycs"":1,""sps"":12000,""feed"":185.42,""mark"":1499779243}}",5.289156372713971,0.2070846966003764,0.2129068419327198,0.2079454725093467,5.289156372713971,0.2070846966003764,0.2129068419327198,0.2079454725093467,-1.026051,-0.0338116,0.0066529999999999,-5.022988600000005,-7.827430999999994,0.3788518000000035,-12.0,37.0,66.11033420000001,99.7,31.2546098,114.74119600000157,2.775835800000038,2.2206684000000303,2.2206684000000303,6.106838400000084,1687.9917244000037,-0.993759,0.0336300000000001,0.0101616,-1.624530000000002,-0.7727907999999996,0.905121199999999,-32.0,36.0,-38.35802719999999,99.8,31.3651032,76.88089899999977,63.16965559999981,61.70059379999981,63.65934299999981,195.3852139999994,1633.1331018000044,-0.9933859999999998,0.1095849999999999,-0.0099961999999999,2.7783956,1.5942526000000008,3.943454000000001,-6.504895,31.192999999999994,36.37621059999999,99.7,31.5,110.26001620000012,2.524473000000002,2.0195780000000023,2.0195780000000023,5.553840600000006,1416.3040244000035,-1.0031179999999993,0.2832350000000002,-0.0119678000000002,1.8953328000000011,1.682841600000005,1.4996033999999996,12.378093399999983,9.407490000000056,14.174621599999869,99.7,36.23,92.48136640000138,121.4514330000018,95.26694920000143,82.45326620000124,272.9871652000041,2242.399995400011,-1.0109912,-0.0048606000000001,0.0343346000000009,0.3745739999999964,1.828288400000001,4.796522800000001,9.052285200000002,-14.365369599999989,23.0522852,99.8,31.24,100.75936299999718,69.33068739999804,64.3188299999982,76.01316279999787,204.59853819999427,1441.591700000003,-1.0043839999999995,-0.0700390000000001,0.0159969999999997,4.995957199999999,1.6619868000000018,2.084042800000001,-3.594383400000013,16.385355199999985,-96.0,99.8,30.7361464,103.42268880000228,77.86420820000173,87.37434060000193,50.52257780000112,191.39141220000425,1590.2688992000085,102,X1.5258 Y1.6936 Z0.0767
14:09:07.517,5,105,1.50323,1.69039,0.07591,85.74325,59.82105,-24.06443,,185.42,0,0,,2,1,"{""sr"":{""mpox"":85.74325,""mpoy"":59.82105,""mpoz"":-24.06443,""mpoa"":0,""posx"":1.50323,""posy"":1.69039,""posz"":0.07591,""posa"":0,""unit"":0,""stat"":5,""coor"":2,""momo"":1,""dist"":0,""home"":1,""mots"":1,""plan"":0,""line"":105,""path"":2,""frmo"":2,""prbe"":1,""safe"":0,""estp"":0,""spc"":1,""hold"":0,""macs"":5,""cycs"":1,""sps"":12000,""feed"":185.42,""mark"":1499779243}}",5.454570123750561,0.2024108867081781,0.2030933712207893,0.1977735623836687,5.454570123750561,0.2024108867081781,0.2030933712207893,0.1977735623836687,-1.00945638,-0.0391253799999998,0.00973524,-5.34611832,-7.6772089600000015,0.5136462199999993,-13.310427079999998,37.0,66.0595764,99.7,31.26,76.96064813999935,1.8500156599999844,1.4800121799999877,1.4800121799999877,4.070034059999966,1794.944554359999,-0.99130766,0.0414238399999999,-0.0141806,-1.5830772800000004,-0.7925894200000003,0.97389856,-31.1151527,35.1151527,-38.525422760000005,99.8,31.37,74.17077330000004,67.77949292000008,66.20322564000007,67.77949292000008,209.11812616000023,1568.2860794399971,-1.01878058,0.1284752599999999,-0.00641736,2.747,1.6492733000000002,3.99686372,-7.0,31.12491596,37.02087492,99.7,31.4938554,106.23509637999996,2.447812959999999,1.958250419999999,1.958250419999999,5.874751739999997,1772.0766262199993,-0.7897207799999995,0.457659860000002,-0.0184360200000003,2.2979357400000016,1.134878059999997,1.4005441000000003,8.678880720000015,0.26207430000006,-4.747986760000071,99.7,36.2,59.07664053999944,78.25247457999927,61.38152811999942,53.12553325999949,175.88858949999835,1878.539896819999,-1.01632438,-0.0122321399999999,-0.00267958,0.2218345599999986,1.782600099999999,4.754352600000001,10.0,-14.06421942,23.36585888,99.8,31.24064232,134.78362150000092,115.22952134000076,107.54755288000074,126.40329350000086,340.8000387200023,1329.4428478399975,-1.0141712200000002,-0.07463298,0.0130200200000002,5.363034780000001,1.6952050600000004,2.090019780000001,-3.0,15.9748918,-95.25125802,99.8,30.74251264,40.6260468999992,35.92764343999931,40.34950687999921,23.21478529999955,88.99000919999831,1310.1143461199997,105,X1.5002 Y1.6897 Z0.0758
14:09:07.774,5,109,1.47402,1.67911,0.07482,85.00115,59.53452,-24.09216,,185.42,0,0,,2,1,"{""sr"":{""mpox"":85.00115,""mpoy"":59.53452,""mpoz"":-24.09216,""mpoa"":0,""posx"":1.47402,""posy"":1.67911,""posz"":0.07482,""posa"":0,""unit"":0,""stat"":5,""coor"":2,""momo"":1,""dist"":0,""home"":1,""mots"":1,""plan"":0,""line"":109,""path"":2,""frmo"":2,""prbe"":1,""safe"":0,""estp"":0,""spc"":1,""hold"":0,""macs"":5,""cycs"":1,""sps"":12000,""feed"":185.42,""mark"":1499779243}}",5.290007934917693,0.2207305562432581,0.2188656556497851,0.2070467765727353,5.290007934917693,0.2207305562432581,0.2188656556497851,0.2070467765727353,-1.01293624,-0.02952616,0.0175151599999999,-5.433438119999997,-7.727107040000001,0.4909987199999996,-12.70128616,37.29871384,66.08205408,99.7,31.25347896,144.5197087599997,3.506432439999992,2.8051455199999937,2.8051455199999937,7.714151159999983,1442.4787983200004,-0.99038072,0.0434651599999999,-0.00743064,-1.4945427200000003,-0.793,0.854,-31.51257768,35.05342172,-39.51257768000001,99.8,31.37512568,67.03679032000005,59.23113640000004,57.85366840000004,59.23113640000004,182.28497104000013,1977.15824468,-0.99870704,0.11211612,-0.0112022,2.8235819599999994,1.62010292,3.82237604,-7.0,31.51422388,36.1148916,99.7,31.49086472,111.98590783999995,2.5711194,2.05689552,2.05689552,6.170686559999999,1412.063233479999,-0.77851332,0.60848976,-0.1095127999999998,2.2642473200000004,1.4814039599999995,1.5248081999999994,9.467285080000003,19.55737116000001,-6.656373359999966,99.7,36.18,117.99194919999974,157.8051830799996,123.05908803999972,107.13379415999977,354.6997243199992,2034.6441342800003,-1.0063141599999998,-0.01079492,-0.0051778,0.6423079199999979,1.665288160000001,4.68855104,9.0,-14.0,24.733673,99.8,31.25,32.6756526400004,30.96863764000037,28.716373000000345,33.893018600000424,91.21671572000112,1515.0684061200004,-1.00118052,-0.0748340399999999,0.01569308,5.20311728,1.7160749600000005,2.03217052,-3.03295952,15.884017719999996,-94.8510582,99.8,30.7491702,171.91382027999947,109.78654879999966,124.2545431999996,71.48891567999978,273.1897840799992,1232.36050036,109,X1.4686 Y1.676 Z0.0746
14:09:08.032,5,112,1.44891,1.66064,0.07373,84.36347,59.06561,-24.11967,,185.42,0,0,,2,1,"{""sr"":{""mpox"":84.36347,""mpoy"":59.06561,""mpoz"":-24.11967,""mpoa"":0,""posx"":1.44891,""posy"":1.66064,""posz"":0.07373,""posa"":0,""unit"":0,""stat"":5,""coor"":2,""momo"":1,""dist"":0,""home"":1,""mots"":1,""plan"":0,""line"":112,""path"":2,""frmo"":2,""prbe"":1,""safe"":0,""estp"":0,""spc"":1,""hold"":0,""macs"":5,""cycs"":1,""sps"":12000,""feed"":185.42,""mark"":1499779243}}",5.170572017210254,0.2002531991123383,0.2030032277778225,0.2064144973661035,5.170572017210254,0.2002531991123383,0.2030032277778225,0.2064144973661035,-1.0255007200000006,-0.0377106799999997,0.0187882800000001,-5.254941160000003,-7.8368913199999986,0.3717753199999998,-12.279974239999971,37.21866880000001,65.27997423999997,99.7,31.26720008,51.48275515999757,1.2466056799999423,0.997284159999954,0.997284159999954,2.742531959999873,1881.572783959998,-0.98998332,0.0358161999999999,-0.0025395600000001,-1.4326327999999993,-0.8267264800000002,1.0338998800000023,-31.552889760000003,35.02228335999999,-38.82737040000003,99.8,31.37447084,89.5681256400004,71.32276668000031,69.1112086000003,70.76987692000031,218.94430780000096,1506.5470372000018,-1.0140211200000002,0.12537788,-0.01102244,2.777212440000001,1.6217097199999997,3.9374808,-7.0,31.02079243999999,35.48392716,99.7,31.4888472,104.99143535999984,2.419636719999996,2.398844280000007,1.935709559999997,5.80712775999999,1336.3114040799985,-0.8645693599999987,0.8596505599999998,0.0100159199999994,2.038645640000006,1.4238519200000024,1.4503384400000012,12.30343552000005,4.590660160000216,10.43383431999977,99.7,36.16008164,37.187880319997895,48.83709599999724,38.53202119999782,33.15545951999812,109.77145531999378,4012.879997320013,-1.00714812,-0.0113949599999999,0.00236168,0.5961019200000105,1.8696153200000032,4.722384679999997,10.0,-15.0,24.126931839999983,99.8,31.24126976,205.97644492000413,143.75008860000287,134.10485792000267,157.77103052000314,424.2346100400085,1471.8557066400017,-0.9958301599999998,-0.07384624,0.0272997599999999,5.356631960000004,1.6528441199999988,2.0658067200000025,-3.924647040000021,16.0,-94.07535296,99.8,30.75,15.169587479995938,9.471742679997464,10.729708639997128,6.067835159998376,23.5313609199937,2321.452652680005,112,X1.4482 Y1.66 Z0.0737
14:09:08.290,5,116,1.42932,1.63609,0.07264,83.86598,58.44204,-24.1474,,185.42,0,0,,2,1,"{""sr"":{""mpox"":83.86598,""mpoy"":58.44204,""mpoz"":-24.1474,""mpoa"":0,""posx"":1.42932,""posy"":1.63609,""posz"":0.07264,""posa"":0,""unit"":0,""stat"":5,""coor"":2,""momo"":1,""dist"":0,""home"":1,""mots"":1,""plan"":0,""line"":116,""path"":2,""frmo"":2,""prbe"":1,""safe"":0,""estp"":0,""spc"":1,""hold"":0,""macs"":5,""cycs"":1,""sps"":12000,""feed"":185.42,""mark"":1499779243}}",5.158969925463588,0.1883782461116262,0.1947545668692682,0.2023747217948688,5.158969925463588,0.1883782461116262,0.1947545668692682,0.2023747217948688,-1.0418712,-0.0324324,0.0117748,-5.127436400000001,-7.81891,0.4485474,-12.339464,37.1536512,66.9678384,99.7,31.2352526,136.7310224,3.302682,2.6421452,2.6421452,7.265899399999999,1476.2809152,-0.9907796,0.0481844,-0.014506,-1.428808,-0.8013745999999999,1.013192,-31.641637600000003,36.0,-38.4688982,99.8,31.37,65.7027382,60.4878346,58.1433446,60.0189364,185.1041514,1236.2056934,-0.9266782,0.072215,-0.0083848,2.8840102,1.7415782,3.8620932,-7.3844288,31.1042152,37.0,99.7,31.4851138,110.4528064,2.556778,2.556778,2.045422,6.136267,1256.0590026,-1.005855,0.104359,0.0163906,2.3756728,1.4464670000000002,1.5864274,5.460998200000001,0.7190607999999999,8.3179338,99.7,36.156774,109.7836316,147.677494,115.880409,100.935535,332.6130714,1923.0346088,-0.997128,-0.017131,-0.007967,0.2484694,1.608105,4.7445304,10.0,-14.0,22.5226504,99.8,31.2425268,49.0162804,41.1837822,38.404508400000005,45.2263622,121.5300564,1240.1035458,-1.0016708,-0.066693,0.0494734,5.2351496,1.803896,2.013589,-3.0,15.2203126,-95.9932614,99.8,30.75,151.299752,98.2338508,113.0546466,63.1546648,246.3676836,1202.9047786,116,X1.4272 Y1.6326 Z0.0725
14:09:08.546,5,120,1.41689,1.60763,0.07156,83.55025,57.71913,-24.17492,,185.42,0,0,,2,1,"{""sr"":{""mpox"":83.55025,""mpoy"":57.71913,""mpoz"":-24.17492,""mpoa"":0,""posx"":1.41689,""posy"":1.60763,""posz"":0.07156,""posa"":0,""unit"":0,""stat"":5,""coor"":2,""momo"":1,""dist"":0,""home"":1,""mots"":1,""plan"":0,""line"":120,""path"":2,""frmo"":2,""prbe"":1,""safe"":0,""estp"":0,""spc"":1,""hold"":0,""macs"":5,""cycs"":1,""sps"":12000,""feed"":185.42,""mark"":1499779243}}",5.522461710985186,0.2032136394499459,0.2001708690410201,0.2050655328553307,5.522461710985186,0.2032136394499459,0.2001708690410201,0.2050655328553307,-1.0032654000000003,-0.02284996,0.0086934000000001,-5.057463720000003,-7.869316519999998,0.5248423600000021,-12.754199359999994,37.245800640000006,66.0,99.7,31.24156264,83.3156316800008,2.010292280000019,1.6082337600000152,1.6082337600000152,4.422642080000042,1147.310077720001,-0.99202032,0.042,-0.00126024,-1.52825208,-0.7003738,0.9823453999999996,-31.481540520000003,35.48154052,-38.3399654,99.8,31.38696924,85.54583823999987,66.8812915199999,63.7705335599999,65.8443721999999,204.27309199999968,1028.5035910400002,-1.01909024,0.1056966400000001,-0.00897844,2.76789092,1.7292646400000005,4.02904648,-7.166104960000004,31.32531744,35.81673984,99.7,31.48,106.46565752000004,2.457112040000001,2.457112040000001,1.965689640000001,5.897068560000004,861.3025043599996,-0.9732109999999998,0.1676913600000011,0.0013476799999998,3.268346959999996,1.6190358400000004,1.526,11.684399799999984,-4.148690639999929,7.839583479999966,99.7,36.17525208,65.9999916400007,86.15567804000092,67.97603900000071,58.49101016000062,193.65266984000203,1563.30054796,-1.00188576,-0.00700292,-0.0021401199999999,0.4034121599999976,1.7649203600000007,4.71980248,9.97142528,-14.0,23.353201920000007,99.8,31.26,129.72843639999877,104.78132091999906,97.66654003999912,115.13009319999895,309.7877994799972,982.0847492000004,-1.00170068,-0.0757078,0.0229341599999999,5.13144672,1.8700422799999985,1.9331086400000008,-3.330878440000007,16.0,-96.0,99.8,30.75,61.54342660000123,41.02895084000082,47.64652380000095,26.13941236000052,102.90325624000204,957.3800755199986,120,X1.415 Y1.6004 Z0.0713
14:09:08.805,5,123,1.41237,1.57653,0.07047,83.43524,56.92919,-24.20265,,185.42,0,0,,2,1,"{""sr"":{""mpox"":83.43524,""mpoy"":56.92919,""mpoz"":-24.20265,""mpoa"":0,""posx"":1.41237,""posy"":1.57653,""posz"":0.07047,""posa"":0,""unit"":0,""stat"":5,""coor"":2,""momo"":1,""dist"":0,""home"":1,""mots"":1,""plan"":0,""line"":123,""path"":2,""frmo"":2,""prbe"":1,""safe"":0,""estp"":0,""spc"":1,""hold"":0,""macs"":5,""cycs"":1,""sps"":12000,""feed"":185.42,""mark"":1499779243}}",5.3024930847479546,0.1976315287921408,0.2012012217076182,0.1822322583171054,5.3024930847479546,0.1976315287921408,0.2012012217076182,0.1822322583171054,-1.0304060000000002,-0.0961514999999995,0.0204555000000001,-5.289877999999997,-7.699305999999996,0.5119339999999986,-13.268469000000016,38.0,65.8853965,99.7,31.2311925,103.47867649999804,2.511618499999952,2.009294499999962,2.009294499999962,5.525560499999895,1510.6834564999997,-0.9904955,0.0464995,-0.0176509999999998,-1.4888235000000023,-0.7963875000000008,0.9904814999999992,-31.778012000000007,35.500487,-37.500487,99.8,31.382785,80.69141500000036,64.56281150000027,61.059403000000245,63.56183750000025,196.4128560000008,1343.1054279999992,-0.990221,0.115467,-0.004494,2.8090340000000014,1.6592299999999962,3.950261499999998,-7.0,31.49931,36.241866,99.7,31.487412,109.65102699999986,2.503447999999997,2.503447999999997,2.002758499999997,6.008275499999992,1256.6081834999995,-0.9875225000000022,0.260610999999999,-0.0209984999999986,2.8646755000000046,1.313608500000008,1.526,8.796530499999973,17.27715400000004,-10.378065500000064,99.7,36.1810255,82.63583999999827,108.5760919999977,85.1399564999982,73.62102099999845,244.19664099999488,1762.3529204999963,-1.0115575,0.0008855000000002,0.006223,0.3970304999999955,1.886473,4.722527999999997,10.0,-14.0,24.456438499999983,99.8,31.2550175,95.6658930000028,80.21983750000234,74.73897900000219,88.19199550000258,237.17169400000697,1049.686483000001,-1.0035375000000002,-0.0801849999999999,0.0379379999999996,5.096529500000001,1.615229499999999,1.9552415,-3.981627,15.981627,-95.018373,99.8,30.75,79.6254849999974,60.922839499997984,71.41272049999765,38.944041499998725,153.33369449999495,1122.7796489999987,123,X1.4123 Y1.5746 Z0.0704
14:09:09.060,5,127,1.41606,1.54563,0.06938,83.52894,56.14433,-24.23016,,185.42,0,0,,2,1,"{""sr"":{""mpox"":83.52894,""mpoy"":56.14433,""mpoz"":-24.23016,""mpoa"":0,""posx"":1.41606,""posy"":1.54563,""posz"":0.06938,""posa"":0,""unit"":0,""stat"":5,""coor"":2,""momo"":1,""dist"":0,""home"":1,""mots"":1,""plan"":0,""line"":127,""path"":2,""frmo"":2,""prbe"":1,""safe"":0,""estp"":0,""spc"":1,""hold"":0,""macs"":5,""cycs"":1,""sps"":12000,""feed"":185.42,""mark"":1499779243}}",5.173247651786597,0.1966434424179914,0.1994257876461375,0.2067033956336146,5.173247651786597,0.1966434424179914,0.1994257876461375,0.2067033956336146,-1.0162534,-0.0177394,0.0155893999999999,-5.310632,-7.6235756,0.5320444000000001,-12.5389396,37.4610604,65.9852256,99.7,31.2489254,114.7092598,2.7685706,2.2148566,2.2148566,6.0908548,1577.1741502,-0.988113,0.0502697999999999,0.0055692,-1.523444,-0.7754204,0.9061676,-31.510537,35.1772856,-39.468388,99.8,31.3866676,76.84564920000001,63.1406928,59.2249906,61.6723042,191.3799298,1489.7052854,-1.0163586,0.1238736,-0.0169169999999999,2.8074656,1.6099996,3.932768,-5.5081622,21.8397478,25.0894474,99.7,31.4868854,108.1305368,2.5219072,2.5219072,2.0175258,6.0525776,1094.080936,-0.9198738,0.4369786,-0.0288807999999999,2.8693228,1.480818,1.4011636,10.2885734,9.3594276,11.9220354,99.7,36.1987772,93.5040684,120.3794892,95.18378219999998,81.1861672,270.4339226,1917.1791936,-1.0093758,-0.0004795999999999,0.0122493999999999,0.3354136,1.7694562,4.8641004,9.4191586,-14.0,23.3668068,99.8,31.27,75.0304746,67.065428,62.87383860000001,73.7719706,199.1004888,1275.9515992,-1.0133056,-0.0786348,0.025619,5.102272,1.8512244,1.9789568,-3.0,15.385234,-95.0,99.8,30.75,113.572678,71.3545622,84.436232,45.1912228,180.1702692,1367.5982780000002,127,X1.4174 Y1.5405 Z0.0692
14:09:09.319,5,131,1.42772,1.5165,0.06829,83.82534,55.40428,-24.25789,,185.42,0,0,,2,1,"{""sr"":{""mpox"":83.82534,""mpoy"":55.40428,""mpoz"":-24.25789,""mpoa"":0,""posx"":1.42772,""posy"":1.5165,""posz"":0.06829,""posa"":0,""unit"":0,""stat"":5,""coor"":2,""momo"":1,""dist"":0,""home"":1,""mots"":1,""plan"":0,""line"":131,""path"":2,""frmo"":2,""prbe"":1,""safe"":0,""estp"":0,""spc"":1,""hold"":0,""macs"":5,""cycs"":1,""sps"":12000,""feed"":185.42,""mark"":1499779243}}",5.3349470054733885,0.2065496808426326,0.20483188400777,0.2062006281311924,5.3349470054733885,0.2065496808426326,0.20483188400777,0.2062006281311924,-0.9918907000000003,-0.0450967400000001,0.01246096,-5.05715856,-7.937926800000002,0.3355754599999992,-13.0,37.651458080000005,66.05089942,99.7,31.25302916,72.1482034199988,1.742710159999971,1.3941682399999769,1.3941682399999769,3.833962239999937,1483.9108940399988,-0.98889068,0.0365648,-0.0061737799999999,-1.404,-0.7664807799999996,0.96697426,-31.565263099999992,36.46750192,-37.63025904,99.8,31.38434772,83.04675066000006,68.69224444000015,64.43226046000015,67.09475042000015,207.6742279000005,1241.070714159999,-1.0086177800000002,0.1206995600000001,-0.0082438999999999,2.766336019999999,1.6842022399999996,3.9541093200000006,-7.406519620000005,31.593480379999995,35.89433906000001,99.7,31.47512202,104.88121653999993,2.439097979999998,2.439097979999998,1.951278539999998,5.853835399999994,1121.6968112999991,-0.9378884200000004,0.2079657399999985,-0.0080290400000005,2.5165595400000043,1.5481528599999983,1.4468721199999968,7.81610416,-0.3304564400001505,-0.2451381999999385,99.7,36.18160368,57.91219923999894,71.67199751999865,56.60078329999893,48.5628021999991,160.934140879997,2276.1510536399974,-1.00585468,-0.00925276,0.00353746,0.4950468000000008,1.65219406,4.566475739999999,10.20160381999999,-14.270357699999993,24.72964230000001,99.8,31.26798392,139.36169522000168,116.7427816200014,109.44635774000132,128.41705918000156,345.8504900600042,1202.6204460399997,-1.01354182,-0.07626132,0.0216673800000002,5.316077580000003,1.6654167999999994,2.049013380000001,-3.0241729800000003,16.0,-94.02417298,99.72371784,30.74237184,41.888473799998245,28.224254219998805,33.44218423999858,17.78839551999925,71.129409539997,1465.2109409599989,131,X1.4321 Y1.5094 Z0.068
14:09:09.576,5,134,1.44653,1.49174,0.06721,84.30307,54.77541,-24.28541,,185.42,0,0,,2,1,"{""sr"":{""mpox"":84.30307,""mpoy"":54.77541,""mpoz"":-24.28541,""mpoa"":0,""posx"":1.44653,""posy"":1.49174,""posz"":0.06721,""posa"":0,""unit"":0,""stat"":5,""coor"":2,""momo"":1,""dist"":0,""home"":1,""mots"":1,""plan"":0,""line"":134,""path"":2,""frmo"":2,""prbe"":1,""safe"":0,""estp"":0,""spc"":1,""hold"":0,""macs"":5,""cycs"":1,""sps"":12000,""feed"":185.42,""mark"":1499779243}}",5.037936833352918,0.1813772987794058,0.1955662926844758,0.2001434113675023,5.037936833352918,0.1813772987794058,0.1955662926844758,0.2001434113675023,-1.01435368,-0.0409909600000001,0.0196967200000001,-5.040450079999999,-7.989310240000001,0.3172725600000006,-12.981771840000002,37.2723488,66.98177184000001,99.7,31.25272356,149.9326544000008,3.6382576800000193,2.910605560000016,2.910605560000016,8.004165560000041,1371.0514820800006,-0.98929372,0.0369143199999999,-0.0046729999999999,-1.5638516399999998,-0.7110484399999994,1.0546287600000008,-31.45034792,35.485780719999994,-37.964567200000005,99.8,31.38,73.40675103999986,58.094914079999896,54.0417799599999,56.743869399999895,175.63578607999966,1375.8017636399995,-1.01361748,0.1233649999999999,-0.01262368,2.81190184,1.7043264800000004,3.906,-7.0,31.48400916,35.56062419999999,99.7,31.47961696,113.36485136000007,2.5799559600000013,2.5799559600000013,2.063965120000001,6.191895360000004,1099.82794596,-0.8376167599999994,0.2203717199999999,-0.01296296,2.167340919999998,1.5719232000000003,1.293633599999999,12.626663079999997,6.180495200000005,21.378549680000017,99.7,36.19749764,127.45918520000072,160.44862140000092,126.70942496000072,107.9654275600006,359.884758000002,1579.513354239998,-1.0056651200000002,-0.00686364,-0.0010270799999999,0.1170565999999974,1.9429474000000024,4.75100328,9.91805836,-14.08194164,24.154692999999995,99.8,31.27,36.70815243999866,24.596161279999063,23.049233119999123,27.14399803999898,73.16971191999724,1155.6850587199997,-1.0049354,-0.0745564399999999,0.0262399599999998,5.132691599999999,1.744323480000002,2.174413520000001,-4.0,16.0,-94.11188316,99.79653804,30.75,156.30860696000116,104.7978161200008,125.22450932000096,65.72066440000049,263.770774440002,1105.5719151999988,134,X1.4487 Y1.4895 Z0.0671
14:09:09.834,5,138,1.47128,1.47243,0.06612,84.93173,54.28505,-24.31314,,185.42,0,0,,2,1,"{""sr"":{""mpox"":84.93173,""mpoy"":54.28505,""mpoz"":-24.31314,""mpoa"":0,""posx"":1.47128,""posy"":1.47243,""posz"":0.06612,""posa"":0,""unit"":0,""stat"":5,""coor"":2,""momo"":1,""dist"":0,""home"":1,""mots"":1,""plan"":0,""line"":138,""path"":2,""frmo"":2,""prbe"":1,""safe"":0,""estp"":0,""spc"":1,""hold"":0,""macs"":5,""cycs"":1,""sps"":12000,""feed"":185.42,""mark"":1499779243}}",5.419121641130244,0.1991534265436425,0.2081199740816804,0.2084470321950615,5.419121641130244,0.1991534265436425,0.2081199740816804,0.2084470321950615,-1.01449636,-0.01761628,0.0245961999999995,-4.94088872000001,-8.042535999999986,0.2401486000000111,-12.93840335999998,36.27147992000001,66.20988327999999,99.7,31.23790148,56.67765192000287,1.357398520000069,1.0859186000000554,1.0859186000000554,2.9862759600001527,1686.2380113199956,-0.9918792400000002,0.0405712799999998,-0.0043165599999996,-1.3321010000000029,-0.7541683999999985,0.8485779600000003,-31.592368240000013,36.0,-37.451850240000006,99.8,31.38955784,92.63725559999952,70.71127775999965,65.77793259999966,68.51868047999965,213.7782816399989,1355.1810490399964,-1.01909668,0.1247840400000002,-0.0046041199999999,2.760765680000003,1.709722280000001,3.9085350400000007,-7.041557920000013,31.51485764,37.04155792000002,99.7,31.46970268,105.2759765200002,2.425713800000005,2.425713800000005,1.940571440000004,5.821713320000011,1362.5177530799974,-0.8224300000000049,0.3699012399999955,-0.0231788399999982,3.602208239999982,1.321384679999993,1.4800695599999971,7.337774400000101,-5.756203639999745,-7.945564680000159,99.7,36.1925102,43.4206643200026,53.71111080000322,42.416718480002544,36.14205612000217,120.22253372000722,2253.5898239599915,-1.0056234000000004,-0.0126953999999999,-0.0065755599999995,0.2197540000000047,1.7695923999999998,4.810874919999998,10.0,-14.993317839999998,24.162327120000025,99.8,31.2700668,194.13493635999512,134.25251967999665,126.65332063999682,148.60656271999628,400.22449299999,1375.3910461999976,-1.0060800800000005,-0.0786661199999999,0.0617992799999995,5.100282360000008,1.4326628400000063,1.8586594800000056,-3.0027414400000008,16.0,-95.00548288,99.8,30.75888704,21.147619400004515,13.02248100000278,15.582455920003325,8.236441560001758,32.83446124000701,1480.0415539199953,138,X1.4767 Y1.4694 Z0.0659
14:09:10.091,5,141,1.49998,1.46038,0.06503,85.66056,53.97884,-24.34066,,185.42,0,0,,2,1,"{""sr"":{""mpox"":85.66056,""mpoy"":53.97884,""mpoz"":-24.34066,""mpoa"":0,""posx"":1.49998,""posy"":1.46038,""posz"":0.06503,""posa"":0,""unit"":0,""stat"":5,""coor"":2,""momo"":1,""dist"":0,""home"":1,""mots"":1,""plan"":0,""line"":141,""path"":2,""frmo"":2,""prbe"":1,""safe"":0,""estp"":0,""spc"":1,""hold"":0,""macs"":5,""cycs"":1,""sps"":12000,""feed"":185.42,""mark"":1499779243}}",4.994206181046001,0.1916495168936648,0.196357608773865,0.2060491600819105,4.994206181046001,0.1916495168936648,0.196357608773865,0.2060491600819105,-0.9803487800000006,-0.0208005799999999,0.0045038200000003,-5.430086419999995,-7.525507180000006,0.565969780000001,-12.0,37.0,66.18045065999999,99.7,31.24651044,135.4075394999981,3.2549888399999545,2.603990959999964,2.603990959999964,7.1609757799999,1490.5012282800003,-0.9926326,0.0371210399999999,0.0189850999999997,-1.610584580000003,-0.7618575200000013,0.9707270600000016,-31.652900780000007,35.12213300000001,-37.91916387999997,99.8,31.38877878,74.65282284000017,60.53092848000025,56.30784050000023,58.65400060000024,183.00048288000076,1234.1284515999985,-1.0007614,0.09318978,-0.00832234,2.77116102,1.5939960000000004,3.87352794,-7.0,32.0,37.0,99.7,31.46625444,109.81664567999984,2.5538754599999964,2.043100279999997,2.043100279999997,6.129301059999992,1086.1183050200018,-1.1021187599999989,0.127806200000003,0.0617476999999994,2.457850579999981,1.4505669800000016,1.4816075599999967,9.300853560000036,15.949997659999966,2.7609279599998806,99.7,36.20045188,112.0845062199983,141.98671401999786,112.1296953199983,95.58765107999857,317.8565730199952,1402.266376540003,-1.0010298,-0.0132415999999999,-0.0097318199999997,0.3813517000000008,1.7586436400000025,4.75980408,9.980394919999998,-14.728722579999983,23.98039492,99.8,31.28980398,49.64370922000256,43.40433600000224,40.691564800002105,47.744769500002455,129.12789988000665,1284.778405279997,-1.01028236,-0.07674626,0.0444244599999999,5.064653720000004,1.817318699999995,2.043598560000002,-3.9925037199999993,16.753643019999984,-94.25385326,99.70074954,30.75007502,154.4362447999968,89.05325747999814,106.55945367999776,55.56314367999884,224.53599205999527,1208.97504652,141,X1.5009 Y1.4601 Z0.065
14:09:10.348,5,145,1.53104,1.4563,0.06394,86.44951,53.87526,-24.36838,,185.42,0,0,,2,1,"{""sr"":{""mpox"":86.44951,""mpoy"":53.87526,""mpoz"":-24.36838,""mpoa"":0,""posx"":1.53104,""posy"":1.4563,""posz"":0.06394,""posa"":0,""unit"":0,""stat"":5,""coor"":2,""momo"":1,""dist"":0,""home"":1,""mots"":1,""plan"":0,""line"":145,""path"":2,""frmo"":2,""prbe"":1,""safe"":0,""estp"":0,""spc"":1,""hold"":0,""macs"":5,""cycs"":1,""sps"":12000,""feed"":185.42,""mark"":1499779243}}",5.376541370616457,0.1981286018794193,0.2034528926036875,0.1941127480593109,5.376541370616457,0.1981286018794193,0.2034528926036875,0.1941127480593109,-0.9853370800000002,-0.0056888799999999,0.0128511600000001,-5.079283959999998,-7.869865600000002,0.3348348399999974,-13.0,36.85027264,66.85027264,99.7,31.24,88.43518164000093,2.132498760000023,1.7059990800000182,1.7059990800000182,4.69149756000005,1928.6400231199975,-1.00282824,0.03383768,0.0273821599999997,-1.3937906399999995,-0.8194508800000004,0.9647797999999996,-31.48351804,35.79967043999999,-37.28318847999999,99.8,31.39,86.76895435999984,66.62616139999987,61.97782439999988,65.07671615999988,201.4279304399996,1533.1186202400022,-1.02080896,0.1307936000000001,-0.00959136,2.83890792,1.783751359999999,3.906,-7.0,32.0,37.0,99.7,31.4811942,107.72877724000008,2.466555560000001,2.2796025199999974,1.9732441200000013,5.73278032,1649.0923265999998,-1.0322904399999988,0.2172991200000012,0.0453347999999996,1.690310839999985,1.4420993599999992,1.2800741999999994,9.926781399999998,4.631085479999972,-1.675963359999814,99.7,36.21073224,72.98807240000089,89.25398572000108,70.06854904000085,60.05875632000073,199.7787801600024,2140.7394404800066,-1.00250096,-0.0041700400000001,-0.032489319999999,0.2597093200000003,1.9251278800000016,4.60349536,10.03219156,-15.0,23.83592192000001,99.8,31.3,119.58179107999864,98.27687351999889,92.13456887999894,108.71879099999876,292.40589007999665,1605.7276412000056,-1.00735796,-0.07923556,0.00826256,5.186556120000003,1.8678887199999996,2.0758316000000003,-3.367999080000008,15.98636644,-94.02726676,99.8,30.75776908,55.56788372000119,43.05591004000093,51.88789184000112,27.231942920000588,108.92777260000234,1713.7773161200062,145,X1.5351 Z0.0638
14:09:10.606,5,149,1.56195,1.46035,0.06286,87.23473,53.97806,-24.3959,,185.42,0,0,,2,1,"{""sr"":{""mpox"":87.23473,""mpoy"":53.97806,""mpoz"":-24.3959,""mpoa"":0,""posx"":1.56195,""posy"":1.46035,""posz"":0.06286,""posa"":0,""unit"":0,""stat"":5,""coor"":2,""momo"":1,""dist"":0,""home"":1,""mots"":1,""plan"":0,""line"":149,""path"":2,""frmo"":2,""prbe"":1,""safe"":0,""estp"":0,""spc"":1,""hold"":0,""macs"":5,""cycs"":1,""sps"":12000,""feed"":185.42,""mark"":1499779243}}",5.163694569261662,0.1996523737115091,0.1752480365207331,0.1907371920405741,5.163694569261662,0.1996523737115091,0.1752480365207331,0.1907371920405741,-1.01704,-0.03425684,0.01595596,-4.770154519999999,-7.933166480000002,0.2563904799999991,-13.890599359999998,37.0,67.79988791999999,99.7,31.24618716,101.56569744000129,2.4532775200000305,1.962622120000025,1.962622120000025,5.887866840000073,1585.8799490000004,-0.99221232,0.0416716799999999,-0.0074300000000001,-1.5916854399999991,-0.7320117199999999,1.0638082000000009,-31.71164128000001,35.5000968,-37.92337936000001,99.8,31.39,81.5158485599998,64.51254283999982,60.51176491999984,63.01225143999984,195.5380177199995,1052.9623071599997,-1.01311928,0.12842432,-0.009113,2.871383679999999,1.6925742400000003,3.917679840000001,-6.769449759999994,31.730724760000005,37.73072476000001,99.7,31.47769456,109.53820376000009,2.500872120000002,2.0006980800000016,2.0006980800000016,5.501919240000005,1153.9649673599993,-0.870360439999999,0.104121560000001,-0.0380258800000002,2.6506343599999904,1.314433959999996,1.5150957199999997,8.173796440000013,8.025588840000138,5.408711799999943,99.7,36.21,81.73533128000115,103.40837472000143,81.56153484000113,69.90988744000097,232.06198668000323,1374.124353120003,-1.0038624800000002,-0.01395684,0.0038617199999997,0.4925847199999966,1.9085869600000032,4.551335519999999,9.56288079999999,-14.0,24.51971975999999,99.8,31.29562864,123.69325883999775,83.15513223999848,78.47765587999858,91.99036471999834,248.42595719999548,1070.614201560002,-1.0052539599999997,-0.0801885599999999,0.0388224799999993,5.090756640000002,1.8850320400000011,2.01635404,-3.9807028,15.53781855999999,-94.0192972,99.75378176,30.76019292,69.10323184000148,56.81446128000125,67.88846584000147,35.648705080000774,143.01840640000313,1394.1219628799988,149,X1.5691 Y1.4625 Z0.0626
14:09:10.863,5,152,1.59083,1.47247,0.06167,87.96829,54.2859,-24.42617,,185.42,0,0,,2,1,"{""sr"":{""mpox"":87.96829,""mpoy"":54.2859,""mpoz"":-24.42617,""mpoa"":0,""posx"":1.59083,""posy"":1.47247,""posz"":0.06167,""posa"":0,""unit"":0,""stat"":5,""coor"":2,""momo"":1,""dist"":0,""home"":1,""mots"":1,""plan"":0,""line"":152,""path"":2,""frmo"":2,""prbe"":1,""safe"":0,""estp"":0,""spc"":1,""hold"":0,""macs"":5,""cycs"":1,""sps"":12000,""feed"":185.42,""mark"":1499779243}}",5.1837117163113575,0.2021180778212824,0.2111485987971863,0.2167810503327489,5.1837117163113575,0.2021180778212824,0.2111485987971863,0.2167810503327489,-1.010026,-0.0374150799999999,0.0122273399999998,-5.271300980000002,-7.886022939999997,0.3669278000000014,-13.507604020000011,36.92138792,66.92138792,99.7,31.2409382,121.85427460000176,2.9310791800000424,2.344863080000034,2.344863080000034,7.034589900000101,1283.482440820001,-0.99086418,0.0423417999999999,-0.0088138999999999,-1.4834929399999992,-0.7673182200000015,0.9785805600000012,-31.63471639999999,36.0,-38.51686444,99.8,31.39,71.50405943999976,62.32448451999978,58.459400059999794,60.875077519999785,188.90599511999932,1032.8143530599996,-1.0046566600000002,0.13620826,-0.00683612,2.8672122199999985,1.709,3.87507576,-6.656898339999992,31.16385109999999,37.49304724,99.7,31.47343134,110.18804702000014,2.534765120000003,2.3709140200000105,2.027811700000002,5.576483000000007,1075.8823008400018,-0.9325722400000004,0.240967180000002,-0.0110047399999982,1.2907807599999892,1.2538033200000007,1.3281987999999991,12.31816630000004,3.675414159999997,20.91542940000024,99.7,36.20727898,100.29604824000158,127.002097000002,99.70258104000156,86.05282290000136,285.45798432000447,1584.0297019800057,-1.00956136,-0.00615418,0.0127148799999999,0.3376988400000031,1.7030818799999987,4.72232512,10.0,-14.0,23.365989879999987,99.79430024,31.3,83.118620959997,58.92433041999793,55.26443425999807,65.1461537599977,175.36603163999388,999.1577045999996,-1.0065379799999998,-0.0776009,0.0275384399999999,5.13739226,1.819784799999996,2.094968199999999,-3.0,16.0,-94.04485096,99.79775732,30.7697756,111.18871098000248,77.37693874000173,92.33214574000203,48.76697858000109,195.0679130000044,1203.9429758400056,152,X1.5925 Y1.4734 Z0.0616
14:09:11.119,5,156,1.61543,1.49161,0.06058,88.59313,54.77217,-24.45368,,185.42,0,0,,2,1,"{""sr"":{""mpox"":88.59313,""mpoy"":54.77217,""mpoz"":-24.45368,""mpoa"":0,""posx"":1.61543,""posy"":1.49161,""posz"":0.06058,""posa"":0,""unit"":0,""stat"":5,""coor"":2,""momo"":1,""dist"":0,""home"":1,""mots"":1,""plan"":0,""line"":156,""path"":2,""frmo"":2,""prbe"":1,""safe"":0,""estp"":0,""spc"":1,""hold"":0,""macs"":5,""cycs"":1,""sps"":12000,""feed"":185.42,""mark"":1499779243}}",5.307519390392669,0.1963703053932677,0.2002417855191715,0.2050788651922055,5.307519390392669,0.1963703053932677,0.2002417855191715,0.2050788651922055,-0.9900935000000006,-0.04299782,0.00326814,-5.094374560000005,-8.102642460000002,0.1891430599999994,-13.050352719999996,36.05035271999999,66.39808725999998,99.7,31.23702642,72.67646065999791,1.73867147999995,1.3909371599999596,1.3909371599999596,4.17281125999988,1452.5292079799915,-0.99206738,0.04284594,-0.0071976000000001,-1.666248000000002,-0.7584162600000006,0.8507021199999998,-31.43305054000001,36.0,-38.46912381999999,99.8,31.4,82.00660372000024,68.48297964000027,64.23597254000025,66.89035188000025,208.0054920600008,1436.3183210399948,-1.00143224,0.1083163599999999,-0.01744218,2.7831718199999997,1.6630141800000018,3.856344419999999,-6.592985859999991,31.89446864000001,38.0,99.7,31.48,106.26516491999983,2.437274499999996,1.9498197799999968,1.9498197799999968,5.362003499999992,1458.779597019998,-0.9880586999999982,0.5592097399999892,0.00016224,4.209969980000023,1.2861385399999914,1.6490150199999989,11.174459100000018,2.541928039999937,-1.7176867200002814,99.7,36.22666484,56.40244303999811,71.71223897999764,56.369155159998144,48.53916259999839,160.94392823999468,1887.323655439984,-1.00733194,-0.00506068,0.0101976200000002,0.3707529599999924,2.0865206400000056,4.679616020000002,10.0,-14.932612679999998,24.799224040000016,99.8,31.31,149.29472376000308,117.82573762000244,110.50736896000232,130.26696500000273,352.0135394200073,1180.982025599997,-1.00369048,-0.07786478,0.0203462799999998,5.0164293999999945,1.684938260000001,1.877649799999997,-2.392237840000054,12.619058260000283,-75.6881856800017,99.7237469,30.7621131,22.477499499998416,28.522978539997958,33.74739473999756,18.074146579998697,72.00678445999479,1427.2233161599931,156,X1.6191 Y1.4954 Z0.0604
14:09:11.378,5,160,1.63441,1.51651,0.05949,89.07517,55.4047,-24.48141,,185.42,0,0,,2,1,"{""sr"":{""mpox"":89.07517,""mpoy"":55.4047,""mpoz"":-24.48141,""mpoa"":0,""posx"":1.63441,""posy"":1.51651,""posz"":0.05949,""posa"":0,""unit"":0,""stat"":5,""coor"":2,""momo"":1,""dist"":0,""home"":1,""mots"":1,""plan"":0,""line"":160,""path"":2,""frmo"":2,""prbe"":1,""safe"":0,""estp"":0,""spc"":1,""hold"":0,""macs"":5,""cycs"":1,""sps"":12000,""feed"":185.42,""mark"":1499779243}}",5.017042343751082,0.1950246545642709,0.2028053164686043,0.2070983084691446,5.017042343751082,0.1950246545642709,0.2028053164686043,0.2070983084691446,-1.0655032800000006,-0.0521743200000025,0.01467968,-5.2206648,-7.783487359999998,0.5609950800000059,-13.255021799999987,36.0,66.99089348000001,99.7,31.23744948,155.69129508000256,3.724890000000061,2.9799118400000486,2.9799118400000486,8.939736440000148,1720.282464039999,-0.996843,0.0455123200000001,-0.0084633599999996,-1.503959960000001,-0.8529200400000005,0.8288572799999989,-31.98229556000001,35.98229556000001,-38.98229556000001,99.8,31.39465568,68.9717964799996,57.77507611999966,54.63999475999968,56.87933843999967,176.01244035999898,1346.3883848400046,-1.0507993199999994,0.156978520000001,0.0016779599999997,2.7472300799999987,1.7111054,3.93334192,-6.498112320000012,31.51725544,38.48274456,99.7,31.48996192,111.26727500000015,2.586275280000004,2.069020800000004,2.069020800000004,5.68980600000001,1217.0434328799977,-0.9205787199999996,0.1839307999999984,-0.0145033600000008,2.2011566,1.7718684799999973,1.6090831600000015,8.898609039999942,11.193311120000256,8.659345599999757,99.7,36.24510568,128.79291116000223,165.81123272000292,129.56412640000227,112.59739512000198,371.7256470000065,1988.2126732799995,-1.0117358000000003,-0.0074833999999996,0.0061037199999999,0.3005654000000025,1.904660159999999,4.753561280000001,9.0,-14.0,23.0,99.78780572,31.32,25.53874423999713,19.75472667999699,18.53529939999716,21.91334759999668,59.02029451999097,1490.0883486000048,-1.00772812,-0.0843887199999999,0.0292021200000012,5.287500680000004,1.729755759999992,2.00738848,-2.074773159999979,16.96387232,-95.03864547999996,99.79638752,30.77077292,86.04605324000195,113.8028444400026,132.30737192000305,72.16765712000165,284.9697240400065,1335.344577839999,160,X1.6383 Y1.524 Z0.0592
14:09:11.635,5,163,1.64601,1.54547,0.05841,89.36966,56.1401,-24.50893,,185.42,0,0,,2,1,"{""sr"":{""mpox"":89.36966,""mpoy"":56.1401,""mpoz"":-24.50893,""mpoa"":0,""posx"":1.64601,""posy"":1.54547,""posz"":0.05841,""posa"":0,""unit"":0,""stat"":5,""coor"":2,""momo"":1,""dist"":0,""home"":1,""mots"":1,""plan"":0,""line"":163,""path"":2,""frmo"":2,""prbe"":1,""safe"":0,""estp"":0,""spc"":1,""hold"":0,""macs"":5,""cycs"":1,""sps"":12000,""feed"":185.42,""mark"":1499779243}}",5.243202902365843,0.2008679849990323,0.1978816655648398,0.1764079438892788,5.243202902365843,0.2008679849990323,0.1978816655648398,0.1764079438892788,-1.0312564000000002,-0.0400838000000001,0.0206947999999999,-4.896724099999992,-7.8556905,0.2881615999999966,-13.0,36.715240000000016,67.07722089999999,99.7,31.2443048,59.56785299999762,1.4237980999999422,1.139038099999954,1.139038099999954,3.4171152999998617,1163.0203331000046,-0.9958679,0.0398821000000001,-0.0040334,-1.5959522000000024,-0.793,0.9263203000000004,-31.94481510000001,35.0,-38.9116676,99.7455838,31.4045586,82.16906770000034,69.6532498000003,66.93241930000028,69.10908310000029,213.8572426000009,1063.6403315000025,-1.0107267000000002,0.1163392999999999,-0.0240243999999999,2.895477100000001,1.7867233000000018,3.845,-6.434046600000011,31.4860032,38.4860032,99.7,31.4894804,106.81679309999986,2.430015999999996,1.9440127999999968,1.9440127999999968,5.346035199999991,1093.3055167000064,-0.9580912999999984,0.185701500000001,-0.0055835000000008,2.758417200000005,1.6516352000000092,1.5362740000000028,0.9334551999999318,0.3030545000000225,-1.539564099999977,99.7,36.25,42.96746179999794,56.4112687999973,44.28548179999788,38.22258879999817,126.79355249999394,1626.9771125000036,-1.0022543,-0.0181259,-0.0065165000000002,0.4645499000000085,1.6902254999999955,4.7594219,9.991376700000002,-14.0,23.991376700000004,99.8,31.318269,175.59718200000364,134.79224590000285,126.5227829000027,148.85895580000314,401.9045208000085,1051.9845799000018,-1.0006204,-0.0833030000000001,0.0251705999999999,5.399898100000005,1.2565132999999853,2.030258099999997,-3.1264832999999808,15.13326039999998,-95.86673960000002,99.7870125,30.78,13.89625679999788,16.233945299997526,18.701504799997146,10.389725299998416,40.51992739999382,1172.8445058000025,163,X1.6468 Y1.5485 Z0.0583
14:09:11.892,5,167,1.64972,1.57659,0.05732,89.46393,56.9306,-24.53666,,185.42,0,0,,2,1,"{""sr"":{""mpox"":89.46393,""mpoy"":56.9306,""mpoz"":-24.53666,""mpoa"":0,""posx"":1.64972,""posy"":1.57659,""posz"":0.05732,""posa"":0,""unit"":0,""stat"":5,""coor"":2,""momo"":1,""dist"":0,""home"":1,""mots"":1,""plan"":0,""line"":167,""path"":2,""frmo"":2,""prbe"":1,""safe"":0,""estp"":0,""spc"":1,""hold"":0,""macs"":5,""cycs"":1,""sps"":12000,""feed"":185.42,""mark"":1499779243}}",4.990480272481936,0.1970992318467151,0.2001289234990677,0.2043407330445904,4.990480272481936,0.1970992318467151,0.2001289234990677,0.2043407330445904,-1.0057949600000005,-0.0323766400000002,-0.0014265599999999,-5.13519216,-7.833196839999999,0.2553030400000002,-13.0,36.0,65.54373600000001,99.7,31.2528316,134.08628859999936,3.2078056799999843,2.566244639999988,2.566244639999988,7.6987344399999635,1985.52569,-0.99399232,0.04548956,-0.0038186,-1.3972521600000003,-0.7991629999999998,1.0249999199999995,-31.0,35.660777800000005,-37.92702372000001,99.8,31.40472316,73.41956016000009,60.46014812000008,58.57076848000008,59.98780372000008,185.76467252000023,1603.8065064000002,-1.0159356,0.10960336,-0.0062069599999998,2.8086450800000007,1.68674644,3.92825356,-6.125129520000003,31.0,37.48994092,99.7,31.48239664,112.21300735999996,2.5502956399999985,2.040236559999999,2.040236559999999,5.6106503599999975,1749.7649034800006,-0.8104418000000003,0.3035561199999995,0.02044508,1.7553502399999994,1.7431785999999991,1.4991785999999991,10.88590212000002,10.09210040000001,12.36590984000005,99.7,36.24950704,106.24266435999948,139.61368815999927,110.25566967999944,95.25045991999951,313.8045976399984,3218.90277108,-0.99563288,-0.0096018799999999,-0.0136861199999999,0.3607877600000019,1.9915487199999975,4.748493359999999,9.97900072,-14.0,23.97900072,99.7021,31.32,55.388334720000906,46.53762128000077,43.68255232000072,51.67674512000085,139.3273568000023,1574.21141432,-1.0050916399999998,-0.0745374799999999,0.01848076,5.189090640000001,1.6040538000000004,2.07397928,-3.0,15.262836480000006,-95.21985691999998,99.79916336,30.78008376,101.49254187999928,94.68236287999932,108.11027803999924,60.39633127999957,235.59597911999836,1958.48431072,167,X1.6495 Y1.5828 Z0.0571
14:09:12.150,5,170,1.64524,1.60737,0.05623,89.35034,57.71236,-24.56417,,185.42,0,0,,2,1,"{""sr"":{""mpox"":89.35034,""mpoy"":57.71236,""mpoz"":-24.56417,""mpoa"":0,""posx"":1.64524,""posy"":1.60737,""posz"":0.05623,""posa"":0,""unit"":0,""stat"":5,""coor"":2,""momo"":1,""dist"":0,""home"":1,""mots"":1,""plan"":0,""line"":170,""path"":2,""frmo"":2,""prbe"":1,""safe"":0,""estp"":0,""spc"":1,""hold"":0,""macs"":5,""cycs"":1,""sps"":12000,""feed"":185.42,""mark"":1499779243}}",5.280432563262848,0.2136269432086338,0.2217884096907174,0.2104483950275966,5.280432563262848,0.2136269432086338,0.2217884096907174,0.2104483950275966,-1.0005227999999995,-0.0339339999999999,0.0101095999999997,-5.294807199999996,-7.7680604,0.2882247999999999,-13.552406800000009,36.30889119999999,66.30889119999999,99.7,31.245524,93.3768153999984,2.237966799999962,1.7903729999999691,1.7903729999999691,4.923526199999915,1383.847487800001,-0.9912904,0.0446894000000001,-0.0128698000000001,-1.6656170000000006,-0.7957210000000009,0.9277009999999992,-31.266806200000005,36.0,-39.555607600000016,99.7733192,31.412222,90.95755160000029,65.4076774000002,63.3636874000002,65.4076774000002,201.84400480000065,1392.7902126000008,-0.9888724,0.1168116,-0.017307,2.952986400000001,1.7343423999999992,3.936199,-6.4950644,31.712661199999992,37.0,99.7,31.4828734,108.13180239999988,2.475322799999997,1.9802583999999976,1.9802583999999976,5.445710599999994,1282.602813800003,-1.0076086000000004,0.3203013999999993,0.0030583999999996,1.896572800000012,1.6083350000000023,1.4851691999999994,9.669356400000012,-5.270322199999864,7.304705000000059,99.7,36.2108268,71.69815919999863,94.1313253999982,74.33735539999859,63.78057119999879,211.575550199996,1992.529069000012,-1.0083776,-0.0153578000000001,-0.0087411999999999,0.4840320000000053,1.6328365999999952,4.6347564000000006,9.547228200000012,-14.58201300000001,22.452771799999987,99.7417986,31.325472,140.114192200003,95.45016660000194,89.0828064000018,105.92640460000214,284.6044608000057,1100.810237199998,-1.0118922,-0.0820248,0.0306362000000001,5.100577800000004,1.6516471999999998,2.037963600000003,-3.0,16.0,-94.81105179999996,99.7,30.7801496,55.55703259999819,52.3128263999983,59.20676519999808,33.658640599998904,129.76825199999575,1297.032533200006,170,X1.645 Y1.6083 Z0.0562
14:09:12.407,5,174,1.63278,1.63616,0.05514,89.03368,58.44366,-24.5919,,185.42,0,0,,2,1,"{""sr"":{""mpox"":89.03368,""mpoy"":58.44366,""mpoz"":-24.5919,""mpoa"":0,""posx"":1.63278,""posy"":1.63616,""posz"":0.05514,""posa"":0,""unit"":0,""stat"":5,""coor"":2,""momo"":1,""dist"":0,""home"":1,""mots"":1,""plan"":0,""line"":174,""path"":2,""frmo"":2,""prbe"":1,""safe"":0,""estp"":0,""spc"":1,""hold"":0,""macs"":5,""cycs"":1,""sps"":12000,""feed"":185.42,""mark"":1499779243}}",5.232275238786168,0.1815476144321383,0.1858903442390545,0.1985108517781853,5.232275238786168,0.1815476144321383,0.1858903442390545,0.1985108517781853,-1.0072636800000003,-0.0282019799999999,0.0127192600000001,-5.1384351799999965,-7.865716760000002,0.4177078599999993,-13.0,36.0,66.0,99.7,31.25937498,98.37324165999858,2.387699939999966,1.9101601199999727,1.9101601199999727,5.252940159999925,1479.7006244400045,-0.99247558,0.0386223,-0.0061573799999999,-1.5076356799999997,-0.82319406,0.8853105000000001,-32.0,36.0,-38.59208534000001,99.76989446,31.41203964,68.62346536000007,64.34036120000019,63.12638242000018,64.64141498000019,200.28543250000055,1222.8842637400005,-1.02482612,0.1268163599999999,-0.0012227599999999,2.743331939999999,1.6855822800000015,3.865726660000001,-6.778816820000007,31.778816820000007,37.72035128,99.7,31.47722048,107.3211316599999,2.4958403399999978,1.996672239999998,1.996672239999998,5.490848699999996,1003.7558305000014,-0.9549209999999986,0.2074051599999996,-0.0186359400000006,1.7443005999999923,1.4667793600000003,1.5512400800000004,9.315740199999976,7.185530620000047,18.973469139999803,99.7,36.20524512,79.48530247999877,101.7552318399984,79.88261179999874,68.94630173999892,228.2360342399964,1833.9455370000007,-1.00929298,-0.00540868,0.0119597999999999,0.2946563400000023,1.713870699999994,4.619089860000001,9.421585859999988,-14.421585859999988,23.0,99.74215854,31.32952426,126.33485306000252,87.05426898000174,81.74608164000162,96.60900542000194,260.1011682400052,1072.070488199999,-1.0095969,-0.0748493799999999,0.0268099599999999,5.099995700000001,1.8367871200000012,2.046790960000001,-3.0,16.0,-94.48219066,99.7537562,30.7942294,78.80084369999797,60.13703169999845,67.97877199999827,38.86476271999901,148.9256310599962,1161.5360253799993,174,X1.6307 Y1.6397 Z0.055
14:09:12.664,5,178,1.61341,1.66051,0.05406,88.54177,59.06208,-24.61942,,185.42,0,0,,2,1,"{""sr"":{""mpox"":88.54177,""mpoy"":59.06208,""mpoz"":-24.61942,""mpoa"":0,""posx"":1.61341,""posy"":1.66051,""posz"":0.05406,""posa"":0,""unit"":0,""stat"":5,""coor"":2,""momo"":1,""dist"":0,""home"":1,""mots"":1,""plan"":0,""line"":178,""path"":2,""frmo"":2,""prbe"":1,""safe"":0,""estp"":0,""spc"":1,""hold"":0,""macs"":5,""cycs"":1,""sps"":12000,""feed"":185.42,""mark"":1499779243}}",5.285858246449353,0.1998026196994188,0.2026541858356911,0.201100368064724,5.285858246449353,0.1998026196994188,0.2026541858356911,0.201100368064724,-0.9979287600000007,-0.0327048799999992,0.0090770800000005,-5.415420599999992,-7.749048320000012,0.5631221999999968,-13.403867560000018,36.403867560000016,66.52320763999998,99.7,31.24973456,123.3265308399965,2.9806629199999155,2.3845304799999325,2.3845304799999325,6.557458639999815,1725.6495897599905,-0.9893005200000002,0.0374428400000001,0.0071823999999998,-1.5238275600000004,-0.8065332400000025,0.9333955200000016,-32.0,36.0,-38.37521991999999,99.75178028,31.41,68.47142512000046,61.23852824000042,60.756334680000414,61.72072112000043,190.9484816000013,1524.222641439984,-1.0001677999999998,0.11010972,-0.0141650799999999,2.803178120000003,1.6884632400000008,3.862820680000002,-6.154704320000015,31.353928439999983,37.64607156000002,99.7,31.4764606,110.21855447999974,2.543162759999994,2.0345296799999955,2.0345296799999955,5.594957959999987,1559.8562004799946,-0.7819517599999994,0.4861307599999894,-0.0764527999999988,2.141682519999992,1.4208199199999814,1.6456278799999964,10.021582519999962,2.655167679999769,-12.400173079999927,99.7,36.19883636,104.52793519999682,130.65991915999604,102.09705323999688,88.72720063999729,291.70586563999115,2539.858542639996,-1.00927168,-0.0052277999999999,0.0027405199999999,0.4685930399999912,1.7996401199999914,4.69652588,9.056956799999996,-14.0,22.0569568,99.76516128,31.33056984,75.84469768000534,57.48370564000426,53.65145856000399,63.406269240004704,170.70918600001266,1273.1614310399896,-1.00540288,-0.0773282800000002,0.0399658799999997,5.220038720000004,1.7732219999999943,1.9745736000000016,-3.669097399999971,16.66909739999997,-96.0,99.7,30.79383712,110.4010995999952,88.32087939999616,98.35734287999573,56.87329347999753,217.4567104799906,1586.643861239994,178,X1.6079 Y1.6655 Z0.0538
14:09:12.921,5,181,1.58827,1.67893,0.05298,87.90331,59.52994,-24.64694,,185.42,0,0,,2,1,"{""sr"":{""mpox"":87.90331,""mpoy"":59.52994,""mpoz"":-24.64694,""mpoa"":0,""posx"":1.58827,""posy"":1.67893,""posz"":0.05298,""posa"":0,""unit"":0,""stat"":5,""coor"":2,""momo"":1,""dist"":0,""home"":1,""mots"":1,""plan"":0,""line"":181,""path"":2,""frmo"":2,""prbe"":1,""safe"":0,""estp"":0,""spc"":1,""hold"":0,""macs"":5,""cycs"":1,""sps"":12000,""feed"":185.42,""mark"":1499779243}}",5.335471267498429,0.200730162571394,0.2025097931981962,0.2033462197967818,5.335471267498429,0.200730162571394,0.2025097931981962,0.2033462197967818,-0.9754060799999998,-0.02151582,0.0046180999999999,-4.9897956200000015,-8.045724100000001,0.3262842599999997,-13.917963199999996,36.0,66.0,99.7,31.24307922,67.06088518000048,1.6276909800000117,1.3021528200000094,1.3021528200000094,3.580921120000026,1454.8986468000014,-0.991378,0.0488799799999999,0.00013124,-1.4568956400000006,-0.8920664,0.9443728,-32.0,35.080402580000005,-38.90893228,99.8,31.41,89.0538790799999,67.92829635999993,67.39342845999994,68.91763121999995,212.42318781999984,1300.8762132800005,-1.01941144,0.11297354,-0.0014272199999999,2.92832434,1.67766176,3.98586594,-7.0,31.48626194,37.51373806,99.7,31.48,106.00517830000004,2.431311520000001,1.9450495800000007,1.9450495800000007,5.348884800000002,1350.2133798800012,-0.9243036199999998,0.1877993200000005,-0.0165513600000001,3.6327142800000014,1.305337200000001,1.6710891399999996,11.68925162,15.307092760000035,13.908461379999952,99.7,36.2016728,53.47278090000046,66.81087884000054,52.37302046000042,45.36924842000037,149.46992028000122,2124.750298980002,-1.0079498,-0.0042366,0.0139052799999998,0.2762772400000018,1.9142069199999996,4.694333019999999,9.928548480000002,-14.928548480000002,23.83565244,99.78356528,31.34,177.29466507999916,126.0931880999994,117.68697543999946,139.08460809999934,374.4585591599983,1218.4694275199995,-1.00222972,-0.0787170199999999,0.0304024599999999,5.03017334,2.0293165599999994,2.02658708,-0.7928889000000157,3.3014424200000643,-19.569841400000367,99.7032472,30.79032472,27.53445572000049,27.44323836000052,30.538340120000587,17.745251760000343,67.26688422000132,1608.5900349999995,181,X1.5864 Y1.68 Z0.0529
14:09:13.179,5,185,1.55909,1.69034,0.05188,87.16213,59.81985,-24.67466,,185.42,0,0,,2,1,"{""sr"":{""mpox"":87.16213,""mpoy"":59.81985,""mpoz"":-24.67466,""mpoa"":0,""posx"":1.55909,""posy"":1.69034,""posz"":0.05188,""posa"":0,""unit"":0,""stat"":5,""coor"":2,""momo"":1,""dist"":0,""home"":1,""mots"":1,""plan"":0,""line"":185,""path"":2,""frmo"":2,""prbe"":1,""safe"":0,""estp"":0,""spc"":1,""hold"":0,""macs"":5,""cycs"":1,""sps"":12000,""feed"":185.42,""mark"":1499779243}}",5.199919822896377,0.2024861148141506,0.2047507876447797,0.2076114071146894,5.199919822896377,0.2024861148141506,0.2047507876447797,0.2076114071146894,-0.9914095399999991,-0.0211796400000005,0.0065275799999995,-5.434199659999996,-7.524040679999998,0.5808816999999984,-13.75670503999998,36.0,66.24329496000001,99.7,31.252341,157.59900399999728,3.806627319999935,3.0453024399999475,3.0453024399999475,8.374580479999857,1718.8377473599949,-0.98627812,0.0406644999999999,-0.0280192199999992,-1.587,-0.6715423400000007,0.9716167600000016,-32.0,36.0,-38.54412735999998,99.8,31.420088900000003,62.57742358000038,56.76666316000034,56.31968122000034,57.21364512000034,177.45169576000106,1573.8147564399974,-1.0008115999999996,0.1153256999999999,-0.0146761400000001,2.691247160000001,1.6474164599999992,4.029696919999999,-7.0,31.51869186,37.0,99.7,31.4850911,112.0662166999998,2.593461299999995,2.074768459999996,2.074768459999996,5.70561447999999,1499.9830599199963,-1.0636111600000002,0.2401290000000011,0.0046200600000015,2.686943579999994,1.368867060000006,1.5344953999999948,10.562227559999972,-8.324500339999727,14.1182349999996,99.7,36.21,127.32156375999767,167.93948635999695,132.0082474399976,113.26151371999794,375.71578101999313,1938.2364815800024,-1.00643962,-0.0073725799999999,-0.0049920600000008,0.3626638999999959,1.5650276000000087,4.801930679999996,9.085362899999998,-14.018230020000022,22.188956800000017,99.7,31.349817700000003,21.69325330000432,16.98930666000327,15.86800960000307,18.768623300003625,50.55354534000973,1390.2395883999957,-0.99925382,-0.07516436,0.03400238,4.948855480000009,1.6756236599999978,2.0693898999999987,-3.0,15.019320400000025,-95.01932040000004,99.7,30.79,176.5951246399958,125.59974041999703,139.76512497999667,81.21487003999808,308.8053779199926,1526.8656970199972,185,X1.5539 Y1.6915 Z0.0517
14:09:13.436,5,189,1.52786,1.69369,0.05079,86.3688,59.90487,-24.70239,,185.42,0,0,,2,1,"{""sr"":{""mpox"":86.3688,""mpoy"":59.90487,""mpoz"":-24.70239,""mpoa"":0,""posx"":1.52786,""posy"":1.69369,""posz"":0.05079,""posa"":0,""unit"":0,""stat"":5,""coor"":2,""momo"":1,""dist"":0,""home"":1,""mots"":1,""plan"":0,""line"":189,""path"":2,""frmo"":2,""prbe"":1,""safe"":0,""estp"":0,""spc"":1,""hold"":0,""macs"":5,""cycs"":1,""sps"":12000,""feed"":185.42,""mark"":1499779243}}",5.396049976380497,0.20596086331014,0.2083938288911831,0.2045743857339234,5.396049976380497,0.20596086331014,0.2083938288911831,0.2045743857339234,-1.01064532,-0.02551272,-0.0002795199999999,-5.31357424,-7.94459172,0.4106010399999997,-13.7941416,37.90773056,66.7941416,99.7,31.23092268,61.82613440000031,1.4906412000000075,1.1925133600000062,1.1925133600000062,3.2794103600000164,1599.8077785600003,-0.9896856,0.03150196,0.0308558799999999,-1.60181272,-0.9077774799999998,0.9241556800000004,-31.0668496,36.0,-37.83253920000001,99.8,31.42455988,81.59954459999996,69.08761459999995,68.54361691999996,69.63161139999997,215.42279727999983,1542.7456310800003,-0.9934988,0.09769296,-0.0050748,2.89490016,1.71819968,3.87629464,-6.062381160000001,31.575407920000004,36.0,99.7,31.484246,105.67326944,2.4348682000000004,1.9478939600000005,1.9478939600000005,5.356709640000001,1322.8178065200009,-0.9531990799999998,0.3491268000000008,0.0264448399999998,3.158256279999997,1.4327466399999993,1.54137936,9.300873440000004,14.63447004,-3.138839880000012,99.7,36.22747916,49.2163755200003,59.44674568000036,46.727906640000285,40.09199140000024,132.9948124800008,1963.0347796800015,-0.98966156,-0.0073934,-0.0356953999999999,0.4805315999999991,1.8888158,4.662459640000001,9.812927839999997,-14.98956,24.187072160000003,99.71975104,31.35197528,194.90428527999944,133.3201411599996,124.37793655999964,147.13991191999958,395.88534503999887,1292.8152529200006,-0.98274792,-0.06369524,0.0084576,5.240678839999999,1.623003760000001,2.04756384,-3.152625120000003,15.9959452,-94.0040548,99.7,30.78305208,26.148448160000463,19.759906600000352,21.988467920000392,12.777082880000227,48.43405672000086,1342.0630574400004,189,X1.5195 Y1.6932 Z0.0505
14:09:13.694,5,192,1.4972,1.68877,0.04971,85.58994,59.77992,-24.72991,,185.42,0,0,,2,1,"{""sr"":{""mpox"":85.58994,""mpoy"":59.77992,""mpoz"":-24.72991,""mpoa"":0,""posx"":1.4972,""posy"":1.68877,""posz"":0.04971,""posa"":0,""unit"":0,""stat"":5,""coor"":2,""momo"":1,""dist"":0,""home"":1,""mots"":1,""plan"":0,""line"":192,""path"":2,""frmo"":2,""prbe"":1,""safe"":0,""estp"":0,""spc"":1,""hold"":0,""macs"":5,""cycs"":1,""sps"":12000,""feed"":185.42,""mark"":1499779243}}",5.1891685842724335,0.2004161460072569,0.2046892391157026,0.2084763421745007,5.1891685842724335,0.2004161460072569,0.2046892391157026,0.2084763421745007,-0.9674720399999992,-0.0202769200000002,0.0088384799999996,-5.141525600000001,-8.1223772,0.3862960800000005,-12.38093963999999,37.0,67.0,99.7,31.24,128.1455030000019,3.095302080000045,2.4762417200000364,2.4762417200000364,6.8096640800001,1774.2421601200078,-0.99089692,0.0422654399999999,-0.0049767999999993,-1.476408319999998,-0.7713530400000009,0.9382918000000008,-31.32256576000001,35.0,-39.013114800000025,99.8,31.43,75.23109367999967,60.616014639999776,59.98399719999978,61.09330559999977,188.8526895199993,1230.8309708000022,-1.0088796399999995,0.1113428399999999,-0.0082657200000001,2.9411720800000007,1.783194160000001,3.87499448,-7.50828884,31.85400548000001,36.85400548000001,99.7,31.480166,110.29864612000014,2.5414437600000035,2.033154920000003,2.033154920000003,6.099464480000008,1534.4478326000035,-0.9489530399999988,0.2072625999999971,-0.0220807599999998,1.6710667599999942,1.2468337599999963,1.4580308000000004,11.17137623999999,11.67363487999996,3.4707711199998625,99.7,36.2505712,109.10550436000176,135.6645401600022,106.06476640000167,91.49468940000146,302.87897284000485,1669.6965336400049,-1.01394248,-0.0158111600000001,-0.0074193999999998,0.316202319999994,1.8117561200000007,4.701252399999998,9.0,-14.659824560000017,23.684521960000016,99.8,31.36024696,70.98252487999683,51.4228955599977,47.95263923999785,56.78601955999746,152.69129803999317,1062.3396435200018,-1.0033349599999997,-0.0778841599999999,0.023060399999999,5.200672519999996,1.720510799999996,1.990126399999998,-3.9904769200000008,15.304317999999984,-94.71472844000002,99.73043144,30.8000952,133.855722480003,93.0871274800021,103.66521040000234,60.638150840001366,229.1917907200052,1269.1555284000026,192,X1.4942 Y1.6879 Z0.0496
14:09:13.951,5,196,1.46857,1.67589,0.04862,84.86286,59.45296,-24.75764,,185.42,0,0,,2,1,"{""sr"":{""mpox"":84.86286,""mpoy"":59.45296,""mpoz"":-24.75764,""mpoa"":0,""posx"":1.46857,""posy"":1.67589,""posz"":0.04862,""posa"":0,""unit"":0,""stat"":5,""coor"":2,""momo"":1,""dist"":0,""home"":1,""mots"":1,""plan"":0,""line"":196,""path"":2,""frmo"":2,""prbe"":1,""safe"":0,""estp"":0,""spc"":1,""hold"":0,""macs"":5,""cycs"":1,""sps"":12000,""feed"":185.42,""mark"":1499779243}}",5.276081960221752,0.20512603213696,0.2235867644846149,0.2088854350154038,5.276081960221752,0.20512603213696,0.2235867644846149,0.2088854350154038,-0.9825434600000004,-0.0378427199999999,0.00718994,-5.088109980000005,-7.758410039999998,0.4500482600000012,-13.0,37.866069880000005,65.89751291999998,99.7,31.24543224,93.45147410000108,2.2839122000000267,1.8271297600000211,1.8271297600000211,5.024606840000059,1219.7069187400043,-0.99190872,0.04098746,-0.0064683,-1.544158739999999,-0.8426265199999989,0.8535718200000001,-32.0,35.765895359999995,-38.0,99.77416506,31.43,80.19184815999982,64.45800507999985,63.44291795999987,64.96554813999985,199.9720777599996,1244.1188732000012,-1.00846022,0.1164092999999999,-0.01144152,2.8556944,1.7736327199999995,3.96802632,-7.0,31.722326740000007,37.05955213999999,99.7,31.47504248,108.57903308000007,2.478973480000002,2.2013002200000065,1.9831786800000013,5.949535880000005,1051.928028360002,-0.9872122199999992,0.2801189400000035,0.0298296800000003,2.799279079999997,1.7706788799999948,1.6718190799999992,7.482444499999964,3.6581602199998655,10.28811176000002,99.7,36.24625386,76.26396184000099,96.57093406000126,75.81269520000099,65.43357648000085,216.6077018200028,1956.6140871600087,-1.00653532,-0.01045844,0.0005913799999997,0.4557827400000005,1.7652738000000023,4.749844860000002,10.0,-14.528152059999991,23.0,99.8,31.35528148,112.09327379999836,91.81509347999868,85.61898343999874,101.35577069999852,272.030454459996,857.3324871800014,-1.01113586,-0.07609324,0.0196690599999999,5.190835620000004,2.087837559999994,2.1599721000000005,-3.424100500000009,16.0,-94.45521074,99.74240994,30.80968878,81.85147446000178,55.55721814000121,61.91873180000135,35.62447590000078,136.98459168000298,1042.4585701000035,196,X1.4633 Y1.6725 Z0.0484
14:09:14.207,5,199,1.44448,1.65619,0.04744,84.25086,58.95244,-24.78741,,185.42,0,0,,2,1,"{""sr"":{""mpox"":84.25086,""mpoy"":58.95244,""mpoz"":-24.78741,""mpoa"":0,""posx"":1.44448,""posy"":1.65619,""posz"":0.04744,""posa"":0,""unit"":0,""stat"":5,""coor"":2,""momo"":1,""dist"":0,""home"":1,""mots"":1,""plan"":0,""line"":199,""path"":2,""frmo"":2,""prbe"":1,""safe"":0,""estp"":0,""spc"":1,""hold"":0,""macs"":5,""cycs"":1,""sps"":12000,""feed"":185.42,""mark"":1499779243}}",5.121968518089616,0.1939046700605997,0.2008422558949277,0.1953909194789402,5.121968518089616,0.1939046700605997,0.2008422558949277,0.1953909194789402,-0.9974746400000004,-0.0360502799999999,0.0071941800000002,-5.17790962,-7.832668219999999,0.4204440800000001,-13.0,37.47944157999999,65.58691782,99.7,31.24239246,98.2855077799986,2.3972072799999657,1.9177662399999729,1.9177662399999729,5.273856599999926,1349.2977659799972,-0.98971728,0.0348398399999999,-0.0033855599999999,-1.6540285399999988,-0.8599259600000007,0.9343238200000004,-15.874467359999953,17.36269827999995,-18.354852839999943,99.8,31.43496048,77.08057298000028,63.99820830000018,62.486439140000186,64.20174082000018,198.34209042000057,1266.749447660001,-1.0098384600000003,0.1140516200000001,-0.0060919999999999,2.7947190600000007,1.7430412400000008,3.8988183399999983,-7.278214420000006,31.720158499999997,36.71853195999999,99.7,31.46499188,107.3251269799999,2.4959328399999974,1.996746379999998,1.996746379999998,5.990239599999994,1208.7091600199983,-0.9014227200000006,0.2361121599999992,-0.022250280000001,2.2086072999999926,1.5064143399999992,1.526,10.394933079999996,6.017458020000141,7.594124919999823,99.7,36.25889084,76.34883399999879,101.8881475399984,80.37546197999873,69.07213135999892,228.3962711599964,1849.8579498399936,-1.0041977199999998,-0.00751516,0.0018739199999999,0.4240634799999999,1.6471653799999928,4.72961122,9.95185954,-14.95185954,24.53356958000001,99.74664328,31.34466392,76.3004040800015,86.4382195600017,81.1025273000016,95.50889742000189,256.64681332000504,1101.339849540001,-1.00915856,-0.08041438,0.0249272999999998,5.021198559999997,1.8277222,1.9848311000000007,-4.0,16.0,-94.55763640000002,99.74423636,30.79982072,82.04163129999792,59.37534431999846,67.18209141999827,38.202740919999016,147.7300395999962,1260.007423379997,199,X1.4438 Y1.6555 Z0.0474
14:09:14.465,5,203,1.42624,1.63069,0.04634,83.78752,58.30474,-24.81542,,185.42,0,0,,2,1,"{""sr"":{""mpox"":83.78752,""mpoy"":58.30474,""mpoz"":-24.81542,""mpoa"":0,""posx"":1.42624,""posy"":1.63069,""posz"":0.04634,""posa"":0,""unit"":0,""stat"":5,""coor"":2,""momo"":1,""dist"":0,""home"":1,""mots"":1,""plan"":0,""line"":203,""path"":2,""frmo"":2,""prbe"":1,""safe"":0,""estp"":0,""spc"":1,""hold"":0,""macs"":5,""cycs"":1,""sps"":12000,""feed"":185.42,""mark"":1499779243}}",5.298712726739955,0.2107410032777192,0.2210210751488267,0.2053650382891928,5.298712726739955,0.2107410032777192,0.2210210751488267,0.2053650382891928,-1.0065133,-0.0496691999999997,0.0013054000000002,-5.198851,-7.861260799999999,0.3506916999999999,-5.893382900000069,17.35995530000021,30.66117920000037,99.7,31.2284807,125.3056015999992,3.052856999999981,2.442285699999984,2.442285699999984,6.716285199999958,1589.1908721999994,-0.9925905,0.0373411999999999,-0.0020259999999999,-1.5734165999999996,-0.7903558,0.9478221,-32.0,36.0,-38.3453095,99.8,31.4347834,71.74843900000012,60.7470112000001,59.3120426000001,60.7470112000001,187.9809096000003,1334.9175266999987,-0.9645283999999998,0.1165160999999997,-0.0047436999999998,2.7274754000000003,1.7788266,3.9447981,-7.0,32.0,36.4913425,99.7,31.4721924,111.90462079999996,2.543286799999999,2.543286799999999,2.034629299999999,6.103888599999997,1399.1862691999972,-0.9315946,0.1329941000000005,-0.0287087,2.9123852999999995,1.5113425000000025,1.5928983999999995,8.142915599999984,3.581789800000025,-9.394661400000006,99.7,36.26,101.59364939999932,133.1867963999991,104.07154329999928,90.44312689999938,298.586213499998,1574.6218980000006,-1.0077068,-0.0031905999999999,0.0112937,0.5615360999999989,1.864846399999997,4.616035600000002,9.9364533,-14.273868800000006,22.789677899999997,99.8,31.35,57.21839260000096,54.59779240000096,50.94976690000088,60.05998990000105,161.8959763000028,1099.0488154000006,-1.0052625,-0.0910786,0.0404918000000003,5.234542599999999,1.6480973000000012,1.9706802000000003,-4.683744599999994,16.0,-94.63251080000002,99.7316257,30.7963254,111.45040119999892,86.83558889999915,99.14299539999904,56.06707289999945,216.7470999999979,1148.0505396000008,203,X1.4243 Y1.6271 Z0.0462
14:09:14.723,5,207,1.41536,1.60152,0.04526,83.51137,57.56383,-24.84294,,185.42,0,0,,2,1,"{""sr"":{""mpox"":83.51137,""mpoy"":57.56383,""mpoz"":-24.84294,""mpoa"":0,""posx"":1.41536,""posy"":1.60152,""posz"":0.04526,""posa"":0,""unit"":0,""stat"":5,""coor"":2,""momo"":1,""dist"":0,""home"":1,""mots"":1,""plan"":0,""line"":207,""path"":2,""frmo"":2,""prbe"":1,""safe"":0,""estp"":0,""spc"":1,""hold"":0,""macs"":5,""cycs"":1,""sps"":12000,""feed"":185.42,""mark"":1499779243}}",5.222135659286788,0.1768609708936573,0.1756272277090508,0.2040638942006359,5.222135659286788,0.1768609708936573,0.1756272277090508,0.2040638942006359,-0.9782273799999998,-0.0235653999999995,0.00158056,-5.129964379999997,-8.044173580000008,0.3650303799999962,-12.0,37.0322462,65.0322462,99.7,31.22725838,63.115793740002985,1.5319367000000728,1.225549560000058,1.225549560000058,3.37026054000016,993.179167980005,-0.98904386,0.0435730799999998,-0.0133009199999998,-1.5638943200000035,-0.7674766600000016,0.977,-31.06176114000001,35.93823885999999,-37.541943,99.8,31.44,87.34859307999929,69.30699111999958,66.65903567999962,68.34662653999962,211.9616213599988,972.0505886000072,-1.0218166199999998,0.1296791799999999,-0.0034559200000001,2.80610156,1.6986025199999977,3.96510156,-7.0,31.51556324,36.0,99.7,31.48448404,105.12272650000024,2.4221826600000056,2.4221826600000056,1.9377459000000048,5.813238700000013,960.3463691800036,-0.913302379999999,0.1259494599999993,-0.0269219600000003,2.5932949199999915,1.1767630400000006,1.456493720000003,12.56574857999992,18.840873779999907,15.939664919999668,99.7,36.25175268,46.42187828000254,61.848097160003455,48.58928232000274,41.88014906000234,138.54871140000776,1596.0118025200047,-1.00607482,-0.0029668399999999,-0.0010544600000002,0.275183040000006,1.883499079999992,4.696749339999998,10.0,-14.0,24.0,99.7872201,31.35872194,164.32366285999544,128.42771703999642,120.45083975999664,141.19072019999606,380.4970243799893,815.9408247999996,-1.00301136,-0.0743649599999999,0.0179812199999993,5.1758498999999984,1.662117780000001,2.0038167199999983,-3.871016340000004,15.484065360000017,-90.9688844200001,99.71669454,30.7903225,29.523740100004105,21.00235954000315,24.03954934000359,13.355304900001997,52.387326160007866,1027.956161300001,207,X1.4139 Y1.5942 Z0.045
14:09:14.980,5,210,1.41246,1.57023,0.04417,83.4375,56.76917,-24.87067,,185.42,0,0,,2,1,"{""sr"":{""mpox"":83.4375,""mpoy"":56.76917,""mpoz"":-24.87067,""mpoa"":0,""posx"":1.41246,""posy"":1.57023,""posz"":0.04417,""posa"":0,""unit"":0,""stat"":5,""coor"":2,""momo"":1,""dist"":0,""home"":1,""mots"":1,""plan"":0,""line"":210,""path"":2,""frmo"":2,""prbe"":1,""safe"":0,""estp"":0,""spc"":1,""hold"":0,""macs"":5,""cycs"":1,""sps"":12000,""feed"":185.42,""mark"":1499779243}}",5.194951403302283,0.1999598319020561,0.217088404138059,0.218042633248876,5.194951403302283,0.1999598319020561,0.217088404138059,0.218042633248876,-0.966917,-0.04269,0.017531,-5.131629,-7.695067,0.492629,-13.231031,37.768969,67.768969,99.7,31.25769,157.638703,3.844846,3.075877,3.075877,8.458662,1524.882239,-0.995334,0.052995,-0.006446,-1.410762,-0.922317,0.895198,-32.0,35.555424,-38.110848,99.8,31.44,72.021274,56.905698,54.238243,56.016546,173.384548,1276.342,-0.98315,0.141785,-0.008536,2.869,1.740678,3.810965,-7.0,31.480681,36.480681,99.7,31.48,113.211605,2.596596,2.596596,2.077277,6.231831,1254.261264,-1.086564,0.125537,0.04,2.502,1.489503,1.586741,11.799152,5.192365,-6.786427,99.7,36.257992,136.654941,172.616768,135.85579,116.676149,385.990273,2046.230539,-0.997781,-0.024959,-0.015959,0.148471,1.648,4.766294,10.0,-14.086791,24.086791,99.8,31.360868,18.83363,13.886547,13.018638,15.275202,41.225688,1057.339546,-1.001829,-0.044205,-0.001898,5.185919,1.790809,2.018162,-4.0,16.0,-95.068226,99.7,30.789659,213.460994,118.804083,138.12182,75.339174,299.424924,1269.023394,210,X1.4125 Y1.5683 Z0.0441
14:09:15.236,5,214,1.41781,1.53961,0.04308,83.57353,55.99136,-24.89818,,185.42,0,0,,2,1,"{""sr"":{""mpox"":83.57353,""mpoy"":55.99136,""mpoz"":-24.89818,""mpoa"":0,""posx"":1.41781,""posy"":1.53961,""posz"":0.04308,""posa"":0,""unit"":0,""stat"":5,""coor"":2,""momo"":1,""dist"":0,""home"":1,""mots"":1,""plan"":0,""line"":214,""path"":2,""frmo"":2,""prbe"":1,""safe"":0,""estp"":0,""spc"":1,""hold"":0,""macs"":5,""cycs"":1,""sps"":12000,""feed"":185.42,""mark"":1499779243}}",5.289480787337856,0.217516083516445,0.2119769085982892,0.2100960119289921,5.289480787337856,0.217516083516445,0.2119769085982892,0.2100960119289921,-1.0003278400000004,-0.0400826399999998,0.0117143600000002,-5.125039360000002,-7.802661239999997,0.4748469200000005,-12.707866599999994,37.0,66.90797859999999,99.7,31.24092016,60.27146192000127,1.4606663600000307,1.1685329600000245,1.1685329600000245,3.2134653600000678,1650.8347233600011,-0.99289904,0.03906944,-0.00368588,-1.6358046399999988,-0.8160400400000003,0.9409419599999992,-32.0,35.609902160000004,-37.066641280000006,99.8,31.44,95.07062635999978,69.53737231999983,65.73454691999986,68.45085043999984,211.8716812399995,1628.5443020399966,-1.01878504,0.1264819199999998,-0.0013604,2.8224210399999987,1.6017932400000008,4.0851906,-7.51379104,31.576239520000005,36.51379104,99.7,31.47937552,105.38237632000008,2.4310430400000023,2.4310430400000023,1.9448349600000017,5.834503880000005,1352.855516000002,-0.8729627999999998,0.5263111599999982,0.0049107200000006,1.6004766799999912,1.4644617200000023,1.4591105199999983,9.250027920000004,7.717044040000029,25.05078763999993,99.7,36.25298288,44.6844417600011,59.21373868000146,46.32926796000115,40.02410064000099,132.68263580000328,2265.9563260800032,-1.00300292,-0.0114607199999999,-0.0039656399999999,0.4709239199999961,1.5683056000000053,4.750942159999999,9.19631976000001,-14.19631976000001,24.82463475999999,99.8,31.37,179.9183978799979,129.4510910399985,121.3199904799986,144.09545447999835,385.9003224799955,1440.0010030799974,-0.99707716,-0.0836470399999999,0.0361104799999999,5.256546359999996,1.8046199200000024,2.0572744799999985,-4.0,16.0,-94.85470924,99.8,30.79,28.186464040002047,17.580216880001277,20.631329520001493,11.042120200000802,44.31377004000322,1558.061270040003,214,X1.4194 Y1.5346 Z0.0429
14:09:15.493,5,218,1.43094,1.5111,0.04199,83.9069,55.26726,-24.92591,,185.42,0,0,,2,1,"{""sr"":{""mpox"":83.9069,""mpoy"":55.26726,""mpoz"":-24.92591,""mpoa"":0,""posx"":1.43094,""posy"":1.5111,""posz"":0.04199,""posa"":0,""unit"":0,""stat"":5,""coor"":2,""momo"":1,""dist"":0,""home"":1,""mots"":1,""plan"":0,""line"":218,""path"":2,""frmo"":2,""prbe"":1,""safe"":0,""estp"":0,""spc"":1,""hold"":0,""macs"":5,""cycs"":1,""sps"":12000,""feed"":185.42,""mark"":1499779243}}",5.1591102445331485,0.1914729101919239,0.1992847052315535,0.2015896889861297,5.1591102445331485,0.1914729101919239,0.1992847052315535,0.2015896889861297,-0.96882536,-0.0333273399999999,0.00143758,-4.919594060000002,-7.8191771200000035,0.2928118799999957,-12.631735740000012,37.59990186000003,66.33643064,99.7,31.23200044,131.40101650000258,3.1586781800000616,2.526942700000049,2.526942700000049,6.949092100000136,1595.723931399989,-0.9914507,0.0408623599999999,-0.0107606999999999,-1.5449936599999965,-0.8941472200000012,0.9279904199999996,-32.0,35.854714340000015,-37.32640142000001,99.8,31.44471702,79.0225298799998,60.375930339999655,57.07412221999968,58.96086957999967,183.48622693999897,1362.6167531999995,-0.997051,0.11435976,-0.01672882,2.781218899999997,1.655134879999999,3.9442027399999993,-7.644898419999989,31.135586619999987,36.4906882,99.7,31.4786441,109.5020521600002,2.546559480000005,2.546559480000005,2.037247680000004,6.111742300000011,1681.7662220799969,-0.8199249200000006,0.3912256999999987,-0.0006396000000006,2.749376799999989,1.3398999200000057,1.475827059999997,6.801818879999999,-6.0413734600001,-0.8595212799999782,99.7,36.23947012,106.65714610000224,138.8517507200029,108.69163374000227,93.85349820000198,311.1307743400065,3075.179559439971,-1.00297906,-0.0139113600000001,-0.00593474,0.2466558999999997,1.5962960399999993,4.703941380000004,9.32630769999998,-14.0,22.32630769999998,99.73263114,31.37304542,71.26173531999561,48.42143571999701,45.376062079997205,53.29403329999671,143.74162033999113,1281.2935409999948,-1.00468228,-0.0814792200000001,0.02553772,5.222045699999998,1.7606572799999962,1.9424815599999965,-3.288704599999978,16.0,-95.72093412,99.72887046,30.79288712,133.92987954000392,86.51208784000252,101.65170302000296,54.7813503000016,218.43338324000635,1925.8862238999852,218,X1.4357 Y1.5042 Z0.0417
14:09:15.752,5,221,1.45102,1.48733,0.04091,84.41716,54.66344,-24.95343,,185.42,0,0,,2,1,"{""sr"":{""mpox"":84.41716,""mpoy"":54.66344,""mpoz"":-24.95343,""mpoa"":0,""posx"":1.45102,""posy"":1.48733,""posz"":0.04091,""posa"":0,""unit"":0,""stat"":5,""coor"":2,""momo"":1,""dist"":0,""home"":1,""mots"":1,""plan"":0,""line"":221,""path"":2,""frmo"":2,""prbe"":1,""safe"":0,""estp"":0,""spc"":1,""hold"":0,""macs"":5,""cycs"":1,""sps"":12000,""feed"":185.42,""mark"":1499779243}}",5.297283114955865,0.2087160421523752,0.2145031950444349,0.2084600696424292,5.297283114955865,0.2087160421523752,0.2145031950444349,0.2084600696424292,-0.9811019199999996,-0.03907748,0.0052765599999999,-5.48017856,-7.631368159999999,0.5836185200000015,-13.12718384,36.662629560000006,66.33737044,99.7,31.248165,95.69821959999936,2.3227720799999845,1.858217799999988,1.858217799999988,5.110098999999966,2299.51860244,-0.99116304,0.04468568,-0.0194297199999997,-1.5121877600000009,-0.7769591999999994,0.8853657599999997,-32.244343879999995,35.7509428,-38.2490572,99.8,31.45506636,92.20104648000012,64.84469212000008,61.29849768000008,63.32489436000008,197.06707152000024,1752.4753228799998,-1.0284256399999998,0.12923484,-0.0027588,2.8550476,1.7408572000000002,3.90838896,-7.267890000000002,31.0,37.0,99.7,31.48,106.77265583999994,2.4830849999999987,2.4830849999999987,1.986468039999999,5.959404239999997,2011.71950128,-0.885753439999999,0.4275239599999999,-0.0107288800000002,3.4771795999999995,1.9129644399999992,1.4348621999999982,5.60839260000001,11.512195039999984,4.530170000000052,99.7,36.23,79.32162243999942,100.19573295999928,78.85775315999943,67.72489375999952,224.5126609599984,2510.6286453199987,-0.9993048,-0.0087925199999999,0.0093611599999999,0.315285879999998,1.7068196000000024,4.81966976,9.547339640000004,-14.490858079999995,23.547339640000004,99.8,31.37961808,133.18103096000118,86.47969596000073,81.55363764000069,96.29361588000084,258.34440904000223,1502.5076465199998,-1.01051736,-0.0803372799999999,0.0271603599999999,5.12310856,1.71173284,2.019713040000001,-4.0,16.0,-94.98506596,99.7445708,30.78985084,83.346886639999,53.038927599999376,62.84444435999926,33.427895519999595,133.71158307999838,1904.8043185199992,221,X1.4533 Y1.4852 Z0.0408
14:09:16.008,5,225,1.47677,1.46944,0.03982,85.071,54.20913,-24.98116,,185.42,0,0,,2,1,"{""sr"":{""mpox"":85.071,""mpoy"":54.20913,""mpoz"":-24.98116,""mpoa"":0,""posx"":1.47677,""posy"":1.46944,""posz"":0.03982,""posa"":0,""unit"":0,""stat"":5,""coor"":2,""momo"":1,""dist"":0,""home"":1,""mots"":1,""plan"":0,""line"":225,""path"":2,""frmo"":2,""prbe"":1,""safe"":0,""estp"":0,""spc"":1,""hold"":0,""macs"":5,""cycs"":1,""sps"":12000,""feed"":185.42,""mark"":1499779243}}",5.170056303434753,0.1897031686639944,0.1964575432105303,0.203489305637045,5.170056303434753,0.1897031686639944,0.1964575432105303,0.203489305637045,-1.00919172,-0.0258168,0.00709716,-5.3126598,-7.678912920000002,0.4231947199999996,-13.431045440000004,37.0,67.10014576,99.7,31.23568968,97.04342619999936,2.3440441199999844,1.875235319999988,1.875235319999988,5.156897039999966,1643.2098468000004,-0.99057776,0.03255976,-0.0138328400000001,-1.638503920000001,-0.7817909200000002,0.9527639200000004,-31.802958760000003,35.5066434,-36.80295876,99.8,31.45,81.06322436000005,64.85038840000007,60.79723920000007,63.33045720000007,196.57773924000023,1423.04643984,-0.98358016,0.1113943999999999,-0.0148167999999999,2.878298960000001,1.7523028799999998,3.8193948,-7.0,31.0,37.0,99.7,31.48078936,108.70811703999996,2.493305399999999,2.493305399999999,1.9946445199999991,5.983932999999997,1641.371973520001,-0.8965482800000004,0.341486679999999,-0.0016365999999995,2.452137799999995,1.5840134400000008,1.3148227600000002,9.148356839999996,0.0875612399999623,3.440603040000121,99.7,36.23538052,81.53460567999939,99.77385411999929,78.52571803999942,67.4397347199995,223.4550770399984,2495.736595840002,-1.01025156,-0.010747,0.02172292,0.3448110799999982,1.8826368400000013,4.693931399999999,9.04889304,-15.0,23.85161891999999,99.8,31.37598632,122.59291592000103,86.85955484000074,81.9118588800007,96.7549472000008,260.02892072000225,1295.0047171600008,-1.00551308,-0.07325236,0.00999228,5.198864239999999,1.7384671599999997,1.9497522799999996,-3.555665520000005,15.444334479999997,-95.44433448,99.79806352,30.79575048,87.84371035999895,52.431474199999386,62.206833919999255,32.88075519999961,132.41168975999844,1818.4240961600012,225,X1.4824 Y1.4667 Z0.0396
14:09:16.267,5,228,1.50607,1.45893,0.03873,85.81522,53.94215,-25.00867,,185.42,0,0,,2,1,"{""sr"":{""mpox"":85.81522,""mpoy"":53.94215,""mpoz"":-25.00867,""mpoa"":0,""posx"":1.50607,""posy"":1.45893,""posz"":0.03873,""posa"":0,""unit"":0,""stat"":5,""coor"":2,""momo"":1,""dist"":0,""home"":1,""mots"":1,""plan"":0,""line"":228,""path"":2,""frmo"":2,""prbe"":1,""safe"":0,""estp"":0,""spc"":1,""hold"":0,""macs"":5,""cycs"":1,""sps"":12000,""feed"":185.42,""mark"":1499779243}}",5.396700503416888,0.2068178958850219,0.2067869848256465,0.2001810581538594,5.396700503416888,0.2068178958850219,0.2067869848256465,0.2001810581538594,-0.9676582599999992,-0.0582350399999997,-0.0021210400000001,-5.259488720000006,-7.815145799999998,0.3393271999999999,-14.0,37.0,67.57155972000002,99.7,31.24571576,131.98477028000258,3.157530420000062,2.526024580000049,2.526024580000049,6.946566680000136,1673.8689879800006,-0.99044588,0.0411002999999999,-0.0143234999999999,-1.5471070600000016,-0.8361579999999986,0.9366329800000016,-31.88428518000001,36.410102080000016,-36.5258169,99.8,31.45474166,71.12744145999963,60.69541665999969,56.9019535599997,59.27286783999969,183.98298237999904,1238.0763936200008,-1.03252148,0.13890476,-0.00316498,2.7406222800000006,1.768741,3.8901439399999984,-7.0,31.0,37.22974953999998,99.7,31.48645076,110.60415554000016,2.5515874400000045,2.5515874400000045,2.041269760000004,6.123809760000011,1404.7864693600022,-0.6795359999999935,0.4254770800000019,0.00451628,1.8976980600000293,1.3027912999999915,1.5545917600000017,10.019217879999928,6.848794319999995,1.669068599999573,99.7,36.22208026,112.13657048000238,138.40856718000293,108.93266852000232,93.55393878000196,309.4969337200065,2344.7748520400123,-1.00722708,-0.0045765399999998,0.00931004,0.3263719600000039,1.9001689399999957,4.746534380000002,10.0,-14.29892439999998,23.762858940000022,99.77010766,31.38463918,44.73328349999739,47.529006979997,44.83868619999717,52.61072487999669,141.75203033999108,1180.2790625799985,-0.99946956,-0.0754649200000001,0.0424437199999998,5.281354479999997,1.7260326799999988,1.9700326799999988,-4.720773440000021,16.0,-95.0,99.7279229,30.81,94.42131200000276,85.0512581000025,100.90827292000296,53.33723020000157,214.79046568000624,1543.1386074600025,228,X1.507 Y1.4587 Z0.0387
14:09:16.524,5,232,1.53734,1.45651,0.03764,86.60953,53.88063,-25.0364,,185.42,0,0,,2,1,"{""sr"":{""mpox"":86.60953,""mpoy"":53.88063,""mpoz"":-25.0364,""mpoa"":0,""posx"":1.53734,""posy"":1.45651,""posz"":0.03764,""posa"":0,""unit"":0,""stat"":5,""coor"":2,""momo"":1,""dist"":0,""home"":1,""mots"":1,""plan"":0,""line"":232,""path"":2,""frmo"":2,""prbe"":1,""safe"":0,""estp"":0,""spc"":1,""hold"":0,""macs"":5,""cycs"":1,""sps"":12000,""feed"":185.42,""mark"":1499779243}}",5.221772919566571,0.2003572453328571,0.1740014194440467,0.1848053933996316,5.221772919566571,0.2003572453328571,0.1740014194440467,0.1848053933996316,-0.97165724,-0.0387450399999996,0.0099872800000001,-5.298293759999998,-7.80823312,0.4924709600000009,-9.859634399999916,26.05760475999977,46.53596363999959,99.7,31.24350612,61.51400344000128,1.4787024400000306,1.1829616000000245,1.1829616000000245,3.2531448400000675,1464.8820098400029,-0.99136592,0.03516356,0.0067482799999999,-1.5934879200000005,-0.6700065200000013,0.8600034000000019,-32.0,36.0,-38.0,99.8,31.46490776,82.5507190799999,69.62643723999983,65.27478495999985,67.99456783999983,211.5459155599995,1351.0044636400046,-0.9830688,0.1148135200000001,-0.0119752399999999,2.7505108400000005,1.77207164,3.87302536,-7.0,31.459428639999995,36.0,99.7,31.48,105.78058456000012,2.4150815200000024,2.4150815200000024,1.9320655200000016,5.313179920000005,1470.355611120001,-0.8069532800000008,0.2657847600000012,-0.1333073999999999,1.730703160000019,1.771658599999993,1.4543139200000013,10.359006559999996,1.7381565599998747,8.216344560000044,99.7,36.20725044,48.56930824000118,59.387488240001446,46.46521076000113,40.14154272000098,132.79702208000325,1586.5703374799955,-1.0102661999999998,0.0019642399999999,0.0366489199999997,0.379308599999997,1.7356293200000026,4.632342639999999,9.07871424,-14.0,24.81214899999999,99.71878524,31.39,146.9989807599983,129.13170167999854,121.8223601999986,142.9382355199984,386.5829551599956,1093.3219979999992,-1.01904356,-0.0837626799999999,0.0319279999999999,4.852176280000001,2.0826806799999966,1.9630665200000013,-3.0,16.0,-95.81858839999998,99.7148442,30.80033,23.17421716000169,17.549370000001232,20.78217252000147,10.984862640000776,44.26930544000314,1149.461042999999,232,X1.5414 Y1.4567 Z0.0375
14:09:16.780,5,236,1.56817,1.46228,0.03655,87.39256,54.02724,-25.06413,,185.42,0,0,,2,1,"{""sr"":{""mpox"":87.39256,""mpoy"":54.02724,""mpoz"":-25.06413,""mpoa"":0,""posx"":1.56817,""posy"":1.46228,""posz"":0.03655,""posa"":0,""unit"":0,""stat"":5,""coor"":2,""momo"":1,""dist"":0,""home"":1,""mots"":1,""plan"":0,""line"":236,""path"":2,""frmo"":2,""prbe"":1,""safe"":0,""estp"":0,""spc"":1,""hold"":0,""macs"":5,""cycs"":1,""sps"":12000,""feed"":185.42,""mark"":1499779243}}",5.050121244145625,0.200684620245527,0.2046093836499787,0.2121329580511915,5.050121244145625,0.200684620245527,0.2046093836499787,0.2121329580511915,-0.975181,-0.043545,0.005773,-4.860758,-7.778975,0.352126,-13.0,36.772564,66.0,99.7,31.237726,161.465906,3.862821,3.090257,3.090257,9.27077,1878.22797,-0.990552,0.042245,-0.007424,-1.452343,-0.759336,0.92188,-32.0,36.0,-37.551872,99.8,31.47,69.907934,57.360356,54.223462,56.015973,174.321707,1632.36706,-1.016,0.11684,-0.00788,2.842161,1.709,3.81572,-7.0,31.479993,38.0,99.7,31.48,113.361466,2.600034,2.080027,2.080027,5.720074,1604.201917,-1.067664,0.401286,0.013039,2.628606,0.876398,1.41655,7.79427,7.559893,-9.942705,99.7,36.192057,134.23171,171.562422,135.02598,115.963489,383.632638,2280.896079,-1.01709,-0.001636,-0.00727,0.127554,1.692339,4.688893,10.0,-14.091043,23.091043,99.8,31.39,18.026578,14.566932,13.747542,16.114668,43.518708,1465.705224,-1.003341,-0.071273,0.019205,5.244835,1.711083,1.955083,-3.965859,15.034141,-94.034141,99.703414,30.810341,163.230134,114.937195,136.186088,72.439409,289.757634,1614.209275,236,X1.575 Y1.4647 Z0.0363
14:09:17.039,5,239,1.59618,1.47578,0.03547,88.10404,54.37,-25.09165,,185.42,0,0,,2,1,"{""sr"":{""mpox"":88.10404,""mpoy"":54.37,""mpoz"":-25.09165,""mpoa"":0,""posx"":1.59618,""posy"":1.47578,""posz"":0.03547,""posa"":0,""unit"":0,""stat"":5,""coor"":2,""momo"":1,""dist"":0,""home"":1,""mots"":1,""plan"":0,""line"":239,""path"":2,""frmo"":2,""prbe"":1,""safe"":0,""estp"":0,""spc"":1,""hold"":0,""macs"":5,""cycs"":1,""sps"":12000,""feed"":185.42,""mark"":1499779243}}",5.4156390000665,0.2140846687166057,0.2058642161390793,0.206007482024685,5.4156390000665,0.2140846687166057,0.2058642161390793,0.206007482024685,-0.9959662,-0.0293619599999999,0.007777,-5.2384798,-7.802181139999999,0.3680794400000001,-13.327474380000002,36.0,66.8104283,99.7,31.24189584,68.25261220000048,1.6373730800000117,1.3098985200000093,1.3098985200000093,3.9296949200000273,1155.3617526800006,-0.99147682,0.0437039999999999,-0.0041675,-1.4262670999999998,-0.82565142,0.9382671,-32.0,35.6349647,-37.8006068,99.8,31.46535234,82.43130497999992,68.51433109999994,64.76745357999995,66.90852679999995,208.75460271999984,1075.2290244200017,-0.9953078,0.10807764,-0.0140912999999999,2.77108668,1.79979934,4.03231052,-7.0,32.0,38.0,99.7,31.49116604,105.51802360000003,2.442546540000001,1.9540373400000008,1.9540373400000008,5.373603280000002,1042.258455720001,-1.0510394399999996,0.1333875600000003,0.0442331199999997,2.8791803399999987,1.7222575199999983,1.8179617799999983,9.849127340000006,9.16030816,16.433323940000065,99.7,36.2065559,54.443321860000445,66.43930828000055,52.29019604000043,44.90805100000037,148.87326460000122,1360.37737572,-1.0063003,-0.01137218,-0.00190826,0.3203391200000002,1.6043302800000003,4.731316519999999,9.98367886,-14.0,24.7322134,99.77648576,31.40748496,151.08454919999932,122.37687061999944,115.49317149999948,136.1442688599994,366.3820781399983,837.2613525800004,-1.00322156,-0.076,0.0354811799999999,5.160941919999999,1.7585508599999995,2.1093579,-3.201330300000004,16.0,-94.99318052,99.8,30.81,20.3343789000004,24.360988820000475,28.38759856000056,15.301116660000302,61.2044668200012,893.9640134800001,239,X1.5978 Y1.4768 Z0.0354
14:09:17.295,5,243,1.61987,1.49631,0.03438,88.70595,54.89147,-25.11938,,185.42,0,0,,2,1,"{""sr"":{""mpox"":88.70595,""mpoy"":54.89147,""mpoz"":-25.11938,""mpoa"":0,""posx"":1.61987,""posy"":1.49631,""posz"":0.03438,""posa"":0,""unit"":0,""stat"":5,""coor"":2,""momo"":1,""dist"":0,""home"":1,""mots"":1,""plan"":0,""line"":243,""path"":2,""frmo"":2,""prbe"":1,""safe"":0,""estp"":0,""spc"":1,""hold"":0,""macs"":5,""cycs"":1,""sps"":12000,""feed"":185.42,""mark"":1499779243}}",5.119957706090788,0.1919137139745413,0.1983816993054842,0.1995494626415664,5.119957706090788,0.1919137139745413,0.1983816993054842,0.1995494626415664,-0.9567012,-0.0403994,0.0066232,-4.7797942,-8.087945500000002,0.3434896999999988,-13.392323300000005,36.1615894,66.2307339,99.7,31.2489216,127.0043669999992,3.038382099999981,2.430705399999985,2.430705399999985,7.292116899999955,1414.7631038000022,-0.9897125,0.0370859,-0.0026601999999999,-1.5782404000000003,-0.8135980000000005,0.8673567000000002,-32.0,36.1674621,-37.6459842,99.8,31.47,79.48281410000008,61.250833500000105,58.3797011000001,60.2937896000001,187.10215640000035,1262.1504351,-1.0343512,0.1273088999999999,-0.0021348,2.8380222,1.7304200999999997,3.8750222,-6.0,32.0,37.4921727,99.7,31.4831338,109.69073669999992,2.5391371999999985,2.031309899999999,2.031309899999999,5.586102099999996,1187.611865300001,-0.9662073999999992,0.1566429000000003,-0.0055882000000003,1.722551399999999,1.5354028000000015,1.6060456999999992,9.816467799999996,-1.5678139000000548,2.1456588000000125,99.7,36.22,102.17229029999932,133.51255599999908,105.01814939999927,90.2445976999994,298.54891029999794,1901.6874858999995,-1.0049865,-0.0136631,-0.007168,0.3466872999999975,1.9856209999999996,4.708209100000001,9.639215499999992,-14.0,23.36078450000001,99.8,31.3938686,63.92267310000112,53.88246260000094,50.535726100000886,59.90658890000105,161.31271480000285,1131.4585675999992,-0.9995446,-0.0755084,0.026028,5.0455161,1.8448493000000012,2.095483899999999,-3.3152063000000065,15.673530199999991,-94.3377333,99.7988735,30.81,106.58004779999898,83.5561188999992,97.24073319999906,52.740393899999496,210.242989399998,1196.9005613000002,243,X1.6232 Y1.5001 Z0.0342
14:09:17.554,5,247,1.6374,1.52212,0.03329,89.15102,55.54707,-25.14689,,185.42,0,0,,2,1,"{""sr"":{""mpox"":89.15102,""mpoy"":55.54707,""mpoz"":-25.14689,""mpoa"":0,""posx"":1.6374,""posy"":1.52212,""posz"":0.03329,""posa"":0,""unit"":0,""stat"":5,""coor"":2,""momo"":1,""dist"":0,""home"":1,""mots"":1,""plan"":0,""line"":247,""path"":2,""frmo"":2,""prbe"":1,""safe"":0,""estp"":0,""spc"":1,""hold"":0,""macs"":5,""cycs"":1,""sps"":12000,""feed"":185.42,""mark"":1499779243}}",5.344721242400572,0.1981318639943601,0.1941799334947668,0.2018212938403298,5.344721242400572,0.1981318639943601,0.1941799334947668,0.2018212938403298,-0.9433768000000003,0.0086151599999994,0.0181852799999998,-5.332590360000003,-7.808604999999998,0.3168539200000039,-13.119259919999998,36.0,66.0,99.7,31.23511308,101.40688856000126,2.443680480000031,1.9549438800000247,1.9549438800000247,5.864832640000073,1939.1011528799995,-0.99404004,0.0467288,-0.0137145999999997,-1.5730062800000004,-0.8400062800000003,0.8988482799999998,-31.49765696,36.0,-37.50234304,99.8,31.4676592,87.91004107999976,63.79757235999983,61.28585711999984,63.29522931999984,196.41614851999947,1864.8757957199985,-0.9965913999999996,0.1183264799999999,-0.0147037199999998,2.8077901200000004,1.7393269199999994,4.02820988,-6.501720199999999,31.4982798,36.74686216,99.7,31.4875144,108.8735638400001,2.4913985600000026,1.993119240000002,1.993119240000002,5.481077400000005,1780.4749732799971,-0.9068095199999996,0.1431910400000003,-0.0288435199999998,1.8805683999999945,1.852332480000004,1.4682982000000022,12.092814759999998,15.542945960000155,9.38944415999983,99.7,36.2390136,84.31976980000115,105.27786292000144,82.37017952000113,71.64743456000099,235.9003962800033,2089.560034320006,-1.0069660399999998,0.00207664,0.00623172,0.3633256000000047,1.5922183999999957,4.7013371999999976,9.95829472,-14.04170528,24.48409268000001,99.8,31.41,113.8996705199978,83.57699507999848,78.41792131999858,92.3891258799983,249.74087587999543,1490.7192140399989,-1.01138452,-0.0947924399999999,0.0204011999999996,5.285435560000001,1.6684726800000005,1.9834494800000009,-3.4828174000000107,15.50082707999999,-94.03271104,99.75171812,30.8,58.90375352000129,59.86938884000131,69.0429241200015,38.14259440000084,150.6391064000033,1704.4706917599976,247,X1.6408 Y1.5298 Z0.033
14:09:17.811,5,250,1.64739,1.55157,0.03211,89.40473,56.29504,-25.17695,,185.42,0,0,,2,1,"{""sr"":{""mpox"":89.40473,""mpoy"":56.29504,""mpoz"":-25.17695,""mpoa"":0,""posx"":1.64739,""posy"":1.55157,""posz"":0.03211,""posa"":0,""unit"":0,""stat"":5,""coor"":2,""momo"":1,""dist"":0,""home"":1,""mots"":1,""plan"":0,""line"":250,""path"":2,""frmo"":2,""prbe"":1,""safe"":0,""estp"":0,""spc"":1,""hold"":0,""macs"":5,""cycs"":1,""sps"":12000,""feed"":185.42,""mark"":1499779243}}",5.143943575482857,0.1919628484804308,0.2056275404751595,0.2040818464238492,5.143943575482857,0.1919628484804308,0.2056275404751595,0.2040818464238492,-0.9863942600000012,-0.0316519999999998,-0.0005675399999997,-5.312695859999991,-7.786037020000001,0.4190556599999974,-13.086793519999992,36.0,66.91320648000001,99.7,31.2504334,91.32561817999564,2.174419359999896,1.7395354399999168,1.7395354399999168,5.21860655999975,1283.7678115600002,-0.9904885200000002,0.0397488599999998,-0.00268112,-1.4138121199999956,-0.7580660799999953,1.0154591800000017,-32.0,36.0,-37.19790805999999,99.8,31.47,81.29588616000068,65.34542776000055,63.28730372000054,64.83089650000055,201.6961223800017,1271.1425783200027,-1.0344994199999995,0.1301555800000002,-0.0119210800000001,2.791032899999996,1.6876841000000025,3.9785915,-7.0,31.50382708,37.46052774000005,99.7,31.47182362,107.66945035999969,2.4808629799999924,1.984690059999994,1.984690059999994,5.457898259999984,1095.4355839600016,-1.0100321800000005,0.1442774000000006,0.026819620000001,2.056004580000034,1.2080964599999755,1.536066620000009,5.994586020000061,-1.9592931599998624,-5.739121319999823,99.7,36.25,69.29292153999623,92.08256107999507,72.04607789999613,62.54297541999664,205.90683885998897,1767.983876139991,-1.0058951399999998,-0.0174543600000008,-0.0024529400000002,0.2093724599999786,1.995204200000012,4.660239339999998,9.402939219999968,-14.0,23.751125239999933,99.70547522,31.41,107.47092300000573,97.3208915600052,91.35028448000486,107.47092300000573,290.76855312001544,1169.3726199000084,-1.00793614,-0.0850778799999993,0.0378741800000005,5.334684160000009,1.6518905000000002,2.010442520000007,-3.9787414399999994,15.388204039999964,-95.38820403999996,99.8,30.81021266,38.72428071999655,48.9349736799955,55.90138865999486,31.07758561999714,122.30554611998876,1200.6803059000058,250,X1.648 Y1.5546 Z0.032
14:09:18.069,5,254,1.64951,1.58289,0.03102,89.45858,57.09062,-25.20468,,185.42,0,0,,2,1,"{""sr"":{""mpox"":89.45858,""mpoy"":57.09062,""mpoz"":-25.20468,""mpoa"":0,""posx"":1.64951,""posy"":1.58289,""posz"":0.03102,""posa"":0,""unit"":0,""stat"":5,""coor"":2,""momo"":1,""dist"":0,""home"":1,""mots"":1,""plan"":0,""line"":254,""path"":2,""frmo"":2,""prbe"":1,""safe"":0,""estp"":0,""spc"":1,""hold"":0,""macs"":5,""cycs"":1,""sps"":12000,""feed"":185.42,""mark"":1499779243}}",5.315126490085577,0.2027495085428473,0.2040547842784326,0.2107670559155691,5.315126490085577,0.2027495085428473,0.2040547842784326,0.2107670559155691,-0.931690559999999,0.0048970600000025,0.0189232000000005,-5.416826300000003,-7.634969779999998,0.6009621000000023,-13.251323600000024,36.60051420000001,66.0,99.7,31.24600522,135.9185111200021,3.2540451000000497,2.60323648000004,2.60323648000004,7.158899600000109,2194.9883197600047,-0.98419098,0.0432934799999999,-0.0186941599999999,-1.6341547600000017,-0.6227168800000024,1.0664683999999998,-32.0,36.0,-38.129112059999976,99.8,31.47,77.47159039999964,58.803737179999736,57.870344819999744,59.27043363999974,183.4116566399992,1448.9103238999942,-0.9837205999999996,0.1607734800000005,-0.0290860800000002,2.7782191000000003,1.751712499999999,3.9239591999999983,-6.511788640000001,31.40579110000001,37.21199485999998,99.7,31.47594244,111.35797696000016,2.558944320000004,2.047155680000003,2.047155680000003,5.629677060000008,2095.8439017199967,-0.9008058999999956,0.4338809800000019,-0.0446762999999998,3.845850420000024,1.194362079999996,1.4849881400000011,6.893620839999955,5.645299959999792,21.40154708000007,99.7,36.269844,107.5418532400018,143.38913784000238,112.85256254000188,96.9204362000016,320.6340451000053,4203.96592804002,-1.0036855399999995,-0.0109883000000002,-0.0054983000000002,0.5332377999999983,1.8064609599999983,4.744768940000001,7.339171160000153,-10.274839200000214,17.614010360000368,99.8,31.41,59.03966091999677,43.37151555999751,40.71068671999766,48.16100831999724,129.91402427999253,1531.137017759998,-1.0038684800000004,-0.0756679600000005,0.0127457799999995,5.0029894600000056,1.790131179999999,1.988078720000002,-3.212468959999982,15.787531040000015,-94.78753104000002,99.8,30.81516258,106.8980736400024,97.0422229400022,109.93064288000248,62.1676740000014,241.84741398000548,2364.985141120006,254,X1.649 Y1.5891 Z0.0308
14:09:18.325,5,257,1.64332,1.61362,0.02993,89.30136,57.8711,-25.23241,,185.42,0,0,,2,1,"{""sr"":{""mpox"":89.30136,""mpoy"":57.8711,""mpoz"":-25.23241,""mpoa"":0,""posx"":1.64332,""posy"":1.61362,""posz"":0.02993,""posa"":0,""unit"":0,""stat"":5,""coor"":2,""momo"":1,""dist"":0,""home"":1,""mots"":1,""plan"":0,""line"":257,""path"":2,""frmo"":2,""prbe"":1,""safe"":0,""estp"":0,""spc"":1,""hold"":0,""macs"":5,""cycs"":1,""sps"":12000,""feed"":185.42,""mark"":1499779243}}",5.12678222616778,0.1927024185628609,0.197037484356873,0.1926605808817315,5.12678222616778,0.1927024185628609,0.197037484356873,0.1926605808817315,-0.9523523999999992,-0.0489167000000003,0.0028194999999996,-5.052816899999998,-8.035578500000005,0.3322178999999962,-13.692132400000016,36.0,66.71541800000001,99.7,31.2402329,59.19299109999762,1.4229080999999424,1.1383269999999546,1.1383269999999546,3.1303989999998745,1369.9990142999957,-0.9915003,0.0460281,-0.0138089999999999,-1.6811912000000016,-0.7571091000000004,0.9263254999999992,-31.500030199999987,36.0,-37.1325458,99.8,31.4745585,92.2577535000006,68.5656524000003,67.97727910000032,69.1098240000003,214.40370670000092,1025.9167194999957,-1.0119584999999995,0.1218702999999999,-0.0098765,2.802911700000001,1.7046745999999997,3.9081623,-6.5177263000000005,31.95203230000001,37.53024139999999,99.7,31.4901252,105.6179008999998,2.411367799999996,1.9290939999999963,1.9290939999999963,5.30500839999999,1199.3131044999975,-0.8375282999999983,0.1364048999999984,-0.0537614000000006,2.5178790999999725,1.474298700000006,1.4137102999999978,7.207750600000043,-11.822049200000109,4.043904099999765,99.7,36.2692041,42.87897039999794,56.82121219999727,44.27386869999787,38.40693009999816,126.79548279999392,2262.9930939000046,-1.0075911,-0.0057168,0.0244974000000002,0.3577403999999947,1.8870194,4.609644099999997,9.918343899999998,-14.081656100000002,24.9183439,99.8,31.4117289,189.401159500004,135.64100490000288,127.37021200000272,150.52843220000318,405.2688571000086,942.6415593999978,-1.0047353,-0.0770613000000001,0.0234078999999998,5.0618744,1.6249097999999953,2.014,-3.86999310000002,15.0338175,-94.13000689999998,99.8,30.8196616,16.67468059999747,16.934693599997445,18.98098439999712,10.824377299998377,41.89598819999366,1284.9752353000008,257,X1.6431 Y1.6143 Z0.0299
14:09:18.583,5,261,1.62937,1.64145,0.02884,88.94703,58.578,-25.25992,,185.42,0,0,,2,1,"{""sr"":{""mpox"":88.94703,""mpoy"":58.578,""mpoz"":-25.25992,""mpoa"":0,""posx"":1.62937,""posy"":1.64145,""posz"":0.02884,""posa"":0,""unit"":0,""stat"":5,""coor"":2,""momo"":1,""dist"":0,""home"":1,""mots"":1,""plan"":0,""line"":261,""path"":2,""frmo"":2,""prbe"":1,""safe"":0,""estp"":0,""spc"":1,""hold"":0,""macs"":5,""cycs"":1,""sps"":12000,""feed"":185.42,""mark"":1499779243}}",5.3090739706691945,0.2141734110577463,0.2199056858899983,0.2026805337322441,5.3090739706691945,0.2141734110577463,0.2199056858899983,0.2026805337322441,-0.9618966,-0.0359577,0.00265946,-5.490944539999999,-7.6477142,0.5625812399999998,-13.04616556,36.0,65.56717152,99.7,31.22735388,155.29440581999984,3.697485659999996,2.957989079999997,2.957989079999997,8.134468839999991,1387.4450269,-0.99266882,0.03964818,-0.00296094,-1.3588795200000003,-0.7872717,0.977,-32.0,36.0,-38.41976076,99.8,31.47033282,73.83312244000001,56.63039630000002,56.63039630000002,57.56976480000002,178.95205112000005,1370.68768028,-1.00401134,0.12338468,-0.0086105399999999,2.77831974,1.67552696,3.84689636,-6.96891172,32.0,38.0,99.7,31.46579792,113.36370322,2.58821274,2.07056958,2.07056958,5.69406758,1309.8674557399995,-1.00747352,0.2665446200000001,0.0329312799999999,2.84992766,1.22246856,1.52820284,9.216366059999997,9.85767442000001,8.804168619999983,99.7,36.25,125.90909477999983,163.91183745999982,128.99264921999986,110.79226079999988,365.7541914799996,1660.6366536799997,-1.00338516,-0.0122718999999999,-0.0087860799999999,0.4566013199999997,1.78636692,4.70801622,9.0054684,-14.136885940000004,23.98906326,99.8,31.43,25.59775856000022,22.586258120000192,21.08050696000018,24.913326920000213,67.21122772000057,1072.41469162,-1.01380468,-0.0803594199999999,0.0291612799999999,5.282339380000001,1.7808663600000003,2.01949448,-3.0880521000000014,15.092102880000002,-95.09007746,99.8,30.81002028,87.37281769999989,120.11180075999982,132.85071601999982,77.3434160399999,295.7268516599996,1131.9306939000005,261,X1.6271 Y1.6448 Z0.0287
14:09:18.840,5,265,1.60858,1.66492,0.02775,88.41914,59.17413,-25.28765,,185.42,0,0,,2,1,"{""sr"":{""mpox"":88.41914,""mpoy"":59.17413,""mpoz"":-25.28765,""mpoa"":0,""posx"":1.60858,""posy"":1.66492,""posz"":0.02775,""posa"":0,""unit"":0,""stat"":5,""coor"":2,""momo"":1,""dist"":0,""home"":1,""mots"":1,""plan"":0,""line"":265,""path"":2,""frmo"":2,""prbe"":1,""safe"":0,""estp"":0,""spc"":1,""hold"":0,""macs"":5,""cycs"":1,""sps"":12000,""feed"":185.42,""mark"":1499779243}}",5.25597377147678,0.1855756657387039,0.1869407410969389,0.1987432268890241,5.25597377147678,0.1855756657387039,0.1869407410969389,0.1987432268890241,-0.9525802000000008,-0.0382969999999999,-0.0010277999999998,-5.038912799999999,-7.992160200000003,0.2740730000000023,-13.15384480000002,36.0,66.15384480000002,99.7,31.24,70.57718180000315,1.6958100000000764,1.3566484000000611,1.3566484000000611,3.730782400000168,1957.6868106000036,-0.9931538,0.0472667999999999,-0.0014896000000002,-1.526,-0.8392154000000018,0.9553248000000008,-31.888859799999985,36.111140200000015,-38.57761480000001,99.8,31.485335,78.96182479999953,66.6907305999996,67.2242559999996,68.29130779999959,210.2091817999988,1560.6854881999998,-0.9910233999999996,0.1026190000000002,-0.0159704,2.8233202000000013,1.7573033999999983,3.9263562000000025,-6.510752199999999,32.0,36.89592979999998,99.7,31.48,105.88567500000026,2.446239400000006,1.9569914000000044,1.9569914000000044,5.381726600000012,2080.2277144000063,-0.9217705999999988,0.4154271999999993,0.0579625999999991,1.998153199999975,1.6525301999999988,1.5769684000000022,7.120450400000131,-0.4827704000000401,4.412801200000257,99.7,36.2531938,51.737262800002746,68.98301700000366,53.97282300000286,46.62740960000247,153.93432420000818,3071.895426399997,-1.0099577999999998,-0.0067093999999999,-0.0235089999999987,0.116632000000011,1.885055799999988,4.836486800000001,10.0,-14.726857599999974,24.0,99.8,31.432731200000003,111.1439681999968,122.85484279999616,114.68115719999642,135.53227659999575,365.63927419998856,1334.9334048000032,-1.0024022,-0.0734316,0.0007586000000003,4.768878600000008,2.169727799999997,1.8457998000000015,-3.219727400000026,16.0,-94.77264159999996,99.8,30.82,31.42095980000377,29.44341700000353,32.299868400003874,18.896521400002268,72.07045340000865,2125.333289600004,265,X1.603 Y1.6695 Z0.0275
14:09:19.097,5,268,1.58251,1.68193,0.02667,87.75691,59.60635,-25.31517,,185.42,0,0,,2,1,"{""sr"":{""mpox"":87.75691,""mpoy"":59.60635,""mpoz"":-25.31517,""mpoa"":0,""posx"":1.58251,""posy"":1.68193,""posz"":0.02667,""posa"":0,""unit"":0,""stat"":5,""coor"":2,""momo"":1,""dist"":0,""home"":1,""mots"":1,""plan"":0,""line"":268,""path"":2,""frmo"":2,""prbe"":1,""safe"":0,""estp"":0,""spc"":1,""hold"":0,""macs"":5,""cycs"":1,""sps"":12000,""feed"":185.42,""mark"":1499779243}}",5.107736452695218,0.1994848190841475,0.2075567161020251,0.2087438990493184,5.107736452695218,0.1994848190841475,0.2075567161020251,0.2087438990493184,-0.9801712400000002,-0.0422268199999997,0.0084567200000004,-5.336283880000004,-7.738119519999998,0.5276022200000025,-13.586127080000008,37.0,67.15235308000001,99.7,31.25172222,123.08673356000176,2.9306364000000418,2.344509320000034,2.344509320000034,6.447400220000093,1677.6203518999978,-1.00181962,0.0341586599999999,0.0198077199999995,-1.5754274200000005,-0.7792429400000003,0.9420925400000016,-31.707619339999997,35.67180807999999,-38.39504778000002,99.8,31.484821,76.18650867999975,60.261778899999776,60.743873439999774,61.70806217999977,190.1348417999993,1575.2966635399955,-1.00014794,0.1217201400000001,0.0041405399999998,2.874392399999997,1.7012380399999991,4.0595933,-7.0,31.49402438,37.50597562,99.7,31.48316602,107.77275128000016,2.529876760000003,2.0239011400000027,2.0239011400000027,5.565728800000008,1631.1383135199933,-0.8335878199999979,0.4219694799999995,0.0420621600000019,1.7870026200000046,1.4051734999999983,1.5386758799999996,6.861465300000006,8.60802152000019,12.960989580000048,99.7,36.24069258,100.84910594000154,128.364712540002,100.36423466000156,86.76503750000136,285.84919780000445,2499.7091004600006,-1.0115904999999998,-0.0084312799999999,0.0110814599999993,0.2769367199999967,1.8517052799999996,4.653083759999997,10.0,-14.369803099999988,23.0,99.8,31.43,76.17947087999737,61.01753725999789,56.94970119999802,67.30419255999767,181.2035956199937,1407.906930580001,-0.99629006,-0.07877762,0.0299254200000003,5.095663679999996,1.8193186800000052,1.976823019999999,-4.0,16.0,-94.36525027999998,99.8,30.81987352,108.68647926000244,86.76356756000195,95.81445194000212,56.323360300001255,212.9929372000048,1635.0777970199977,268,X1.5808 Y1.6828 Z0.0266
14:09:19.355,5,272,1.55266,1.69167,0.02557,86.99864,59.85358,-25.3429,,185.42,0,0,,2,1,"{""sr"":{""mpox"":86.99864,""mpoy"":59.85358,""mpoz"":-25.3429,""mpoa"":0,""posx"":1.55266,""posy"":1.69167,""posz"":0.02557,""posa"":0,""unit"":0,""stat"":5,""coor"":2,""momo"":1,""dist"":0,""home"":1,""mots"":1,""plan"":0,""line"":272,""path"":2,""frmo"":2,""prbe"":1,""safe"":0,""estp"":0,""spc"":1,""hold"":0,""macs"":5,""cycs"":1,""sps"":12000,""feed"":185.42,""mark"":1499779243}}",5.406644032141485,0.1987948853675392,0.2018181554892283,0.2018892124919119,5.406644032141485,0.1987948853675392,0.2018181554892283,0.2018892124919119,-0.9750999999999992,-0.0189955000000005,0.0106759999999997,-5.133849499999997,-7.798849000000001,0.4315064999999963,-13.0,37.0,67.1150505,99.7,31.2361365,102.89811750000396,2.5069040000000964,2.005523000000077,2.005523000000077,5.515189000000212,1411.525471999994,-0.9923855,0.0378444999999998,0.0036385000000004,-1.5292750000000022,-0.8711200000000012,1.0211559999999988,-31.498575500000005,36.0,-37.777555000000014,99.8,31.49,69.69803349999947,62.67808749999952,63.17951249999952,64.18236199999951,197.5613319999985,1145.621589000002,-0.9995399999999997,0.1241139999999997,-0.0130054999999999,2.792031499999999,1.7075079999999982,3.843617999999998,-7.500901499999999,31.5009015,37.0,99.7,31.487609,107.82611850000036,2.495492500000008,1.996394000000006,1.996394000000006,5.490083500000016,1038.9469454999978,-0.8919440000000021,0.401139500000002,-0.0215059999999994,2.427064499999976,1.36200200000002,1.4042629999999925,9.8085415,-0.3517114999996572,3.988301499999508,99.7,36.256019,83.37995100000352,107.84472700000454,84.37851350000355,72.89504700000307,240.1542295000101,2116.2079894999924,-1.0052725,-0.011861,-0.0128120000000001,0.3608404999999925,1.8558855000000012,4.727828999999998,10.0,-14.453231500000026,23.54676849999997,99.8,31.439547,104.08402549999391,82.70095899999518,77.2298194999955,91.27160449999468,245.2297509999857,1085.2211469999947,-0.989521499999999,-0.0764539999999997,0.0283525000000002,5.125502000000012,1.814186000000003,2.101220499999997,-3.982865999999999,16.0,-94.49838099999997,99.8,30.8097965,78.75420000000517,67.71857950000444,74.23962800000488,43.64086200000288,165.53430600001087,1232.248691499987,272,X1.5477 Y1.6926 Z0.0254
14:09:19.612,5,276,1.52156,1.69337,0.02449,86.20885,59.8969,-25.37041,,185.42,0,0,,2,1,"{""sr"":{""mpox"":86.20885,""mpoy"":59.8969,""mpoz"":-25.37041,""mpoa"":0,""posx"":1.52156,""posy"":1.69337,""posz"":0.02449,""posa"":0,""unit"":0,""stat"":5,""coor"":2,""momo"":1,""dist"":0,""home"":1,""mots"":1,""plan"":0,""line"":276,""path"":2,""frmo"":2,""prbe"":1,""safe"":0,""estp"":0,""spc"":1,""hold"":0,""macs"":5,""cycs"":1,""sps"":12000,""feed"":185.42,""mark"":1499779243}}",5.150218208807565,0.1996970035696561,0.2018127914912142,0.2005599076607795,5.150218208807565,0.1996970035696561,0.2018127914912142,0.2005599076607795,-0.983862,-0.0285570800000001,-0.0009892799999999,-5.294388039999999,-7.724089999999999,0.4677240799999995,-13.0,36.50806464000001,65.93303128000001,99.7,31.24425008,88.81811032000095,2.124835120000023,1.6998678400000184,1.6998678400000184,4.674637520000051,1295.8099337599988,-0.9963292,0.0421196,-0.02324416,-1.5731713600000006,-0.916,0.916,-31.51551936,36.0,-37.80434496000001,99.8,31.49355584,78.11049807999981,63.92437967999989,64.59983119999988,65.63086991999988,203.11456175999965,1267.7007985199996,-1.02496412,0.12078196,-0.0064822,2.7674992000000014,1.6676736399999996,4.0482336,-7.0,31.33170304,36.0,99.7,31.4834578,107.99833552000008,2.477026080000001,2.477026080000001,1.9816209200000008,5.944862760000004,1165.6714733600013,-0.9457848399999996,0.4237137600000003,0.0026949599999997,2.2232262000000023,2.0034729599999963,1.4972670400000012,9.601282680000024,16.561546880000034,-9.07749636000005,99.7,36.27585696,68.64991372000084,89.49459508000108,69.89289432000086,60.49171724000073,199.29120496000243,1635.79688772,-1.00470688,-0.0119725999999999,-0.0053988399999998,0.299479559999998,1.691505200000001,4.775084239999999,10.05590976,-14.0,24.230892119999982,99.8,31.44,101.54860723999884,100.93316099999883,94.16325415999891,110.78029831999874,299.1068063599966,1120.5060383199989,-1.00836772,-0.0769811199999999,0.03601752,5.261810159999998,1.8324950800000013,1.9940831999999995,-3.279503559999984,15.9775072,-93.74298924,99.8,30.81371448,62.25364868000135,50.15177556000109,55.3527006000012,32.32003300000069,122.61572192000266,1245.5378563599986,276,X1.5133 Y1.6924 Z0.0242
14:09:19.870,5,279,1.49093,1.68673,0.0234,85.43083,59.72827,-25.39814,,185.42,0,0,,2,1,"{""sr"":{""mpox"":85.43083,""mpoy"":59.72827,""mpoz"":-25.39814,""mpoa"":0,""posx"":1.49093,""posy"":1.68673,""posz"":0.0234,""posa"":0,""unit"":0,""stat"":5,""coor"":2,""momo"":1,""dist"":0,""home"":1,""mots"":1,""plan"":0,""line"":279,""path"":2,""frmo"":2,""prbe"":1,""safe"":0,""estp"":0,""spc"":1,""hold"":0,""macs"":5,""cycs"":1,""sps"":12000,""feed"":185.42,""mark"":1499779243}}",5.413511308626006,0.2016028003865404,0.2132958937211064,0.2004898860621559,5.413511308626006,0.2016028003865404,0.2132958937211064,0.2004898860621559,-0.9942152000000006,-0.0364286,0.0094452000000003,-5.365117599999992,-7.620912800000011,0.5543807999999933,-13.57148059999997,37.0,66.52532019999997,99.7,31.2461768,136.92766079999686,3.319005199999923,2.6552041999999383,2.6552041999999383,7.301811599999831,1613.2053326000105,-0.989658,0.0430409999999999,-0.0118182000000003,-1.5977818000000017,-0.8816511999999991,0.8925214000000006,-31.911623999999986,36.0,-37.44598719999998,99.8,31.49,67.98296260000048,57.73895420000041,58.204591000000406,59.135864400000415,182.9952348000013,1242.165761200006,-0.9982846,0.1163195999999998,-0.0107450000000001,2.808,1.7387056,4.0592944,-7.0,31.096419400000013,37.4869774,99.7,31.478332,111.9661893999997,2.5651109999999946,2.4686917999999807,2.052088599999996,6.156266399999987,1462.4013485999983,-0.9318617999999994,0.3817466000000058,-0.0035113999999993,1.441686200000005,0.934709199999992,1.455473399999997,10.520268999999931,-2.9392661999997403,17.564545999999766,99.7,36.28,111.6125605999972,146.11098819999634,113.64187979999716,98.76020539999752,325.3675257999918,2264.831362600019,-1.008266,-0.0091045999999997,0.0230053999999998,0.2354064000000003,2.064969999999989,4.661265600000004,9.252943200000024,-14.747056799999976,23.182505600000027,99.8,31.448175,54.289836400004745,40.90634080000378,38.37691000000356,45.20637320000421,121.7072498000113,1191.9918890000044,-1.0114968,-0.0763507999999998,0.0315876000000001,5.207799200000004,1.5468230000000098,2.0003627999999987,-3.776439799999973,16.0,-94.71516699999998,99.8,30.8180708,157.61723239999463,104.81934159999643,115.68949599999608,67.55024259999772,256.22505779999136,1613.5127526000106,279,X1.4882 Y1.6858 Z0.0233
14:09:20.127,5,283,1.46326,1.67241,0.02232,84.72782,59.36449,-25.42566,,185.42,0,0,,2,1,"{""sr"":{""mpox"":84.72782,""mpoy"":59.36449,""mpoz"":-25.42566,""mpoa"":0,""posx"":1.46326,""posy"":1.67241,""posz"":0.02232,""posa"":0,""unit"":0,""stat"":5,""coor"":2,""momo"":1,""dist"":0,""home"":1,""mots"":1,""plan"":0,""line"":283,""path"":2,""frmo"":2,""prbe"":1,""safe"":0,""estp"":0,""spc"":1,""hold"":0,""macs"":5,""cycs"":1,""sps"":12000,""feed"":185.42,""mark"":1499779243}}",4.975599087822463,0.1970841306319926,0.2017651724769588,0.2048169023505107,4.975599087822463,0.1970841306319926,0.2017651724769588,0.2048169023505107,-0.97434006,-0.0293797999999999,0.01085228,-4.81738852,-8.02469692,0.3282663800000003,-13.26263288,37.0,66.98634922,99.7,31.24,54.36505954000017,1.313165220000004,1.0505324000000034,1.0505324000000034,2.8889642600000083,1522.2213785800006,-0.99176052,0.04283174,-0.0109819399999999,-1.3101045600000003,-0.8573022800000001,0.94185334,-31.451113,36.0,-37.97315234,99.8,31.4902685,82.18682145999999,68.61082777999998,68.08878843999997,69.18656149999998,215.16355575999995,1322.9619381200002,-1.0139614,0.1271639,-0.0089809999999999,2.95465962,1.65151348,3.969168,-7.028799160000001,32.0,36.51608482,99.7,31.46541504,105.49354126,2.4195767800000003,2.4195767800000003,1.9356616,5.806983860000001,1797.9258198400005,-0.8821421400000001,0.3438427599999997,-0.0049528399999999,2.859664819999998,1.70317532,1.48253238,9.520661959999998,-0.5638936399999848,3.3002025199999947,99.7,36.26,38.05864902000014,51.76846988000018,40.26436496000013,34.99165104000013,115.28071238000038,2799.325407020001,-1.0057991,-0.0096714399999999,0.0082514799999999,0.0891619000000005,1.80832406,4.81865956,10.0,-13.91470158,23.1400594,99.8,31.44054762,209.8254484799997,137.5904577199998,128.99105371999983,152.20944397999978,409.33161181999947,1305.42284082,-1.00576556,-0.07700356,0.0336365999999999,5.01420062,1.7748841400000002,1.84235886,-3.0,16.0,-95.05772456,99.8,30.81070782,17.27898618000024,12.44110766000018,13.873112560000193,8.00730006000012,30.597194280000416,2045.0631822,283,X1.4582 Y1.6688 Z0.0221
14:09:20.384,5,286,1.44008,1.65133,0.02123,84.13924,58.82911,-25.45339,,185.42,0,0,,2,1,"{""sr"":{""mpox"":84.13924,""mpoy"":58.82911,""mpoz"":-25.45339,""mpoa"":0,""posx"":1.44008,""posy"":1.65133,""posz"":0.02123,""posa"":0,""unit"":0,""stat"":5,""coor"":2,""momo"":1,""dist"":0,""home"":1,""mots"":1,""plan"":0,""line"":286,""path"":2,""frmo"":2,""prbe"":1,""safe"":0,""estp"":0,""spc"":1,""hold"":0,""macs"":5,""cycs"":1,""sps"":12000,""feed"":185.42,""mark"":1499779243}}",5.318508884087823,0.2025477276068738,0.2070475597541497,0.2060568564149548,5.318508884087823,0.2025477276068738,0.2070475597541497,0.2060568564149548,-0.9868710000000004,-0.0144554400000002,0.0104387599999996,-4.674669280000006,-8.08871988,0.1768027599999997,-12.541580760000029,36.270789960000016,65.60316364000005,99.7,31.24209208,150.21720087999716,3.6460484399999302,2.9168383999999445,2.9168383999999445,8.021306999999847,1410.874792600002,-0.9883534000000002,0.0400486,-0.0022937600000003,-1.658871559999999,-0.8906503200000007,1.0130588000000007,-31.408869159999988,36.0,-38.09300996,99.8,31.50591152,67.48873792000026,56.68686880000037,56.188747920000345,57.14036332000036,176.86303004000112,1190.4292529599995,-0.99564732,0.1339841199999994,-0.0127406799999998,2.8300539599999994,1.750853000000003,4.052233399999999,-3.635468559999992,16.619283719999967,19.21604711999996,99.7,31.47397244,112.69952007999976,2.5967633999999946,2.5967633999999946,2.077410319999996,6.232231959999987,1016.1001180800048,-0.8750504400000004,0.2522660800000024,0.0069806,2.0526972000000043,1.3351518000000049,1.455926880000008,9.07620044000008,15.586166280000285,3.646463119999905,99.7,36.2773094,121.76032359999752,161.35110407999673,126.24229875999744,109.0613941599978,359.3210495599927,1979.7486063999968,-1.00777352,-0.0025398799999999,0.0028897200000002,0.618054559999984,1.574069640000007,4.615833840000005,9.160515640000025,-14.839484359999975,23.014555680000004,99.8,31.4331372,37.23674912000511,23.445360440003217,21.91298420000301,26.05040036000357,69.87636868000958,1123.7814613999967,-1.0050333599999997,-0.0732623599999998,0.0153883200000005,5.316474080000001,1.7899263200000044,1.9598101600000013,-3.108887520000024,16.0,-94.99724504,99.8,30.82,135.62536963999642,117.62405443999684,131.88460515999648,75.74453643999799,290.4998200799922,1186.8367706399972,286,X1.4396 Y1.6508 Z0.0212
14:09:20.641,5,290,1.42345,1.62503,0.02014,83.71669,58.16102,-25.4809,,185.42,0,0,,2,1,"{""sr"":{""mpox"":83.71669,""mpoy"":58.16102,""mpoz"":-25.4809,""mpoa"":0,""posx"":1.42345,""posy"":1.62503,""posz"":0.02014,""posa"":0,""unit"":0,""stat"":5,""coor"":2,""momo"":1,""dist"":0,""home"":1,""mots"":1,""plan"":0,""line"":290,""path"":2,""frmo"":2,""prbe"":1,""safe"":0,""estp"":0,""spc"":1,""hold"":0,""macs"":5,""cycs"":1,""sps"":12000,""feed"":185.42,""mark"":1499779243}}",5.322257267243638,0.2043188338410789,0.2043574519598081,0.2004768651101464,5.322257267243638,0.2043188338410789,0.2043574519598081,0.2004768651101464,-0.9873172599999994,-0.0092879199999999,-0.0003376799999999,-4.88065958,-8.171770080000003,0.2575633599999973,-13.0,37.83069834000001,67.46726670000001,99.7,31.22702004,71.97098219999799,1.7550870599999504,1.4040693599999603,1.4040693599999603,3.8611915999998914,1451.1775579800033,-0.98887702,0.04195336,0.00386018,-1.3918952999999965,-0.8697643199999999,0.9002356800000001,-31.531671040000003,35.654706479999994,-38.63089346000003,99.8,31.51,85.06733542000035,66.45885588000027,65.39551402000026,66.45885588000027,206.28828806000084,1600.5776955400056,-1.0336168400000003,0.1262420399999995,-0.0089266399999999,2.8708179600000023,1.6392064999999982,3.989485159999999,-7.0,31.88564598000001,36.91119554000001,99.7,31.47601552,106.58794341999985,2.436125319999996,2.436125319999996,1.9489000999999968,5.846701079999991,1501.9562095200104,-1.0586490399999997,0.0476960399999991,0.0732115000000007,1.294965880000008,1.099328040000002,1.4858799200000032,5.461225719999945,-2.725974899999889,-4.514039420000208,99.7,36.28,53.70951665999822,71.61268835999763,56.030298199998136,48.4048732999984,160.13392877999468,1436.9969242,-1.0038265,-0.0214023400000003,-0.0125525600000003,0.3969175600000016,1.828304460000004,4.733614099999999,10.0,-14.0,23.265873839999983,99.8,31.44980706,152.52379510000313,109.36550198000228,102.75836666000214,121.84564724000256,326.6282549600068,1101.3213762400003,-1.00318012,-0.0956259599999999,0.0517585800000001,5.464038780000007,1.374487919999993,2.1053388800000024,-3.0,16.0,-94.0,99.8,30.81,48.7339131199965,31.05592559999777,35.117084499997475,19.82801351999857,77.16202907999445,1093.0295770000014,290,X1.4217 Y1.6213 Z0.02
14:09:20.899,5,294,1.41408,1.59508,0.01905,83.47884,57.40036,-25.50863,,185.42,0,0,,2,1,"{""sr"":{""mpox"":83.47884,""mpoy"":57.40036,""mpoz"":-25.50863,""mpoa"":0,""posx"":1.41408,""posy"":1.59508,""posz"":0.01905,""posa"":0,""unit"":0,""stat"":5,""coor"":2,""momo"":1,""dist"":0,""home"":1,""mots"":1,""plan"":0,""line"":294,""path"":2,""frmo"":2,""prbe"":1,""safe"":0,""estp"":0,""spc"":1,""hold"":0,""macs"":5,""cycs"":1,""sps"":12000,""feed"":185.42,""mark"":1499779243}}",5.0879330758825,0.1959605639333042,0.2038271820263918,0.2077034943954936,5.0879330758825,0.1959605639333042,0.2038271820263918,0.2077034943954936,-0.9914954000000008,-0.0253526399999996,0.0183284600000006,-5.266434400000001,-7.82993776,0.4789491600000023,-12.0,37.14290442000001,66.0,99.7,31.24296758,115.99193414000422,2.829071760000103,2.2632569600000823,2.2632569600000823,6.223957700000226,1516.4884277399904,-0.99005226,0.0397901800000002,0.0030485599999998,-1.5128618199999926,-0.8226277799999997,0.916,-31.51430086000001,36.0,-37.42343893999996,99.8,31.50514286,74.37428247999937,60.71243635999945,59.25533793999946,60.71243635999945,187.9657021399983,1245.7596828799992,-0.9889641,0.1281859799999995,-0.0114797799999998,2.7655425799999955,1.7271585600000012,3.948841439999999,-7.19702239999998,31.0,36.19702239999998,99.7,31.4760594,109.64947654000032,2.5264856200000074,2.5264856200000074,2.021188620000006,6.063565480000018,1117.1484693399948,-0.9724365600000028,0.3479087199999999,0.0309061000000014,0.8294820999998982,1.375005279999997,1.47698954,13.310053940000168,11.50729511999977,9.611307680000438,99.7,36.295706200000005,93.81954226000369,123.26058724000492,96.43999654000385,83.31502654000332,275.624368160011,2328.689293099983,-1.0010106399999998,-0.0074798999999998,-0.0139743,0.3798547599999991,1.7414430400000025,4.777270459999993,6.007122920000315,-8.409971860000441,14.348231560000764,99.8,31.44965572,63.087461079995016,59.493871859995295,55.500994399995605,65.88247533999478,176.884463519986,1121.7372733999923,-1.0005000000000002,-0.0763148599999992,0.02568156,5.252136940000022,1.8918368800000112,2.027519900000004,-3.0,15.610818580000036,-93.81826464000012,99.8,30.80417548,130.40295856000762,78.18476306000454,89.17949570000519,50.07292302000291,195.43352702001135,1400.9684266599854,294,X1.413 Y1.588 Z0.0188
14:09:21.157,5,297,1.41288,1.56377,0.01796,83.44836,56.60506,-25.53636,,185.42,0,0,,2,1,"{""sr"":{""mpox"":83.44836,""mpoy"":56.60506,""mpoz"":-25.53636,""mpoa"":0,""posx"":1.41288,""posy"":1.56377,""posz"":0.01796,""posa"":0,""unit"":0,""stat"":5,""coor"":2,""momo"":1,""dist"":0,""home"":1,""mots"":1,""plan"":0,""line"":297,""path"":2,""frmo"":2,""prbe"":1,""safe"":0,""estp"":0,""spc"":1,""hold"":0,""macs"":5,""cycs"":1,""sps"":12000,""feed"":185.42,""mark"":1499779243}}",5.345416993714211,0.1995676114745216,0.2024336678551149,0.1795250032561605,5.345416993714211,0.1995676114745216,0.2024336678551149,0.1795250032561605,-1.0174619200000008,0.0043502,0.0197662399999998,-5.205247540000004,-7.768310419999999,0.4738247800000023,-12.689766279999986,37.0,66.79510259999998,99.7,31.24,108.45398404000144,2.604534940000035,2.083628120000028,2.083628120000028,5.729976620000076,1842.9711347999992,-0.99452288,0.04378746,-0.01228194,-1.5380991999999971,-0.8231785599999999,0.9343168000000004,-31.795007440000006,35.204992559999994,-36.89418321999998,99.8,31.5049473,76.68357155999978,61.84159001999983,59.86265903999983,61.34685713999982,190.47209769999944,1504.9564845400032,-1.0203192400000003,0.13499128,-0.0046193399999999,2.8693311,1.790806940000001,3.9666689,-7.281270340000006,31.50271434,37.21601531999999,99.7,31.48,109.8132040800001,2.5135721600000025,2.5135721600000025,2.010857820000002,6.032574000000007,1238.9768314800026,-0.8875366800000012,0.2336339799999987,-0.0050788399999991,2.5586877200000178,1.4952635799999978,1.5359714599999974,9.299166440000027,-1.2247232199998268,-7.25262132,99.7,36.2963384,88.37890474000127,112.95765356000165,88.9018568200013,76.3510061000011,252.58586388000364,1506.197696239992,-1.0010298000000002,-0.0127515799999998,-0.01535552,0.2031117399999955,1.873185720000002,4.79043084,10.0,-14.0,24.16026540000002,99.8,31.45048816,93.4463386999979,71.2418791599984,66.60374273999852,79.20972105999822,211.8996807799953,1431.721373739993,-1.0019131200000002,-0.0766294000000006,0.01959076,5.163484880000002,1.6912402800000024,1.9271220600000007,-3.0,15.01845828,-94.01845828,99.8,30.81442704,112.62093706000248,67.8958756000015,78.13414260000171,43.10849248000096,170.27854574000375,1319.785516599991,297,X1.413 Y1.5621 Z0.0179
14:09:21.414,5,301,1.41989,1.53343,0.01677,83.62637,55.83423,-25.56642,,185.42,0,0,,2,1,"{""sr"":{""mpox"":83.62637,""mpoy"":55.83423,""mpoz"":-25.56642,""mpoa"":0,""posx"":1.41989,""posy"":1.53343,""posz"":0.01677,""posa"":0,""unit"":0,""stat"":5,""coor"":2,""momo"":1,""dist"":0,""home"":1,""mots"":1,""plan"":0,""line"":301,""path"":2,""frmo"":2,""prbe"":1,""safe"":0,""estp"":0,""spc"":1,""hold"":0,""macs"":5,""cycs"":1,""sps"":12000,""feed"":185.42,""mark"":1499779243}}",5.200241264816892,0.205690481952134,0.2164836587220926,0.2045261653261384,5.200241264816892,0.205690481952134,0.2164836587220926,0.2045261653261384,-0.975830400000001,-0.0307869199999996,0.0042656400000005,-5.429133720000003,-7.631260319999992,0.5053186800000036,-12.88020916000004,37.0,66.40370172000002,99.7,31.239272,82.35513864000347,2.0185085600000847,1.6148068400000677,1.6148068400000677,4.440718480000187,1553.7913322400009,-0.99092756,0.0424006000000001,0.0003152000000001,-1.4907567599999985,-0.7001923200000002,0.9508598399999976,-31.5214372,36.0,-36.71586687999997,99.8,31.51,82.95690335999933,65.17963527999956,62.57244963999957,64.27882743999957,198.95166143999867,1052.3373127200014,-1.00128708,0.1242164000000002,-0.00891764,2.881301399999998,1.7419196799999972,3.988661399999999,-7.0,31.644894480000016,37.20166199999996,99.7,31.47661976,107.6277640000003,2.4572551600000065,2.4572551600000065,1.965804200000005,5.897411920000016,1279.259793639999,-0.9625609200000004,0.2591553999999993,-0.0429107600000011,2.74931963999998,1.4530805599999987,1.5654294400000026,4.865438959999851,11.555417039999648,6.689978399999796,99.7,36.2925456,64.76763940000309,84.63315404000403,65.82578680000313,57.20574328000272,188.8573165600089,1874.5489620000028,-1.0048716400000002,-0.0115440399999997,0.0017080399999999,0.3273400799999869,1.8950228000000096,4.6498664,10.0,-14.0,23.940619680000005,99.8,31.45707904,129.70226847999484,95.97967855999616,90.1430768399964,107.00437179999577,286.6420132799886,1136.9254093999948,-1.00478384,-0.07495084,0.0130888400000002,5.171930560000003,1.6623904000000074,1.9354835200000036,-3.0,15.691023039999967,-94.33269808000004,99.8,30.81976268,52.58884684000451,41.25458652000361,47.90855272000418,26.2594432800023,103.77814284000912,1348.1630107199962,301,X1.4217 Y1.5287 Z0.0166
14:09:21.670,5,305,1.43445,1.50591,0.01569,83.99608,55.13538,-25.59393,,185.42,0,0,,2,1,"{""sr"":{""mpox"":83.99608,""mpoy"":55.13538,""mpoz"":-25.59393,""mpoa"":0,""posx"":1.43445,""posy"":1.50591,""posz"":0.01569,""posa"":0,""unit"":0,""stat"":5,""coor"":2,""momo"":1,""dist"":0,""home"":1,""mots"":1,""plan"":0,""line"":305,""path"":2,""frmo"":2,""prbe"":1,""safe"":0,""estp"":0,""spc"":1,""hold"":0,""macs"":5,""cycs"":1,""sps"":12000,""feed"":185.42,""mark"":1499779243}}",5.290344887426784,0.2025047217690047,0.2069292537913955,0.2188603867835126,5.290344887426784,0.2025047217690047,0.2069292537913955,0.2188603867835126,-1.0084348000000003,-0.0183694000000001,0.0216794000000002,-5.412335999999997,-7.753815600000006,0.534954399999998,-13.289689200000009,37.335740600000015,67.57215659999997,99.7,31.2395394,136.88346939999684,3.321296199999923,2.657036799999938,2.657036799999938,7.306852799999829,1184.8107002000008,-0.9927174,0.0409665999999999,-0.0003196,-1.6042242000000035,-0.8267136000000009,0.8702840000000023,-32.0,35.0,-37.10536720000003,99.8,31.5155272,71.48437440000052,58.023031600000415,55.23792600000039,56.6304788000004,175.92583200000126,1012.5395413999996,-1.011813,0.1212662000000001,-0.0134176,2.8617303999999995,1.652388000000001,3.8908256000000025,-7.0,31.5118088,37.0,99.7,31.4809556,110.55074179999974,2.559044999999994,2.559044999999994,2.0472359999999954,6.141707399999985,859.4563764000038,-1.047521799999998,0.1146071999999993,0.0296327999999984,2.3823790000000185,1.261031799999997,1.443268600000002,11.527621999999903,1.3572600000001434,-2.482732600000393,99.7,36.29,111.21291899999726,146.47555179999637,114.60355639999716,98.32849499999756,326.8574805999919,1254.8032063999997,-1.0051128,-0.0131145999999998,0.0048961999999999,0.2344955999999964,2.0066407999999925,4.6957528,9.251981400000023,-15.0,24.0,99.8,31.4618236,58.16456760000538,36.78925480000342,34.52142380000321,41.07293460000383,109.86380140001025,886.9906943999977,-1.0081378,-0.074609,0.0278105999999999,5.190704200000002,1.7069048000000082,2.023965800000002,-3.806869199999973,16.0,-95.16337160000003,99.8,30.82,151.53651019999486,95.58456759999676,111.9038839999962,59.83749379999798,239.34997499999196,1058.069451999997,305,X1.4396 Y1.4993 Z0.0154
14:09:21.927,5,308,1.456,1.48307,0.0146,84.54353,54.55514,-25.62166,,185.42,0,0,,2,1,"{""sr"":{""mpox"":84.54353,""mpoy"":54.55514,""mpoz"":-25.62166,""mpoa"":0,""posx"":1.456,""posy"":1.48307,""posz"":0.0146,""posa"":0,""unit"":0,""stat"":5,""coor"":2,""momo"":1,""dist"":0,""home"":1,""mots"":1,""plan"":0,""line"":308,""path"":2,""frmo"":2,""prbe"":1,""safe"":0,""estp"":0,""spc"":1,""hold"":0,""macs"":5,""cycs"":1,""sps"":12000,""feed"":185.42,""mark"":1499779243}}",5.4412558815332845,0.2012999212504933,0.2072321743533231,0.2082045709153274,5.4412558815332845,0.2012999212504933,0.2072321743533231,0.2082045709153274,-0.99865864,-0.0282942,0.0212942,-4.925865540000001,-7.98858768,0.3235784600000001,-13.723140119999998,37.0,67.01385106000001,99.7,31.2443243,53.91687330000015,1.315045980000004,1.052036220000003,1.052036220000003,2.8931007200000085,2110.9284536599994,-0.98973674,0.03941208,0.0068351799999999,-1.8281082,-0.8265624199999999,0.94956242,-32.0,35.449797,-37.0,99.8,31.51026502,92.11605995999996,67.70144433999998,64.40022809999999,66.60103921999998,204.75494201999996,1287.9507716,-0.99838782,0.1216834399999999,-0.0124222799999999,2.7490005,1.70875486,3.967,-7.487624059999999,32.0,37.0328009,99.7,31.47541198,103.9738946,2.41799778,2.41799778,1.9343982,5.80319372,1685.59253118,-0.7231776200000004,0.2185173200000001,0.0245873800000001,2.0774823000000007,1.4156523600000002,1.6074768999999998,9.663611900000006,9.101877040000002,15.303159560000005,99.7,36.27047754,40.28000940000014,51.72718360000019,40.42397618000013,34.724267420000125,115.2365306000004,2701.9230252,-1.0186729799999998,0.0005835399999999,0.0023213,0.2356005200000001,1.7157059600000002,4.80858802,9.138564040000002,-15.0,24.054967020000003,99.8,31.47,122.32391161999983,124.04678353999984,117.15529579999983,138.6911958599998,369.5560427399995,1171.5886493799997,-0.99684554,-0.07133616,8.12000000001791e-06,5.08023146,1.87424738,1.9664681,-3.907161059999999,15.03511558,-95.90716106,99.8,30.82,15.975956680000255,11.326326340000165,13.36877914000019,7.148582800000111,28.46637768000038,1976.67095958,308,X1.4582 Y1.4812 Z0.0145
14:09:22.186,5,312,1.48264,1.46666,0.01351,85.22029,54.13843,-25.64939,,185.42,0,0,,2,1,"{""sr"":{""mpox"":85.22029,""mpoy"":54.13843,""mpoz"":-25.64939,""mpoa"":0,""posx"":1.48264,""posy"":1.46666,""posz"":0.01351,""posa"":0,""unit"":0,""stat"":5,""coor"":2,""momo"":1,""dist"":0,""home"":1,""mots"":1,""plan"":0,""line"":312,""path"":2,""frmo"":2,""prbe"":1,""safe"":0,""estp"":0,""spc"":1,""hold"":0,""macs"":5,""cycs"":1,""sps"":12000,""feed"":185.42,""mark"":1499779243}}",5.248297910453845,0.2061911328081369,0.210495070232373,0.2074987484926112,5.248297910453845,0.2061911328081369,0.210495070232373,0.2074987484926112,-0.9874622,-0.0379635200000001,0.0089809999999999,-5.3337175599999975,-7.816815920000001,0.4462029599999997,-13.092609520000002,37.0,66.70370744,99.7,31.23907396,145.66752275999968,3.5185388399999926,2.814831399999994,2.814831399999994,7.740785999999984,1807.0043209200016,-0.9899238,0.0483503599999999,-0.00131264,-1.43710604,-0.7691748800000001,1.0339311599999998,-32.0,35.609419040000006,-36.3051448,99.8,31.51609456,70.68823896000005,55.788408280000034,53.04471576000004,54.87384432000004,167.4319252400001,1858.2797400800005,-1.00018324,0.1359976399999999,-0.0081813999999999,2.7765310800000003,1.76235084,3.915586,-7.421424079999999,32.0,36.64127364000001,99.7,31.48905564,111.94563643999996,2.579393,2.579393,2.0635139199999992,6.190542519999998,1769.1915636000008,-0.9094506800000004,0.0457302400000001,-0.0001230399999997,3.362608600000002,1.2229332400000017,1.56857352,10.915066519999996,-7.441283999999974,3.13221207999999,99.7,36.26,117.75875303999972,156.08110851999962,121.3964182399997,104.77667051999975,347.5448300399992,1894.7723080000023,-1.01020548,-0.0134269999999999,-0.0331361199999997,0.4775177999999998,1.81003548,4.744521560000001,9.193085760000002,-14.98937844,23.203707320000003,99.8,31.47806872,34.12080480000044,25.72745172000033,24.267738600000317,28.82934292000037,76.27003516000099,1626.3222560800011,-1.02025172,-0.07944892,0.0576713999999999,5.17278556,1.8731234400000008,1.90089212,-3.861890519999997,16.0,-94.13810948,99.79961708,30.81996172,143.95109043999955,104.29262171999969,123.2503906799996,65.50370387999979,262.8767077999992,1710.0239094800013,312,X1.4882 Y1.4643 Z0.0133
14:09:22.443,5,315,1.51249,1.45773,0.01243,85.97842,53.91167,-25.67691,,185.42,0,0,,2,1,"{""sr"":{""mpox"":85.97842,""mpoy"":53.91167,""mpoz"":-25.67691,""mpoa"":0,""posx"":1.51249,""posy"":1.45773,""posz"":0.01243,""posa"":0,""unit"":0,""stat"":5,""coor"":2,""momo"":1,""dist"":0,""home"":1,""mots"":1,""plan"":0,""line"":315,""path"":2,""frmo"":2,""prbe"":1,""safe"":0,""estp"":0,""spc"":1,""hold"":0,""macs"":5,""cycs"":1,""sps"":12000,""feed"":185.42,""mark"":1499779243}}",5.031180300442649,0.198923881744216,0.2037350034720018,0.2067420469897218,5.031180300442649,0.198923881744216,0.2037350034720018,0.2067420469897218,-0.9803753199999994,-0.0333379600000002,0.0054310199999998,-5.456517739999996,-7.788281280000003,0.5524041000000046,-13.200965959999968,37.45774012000001,65.62838708000002,99.7,31.24628402,77.29551785999536,1.8580651199998883,1.4864521999999103,1.4864521999999103,4.288710119999722,1375.4579563000104,-0.99185518,0.0406850399999998,-0.0053499199999998,-1.6901169999999957,-0.854,0.9189141400000006,-32.0,35.85514464000002,-37.49007819999994,99.8,31.52,82.32993630000074,64.38623268000057,61.74745216000055,63.858476620000566,194.74196496000172,1235.2415953000036,-1.0170389399999995,0.1310523999999999,-0.00733182,2.844230580000004,1.687426779999999,3.945426779999999,-7.0,31.13535131999998,36.13535131999998,99.7,31.48624358,106.7405457799996,2.445073179999991,2.445073179999991,1.956058839999993,5.868175779999979,1255.2084807200015,-0.8814180999999964,0.3098555400000004,0.00835714,2.776531399999993,1.878692360000012,1.406122420000003,9.500065699999986,11.42134516000034,-2.063758220000365,99.7,36.27053768,58.64430189999602,76.5236621999948,59.35947625999597,51.13497035999653,170.56909749998843,2229.012743680011,-1.0049696999999995,-0.0091519800000003,-0.0006985200000013,0.3714664600000062,1.831,4.861631940000003,10.0,-14.023416899999996,24.36966190000007,99.8,31.48,150.3588314800073,105.27110984000508,100.37191710000484,119.17847980000576,315.09337248001526,1161.8215670199938,-1.0060513200000003,-0.0718065599999999,0.0161967600000006,5.028041659999988,1.826585460000009,1.9878287399999952,-3.0,15.00993668,-94.72445478000004,99.8,30.82029822,35.82085419999503,33.61649361999534,39.67848439999449,21.216967099997056,84.31677965998831,1445.9198002800003,315,X1.5132 Y1.4576 Z0.0124
14:09:22.699,5,319,1.54388,1.457,0.01133,86.77562,53.89304,-25.70463,,185.42,0,0,,2,1,"{""sr"":{""mpox"":86.77562,""mpoy"":53.89304,""mpoz"":-25.70463,""mpoa"":0,""posx"":1.54388,""posy"":1.457,""posz"":0.01133,""posa"":0,""unit"":0,""stat"":5,""coor"":2,""momo"":1,""dist"":0,""home"":1,""mots"":1,""plan"":0,""line"":319,""path"":2,""frmo"":2,""prbe"":1,""safe"":0,""estp"":0,""spc"":1,""hold"":0,""macs"":5,""cycs"":1,""sps"":12000,""feed"":185.42,""mark"":1499779243}}",5.377133840748286,0.1986848679730062,0.1914007562848618,0.199881391675533,5.377133840748286,0.1986848679730062,0.1914007562848618,0.199881391675533,-1.0177957600000025,-0.0287679199999996,0.0147780000000004,-5.2803377400000135,-7.807214579999989,0.4690520000000029,-12.43493637999998,36.43493637999998,66.14271904000002,99.7,31.23162108,118.09832600000432,2.825318960000103,2.2602553400000827,2.2602553400000827,6.780765400000248,1797.25481926001,-0.9928567600000002,0.04119102,-0.0152007200000007,-1.5111955800000008,-0.8799380399999974,0.8928017999999961,-31.78912128000002,35.0,-37.48409039999999,99.8,31.52,75.19711109999957,60.72216373999943,57.81762195999946,60.23807333999944,184.9463664599982,1187.102993420004,-1.0022853599999997,0.1253553600000001,-0.0081154199999994,2.763774980000001,1.6600273799999987,3.931413299999998,-7.0,32.0,37.30839556000002,99.7,31.49,111.22473500000034,2.527834460000008,2.527834460000008,2.0222679200000058,6.066803380000018,1305.1821522200062,-0.9880157800000008,0.2151966399999989,0.0299799599999995,1.8772580400000047,1.4397581600000136,1.6337621600000014,12.356790539999924,-1.8329763000001176,17.071485640000073,99.7,36.28,95.69607494000373,122.11396704000488,94.57779374000378,81.38337742000324,271.1904366200108,1821.7585720000247,-1.0095072799999998,-0.0097709800000003,0.0029215999999996,0.2530626599999895,1.864635980000012,4.782729820000008,10.0,-14.965869160000004,23.59758994000003,99.8,31.48436544,69.61696357999456,65.59286145999488,62.775990139995095,74.04347551999422,197.9858151799845,1466.234065240022,-1.0046840399999997,-0.0783184399999999,0.0295614600000001,5.00586602,1.6989874399999954,2.036895659999998,-3.0141983199999984,15.014198319999998,-95.02839626,99.8,30.82582042,103.75056250000604,74.49086256000432,87.90688256000512,47.00576350000273,187.4267879800109,1639.105191800021,319,X1.5477 Y1.4574 Z0.0112
14:09:22.957,5,323,1.57413,1.46437,0.01025,87.54411,54.08015,-25.73215,,185.42,0,0,,2,1,"{""sr"":{""mpox"":87.54411,""mpoy"":54.08015,""mpoz"":-25.73215,""mpoa"":0,""posx"":1.57413,""posy"":1.46437,""posz"":0.01025,""posa"":0,""unit"":0,""stat"":5,""coor"":2,""momo"":1,""dist"":0,""home"":1,""mots"":1,""plan"":0,""line"":323,""path"":2,""frmo"":2,""prbe"":1,""safe"":0,""estp"":0,""spc"":1,""hold"":0,""macs"":5,""cycs"":1,""sps"":12000,""feed"":185.42,""mark"":1499779243}}",5.303159437168337,0.2090968813166452,0.2101458952834763,0.2017126143996956,5.303159437168337,0.2090968813166452,0.2101458952834763,0.2017126143996956,-0.9880479999999996,-0.0403486400000001,0.0134685599999998,-5.2269558000000105,-7.658873999999998,0.3778092200000015,-14.0,36.0,66.54087491999998,99.7,31.23371866,108.64424528000144,2.6090848200000343,2.0872678400000275,2.0872678400000275,6.261803060000083,1425.527238640001,-0.98976668,0.0365440000000001,-0.0009492200000001,-1.6965721800000004,-0.8541745999999998,0.8357663599999996,-31.79626784000001,36.0,-36.80155590000001,99.8,31.52,74.6033414799998,63.16416219999982,60.18002829999983,62.66680695999983,193.96868759999944,1101.711641100003,-1.00510286,0.1140746599999998,-0.0059861399999999,2.88553688,1.5514227600000023,4.04118436,-6.778757480000007,31.0,37.22124251999999,99.7,31.49497454,109.9990607000001,2.5127656400000027,2.010212280000002,2.010212280000002,5.528084100000005,1380.5391649200023,-0.9165913999999988,0.2491247399999992,0.0180171999999992,2.474438939999998,1.4100010400000096,1.5009934599999997,9.155815680000018,10.579423600000055,-8.036236700000169,99.7,36.25633886,86.11672338000125,110.1250219800016,85.07288426000123,73.59065502000107,244.2583435600035,1980.1936135599983,-1.00214742,-0.01628564,-0.0012991600000001,0.4419831399999966,1.865839920000008,4.767806900000001,10.0,-14.0,23.46879723999999,99.8,31.49,72.80147133999851,77.40070127999826,73.65032419999837,87.19626183999806,233.9789346599948,1120.6156383200032,-1.0059456800000002,-0.07650186,0.0366179600000003,5.174932699999996,1.577380600000004,2.075,-3.98145748,16.0,-94.90387185999998,99.8,30.82,62.49995964000137,66.81030196000147,78.12494980000172,42.02583512000092,167.02575448000368,1374.9563150999952,323,X1.5808 Y1.4672 Z0.01
14:09:23.215,5,326,1.60154,1.47953,0.00916,88.24021,54.46525,-25.75988,,185.42,0,0,,2,1,"{""sr"":{""mpox"":88.24021,""mpoy"":54.46525,""mpoz"":-25.75988,""mpoa"":0,""posx"":1.60154,""posy"":1.47953,""posz"":0.00916,""posa"":0,""unit"":0,""stat"":5,""coor"":2,""momo"":1,""dist"":0,""home"":1,""mots"":1,""plan"":0,""line"":326,""path"":2,""frmo"":2,""prbe"":1,""safe"":0,""estp"":0,""spc"":1,""hold"":0,""macs"":5,""cycs"":1,""sps"":12000,""feed"":185.42,""mark"":1499779243}}",5.036404831650337,0.1821251049753039,0.202102650842589,0.2040871973022071,5.036404831650337,0.1821251049753039,0.202102650842589,0.2040871973022071,-0.9736911,-0.0318896999999999,0.0100115000000001,-5.122986100000003,-7.964253799999999,0.3174818000000003,-13.392758100000004,36.0,65.5291705,99.7,31.247173,82.08648330000082,1.9637916000000195,1.5710331000000155,1.5710331000000155,4.713099700000047,1406.811683,-0.988632,0.0427216,-0.0119354,-1.5842671999999995,-0.854,0.974305,-32.38892419999999,36.0,-38.0,99.8,31.5286683,79.51212039999992,66.30553329999991,63.69507899999991,65.78344269999991,204.1375077999997,1175.076592,-1.0006908,0.1116664,-0.0158443,2.8302992,1.7823841999999996,3.8983707,-6.509368899999999,31.634437600000005,38.2217559,99.7,31.4865315,106.95754280000008,2.453154400000001,1.962524000000001,1.962524000000001,5.396940200000003,1147.8467596,-0.8761563999999991,0.1371754000000013,-0.0471513999999996,1.59644920000001,1.462305599999998,1.5756725,13.525983600000004,3.187010800000014,20.047950099999856,99.7,36.25,62.90749410000068,69.72967630000076,55.74633910000061,47.96569440000053,156.92195930000173,1842.991499000004,-1.0013413,-0.0120210999999999,-0.0049411999999998,0.4760540999999979,1.7523559000000033,4.7003574000000015,10.0,-14.0,23.9386317,99.8,31.4993861,156.8719499999986,110.34213429999905,105.02444119999907,124.3010788999989,333.0205380999971,1083.2616774,-1.0132869,-0.0760483,0.0341477999999998,5.593493299999999,1.7434530999999998,2.054373,-3.0242626999999995,16.0,-94.0485254,99.8,30.8331391,50.631452300001065,39.23478410000083,45.53661220000096,24.820646500000517,97.97854620000204,1293.1704655000017,326,X1.6029 Y1.4805 Z0.0091
14:09:23.472,5,330,1.62395,1.50113,0.00807,88.80945,55.01403,-25.7874,,185.42,0,0,,2,1,"{""sr"":{""mpox"":88.80945,""mpoy"":55.01403,""mpoz"":-25.7874,""mpoa"":0,""posx"":1.62395,""posy"":1.50113,""posz"":0.00807,""posa"":0,""unit"":0,""stat"":5,""coor"":2,""momo"":1,""dist"":0,""home"":1,""mots"":1,""plan"":0,""line"":330,""path"":2,""frmo"":2,""prbe"":1,""safe"":0,""estp"":0,""spc"":1,""hold"":0,""macs"":5,""cycs"":1,""sps"":12000,""feed"":185.42,""mark"":1499779243}}",5.367199900209637,0.1968262442213308,0.1958648412937162,0.2026086903300251,5.367199900209637,0.1968262442213308,0.1958648412937162,0.2026086903300251,-1.0040631600000005,-0.0412021200000003,0.0289525600000001,-5.3947771199999925,-7.685736520000009,0.4596503999999954,-13.0,36.64434467999996,66.68071043999997,99.7,31.237171,139.08318283999444,3.403554039999862,2.7228427599998897,2.7228427599998897,8.16852895999967,1528.4148596400012,-0.99144888,0.0439336799999996,0.002604,-1.4979740799999997,-0.8738456399999976,0.9072892799999972,-32.070819040000025,35.459446240000005,-37.929180959999975,99.8,31.52929184,75.34916040000098,58.349654080000754,56.51186980000074,57.89020852000076,180.10287004000233,1375.9527263599962,-1.0178749999999994,0.1166963200000009,0.0004573999999995,2.693627240000003,1.6734751999999964,3.926270319999997,-7.0,31.0,38.0,99.7,31.49360736,112.23018411999942,2.571092919999989,2.133610840000016,2.056874199999992,5.656404559999977,1263.4870374399936,-0.9309913599999964,0.227132679999997,-0.0087281200000028,2.0376301200001,1.823865839999985,1.4970107599999989,9.254478720000082,9.506845839999654,-1.7481726399991782,99.7,36.26173964,115.29549243999504,138.35459155999405,109.70540811999528,93.63391535999595,306.0571260799868,1997.276946160002,-0.9972838000000008,0.0003006399999992,0.0225891999999995,0.2854458400000209,1.89507295999999,4.847376079999992,9.854181919999954,-15.0,24.7816345199999,99.8,31.49,47.75053932001001,36.51458704000705,34.8351459600067,41.18872588000791,110.42084028002128,1202.2400675600054,-1.0026908799999998,-0.07328308,0.02457748,5.06404364,1.8671050000000085,2.1132339599999943,-3.967923760000002,16.0,-94.96792376,99.8,30.82186616,124.44938711999274,103.30112511999396,118.75562443999308,65.88496951999616,257.8461152399849,1318.500349879993,330,X1.6271 Y1.5051 Z0.0079
14:09:23.730,5,334,1.64008,1.52804,0.00698,89.2191,55.69757,-25.81513,,185.42,0,0,,2,1,"{""sr"":{""mpox"":89.2191,""mpoy"":55.69757,""mpoz"":-25.81513,""mpoa"":0,""posx"":1.64008,""posy"":1.52804,""posz"":0.00698,""posa"":0,""unit"":0,""stat"":5,""coor"":2,""momo"":1,""dist"":0,""home"":1,""mots"":1,""plan"":0,""line"":334,""path"":2,""frmo"":2,""prbe"":1,""safe"":0,""estp"":0,""spc"":1,""hold"":0,""macs"":5,""cycs"":1,""sps"":12000,""feed"":185.42,""mark"":1499779243}}",5.180689904119011,0.1965621039693715,0.1853819213408382,0.1994032109552969,5.180689904119011,0.1965621039693715,0.1853819213408382,0.1994032109552969,-1.023073,-0.042371,0.022534,-4.774708,-7.991315,0.253253,-13.769663,35.769663,66.0,99.7,31.247697,48.140426,1.151685,0.921348,0.921348,2.764044,1756.865194,-0.989778,0.038666,-0.000111,-1.614113,-0.916,0.854,-32.0,35.444481,-38.0,99.8,31.53,91.105061,69.995351,68.328795,69.995351,218.318834,1407.220414,-0.979044,0.122899,-0.017255,2.932714,1.685286,3.845,-6.0,31.477752,38.0,99.7,31.494778,104.627648,2.388759,1.911007,1.911007,5.25527,1519.128764,-0.86658,0.284501,0.025204,2.062534,1.782244,1.367489,12.200726,10.594919,11.207984,99.7,36.277993,34.324118,36.933554,30.309601,26.094359,83.301223,2697.160537,-0.997555,-0.015178,-0.003711,0.460876,1.802549,4.81115,8.199616,-12.754958,20.954575,99.8,31.490889,157.614843,153.059501,144.859885,171.28087,461.000639,1269.614843,-0.998775,-0.053864,0.04815,4.826582,2.180964,2.133709,-3.037555,15.962445,-94.962445,99.8,30.839624,3.492654,4.844649,5.520646,3.1171,12.055289,1835.583849,334,X1.6431 Y1.5356 Z0.0067
14:09:23.985,5,337,1.64853,1.55803,0.0059,89.43387,56.45929,-25.84264,,185.42,0,0,,2,1,"{""sr"":{""mpox"":89.43387,""mpoy"":56.45929,""mpoz"":-25.84264,""mpoa"":0,""posx"":1.64853,""posy"":1.55803,""posz"":0.0059,""posa"":0,""unit"":0,""stat"":5,""coor"":2,""momo"":1,""dist"":0,""home"":1,""mots"":1,""plan"":0,""line"":337,""path"":2,""frmo"":2,""prbe"":1,""safe"":0,""estp"":0,""spc"":1,""hold"":0,""macs"":5,""cycs"":1,""sps"":12000,""feed"":185.42,""mark"":1499779243}}",5.391195304924414,0.2007669917257717,0.2047055821747583,0.2093563227610567,5.391195304924414,0.2007669917257717,0.2047055821747583,0.2093563227610567,-0.990726,-0.0234248,0.0174520000000002,-5.120554400000002,-7.75577,0.4606712000000013,-13.92306440000001,36.0,66.0,99.7,31.2576919,146.96536390000156,3.5671207000000384,2.8536960000000304,2.8536960000000304,8.561088900000092,1435.4295267999992,-0.9930145,0.0357497,-0.0073616,-1.5700552000000003,-0.8418867999999988,0.8875837000000001,-32.0,35.40278870000001,-37.51385729999999,99.8,31.545417200000003,71.26220809999973,57.69316839999981,56.83205669999981,58.20702569999981,180.1209532999994,1085.3348236000004,-1.0253248,0.0986977,-0.0084224999999999,2.8091721999999995,1.6743412000000004,3.8796588,-6.948138500000008,31.568180899999994,38.4836806,99.7,31.503281,112.04134030000012,2.5815978000000026,2.065278400000002,2.065278400000002,5.679514900000006,1069.8317149999984,-0.9537612000000006,0.2402729999999984,-0.0236539999999996,2.9304948999999967,1.351110799999994,1.3674554999999966,9.370143800000031,2.298714899999961,-5.556551899999928,99.7,36.2471577,127.80730040000152,153.08232220000176,121.46792360000136,106.72410030000124,344.425006700004,1931.8719022999887,-1.0065542,-0.0066158,0.0101011999999999,0.2029090999999945,1.9019404000000035,4.689676200000001,9.178452099999989,-14.830752100000012,24.821547900000013,99.8,31.49,28.095209599998064,28.43370619999804,27.079720499998132,31.9879197999978,86.14736079999406,1062.663697500001,-1.0055508,-0.0789274999999999,0.0107246,5.2324179000000015,1.8874955000000069,1.9695820999999984,-0.407754299999959,2.1746895999997817,-12.776300499998715,99.8,30.8227182,90.32374580000136,113.64045040000173,128.38386950000194,72.8698976000011,281.9274142000043,1129.3013496999945,337,X1.649 Y1.5609 Z0.0058
14:09:24.244,5,341,1.64889,1.58916,0.00482,89.44304,57.24993,-25.87016,,185.42,0,0,,2,1,"{""sr"":{""mpox"":89.44304,""mpoy"":57.24993,""mpoz"":-25.87016,""mpoa"":0,""posx"":1.64889,""posy"":1.58916,""posz"":0.00482,""posa"":0,""unit"":0,""stat"":5,""coor"":2,""momo"":1,""dist"":0,""home"":1,""mots"":1,""plan"":0,""line"":341,""path"":2,""frmo"":2,""prbe"":1,""safe"":0,""estp"":0,""spc"":1,""hold"":0,""macs"":5,""cycs"":1,""sps"":12000,""feed"":185.42,""mark"":1499779243}}",5.260864443103601,0.199631783245479,0.1997420637032346,0.1941556235529216,5.260864443103601,0.199631783245479,0.1997420637032346,0.1941556235529216,-1.03639476,-0.01706296,0.0102247199999999,-5.154688440000001,-7.97712092,0.2890574000000005,-13.0,36.61898172,66.4044054,99.7,31.2459562,79.96564900000031,1.905090120000008,1.524072120000006,1.524072120000006,4.191197800000016,1489.0724380000015,-0.9930388,0.04688176,-0.01273984,-1.66038084,-0.8344556000000001,0.88070064,-32.0,35.0,-38.16416716,99.8,31.5452336,80.59827515999996,65.42067839999996,64.89731295999997,66.46740883999996,206.20597759999987,1523.4721880400002,-1.0104728,0.1415711199999999,-0.0139025599999999,2.7648024,1.72217404,3.86517032,-6.145920320000001,31.14592032,37.86969379999999,99.7,31.49,106.71437640000002,2.4609642800000007,1.9687714800000005,1.9687714800000005,5.414122080000001,1378.7277656800002,-0.9583429600000002,0.1379435599999995,0.0017185999999999,2.622450359999996,1.2529490800000014,1.585817919999999,10.049390920000004,10.864735999999988,13.794083560000017,99.7,36.23484956,59.42684520000027,75.29861140000034,60.16506692000027,52.41373932000023,169.42187572000077,1663.1489727600017,-1.0021652,-0.0115359599999999,0.0064523999999999,0.4952593199999995,1.6840607600000008,4.72390724,10.0,-15.0,25.0,99.8,31.5,133.24622223999953,115.9007425599996,109.76482055999962,129.53612347999956,347.7267910799988,1401.2905747600016,-1.00795308,-0.0733738,0.0228461599999999,5.0542716400000005,2.104661239999999,1.9902034400000004,-2.02194696,15.01097348,-94.68408068,99.8,30.83010976,32.924911120000296,39.09833152000036,43.80189028000039,25.281628200000227,96.71692584000088,1317.114150880002,341,X1.6481 Y1.5953 Z0.0046
14:09:24.500,5,344,1.64115,1.61952,0.00373,89.24633,58.02117,-25.89789,,185.42,0,0,,2,1,"{""sr"":{""mpox"":89.24633,""mpoy"":58.02117,""mpoz"":-25.89789,""mpoa"":0,""posx"":1.64115,""posy"":1.61952,""posz"":0.00373,""posa"":0,""unit"":0,""stat"":5,""coor"":2,""momo"":1,""dist"":0,""home"":1,""mots"":1,""plan"":0,""line"":344,""path"":2,""frmo"":2,""prbe"":1,""safe"":0,""estp"":0,""spc"":1,""hold"":0,""macs"":5,""cycs"":1,""sps"":12000,""feed"":185.42,""mark"":1499779243}}",5.247784529457675,0.202561715383809,0.2049616148573252,0.2168144505722975,5.247784529457675,0.202561715383809,0.2049616148573252,0.2168144505722975,-1.0218519999999998,-0.0308078,0.0216601999999999,-5.011471799999999,-7.881683200000003,0.3263931999999976,-8.988446399999857,25.029310799999603,45.77187959999928,99.7,31.2461716,115.0637733999984,2.765955999999961,2.212765199999969,2.212765199999969,6.085103399999915,1492.3066193999998,-0.9905237999999998,0.0445455999999999,-0.0113507999999999,-1.5940196000000024,-0.7131602000000012,0.916,-31.4889456,35.26593079999999,-38.22301480000001,99.8,31.5451108,74.23394000000027,60.6292876000002,61.118233800000205,62.09612540000021,192.64467240000064,1075.4114366,-1.0116019999999997,0.1146449999999999,-0.0117776,2.901482799999997,1.6220375999999992,3.867279199999999,-6.0,31.0,37.209152800000005,99.7,31.4871278,109.29319859999988,2.518276599999997,2.014621199999997,2.014621199999997,5.540207999999993,1145.3580150000016,-0.989488,0.3363098000000021,0.0342512000000006,2.59088180000002,1.346282999999995,1.5095206000000023,9.476723999999988,-0.4758764000000788,0.1009675999997788,99.7,36.254433,91.7010765999986,114.84720759999828,91.46438299999863,79.6929603999988,256.49765359999617,2461.970265199994,-1.0045544,-0.0094791999999999,-0.0051983999999996,0.152343200000006,1.8561427999999989,4.786647200000001,9.453916600000014,-14.453916600000014,23.9665244,99.8,31.5,54.65733980000152,71.474982600002,67.69101280000189,80.30424520000224,215.265830400006,1085.054139199999,-1.0054932,-0.0779248,0.0297767999999999,5.211038600000001,1.555465000000001,1.9445038000000017,-2.437882400000014,15.422832400000017,-94.57716759999998,99.8,30.834379,73.40492719999837,79.96447539999822,88.83269459999804,51.53801279999886,196.03919619999567,1557.3797393999996,344,X1.6409 Y1.6202 Z0.0037
14:09:24.757,5,348,1.62561,1.64673,0.00258,88.85165,58.71227,-25.92703,,185.42,0,0,,2,1,"{""sr"":{""mpox"":88.85165,""mpoy"":58.71227,""mpoz"":-25.92703,""mpoa"":0,""posx"":1.62561,""posy"":1.64673,""posz"":0.00258,""posa"":0,""unit"":0,""stat"":5,""coor"":2,""momo"":1,""dist"":0,""home"":1,""mots"":1,""plan"":0,""line"":348,""path"":2,""frmo"":2,""prbe"":1,""safe"":0,""estp"":0,""spc"":1,""hold"":0,""macs"":5,""cycs"":1,""sps"":12000,""feed"":185.42,""mark"":1499779243}}",5.350270680311148,0.1976120975456116,0.199811833273606,0.199959991266277,5.350270680311148,0.1976120975456116,0.199811833273606,0.199959991266277,-1.0071860000000006,-0.032529,0.01969606,-5.338265299999998,-7.794412560000004,0.5098119599999975,-12.582743620000016,36.0,66.04610861999998,99.7,31.23953884,109.21259115999774,2.615272319999946,2.0922182399999567,2.0922182399999567,5.753599639999882,1789.933676239995,-0.9912808,0.04010036,-0.0045660399999999,-1.5381905199999977,-0.7801093199999998,0.8423274599999993,-32.0,36.0,-38.40007674000002,99.8,31.5449625,75.92457462000034,61.53364150000028,62.02988082000028,63.51859824000029,196.0144242400009,1379.0990390999964,-1.0133175,0.1223570199999999,-0.0056339000000001,2.7203662199999985,1.5564605,3.807045440000002,-6.499350880000001,31.281038679999988,37.50064912,99.7,31.48938588,108.35983501999982,2.503246059999996,2.002596939999997,2.002596939999997,5.507141159999991,1619.760703259991,-0.764577600000001,0.4561609599999979,-0.0782865199999979,2.4010258200000028,1.3246650800000002,1.6250919600000022,10.814393300000036,7.36390237999978,12.374853320000163,99.7,36.27,87.14527875999804,110.6275396999975,87.14527875999804,75.66506273999828,246.3028244999944,3128.301641799986,-1.0043996199999998,-0.00755908,-0.0077319200000001,0.248165940000011,1.9939856800000044,4.851762299999999,10.0,-14.582025599999982,24.534967839999982,99.8,31.4946499,98.98258696000362,79.5204763000028,74.91721454000263,88.86817456000313,238.5614299000084,1390.201773379997,-1.00463472,-0.0787653999999999,0.04321842,5.280721879999999,1.909716540000004,2.046861819999999,-3.0186818399999997,16.0,-93.46128326000002,99.8,30.84538704,59.79756697999796,73.80420407999748,81.34623967999721,47.945797299998354,180.47013433999385,1784.7742950199925,348,X1.6233 Y1.6498 Z0.0024
14:09:25.016,5,352,1.60365,1.66887,0.00145,88.29383,59.27446,-25.95567,,185.42,0,0,,2,1,"{""sr"":{""mpox"":88.29383,""mpoy"":59.27446,""mpoz"":-25.95567,""mpoa"":0,""posx"":1.60365,""posy"":1.66887,""posz"":0.00145,""posa"":0,""unit"":0,""stat"":5,""coor"":2,""momo"":1,""dist"":0,""home"":1,""mots"":1,""plan"":0,""line"":352,""path"":2,""frmo"":2,""prbe"":1,""safe"":0,""estp"":0,""spc"":1,""hold"":0,""macs"":5,""cycs"":1,""sps"":12000,""feed"":185.42,""mark"":1499779243}}",5.138392146468084,0.1933085333016743,0.1984683721617614,0.2091028392908251,5.138392146468084,0.1933085333016743,0.1984683721617614,0.2091028392908251,-1.00341964,-0.0312139599999999,0.02442084,-5.111587240000002,-7.776982959999999,0.4148544000000007,-13.0,36.44555968,66.89112008000001,99.7,31.24299692,79.06465040000032,1.909774000000008,1.5278191200000062,1.5278191200000062,4.201503040000016,2604.793749120001,-0.99599604,0.0400853599999999,-0.0337274799999998,-1.61772192,-0.8576366799999999,0.8005563600000001,-31.52550288,36.0,-37.9271304,99.8,31.55,79.56479791999993,64.63683987999995,66.21334851999997,67.26435399999995,207.97521947999988,1870.3449123600003,-1.00137616,0.118856,-0.0166397199999999,2.76979016,1.76277048,3.967,-6.373613039999999,31.13425356,37.626386960000005,99.7,31.48,106.79293864000005,2.4606664400000007,1.9685333200000004,1.9685333200000004,5.413467000000001,2896.720513480001,-0.7928441600000002,0.4637559599999995,-0.01818332,2.0547629999999995,1.6072506400000004,1.57802592,5.701742480000009,3.057653800000025,-3.465167560000036,99.7,36.27147096,62.49137116000028,79.13108540000037,62.49137116000028,53.98662840000024,176.1583137200008,4169.698002920001,-1.0018218,-0.0113013599999999,0.0011539199999999,0.2776706399999997,1.79628792,4.822,10.0,-14.255377640000004,23.255377640000003,99.8,31.50062712,133.64999363999954,115.9209127199996,110.46581071999964,130.92244263999956,349.8084013999988,1650.939035,-1.01235924,-0.07491744,0.0042154000000001,5.17455356,1.893999559999999,2.014,-3.7296622399999975,16.0,-93.5406758,99.8,30.84679764,35.36000456000032,40.75009184000035,44.5888686000004,26.28085660000023,99.21761436000088,3089.54735212,352,X1.5979 Y1.6732 Z0.0012
14:09:25.274,5,355,1.57676,1.68452,0.00037,87.61071,59.6721,-25.98319,,185.42,0,0,,2,1,"{""sr"":{""mpox"":87.61071,""mpoy"":59.6721,""mpoz"":-25.98319,""mpoa"":0,""posx"":1.57676,""posy"":1.68452,""posz"":0.00037,""posa"":0,""unit"":0,""stat"":5,""coor"":2,""momo"":1,""dist"":0,""home"":1,""mots"":1,""plan"":0,""line"":355,""path"":2,""frmo"":2,""prbe"":1,""safe"":0,""estp"":0,""spc"":1,""hold"":0,""macs"":5,""cycs"":1,""sps"":12000,""feed"":185.42,""mark"":1499779243}}",5.271691853384606,0.1912729876885734,0.1828061860420198,0.1988331895832007,5.271691853384606,0.1912729876885734,0.1828061860420198,0.1988331895832007,-1.0356876799999997,-0.0325836400000002,0.00324452,-4.768942600000007,-8.121721199999996,0.3398636400000025,-12.972374199999996,37.0,65.31983304,99.7,31.25095792,147.2209159599987,3.538964679999969,2.831171039999976,2.831171039999976,7.785721359999933,1719.6566269599973,-0.99417396,0.0323446,-0.0088341600000001,-1.7304478799999994,-0.7683103200000002,0.9471732800000005,-31.488964079999995,36.05314452,-37.511035920000005,99.8,31.55488928,67.30997000000019,56.32058716000016,57.69426036000016,58.61004216000016,181.3248174000005,1483.6904711199984,-1.0218611999999998,0.11836584,0.0004871199999999,2.8600019599999995,1.5416515200000018,3.9130426800000007,-7.0,32.0,38.0,99.7,31.47942268,111.63435639999992,2.580119679999998,2.064095519999998,2.064095519999998,5.676263519999996,1535.7089342399977,-0.8861856400000006,0.0759732800000006,-0.0582903599999996,1.8393248800000055,1.7020203999999974,1.4760299199999998,11.733844600000014,7.988973359999974,18.905413279999998,99.7,36.28,119.41182003999891,154.87351191999855,121.58294435999886,105.66136819999902,345.2087165999968,2426.544240119993,-0.9920165200000002,-0.00676308,-0.0303446,0.3574508400000029,2.0350522800000004,4.772450600000001,9.890994519999987,-14.0,23.0,99.8,31.5018768,44.742005360002175,31.91106300000157,30.40936556000151,35.853017640001774,96.29632528000474,1290.0943524799984,-1.0148457999999998,-0.0752407199999999,0.0595902399999998,5.041246320000004,1.8483685200000008,2.0048700399999992,-4.0,16.0,-94.03376208,99.8,30.83966208,128.3987873999984,118.19491055999852,128.3987873999984,76.52907823999905,286.5588831199965,1611.941072959996,355,X1.575 Y1.6853 Z0.0003
14:09:25.531,5,359,1.54652,1.69266,-0.00073,86.84265,59.87876,-26.01092,,185.42,0,0,,2,1,"{""sr"":{""mpox"":86.84265,""mpoy"":59.87876,""mpoz"":-26.01092,""mpoa"":0,""posx"":1.54652,""posy"":1.69266,""posz"":-0.00073,""posa"":0,""unit"":0,""stat"":5,""coor"":2,""momo"":1,""dist"":0,""home"":1,""mots"":1,""plan"":0,""line"":359,""path"":2,""frmo"":2,""prbe"":1,""safe"":0,""estp"":0,""spc"":1,""hold"":0,""macs"":5,""cycs"":1,""sps"":12000,""feed"":185.42,""mark"":1499779243}}",5.3050797860413335,0.204433286224352,0.207282519786305,0.2080633806147022,5.3050797860413335,0.204433286224352,0.207282519786305,0.2080633806147022,-1.01357586,-0.02918934,0.01775356,-5.263919759999995,-8.041326599999998,0.3688169000000034,-13.0,36.241543620000016,66.0,99.7,31.24727638,50.436336640002665,1.2077161600000652,0.966172540000052,0.966172540000052,2.6569749600001438,1878.332776860004,-0.995272,0.04237968,-0.0092324200000004,-1.4397312400000022,-0.7299794199999975,0.9699051599999996,-31.988958599999982,36.0,-37.56367656000001,99.8,31.56447338,83.44796447999961,67.97416931999969,69.63207575999968,70.73734705999966,218.843666979999,1320.343274600003,-0.99488384,0.1201766999999999,-0.01541994,2.830683499999996,1.826430339999998,3.7805772000000015,-7.0,31.0,36.59674192000004,99.7,31.47467754,104.23964488000024,2.390817160000005,1.912654320000004,1.912654320000004,5.259798140000012,1577.2250048000053,-1.126471999999993,0.6537881599999936,0.0277168999999989,2.6610600199999994,1.0197140800000073,1.5620229799999994,8.646970540000053,2.6223894200000237,-17.8288533999998,99.7,36.28,35.5586001400024,45.779036400003086,35.77152640000241,31.087159340002096,101.99143434000688,3380.121949200002,-1.0072353199999995,-0.0115268600000002,0.0107381199999995,0.5096637399999929,1.7155917000000012,4.822,10.0,-14.890195739999978,23.891941579999983,99.8,31.51109768,167.7739617799964,152.5201803399966,143.6025153199968,170.36074789999623,456.67209113998985,1303.5049479800014,-1.0114905399999998,-0.0800531,0.0193690800000005,5.022303460000007,1.759760859999996,2.078427060000001,-3.056870540000024,16.0,-94.94312945999998,99.8,30.8394453,10.843094940004327,7.809276080003117,8.483457500003384,5.056366060002017,18.989462200007576,2024.8695321200037,359,X1.5415 Y1.6933 Z-0.0009
14:09:25.789,5,363,1.51513,1.69262,-0.00182,86.05137,59.87784,-26.03864,,185.42,0,0,,2,1,"{""sr"":{""mpox"":86.05137,""mpoy"":59.87784,""mpoz"":-26.03864,""mpoa"":0,""posx"":1.51513,""posy"":1.69262,""posz"":-0.00182,""posa"":0,""unit"":0,""stat"":5,""coor"":2,""momo"":1,""dist"":0,""home"":1,""mots"":1,""plan"":0,""line"":363,""path"":2,""frmo"":2,""prbe"":1,""safe"":0,""estp"":0,""spc"":1,""hold"":0,""macs"":5,""cycs"":1,""sps"":12000,""feed"":185.42,""mark"":1499779243}}",5.386908342505471,0.1953851297570823,0.1876483893988086,0.1945627077750178,5.386908342505471,0.1953851297570823,0.1876483893988086,0.1945627077750178,-1.0086384,-0.02575526,0.0230771599999999,-4.8446547,-7.83904836,0.4370053399999998,-13.138617820000004,37.0,65.95236876000001,99.7,31.24186222,139.0773586199995,3.3756637799999885,2.7005314799999907,2.7005314799999907,7.426461319999974,1782.3160014799996,-0.98839768,0.03606,-0.0018613799999999,-1.6032317799999998,-0.8973715200000001,0.9606506399999998,-31.53412134,35.634014320000006,-37.46587866,99.8,31.56,64.75717742000006,57.303113560000064,58.70075082000006,59.63250896000006,183.92230136000015,1517.3810734199997,-1.01667778,0.13146602,-0.0071634199999999,2.81220218,1.70331416,3.917371680000001,-7.0,31.51215896,36.48784104,99.7,31.48,110.62639767999995,2.560796619999999,2.0486368399999995,2.0486368399999995,6.145911159999998,1397.40563874,-0.94475096,0.1429335799999998,-0.0129333799999998,3.4528875200000004,1.587,1.7182592199999989,11.0,17.55264089999998,13.423264740000004,99.7,36.28,117.16681107999958,148.90755837999944,117.16681107999958,101.31483063999964,331.58672669999874,1510.1643595800008,-1.0087636599999998,-0.006126,-0.0011669799999999,0.2086059000000013,1.6807128000000005,4.806604299999999,9.763371899999996,-15.0,23.01575576,99.8,31.5301575,53.4779645800008,40.4634162200006,38.09713432000056,44.95935074000067,120.68036300000178,1100.7428729199994,-1.01320174,-0.07405006,0.02088654,5.3951108,1.4531138600000009,2.18427586,-2.4034552999999885,12.779427559999936,-75.07182295999964,99.8,30.84992692,147.88644583999923,111.02127523999944,120.60584581999942,71.88427883999965,269.1666893799987,1385.7289231399989,363,X1.5071 Y1.6913 Z-0.0021
14:09:26.046,5,366,1.48507,1.6844,-0.0029,85.28182,59.669,-26.06616,,185.42,0,0,,2,1,"{""sr"":{""mpox"":85.28182,""mpoy"":59.669,""mpoz"":-26.06616,""mpoa"":0,""posx"":1.48507,""posy"":1.6844,""posz"":-0.0029,""posa"":0,""unit"":0,""stat"":5,""coor"":2,""momo"":1,""dist"":0,""home"":1,""mots"":1,""plan"":0,""line"":366,""path"":2,""frmo"":2,""prbe"":1,""safe"":0,""estp"":0,""spc"":1,""hold"":0,""macs"":5,""cycs"":1,""sps"":12000,""feed"":185.42,""mark"":1499779243}}",5.138893966151837,0.1879459193429597,0.196859969236104,0.2036812425153873,5.138893966151837,0.1879459193429597,0.196859969236104,0.2036812425153873,-1.0166399200000005,-0.0175692400000001,0.0221239199999997,-5.262514839999997,-7.784668919999995,0.4611477200000006,-12.247253760000024,37.0,66.0,99.7,31.23247264,83.03497888000346,2.017620800000085,1.6140962400000678,1.6140962400000678,4.4387651600001865,2051.380854680001,-0.99409156,0.0440909199999999,-0.0163441199999998,-1.6850103600000024,-0.9003804400000038,0.9098919199999974,-31.696237880000016,36.0,-37.87446060000004,99.8,31.56821792,79.25637799999947,63.71591175999958,64.75194275999957,65.78797407999957,204.61613951999863,1807.5626811200104,-0.9993883999999998,0.1120733599999999,-0.01583964,2.7767476399999973,1.6352073199999966,3.783251,-7.0,31.0,35.98772032,99.7,31.48845572,107.49483760000024,2.469301280000006,2.469301280000006,1.975440960000005,5.926322200000015,1714.8036720400046,-0.9336172799999992,0.4657785200000041,0.0107026000000021,2.862840799999983,1.3260687999999905,1.5110222799999964,11.279307919999969,-4.210633519999712,-1.7381414000002051,99.7,36.28065792,65.27865196000306,85.33414132000401,67.24487620000316,58.200243480002726,190.3305270800089,2772.817916040044,-1.00582284,-0.01079392,0.0060829599999996,0.3800789199999922,1.7611994800000084,4.8541441599999935,10.353839840000026,-14.0,23.29232131999995,99.8,31.53617304,161.60944327999354,109.81845031999563,104.00300555999588,122.77050403999512,328.895719479987,1377.9848141200107,-1.00801788,-0.07306176,0.0123459600000002,4.844147520000018,1.874763759999988,1.9724604400000016,-3.34371296000003,15.98765728,-94.64394431999996,99.8,30.83343732,64.28580596000562,45.729078200004,50.036890240004375,29.491941440002577,111.34036476000972,1795.15219052003,366,X1.4824 Y1.6833 Z-0.003
14:09:26.303,5,370,1.45805,1.66855,-0.00399,84.59567,59.26641,-26.09389,,185.42,0,0,,2,1,"{""sr"":{""mpox"":84.59567,""mpoy"":59.26641,""mpoz"":-26.09389,""mpoa"":0,""posx"":1.45805,""posy"":1.66855,""posz"":-0.00399,""posa"":0,""unit"":0,""stat"":5,""coor"":2,""momo"":1,""dist"":0,""home"":1,""mots"":1,""plan"":0,""line"":370,""path"":2,""frmo"":2,""prbe"":1,""safe"":0,""estp"":0,""spc"":1,""hold"":0,""macs"":5,""cycs"":1,""sps"":12000,""feed"":185.42,""mark"":1499779243}}",5.329269331578731,0.2053616491799897,0.2027903637812596,0.2028933090508403,5.329269331578731,0.2053616491799897,0.2027903637812596,0.2028933090508403,-1.0171632000000008,-0.0268774400000002,0.0177805400000005,-4.937482540000001,-8.058136500000002,0.2874196199999995,-12.874526140000006,37.35400542000002,66.52052071999998,99.7,31.23125496,107.74781735999716,2.6026045999999314,2.0820834199999454,2.0820834199999454,5.725729459999849,1427.5482822599968,-0.9923829400000002,0.04332298,-0.00125328,-1.5897928600000026,-0.8245210400000017,0.9468158999999998,-31.49482002,35.0,-37.23855309999999,99.8,31.56505162,74.64698998000034,60.86287944000036,61.85252002000037,62.84216014000037,194.9591424600012,1259.6155279,-1.02796034,0.1282592999999996,-0.00168512,2.836472860000003,1.724889499999999,3.8766607399999984,-7.0,31.24048570000001,35.741450700000016,99.7,31.48240488,107.70747385999977,2.5048251599999944,2.5048251599999944,2.003859619999995,6.011579859999986,1388.8971288599987,-0.9903466400000004,0.2263360200000004,0.0402633000000018,1.9481074000000205,1.4303185799999902,1.477152000000009,11.478734700000016,18.026867539999916,6.546724399999965,99.7,36.29521244,86.49724785999744,113.6357572999967,88.70737303999742,77.23954421999775,253.42709461999263,2289.159127999994,-1.00854866,-0.0027471200000001,-0.0055289399999991,0.3213589400000034,1.85842017999999,4.759303260000003,9.042243640000002,-14.0,23.57727399999998,99.8,31.53042228,90.20405188000407,78.57981804000354,74.39509382000335,87.87920468000398,236.2044237600107,1149.0757675200018,-1.0042931399999997,-0.07561944,0.02277538,5.034321980000001,1.829702880000003,2.014,-3.5366667799999765,15.9826442,-93.53666677999998,99.8,30.83,109.39188163999512,73.50598853999676,81.03667827999644,47.22667351999792,179.76600353999208,1558.2420031199972,370,X1.4534 Y1.6648 Z-0.0042
14:09:26.559,5,373,1.43615,1.64637,-0.00507,84.03933,58.70296,-26.12141,,185.42,0,0,,2,1,"{""sr"":{""mpox"":84.03933,""mpoy"":58.70296,""mpoz"":-26.12141,""mpoa"":0,""posx"":1.43615,""posy"":1.64637,""posz"":-0.00507,""posa"":0,""unit"":0,""stat"":5,""coor"":2,""momo"":1,""dist"":0,""home"":1,""mots"":1,""plan"":0,""line"":373,""path"":2,""frmo"":2,""prbe"":1,""safe"":0,""estp"":0,""spc"":1,""hold"":0,""macs"":5,""cycs"":1,""sps"":12000,""feed"":185.42,""mark"":1499779243}}",5.1214585127097205,0.199456313364936,0.2047360272333848,0.2039172594748151,5.1214585127097205,0.199456313364936,0.2047360272333848,0.2039172594748151,-1.0117305800000005,-0.0473385799999999,0.01946136,-5.465088160000003,-7.833489320000002,0.4927382200000029,-6.965391680000147,20.0939664400004,36.29172140000073,99.7,31.2436225,111.77986684000224,2.7154010800000545,2.172320400000044,2.172320400000044,5.97388168000012,1172.065229859997,-0.99354376,0.0326870599999999,-0.0214152799999997,-1.4266308599999988,-0.7827592800000008,0.9583525999999996,-32.491189819999995,35.81450154000001,-37.18549845999999,99.8,31.56323292,74.16970111999964,60.90756891999971,61.39875931999971,62.38113895999971,193.52888885999909,1342.0206973600011,-0.9878528400000002,0.1050535200000005,-0.01582168,2.7350704600000006,1.6970704600000006,3.97923292,-6.5024837600000005,32.0,36.40107731999998,99.7,31.48106394,108.43510136000016,2.512418960000004,2.512418960000004,2.0099352000000037,6.02980560000001,1074.5127249199968,-0.9130289799999988,0.3077584199999966,0.0266550399999992,2.409156639999998,1.3455678799999928,1.4015486399999966,11.020094100000028,-3.5946934200001506,8.076186740000422,99.7,36.3,87.84120228000191,118.94026084000258,93.29717710000202,81.29403178000177,265.7059956200057,1612.4594560599994,-1.0024112200000002,-0.0031781,0.00730852,0.5306502799999852,1.841942860000002,4.775057659999998,9.486142039999985,-14.229213639999974,23.89474587999999,99.8,31.54,95.55513739999616,73.68363481999721,69.75965457999737,82.4035917799969,220.99951919999168,1226.113711520003,-1.0026928199999998,-0.0802337999999997,0.0196231199999998,5.181444839999999,1.7719538200000058,1.9635778600000025,-4.0,16.0,-93.63147876000002,99.8,30.84,114.39450832000368,77.9962556800025,86.66250610000279,50.26425346000162,191.81301454000612,1108.09902634,373,X1.4357 Y1.6458 Z-0.0051
14:09:26.817,5,377,1.42087,1.61906,-0.00617,83.65114,58.00925,-26.14913,,185.42,0,0,,2,1,"{""sr"":{""mpox"":83.65114,""mpoy"":58.00925,""mpoz"":-26.14913,""mpoa"":0,""posx"":1.42087,""posy"":1.61906,""posz"":-0.00617,""posa"":0,""unit"":0,""stat"":5,""coor"":2,""momo"":1,""dist"":0,""home"":1,""mots"":1,""plan"":0,""line"":377,""path"":2,""frmo"":2,""prbe"":1,""safe"":0,""estp"":0,""spc"":1,""hold"":0,""macs"":5,""cycs"":1,""sps"":12000,""feed"":185.42,""mark"":1499779243}}",5.45606074348446,0.2008868707448213,0.2021112179756011,0.2017303096292212,5.45606074348446,0.2008868707448213,0.2021112179756011,0.2017303096292212,-1.0000761399999998,-0.0272475000000049,0.0224105999999979,-5.205974720000034,-7.662539500000006,0.4531482200000039,-13.368572000000045,37.42866450000006,66.42866450000007,99.7,31.23060086,76.29444270000924,1.842860740000223,1.4742887400001785,1.4742887400001785,4.05429422000049,1664.9054544000064,-0.9914779599999994,0.0419957399999999,0.0003341399999998,-1.5799753199999975,-0.9047432799999944,0.930645339999996,-31.52771049999999,35.64287074000003,-38.47228950000001,99.8,31.574722960000003,86.46727783999772,65.96378387999883,65.43607337999883,66.60665461999885,207.39013559999628,1627.7453374200045,-1.0209515799999993,0.1581376200000005,-0.0081809800000001,2.724625480000002,1.717647000000002,3.873935700000001,-7.0,31.49145264,36.23222188000009,99.7,31.49616088,105.17086432000067,2.457262980000016,2.457262980000016,1.9658103400000129,5.897431760000039,1299.9264612000009,-0.9140315199999997,0.3760142000000184,-0.0108085799999984,2.809431419999844,1.4571057599999928,1.466346719999985,9.752866780000115,7.435183539999994,3.827293040001545,99.7,36.29,58.79641818000787,78.02878086001061,61.20606180000832,53.33159814000725,174.51866564002378,2016.507604839976,-1.0018979399999997,-0.0195781200000006,-0.0076494600000004,0.2765044999999607,1.667320100000028,4.710543960000005,9.934897760000007,-14.0,24.17285574000008,99.8,31.53762048,142.87269917998603,117.08591937998854,110.81345917998917,131.02471855998718,351.2577571399657,1525.3112552999894,-1.0141664399999994,-0.0916986799999984,0.0190167600000008,5.166457939999996,1.7058853400000002,2.053457939999996,-4.0,15.25103936000008,-94.22551158000007,99.8,30.8474897,50.709677060014144,37.03448306001029,41.45955844001152,23.784783440006606,91.5182302800254,1406.0168527999774,377,X1.4194 Y1.6155 Z-0.0063
14:09:27.075,5,381,1.41317,1.58887,-0.00725,83.45556,57.24246,-26.17665,,185.42,0,0,,2,1,"{""sr"":{""mpox"":83.45556,""mpoy"":57.24246,""mpoz"":-26.17665,""mpoa"":0,""posx"":1.41317,""posy"":1.58887,""posz"":-0.00725,""posa"":0,""unit"":0,""stat"":5,""coor"":2,""momo"":1,""dist"":0,""home"":1,""mots"":1,""plan"":0,""line"":381,""path"":2,""frmo"":2,""prbe"":1,""safe"":0,""estp"":0,""spc"":1,""hold"":0,""macs"":5,""cycs"":1,""sps"":12000,""feed"":185.42,""mark"":1499779243}}",5.268188264787537,0.1999810331301033,0.2062415880430862,0.2075409187944694,5.268188264787537,0.1999810331301033,0.2062415880430862,0.2075409187944694,-0.9919127999999992,-0.0263274,0.0075121999999998,-5.068185799999998,-7.774735700000007,0.4736494999999998,-12.97686689999999,37.28152600000002,65.02313310000001,99.7,31.2567221,146.63813499999534,3.5923709999998845,2.873896999999908,2.873896999999908,7.903216099999747,1335.5920654999966,-0.9890758000000002,0.0449868000000001,-0.0126043999999998,-1.7287762999999938,-0.8514786000000018,0.8851327999999986,-31.546629799999995,36.0,-37.54662979999999,99.8,31.5745341,62.111744200000665,56.6712996000006,56.2179284000006,57.12466980000061,177.7211946000019,1199.9234835999905,-0.9952891,0.0831237000000007,-0.0083637000000001,2.785250000000004,1.7119417000000012,3.967,-7.0,31.0,37.0,99.7,31.4955291,110.44826469999973,2.6363797000000124,2.588154399999992,2.070523399999993,6.21157009999998,1124.4903927999894,-0.8908668000000026,0.4780039999999877,-0.0262177000000007,2.909434200000012,1.1967732000000058,1.463807200000004,7.741734099999965,1.7012680999997989,7.714711999999551,99.7,36.29,121.27423559999588,159.49399499999453,124.94921259999572,109.51430989999626,357.9427439999878,1920.594562599993,-1.0023926,-0.0075530999999998,-0.0169330999999996,0.2963401000000081,1.9848037999999808,4.661818900000012,9.09124910000004,-15.0,22.99092359999996,99.8,31.5317342,38.40787230000812,29.05266350000588,27.574040700005565,32.52109630000659,87.24016220001762,1056.3334343999898,-1.0105235999999995,-0.0821490999999999,0.0294729000000004,5.064783099999994,1.6748742000000154,1.9588865000000024,-4.0,16.0,-94.0692199,99.8,30.841311500000003,189.41805709999136,113.82461229999484,129.4646353999941,73.85566409999664,284.12708569998705,1046.497409699996,381,X1.4125 Y1.5817 Z-0.0075
14:09:27.332,5,384,1.41369,1.55747,-0.00834,83.46797,56.4511,-26.20417,,185.42,0,0,,2,1,"{""sr"":{""mpox"":83.46797,""mpoy"":56.4511,""mpoz"":-26.20417,""mpoa"":0,""posx"":1.41369,""posy"":1.55747,""posz"":-0.00834,""posa"":0,""unit"":0,""stat"":5,""coor"":2,""momo"":1,""dist"":0,""home"":1,""mots"":1,""plan"":0,""line"":384,""path"":2,""frmo"":2,""prbe"":1,""safe"":0,""estp"":0,""spc"":1,""hold"":0,""macs"":5,""cycs"":1,""sps"":12000,""feed"":185.42,""mark"":1499779243}}",5.242986952443772,0.2038550082613698,0.2125456507660479,0.2041107565480117,5.242986952443772,0.2038550082613698,0.2125456507660479,0.2041107565480117,-1.0744574800000024,1.431999999740034e-05,0.0213614399999983,-5.100900799999974,-7.917089000000019,0.2881771999999952,-12.03092391999993,37.25171527999995,66.25171527999994,99.7,31.24938152,51.57070235998994,1.2585764799997532,1.0068611599998023,1.0068611599998023,2.768868199999457,2992.160525000117,-0.9856799199999996,0.0549933200000007,-0.0099376000000014,-1.57343244,-0.7951898800000105,0.8922348399999913,-32.0,36.0,-37.40470204000009,99.8,31.569779,81.56238916000144,68.88715248000122,67.78495868000121,69.43825036000123,214.9279169200038,2291.43843872006,-1.008886999999998,0.0806259999999991,0.0060023600000012,2.8105278000000005,1.6442018800000024,3.87423612,-7.541544319999956,31.020825279999958,36.93773760000004,99.7,31.48582956,104.90014995999928,2.3964067199999803,2.3964067199999803,1.917125759999984,5.751376359999953,2356.1150997200343,-0.9820065200000097,0.2253879200000078,0.0060550400000073,3.526074600000084,1.5072796800000148,1.4370648000000077,8.216670719999964,9.824918919999522,-7.407981919999555,99.7,36.27991796,38.902979399990656,48.79737943998828,38.22836143999081,33.28116191999201,109.28813883997375,2976.47089756012,-1.009330400000001,-0.015312160000001,0.00399272,0.5823102800000556,1.6921224399999728,4.706908759999997,9.003646199999991,-14.0,24.87944652000008,99.8,31.55,125.09654536001013,146.86758300001247,138.9525641600118,164.45651564001395,440.6027499200374,2415.7396402401064,-1.0115538800000017,-0.1038742000000035,0.0742956400000065,4.906454199999973,1.7228037199999844,2.01408404,-3.074970439999916,16.0,-94.07497043999992,99.8,30.850013800000003,12.070313279986417,9.671244319989116,11.095691599987513,6.222584199992997,24.21559699997275,2473.5011724001174,384,X1.4139 Y1.5558 Z-0.0084
14:09:27.590,5,388,1.42226,1.52761,-0.00943,83.68648,55.6865,-26.2319,,185.42,0,0,,2,1,"{""sr"":{""mpox"":83.68648,""mpoy"":55.6865,""mpoz"":-26.2319,""mpoa"":0,""posx"":1.42226,""posy"":1.52761,""posz"":-0.00943,""posa"":0,""unit"":0,""stat"":5,""coor"":2,""momo"":1,""dist"":0,""home"":1,""mots"":1,""plan"":0,""line"":388,""path"":2,""frmo"":2,""prbe"":1,""safe"":0,""estp"":0,""spc"":1,""hold"":0,""macs"":5,""cycs"":1,""sps"":12000,""feed"":185.42,""mark"":1499779243}}",5.362372442410825,0.1977239847596851,0.2177662659424532,0.2118065284479526,5.362372442410825,0.1977239847596851,0.2177662659424532,0.2118065284479526,-1.0140119999999997,-0.0360786000000003,0.0157051999999995,-5.131728400000008,-7.981730800000001,0.3688187999999989,-12.815321599999994,37.0,66.66157400000002,99.7,31.24,136.28420900000316,3.3078688000000764,2.646295600000061,2.646295600000061,7.277311800000168,1596.7416536000007,-0.9900222,0.0389323999999998,-0.0043109999999999,-1.6235690000000025,-0.8735140000000021,0.9088123999999992,-31.0,36.0,-36.75583819999997,99.8,31.57,76.84034899999943,58.7796409999996,56.91362039999961,58.313135599999605,181.8258115999988,1912.429302799999,-1.0006289999999998,0.1209579999999999,-0.0083268,3.028604799999999,1.6182724000000002,3.845,-7.512658200000001,31.0,37.40884740000002,99.7,31.4823296,110.73421260000023,2.5632922000000056,2.5632922000000056,2.0506334000000046,6.151900800000013,1768.510678400003,-0.9226622000000024,0.2072857999999989,-0.018175,1.849778000000005,1.1173041999999958,1.395644600000003,14.22764500000005,2.214157600000048,12.476650599999914,99.7,36.2763424,118.87846240000292,146.47119760000362,114.74702120000283,99.89740660000248,328.04148300000816,1547.6380231999983,-1.0032696,-0.0151819999999999,-0.0106862000000001,0.2631633999999924,1.931133000000013,4.817160000000007,9.0,-15.0,24.217297999999985,99.8,31.5598248,44.66118199999585,41.8856285999961,39.86704359999629,46.93208999999564,126.41385439998828,1261.5267755999923,-1.0057538,-0.079316,0.0199718,5.404178400000004,1.6824646000000032,2.156124600000005,-2.978915600000003,15.666532000000045,-93.3393576000001,99.8,30.86,148.69409180000503,99.70259740000338,115.2822268000039,63.869450600002175,250.0460182000085,1327.9099900000044,388,X1.4243 Y1.523 Z-0.0096
14:09:27.847,5,392,1.43841,1.50073,-0.01052,84.09677,55.00387,-26.25963,,185.42,0,0,,2,1,"{""sr"":{""mpox"":84.09677,""mpoy"":55.00387,""mpoz"":-26.25963,""mpoa"":0,""posx"":1.43841,""posy"":1.50073,""posz"":-0.01052,""posa"":0,""unit"":0,""stat"":5,""coor"":2,""momo"":1,""dist"":0,""home"":1,""mots"":1,""plan"":0,""line"":392,""path"":2,""frmo"":2,""prbe"":1,""safe"":0,""estp"":0,""spc"":1,""hold"":0,""macs"":5,""cycs"":1,""sps"":12000,""feed"":185.42,""mark"":1499779243}}",5.263100581434208,0.1983133951322179,0.2003226004331047,0.2012109454321237,5.263100581434208,0.1983133951322179,0.2003226004331047,0.2012109454321237,-0.9952008400000004,-0.0312885799999993,0.019034579999999,-5.171318120000005,-7.965607240000008,0.3447178999999935,-13.0,37.0,66.0,99.7,31.24474768,86.16011409999301,2.0774695599998307,1.6619753799998649,1.6619753799998649,4.5704329599996285,1694.6895935000002,-0.99481062,0.03958344,-0.00273536,-1.5361981600000068,-0.9016395000000011,1.0202004599999983,-32.0,35.48129219999999,-37.81050304000004,99.8,31.58189482,79.3622825200011,65.3571739000009,62.76363556000087,64.8384661000009,201.2585993600028,1297.4728812399992,-0.99608472,0.1158347800000004,-0.0153813199999998,2.7650022800000014,1.8192405800000084,4.030959599999995,-7.0,31.682838979999968,36.5055113,99.7,31.47177344,107.16424967999936,2.4724441799999872,2.4724441799999872,1.9779551399999895,5.933866419999969,1205.324444100013,-0.910538179999996,0.4565238799999891,0.01568082,2.808883240000011,1.8060816599999692,1.4255858599999915,6.096472860000342,10.054630380000638,-7.916315040000593,99.7,36.27,67.94174025999381,87.75808153999199,68.75057081999374,59.85343829999455,196.54574937998208,2404.087700699985,-1.0034652000000002,-0.0063368399999995,-0.0062025200000001,0.1778697399999917,1.706531000000026,4.771560060000008,9.601394640000056,-14.0,25.0,99.8,31.55,112.80473668000909,104.75717100000855,99.70863308000814,117.37851696000958,316.13504354002583,1190.4546946799985,-1.0085899000000005,-0.0766996799999998,0.0283161000000002,5.226036180000003,1.7104423399999895,2.0733877200000004,-3.0,16.0,-94.70004823999987,99.8,30.85350006,56.35389487999068,44.1030479599927,51.45355617999149,28.35195949999531,111.3076935999816,1529.9236882999994,392,X1.4437 Y1.4945 Z-0.0108
14:09:28.105,5,395,1.46097,1.47923,-0.0116,84.66968,54.45777,-26.28714,,185.42,0,0,,2,1,"{""sr"":{""mpox"":84.66968,""mpoy"":54.45777,""mpoz"":-26.28714,""mpoa"":0,""posx"":1.46097,""posy"":1.47923,""posz"":-0.0116,""posa"":0,""unit"":0,""stat"":5,""coor"":2,""momo"":1,""dist"":0,""home"":1,""mots"":1,""plan"":0,""line"":395,""path"":2,""frmo"":2,""prbe"":1,""safe"":0,""estp"":0,""spc"":1,""hold"":0,""macs"":5,""cycs"":1,""sps"":12000,""feed"":185.42,""mark"":1499779243}}",5.233686718438356,0.2012722499058131,0.2056532836653361,0.2251645553053602,5.233686718438356,0.2012722499058131,0.2056532836653361,0.2251645553053602,-0.9793375,-0.0366125,0.0041485,-5.265534,-7.859339999999999,0.420008,-12.1151985,37.0,66.269315,99.7,31.243845,103.55966,2.501441,2.001153,2.001153,5.5031705,1800.219126,-0.993275,0.0402569999999999,-0.0354355,-1.6722074999999998,-0.8818509999999999,0.888149,-31.501475,35.776157000000005,-37.0,99.8,31.59,78.04268049999999,62.6843795,60.6784795,62.6843795,194.2946825,1298.1255565,-1.0245515,0.1340945,-0.0080195,2.9140465,1.7436325,3.8595905,-7.0,31.5007175,36.0,99.7,31.48,109.3428155,2.4964115,2.4964115,1.997129,5.9913870000000005,1484.647328,-0.9548995,0.209113,0.011874,2.573492,1.3877240000000002,1.5869075,11.4005565,-1.2248544999999995,1.2274985000000007,99.7,36.271047,82.16870800000001,108.835061,84.97460399999999,73.88802299999999,243.131535,2174.6988585000004,-1.0137310000000002,-0.0065575,-0.0017955,0.4158165,1.8913785,4.8240965,9.5025475,-14.0,23.9605345,99.8,31.55,106.952359,82.0797175,78.5975475,92.5262265,248.7264155,1102.236259,-1.0010805,-0.077978,0.054729,5.3932735,1.387503,2.0455715,-3.480604,15.519396,-94.5004565,99.8,30.850189500000003,84.9294635,62.923503,73.432849,39.9634555,157.8556485,1560.079981,395,X1.4633 Y1.4775 Z-0.0117
14:09:28.360,5,399,1.48825,1.46427,-0.01278,85.36267,54.07762,-26.3172,,185.42,0,0,,2,1,"{""sr"":{""mpox"":85.36267,""mpoy"":54.07762,""mpoz"":-26.3172,""mpoa"":0,""posx"":1.48825,""posy"":1.46427,""posz"":-0.01278,""posa"":0,""unit"":0,""stat"":5,""coor"":2,""momo"":1,""dist"":0,""home"":1,""mots"":1,""plan"":0,""line"":399,""path"":2,""frmo"":2,""prbe"":1,""safe"":0,""estp"":0,""spc"":1,""hold"":0,""macs"":5,""cycs"":1,""sps"":12000,""feed"":185.42,""mark"":1499779243}}",5.389134535697976,0.2019341727578615,0.2014003572785967,0.1901007843931583,5.389134535697976,0.2019341727578615,0.2014003572785967,0.1901007843931583,-0.9971831999999968,-0.0344974000000008,-0.0049790000000015,-5.073819999999998,-8.139598599999982,0.3885224000000048,-13.0,37.0,67.0,99.7,31.2453674,116.01899299999032,2.7777819999997693,2.222225799999815,2.222225799999815,6.111121199999492,1597.6604030000085,-0.9921400000000008,0.0398968,-0.0008844000000014,-1.5564245999999833,-0.8134521999999971,0.9387626000000034,-16.41362479999969,18.465327999999648,-19.15589819999968,99.8,31.6,80.85431980000162,60.88427720000122,58.93598040000119,60.88427720000122,188.49772160000376,1590.182075400014,-0.9870666000000006,0.1104463999999991,-0.0121483999999998,2.79211239999999,1.6331804000000103,3.8869416000000023,-7.0,31.687568000000045,37.31243199999995,99.7,31.48,109.67023619999908,2.5169659999999814,2.5169659999999814,2.0135729999999854,6.040718799999956,1203.8336642000015,-0.9860576000000056,0.2690785999999729,-0.0087278000000026,1.8658554000000276,1.804060399999992,1.2092107999999997,10.22028700000039,9.215757799999494,8.295761400001307,99.7,36.2712234,90.75709779999184,122.12992219998904,95.23892979999144,82.91389239999256,272.8315227999755,1645.6449710000063,-1.004425,-0.0079459999999991,0.014986600000004,0.2679547999999824,1.892,4.791886200000018,9.0,-14.949516000000008,24.58555519999993,99.8,31.55,83.66972960001488,68.7978190000117,65.48226180001112,77.13719740001308,207.63679240003523,1399.3348874000103,-1.0005318,-0.0750811999999989,0.0077723999999984,5.160172199999972,1.5678802000000187,2.0864849999999904,-3.405858800000079,15.40585880000008,-94.0,99.8,30.8440586,109.32199139998544,74.26765739999013,86.74462339998846,47.53130039999368,187.15449659997512,1278.095768600008,399,X1.4941 Y1.4621 Z-0.013
14:09:28.619,5,402,1.51878,1.4569,-0.01387,86.13822,53.89051,-26.34493,,185.42,0,0,,2,1,"{""sr"":{""mpox"":86.13822,""mpoy"":53.89051,""mpoz"":-26.34493,""mpoa"":0,""posx"":1.51878,""posy"":1.4569,""posz"":-0.01387,""posa"":0,""unit"":0,""stat"":5,""coor"":2,""momo"":1,""dist"":0,""home"":1,""mots"":1,""plan"":0,""line"":402,""path"":2,""frmo"":2,""prbe"":1,""safe"":0,""estp"":0,""spc"":1,""hold"":0,""macs"":5,""cycs"":1,""sps"":12000,""feed"":185.42,""mark"":1499779243}}",5.130191534990664,0.2073886496463403,0.2059599587760587,0.2058082114561737,5.130191534990664,0.2073886496463403,0.2059599587760587,0.2058082114561737,-0.998815059999998,-0.0393277599999983,0.0036085200000002,-5.2745283000000205,-7.879129719999986,0.4794552000000131,-8.475596059999539,23.97990511999864,43.42307085999754,99.7,31.24,73.19404882000762,1.7594720600001834,1.4075775600001468,1.4075775600001468,4.222733460000441,1735.1287212799748,-0.9906278399999998,0.0444670599999997,-0.0227046199999993,-1.5200507599999982,-0.911677020000001,0.9133737399999972,-28.879102219999037,32.48898985999891,-33.82501239999884,99.8,31.60433524,81.22228713999932,66.818416379999,64.26055007999906,66.38486507999903,206.05862251999704,1182.789824080002,-1.0038447799999994,0.1512020600000004,-0.0013746800000003,2.760138999999993,1.6284319400000045,4.003567919999992,-7.0,31.40513121999997,36.894604159999965,99.7,31.48,106.7050979600006,2.447364920000014,2.447364920000014,1.957891760000011,5.873674720000032,1163.179952760002,-0.8917998400000028,0.2080022199999935,-0.0251300200000002,3.518394980000036,1.939386519999959,1.6788458999999984,10.031142640000136,-3.061938059999456,13.114136739998257,99.7,36.27665248,54.27451228000674,72.9732108000088,56.90571504000685,49.541445700005966,163.01813548001965,1931.067782079953,-1.0079817199999992,0.0005923599999987,0.0378407399999948,0.3299677000000215,1.757225799999982,4.781730820000003,9.069978479999993,-14.730126219999946,23.73964230000017,99.8,31.56,110.9792247799915,121.20099565999077,115.35998321999118,136.53365119998955,365.793365639972,1310.7204677799791,-0.9941083800000006,-0.0832772599999998,0.0412575799999992,5.065843840000021,1.853330599999988,2.0438126599999924,-3.788692199999935,15.240857320000064,-94.81824171999992,99.8,30.85970438,43.20822494001194,30.107137600007874,35.40599450000924,19.26856782000504,75.86998758001985,1357.8079433799758,402,X1.5195 Y1.4568 Z-0.0139
14:09:28.876,5,406,1.55008,1.45788,-0.01497,86.9331,53.91534,-26.37265,,185.42,0,0,,2,1,"{""sr"":{""mpox"":86.9331,""mpoy"":53.91534,""mpoz"":-26.37265,""mpoa"":0,""posx"":1.55008,""posy"":1.45788,""posz"":-0.01497,""posa"":0,""unit"":0,""stat"":5,""coor"":2,""momo"":1,""dist"":0,""home"":1,""mots"":1,""plan"":0,""line"":406,""path"":2,""frmo"":2,""prbe"":1,""safe"":0,""estp"":0,""spc"":1,""hold"":0,""macs"":5,""cycs"":1,""sps"":12000,""feed"":185.42,""mark"":1499779243}}",5.274796221958965,0.2049550429049375,0.2059411126194786,0.2161427351267933,5.274796221958965,0.2049550429049375,0.2059411126194786,0.2161427351267933,-0.9673947599999992,-0.0413039600000004,0.0100925599999992,-5.680497480000018,-7.701978400000003,0.557577120000005,-13.72585848000002,36.98151480000001,66.29262671999997,99.7,31.24,151.70434464000448,3.629290400000107,2.9034320000000857,2.9034320000000857,8.710296840000257,1541.111761679986,-0.9853086799999998,0.0411353199999998,-0.0135724399999998,-1.5535548399999997,-0.7936147599999962,0.9413625200000008,-31.487070559999975,35.48707055999998,-36.044859519999925,99.8,31.61,66.85329191999932,56.46392855999943,54.65708311999944,56.46392855999943,175.2640344399982,1454.463559559996,-1.0082122800000006,0.1278907999999999,-0.0128988399999999,2.751687919999997,1.6186119600000002,3.937732039999999,-7.0,32.0,36.55665819999999,99.7,31.489596520000003,112.97457428000035,2.591160360000008,2.591160360000008,2.0729279200000064,6.218783680000019,1711.120522920006,-0.9616010000000094,0.2816253999999975,0.0079554000000016,2.3228599199999915,1.4754844400000124,1.3612266000000024,9.745050040000024,20.17574744000035,-4.75353432000052,99.7,36.27191268,122.18816920000384,162.4208589600051,127.40351748000398,110.26737172000344,362.8392584800114,2491.521365879988,-1.0053755599999998,-0.0029461999999998,0.0083380000000015,0.539939760000021,1.7236713199999982,4.751439280000002,9.916229399999995,-14.083770600000005,23.0,99.8,31.56,37.74414511999233,25.934764519994577,24.848401079994847,29.31003647999389,78.83929659998357,1281.5390833599938,-0.99834072,-0.0756534800000002,0.0155017199999999,5.255653039999998,1.755914160000007,1.9643483199999956,-3.9678993599999983,15.96789936,-94.89092776000004,99.8,30.85109076,122.05713376000506,112.25692588000466,130.96641304000542,71.27423868000297,282.4241705200117,1874.7689257200016,406,X1.5539 Y1.4585 Z-0.0151
14:09:29.134,5,410,1.5799,1.46682,-0.01605,87.69058,54.14238,-26.40017,,185.42,0,0,,2,1,"{""sr"":{""mpox"":87.69058,""mpoy"":54.14238,""mpoz"":-26.40017,""mpoa"":0,""posx"":1.5799,""posy"":1.46682,""posz"":-0.01605,""posa"":0,""unit"":0,""stat"":5,""coor"":2,""momo"":1,""dist"":0,""home"":1,""mots"":1,""plan"":0,""line"":410,""path"":2,""frmo"":2,""prbe"":1,""safe"":0,""estp"":0,""spc"":1,""hold"":0,""macs"":5,""cycs"":1,""sps"":12000,""feed"":185.42,""mark"":1499779243}}",5.241099027523796,0.1960191567668909,0.1918833796238734,0.1944597947723384,5.241099027523796,0.1960191567668909,0.1918833796238734,0.1944597947723384,-0.9737162399999996,-0.0267296799999998,-6.864000000020655e-05,-5.09756328,-7.805920679999989,0.4216039200000053,-13.061661359999968,37.0,66.0,99.7,31.24061664,56.47686819999558,1.360581479999892,1.0884655199999138,1.0884655199999138,3.265395719999741,1624.2035099999914,-0.9933248,0.03946888,-0.0027983999999996,-1.376064079999997,-0.8041405999999979,0.8487359199999994,-31.408686080000017,36.0,-38.18262691999996,99.8,31.60955552,85.31104276000069,68.35820744000056,66.71761004000054,68.35820744000056,212.73074132000173,1317.1744704400028,-1.0126052000000008,0.11248684,-0.0096538799999996,2.929807600000001,1.7088076000000016,3.940407519999997,-6.480746919999998,32.0,36.95834608000002,99.7,31.4852242,103.84132555999962,2.4037347599999914,2.4037347599999914,1.9229877599999927,5.76896243999998,1658.5970888000131,-0.884053640000005,0.4922006800000063,-0.0394642000000004,2.003736120000009,1.2510610400000028,1.6285535600000034,11.648611680000071,-3.4424855200004347,9.271814240000054,99.7,36.27253592,42.096720439996105,55.0300505199949,43.11109959999601,37.532016439996525,123.50062115998855,1928.778950959996,-1.00662836,-0.0104455599999999,0.0039480000000002,0.2801084399999927,1.9560585600000129,4.668859679999993,9.846547680000032,-14.0,24.0,99.8,31.56153488,115.6114151600042,141.37346152000546,134.6010804000052,159.15096284000614,426.6600282800165,1636.4904909200218,-1.0097538799999997,-0.0820944800000003,0.0292192399999999,4.957346679999995,1.810794400000007,1.8988589199999977,-3.109401879999963,16.0,-93.11547099999996,99.8,30.86,12.143648439995909,13.894084199995318,16.08212931999458,8.861581599997013,35.0087161199882,1293.431624959999,410,X1.5864 Y1.4699 Z-0.0163
14:09:29.391,5,413,1.60658,1.48337,-0.01714,88.3682,54.56283,-26.4279,,185.42,0,0,,2,1,"{""sr"":{""mpox"":88.3682,""mpoy"":54.56283,""mpoz"":-26.4279,""mpoa"":0,""posx"":1.60658,""posy"":1.48337,""posz"":-0.01714,""posa"":0,""unit"":0,""stat"":5,""coor"":2,""momo"":1,""dist"":0,""home"":1,""mots"":1,""plan"":0,""line"":413,""path"":2,""frmo"":2,""prbe"":1,""safe"":0,""estp"":0,""spc"":1,""hold"":0,""macs"":5,""cycs"":1,""sps"":12000,""feed"":185.42,""mark"":1499779243}}",5.403989959659327,0.2031968520759847,0.2038774280091592,0.2030685173342064,5.403989959659327,0.2031968520759847,0.2038774280091592,0.2030685173342064,-0.973974140000002,-0.0349381199999991,0.0017785400000008,-5.207055059999991,-7.981108340000007,0.3452476199999935,-13.652581579999964,36.829898199999946,66.0,99.7,31.23829896,136.38957223999222,3.2629084599998137,2.610327099999852,2.610327099999852,7.8309802999995535,1348.3423834000066,-0.9903203400000002,0.04077812,-0.0034716000000001,-1.5069390399999962,-0.8242210199999908,0.9009885199999954,-32.0,35.122045000000035,-38.0,99.8,31.61,69.9484151600009,58.225929540000976,56.82850684000095,58.225929540000976,181.32113618000307,1077.9675839600088,-1.0112130800000012,0.1321871000000005,-0.0081301199999996,2.8605719799999982,1.631935400000012,3.959980019999998,-7.0,32.0,37.0,99.7,31.49488468,111.51515203999934,2.557687259999985,2.557687259999985,2.046149339999988,6.138448579999964,1152.0668428600018,-0.8592757399999981,0.3240224400000189,-0.0276703999999999,2.5971231399998733,1.7673946400000065,1.4310346200000006,9.045001660000016,16.540859119999613,-7.472185659999413,99.7,36.28334108,109.82887569999332,144.50079613999125,113.82428911999308,98.55353859999404,323.6285116199804,1685.7452029800013,-1.0033844400000005,-0.01121064,-0.0046992399999992,0.4507341399999793,1.688598700000034,4.706866480000015,9.0,-14.980690159999996,23.712203179999936,99.8,31.56268466,42.42091470000889,45.10578250000946,42.68940168000895,50.47551854001058,135.85432168002848,950.6697048800096,-1.0055076400000005,-0.0752074000000003,0.0257786399999988,5.478899099999964,1.3713215400000394,2.060272259999996,-3.0083162200000024,16.0,-94.50048911999988,99.8,30.86991684,93.38611673999227,97.10407487999194,112.26697081999066,62.21028653999484,244.2648340399797,985.3164693000087,413,X1.6079 Y1.4844 Z-0.0172
14:09:29.648,5,417,1.62774,1.50616,-0.01823,88.90576,55.14166,-26.45542,,185.42,0,0,,2,1,"{""sr"":{""mpox"":88.90576,""mpoy"":55.14166,""mpoz"":-26.45542,""mpoa"":0,""posx"":1.62774,""posy"":1.50616,""posz"":-0.01823,""posa"":0,""unit"":0,""stat"":5,""coor"":2,""momo"":1,""dist"":0,""home"":1,""mots"":1,""plan"":0,""line"":417,""path"":2,""frmo"":2,""prbe"":1,""safe"":0,""estp"":0,""spc"":1,""hold"":0,""macs"":5,""cycs"":1,""sps"":12000,""feed"":185.42,""mark"":1499779243}}",5.335703356177749,0.1998395711411894,0.2022073239918839,0.2015405978448904,5.335703356177749,0.1998395711411894,0.2022073239918839,0.2015405978448904,-0.9331337199999978,-0.0722107600000023,-0.0039922399999995,-5.079558559999986,-7.880388400000005,0.2637003599999939,-13.423643040000018,36.27736272000003,66.14628031999999,99.7,31.23569924,88.93466476000395,2.1182155600000923,1.694572520000074,1.694572520000074,5.083717560000221,1427.3192253199973,-0.99515244,0.0410154799999998,-0.0113569200000001,-1.4284020399999966,-0.7980979599999979,0.9407686399999954,-32.0,36.0,-36.88352268000004,99.8,31.61,82.11628347999938,64.55682619999952,63.52391707999953,64.55682619999952,201.9337533599985,1210.7568271199927,-1.01822852,0.1256055999999975,-0.0087381599999997,2.838059,1.6921439200000006,3.8059924000000014,-6.0,31.0,37.42303851999995,99.7,31.48985572,107.04819788000027,2.463834680000008,1.971067760000006,1.971067760000006,5.4204362800000165,1264.1267734799917,-0.9091114400000102,0.3989293199999926,-0.0579377599999969,2.77429391999997,1.4307892000000035,1.5464969599999951,11.720794040000142,-3.351338239999844,16.79855255999966,99.7,36.29906936,69.05534392000332,90.68713840000436,70.7193282000034,61.983410880002985,202.59007564000976,2389.3554503199966,-1.01321936,-0.0142991999999992,-0.0106822399999998,0.3909039600000109,1.8019476399999843,4.869625519999994,9.416501760000031,-14.386252040000029,23.0,99.8,31.5803024,126.99807047999433,102.5261595999953,98.19967451999548,116.02861527999468,311.8142163599857,1052.652742799998,-1.0016603199999996,-0.0803004399999993,0.0456247599999998,5.258582439999995,1.8035100799999928,2.01249016,-3.628053599999968,15.62805359999997,-93.76864640000008,99.8,30.86371936,38.31045380000327,48.35300000000412,55.41997708000471,31.243477080002656,120.88250036001028,1510.820362559998,417,X1.6306 Y1.5103 Z-0.0184
14:09:29.906,5,421,1.64237,1.53363,-0.01931,89.27745,55.83939,-26.48293,,185.42,0,0,,2,1,"{""sr"":{""mpox"":89.27745,""mpoy"":55.83939,""mpoz"":-26.48293,""mpoa"":0,""posx"":1.64237,""posy"":1.53363,""posz"":-0.01931,""posa"":0,""unit"":0,""stat"":5,""coor"":2,""momo"":1,""dist"":0,""home"":1,""mots"":1,""plan"":0,""line"":421,""path"":2,""frmo"":2,""prbe"":1,""safe"":0,""estp"":0,""spc"":1,""hold"":0,""macs"":5,""cycs"":1,""sps"":12000,""feed"":185.42,""mark"":1499779243}}",5.033337220639493,0.1977408459166058,0.2100080658432446,0.2103476529731787,5.033337220639493,0.1977408459166058,0.2100080658432446,0.2103476529731787,-1.0125310399999952,-0.0747718800000016,0.0028518399999985,-5.098448920000009,-7.8138101200000065,0.4095055599999941,-13.398720920000072,36.88807120000002,66.88807120000001,99.7,31.24691908,102.27425107998924,2.446752359999742,1.9574020799997935,1.9574020799997935,5.872205759999381,1459.1296375600004,-0.9945599600000008,0.0363942000000007,-0.002357080000002,-1.4441414800000123,-0.7717993600000111,0.8896964400000066,-32.0,35.50280168000001,-37.50280168000001,99.8,31.61,76.25033016000117,62.56000328000134,62.13482552000142,63.3530180000014,197.09827844000435,1441.1976835200092,-1.0263979200000033,0.0823811999999998,-0.0056406799999991,2.8104386000000057,1.711438600000006,3.859034479999998,-6.0,31.49997432,37.76997392000005,99.7,31.47730016,109.99438855999914,2.4998725599999805,1.9998982399999845,1.9998982399999845,5.499719399999957,1255.5432693599855,-1.0052622799999962,0.1540492399999925,0.0001796799999911,2.1567014799998816,1.4074579599999872,1.5159978400000114,6.701912919999983,8.759259079998715,4.142627360000971,99.7,36.3048734,82.31314835999028,106.24237083998769,83.33690587999034,72.61519839999157,237.44688987997247,1849.4359377199664,-0.9995697200000006,-0.0017035600000001,0.0073919199999977,0.5971332000000161,1.876427999999979,4.755312239999999,9.0,-14.04662060000001,24.0,99.8,31.58,100.33660492001536,87.40663064001338,83.26903856001275,98.26780964001505,264.2886871600404,1329.1770656000044,-1.0072584800000008,-0.0704971600000011,0.0249081999999998,5.199337519999938,1.9586875600000329,1.9789833999999835,-3.48141287999991,16.463132799999908,-94.53686720000007,99.8,30.86018304,38.28138999999312,63.56476123998814,71.74877755998664,40.92008315999236,157.92165823997055,1351.0428434799985,421,X1.645 Y1.5416 Z-0.0196
14:09:30.161,5,424,1.64923,1.56423,-0.0204,89.45166,56.61677,-26.51066,,185.42,0,0,,2,1,"{""sr"":{""mpox"":89.45166,""mpoy"":56.61677,""mpoz"":-26.51066,""mpoa"":0,""posx"":1.64923,""posy"":1.56423,""posz"":-0.0204,""posa"":0,""unit"":0,""stat"":5,""coor"":2,""momo"":1,""dist"":0,""home"":1,""mots"":1,""plan"":0,""line"":424,""path"":2,""frmo"":2,""prbe"":1,""safe"":0,""estp"":0,""spc"":1,""hold"":0,""macs"":5,""cycs"":1,""sps"":12000,""feed"":185.42,""mark"":1499779243}}",5.38213804361668,0.1964541130153121,0.2039998329058111,0.2070465055225013,5.38213804361668,0.1964541130153121,0.2039998329058111,0.2070465055225013,-0.96379974,-0.0222008800000001,0.0194209799999998,-5.06634258,-8.115015800000002,0.3767064999999996,-13.0,36.43317595999999,66.52093468,99.7,31.25345404,117.50809332000124,2.8341202000000307,2.2672961600000243,2.2672961600000243,6.801888720000074,1438.840660299998,-0.99265062,0.0378866399999999,-0.00180226,-1.5191741600000015,-0.7823476399999993,0.916,-31.48705362,35.83084300000001,-38.03136752000002,99.8,31.61,82.79917127999978,60.39469003999984,60.39469003999984,61.36879765999984,190.9251481399995,1503.2900873800018,-1.0106101,0.11890822,-0.0131505599999999,2.870780079999999,1.6487479800000002,3.945480360000001,-6.0,32.0,38.0,99.7,31.48,110.84220420000013,2.5306437600000025,2.0245151600000018,2.0245151600000018,5.567416500000005,1328.350295020001,-0.9310855799999992,0.3562298799999991,0.0149503399999992,2.1684203200000054,1.679693540000003,1.4543020200000008,11.71681486000002,-0.3295463599998652,4.12399903999977,99.7,36.31,92.70800494000108,124.75521646000146,98.43072090000116,85.26847350000101,279.2685578200033,2024.269107379998,-1.00210368,-0.0175657799999999,-0.0016486200000001,0.2020661399999955,1.7709315800000018,4.691011580000002,9.945792779999998,-14.65368890000001,22.65368890000001,99.8,31.58653706,94.03439783999777,68.0880693599984,64.48340709999849,76.49894869999821,205.4657632799952,1210.5161381000028,-0.99996054,-0.0798983199999997,0.02733814,5.183828619999997,1.6823529999999984,2.052622940000001,-3.391195739999989,16.0,-93.63316282,99.8,30.87,69.40370478000119,81.57979290000142,91.3206637400016,52.96598488000092,202.1230695400035,1249.5238080599995,424,X1.6495 Y1.5671 Z-0.0205
14:09:30.421,5,428,1.64791,1.5956,-0.02149,89.41807,57.41341,-26.53839,,185.42,0,0,,2,1,"{""sr"":{""mpox"":89.41807,""mpoy"":57.41341,""mpoz"":-26.53839,""mpoa"":0,""posx"":1.64791,""posy"":1.5956,""posz"":-0.02149,""posa"":0,""unit"":0,""stat"":5,""coor"":2,""momo"":1,""dist"":0,""home"":1,""mots"":1,""plan"":0,""line"":428,""path"":2,""frmo"":2,""prbe"":1,""safe"":0,""estp"":0,""spc"":1,""hold"":0,""macs"":5,""cycs"":1,""sps"":12000,""feed"":185.42,""mark"":1499779243}}",5.236731072322249,0.2049275671323276,0.2125746472805662,0.2109468014346881,5.236731072322249,0.2049275671323276,0.2125746472805662,0.2109468014346881,-1.0143441800000002,0.0073156200000005,0.0065859800000003,-5.292900239999995,-7.95170754,0.3807638200000001,-13.0,36.36625152000001,66.08281152,99.7,31.24407622,67.56785222000194,1.6242273400000462,1.299381580000037,1.299381580000037,3.8981453800001113,1500.279764660006,-0.99811826,0.0372140999999999,-0.0204225999999997,-1.6144809599999987,-0.6811252400000016,0.9610742799999972,-31.46330686,35.53669314,-38.08619200000002,99.8,31.60543096,88.64845463999954,66.01325569999976,67.08664179999977,68.08023893999975,211.4570944399992,1203.668542540001,-1.02107412,0.0970810999999993,0.00085102,2.8185161400000007,1.748967899999998,3.9199616600000016,-6.0,31.086197500000008,38.14268016000002,99.7,31.48485102,106.73133386000016,2.425712080000004,1.940569500000003,1.940569500000003,5.336566920000008,1472.9246941000029,-1.0019614399999988,0.1178744599999998,0.0472810799999996,2.608212439999993,1.6822810199999931,1.7504913799999948,7.957745160000013,8.245259960000134,12.03591781999996,99.7,36.31,50.51938472000164,67.95827412000219,53.17501198000172,46.3337826600015,151.58300430000492,1861.464464340005,-1.00254484,-0.0196520399999999,0.0111763000000001,0.514247739999995,1.759941599999999,4.710058400000001,10.0,-14.0,24.762563719999985,99.8,31.59,156.32552957999712,130.39836873999758,123.53529625999772,146.41220321999728,392.7202328399927,1351.6621056600068,-0.9934621000000002,-0.0633057599999999,0.0276606399999996,5.291424039999993,1.554683240000002,2.01210744,-3.9689761200000007,15.204087940000017,-95.44978411999996,99.8,30.87653878,30.023731340002374,27.78697832000213,30.848296880002376,17.99075918000139,68.4314945200053,1481.5644848800089,428,X1.6468 Y1.6015 Z-0.0217
14:09:30.677,5,431,1.63858,1.62533,-0.02257,89.18114,58.16871,-26.56591,,185.42,0,0,,2,1,"{""sr"":{""mpox"":89.18114,""mpoy"":58.16871,""mpoz"":-26.56591,""mpoa"":0,""posx"":1.63858,""posy"":1.62533,""posz"":-0.02257,""posa"":0,""unit"":0,""stat"":5,""coor"":2,""momo"":1,""dist"":0,""home"":1,""mots"":1,""plan"":0,""line"":431,""path"":2,""frmo"":2,""prbe"":1,""safe"":0,""estp"":0,""spc"":1,""hold"":0,""macs"":5,""cycs"":1,""sps"":12000,""feed"":185.42,""mark"":1499779243}}",5.421356800541209,0.1986270725479616,0.2040674107051792,0.2069521969985886,5.421356800541209,0.1986270725479616,0.2040674107051792,0.2069521969985886,-1.00725262,-0.02145972,0.0251090399999999,-5.438261719999999,-7.741614240000001,0.4253003199999998,-13.080852179999985,35.76042391999995,65.08051031999992,99.7,31.23075714,152.80132369999936,3.690180179999985,2.952143919999988,2.952143919999988,8.118396559999965,1440.083764279998,-0.99047736,0.03790968,-0.00289198,-1.6096360399999996,-0.7973498799999997,0.8847594799999997,-32.0,35.97335364,-38.0,99.8,31.61522358,67.2021175800001,55.02455238000008,56.37761456000008,57.27965666000008,177.70224248000025,1129.3655087399998,-0.98692418,0.11273118,-0.0135432,2.8114926,1.7102545400000004,3.99337966,-6.971372079999997,31.48165558,38.46108858,99.7,31.49971374,112.48078235999996,2.591723099999999,2.073378679999999,2.073378679999999,5.701790619999997,1125.0065597399996,-1.0655755199999994,0.1253529200000001,0.0299072599999998,2.4695455199999987,1.1999375600000028,1.3902584999999998,7.339646819999992,6.011270799999922,4.841382679999979,99.7,36.31,125.92803609999946,166.13397571999926,129.72104873999942,113.0317916399995,369.4394792199984,1904.0803962799985,-1.00934708,-0.0057318799999999,0.00521346,0.5129906399999986,1.5850116200000026,4.767663420000001,9.0,-14.945381879999994,23.94538188,99.8,31.57975282,27.21954358000113,22.90099388000081,21.69567828000076,25.713396380000912,69.05013476000241,985.5702875799992,-1.0084395,-0.0752238,0.0176402799999999,4.875358780000003,1.651104860000001,1.910442360000001,-3.9099814999999936,15.942266739999994,-95.05773326,99.8,30.86942268,109.19781277999935,126.48746691999924,138.3172301799992,81.89835937999952,308.48382125999825,1329.6060472599977,431,X1.6383 Y1.626 Z-0.0226
14:09:30.935,5,435,1.62164,1.65167,-0.02367,88.7509,58.83757,-26.59363,,185.42,0,0,,2,1,"{""sr"":{""mpox"":88.7509,""mpoy"":58.83757,""mpoz"":-26.59363,""mpoa"":0,""posx"":1.62164,""posy"":1.65167,""posz"":-0.02367,""posa"":0,""unit"":0,""stat"":5,""coor"":2,""momo"":1,""dist"":0,""home"":1,""mots"":1,""plan"":0,""line"":435,""path"":2,""frmo"":2,""prbe"":1,""safe"":0,""estp"":0,""spc"":1,""hold"":0,""macs"":5,""cycs"":1,""sps"":12000,""feed"":185.42,""mark"":1499779243}}",5.04848666134734,0.1907916412999411,0.2033809884341125,0.2098346562885808,5.04848666134734,0.1907916412999411,0.2033809884341125,0.2098346562885808,-1.000730399999998,-0.0313080000000001,0.0258659999999993,-5.202067999999994,-7.781150800000002,0.4368170000000024,-13.923007599999968,36.92300759999997,66.71324189999997,99.7,31.2328678,59.22621790000478,1.4337921000001144,1.1470341000000916,1.1470341000000916,3.154342300000252,1579.6724478999913,-0.9955808999999998,0.0432206999999999,-0.0022399,-1.4418763000000046,-0.8419761999999977,0.9679742999999992,-32.0,36.0,-38.0,99.8,31.62,84.10496809999925,66.08247529999942,68.2670196999994,69.35929229999938,215.72378249999807,1497.3749261,-1.0210993,0.1273893999999998,-0.012568,2.808,1.827818499999999,3.960636899999997,-6.56772010000002,31.5155639,37.05215620000002,99.7,31.5038011,104.63821320000038,2.422180600000009,1.937744500000007,1.937744500000007,5.328798200000019,1592.1868932999932,-0.9988598999999904,0.1617182000000033,0.0521335999999946,2.7942008999999977,1.4438656999999917,1.408981100000002,7.592293999999839,5.795628700000076,6.4700327999996246,99.7,36.28,44.02478600000418,57.81568250000549,45.3508338000043,39.51622340000375,128.89184320001223,1783.091163800014,-1.007161,-0.0059588000000002,-0.0042202999999994,0.123761300000013,2.0013155999999848,4.841625100000004,9.17906590000004,-14.009102800000004,23.830036899999964,99.8,31.59,199.99339709999157,141.936323299994,134.46598999999432,159.3670997999933,428.3081826999819,1313.3144986000066,-1.0072076,-0.0773706999999998,0.0117746000000008,5.196006200000003,1.9671517999999852,2.021293300000002,-3.0,16.0,-94.13124800000004,99.8,30.8686877,17.70195940000549,17.956663700005567,19.48489070000604,11.716404800003634,43.55446170001351,1398.6430862000122,435,X1.6192 Y1.6546 Z-0.0238
14:09:31.190,5,439,1.5986,1.6726,-0.02475,88.16556,59.36928,-26.62115,,185.42,0,0,,2,1,"{""sr"":{""mpox"":88.16556,""mpoy"":59.36928,""mpoz"":-26.62115,""mpoa"":0,""posx"":1.5986,""posy"":1.6726,""posz"":-0.02475,""posa"":0,""unit"":0,""stat"":5,""coor"":2,""momo"":1,""dist"":0,""home"":1,""mots"":1,""plan"":0,""line"":439,""path"":2,""frmo"":2,""prbe"":1,""safe"":0,""estp"":0,""spc"":1,""hold"":0,""macs"":5,""cycs"":1,""sps"":12000,""feed"":185.42,""mark"":1499779243}}",5.133824974589897,0.1982249977462311,0.2008450720407141,0.2019308796537714,5.133824974589897,0.1982249977462311,0.2008450720407141,0.2019308796537714,-1.006964599999998,-0.037584000000001,0.0241493999999983,-5.261335199999985,-7.812769600000009,0.4303735999999896,-12.972349000000085,37.0,66.33570260000005,99.7,31.2481832,138.17382019999036,3.3214859999997683,2.657188599999815,2.657188599999815,7.30726919999949,2095.65890139994,-0.9898634000000004,0.0392030000000002,0.0006683999999981,-1.5954111999999976,-0.791919800000011,0.9090869999999972,-31.64596880000004,36.0,-38.53447039999999,99.8,31.625345,70.7604728000015,56.32906080000119,58.19117840000123,59.12223680000125,183.88412320000387,1401.6456231999923,-1.0086526000000002,0.1222069999999994,-0.0038089999999997,2.843486399999989,1.7402752,3.952693599999995,-7.0,31.5127034,37.10456380000005,99.7,31.51,112.79484319999916,2.563518999999981,2.050815599999985,2.050815599999985,5.639742399999959,1483.355988599989,-0.9017900000000084,0.234214599999999,0.0041179999999972,2.2140694000000427,1.373888200000028,1.447790999999998,11.969012600000152,3.383698600000405,-4.131408799999465,99.7,36.2804088,117.9199533999913,147.58510219998902,115.7662953999914,100.8723863999925,329.0199977999756,2309.165468399964,-1.0138774,-0.0046945999999999,0.0213867999999992,0.5456303999999648,1.774276200000002,4.5812072000000015,9.0,-13.74747599999993,23.729950399999925,99.8,31.582876,58.08057120001618,43.434166400012096,40.90892400001139,48.73717520001357,130.30249840003628,1165.4612559999898,-1.0080691999999996,-0.0764540000000001,0.0223334000000008,5.444223800000004,1.640444999999976,2.1542863999999846,-2.2384878000000854,16.0,-94.0,99.8,30.867615,107.45866919998925,110.2989603999888,119.61999899998789,71.46129799999275,267.2031147999729,1553.788024399986,439,X1.5926 Y1.6766 Z-0.025
14:09:31.449,5,442,1.57067,1.6869,-0.02584,87.45627,59.73243,-26.64888,,185.42,0,0,,2,1,"{""sr"":{""mpox"":87.45627,""mpoy"":59.73243,""mpoz"":-26.64888,""mpoa"":0,""posx"":1.57067,""posy"":1.6869,""posz"":-0.02584,""posa"":0,""unit"":0,""stat"":5,""coor"":2,""momo"":1,""dist"":0,""home"":1,""mots"":1,""plan"":0,""line"":442,""path"":2,""frmo"":2,""prbe"":1,""safe"":0,""estp"":0,""spc"":1,""hold"":0,""macs"":5,""cycs"":1,""sps"":12000,""feed"":185.42,""mark"":1499779243}}",5.430378747807295,0.2012144261816942,0.2027828359618262,0.1997695511515999,5.430378747807295,0.2012144261816942,0.2027828359618262,0.1997695511515999,-0.991751380000001,-0.0184203400000008,0.0269896599999997,-4.944312299999991,-8.006643540000022,0.3577179199999993,-13.0,37.0,67.14261177999998,99.7,31.24460312,90.18973418000864,2.1819410200002083,1.7455525200001667,1.7455525200001667,4.800269920000458,1712.0312771599604,-0.9915572600000002,0.0421874599999995,-0.0081053199999977,-1.402527380000001,-0.793,0.9118439200000048,-31.724233920000035,35.48792616000001,-38.51207383999999,99.8,31.62212154,79.37140783999865,61.44883159999896,64.00919993999891,65.0333469999989,202.2690716599965,1180.6033515799877,-1.0132011399999987,0.1074952399999996,-0.0205079799999995,2.753116440000007,1.6848973599999952,3.9610651200000047,-3.446904380000024,15.75727624000011,18.51420280000009,99.7,31.51589682,107.1458975000005,2.462074400000017,1.9696597200000137,1.9696597200000137,5.6141272400000775,1551.086995159974,-0.8435981400000133,0.4427235599999903,0.0006392400000027,2.744730700000002,1.4133189199999774,1.5046326599999982,9.244701459999767,7.5716134599993214,13.264482279999214,99.7,36.29506852,80.99767442000855,93.8544478800099,73.28360982000774,63.85530960000674,208.279733440022,3364.7475673799454,-1.01010206,-0.0080940799999996,0.0355601800000008,0.5383829399999787,1.8274191200000185,4.718570360000013,9.598441519999938,-14.434809240000073,22.869618480000145,99.8,31.60598442,81.75415323999239,102.93192469998912,96.94751011998976,114.90075323998784,308.79577385996737,1311.9651211199823,-1.0073412000000004,-0.0801622199999998,0.0236713399999995,5.093689200000016,1.6295886199999967,2.023277820000013,-1.2014190600002226,6.407569560001187,-38.04494496000705,99.8,30.85211392,65.98419832001218,55.11621244001019,59.77392096001104,35.7090959400066,133.90910850002473,2113.777184959945,442,X1.5691 Y1.6875 Z-0.0259
14:09:31.707,5,446,1.54022,1.69335,-0.02693,86.68263,59.89633,-26.6764,,185.42,0,0,,2,1,"{""sr"":{""mpox"":86.68263,""mpoy"":59.89633,""mpoz"":-26.6764,""mpoa"":0,""posx"":1.54022,""posy"":1.69335,""posz"":-0.02693,""posa"":0,""unit"":0,""stat"":5,""coor"":2,""momo"":1,""dist"":0,""home"":1,""mots"":1,""plan"":0,""line"":446,""path"":2,""frmo"":2,""prbe"":1,""safe"":0,""estp"":0,""spc"":1,""hold"":0,""macs"":5,""cycs"":1,""sps"":12000,""feed"":185.42,""mark"":1499779243}}",5.413237967402811,0.1998954750139192,0.1999493891321282,0.2015688233215415,5.413237967402811,0.1998954750139192,0.1999493891321282,0.2015688233215415,-1.0292972199999997,-0.0424602599999999,0.0080510400000002,-5.137235140000002,-7.6852607999999965,0.4245281000000017,-13.104156880000009,37.0,66.52026143999998,99.7,31.24416124,98.34633844000284,2.3986913400000693,1.918953240000056,1.918953240000056,5.277120700000153,1491.3815365199944,-0.9949049599999998,0.0458716799999998,-0.0017415400000001,-1.441387420000002,-0.8238368999999999,0.9217080199999984,-31.50552204,36.0,-37.50552204,99.8,31.63204286,75.12892047999962,60.86692181999966,63.19022791999964,64.20127145999963,199.17559919999889,1253.7557503999983,-1.02207448,0.1256963800000001,-0.0077563000000001,2.828784019999998,1.7187561800000024,4.001216019999998,-6.499341040000001,32.0,37.28045925999999,99.7,31.49060274,108.85632810000024,2.496704580000005,1.9973640800000043,1.9973640800000043,5.992091240000012,1410.0421683800027,-0.9051573199999996,0.3150708200000042,0.0239792600000013,2.757928059999984,1.339229280000003,1.3411615999999975,8.953806159999909,-0.4746104000001359,5.503776099999612,99.7,36.29476152,83.80040750000265,104.2743702400033,81.41971390000256,70.94466308000224,231.40339782000729,2899.366409940004,-1.00093082,-0.00935334,-0.0156327599999996,0.3287880199999893,1.8425039600000093,4.767674519999997,10.0,-14.952308820000002,23.53086187999998,99.8,31.59952318,79.09845115999684,91.30827877999636,85.99965751999657,101.92552021999592,273.39397437998906,1093.0083299199944,-1.00642454,-0.0814809599999999,0.0172446800000004,4.901988040000007,2.04969357999998,2.01169258,-3.0,16.0,-94.55665567999998,99.8,30.84537752,89.57277518000465,66.08387818000341,71.18762162000367,42.97101358000221,159.4787618000082,1872.8098783799987,446,X1.5352 Y1.6937 Z-0.0271
14:09:31.965,5,450,1.50893,1.69169,-0.02812,85.88789,59.85428,-26.70666,,185.42,0,0,,2,1,"{""sr"":{""mpox"":85.88789,""mpoy"":59.85428,""mpoz"":-26.70666,""mpoa"":0,""posx"":1.50893,""posy"":1.69169,""posz"":-0.02812,""posa"":0,""unit"":0,""stat"":5,""coor"":2,""momo"":1,""dist"":0,""home"":1,""mots"":1,""plan"":0,""line"":450,""path"":2,""frmo"":2,""prbe"":1,""safe"":0,""estp"":0,""spc"":1,""hold"":0,""macs"":5,""cycs"":1,""sps"":12000,""feed"":185.42,""mark"":1499779243}}",5.223584756337379,0.1988836683529722,0.1991359773569545,0.1790436769091926,5.223584756337379,0.1988836683529722,0.1991359773569545,0.1790436769091926,-1.0196162999999998,-0.0282917000000001,0.0255592,-5.166328200000002,-7.8897167,0.4439885000000007,-12.462732499999987,37.0679887,66.0679887,99.7,31.2540126,126.4985710000016,3.026281600000038,2.4210251000000307,2.4210251000000307,6.6578194000000845,1927.1175115000049,-0.9873275,0.0421877999999999,-0.0038642999999998,-1.6318045000000008,-0.8276618999999993,0.9821564999999994,-32.0,36.0,-38.12585290000002,99.8,31.6265687,72.81170739999975,57.5831154999998,59.4866894999998,60.438476499999794,187.50204419999932,1431.2855798000028,-0.9869406999999998,0.1008744,-0.0152882999999999,2.8577936999999998,1.6767932,4.0214822,-7.0,31.855846700000008,37.14415329999999,99.7,31.4985585,109.28432500000012,2.546636100000003,2.40248280000001,2.0373089000000024,6.111926300000007,1659.244778100001,-0.8936782999999987,0.1052899999999996,-0.0509058000000009,2.078195599999986,1.5352055000000115,1.284902000000001,9.761241599999964,8.999139400000049,1.9429011999996977,99.7,36.3,108.55350960000148,135.07510570000184,106.08638410000144,91.90041410000126,299.7557133000041,2297.386397100001,-1.0003843,-0.0129114999999999,-0.0084509,0.4728764999999965,1.9767161000000013,4.712783999999999,9.273596399999986,-14.0,23.0,99.8,31.6,51.758255499998526,57.667681099998006,54.69318629999812,64.82155419999775,173.53270259999402,1287.366561800001,-1.0072957000000002,-0.0828057000000001,0.0441542000000005,5.250116200000005,1.724996699999999,2.0540228000000007,-4.0,16.289459799999985,-94.9727847,99.8,30.846833,122.31515720000236,97.03213650000184,105.23203500000204,62.865890700001216,235.0637665000045,1724.2409344999994,450,X1.5009 Y1.6899 Z-0.0284
14:09:32.222,5,453,1.4794,1.68183,-0.0292,85.13789,59.60381,-26.73418,,185.42,0,0,,2,1,"{""sr"":{""mpox"":85.13789,""mpoy"":59.60381,""mpoz"":-26.73418,""mpoa"":0,""posx"":1.4794,""posy"":1.68183,""posz"":-0.0292,""posa"":0,""unit"":0,""stat"":5,""coor"":2,""momo"":1,""dist"":0,""home"":1,""mots"":1,""plan"":0,""line"":453,""path"":2,""frmo"":2,""prbe"":1,""safe"":0,""estp"":0,""spc"":1,""hold"":0,""macs"":5,""cycs"":1,""sps"":12000,""feed"":185.42,""mark"":1499779243}}",5.168650157488616,0.1943236611090248,0.2003134949370212,0.1823512922844845,5.168650157488616,0.1943236611090248,0.2003134949370212,0.1823512922844845,-1.0114167600000006,-0.0255070400000006,0.0260803599999997,-5.083947399999996,-7.952101400000001,0.4642619599999976,-13.35288920000003,38.0,67.0,99.7,31.26,65.22441144000447,1.583116880000108,1.2664936000000866,1.2664936000000866,3.482857200000238,1804.5186288400096,-0.9951161199999998,0.0397754399999996,-0.0025674399999996,-1.4655789599999969,-0.7279561999999974,1.0249291199999968,-32.0,36.466855199999976,-37.53789264,99.8,31.63462088,87.71716175999914,65.08503151999946,67.23660291999944,68.31238887999943,211.46291695999827,1491.342351359997,-1.0258214799999998,0.1357572799999999,-0.0058021599999999,2.83946948,1.7692067999999983,3.989130919999998,-7.0,31.56065816000002,36.51588664,99.7,31.49031812,103.60017508000038,2.420565280000009,2.420565280000009,1.936451920000007,5.809355600000021,1732.6626999999987,-1.0144859599999954,0.1702196399999988,0.0100011999999988,2.725377959999868,1.0114744800000075,1.3821586800000003,12.701166959999975,6.790240319999963,4.474550639999158,99.7,36.3,50.41974888000392,65.44437344000517,51.27196052000401,44.52608084000352,145.23271904001146,2557.4210643999954,-1.00651148,-0.0138933999999998,-0.0114378799999991,0.5403406399999824,1.8150738000000055,4.734178559999993,9.0,-14.074806199999996,23.853434879999963,99.8,31.60074844,112.12257039999528,133.14555231999435,125.3592621599947,148.7181309599937,398.6580274399832,1345.5952250000007,-1.0036980799999995,-0.0736023999999998,0.0241800800000002,5.448039199999989,1.689453600000009,2.025342880000002,-3.8461649599999617,16.814050079999962,-94.03211488,99.8,30.85096348,31.54208332000607,26.218927440005185,28.604160480005657,17.07527064000338,63.74868076001261,1901.09689636,453,X1.4768 Y1.6806 Z-0.0293
14:09:32.479,5,457,1.45321,1.66456,-0.03029,84.47276,59.16502,-26.76191,,185.42,0,0,,2,1,"{""sr"":{""mpox"":84.47276,""mpoy"":59.16502,""mpoz"":-26.76191,""mpoa"":0,""posx"":1.45321,""posy"":1.66456,""posz"":-0.03029,""posa"":0,""unit"":0,""stat"":5,""coor"":2,""momo"":1,""dist"":0,""home"":1,""mots"":1,""plan"":0,""line"":457,""path"":2,""frmo"":2,""prbe"":1,""safe"":0,""estp"":0,""spc"":1,""hold"":0,""macs"":5,""cycs"":1,""sps"":12000,""feed"":185.42,""mark"":1499779243}}",5.4046394793248425,0.2004615789733229,0.1995272713643366,0.1951194963074364,5.4046394793248425,0.2004615789733229,0.1995272713643366,0.1951194963074364,-1.0123363199999955,-0.0352002000000003,0.013078999999999,-5.067398360000007,-7.750440659999998,0.409981720000012,-12.762720619999948,38.0,66.52085547999987,99.7,31.24246456,157.8831141399894,3.8136021199997447,3.050881499999796,3.050881499999796,8.389923859999438,1574.006319439993,-0.9884066600000004,0.0432343200000001,-0.0083867600000003,-1.524920399999995,-0.7381484399999961,1.0769139399999903,-31.45402436000005,36.44517518000001,-37.98230163999992,99.8,31.63982302,67.66657116000162,53.8661514200013,55.64685116000134,56.09202536000135,174.50852464000425,1452.024936460011,-0.9874819799999998,0.1144819799999998,-0.0139883800000001,3.051418259999997,1.7395714799999942,4.058571479999995,-7.479750140000004,31.990463419999955,36.52024985999999,99.7,31.5,112.8941196199991,2.60124737999998,2.60124737999998,2.080997519999983,6.24299253999995,1217.8141446400127,-0.9778369999999954,0.2499678600000019,0.0580582599999978,3.0395876999999247,1.3400884399999864,1.5496676599999932,7.265593260000279,3.895853960001017,0.4077064200016568,99.7,36.3,130.61695157999077,171.2880986999879,133.74550173999054,116.53847833999176,380.1187943799732,1699.868371480049,-0.9994901400000004,-0.0092327199999998,-0.0158517799999974,0.3575100600000268,1.8316633399999789,4.693795839999996,0.9153148600006944,-1.507358420001072,2.2556038400017826,99.8,31.60101662,18.28456784001459,17.28928720001312,16.37397234001244,19.32332162001464,51.78432836003935,1195.3266958600111,-1.0135219399999993,-0.0789422399999997,0.0338267199999991,5.187438039999978,1.6527480199999829,2.016961199999994,-3.9807476799999097,16.0,-94.96610082,99.8,30.85033908,176.1138841599838,132.55883735998782,144.86787279998666,85.21639559999217,322.87545395997034,959.636674420068,457,X1.4487 Y1.6606 Z-0.0305
14:09:32.735,5,460,1.43252,1.64128,-0.03137,83.94726,58.57384,-26.78943,,185.42,0,0,,2,1,"{""sr"":{""mpox"":83.94726,""mpoy"":58.57384,""mpoz"":-26.78943,""mpoa"":0,""posx"":1.43252,""posy"":1.64128,""posz"":-0.03137,""posa"":0,""unit"":0,""stat"":5,""coor"":2,""momo"":1,""dist"":0,""home"":1,""mots"":1,""plan"":0,""line"":460,""path"":2,""frmo"":2,""prbe"":1,""safe"":0,""estp"":0,""spc"":1,""hold"":0,""macs"":5,""cycs"":1,""sps"":12000,""feed"":185.42,""mark"":1499779243}}",5.398918864816826,0.2018291553619408,0.1944905194499605,0.1972594860369418,5.398918864816826,0.2018291553619408,0.1944905194499605,0.1972594860369418,-1.0215141000000068,-0.0790753999999959,0.0183601999999998,-5.093061000000025,-8.081981600000002,0.3808286000000072,-12.79281909999998,37.284201099999954,66.92297980000006,99.7,31.2492298,58.521580599990735,1.4210061999997698,1.1368050999998158,1.1368050999998158,3.126213399999493,1777.3610981000206,-0.9919881,0.0365774999999999,-0.0133914999999995,-1.4786468999999884,-0.7140063000000034,0.9757062000000072,-31.05592979999995,36.39829050000004,-37.51015009999995,99.8,31.6405593,82.95853500000152,66.5851402000012,67.67669960000124,68.76825890000126,213.3999161000039,1297.6805455000017,-1.050270299999997,0.1879337000000037,-0.0108258000000006,2.815655199999992,1.712184099999997,4.014980299999991,-7.0,31.56775159999996,36.91669540000004,99.7,31.5043227,105.66168409999918,2.4222358999999822,2.4222358999999822,1.9377888999999855,5.8133665999999575,1457.770901700005,-0.9607240000000036,0.3832461999999984,0.0177222000000035,2.616140300000044,1.4450901999999866,1.524752000000001,10.509940299999917,-3.14226080000038,9.12101549999945,99.7,36.2902046,42.43189319999196,57.81345479998905,45.34908629999141,39.51470089999252,128.8868757999756,2137.484899000021,-1.008442600000001,-0.0064854999999989,0.0115229000000019,0.3964261000000119,1.722846599999993,4.640096699999999,9.817947900000076,-14.817947900000076,23.18205209999992,99.8,31.6118208,192.56847210001635,139.7433805000118,132.30993570001118,156.29111150001322,419.2481192000354,1291.784217899995,-1.0180442000000005,-0.0837259000000014,0.0300339000000018,5.286026400000015,1.369110599999983,1.953,-3.0,16.003892499999996,-94.13100229999992,99.8,30.8686904,25.16767139998436,17.413994699989175,19.320636599987992,11.312741099992968,42.962994699973294,1420.55197330001,460,X1.4321 Y1.6407 Z-0.0314
14:09:32.993,5,464,1.41864,1.61314,-0.03247,83.5947,57.85911,-26.81715,,185.42,0,0,,2,1,"{""sr"":{""mpox"":83.5947,""mpoy"":57.85911,""mpoz"":-26.81715,""mpoa"":0,""posx"":1.41864,""posy"":1.61314,""posz"":-0.03247,""posa"":0,""unit"":0,""stat"":5,""coor"":2,""momo"":1,""dist"":0,""home"":1,""mots"":1,""plan"":0,""line"":464,""path"":2,""frmo"":2,""prbe"":1,""safe"":0,""estp"":0,""spc"":1,""hold"":0,""macs"":5,""cycs"":1,""sps"":12000,""feed"":185.42,""mark"":1499779243}}",5.161016416076556,0.1962835419709137,0.1967729535162853,0.2034019221144074,5.161016416076556,0.1962835419709137,0.1967729535162853,0.2034019221144074,-1.0100121199999998,-0.0247670399999999,0.0264777999999997,-5.316168880000012,-7.863445599999996,0.459337500000003,-12.800392280000018,38.0,65.80039228000001,99.7,31.23766664,129.03642884000251,3.1626575800000616,2.5301261600000493,2.5301261600000493,6.957846580000136,1359.3800023400022,-0.99405828,0.0385289599999996,-0.0111349399999998,-1.561370919999997,-0.6243790199999981,0.9658389199999986,-31.527102560000003,36.32793470000001,-39.0,99.8,31.64,74.86983289999974,57.83845021999967,58.49431961999969,59.11217979999967,184.285038219999,1218.9647622200007,-0.9595690799999994,0.15293076,-0.0100136599999999,2.83661954,1.648,3.9815306000000015,-7.0,32.0,37.0,99.7,31.47292634,111.24013818000024,2.551379220000005,2.551379220000005,2.041103620000004,6.123310380000012,1346.7909915400014,-0.9232501999999988,0.3911344400000003,-0.034574220000001,2.040924360000001,1.429224699999999,1.3820500000000009,6.334012000000022,10.795134800000003,-2.369736120000172,99.7,36.3005369,103.28115802000212,139.5557767000029,110.0008589000023,95.38445280000198,311.11975864000647,1644.5976519399871,-1.00845966,-0.0125432199999997,0.0132828399999998,0.4483338800000025,1.7384469799999944,4.721286199999999,10.0,-14.023820419999998,23.69868932000002,99.8,31.62,53.3319904799967,50.31888363999688,47.90839841999704,56.64640773999649,151.8605832199906,1040.8673068200003,-1.0033832799999998,-0.0738757199999999,0.0175923199999997,5.274181660000003,1.361851939999989,1.9102119399999984,-3.278701979999979,16.00992862,-93.99007138,99.8,30.86009932,137.13594374000397,98.08657592000286,108.91597228000316,63.464280120001845,241.62484426000705,1130.0715674799976,464,X1.4174 Y1.6095 Z-0.0326
14:09:33.251,5,468,1.41255,1.58257,-0.03355,83.4399,57.08244,-26.84467,,185.42,0,0,,2,1,"{""sr"":{""mpox"":83.4399,""mpoy"":57.08244,""mpoz"":-26.84467,""mpoa"":0,""posx"":1.41255,""posy"":1.58257,""posz"":-0.03355,""posa"":0,""unit"":0,""stat"":5,""coor"":2,""momo"":1,""dist"":0,""home"":1,""mots"":1,""plan"":0,""line"":468,""path"":2,""frmo"":2,""prbe"":1,""safe"":0,""estp"":0,""spc"":1,""hold"":0,""macs"":5,""cycs"":1,""sps"":12000,""feed"":185.42,""mark"":1499779243}}",5.338494963688048,0.1996484979933644,0.196949220827799,0.2020017907354699,5.338494963688048,0.1996484979933644,0.196949220827799,0.2020017907354699,-1.0206460400000008,-0.0719400400000018,0.0249287799999996,-5.28240878000002,-7.745507359999995,0.3997305600000063,-12.32251674000003,37.67748325999997,66.0,99.7,31.2490795,93.38466710000444,2.269808380000108,1.8158468200000863,1.8158468200000863,4.993578740000237,1596.263893880003,-0.9916647999999998,0.0393850199999998,-0.0047890000000008,-1.460536200000009,-0.8255130799999973,0.9755852000000024,-31.509802919999995,36.23350068000002,-37.02319571999996,99.8,31.64,75.96062667999932,62.70575187999944,62.70575187999944,63.72535771999944,197.80351089999823,1509.8577168999975,-1.0329281399999994,0.1010457200000007,-0.00092704,2.791131860000001,1.6654232199999988,3.969958159999998,-7.0,31.276524279999983,36.72347572000002,99.7,31.48276544,107.12048590000047,2.6961640000000293,2.4772402600000087,1.9817916600000072,5.945375560000022,1296.4097560599982,-0.8187452599999951,0.4306750800000035,0.0213046600000008,2.1929734600000472,1.489930379999984,1.5429333000000005,10.18318875999996,-2.055146839999983,12.083054359999728,99.7,36.3153919,78.19745306000404,98.5378314200051,76.84142746000397,67.34925158000348,219.67608190001133,2177.37824554,-1.0065534800000002,-0.0006194599999998,0.0076076400000001,0.4177667199999991,1.6468546200000005,4.888618139999996,10.0,-13.472869320000036,23.435028580000036,99.8,31.62472896,95.04187441999495,94.35019791999456,89.83042823999482,105.64962327999392,283.65340565998366,1247.283703699997,-0.9999702399999996,-0.0650755599999993,0.0258238399999989,5.178011340000009,1.740793579999992,2.0210600999999957,-1.7244061399998898,9.196834779999412,-54.04833681999655,99.8,30.86557844,86.31515926000745,56.97650916000491,63.779674800005495,36.56701308000315,141.16567946001217,1556.4891669200026,468,X1.4123 Y1.5754 Z-0.0338
14:09:33.509,5,471,1.41471,1.55135,-0.03464,83.49472,56.2896,-26.8724,,185.42,0,0,,2,1,"{""sr"":{""mpox"":83.49472,""mpoy"":56.2896,""mpoz"":-26.8724,""mpoa"":0,""posx"":1.41471,""posy"":1.55135,""posz"":-0.03464,""posa"":0,""unit"":0,""stat"":5,""coor"":2,""momo"":1,""dist"":0,""home"":1,""mots"":1,""plan"":0,""line"":471,""path"":2,""frmo"":2,""prbe"":1,""safe"":0,""estp"":0,""spc"":1,""hold"":0,""macs"":5,""cycs"":1,""sps"":12000,""feed"":185.42,""mark"":1499779243}}",5.542115176213658,0.2020281625898751,0.2022461377634311,0.1989760112399668,5.542115176213658,0.2020281625898751,0.2022461377634311,0.1989760112399668,-0.9900405800000008,-0.0693459999999998,-0.0019919800000009,-5.24703845999999,-7.859886560000013,0.4978105399999964,-12.457673760000022,37.0,66.44695263999996,99.7,31.2445767,94.28079018000446,2.288368380000108,1.8306946200000864,1.8306946200000864,5.034411520000238,2036.1456845800176,-0.9880748800000002,0.0389088599999996,0.0106414799999991,-1.5133352999999994,-0.8220798200000008,0.9656083399999988,-31.51043524,35.67631650000002,-38.32368349999998,99.8,31.64,80.31251525999909,62.78350275999945,62.27306793999945,63.480689739999455,197.53833827999824,1838.6417035000084,-0.9920143200000008,0.0819304399999999,-0.0019193999999998,2.789926980000001,1.7819531600000014,3.899850819999996,-7.0,32.0,36.69854500000002,99.7,31.49100346,109.43094006000037,2.984480480000009,2.487066760000008,1.9896534600000064,5.96895996000002,1603.4274412200168,-0.8659380200000029,0.4096009599999982,-0.0209089799999967,2.267438239999979,1.688329580000015,1.5261264599999942,5.665285040000064,7.578811980000514,2.3882186999998245,99.7,36.32,74.53289792000385,98.17960646000505,77.03469672000394,66.96120600000344,219.43368252001127,2657.485159479992,-1.01241304,-0.0100940200000009,0.003311959999999,0.3504541200000221,1.7842739599999813,4.8355932200000025,9.563772719999967,-14.617121699999965,24.106697959999995,99.8,31.62382872,99.78775539999424,93.58625641999458,89.07607475999485,105.42548107999392,283.0138592999836,1569.4258339600003,-0.9997691799999991,-0.0752103999999985,0.0174776799999996,5.16612352000001,1.9100884999999908,2.01021202,-3.4051672800000383,16.405167280000036,-94.59483271999996,99.8,30.86594826,77.18541510000668,56.193736980004886,63.85934228000554,36.17799080000314,140.08952548001216,1814.78562652,471,X1.415 Y1.5497 Z-0.0347
14:09:33.766,5,475,1.42492,1.52189,-0.03573,83.75422,55.54129,-26.89992,,185.42,0,0,,2,1,"{""sr"":{""mpox"":83.75422,""mpoy"":55.54129,""mpoz"":-26.89992,""mpoa"":0,""posx"":1.42492,""posy"":1.52189,""posz"":-0.03573,""posa"":0,""unit"":0,""stat"":5,""coor"":2,""momo"":1,""dist"":0,""home"":1,""mots"":1,""plan"":0,""line"":475,""path"":2,""frmo"":2,""prbe"":1,""safe"":0,""estp"":0,""spc"":1,""hold"":0,""macs"":5,""cycs"":1,""sps"":12000,""feed"":185.42,""mark"":1499779243}}",5.304168804982561,0.2019713470391754,0.202915499163596,0.2207684714406185,5.304168804982561,0.2019713470391754,0.202915499163596,0.2207684714406185,-1.0000766800000016,-0.0317678799999998,0.0132217200000006,-5.078122599999994,-8.020341440000017,0.3412623599999865,-13.0,37.55441872000005,67.0,99.7,31.24510028,127.54744168000757,3.094247880000184,2.475398080000147,2.475398080000147,6.807345000000405,1188.9470629999948,-0.9911106399999998,0.0416513599999997,-0.00723916,-1.579442240000002,-0.8371225999999958,0.854,-32.0,36.0,-38.59738967999997,99.8,31.65,70.55019691999881,58.23942451999902,57.29244151999904,58.71291515999901,182.7676243199969,1249.803038319998,-1.006046879999999,0.1158753999999996,-0.0111343999999999,2.762182799999996,1.778205119999998,3.914205119999998,-7.0,32.0,37.0,99.7,31.48248896,111.05880540000064,2.92585656000005,2.550305280000014,2.0402444000000117,6.120733200000034,1090.46048595999,-0.8990243999999966,0.2013477200000033,-0.0345681200000025,1.886047520000059,1.344425000000015,1.483410640000013,8.956104280000014,2.2620980800005674,5.876496839999747,99.7,36.31,102.85439156000656,136.92885268000873,106.6404434800068,93.38926384000597,306.0391418800195,1496.3432192000098,-1.00929652,-0.0092729200000002,0.0115017200000005,0.4835651600000351,1.6729589199999817,4.63512064,9.25639683999994,-14.0,23.936408879999995,99.8,31.62063576,52.61944583999015,53.118017599990615,50.5581137599911,59.517779279989504,159.99402943997185,932.5449168800064,-1.0008925200000005,-0.0760793999999997,0.0274289999999994,5.216074800000008,1.6990402000000155,1.967759799999996,-4.0,15.730120320000063,-94.29779623999994,99.8,30.86297828,134.82304932001213,91.2864399200082,104.6283043200094,58.28288060000524,228.2160995200205,1090.314717199998,475,X1.4272 Y1.5174 Z-0.0359
14:09:34.023,5,479,1.44253,1.49595,-0.03682,84.20133,54.88237,-26.92764,,185.42,0,0,,2,1,"{""sr"":{""mpox"":84.20133,""mpoy"":54.88237,""mpoz"":-26.92764,""mpoa"":0,""posx"":1.44253,""posy"":1.49595,""posz"":-0.03682,""posa"":0,""unit"":0,""stat"":5,""coor"":2,""momo"":1,""dist"":0,""home"":1,""mots"":1,""plan"":0,""line"":479,""path"":2,""frmo"":2,""prbe"":1,""safe"":0,""estp"":0,""spc"":1,""hold"":0,""macs"":5,""cycs"":1,""sps"":12000,""feed"":185.42,""mark"":1499779243}}",5.088114867922392,0.1953820693992795,0.1972213635396221,0.2017327217466048,5.088114867922392,0.1953820693992795,0.1972213635396221,0.2017327217466048,-1.006821980000001,-0.0346043599999994,0.0118671800000002,-5.259910060000001,-7.884878420000001,0.4258236999999956,-13.0,38.0,65.69424420000001,99.7,31.24643274,62.98561019999618,1.5287769999999077,1.2230213399999257,1.2230213399999257,3.363308939999796,1747.4514466799942,-0.9926475200000002,0.03956082,-0.0096989199999999,-1.5806823400000032,-0.7649998200000002,0.9167685400000014,-32.0,36.0,-37.93815290000001,99.8,31.65,85.42955912000049,66.54126248000048,65.45929106000047,67.08224826000048,208.2795622200015,1342.806427699994,-1.0136661,0.1248635000000001,-0.00731496,2.803915500000001,1.67950732,3.947801399999996,-7.449554680000018,31.066958219999982,36.93304178000002,99.7,31.504495220000003,105.40016615999969,2.417434779999992,2.417434779999992,1.933947679999994,5.801843759999982,1529.3310210600018,-1.0267486800000043,0.273825059999996,-0.0257055599999997,2.286417459999948,1.1063574600000046,1.499556099999998,7.111469819999972,3.865673259999694,11.127739919999849,99.7,36.3071249,48.63131873999652,62.38350813999563,48.5843909999966,42.547277159997016,139.1410958599902,2349.566075000001,-1.00479522,-0.0081799399999999,0.00087176,0.3988693200000055,1.7104463599999913,4.7,9.076530540000002,-14.0,24.0,99.8,31.62795248,124.8555556800044,132.01288044000466,125.65081354000446,147.91804640000527,398.4244166200141,1287.3907530999966,-1.0117977800000002,-0.0853241200000003,0.0562733000000013,5.1227741200000025,2.1174227600000157,2.01001992,-3.8328551600000313,15.832855160000031,-95.03262066,99.8,30.86032594,32.61345419999369,21.529066879995945,24.737440239995337,13.673258619997414,53.78802583998986,1777.7692904600017,479,X1.4481 Y1.49 Z-0.0371
14:09:34.279,5,482,1.4663,1.47557,-0.03791,84.80515,54.36463,-26.95537,,185.42,0,0,,2,1,"{""sr"":{""mpox"":84.80515,""mpoy"":54.36463,""mpoz"":-26.95537,""mpoa"":0,""posx"":1.4663,""posy"":1.47557,""posz"":-0.03791,""posa"":0,""unit"":0,""stat"":5,""coor"":2,""momo"":1,""dist"":0,""home"":1,""mots"":1,""plan"":0,""line"":482,""path"":2,""frmo"":2,""prbe"":1,""safe"":0,""estp"":0,""spc"":1,""hold"":0,""macs"":5,""cycs"":1,""sps"":12000,""feed"":185.42,""mark"":1499779243}}",5.471898168315465,0.1970840081157507,0.1915650788650893,0.1982401398338236,5.471898168315465,0.1970840081157507,0.1915650788650893,0.1982401398338236,-0.968328039999999,-0.0489873400000008,0.0015834199999994,-4.94393459999999,-7.962696360000002,0.2436579599999908,-13.99546492000001,37.75707022000002,67.24292977999997,99.7,31.25004536,157.46615882000515,3.785353060000123,3.0282828400000987,3.0282828400000987,8.327777320000271,2102.4398972600084,-0.99042448,0.0419466200000001,-0.0157210200000009,-1.7129548200000055,-0.763934700000004,0.8881126800000003,-32.0,36.0,-37.90847749999997,99.8,31.65,70.16732023999924,55.324233239999394,54.424651659999405,55.77402355999939,173.1693466199981,1372.758912440003,-0.9884725999999994,0.1323457600000004,-0.01249908,2.9881816600000013,1.8592182600000025,3.8744696199999935,-7.518338060000002,31.51833806,37.96332388,99.7,31.50508816,111.45224888000038,2.5916913000000097,2.5916913000000097,2.073353240000008,6.220058720000023,1522.8756951600062,-0.9553259399999974,0.3495237800000036,0.0051707399999968,2.8413223000000105,1.1789312600000093,1.53640568,1.3792968599996942,0.4067568400000189,0.3874983800005333,99.7,36.3,128.0379187400044,169.41602676000582,131.94151348000452,115.54641464000396,377.8680046800129,2548.3036172800007,-0.99958768,-0.01798656,-0.0032663199999995,0.2734445199999833,1.9542582000000104,4.717367759999998,10.0,-14.892967620000038,24.911157119999995,99.8,31.62107076,16.617937699994982,17.660299899993863,16.91107521999413,19.90797391999307,53.49787011998145,1339.3657599800042,-1.0108945200000004,-0.0779423000000001,0.0235740400000001,5.29700032000001,1.6079418199999764,2.067596840000002,-3.0,15.965958719999998,-94.98076556000004,99.8,30.86019234,134.43487368000598,120.23400650000536,138.22177082000616,75.73795734000338,301.0583788800134,2030.7709549600147,482,X1.4685 Y1.4741 Z-0.038
14:09:34.537,5,486,1.49441,1.46211,-0.03899,85.51902,54.02272,-26.98289,,185.42,0,0,,2,1,"{""sr"":{""mpox"":85.51902,""mpoy"":54.02272,""mpoz"":-26.98289,""mpoa"":0,""posx"":1.49441,""posy"":1.46211,""posz"":-0.03899,""posa"":0,""unit"":0,""stat"":5,""coor"":2,""momo"":1,""dist"":0,""home"":1,""mots"":1,""plan"":0,""line"":486,""path"":2,""frmo"":2,""prbe"":1,""safe"":0,""estp"":0,""spc"":1,""hold"":0,""macs"":5,""cycs"":1,""sps"":12000,""feed"":185.42,""mark"":1499779243}}",5.345488882924221,0.1971878077837207,0.1974880834493931,0.1997259576293644,5.345488882924221,0.1971878077837207,0.1974880834493931,0.1997259576293644,-0.978699859999999,-0.0779253200000004,0.0041952,-5.211723220000003,-7.805743540000005,0.4693620400000018,-13.0,37.0,66.91092247999994,99.7,31.241972840000003,63.26704461999383,1.5277265999998533,1.2221810799998825,1.2221810799998825,3.360998579999677,1881.4078842200245,-0.9931412400000004,0.0464723800000002,-0.0007267399999988,-1.6061422999999952,-0.8457896999999982,0.9291129200000026,-32.0,36.54018588,-36.69580903999994,99.8,31.65382012,81.0279371600009,66.44290880000075,64.82234930000072,66.98309468000075,207.9717047800023,1845.751958000022,-1.011493620000001,0.1028949199999992,-0.0116250799999995,2.9642888400000103,1.693969940000005,3.9714518599999984,-6.486271499999998,31.4862715,37.5137285,99.7,31.49927018,105.3020460799996,2.431359359999989,2.431359359999989,1.9450869999999911,5.8352618599999735,1809.0013976200275,-0.969965,0.2722492600000045,-0.0535432200000037,1.7876385999999982,1.6630583000000032,1.340146059999992,9.72904230000017,8.397579980000287,14.44066318000072,99.7,36.3,47.42186905999478,62.45807157999313,48.86765803999462,42.506187819995326,139.0848727199847,1614.193291019994,-1.0072174,-0.0160361800000002,0.0430594000000016,0.5803115600000202,1.590161339999986,4.774263979999997,9.21743525999995,-14.0,23.78256474000005,99.8,31.62,120.55262520000686,131.06774562000737,125.50729554000704,147.7490945600083,397.9693360000224,1402.0110520600083,-1.0025353599999995,-0.0836589799999998,0.0036259599999982,5.149048319999993,1.6080671999999936,1.8627651799999905,-3.829995460000052,15.16464309999995,-94.81927258000005,99.8,30.86164652,26.17828569999204,20.909699739993645,24.037922379992693,13.336107499995943,52.68585759998398,1444.7738276799962,486,X1.5001 Y1.4603 Z-0.0392
14:09:34.794,5,489,1.52522,1.45644,-0.04008,86.30176,53.87879,-27.01062,,185.42,0,0,,2,1,"{""sr"":{""mpox"":86.30176,""mpoy"":53.87879,""mpoz"":-27.01062,""mpoa"":0,""posx"":1.52522,""posy"":1.45644,""posz"":-0.04008,""posa"":0,""unit"":0,""stat"":5,""coor"":2,""momo"":1,""dist"":0,""home"":1,""mots"":1,""plan"":0,""line"":489,""path"":2,""frmo"":2,""prbe"":1,""safe"":0,""estp"":0,""spc"":1,""hold"":0,""macs"":5,""cycs"":1,""sps"":12000,""feed"":185.42,""mark"":1499779243}}",5.203806136502024,0.1915584671458509,0.1983332798958361,0.2028964649372865,5.203806136502024,0.1915584671458509,0.1983332798958361,0.2028964649372865,-0.9696132800000016,-0.0110563199999999,0.0066122799999997,-5.168867359999994,-7.93226236,0.4516942799999973,-13.165461039999991,36.380319880000016,66.0,99.7,31.24165456,128.2736920799962,3.0983985999999084,2.4787187599999263,2.4787187599999263,6.816476599999798,1423.8648292000123,-0.985676,0.0427188400000001,-0.0474012399999994,-1.6095233199999983,-0.8995714399999972,0.9480433199999998,-32.0,36.0,-37.52529996,99.8,31.653186,75.28878256000087,58.38812184000048,56.96402128000047,58.86282160000049,182.44093612000157,1336.6180726000107,-1.0075953200000007,0.1280412800000003,-0.0166268000000001,2.860062679999999,1.650043199999997,3.93485544,-7.0,31.146514760000017,37.491011,99.7,31.5065548,110.95955863999966,2.5449441199999923,2.5449441199999923,2.035954839999994,6.107865519999981,1351.5688895600044,-1.0152816399999975,0.4250643599999998,0.0007561199999996,2.0090991600000314,1.4591777200000065,1.4980404400000025,9.911076880000062,0.1463292799999456,4.402325480000668,99.7,36.299426,103.29877615999668,135.57269203999567,106.50903587999656,92.63648131999705,301.98594031999033,1649.2521905200194,-1.00030344,-0.0051118400000002,-0.0179657600000017,0.4074485199999982,1.8701026800000036,4.700808359999995,9.370928480000034,-14.0,24.0,99.8,31.63,61.53910944000536,53.20568812000464,50.64155840000441,59.936527920005226,160.578613120014,1117.299948840024,-1.0186906,-0.0811316799999998,0.0415813600000007,5.050474079999998,1.4309431200000158,1.9114316400000024,-4.0,15.307879120000033,-95.37357083999994,99.8,30.86010668,91.172481639996,89.25466359999601,102.6077232799954,56.92620247999745,224.9043123199899,1279.2736397600236,489,X1.5257 Y1.4564 Z-0.0401
14:09:35.053,5,493,1.55627,1.459,-0.04117,87.0903,53.94384,-27.03813,,185.42,0,0,,2,1,"{""sr"":{""mpox"":87.0903,""mpoy"":53.94384,""mpoz"":-27.03813,""mpoa"":0,""posx"":1.55627,""posy"":1.459,""posz"":-0.04117,""posa"":0,""unit"":0,""stat"":5,""coor"":2,""momo"":1,""dist"":0,""home"":1,""mots"":1,""plan"":0,""line"":493,""path"":2,""frmo"":2,""prbe"":1,""safe"":0,""estp"":0,""spc"":1,""hold"":0,""macs"":5,""cycs"":1,""sps"":12000,""feed"":185.42,""mark"":1499779243}}",5.254321574393645,0.2031940765220621,0.2230440765690002,0.2154719967491269,5.254321574393645,0.2031940765220621,0.2230440765690002,0.2154719967491269,-0.9835884199999992,-0.0406787800000002,-0.0043721800000001,-5.270052779999996,-7.7269768,0.3287618599999966,-13.0,36.35572628000002,65.35572628000003,99.7,31.247516,100.18259220000292,2.399684400000069,1.919747320000056,1.919747320000056,5.403516140000147,1486.8492116599998,-0.990793,0.0424840200000001,-0.0328562000000005,-1.5570715799999997,-0.8236908599999998,1.0063020199999986,-32.0,36.0,-38.256697940000016,99.8,31.66,78.48721099999955,61.88414729999965,60.87790117999965,62.38727031999965,193.7024116999989,1189.5718641399976,-1.0084748799999996,0.1103804399999994,-0.0134292600000001,2.7602270600000023,1.7410610999999985,3.8742573800000017,-6.742428100000012,31.49738784,37.0,99.7,31.5,109.16771474000026,2.4869386600000056,2.4869386600000056,1.9895508200000045,5.968652000000014,1319.6585562400007,-1.01969042,0.0641825800000011,0.0130454600000009,1.8048936400000155,1.3513512200000064,1.4477462999999997,9.520458640000047,10.980722880000185,4.7037433999993485,99.7,36.30570808,77.87099174000247,101.1373248600032,79.77028438000251,69.32417524000219,225.0661581800071,1342.40409558,-1.01166364,-0.0168231200000002,-0.0171681400000007,0.4151134200000021,1.7292938199999928,4.817796340000003,9.492474599999976,-14.0,23.95801764,99.8,31.64,102.85955547999612,88.71982335999652,84.48615173999669,99.94341549999608,268.8317542599894,853.2708388799978,-1.00474314,-0.0754868199999999,0.0295502600000011,5.127,1.765647780000003,2.0193435199999974,-3.9350088999999966,15.22061052000001,-92.9921395199999,99.8,30.85480574,53.397511020002725,59.43375090000304,67.79162248000345,38.07474680000195,149.51303070000762,1232.6342426599997,493,X1.56 Y1.4598 Z-0.0413
14:09:35.310,5,497,1.58557,1.46958,-0.04227,87.83452,54.21266,-27.06608,,185.42,0,0,,2,1,"{""sr"":{""mpox"":87.83452,""mpoy"":54.21266,""mpoz"":-27.06608,""mpoa"":0,""posx"":1.58557,""posy"":1.46958,""posz"":-0.04227,""posa"":0,""unit"":0,""stat"":5,""coor"":2,""momo"":1,""dist"":0,""home"":1,""mots"":1,""plan"":0,""line"":497,""path"":2,""frmo"":2,""prbe"":1,""safe"":0,""estp"":0,""spc"":1,""hold"":0,""macs"":5,""cycs"":1,""sps"":12000,""feed"":185.42,""mark"":1499779243}}",4.983680689906961,0.1971950746947155,0.2023048418238494,0.2070770219463753,4.983680689906961,0.1971950746947155,0.2023048418238494,0.2070770219463753,-0.9731476000000006,-0.0414999999999998,0.0111122000000006,-5.3854577999999895,-7.682159200000008,0.4984863999999998,-13.0,36.55493759999999,66.09105120000001,99.7,31.2492778,93.01805760000325,2.225312600000078,1.7802502000000615,1.7802502000000615,5.340750000000186,1436.528196400008,-0.9890342,0.0407593999999998,0.0018837999999999,-1.4554076000000018,-0.8038364000000008,0.9350071999999964,-32.0,36.0,-38.0,99.8,31.6615728,77.17573359999942,63.04293479999959,62.01784619999961,63.5554793999996,197.32951139999875,1275.7233548000008,-1.0210539999999997,0.1279971999999995,-0.0043872000000001,2.7781042,1.670942000000002,3.8570752000000006,-6.503303399999998,31.0,37.191352000000016,99.7,31.5018476,108.77661540000024,2.483484000000006,2.483484000000006,1.9867874000000048,5.960362200000015,1264.6434934000088,-0.909618600000003,0.2185892000000035,-0.0024407999999989,2.219061400000015,1.2370816000000042,1.5256821999999983,9.060570999999989,-4.388107800000077,0.2849844000001916,99.7,36.3168336,72.94907620000274,93.28589780000354,73.58231820000279,63.888839000002406,207.84519540000784,2109.1730206000007,-1.0066032000000005,-0.0058989999999999,0.0016964000000002,0.3017858000000001,1.7485217999999934,4.691106199999996,6.356314799999741,-8.315896999999662,14.089268599999423,99.8,31.64,135.24289059999455,97.35156359999613,92.68801619999628,109.5933773999956,294.3864649999882,1055.1233290000032,-1.0017858000000002,-0.0748068000000001,0.0283549999999999,5.371449799999992,1.7477479999999983,2.0540337999999982,-3.4069592000000264,16.0,-94.61412599999996,99.8,30.86,68.47457360000442,52.111864600003386,59.41604560000385,33.37065580000217,131.44782740000855,1642.7760873999928,497,X1.5919 Y1.473 Z-0.0426
14:09:35.567,5,500,1.61124,1.48749,-0.04344,88.48652,54.66753,-27.09592,,185.42,0,0,,2,1,"{""sr"":{""mpox"":88.48652,""mpoy"":54.66753,""mpoz"":-27.09592,""mpoa"":0,""posx"":1.61124,""posy"":1.48749,""posz"":-0.04344,""posa"":0,""unit"":0,""stat"":5,""coor"":2,""momo"":1,""dist"":0,""home"":1,""mots"":1,""plan"":0,""line"":500,""path"":2,""frmo"":2,""prbe"":1,""safe"":0,""estp"":0,""spc"":1,""hold"":0,""macs"":5,""cycs"":1,""sps"":12000,""feed"":185.42,""mark"":1499779243}}",5.180186469363978,0.1817499032296788,0.1845528260566376,0.1952809939307878,5.180186469363978,0.1817499032296788,0.1845528260566376,0.1952809939307878,-0.9741296000000031,-0.0373416599999994,0.0039584200000014,-5.187903479999977,-7.732676320000022,0.4994030599999762,-12.94026135999998,36.94026135999998,66.94026135999998,99.7,31.25367714,132.14450585999063,3.1613521199997754,2.529081399999821,2.529081399999821,7.527505559999443,2178.765921120046,-0.9933057,0.0398710800000002,-0.0126807799999996,-1.5619177000000029,-0.7281905399999966,0.9589429000000048,-32.0,36.41118839999996,-36.64152318000003,99.8,31.66,78.15124408000153,57.784556900001135,57.31091256000112,58.731844580001145,182.8265472800036,1786.824800840007,-0.9926607600000018,0.1153301799999999,-0.0139670799999998,2.862773919999997,1.648,3.897642420000008,-6.0,31.87521975999996,38.0,99.7,31.49875226,110.9522418599994,2.5567854199999824,2.045428439999986,2.045428439999986,5.624927079999962,2372.442217479996,-0.8348311199999784,0.3272539600000118,0.0053004399999986,2.3297942999998957,2.006694580000021,1.3566237800000078,10.0,9.007596760000572,16.872925179998983,99.7,36.28206284,105.38572725999204,134.30254259998986,106.67091861999197,93.17640533999295,300.0922837799773,3713.762009420039,-1.0068186800000003,-0.0049442999999999,0.0057809200000015,0.3397698200000202,1.91823017999998,4.84305414000001,10.0,-14.236857400000074,25.0,99.8,31.6423686,57.49804136001308,50.35517856001135,47.94603364001079,56.91604046001284,152.7438222000344,1865.499028320038,-1.0028717400000005,-0.0777238400000002,0.0216578000000003,5.046380220000028,1.990924419999983,2.031063660000005,-3.0,16.0,-94.72027315999992,99.8,30.85028786,75.62866243999198,93.63548733999006,105.15985449998884,59.78265727999367,234.80899089997507,2479.7959580600523,500,X1.6125 Y1.4886 Z-0.0435
14:09:35.825,5,504,1.63122,1.51138,-0.04453,88.99403,55.27438,-27.12344,,185.42,0,0,,2,1,"{""sr"":{""mpox"":88.99403,""mpoy"":55.27438,""mpoz"":-27.12344,""mpoa"":0,""posx"":1.63122,""posy"":1.51138,""posz"":-0.04453,""posa"":0,""unit"":0,""stat"":5,""coor"":2,""momo"":1,""dist"":0,""home"":1,""mots"":1,""plan"":0,""line"":504,""path"":2,""frmo"":2,""prbe"":1,""safe"":0,""estp"":0,""spc"":1,""hold"":0,""macs"":5,""cycs"":1,""sps"":12000,""feed"":185.42,""mark"":1499779243}}",5.340110575435403,0.2079724899452728,0.2088238148116221,0.204517601302112,5.340110575435403,0.2079724899452728,0.2088238148116221,0.204517601302112,-1.008115699999999,-0.0470726000000018,0.0032840000000006,-5.022026499999999,-7.707953500000011,0.5213081999999924,-13.690841799999967,36.97704449999999,67.42759459999995,99.7,31.26,59.530185100004765,1.4310144000001146,1.1448117000000917,1.1448117000000917,3.434434200000276,2081.620928399993,-1.0015250999999996,0.0456308,-0.0363799999999996,-1.6981851999999955,-0.8485925999999977,0.916,-32.0,36.0,-38.40903959999999,99.8,31.66,84.9652111999991,66.68979229999941,66.68979229999941,67.7830678999994,211.5487680999981,1765.764655500016,-0.9771324000000016,0.1171414000000023,-0.0116768000000003,2.813191700000001,1.7331710999999992,3.900808299999999,-7.0,31.5186483,38.0,99.7,31.5,104.9345805000004,2.4067567000000096,1.925405000000008,1.925405000000008,5.294864200000021,1903.5973635999885,-0.8496527000000035,0.261249100000003,0.0163260999999984,2.1155524999999784,2.043966699999977,1.5469712000000035,9.65621579999994,-2.062570800000081,-6.008595300000255,99.7,36.2892044,44.67579020000391,54.8782739000052,43.59636240000416,38.31195490000365,122.96756780001168,2845.261704900011,-0.989726600000001,-0.0075351999999995,0.0027039999999999,0.1712769000000003,1.779516099999992,4.7201520000000015,9.09163900000004,-14.0,23.74921129999997,99.8,31.6507956,140.06484979999402,139.23606409999408,132.60577569999435,157.4693577999933,421.85212259998207,1401.502636500043,-1.002387300000001,-0.0924262,0.0121281000000005,5.418187499999995,1.8155213999999924,2.0712378999999976,-3.903963599999959,16.0,-95.86959979999996,99.8,30.8686958,14.205640800004558,17.11676830000515,19.203169100005763,10.987967000003302,42.9359750000129,1849.4126797000347,504,X1.6339 Y1.5157 Z-0.0447
14:09:36.082,5,508,1.64443,1.53986,-0.04562,89.32959,55.99771,-27.15116,,185.42,0,0,,2,1,"{""sr"":{""mpox"":89.32959,""mpoy"":55.99771,""mpoz"":-27.15116,""mpoa"":0,""posx"":1.64443,""posy"":1.53986,""posz"":-0.04562,""posa"":0,""unit"":0,""stat"":5,""coor"":2,""momo"":1,""dist"":0,""home"":1,""mots"":1,""plan"":0,""line"":508,""path"":2,""frmo"":2,""prbe"":1,""safe"":0,""estp"":0,""spc"":1,""hold"":0,""macs"":5,""cycs"":1,""sps"":12000,""feed"":185.42,""mark"":1499779243}}",5.353673036294368,0.2014973839681669,0.2019894629480594,0.2003014908403174,5.353673036294368,0.2014973839681669,0.2019894629480594,0.2003014908403174,-1.0243047200000028,-0.0375550400000008,0.0215184800000004,-4.939915679999977,-8.087647639999995,0.3578739599999979,-13.0,36.03070903999993,66.47170999999997,99.7,31.2425122,157.2459886400103,3.7439524000002447,2.9951619200001955,2.9951619200001955,8.985484800000588,1660.6100191200082,-0.9887864000000002,0.0412951200000005,-0.0057791200000002,-1.61677660000001,-0.8174477600000055,0.8883964000000008,-31.02221527999995,35.97778472000005,-36.59921527999991,99.8,31.66,66.64813567999774,54.29408479999878,54.76151635999872,55.651946959998696,172.7658597199959,1519.838501720003,-0.9903231599999988,0.1213875199999996,-0.0080069599999996,2.836010880000003,1.7432584399999946,3.903461400000006,-6.979191720000047,31.97919172000005,38.9583834400001,99.7,31.494591680000003,113.88067912000083,2.600015920000019,2.0800123600000155,2.0800123600000155,5.7200344800000416,1944.335205400027,-0.810868200000002,0.4357216000000006,-0.032160399999997,1.936316240000009,1.6166535200000134,1.547882200000025,10.80637688000034,7.553116319999416,15.731104120001165,99.7,36.29232072,131.26924524000918,162.0265782000112,128.23904548000888,112.11317728000776,362.4315230800252,2915.707813120025,-1.0051296000000003,-0.0036209599999996,0.0063622400000004,0.7153974000000519,1.6636029999999895,4.746012720000009,9.003364559999993,-14.0,24.0,99.8,31.65873792,22.48034027998625,20.637688879987376,19.777785879987903,23.46308675998565,62.89581507996154,1521.5451421200032,-1.00606796,-0.0713597600000007,0.039107080000001,5.244796000000005,1.4743531199999882,2.070710080000005,-3.0014084799999967,16.0,-93.07314015999992,99.8,30.85929696,101.19677344000918,124.38940512001136,138.31202608001263,79.83251092000727,309.1148620400282,2055.8672969200184,508,X1.6466 Y1.5477 Z-0.0459
14:09:36.340,5,511,1.64967,1.57053,-0.0467,89.46266,56.77679,-27.17868,,185.42,0,0,,2,1,"{""sr"":{""mpox"":89.46266,""mpoy"":56.77679,""mpoz"":-27.17868,""mpoa"":0,""posx"":1.64967,""posy"":1.57053,""posz"":-0.0467,""posa"":0,""unit"":0,""stat"":5,""coor"":2,""momo"":1,""dist"":0,""home"":1,""mots"":1,""plan"":0,""line"":511,""path"":2,""frmo"":2,""prbe"":1,""safe"":0,""estp"":0,""spc"":1,""hold"":0,""macs"":5,""cycs"":1,""sps"":12000,""feed"":185.42,""mark"":1499779243}}",5.118908177317038,0.1916024891365279,0.2050305830109966,0.205903097031933,5.118908177317038,0.1916024891365279,0.2050305830109966,0.205903097031933,-1.0089528000000008,-0.0308316000000002,0.0370300000000005,-5.082847999999996,-7.819266400000003,0.2917045999999978,-13.0,36.154067599999976,65.49414779999996,99.7,31.24186,70.95469399999686,1.7004023999999236,1.360321999999939,1.360321999999939,4.080965399999816,1509.3340697999909,-0.9891643999999998,0.0410222000000005,-0.0123838,-1.4870499999999975,-0.8758456000000008,0.934921200000002,-31.352352800000013,36.0,-38.64764719999999,99.8,31.6611188,72.86479560000046,64.82823700000041,65.89977780000041,66.97131960000041,208.9505164000013,1232.8839767999962,-1.0340536000000005,0.0738663999999997,-0.0202759999999999,2.906570399999999,1.684158199999999,3.9620470000000014,-6.895666400000015,31.5115688,38.0,99.7,31.5,106.30260659999968,2.4421565999999943,1.9537253999999955,1.9537253999999955,5.372744999999987,1313.4778523999958,-0.918466599999999,0.1624703999999988,-0.0300450000000015,2.626231999999993,1.4523028000000018,1.351878999999992,6.354198400000033,0.7296596000003904,-3.625136000000078,99.7,36.2836456,53.278641999997255,64.58017179999666,51.98703779999732,44.88321979999769,144.01378299999257,1758.0776069999897,-1.0075188000000004,-0.0137965999999998,0.0141101999999998,0.2227289999999959,1.773517799999994,4.720180999999992,9.0,-14.0,23.488655200000046,99.8,31.657443,118.98748240000376,126.53571980000396,119.83677020000376,142.16660240000445,381.857635400012,1184.537132999982,-1.0017488,-0.0709271999999997,0.0271427999999999,4.9996191999999935,2.140602800000021,2.0144728,-3.0,15.9922476,-94.0,99.8,30.87,21.799269599997395,29.946470799996423,32.80900159999608,19.377128199997685,73.76520379999118,1207.552123599979,511,X1.6498 Y1.5734 Z-0.0468
14:09:36.596,5,515,1.64666,1.60177,-0.04779,89.38625,57.57012,-27.20641,,185.42,0,0,,2,1,"{""sr"":{""mpox"":89.38625,""mpoy"":57.57012,""mpoz"":-27.20641,""mpoa"":0,""posx"":1.64666,""posy"":1.60177,""posz"":-0.04779,""posa"":0,""unit"":0,""stat"":5,""coor"":2,""momo"":1,""dist"":0,""home"":1,""mots"":1,""plan"":0,""line"":515,""path"":2,""frmo"":2,""prbe"":1,""safe"":0,""estp"":0,""spc"":1,""hold"":0,""macs"":5,""cycs"":1,""sps"":12000,""feed"":185.42,""mark"":1499779243}}",5.312230867697386,0.190926638243534,0.1878791553869396,0.1993935842349233,5.312230867697386,0.190926638243534,0.1878791553869396,0.1993935842349233,-0.9842937599999992,-0.0478900000000005,0.0293947599999999,-5.390126520000001,-7.965616800000005,0.447233040000001,-9.774939520000173,27.66697060000049,50.378534720000886,99.7,31.2569196,124.96265360000194,2.989536880000047,2.3916296400000374,2.3916296400000374,6.576982000000103,1238.8897124400023,-0.99177932,0.0500496799999999,-0.0152731200000002,-1.622121000000002,-0.8355855999999995,0.488,-32.0,36.0,-38.94474900000003,99.8,31.6617856,70.58185151999982,57.65248263999977,59.57423195999976,60.53510663999976,187.85100555999924,1157.222799440001,-1.0061006799999996,0.1085531599999998,-0.00390048,2.6413045999999984,1.5491541999999991,3.488610560000001,-6.507427120000001,31.67493687999999,38.50742712,99.7,31.5015752,108.58938208000016,2.537135240000004,2.029708120000003,2.029708120000003,5.581696920000009,1043.3537054800024,-0.9390295600000012,0.0417912399999998,-0.0348350400000004,2.5485002400000214,0.8513866399999932,1.4979188000000008,10.891767680000058,3.566362400000084,8.15196867999989,99.7,36.30064512,100.09576204000167,119.34045072000195,95.71402088000158,82.96232996000137,265.3280908800044,1257.7100045600023,-1.0198775200000003,-0.01735228,0.0146584799999997,0.5335852000000032,2.003733680000003,5.2506855199999976,8.97186624,-14.0,23.02813376,99.8,31.66,85.51670775999659,59.474583119997625,57.01113895999772,67.5687567999973,181.2391135999928,917.0061174800006,-0.99351688,-0.0660900799999991,0.0311925999999998,5.261258800000011,1.7918883199999989,1.650556519999994,-3.653511280000017,15.98766048,-94.64117176000002,99.8,30.86012352,81.69035316000189,91.23388912000216,99.22409800000234,58.607203840001375,223.0723332400053,1020.552664600002,515,X1.6452 Y1.6076 Z-0.048
14:09:36.854,5,518,1.63582,1.63095,-0.04887,89.11087,58.31137,-27.23393,,185.42,0,0,,2,1,"{""sr"":{""mpox"":89.11087,""mpoy"":58.31137,""mpoz"":-27.23393,""mpoa"":0,""posx"":1.63582,""posy"":1.63095,""posz"":-0.04887,""posa"":0,""unit"":0,""stat"":5,""coor"":2,""momo"":1,""dist"":0,""home"":1,""mots"":1,""plan"":0,""line"":518,""path"":2,""frmo"":2,""prbe"":1,""safe"":0,""estp"":0,""spc"":1,""hold"":0,""macs"":5,""cycs"":1,""sps"":12000,""feed"":185.42,""mark"":1499779243}}",5.298701147771626,0.2114714513534679,0.2200665731276851,0.2136376927846111,5.298701147771626,0.2114714513534679,0.2200665731276851,0.2136376927846111,-0.9689011199999998,-0.0356596799999994,0.0118069600000017,-4.996691479999979,-8.030487280000038,0.3111609199999949,-12.628906720000074,37.0,66.50930308000005,99.7,31.25389712,101.81346259998917,2.453484519999737,1.96278759999979,1.96278759999979,5.8883628399993695,1334.698528160022,-0.9921688399999996,0.0441136799999996,-0.0115790400000004,-1.509441120000002,-0.7458557600000012,0.8546725600000014,-31.22994192000004,36.0,-38.49859887999999,99.8,31.66731344,77.71714288000176,60.168110800001365,62.17371432000141,63.17651608000144,196.54916156000445,1127.669106439996,-0.9955161199999988,0.1227427199999994,-0.0092630400000002,2.854005639999992,1.6324119600000029,3.936582400000006,-6.24932447999995,31.496890239999995,38.00175871999991,99.7,31.50249312,108.07092379999924,2.484450159999979,1.9875599199999836,1.9875599199999836,5.465789559999954,1051.9021501599975,-0.9327280000000044,0.3160493999999808,0.0132616799999995,2.1205110800000915,1.2030015200000697,1.6106433599999976,6.972437439999886,6.259315360000148,7.325899800001137,99.7,36.31584832,79.25366583999066,98.21619939998844,78.28122787999077,67.58441455999204,217.82602595997437,1625.0906429199838,-1.0076544,-0.0044585199999995,0.0122025599999993,0.3514120400000529,1.692589520000002,4.756746040000021,9.471765320000088,-14.043200479999992,22.51496580000008,99.8,31.65471744,119.90941696002024,88.0159614800135,83.42446940001278,98.87344540001514,265.7223846800408,984.166309439995,-0.99951652,-0.0735674,0.0174836399999991,4.946068879999989,1.77,1.9519699999999889,-3.516909640000089,15.499974280000092,-93.98306464,99.8,30.86983096,68.59887115998728,67.63268943998747,72.94668687998649,43.47815759999194,163.76772695996968,989.518416479982,518,X1.6355 Y1.6316 Z-0.0489
14:09:37.110,5,522,1.61742,1.65636,-0.04997,88.64365,58.95667,-27.26165,,185.42,0,0,,2,1,"{""sr"":{""mpox"":88.64365,""mpoy"":58.95667,""mpoz"":-27.26165,""mpoa"":0,""posx"":1.61742,""posy"":1.65636,""posz"":-0.04997,""posa"":0,""unit"":0,""stat"":5,""coor"":2,""momo"":1,""dist"":0,""home"":1,""mots"":1,""plan"":0,""line"":522,""path"":2,""frmo"":2,""prbe"":1,""safe"":0,""estp"":0,""spc"":1,""hold"":0,""macs"":5,""cycs"":1,""sps"":12000,""feed"":185.42,""mark"":1499779243}}",5.1701548456830055,0.2011140095475082,0.2026587876221946,0.2051942354761418,5.1701548456830055,0.2011140095475082,0.2026587876221946,0.2051942354761418,-0.9797612000000012,-0.0289208000000005,0.0083042000000015,-5.134559400000019,-8.059894799999979,0.4702658000000032,-12.462091799999934,36.53790820000007,65.55372579999995,99.7,31.2453788,91.9324242000095,2.2313696000002308,1.7850954000001844,1.7850954000001844,4.909013000000508,1378.806704799995,-0.9924358000000004,0.0413696000000001,-0.0070346000000003,-1.5287013999999977,-0.7849058000000041,0.9224089999999971,-31.334398599999957,35.66560140000005,-38.82332799999996,99.8,31.6748894,78.03614899999857,60.81745919999882,63.37281419999878,64.39495639999876,200.00546599999615,1098.5366400000007,-1.0013954000000007,0.1141877999999991,-0.0154259999999998,2.8798274000000035,1.7276201999999978,3.9860409999999975,-7.191301600000041,31.0,38.0,99.7,31.5049656,108.24772860000078,2.482746400000018,1.9861970000000144,1.9861970000000144,5.46204140000004,1292.7471197999969,-0.9764542000000038,0.1206444000000036,-0.008775999999999,1.7203993999999438,1.7381389999999806,1.5407193999999926,9.630695200000051,0.598804800000505,-2.488422800001613,99.7,36.313178,75.37399400000837,80.7564942000093,64.88405480000749,55.43043480000635,179.3952344000206,1472.0481123999914,-1.0033060000000005,-0.0061621999999992,0.000291400000001,0.1850194000000217,1.868728399999965,4.767775999999992,9.054051599999992,-14.0,22.41743120000007,99.8,31.6589188,106.61008199998724,99.03668859998812,94.37613839998868,111.8532009999866,300.6054767999639,1022.5144012000042,-1.0122716000000025,-0.0824064000000007,0.0349717999999997,5.17668240000001,1.838376799999991,1.9638966000000149,-3.0,15.61429879999992,-95.79983079999975,99.8,30.864288,64.7717408000126,57.44152860001116,61.89956960001204,37.058295000007206,138.866797600027,1178.1800836000043,522,X1.6148 Y1.6592 Z-0.0501
14:09:37.369,5,526,1.59335,1.67603,-0.05105,88.03221,59.45649,-27.28917,,185.42,0,0,,2,1,"{""sr"":{""mpox"":88.03221,""mpoy"":59.45649,""mpoz"":-27.28917,""mpoa"":0,""posx"":1.59335,""posy"":1.67603,""posz"":-0.05105,""posa"":0,""unit"":0,""stat"":5,""coor"":2,""momo"":1,""dist"":0,""home"":1,""mots"":1,""plan"":0,""line"":526,""path"":2,""frmo"":2,""prbe"":1,""safe"":0,""estp"":0,""spc"":1,""hold"":0,""macs"":5,""cycs"":1,""sps"":12000,""feed"":185.42,""mark"":1499779243}}",5.2934707198094015,0.192289504293394,0.1916713075282861,0.2041001794814576,5.2934707198094015,0.192289504293394,0.1916713075282861,0.2041001794814576,-1.0122945000000003,-0.0349939999999987,0.0127543200000013,-5.014364160000019,-8.08367757999999,0.3722312800000019,-13.0,37.0,66.65101843999996,99.7,31.24599976,134.7097856199924,3.2550927599998167,2.604074539999853,2.604074539999853,7.161204959999598,1818.3511791600408,-0.98749786,0.0435515199999994,0.0007749200000005,-1.6075718999999955,-0.865225879999995,0.8949936400000043,-32.0,35.56547292000004,-39.0,99.8,31.68,65.5469059600011,55.24667820000093,58.05583072000097,58.99221560000099,183.53133660000307,1561.164010540003,-1.0074352199999994,0.1133698000000006,-0.0041851199999997,2.862554219999998,1.753157940000004,3.9124457800000014,-7.0,31.48744136,37.10566930000003,99.7,31.50105666,111.5422092599995,2.562792859999986,2.050233999999989,2.050233999999989,5.638143579999969,1922.518981540008,-0.7780418800000036,0.4716799799999879,-0.0411728799999993,3.732898339999825,1.3103608999999965,1.5859791999999853,11.467047439999718,8.881793819998936,8.126571380001183,99.7,36.31,115.51482995999304,131.44790935999205,104.2288982399937,88.95969669999464,288.7870741199825,2340.5292697200093,-1.0038798000000009,-0.0062868800000001,0.0103439800000003,0.4391021399999848,1.907639939999994,4.785003879999993,9.931438000000009,-14.0,22.0,99.8,31.65,55.25881388001071,45.924103980009605,43.57199926000909,51.64088810001076,138.5159235400289,1113.113040000016,-1.0037883600000006,-0.0788485399999999,0.0225433399999996,4.8590524999999865,1.8439524600000248,1.999193019999996,-3.0,16.0,-94.75725911999992,99.8,30.87,109.80252575999086,107.53074961999104,115.1033375999904,69.66780949999419,258.9825098799784,1512.7114699400038,526,X1.5871 Y1.6797 Z-0.0513
14:09:37.626,5,529,1.56469,1.68879,-0.05214,87.30436,59.78062,-27.3169,,185.42,0,0,,2,1,"{""sr"":{""mpox"":87.30436,""mpoy"":59.78062,""mpoz"":-27.3169,""mpoa"":0,""posx"":1.56469,""posy"":1.68879,""posz"":-0.05214,""posa"":0,""unit"":0,""stat"":5,""coor"":2,""momo"":1,""dist"":0,""home"":1,""mots"":1,""plan"":0,""line"":529,""path"":2,""frmo"":2,""prbe"":1,""safe"":0,""estp"":0,""spc"":1,""hold"":0,""macs"":5,""cycs"":1,""sps"":12000,""feed"":185.42,""mark"":1499779243}}",5.398401089045514,0.202388187309948,0.2043112280789023,0.2103601103030632,5.398401089045514,0.202388187309948,0.2043112280789023,0.2103601103030632,-1.013699399999999,-0.0293210800000013,0.0298274400000002,-5.386202640000009,-7.733908160000004,0.4846024000000016,-12.98143392000001,37.0,66.0,99.7,31.2458366,56.568105759995575,1.366379559999893,1.0931036799999143,1.0931036799999143,3.0060350799997644,1868.9626321199908,-0.9993223199999998,0.0423303200000003,-0.0172677200000014,-1.440808720000002,-0.9436804799999996,0.9414952800000008,-32.0,35.48902187999998,-38.48902187999998,99.8,31.68,84.31208972000088,64.45429564000054,67.73163308000056,68.82407856000057,213.5731328000018,1548.619638879992,-1.0162432,0.1295599999999995,-0.0011199199999995,2.8688919199999985,1.817110160000008,3.90355888,-7.0,32.0,36.556485839999965,99.7,31.49078252,104.6387782799996,2.399972239999991,1.9199777599999928,1.9199777599999928,5.27993795999998,1688.566226800005,-1.0128908400000007,0.3425886400000046,0.0315687600000024,2.8953059600001088,0.6515816799999741,1.3885801599999958,7.120658320000237,7.482947640000261,14.27645148000044,99.7,36.29814436,42.84005867999594,50.9958380799952,39.35307675999628,34.0590711599968,112.07648387998948,2148.182752840002,-1.0063570000000004,0.0008441599999999,0.028440600000002,0.5121796800000129,1.782881839999991,4.770998560000001,9.155238799999966,-14.0,23.0,99.8,31.65844748,170.64176532000664,143.6094071200056,136.85131692000533,162.19415364000628,433.3625039600169,1135.9853189999938,-1.0165388000000002,-0.08695296,0.0373656399999996,5.143238479999993,1.8057290800000088,1.8988603199999976,-3.0,15.964399679999998,-94.03560032,99.8,30.87112476,21.83070983999279,16.04774951999475,17.09558867999442,10.347330599996624,38.54194571998746,1497.4221851999978,529,X1.5631 Y1.6893 Z-0.0522
14:09:37.883,5,533,1.53392,1.69364,-0.05323,86.52261,59.90374,-27.34442,,185.42,0,0,,2,1,"{""sr"":{""mpox"":86.52261,""mpoy"":59.90374,""mpoz"":-27.34442,""mpoa"":0,""posx"":1.53392,""posy"":1.69364,""posz"":-0.05323,""posa"":0,""unit"":0,""stat"":5,""coor"":2,""momo"":1,""dist"":0,""home"":1,""mots"":1,""plan"":0,""line"":533,""path"":2,""frmo"":2,""prbe"":1,""safe"":0,""estp"":0,""spc"":1,""hold"":0,""macs"":5,""cycs"":1,""sps"":12000,""feed"":185.42,""mark"":1499779243}}",5.167477741790605,0.2031989200792183,0.2112171510693197,0.2075863846518623,5.167477741790605,0.2031989200792183,0.2112171510693197,0.2075863846518623,-0.99220754,-0.0466483399999998,0.0110195600000001,-5.199061920000001,-7.8407217,0.4616217200000002,-13.0,37.0,66.26240148000001,99.7,31.24,152.6828802199994,3.6879924799999846,2.950394019999988,2.950394019999988,8.113582539999966,1767.6674379399983,-0.99138474,0.04223824,-0.00895504,-1.52396714,-0.8284357600000002,0.8799834799999999,-31.41908678,36.0,-38.61423920000001,99.8,31.67580948,67.39025958000013,52.89891370000007,56.06580014000007,56.97062472000008,175.46932304000023,1452.2487618399998,-0.99629118,0.1206780999999999,-0.0143291999999999,2.86709632,1.7471857000000002,4.022288959999999,-7.0,31.0,36.38071039999999,99.7,31.50031206,113.13280919999995,2.5947887399999985,2.075831719999999,2.075831719999999,6.2274942799999975,1477.9367767400004,-0.8652794200000002,0.2395118799999999,-0.0539344799999997,3.538514799999989,1.9946329400000016,1.5677347800000003,6.745673040000012,-2.9753999399999977,0.0156184000000162,99.7,36.307596,127.73060907999944,157.2705591599993,120.03578529999946,104.08329709999954,347.1934380199985,2229.11233038,-1.00225134,-0.00142686,0.0034824999999998,0.1771170399999999,1.4715002800000023,4.69184598,9.99468142,-14.0,21.99468142,99.8,31.65,19.9164014800007,22.45607684000079,21.386740740000757,25.39675442000089,67.50189920000237,1414.976938739999,-1.00445448,-0.0770069,0.0376750999999999,5.13295266,1.6102508400000013,2.0022345999999995,-3.00229422,16.0,-95.9024141,99.8,30.8790699,184.49166069999893,128.46857421999923,137.5156574199992,82.32845259999952,309.4102282999982,1655.3717954399986,533,X1.5289 Y1.6937 Z-0.0534
14:09:38.141,5,537,1.50274,1.69027,-0.05432,85.7307,59.81816,-27.37214,,185.42,0,0,,2,1,"{""sr"":{""mpox"":85.7307,""mpoy"":59.81816,""mpoz"":-27.37214,""mpoa"":0,""posx"":1.50274,""posy"":1.69027,""posz"":-0.05432,""posa"":0,""unit"":0,""stat"":5,""coor"":2,""momo"":1,""dist"":0,""home"":1,""mots"":1,""plan"":0,""line"":537,""path"":2,""frmo"":2,""prbe"":1,""safe"":0,""estp"":0,""spc"":1,""hold"":0,""macs"":5,""cycs"":1,""sps"":12000,""feed"":185.42,""mark"":1499779243}}",5.331084214777771,0.20108995055229,0.2082933439347877,0.2081623267738186,5.331084214777771,0.20108995055229,0.2082933439347877,0.2081623267738186,-0.990175260000001,-0.0301485800000001,0.0100007000000009,-4.91320740000001,-8.069953119999987,0.350852840000003,-14.0,38.0,67.47531015999998,99.7,31.25305878,71.85216004000759,1.735362480000185,1.388289560000148,1.388289560000148,3.817797320000407,1720.3169402399958,-0.9920420799999998,0.0408839199999998,0.0111012600000006,-1.5123377800000042,-0.7469234800000046,1.0267088799999986,-31.12232396000004,35.468611980000006,-39.10164009999989,99.8,31.6853136,78.64538055999887,60.04681131999914,63.76652489999909,65.36068795999905,197.67622715999715,1647.0149976200005,-1.00987576,0.1337101399999994,-0.0142039399999998,2.7827350600000025,1.73890888,3.99809112,-7.509695659999997,31.37539371999997,36.37539371999997,99.7,31.48980562,105.9057552400006,2.451521920000014,2.451521920000014,1.9612175800000111,5.883653520000034,1675.4069554400112,-0.8718571600000031,0.5387312000000176,-0.0331601599999957,2.0610342399999744,1.6754136600000151,1.467770460000001,10.46712809999996,1.4031638400005462,23.88896291999871,99.7,36.29620022,58.54826626000702,70.9270431200085,54.198966840006506,46.83861292000562,155.9056695600187,2532.854867180012,-0.99636976,-0.0067461799999999,0.0240043799999983,0.393429280000005,1.8998940999999752,4.658017800000004,2.9244702400006184,-4.094258180000867,6.745599660001429,99.8,31.66292462,88.13976101999386,118.42208385999086,112.60711259999132,134.41325459998964,354.52006035997266,1364.5287062399889,-0.9995626399999996,-0.0682807800000003,-0.0322449599999992,5.24710558,1.6655800400000207,2.014,-3.0,15.992235979999997,-94.24987400000008,99.8,30.884764500000003,38.49548756001005,34.37961778000897,36.8007179200096,22.032009000005758,82.55950556002155,1867.578781119994,537,X1.4949 Y1.6881 Z-0.0546
14:09:38.398,5,540,1.47377,1.67897,-0.0554,84.9948,59.53099,-27.39966,,185.42,0,0,,2,1,"{""sr"":{""mpox"":84.9948,""mpoy"":59.53099,""mpoz"":-27.39966,""mpoa"":0,""posx"":1.47377,""posy"":1.67897,""posz"":-0.0554,""posa"":0,""unit"":0,""stat"":5,""coor"":2,""momo"":1,""dist"":0,""home"":1,""mots"":1,""plan"":0,""line"":540,""path"":2,""frmo"":2,""prbe"":1,""safe"":0,""estp"":0,""spc"":1,""hold"":0,""macs"":5,""cycs"":1,""sps"":12000,""feed"":185.42,""mark"":1499779243}}",5.492734469523676,0.1922251474433622,0.2038083567824855,0.2028401333825,5.492734469523676,0.1922251474433622,0.2038083567824855,0.2028401333825,-0.9734926400000004,-0.0303603999999997,0.00359692,-5.313870280000009,-7.725569000000006,0.4788823599999987,-13.276730200000026,37.85099904000001,67.12772924000002,99.7,31.23702456,118.29939163999624,2.8713445599999083,2.297075719999927,2.297075719999927,6.316957959999798,1270.9348410399975,-0.98949896,0.0387506399999998,-0.0049467599999998,-1.522164920000001,-0.8537568399999993,0.893407080000003,-31.0,36.0,-38.48428124,99.8,31.68968524,77.43873920000075,53.27092496000044,56.66089292000046,57.91279364000045,173.6559853200014,1249.775094280001,-1.0211178400000005,0.1257278,-0.0053046,2.7656623999999987,1.701833480000002,3.925345479999999,-7.505595119999999,31.188459280000018,36.50559512,99.7,31.4969408,110.72534923999967,2.527976239999992,2.527976239999992,2.0223811199999937,6.067142719999981,1159.4327312000012,-0.985189399999996,0.2192179600000008,-0.0027926000000011,2.579389320000039,1.0380287200000011,1.4084272800000004,7.169939160000109,10.748597879999735,1.8000272000002755,99.7,36.29507968,96.8030318799966,123.5073235199957,95.1340265599967,81.78188123999715,271.39682699999054,1406.1868097999902,-1.0028016000000002,-0.0154657199999998,-0.0089258400000001,0.5507752800000044,1.6881190399999897,4.613582079999998,9.031566960000005,-14.0,23.0,99.8,31.67968428,93.2001343600068,58.53892736000427,55.072806560004025,66.24141744000484,172.92090976001262,1081.7437745199998,-1.00859028,-0.0735308800000001,0.0212637200000002,5.294998439999988,1.854346880000002,1.9545393600000005,-3.629884999999968,15.98738092,-94.74023000000008,99.8,30.87974764,119.892633759994,88.80113659999553,95.72986895999516,56.689630879997154,214.1482100799892,1259.9713723599982,540,X1.4712 Y1.6776 Z-0.0555
14:09:38.655,5,544,1.44854,1.66034,-0.05649,84.35395,59.05778,-27.42739,,185.42,0,0,,2,1,"{""sr"":{""mpox"":84.35395,""mpoy"":59.05778,""mpoz"":-27.42739,""mpoa"":0,""posx"":1.44854,""posy"":1.66034,""posz"":-0.05649,""posa"":0,""unit"":0,""stat"":5,""coor"":2,""momo"":1,""dist"":0,""home"":1,""mots"":1,""plan"":0,""line"":544,""path"":2,""frmo"":2,""prbe"":1,""safe"":0,""estp"":0,""spc"":1,""hold"":0,""macs"":5,""cycs"":1,""sps"":12000,""feed"":185.42,""mark"":1499779243}}",5.13575518390571,0.1981367732603451,0.2053768136473107,0.2125191788322244,5.13575518390571,0.1981367732603451,0.2053768136473107,0.2125191788322244,-1.022334,-0.0284415,0.026853,-5.204668,-7.6617445,0.5280255,-7.987068499999999,23.461881,40.280538,99.7,31.242719,102.9835425,2.5033745,2.0026995000000003,2.0026995000000003,5.507423499999999,1442.4925105,-0.991551,0.0417705,-0.0079975,-1.66517,-0.7964445,0.8507779999999999,-31.5012945,36.2224145,-38.8314615,99.8,31.69,65.16828,56.1449795,59.1527465,60.15533550000001,181.468595,1395.3181920000002,-0.998809,0.11391,-0.0123945,2.912596,1.709,4.042657,-7.0,31.2382295,37.501023,99.7,31.4924025,108.777019,2.494886,2.494886,1.9959085,5.987725500000001,1325.1224995,-1.038044,0.3023405,0.0104065,1.3613325,1.951799,1.4828435,6.802317,-3.9168405,3.2251255,99.7,36.29600799999999,82.176566,103.5922775,80.6824465,68.7294915,228.10222550000003,2296.9655325,-1.0006815,-0.0158155,-0.017921,0.2353535,1.692322,4.674806,9.5461765,-15.0,23.0,99.8,31.67,119.9228035,69.08018150000001,64.0909155,78.015758,203.2942355,1109.1253345,-1.0075845,-0.0789445,0.0213635,5.103163,1.8574665,2.0130195,-3.0197265,16.0,-94.964199,99.8,30.8849815,101.129339,69.2461975,74.726112,44.3374935,167.8846655,1432.556547,544,X1.4443 Y1.6561 Z-0.0567
14:09:38.912,5,547,1.42918,1.63591,-0.05767,83.86238,58.43732,-27.45723,,185.42,0,0,,2,1,"{""sr"":{""mpox"":83.86238,""mpoy"":58.43732,""mpoz"":-27.45723,""mpoa"":0,""posx"":1.42918,""posy"":1.63591,""posz"":-0.05767,""posa"":0,""unit"":0,""stat"":5,""coor"":2,""momo"":1,""dist"":0,""home"":1,""mots"":1,""plan"":0,""line"":547,""path"":2,""frmo"":2,""prbe"":1,""safe"":0,""estp"":0,""spc"":1,""hold"":0,""macs"":5,""cycs"":1,""sps"":12000,""feed"":185.42,""mark"":1499779243}}",5.312821588405811,0.2004704530496321,0.2045316374889905,0.2141529363667474,5.312821588405811,0.2004704530496321,0.2045316374889905,0.2141529363667474,-1.080707599999999,0.0336481200000004,0.0130528000000004,-5.094388880000007,-7.960226280000002,0.4437169600000033,-12.507392640000027,38.0,67.08270928,99.7,31.255753,87.06009864000377,2.123416880000092,1.6987335200000735,1.6987335200000735,4.671517480000203,2005.9237145599784,-0.99102888,0.0459585600000002,-0.0094727999999994,-1.5201777600000013,-0.8623302400000014,0.9160083999999974,-31.515907519999995,36.0,-39.0,99.8,31.69484092,84.12752779999934,57.9420982799996,60.52163623999958,61.39300935999955,186.0476354799987,1506.4214178799969,-0.9867819600000008,0.0612130799999989,-0.0027400000000004,2.7056883199999997,1.6780987199999968,3.946697920000001,-7.172210680000016,31.827789319999983,36.5050286,99.7,31.48837888,106.4188423600003,2.474856720000007,2.474856720000007,1.9798853200000055,5.939655960000017,1423.4542071199853,-0.9673576400000008,0.1565940800000008,-0.017086159999999,1.9039814399999864,1.5795881599999844,1.4353026800000028,9.679150000000003,6.546518959999824,10.683245520000249,99.7,36.3158298,67.97229612000328,87.44059892000423,67.84122540000328,57.8330343600028,192.39553220000928,1716.5735596000202,-1.002766959999999,-0.0151325999999996,0.0046358799999999,0.2228192399999896,1.8157928800000065,4.739902760000004,9.384701120000027,-14.0,22.384701120000027,99.8,31.67,118.13746587999464,80.60420843999634,75.06651487999659,91.06429667999588,237.50552987998924,1375.1128690800056,-1.00130808,-0.0842337199999989,0.0493155200000006,4.978004280000008,1.7128321600000058,1.996725360000004,-3.9752326400000015,16.0,-94.34601760000004,99.8,30.87975232,56.781873480004656,50.79758600000431,55.61779476000472,32.60433892000277,124.18830752001055,1348.995950560003,547,X1.4288 Y1.6353 Z-0.0577
14:09:39.170,5,551,1.41689,1.60732,-0.05876,83.55003,57.71116,-27.48496,,185.42,0,0,,2,1,"{""sr"":{""mpox"":83.55003,""mpoy"":57.71116,""mpoz"":-27.48496,""mpoa"":0,""posx"":1.41689,""posy"":1.60732,""posz"":-0.05876,""posa"":0,""unit"":0,""stat"":5,""coor"":2,""momo"":1,""dist"":0,""home"":1,""mots"":1,""plan"":0,""line"":551,""path"":2,""frmo"":2,""prbe"":1,""safe"":0,""estp"":0,""spc"":1,""hold"":0,""macs"":5,""cycs"":1,""sps"":12000,""feed"":185.42,""mark"":1499779243}}",5.195212911874753,0.184141689968891,0.195205159804367,0.2018453128275831,5.195212911874753,0.184141689968891,0.195205159804367,0.2018453128275831,-1.0267696000000002,-0.0370297999999994,0.0172376000000003,-5.197789200000009,-7.779114399999993,0.4468366000000018,-12.38416959999998,38.0,66.29063719999999,99.7,31.2461584,136.54168160000313,3.312983000000076,2.650386400000061,2.650386400000061,7.288563600000169,1223.74043139999,-0.9886676,0.0324918,-0.0002659999999998,-1.6532951999999954,-0.8214517999999997,0.9660724000000016,-31.911157000000014,35.978299800000016,-38.17768599999997,99.8,31.7,78.36000199999947,51.77357259999965,54.10571519999964,55.03857239999962,165.58214619999887,1201.939162999995,-1.0172611999999996,0.106055599999999,-0.0068125999999999,2.803778200000001,1.710633,3.9552902000000016,-7.0,31.0,36.0,99.7,31.5,111.08374400000024,3.080326800000007,2.566939000000006,2.0535512000000047,6.160654600000014,1067.5352991999926,-0.9698302000000004,0.3631174000000026,0.0127748000000007,1.1517587999999808,1.642993000000005,1.5465246000000024,5.476944999999932,5.70297339999977,4.881466800000424,99.7,36.2915898,114.22197260000284,141.93262900000352,109.4908848000027,93.94588280000232,311.5759134000077,1553.5431283999924,-1.0009176,-0.0150586,-0.0026759999999999,0.5541964000000039,1.7655135999999998,4.778761799999996,9.0,-14.0,23.817637000000023,99.8,31.6692648,55.52603099999482,35.09766319999683,33.12394379999704,39.851096399996415,104.16053859999062,1095.9144227999957,-1.010722,-0.0824572000000002,0.0191896000000002,5.11931940000001,1.7288253999999903,1.944733600000002,-3.0,16.0,-94.22083459999998,99.8,30.87,158.17058680000534,105.18733560000356,116.09565260000392,67.00822860000227,258.6829298000087,1148.1498647999874,551,X1.4158 Y1.6034 Z-0.0589
14:09:39.427,5,555,1.41232,1.57635,-0.05985,83.43396,56.92453,-27.51269,,185.42,0,0,,2,1,"{""sr"":{""mpox"":83.43396,""mpoy"":56.92453,""mpoz"":-27.51269,""mpoa"":0,""posx"":1.41232,""posy"":1.57635,""posz"":-0.05985,""posa"":0,""unit"":0,""stat"":5,""coor"":2,""momo"":1,""dist"":0,""home"":1,""mots"":1,""plan"":0,""line"":555,""path"":2,""frmo"":2,""prbe"":1,""safe"":0,""estp"":0,""spc"":1,""hold"":0,""macs"":5,""cycs"":1,""sps"":12000,""feed"":185.42,""mark"":1499779243}}",5.321638218157668,0.2103989477690691,0.2031358131589744,0.207429175595666,5.321638218157668,0.2103989477690691,0.2031358131589744,0.207429175595666,-1.0180583399999998,-0.0109234799999998,0.0076039199999999,-5.08355922,-7.721998020000001,0.5172616799999996,-12.98633872,38.0,65.98633871999999,99.7,31.24260188,53.07066604000063,1.3007519000000156,1.0406017200000124,1.0406017200000124,2.861654040000034,1825.9149712199996,-0.99231978,0.04709996,-0.0059755999999999,-1.53351258,-0.8151005800000001,0.9429772399999994,-32.0,35.45163524,-38.59225074,99.8,31.7,78.62749791999993,61.93877051999993,63.58386391999993,65.22895725999992,196.23523753999976,1373.9709216399992,-1.01209602,0.1212971400000001,-0.0123492799999999,2.9041098,1.6764333000000002,4.08629928,-7.0,32.0,36.49218964,99.7,31.50057312,103.49764202000006,2.395779140000001,2.395779140000001,1.9166227600000008,5.7498692200000034,1547.9261661799978,-0.92776262,0.3208507600000009,-0.0095004999999998,1.9899112800000032,1.5200733800000028,1.563818659999999,9.38360598,-3.5607875200000136,0.1815943400000155,99.7,36.30715194,42.126622680000594,48.76908166000071,37.38341900000054,31.927788980000464,106.69462692000158,2580.634114579999,-1.00107314,-0.0097435399999999,-0.00946428,0.3866636600000002,1.6289016200000013,4.59980316,9.08265608,-14.137383160000004,24.027928999999997,99.8,31.67082626,203.5774878799989,131.1177041799993,124.2167720399993,148.37003299999918,390.7652618999979,1202.5805621000002,-0.99731338,-0.0643437,0.02923148,5.082169120000001,1.6063561000000006,2.0119508,-3.0578686200000056,15.942131379999994,-94.09146516,99.8,30.8694213,18.6271470800011,12.222685020000704,13.62825362000079,7.774506500000451,30.241248480001744,1782.0963159200005,555,X1.4124 Y1.5691 Z-0.0601
14:09:39.685,5,558,1.41613,1.54515,-0.06094,83.53084,56.13212,-27.54042,,185.42,0,0,,2,1,"{""sr"":{""mpox"":83.53084,""mpoy"":56.13212,""mpoz"":-27.54042,""mpoa"":0,""posx"":1.41613,""posy"":1.54515,""posz"":-0.06094,""posa"":0,""unit"":0,""stat"":5,""coor"":2,""momo"":1,""dist"":0,""home"":1,""mots"":1,""plan"":0,""line"":558,""path"":2,""frmo"":2,""prbe"":1,""safe"":0,""estp"":0,""spc"":1,""hold"":0,""macs"":5,""cycs"":1,""sps"":12000,""feed"":185.42,""mark"":1499779243}}",5.519557147940092,0.2051089544940385,0.2038384876903206,0.2076910286214112,5.519557147940092,0.2051089544940385,0.2038384876903206,0.2076910286214112,-0.9842158999999988,-0.0343685999999997,0.0186956999999994,-5.28762349999997,-7.935488899999998,0.483289599999998,-12.494285800000013,38.0,66.57150540000005,99.7,31.2364872,147.84915149999523,3.571235199999885,2.856988299999908,2.856988299999908,7.856718099999747,1381.645943199993,-0.9898028,0.0332330999999999,-0.0035339,-1.6287321000000006,-0.7651149999999998,0.8842711999999983,-31.40160879999998,36.0,-39.290561099999934,99.8,31.7005552,72.11584560000068,53.08286290000056,53.99712730000057,55.36852430000059,168.04514850000183,1234.198257399996,-1.0248588999999997,0.1360815999999996,-0.0094262999999996,2.8374503,1.7153478000000029,3.914447200000003,-7.052031300000023,31.43076249999998,36.0,99.7,31.5048277,112.2337859999996,3.103238799999989,2.586031699999991,2.068825499999993,6.206476599999979,1233.650973499997,-1.0088324999999996,0.2936252000000007,0.0163319999999991,1.7818971000000343,1.4836346000000027,1.5025869999999908,9.8549067000001,12.235009100000328,13.202915799999998,99.7,36.31,122.07983009999582,148.5594229999949,113.27381269999611,97.07132589999668,322.9039202999889,1297.3817748000135,-1.0050618,-0.0008560999999999,0.0025688000000005,0.2980805000000116,2.109305699999993,4.668844599999994,9.0,-14.0,23.187907600000045,99.8,31.68,22.64312080000467,27.239844100005623,26.048101200005373,30.985322400006392,82.06003110001693,1041.4337844,-1.0145939,-0.0877849999999993,0.0298066999999996,5.15872080000001,1.5121468000000144,2.0826041000000024,-3.0035686000000017,16.0,-95.74355949999992,99.8,30.8786823,177.7502475999919,115.07133479999476,129.89158679999412,73.22948389999667,285.940129999987,1055.0864996000057,558,X1.4165 Y1.5435 Z-0.061
14:09:39.942,5,562,1.42801,1.51617,-0.06203,83.83261,55.39587,-27.56815,,185.42,0,0,,2,1,"{""sr"":{""mpox"":83.83261,""mpoy"":55.39587,""mpoz"":-27.56815,""mpoa"":0,""posx"":1.42801,""posy"":1.51617,""posz"":-0.06203,""posa"":0,""unit"":0,""stat"":5,""coor"":2,""momo"":1,""dist"":0,""home"":1,""mots"":1,""plan"":0,""line"":562,""path"":2,""frmo"":2,""prbe"":1,""safe"":0,""estp"":0,""spc"":1,""hold"":0,""macs"":5,""cycs"":1,""sps"":12000,""feed"":185.42,""mark"":1499779243}}",5.023173190769411,0.1964991852363516,0.194074426217577,0.20595549054294,5.023173190769411,0.1964991852363516,0.194074426217577,0.20595549054294,-1.0070283600000005,-0.03349504,0.0202582800000001,-5.2703741999999965,-7.761770640000005,0.5715323999999989,-13.010116999999989,37.81530872000001,67.0,99.7,31.2518468,73.8543027599987,1.7963260399999692,1.4370612399999756,1.4370612399999756,3.951918159999933,1970.9138935600056,-0.99045188,0.0417238799999999,-0.0099128,-1.5181399199999988,-0.9078948400000012,0.8377136000000007,-31.47065884,36.0,-38.866505280000005,99.8,31.71470624,77.28378296000018,63.52091696000015,63.52091696000015,64.57959952000016,200.09088964000048,1465.9272862400007,-0.99742356,0.12095884,-0.01059404,2.875980640000001,1.6785625599999985,3.959359360000001,-7.0,31.87474352000001,36.87474352000001,99.7,31.50509792,106.62561167999988,2.451039359999998,2.451039359999998,1.960831639999998,5.882494159999994,1805.0910649600016,-0.9810684399999996,0.2215930000000008,0.0119012800000006,1.2890673599999904,1.6768675199999985,1.53503592,7.099202319999995,3.8808391599999696,4.377146400000036,99.7,36.313464960000005,56.83266519999891,71.73391343999862,54.40688119999895,46.43644651999911,155.59674887999702,3116.144435640006,-1.0082117199999998,-0.0019666799999999,0.0098995599999999,0.4426810800000016,1.798536200000001,4.71880252,9.0,-13.30824267999999,22.61648535999998,99.8,31.68,156.071606800002,115.52082800000152,111.22276520000146,131.89487516000173,350.08449208000457,1314.588797840003,-1.0025064,-0.0796134800000001,0.02146528,5.20257776,2.161906320000004,1.9850314799999984,-3.2578385199999893,16.0,-94.48432220000002,99.8,30.87,50.02071375999796,33.51903543999864,38.160131879998445,21.400615039999128,83.7975877199966,2126.5180489200025,562,X1.4304 Y1.512 Z-0.0622
14:09:40.200,5,566,1.44684,1.49137,-0.06312,84.31098,54.76596,-27.59566,,185.42,0,0,,2,1,"{""sr"":{""mpox"":84.31098,""mpoy"":54.76596,""mpoz"":-27.59566,""mpoa"":0,""posx"":1.44684,""posy"":1.49137,""posz"":-0.06312,""posa"":0,""unit"":0,""stat"":5,""coor"":2,""momo"":1,""dist"":0,""home"":1,""mots"":1,""plan"":0,""line"":566,""path"":2,""frmo"":2,""prbe"":1,""safe"":0,""estp"":0,""spc"":1,""hold"":0,""macs"":5,""cycs"":1,""sps"":12000,""feed"":185.42,""mark"":1499779243}}",5.285849860803203,0.1929912914301331,0.1918825257497585,0.1958575732008532,5.285849860803203,0.1929912914301331,0.1918825257497585,0.1958575732008532,-1.0171813999999997,-0.0335011999999999,0.0212129999999999,-4.918571600000001,-7.754953600000003,0.3998169999999991,-13.0,37.445618400000015,67.38379559999996,99.7,31.2413752,113.64814659999683,2.771905999999923,2.217524799999939,2.217524799999939,6.098193399999831,1293.5421342000034,-0.9934598,0.049222,-0.0161749999999998,-1.547114599999998,-0.7345671999999983,0.9419344000000032,-32.0,36.0,-39.0,99.8,31.7148636,79.03340320000086,58.8477038000004,58.583490200000405,59.820393400000405,186.0057916000013,1182.903206399999,-1.0044169999999997,0.1103941999999996,-0.0129924,2.8075292000000003,1.7350152000000016,3.9584771999999977,-7.286759799999986,31.209379600000016,37.5038606,99.7,31.515039,109.33764959999972,2.5193009999999934,2.5193009999999934,2.015440399999995,6.046321799999984,1311.9651379999934,-0.9797814000000036,0.1073570000000039,0.0075838000000028,1.7835979999999634,1.4424281999999975,1.5372010000000076,10.103002800000118,-4.110373200000145,3.1556766000004277,99.7,36.3208064,88.67875039999734,115.40101639999652,88.67875039999734,75.95495359999772,252.67511819999245,1418.8620015999966,-1.0061784,-0.0077187999999999,0.0096560000000005,0.2856957999999954,1.5978792000000008,4.720966000000001,9.035668800000002,-14.415042600000024,23.584957399999976,99.8,31.689643200000003,53.54046680000303,68.48199220000387,65.57669540000371,77.61292460000439,207.93623060001175,1033.6983568000037,-1.0030408000000002,-0.0727500000000002,0.0110901999999997,5.160302799999998,1.8742638000000067,1.9445982000000035,-3.0152812000000013,16.0,-94.0,99.8,30.87,130.3840987999941,76.91741339999659,87.5696333999961,48.52677679999785,191.7246661999915,1219.7258379999953,566,X1.4527 Y1.4857 Z-0.0634
14:09:40.457,5,569,1.47171,1.47224,-0.06421,84.94252,54.28025,-27.62339,,185.42,0,0,,2,1,"{""sr"":{""mpox"":84.94252,""mpoy"":54.28025,""mpoz"":-27.62339,""mpoa"":0,""posx"":1.47171,""posy"":1.47224,""posz"":-0.06421,""posa"":0,""unit"":0,""stat"":5,""coor"":2,""momo"":1,""dist"":0,""home"":1,""mots"":1,""plan"":0,""line"":569,""path"":2,""frmo"":2,""prbe"":1,""safe"":0,""estp"":0,""spc"":1,""hold"":0,""macs"":5,""cycs"":1,""sps"":12000,""feed"":185.42,""mark"":1499779243}}",5.427424336741896,0.2006814750652344,0.2057542377997006,0.2098610290609249,5.427424336741896,0.2006814750652344,0.2057542377997006,0.2098610290609249,-0.97131162,-0.0304601800000002,0.0085318399999997,-5.510202339999989,-7.634913260000012,0.5252983999999932,-12.894381239999994,37.0,66.41763869999998,99.7,31.24046504,108.00228731999717,2.6162873799999304,2.0930299199999443,2.0930299199999443,5.755833219999847,1547.5585406600096,-0.98839138,0.0380864399999998,0.00748134,-1.5322666800000024,-0.7992666800000026,0.916,-31.299089799999987,36.0,-37.90446802000002,99.8,31.71700894,84.05258794000048,60.67701582000035,60.17966344000035,61.174368740000354,190.9833950800011,1325.4079199600014,-1.0160543999999998,0.12865932,-0.0117836199999999,2.794619519999999,1.6003804800000008,3.858380480000001,-8.0,31.499321440000003,36.78200289999999,99.7,31.51001328,108.20849721999971,2.5033918799999944,2.5033918799999944,2.002713319999996,6.008140419999987,1236.7326854400003,-0.9359553600000003,0.3088422000000063,0.0131466199999996,1.6761573000000147,1.8044976199999971,1.584334920000002,15.034189620000037,13.015481299999726,12.636359840000122,99.7,36.31521858,86.62642221999748,100.19441609999708,78.79873349999772,68.36181499999802,224.91559025999348,2009.0505616799992,-1.01056314,-0.0114831200000001,0.00902754,0.2539270799999898,1.840509140000009,4.780964680000002,10.0,-14.954481780000002,24.95448178,99.8,31.68418324,97.88682530000476,76.9985931200035,73.75166422000335,87.20322572000397,233.3150141600106,1521.1927095000142,-0.9996631800000004,-0.0785965800000001,0.0249638800000003,5.1997975199999935,1.7981273000000015,2.099668600000002,-3.018901079999999,16.0,-94.98109892,99.8,30.86557802,98.61846417999568,69.51793385999694,79.21811029999652,43.65079547999808,173.52538529999237,1537.8704897600028,569,X1.474 Y1.4709 Z-0.0643
14:09:40.714,5,573,1.50047,1.46036,-0.06529,85.67298,53.97834,-27.65091,,185.42,0,0,,2,1,"{""sr"":{""mpox"":85.67298,""mpoy"":53.97834,""mpoz"":-27.65091,""mpoa"":0,""posx"":1.50047,""posy"":1.46036,""posz"":-0.06529,""posa"":0,""unit"":0,""stat"":5,""coor"":2,""momo"":1,""dist"":0,""home"":1,""mots"":1,""plan"":0,""line"":573,""path"":2,""frmo"":2,""prbe"":1,""safe"":0,""estp"":0,""spc"":1,""hold"":0,""macs"":5,""cycs"":1,""sps"":12000,""feed"":185.42,""mark"":1499779243}}",5.065664649516233,0.1938163102731634,0.1956232423314933,0.2062120619000044,5.065664649516233,0.1938163102731634,0.1956232423314933,0.2062120619000044,-0.9718811999999998,-0.0387158399999977,0.0036296799999999,-4.933685159999989,-8.215772480000007,0.2789520399999894,-7.757967640000442,22.604480200001305,39.45926088000223,99.7,31.2392736,83.066051879993,2.01616655999983,1.6129332399998642,1.6129332399998642,4.838798719999592,1301.5893677199886,-0.99187188,0.0483014799999999,-0.0257976400000009,-1.562367120000002,-0.8362709999999995,0.9593936000000034,-31.62390491999997,35.85685952000003,-37.623904919999966,99.8,31.71480756,82.80818972000078,63.346694480000814,62.68431912000083,63.86593004000081,198.8670822800025,1086.7624146799994,-0.9963587999999992,0.1203901200000008,-0.0073354399999995,2.8926732800000075,1.635746959999996,3.9754986799999976,-7.0,32.0,37.506828160000005,99.7,31.51694048,108.49787687999942,2.465860879999987,2.465860879999987,1.9726890399999892,5.918066119999968,1190.3095032799974,-0.9389595999999988,0.2503090800000099,-0.0271606400000015,2.5047414000000625,1.480261640000008,1.558056040000005,4.6145961199995496,3.237145319999204,-1.0325046399995117,99.7,36.30857404,66.0616757199939,78.81024203999287,61.62103515999444,52.89951427999523,173.36655583998436,1618.2458439999943,-1.012253960000001,-0.0100668000000001,0.009242680000004,0.4372297599999958,1.7086963199999905,4.82230368000001,10.0,-14.938512359999995,23.709318400000058,99.8,31.6670432,139.93153800001105,107.53997788000852,103.00515988000812,121.79226432000962,326.5069215600258,1013.660974199996,-1.0133614799999997,-0.0821737600000001,0.0356472799999998,5.209599439999996,1.688325519999993,1.9952742400000036,-2.1026062400001817,11.08828704000096,-65.8131518400057,99.8,30.87,40.41625251999331,42.308440839992606,48.58860055999149,26.77331067999532,106.10163767998144,1163.3062681999904,573,X1.5063 Y1.4589 Z-0.0655
14:09:40.972,5,576,1.53152,1.45631,-0.06638,86.46179,53.87554,-27.67864,,185.42,0,0,,2,1,"{""sr"":{""mpox"":86.46179,""mpoy"":53.87554,""mpoz"":-27.67864,""mpoa"":0,""posx"":1.53152,""posy"":1.45631,""posz"":-0.06638,""posa"":0,""unit"":0,""stat"":5,""coor"":2,""momo"":1,""dist"":0,""home"":1,""mots"":1,""plan"":0,""line"":576,""path"":2,""frmo"":2,""prbe"":1,""safe"":0,""estp"":0,""spc"":1,""hold"":0,""macs"":5,""cycs"":1,""sps"":12000,""feed"":185.42,""mark"":1499779243}}",4.977503446623444,0.1974578910736122,0.2063988773709655,0.2043374355768161,4.977503446623444,0.1974578910736122,0.2063988773709655,0.2043374355768161,-0.9650132000000012,-0.0287527199999995,0.0001795200000001,-4.844173280000007,-8.034826719999993,0.2242904000000082,-13.313396520000024,37.0,66.0,99.7,31.24903564,142.09023295999552,3.433015719999892,2.746413079999913,2.746413079999913,8.23923855999974,2444.4146192399853,-0.9900318800000002,0.0417718400000003,-0.0174704400000006,-1.4604898800000006,-0.8128563599999997,0.9768758799999968,-31.92883983999998,35.92883983999998,-38.07394164,99.8,31.72,68.52831288000064,56.026526560000526,55.56349696000053,56.95258476000054,177.34016248000168,1772.7651671200051,-1.0155476,0.1159100400000005,-0.0251490399999996,2.808,1.70713488,3.8839345600000015,-7.0,31.923220159999985,36.51528756,99.7,31.51923216,113.13285643999956,2.576436279999992,2.576436279999992,2.061148719999993,6.18344699999998,2004.937147040003,-1.0325326399999908,0.2747993200000035,0.1048919999999986,3.788486079999925,0.8560924800000063,1.6201043999999905,8.566846839999934,-5.005224680000009,3.7592814400000094,99.7,36.291272,119.576706359996,146.14930711999514,113.9824741199962,99.29761571999668,323.7661690399892,2701.785584480004,-0.99995468,0.0004633199999996,-0.016222200000001,0.4297424800000077,2.025725679999989,4.75621032,2.165178880000328,-3.1411751200004563,5.306353840000785,99.8,31.68854144,49.24881000000669,37.24536544000541,35.674777800005174,42.40586792000616,113.30668364001642,1586.230774600003,-1.0034060799999998,-0.07795852,0.0406141600000007,5.120130799999995,2.136548519999986,2.0199766,-3.186942440000037,15.967339960000002,-95.0,99.8,30.87154288,116.26725515999472,104.07138911999527,119.51948655999458,65.85767587999702,260.9915305199882,1913.019085080001,576,X1.532 Y1.4563 Z-0.0664
14:09:41.228,5,580,1.56237,1.46052,-0.06747,87.24524,53.98251,-27.70615,,185.42,0,0,,2,1,"{""sr"":{""mpox"":87.24524,""mpoy"":53.98251,""mpoz"":-27.70615,""mpoa"":0,""posx"":1.56237,""posy"":1.46052,""posz"":-0.06747,""posa"":0,""unit"":0,""stat"":5,""coor"":2,""momo"":1,""dist"":0,""home"":1,""mots"":1,""plan"":0,""line"":580,""path"":2,""frmo"":2,""prbe"":1,""safe"":0,""estp"":0,""spc"":1,""hold"":0,""macs"":5,""cycs"":1,""sps"":12000,""feed"":185.42,""mark"":1499779243}}",5.45178665738032,0.1985201877898314,0.1996995424071617,0.2033993003009196,5.45178665738032,0.1985201877898314,0.1996995424071617,0.2033993003009196,-0.9694126400000016,-0.0351604399999999,0.0043152400000008,-5.0626112399999785,-7.861687080000014,0.2896972399999984,-13.259901440000034,37.0,67.73106047999995,99.7,31.25,52.43049920000518,1.254317840000124,1.0034544800000988,1.0034544800000988,3.0103634000002977,1587.0129004400037,-0.989476,0.0431214799999996,0.0165531199999999,-1.613293839999999,-0.7046217199999997,0.8777699600000034,-31.466601920000024,35.46660192000003,-38.53339807999997,99.8,31.72448848,85.75233443999895,66.6922862799994,66.14111051999939,67.79463871999937,211.1003785599981,1516.476622719999,-1.0264503999999997,0.1264270799999995,-0.0065352,2.779660600000004,1.6779878400000043,3.8511711600000034,-7.478087280000002,31.497199040000023,37.52191272,99.7,31.540056,103.74496572000044,2.3904373600000106,2.3904373600000106,1.9123500800000084,5.737049280000026,1504.2122033599962,-0.8611016800000033,0.3897193199999997,-0.019667959999999,1.2395126399999672,1.7569375199999877,1.2408365600000082,14.174402600000002,14.159205479999908,19.96868779999957,99.7,36.30769796,37.89566744000477,44.02329120000515,35.2456591200041,30.444043440003576,98.0066760000115,1846.9463176799843,-1.01749772,-0.0067448799999997,0.0137448799999997,0.3101734399999998,1.794062800000007,4.714792400000005,9.036446680000042,-14.878750759999962,23.12124924000004,99.8,31.69,180.14387755999235,145.87260399999377,140.60010027999402,166.08386799999292,444.6478152799811,1194.033670400005,-1.0116576399999992,-0.0720440799999997,0.047374079999997,5.470978999999987,1.4254566800000072,2.1881912399999948,-3.033787199999998,16.927798559999957,-94.07682848000007,99.8,30.87067584,10.905144600005707,9.31393248000542,10.613550640006162,5.882069920003405,23.24873092001353,1472.1343495199865,580,X1.5661 Y1.4615 Z-0.0676
14:09:41.487,5,584,1.59132,1.47269,-0.06856,87.98064,54.29168,-27.73388,,185.42,0,0,,2,1,"{""sr"":{""mpox"":87.98064,""mpoy"":54.29168,""mpoz"":-27.73388,""mpoa"":0,""posx"":1.59132,""posy"":1.47269,""posz"":-0.06856,""posa"":0,""unit"":0,""stat"":5,""coor"":2,""momo"":1,""dist"":0,""home"":1,""mots"":1,""plan"":0,""line"":584,""path"":2,""frmo"":2,""prbe"":1,""safe"":0,""estp"":0,""spc"":1,""hold"":0,""macs"":5,""cycs"":1,""sps"":12000,""feed"":185.42,""mark"":1499779243}}",5.151187626395396,0.1887899880684438,0.1986516683988469,0.202710693122998,5.151187626395396,0.1887899880684438,0.1986516683988469,0.202710693122998,-1.0098614599999995,-0.0345217000000003,0.0165392599999997,-5.161320140000005,-8.111417620000003,0.4454538199999988,-13.892092620000026,37.0,66.89209262000003,99.7,31.24,145.77364612000386,3.4874075000000926,2.789926000000074,2.789926000000074,8.369778860000222,1447.2922621800012,-0.9926912400000002,0.04092296,-0.0113801600000002,-1.5168382399999991,-0.7694412800000041,1.0706189800000054,-32.0,35.615325439999985,-37.23180094000003,99.8,31.72462462,76.53374181999943,55.87894595999958,55.95672407999955,56.88162857999955,177.19699549999856,1312.8900296000018,-1.0071954999999997,0.1309143800000002,-0.00699292,2.9004697800000003,1.699186279999996,3.87453022,-6.927146660000018,31.48409588,37.51590412,99.7,31.53515892,112.98306510000032,2.5795223200000077,2.5795223200000077,2.0636173400000057,6.190852740000017,1253.1638232200028,-0.9608987399999986,0.2351284999999975,-0.0142537200000015,2.102195800000028,1.5243275999999892,1.4499010600000062,5.2185879599999065,8.226176120000442,1.7151926999998053,99.7,36.32,117.14975420000329,149.0339132600042,117.12081382000328,102.21452794000288,332.1682765000093,1626.2896206000046,-1.0102787600000005,-0.0060941999999997,0.0151080600000003,0.4735772199999938,1.6269732400000023,4.9678057400000055,9.215606039999969,-15.0,25.0,99.8,31.7,22.967010359996824,33.9423954399953,32.5196604799955,38.61709723999466,103.4531700999857,1079.546527799999,-0.9964105999999996,-0.0748363599999998,0.0300095600000003,5.238079440000002,1.7690169200000003,1.963592819999998,-3.0,16.0,-95.0,99.8,30.86184364,111.34881916000424,108.12936550000408,122.26865718000462,69.0330115400026,269.4890055600102,1361.673908200003,584,X1.5972 Y1.4764 Z-0.0688
14:09:41.744,5,587,1.61579,1.49191,-0.06964,88.60231,54.77985,-27.7614,,185.42,0,0,,2,1,"{""sr"":{""mpox"":88.60231,""mpoy"":54.77985,""mpoz"":-27.7614,""mpoa"":0,""posx"":1.61579,""posy"":1.49191,""posz"":-0.06964,""posa"":0,""unit"":0,""stat"":5,""coor"":2,""momo"":1,""dist"":0,""home"":1,""mots"":1,""plan"":0,""line"":587,""path"":2,""frmo"":2,""prbe"":1,""safe"":0,""estp"":0,""spc"":1,""hold"":0,""macs"":5,""cycs"":1,""sps"":12000,""feed"":185.42,""mark"":1499779243}}",5.388814352339739,0.2014458809618192,0.2050761130090659,0.2108824405730093,5.388814352339739,0.2014458809618192,0.2050761130090659,0.2108824405730093,-1.0125181999999984,-0.0247811600000009,0.0186905999999994,-4.880543479999984,-8.01268392000002,0.3527842800000032,-13.216650279999948,37.0,66.40174240000009,99.7,31.22979868,79.97264599999218,1.9080377599998144,1.5264307199998512,1.5264307199998512,4.579291879999554,1551.9210512799991,-0.9906643199999996,0.0403827199999996,-0.0116304799999999,-1.697954200000001,-0.7515451200000018,0.9375886399999964,-32.0,36.0,-38.046447360000016,99.8,31.73,86.85511512000127,62.78683032000093,63.31005364000094,64.35650100000095,200.91785568000296,1394.585673479988,-0.9950898000000002,0.1275324800000002,-0.0187601200000001,2.877928359999998,1.730076560000002,3.9870854000000016,-7.0,31.65448783999997,38.146365239999966,99.7,31.54345528,107.5748194399994,2.459387999999985,2.1138758399999524,1.9675103199999884,5.557018359999932,1534.39697607999,-0.7665251199999985,0.3684204000000036,-0.0361010799999961,1.2712123599999527,1.6670043999999984,1.5153409600000023,8.123603920000063,-5.161879840000671,14.850333280000696,99.7,36.33797824,63.23457191999316,76.91690563999167,60.64602191999344,53.25016595999424,171.9536599599814,2457.575621439977,-1.0054506400000005,-0.0045184799999993,0.0058016800000006,0.2849808400000144,1.9125354799999743,4.858986200000004,10.0,-14.680277120000056,23.34437015999994,99.8,31.7102464,102.02185876000776,114.26194964000943,109.52465552000903,129.95762392001072,347.6710272800287,1199.7117356799904,-1.0072975600000007,-0.0744142400000001,0.0323450799999992,5.232031800000003,1.7993496800000195,2.056229440000004,-3.0098492799999974,15.692287920000066,-95.39442440000012,99.8,30.8730772,38.72217475999179,39.31790079999166,44.08370679999064,25.020482079994697,97.69902559997928,1608.5614489999848,587,X1.617 Y1.4931 Z-0.0697
14:09:42.002,5,591,1.63457,1.51698,-0.07073,89.07912,55.41648,-27.78913,,185.42,0,0,,2,1,"{""sr"":{""mpox"":89.07912,""mpoy"":55.41648,""mpoz"":-27.78913,""mpoa"":0,""posx"":1.63457,""posy"":1.51698,""posz"":-0.07073,""posa"":0,""unit"":0,""stat"":5,""coor"":2,""momo"":1,""dist"":0,""home"":1,""mots"":1,""plan"":0,""line"":591,""path"":2,""frmo"":2,""prbe"":1,""safe"":0,""estp"":0,""spc"":1,""hold"":0,""macs"":5,""cycs"":1,""sps"":12000,""feed"":185.42,""mark"":1499779243}}",5.16325826670486,0.1900850454994762,0.1853786478579212,0.2055535747641103,5.16325826670486,0.1900850454994762,0.1853786478579212,0.2055535747641103,-1.01475196,0.0176329200000004,0.0068881199999999,-5.307585120000002,-7.783956359999999,0.4394669600000011,-12.787542880000004,36.66080312,67.0,99.7,31.24534076,111.08511560000063,2.6703152400000154,2.1362518800000125,2.1362518800000125,6.408756640000037,2012.5182118,-0.99161076,0.0443478,-0.0012039199999999,-1.465,-0.7938213999999997,0.9167938400000004,-32.0,35.247078720000005,-39.50940924,99.8,31.73752928,75.07726823999987,58.83961879999992,60.06966215999992,61.05441091999992,189.56409831999972,1707.8418675199994,-1.06946124,0.1607144400000003,-0.02776284,2.83836508,1.7744964000000008,3.90626984,-6.49778868,32.0,37.76953460000001,99.7,31.55271712,108.97984788000004,2.511056040000001,2.008844720000001,2.008844720000001,5.524323840000003,1860.9680509199984,-0.9367749999999994,0.3021526000000009,-0.0235374400000001,2.53770744,1.561350760000001,1.4081633600000003,10.39762583999999,13.875975559999976,12.190778279999984,99.7,36.34443016,91.51753120000056,113.85967112000073,89.28993248000054,78.60743788000049,254.3344795600016,2322.46876012,-1.00136096,-0.0100931199999999,0.0153076800000001,0.4200153599999982,1.7785131200000026,4.81960024,9.0,-14.551865880000005,23.0,99.8,31.71487488,108.44856035999888,75.73473807999922,72.59779679999924,86.04183271999909,230.3411570799976,1626.0262216399988,-1.00228532,-0.0893323999999999,0.0232339199999999,5.244223480000002,1.7943041200000005,2.10209948,-3.0,16.0,-95.0,99.8,30.89,60.09420364000056,74.4858277200007,82.80630052000078,47.25422524000045,183.9679838000017,1758.174181199999,591,X1.6369 Y1.5212 Z-0.0709
14:09:42.259,5,595,1.6462,1.54587,-0.07182,89.37461,56.15039,-27.81664,,185.42,0,0,,2,1,"{""sr"":{""mpox"":89.37461,""mpoy"":56.15039,""mpoz"":-27.81664,""mpoa"":0,""posx"":1.6462,""posy"":1.54587,""posz"":-0.07182,""posa"":0,""unit"":0,""stat"":5,""coor"":2,""momo"":1,""dist"":0,""home"":1,""mots"":1,""plan"":0,""line"":595,""path"":2,""frmo"":2,""prbe"":1,""safe"":0,""estp"":0,""spc"":1,""hold"":0,""macs"":5,""cycs"":1,""sps"":12000,""feed"":185.42,""mark"":1499779243}}",5.088083210873957,0.193232843427559,0.1869130539136282,0.1982258295035981,5.088083210873957,0.193232843427559,0.1869130539136282,0.1982258295035981,-0.9940924600000012,-0.0253815199999996,0.0138773800000005,-5.221243479999999,-7.8077391600000094,0.492716319999991,-13.551305620000033,36.09628626000001,66.90371373999999,99.7,31.23448688,112.90727013999552,2.724903199999892,2.179922559999913,2.179922559999913,6.53976709999974,1219.8639971599998,-0.9895337600000002,0.0397090599999997,-0.008,-1.4679456600000036,-0.8032524800000017,0.9572904400000014,-31.323110459999977,36.0,-38.371399280000034,99.8,31.74,79.08157174000073,58.45159694000055,59.92516606000056,60.90754586000056,189.59929634000176,1162.903186760004,-1.0113358799999994,0.139701560000001,-0.0036055199999999,2.856475119999999,1.7518680199999952,3.8209226800000033,-6.697305540000021,32.0,37.80536955999997,99.7,31.53794668,109.98308453999964,2.513374599999991,2.0106996599999927,2.0106996599999927,5.52942371999998,1171.441892400005,-0.921336760000004,0.1925828599999989,-0.0181856399999988,2.1084447399999986,1.2152387399999856,1.3284849600000068,8.547573780000072,3.8668756799998634,-8.491043019999564,99.7,36.33784814,97.04502383999584,118.97610297999492,93.207085599996,81.69326871999651,264.8177779599887,1885.1620702999817,-1.0014315,-0.0102765599999997,0.0054156600000006,0.6326718000000061,1.6838391800000048,4.807104619999994,9.431079180000031,-15.0,23.38203032000004,99.8,31.715689,89.87861374000701,72.90141438000555,69.83481226000531,83.19826326000634,222.4368086000169,1073.878570439996,-0.9998964800000004,-0.0734689800000003,0.0397551999999999,5.278011540000014,1.711673059999988,2.0838010199999952,-3.0,16.0,-95.38207960000004,99.8,30.88404964,50.34827571999677,78.38311035999496,85.82092385999448,49.77613587999681,191.66673043998767,1287.2862207799917,595,X1.6479 Y1.5539 Z-0.0721
14:09:42.515,5,598,1.6497,1.57707,-0.07301,89.46351,56.94288,-27.84691,,185.42,0,0,,2,1,"{""sr"":{""mpox"":89.46351,""mpoy"":56.94288,""mpoz"":-27.84691,""mpoa"":0,""posx"":1.6497,""posy"":1.57707,""posz"":-0.07301,""posa"":0,""unit"":0,""stat"":5,""coor"":2,""momo"":1,""dist"":0,""home"":1,""mots"":1,""plan"":0,""line"":598,""path"":2,""frmo"":2,""prbe"":1,""safe"":0,""estp"":0,""spc"":1,""hold"":0,""macs"":5,""cycs"":1,""sps"":12000,""feed"":185.42,""mark"":1499779243}}",5.352900942828163,0.2050822003028576,0.2025780129614807,0.2037952922767547,5.352900942828163,0.2050822003028576,0.2025780129614807,0.2037952922767547,-1.0003379000000008,-0.0182638000000015,0.0253254,-5.065095600000007,-7.904375899999992,0.2885036000000029,-13.0,36.60964069999999,66.45820070000002,99.7,31.2252603,81.19472210000323,1.951796500000078,1.5614372000000625,1.5614372000000625,4.684310900000187,1364.3083344000054,-0.9909045999999998,0.0432035,-0.0009865,-1.3916475999999995,-0.8622476000000008,0.9741338000000004,-16.618835499999886,18.4553743999999,-20.15027959999985,99.8,31.74,79.31389789999953,61.772489499999615,64.3899679999996,64.9134634999996,202.59282489999876,1233.0928858999955,-1.0208512999999997,0.0947406999999998,-0.0119066,2.7644987000000016,1.7437520999999976,3.906,-7.0,31.856569099999987,38.5078747,99.7,31.53,105.80703850000026,2.460628500000006,1.968503200000005,1.968503200000005,5.413383300000013,1276.5992762999958,-0.9095114999999988,0.1468710000000054,-0.0389616000000011,2.8184253999999407,1.3661445999999822,1.3633265000000032,9.337072800000106,0.4061319000002006,7.144724499999688,99.7,36.3323862,65.90577390000291,83.93846770000366,65.57255920000287,57.39346340000252,186.24284390000813,1485.6011103000023,-1.0056002000000002,-0.0268765999999999,0.0021556999999999,0.1473479000000097,1.769374300000002,4.805380599999999,9.272449500000024,-15.0,22.46309800000002,99.8,31.71,123.50420109999568,112.88018369999604,107.56817499999622,128.1522084999955,343.288558499988,1175.5159345000077,-1.010733,-0.0766484000000007,0.0112426999999998,5.332626899999997,1.6461674000000046,2.099234799999997,-0.9435960000000788,5.320684200000446,-29.30418220000243,99.8,30.8868543,45.624638400004,43.43175950000363,47.49431550000397,27.705164600002306,106.04996360000884,1252.9000044000036,598,Y1.5797 Z-0.0731
14:09:42.772,5,602,1.64514,1.60784,-0.07409,89.34758,57.72428,-27.87443,,185.42,0,0,,2,1,"{""sr"":{""mpox"":89.34758,""mpoy"":57.72428,""mpoz"":-27.87443,""mpoa"":0,""posx"":1.64514,""posy"":1.60784,""posz"":-0.07409,""posa"":0,""unit"":0,""stat"":5,""coor"":2,""momo"":1,""dist"":0,""home"":1,""mots"":1,""plan"":0,""line"":602,""path"":2,""frmo"":2,""prbe"":1,""safe"":0,""estp"":0,""spc"":1,""hold"":0,""macs"":5,""cycs"":1,""sps"":12000,""feed"":185.42,""mark"":1499779243}}",5.152070417369946,0.2017778784874949,0.2019736239335205,0.2061313509543708,5.152070417369946,0.2017778784874949,0.2019736239335205,0.2061313509543708,-1.0013807199999991,-0.0387771200000003,0.0290341600000008,-5.486886360000052,-7.540612519999951,0.6054508000000317,-9.574156560000628,24.748129480001552,45.305418240002886,99.7,31.2366318,142.81679428000908,3.4322285200002183,2.7457828800001747,2.7457828800001747,8.237348480000524,1268.592999119998,-0.9872956800000005,0.0399292399999995,0.0032355999999995,-1.4978966800000004,-0.7891678800000054,1.0007908400000016,-32.0,35.60998075999998,-39.0,99.8,31.74468552,73.25355399999853,54.36427299999891,56.66784383999887,57.58927243999885,178.75710055999642,1300.0929182000025,-1.0079643199999988,0.1254209599999983,-0.0181107999999999,2.8421115999999977,1.6996964800000047,3.978874879999992,-3.102292440000023,16.545558320000126,20.088640080000182,99.7,31.55406656,112.48783872000094,2.5852433600000198,2.068194960000016,2.068194960000016,5.687535800000043,1298.929166720002,-0.9420699999999964,0.2577014400000101,-0.0152606399999982,4.103361360000008,0.953451000000014,1.4390591200000078,8.745824000000127,9.618186599999966,21.01474812000073,99.7,36.33302564,122.05485872000814,154.1378506000103,119.962490240008,105.31590704000703,342.4510618800229,1461.6858016799972,-1.0064889599999989,-0.0120560000000005,0.0112271999999992,0.1976714000000066,1.858228679999992,4.724343160000007,10.0,-14.854100640000071,23.63091692000014,99.8,31.70145904,44.01044255998757,37.94115271998893,36.37886999998936,43.15165151998741,115.54031027996626,1118.7672264000078,-1.0056797200000007,-0.0765343200000003,0.0268540800000015,4.970364120000047,1.7298571599999857,2.039568840000013,-3.0,16.816343040000074,-94.81634304000008,99.8,30.88846208,78.36890180000708,115.1043246800104,124.08409456001118,73.47084576000664,278.37287056002515,1287.4737317600125,602,X1.6434 Y1.6136 Z-0.0743
14:09:43.031,5,605,1.63254,1.63658,-0.07518,89.02761,58.45446,-27.90216,,185.42,0,0,,2,1,"{""sr"":{""mpox"":89.02761,""mpoy"":58.45446,""mpoz"":-27.90216,""mpoa"":0,""posx"":1.63254,""posy"":1.63658,""posz"":-0.07518,""posa"":0,""unit"":0,""stat"":5,""coor"":2,""momo"":1,""dist"":0,""home"":1,""mots"":1,""plan"":0,""line"":605,""path"":2,""frmo"":2,""prbe"":1,""safe"":0,""estp"":0,""spc"":1,""hold"":0,""macs"":5,""cycs"":1,""sps"":12000,""feed"":185.42,""mark"":1499779243}}",5.156793162959831,0.1962588807614508,0.2021928555000792,0.1839782324429832,5.156793162959831,0.1962588807614508,0.2021928555000792,0.1839782324429832,-1.0256432999999998,-0.0394962400000001,0.0292101999999998,-4.946324080000035,-8.065342899999994,0.3645485200000168,-13.984526319999928,36.22470713999998,66.75981917999995,99.7,31.23,50.1823274800106,1.2009040800002553,0.9607232600002042,0.9607232600002042,2.86669708000054,1793.1615168000033,-0.9940455,0.0409725800000004,0.0006762399999995,-1.6142560600000009,-0.8533185999999968,0.8546925800000033,-32.0,36.0,-38.55317237999999,99.8,31.75,83.52909597999837,64.72122013999875,68.04025641999868,69.14660217999867,215.18422679999583,1591.6917358800015,-1.0247816200000002,0.1314654999999999,-0.0034183599999999,2.8706154199999934,1.8035595199999928,4.066995240000004,-6.476321860000004,32.0,38.45544057999991,99.7,31.5398956,102.88554480000094,2.381610320000022,1.9052874600000176,1.9052874600000176,5.239541520000048,2322.305573480014,-0.7721256000000248,0.2797111000000022,-0.0304175799999993,2.8972431800000744,1.73576805999993,1.4105419600000202,8.326655079999759,2.4715344199990024,-6.571013439998667,99.7,36.3499591,38.1052153200096,48.61699862001225,37.88621960000955,33.068318880008334,107.9647772200272,3125.3292313399784,-1.0086784599999996,-0.0097272600000005,0.0133484799999964,0.5901638399999827,1.7378371799999754,4.8154997599999945,9.001838340000008,-15.0,23.89528277999992,99.8,31.70895304,116.600019859991,153.09520887998684,145.93294567998748,173.6867147199851,465.54892941996,1486.1499724599903,-1.0087806399999997,-0.0700560600000001,-0.0006118399999993,5.1240810399999965,1.5904956800000063,2.0074411799999896,-3.0,16.0,-94.0,99.8,30.89,6.606397320010584,7.743564600012406,8.285072700013274,4.981874040007981,18.68202664002993,2267.688903519981,605,X1.6323 Y1.637 Z-0.0752
14:09:43.289,5,609,1.613,1.66083,-0.07627,88.53132,59.07041,-27.92967,,185.42,0,0,,2,1,"{""sr"":{""mpox"":88.53132,""mpoy"":59.07041,""mpoz"":-27.92967,""mpoa"":0,""posx"":1.613,""posy"":1.66083,""posz"":-0.07627,""posa"":0,""unit"":0,""stat"":5,""coor"":2,""momo"":1,""dist"":0,""home"":1,""mots"":1,""plan"":0,""line"":609,""path"":2,""frmo"":2,""prbe"":1,""safe"":0,""estp"":0,""spc"":1,""hold"":0,""macs"":5,""cycs"":1,""sps"":12000,""feed"":185.42,""mark"":1499779243}}",5.481834878930759,0.198759501566849,0.2011056149509207,0.2022650806496171,5.481834878930759,0.198759501566849,0.2011056149509207,0.2022650806496171,-0.9688552399999998,-0.0444907400000001,-0.00663146,-4.896416180000003,-7.910986299999999,0.3490859400000008,-13.190414660000002,37.0,67.0,99.7,31.23861364,138.21481990000095,3.354728440000023,2.6837828800000185,2.6837828800000185,7.38040326000005,1556.3517423400008,-0.98977572,0.04323762,-0.01656268,-1.5390652599999983,-0.8150054799999996,0.854,-31.899946820000004,36.0,-39.27601708,99.8,31.76,67.04930869999977,53.59718251999988,56.831495459999886,57.75558455999988,180.19742401999963,1281.07923114,-1.00502008,0.1366367399999999,-0.00800588,2.81767824,1.8270342400000004,3.947052099999999,-6.607962919999996,31.48568514,37.48568514,99.7,31.54093654,111.60638378000009,2.571576120000002,2.0572604400000016,2.0572604400000016,5.657466100000004,1542.767414559999,-0.9217603600000004,0.2387795200000016,0.0092296800000003,1.9002137200000015,1.4644648399999982,1.5130587000000024,9.732403359999983,1.6223905399999887,9.439307039999823,99.7,36.3365231,120.65738666000088,153.70486830000112,119.24189356000088,104.76744352000075,340.4941924000025,2339.1999394400045,-1.00212282,-0.01417962,-0.0094850000000002,0.546490040000002,1.671190619999999,4.656340079999999,9.236309399999994,-15.0,23.0,99.8,31.71,58.60474151999826,40.6452238599988,38.75474847999885,46.08034141999863,123.58983919999632,1146.056769740002,-0.99800912,-0.07217916,0.0031487999999999,5.095181779999997,1.6585009600000018,2.1125551399999987,-3.0,16.0,-94.20521958,99.8,30.88801724,116.97918600000114,115.24312848000112,122.3961496200012,73.91455766000074,275.7957033200028,1711.363817980001,609,X1.6102 Y1.6635 Z-0.0764
14:09:43.545,5,613,1.5877,1.67928,-0.07736,87.88877,59.5389,-27.9574,,185.42,0,0,,2,1,"{""sr"":{""mpox"":87.88877,""mpoy"":59.5389,""mpoz"":-27.9574,""mpoa"":0,""posx"":1.5877,""posy"":1.67928,""posz"":-0.07736,""posa"":0,""unit"":0,""stat"":5,""coor"":2,""momo"":1,""dist"":0,""home"":1,""mots"":1,""plan"":0,""line"":613,""path"":2,""frmo"":2,""prbe"":1,""safe"":0,""estp"":0,""spc"":1,""hold"":0,""macs"":5,""cycs"":1,""sps"":12000,""feed"":185.42,""mark"":1499779243}}",5.461946376347779,0.202527437338898,0.2038300111817339,0.2059475420263694,5.461946376347779,0.202527437338898,0.2038300111817339,0.2059475420263694,-0.9885524000000004,-0.0304013999999998,0.015925,-5.202096899999992,-7.737643500000004,0.4226066999999973,-14.839580999999995,37.0,66.6075868,99.7,31.2339243,81.85400869999839,1.962067299999961,1.569654099999969,1.569654099999969,4.316548799999914,1173.562939899996,-0.9861093,0.0337326,0.0124679999999997,-1.6612606000000023,-0.7669326000000003,0.9450227,-32.0,35.47577999999999,-39.83379010000001,99.8,31.76,76.53612450000024,60.80952400000018,64.4790644000002,66.0517244000002,204.4458126000006,1280.2334400999966,-0.9812056,0.1108581999999998,-0.0174328,2.888120199999999,1.770927,3.8545601,-7.0,32.5076002,37.33567800000001,99.7,31.52,106.69400409999989,2.4619985999999967,1.9695984999999976,1.9695984999999976,5.4163959999999935,1490.7631389999976,-0.9129632999999984,0.1664770999999983,-0.0376287000000005,3.9668651000000255,0.701230499999989,1.5385927999999982,8.336427500000068,10.642963299999906,14.522711900000337,99.7,36.325560800000005,64.4322553999986,85.02007659999815,65.95727929999856,57.950904399998734,188.3404390999959,1766.1554462999954,-1.0026431,-0.0153521,-0.0102485999999995,0.3504157000000005,1.8363935999999956,4.801850699999998,9.0,-14.665156200000013,23.334843799999987,99.8,31.72,105.84303370000193,114.40692720000202,109.08567520000192,129.70552810000228,347.8768775000061,1111.7121901000005,-1.0090152,-0.0786495,0.0171813000000003,4.965378399999996,2.0965974000000043,1.8721891999999984,-3.0105341999999995,16.0,-94.3165488,99.8,30.8764365,45.899562999998096,46.21611179999809,48.74850139999798,29.43903009999877,110.4755003999954,1306.3054436000004,613,X1.5815 Y1.6825 Z-0.0776
14:09:43.804,5,616,1.55863,1.69047,-0.07844,87.15042,59.82324,-27.98492,,185.42,0,0,,2,1,"{""sr"":{""mpox"":87.15042,""mpoy"":59.82324,""mpoz"":-27.98492,""mpoa"":0,""posx"":1.55863,""posy"":1.69047,""posz"":-0.07844,""posa"":0,""unit"":0,""stat"":5,""coor"":2,""momo"":1,""dist"":0,""home"":1,""mots"":1,""plan"":0,""line"":616,""path"":2,""frmo"":2,""prbe"":1,""safe"":0,""estp"":0,""spc"":1,""hold"":0,""macs"":5,""cycs"":1,""sps"":12000,""feed"":185.42,""mark"":1499779243}}",5.170856678407721,0.1989811261073333,0.2040821661120677,0.2084337542101265,5.170856678407721,0.1989811261073333,0.2040821661120677,0.2084337542101265,-0.9937130800000004,-0.0441937199999996,0.0063458000000001,-4.958625320000005,-7.811564360000002,0.4892958400000015,-14.0,37.51062160000001,67.62860336000001,99.7,31.246498480000003,106.2093179200026,2.553108480000062,2.042486880000049,2.042486880000049,5.616839040000137,2104.753064760013,-0.993,0.0423511999999999,-0.0112967599999997,-1.5401798800000006,-0.7439238000000015,0.8995308000000011,-31.73436656000001,35.76754023999999,-39.4980932,99.8,31.76501928,78.23407759999976,57.77883015999972,61.2654831599997,62.759763279999696,194.25641039999903,1689.9439080800066,-1.015239,0.1142275600000001,-0.0080117999999999,2.823327679999999,1.6330262399999975,3.997138560000003,-7.0,31.74849008000001,36.49674612000002,99.7,31.52503244,109.02549680000024,2.500584840000005,2.000468080000004,2.000468080000004,6.001403240000013,2033.0834596800064,-0.8614551599999991,0.6318256800000028,0.0077229599999998,3.700322840000028,1.3047935199999785,1.6406032399999986,8.111493599999884,-0.0183635599997315,-5.325883520000059,99.7,36.32,87.3809165600023,113.93488316000295,88.38894536000231,77.65965132000203,252.3938666800065,3013.9585813600024,-0.99741368,-0.015472,-0.0129362000000003,0.3107315999999973,1.9733028800000063,4.8482570800000016,4.686706760000168,-7.33558140000026,12.973481000000469,99.8,31.72,109.74934791999574,81.95256979999681,78.59778659999694,93.45468547999636,249.69174911999025,1444.3615696400027,-1.00189372,-0.07996544,0.0414556000000001,5.216494640000001,1.8241407999999923,2.017335680000002,-3.0,15.98279488,-94.48125851999998,99.8,30.8800308,75.04025036000299,75.73622840000307,79.90336344000325,48.76168148000199,181.04070968000735,2246.5907706000085,616,X1.557 Y1.6909 Z-0.0785
14:09:44.060,5,620,1.52743,1.69357,-0.07953,86.35793,59.90184,-28.01265,,185.42,0,0,,2,1,"{""sr"":{""mpox"":86.35793,""mpoy"":59.90184,""mpoz"":-28.01265,""mpoa"":0,""posx"":1.52743,""posy"":1.69357,""posz"":-0.07953,""posa"":0,""unit"":0,""stat"":5,""coor"":2,""momo"":1,""dist"":0,""home"":1,""mots"":1,""plan"":0,""line"":620,""path"":2,""frmo"":2,""prbe"":1,""safe"":0,""estp"":0,""spc"":1,""hold"":0,""macs"":5,""cycs"":1,""sps"":12000,""feed"":185.42,""mark"":1499779243}}",5.404138436383814,0.2006241525624585,0.1959239869361002,0.1963564797351195,5.404138436383814,0.2006241525624585,0.1959239869361002,0.1963564797351195,-1.0254673999999993,-0.0414969999999996,0.0096129999999999,-4.962364399999996,-7.826275599999996,0.4484640000000006,-14.091906000000009,37.46432079999998,67.44377320000002,99.7,31.2309192,115.3226631999968,2.7811319999999227,2.224905199999938,2.224905199999938,6.118489799999831,1961.1613721999877,-0.9964546,0.0358778000000001,0.0152024000000007,-1.458907799999998,-0.705465799999999,1.058115400000002,-31.664879600000013,36.0,-39.64423479999998,99.8,31.763351,79.86751000000054,56.491653600000376,59.9006328000004,60.87462620000041,189.4418376000013,1520.9091121999936,-1.0009870000000003,0.1263958,-0.0022140000000002,2.815959599999998,1.697844799999999,3.917155200000001,-7.0,31.5037712,37.18287040000002,99.7,31.5338084,109.1279651999997,2.5188563999999936,2.2054980000000084,2.015085199999995,6.045256199999984,1594.2393589999897,-0.9197085999999982,0.3793827999999982,5.160000000151193e-05,4.342141999999945,0.8862006000000099,1.4071167999999976,9.759177800000067,-0.613612199999971,7.997960000000146,99.7,36.33,92.9941069999972,124.92581859999628,96.9155455999971,85.15123039999746,276.74149939999177,2353.380161199996,-1.0063252,-0.0094741999999999,0.0231637999999997,0.4346734000000096,1.5568370000000085,4.805327600000004,9.417586800000024,-15.0,24.21907399999995,99.8,31.7169092,94.19036940000515,71.40731200000397,68.06661920000379,80.95755740000452,216.6732090000121,1511.9710519999917,-1.0191175999999995,-0.0830345999999999,0.0038431999999999,5.278738200000013,1.6873887999999928,2.058173000000004,-3.0,16.0,-94.0,99.8,30.8859092,110.50210199999508,86.27436819999618,91.59265119999591,55.54651079999753,206.2311947999908,1694.1694471999983,620,X1.5226 Y1.6934 Z-0.0797
14:09:44.318,5,624,1.49665,1.68864,-0.08062,85.57604,59.77681,-28.04016,,185.42,0,0,,2,1,"{""sr"":{""mpox"":85.57604,""mpoy"":59.77681,""mpoz"":-28.04016,""mpoa"":0,""posx"":1.49665,""posy"":1.68864,""posz"":-0.08062,""posa"":0,""unit"":0,""stat"":5,""coor"":2,""momo"":1,""dist"":0,""home"":1,""mots"":1,""plan"":0,""line"":624,""path"":2,""frmo"":2,""prbe"":1,""safe"":0,""estp"":0,""spc"":1,""hold"":0,""macs"":5,""cycs"":1,""sps"":12000,""feed"":185.42,""mark"":1499779243}}",5.382814812475664,0.1909259563320303,0.1953940183805179,0.2027543402691734,5.382814812475664,0.1909259563320303,0.1953940183805179,0.2027543402691734,-0.9986255600000002,-0.0281897999999996,0.00399688,-4.963635639999997,-8.077571,0.3707310399999989,-13.0,37.94440328,66.64081496000001,99.7,31.24111192,73.63296711999875,1.7959259599999693,1.4367409199999757,1.4367409199999757,3.951037479999933,1679.744639839999,-0.99207404,0.04057336,-0.0033049999999998,-1.48222344,-0.7652792400000007,1.0021599599999995,-32.0,36.0,-39.10726488,99.8,31.76892744,81.14354416000032,61.38502440000015,65.08929252000016,66.14765560000015,205.42958724000047,1435.490693599997,-0.99718244,0.11055188,-0.0156779199999999,2.8988662,1.6791338,3.894542280000001,-7.0,31.48960372,38.0,99.7,31.52,106.2439254799999,2.4480170799999974,2.4480170799999974,1.9584133599999984,5.875240079999994,1522.2937585200002,-1.050939800000001,0.212392159999999,0.0206941600000001,2.496975359999983,1.3463276400000062,1.5122623600000011,10.454949120000023,11.137650199999957,12.811758079999937,99.7,36.34618424,60.89209051999878,77.4185155599985,60.25089471999884,52.76957147999899,171.84827535999665,1538.8917151599971,-1.0067654,-0.0054137599999998,0.01083548,0.2411481999999967,1.7409219199999963,4.8734804400000025,9.0,-14.28901619999999,22.28901619999999,99.8,31.7221876,106.6476200800014,120.8673031200016,115.1794299600015,137.2199380800018,366.8678144400048,1263.2257213600003,-0.99774016,-0.0741556,0.03594644,5.12879968,1.9523432800000025,2.13779968,-3.0295032,16.0,-94.9409936,99.8,30.88029488,41.369364999998304,37.70983515999849,40.0504457599984,24.186308519999027,90.50360527999636,1531.6457254000015,624,X1.489 Y1.686 Z-0.0809
14:09:44.575,5,627,1.46816,1.67564,-0.08171,84.85241,59.44661,-28.06789,,185.42,0,0,,2,1,"{""sr"":{""mpox"":84.85241,""mpoy"":59.44661,""mpoz"":-28.06789,""mpoa"":0,""posx"":1.46816,""posy"":1.67564,""posz"":-0.08171,""posa"":0,""unit"":0,""stat"":5,""coor"":2,""momo"":1,""dist"":0,""home"":1,""mots"":1,""plan"":0,""line"":627,""path"":2,""frmo"":2,""prbe"":1,""safe"":0,""estp"":0,""spc"":1,""hold"":0,""macs"":5,""cycs"":1,""sps"":12000,""feed"":185.42,""mark"":1499779243}}",5.029086974298151,0.1910255008519416,0.2002919688730016,0.2020361073100883,5.029086974298151,0.1910255008519416,0.2002919688730016,0.2020361073100883,-0.9786832999999996,-0.0332417000000003,0.0006711000000001,-4.932297600000006,-8.07327089999999,0.2887291000000097,-13.0,37.30416320000003,67.02292740000001,99.7,31.226541800000003,147.9966620999952,3.593821199999884,2.875056999999907,2.875056999999907,7.906407499999745,1689.6409169999918,-0.9954246,0.0472313999999998,-0.0119324999999996,-1.576647800000001,-0.8164316000000038,0.9466187000000016,-31.95561979999998,36.0,-39.95952410000003,99.8,31.7749806,70.46604780000072,53.07832160000054,56.28132380000057,57.19646760000059,177.0802634000018,1376.2308579000044,-0.9981816000000004,0.1211382000000001,-0.0168285999999999,2.6912216000000013,1.743577800000001,3.967,-7.0,31.481245000000005,36.481245,99.7,31.53,113.98186069999954,2.593775999999991,2.593775999999991,2.0750209999999925,6.225062899999979,1369.531144500006,-0.875518300000004,0.4248901000000029,0.0338690000000008,2.9037638000000734,1.4144796999999525,1.4795358000000065,6.8118424000000095,0.4089104000004215,-1.5665371000000945,99.7,36.3518819,124.51001259999578,164.06025179999443,126.70724859999568,111.3265992999962,363.2762724999876,2076.077012800028,-1.008309,-0.0040800999999999,0.007764099999999,0.2220752999999981,1.8808311999999952,4.7,9.09154780000004,-14.828379199999963,22.90845219999996,99.8,31.7309155,28.740748400005884,29.175537700006007,27.80257150000573,32.951195700006764,88.21309620001811,1127.5086498000053,-1.0157835999999996,-0.0789676,0.0386488,5.290456799999992,1.6753301000000045,2.106678499999988,-3.0,15.9680293,-94.9680293,99.8,30.8793581,141.24675009999362,125.55266699999432,134.27160239999392,80.21420369999636,302.5470517999863,1619.485163700011,627,X1.4659 Y1.6743 Z-0.0818
14:09:44.833,5,631,1.44397,1.65567,-0.0828,84.23787,58.93918,-28.09562,,185.42,0,0,,2,1,"{""sr"":{""mpox"":84.23787,""mpoy"":58.93918,""mpoz"":-28.09562,""mpoa"":0,""posx"":1.44397,""posy"":1.65567,""posz"":-0.0828,""posa"":0,""unit"":0,""stat"":5,""coor"":2,""momo"":1,""dist"":0,""home"":1,""mots"":1,""plan"":0,""line"":631,""path"":2,""frmo"":2,""prbe"":1,""safe"":0,""estp"":0,""spc"":1,""hold"":0,""macs"":5,""cycs"":1,""sps"":12000,""feed"":185.42,""mark"":1499779243}}",5.481492442954914,0.2022835981827845,0.1945300578323142,0.2003979223272473,5.481492442954914,0.2022835981827845,0.1945300578323142,0.2003979223272473,-0.96390314,-0.0329751400000001,0.0020296199999999,-5.144562780000002,-7.615372899999999,0.5468250600000006,-13.21637484,37.95377593999999,66.7374011,99.7,31.22957906,54.35802818000064,1.3129953800000154,1.0503964800000123,1.0503964800000123,2.888590600000034,1589.97297562,-0.98977958,0.03706356,-0.0008466,-1.4593101000000008,-0.7557102800000003,0.9370839600000002,-31.96648106,35.96648106,-38.615497180000006,99.8,31.77966484,85.55966409999989,63.62128853999992,66.91204515999992,68.00896369999992,211.1568633999997,1538.3702489999996,-1.0109856599999998,0.1214923599999999,-0.00965088,2.778117,1.8888554199999996,4.0196808,-7.0,31.0,36.0313218,99.7,31.53073706,104.82429262000004,2.393964040000001,2.393964040000001,1.915171220000001,5.745512720000003,1606.2658244999984,-0.9236359400000004,0.5339855799999987,0.0172025199999998,1.451351160000007,1.5570162199999986,1.6025387800000002,11.515106919999994,5.976677699999953,7.284691380000068,99.7,36.34,42.428165900000586,54.30805224000075,42.18571936000058,36.85189260000051,120.25354422000169,2162.9487977599983,-1.0069077599999998,-0.0022015399999999,0.00756432,0.6866118599999984,1.9351470999999971,4.7692837,9.99457426,-14.853355499999996,24.99457426,99.8,31.74,129.26748245999934,145.13398407999924,138.2637369799993,164.0271656599991,439.69043263999765,1288.3008232399995,-1.0002002,-0.07429164,0.0357551599999998,5.26021342,1.4878678800000014,1.970041120000001,-3.0,16.0,-95.0,99.8,30.89002406,18.59627544000108,12.881322520000747,13.879171460000803,8.254931760000478,31.20545654000181,1351.7267265999988,631,X1.4401 Y1.6514 Z-0.083
14:09:45.090,5,634,1.42594,1.63022,-0.08388,83.77997,58.29289,-28.12314,,185.42,0,0,,2,1,"{""sr"":{""mpox"":83.77997,""mpoy"":58.29289,""mpoz"":-28.12314,""mpoa"":0,""posx"":1.42594,""posy"":1.63022,""posz"":-0.08388,""posa"":0,""unit"":0,""stat"":5,""coor"":2,""momo"":1,""dist"":0,""home"":1,""mots"":1,""plan"":0,""line"":634,""path"":2,""frmo"":2,""prbe"":1,""safe"":0,""estp"":0,""spc"":1,""hold"":0,""macs"":5,""cycs"":1,""sps"":12000,""feed"":185.42,""mark"":1499779243}}",5.114083126670846,0.1829360160049472,0.196416018516235,0.2002378732851742,5.114083126670846,0.1829360160049472,0.196416018516235,0.2002378732851742,-1.0137438000000003,-0.0091785999999985,0.0332712000000002,-5.234697999999996,-8.0439884,0.3835249999999928,-13.0,37.18097120000001,67.66480320000001,99.7,31.2418096,136.28470260000316,3.324017400000077,2.659213600000062,2.659213600000062,7.312837400000171,2174.016802200016,-0.9931062,0.0475226000000002,0.0050752000000004,-1.5902019999999968,-0.8109319999999984,0.9043360000000006,-32.0,35.4645518,-38.0,99.8,31.7746458,72.95309699999954,54.35260179999962,56.6753625999996,57.60446699999959,178.38802639999872,2004.1854070000136,-1.0007803999999991,0.092264599999999,0.0011144000000003,2.7639714000000017,1.6920285999999982,4.063599000000004,-7.895897800000014,31.104102199999986,36.0,99.7,31.53,112.47373300000028,2.5678934000000058,2.5678934000000058,2.054314800000005,6.162944400000015,1961.8420116000143,-0.9753382000000004,0.168003999999999,0.0083114000000005,1.4288463999999963,1.3474462000000027,1.3194037999999948,10.587075400000083,14.81843419999989,10.86249300000038,99.7,36.3367736,118.53863080000296,151.68865500000376,117.82047420000292,102.95926840000256,335.97234840000834,2214.009044400023,-1.0124896000000003,-0.0116326000000001,-0.0041536000000003,0.5844600000000141,1.718558399999993,4.705608,9.981613200000002,-14.252400399999976,23.52318679999995,99.8,31.757292,58.5568205999946,42.40321459999609,40.63641459999625,47.95601699999557,128.72404519998813,2079.549420600028,-1.0077688,-0.0988304000000011,0.0465856000000011,5.20783499999999,1.67206259999999,2.1078024000000037,-3.0,16.0,-94.22342679999998,99.8,30.879923,137.6460370000046,109.48917720000372,118.03918700000398,69.88392360000236,265.580469800009,2123.2037946000246,634,X1.4257 Y1.6298 Z-0.0839
14:09:45.348,5,638,1.41519,1.6008,-0.08498,83.507,57.54557,-28.15087,,185.42,0,0,,2,1,"{""sr"":{""mpox"":83.507,""mpoy"":57.54557,""mpoz"":-28.15087,""mpoa"":0,""posx"":1.41519,""posy"":1.6008,""posz"":-0.08498,""posa"":0,""unit"":0,""stat"":5,""coor"":2,""momo"":1,""dist"":0,""home"":1,""mots"":1,""plan"":0,""line"":638,""path"":2,""frmo"":2,""prbe"":1,""safe"":0,""estp"":0,""spc"":1,""hold"":0,""macs"":5,""cycs"":1,""sps"":12000,""feed"":185.42,""mark"":1499779243}}",5.14024711732088,0.2042032531285773,0.2087371547108831,0.2057607945999951,5.14024711732088,0.2042032531285773,0.2087371547108831,0.2057607945999951,-1.02443048,-0.0369828400000005,0.0205109200000001,-5.011026160000009,-7.946747519999989,0.4342086400000028,-12.721454319999976,37.42551656000002,66.0,99.7,31.24704044,87.37788132000381,2.127583360000093,1.7020668000000745,1.7020668000000745,4.680682920000204,1096.5238742799968,-0.9916934399999998,0.0471366399999999,-0.0180196399999999,-1.5318709600000044,-0.7534057599999981,0.9134453200000004,-32.0,35.80079579999998,-39.0,99.8,31.77483284,79.57247015999943,60.45440919999956,63.03793131999954,63.55463559999954,197.89776715999855,1136.7842812,-1.0035119600000004,0.1079256800000008,-0.0087341199999997,2.74639748,1.720469960000001,3.887873560000001,-7.504937599999998,31.81197055999998,36.62394111999996,99.7,31.52307008,106.93352524000032,2.970375320000009,2.475313280000007,1.9802508800000056,5.940751640000017,1028.9155534799993,-1.0373435200000023,0.3046744799999977,0.0125170000000019,-5.112027719999583,1.973920639999988,1.4950387200000017,7.832719359999892,-1.4556616000002656,-3.1180638800003413,99.7,36.32581312,74.11160780000355,93.37225204000448,72.43676940000347,63.64386648000305,207.2612761600099,1803.957535679982,-1.0069803199999998,-0.0137545199999995,0.0046388800000004,0.2855738399999986,1.9495506400000089,4.834411559999997,9.0,-14.414225280000032,24.350386120000024,99.8,31.75968068,88.40359967999615,103.77264399999528,98.8310895999955,117.32999911999464,313.7567897199857,964.0600522400024,-1.0011523200000003,-0.0736659600000002,0.0320113200000004,5.227876199999998,1.6785059599999923,2.0757776000000003,-3.012749400000001,16.0,-93.25642523999994,99.8,30.88359024,72.49856432000617,51.30667640000436,56.13991388000477,32.71730096000278,126.0359653600107,1286.3274880799818,638,X1.4144 Y1.5973 Z-0.0851
14:09:45.605,5,642,1.4125,1.56981,-0.08606,83.43856,56.75837,-28.17838,,185.42,0,0,,2,1,"{""sr"":{""mpox"":83.43856,""mpoy"":56.75837,""mpoz"":-28.17838,""mpoa"":0,""posx"":1.4125,""posy"":1.56981,""posz"":-0.08606,""posa"":0,""unit"":0,""stat"":5,""coor"":2,""momo"":1,""dist"":0,""home"":1,""mots"":1,""plan"":0,""line"":642,""path"":2,""frmo"":2,""prbe"":1,""safe"":0,""estp"":0,""spc"":1,""hold"":0,""macs"":5,""cycs"":1,""sps"":12000,""feed"":185.42,""mark"":1499779243}}",5.423956223667679,0.2011123936872565,0.2002546937010333,0.2035911763300768,5.423956223667679,0.2011123936872565,0.2002546937010333,0.2035911763300768,-1.0296735,-0.1121885,0.0021215,-5.244586,-7.579547,0.5375445,-13.500193,38.0,67.0,99.7,31.2500035,102.539507,2.5009635,2.000771,2.000771,5.50212,1405.394625,-0.9941065,0.0474355,-0.006835,-1.569872,-0.837499,0.8885865000000001,-32.0,35.2228735,-39.5542525,99.8,31.78,82.85635,59.061679,60.5632475,61.564293,191.422547,1666.4234655,-1.0037455,0.1172059999999999,-0.023499,2.7789355,1.861458,3.982884,-7.500684,32.0,36.0,99.7,31.51,108.351598,2.9958965,2.4965805000000003,1.9972645,5.9917935,1707.055007,-0.8743405000000001,0.495917,0.0247505,1.9914695,1.1984750000000002,1.5996185,12.1915505,2.116344,12.2232905,99.7,36.3360305,88.2760885,111.458763,86.468009,75.971892,247.4084645,2030.05969,-1.0117235,0.0014805,0.0081455,0.1386005,2.088502,4.7252755,9.0460805,-14.0460805,23.502171,99.8,31.754561,117.4876955,83.13747900000001,79.6526745,94.089722,251.9015835,1560.8238095000002,-1.006073,-0.0891115,0.0272305,5.3677365,1.7448895,1.957351,-3.0178325,16.0,-94.5002695,99.8,30.88,94.604421,68.5190805,75.522853,43.523441,168.555136,1773.6000525,642,X1.4129 Y1.5628 Z-0.0863
14:09:45.862,5,645,1.41798,1.53888,-0.08715,83.5779,55.97288,-28.20611,,185.42,0,0,,2,1,"{""sr"":{""mpox"":83.5779,""mpoy"":55.97288,""mpoz"":-28.20611,""mpoa"":0,""posx"":1.41798,""posy"":1.53888,""posz"":-0.08715,""posa"":0,""unit"":0,""stat"":5,""coor"":2,""momo"":1,""dist"":0,""home"":1,""mots"":1,""plan"":0,""line"":645,""path"":2,""frmo"":2,""prbe"":1,""safe"":0,""estp"":0,""spc"":1,""hold"":0,""macs"":5,""cycs"":1,""sps"":12000,""feed"":185.42,""mark"":1499779243}}",5.440993258442289,0.202453484218357,0.2022050334129388,0.2081538074686405,5.440993258442289,0.202453484218357,0.2022050334129388,0.2081538074686405,-0.98537532,-0.0296712,0.0183642400000003,-4.855035840000008,-7.910985440000005,0.4210222399999964,-13.0,37.08136900000001,66.91863099999999,99.7,31.2491864,119.52433227999612,2.865273439999908,2.2922186799999262,2.2922186799999262,6.303601919999798,1570.504514680004,-0.99284556,0.0401040000000001,-0.0046197999999996,-1.5770740400000016,-0.8148150399999988,0.964938080000002,-31.5175062,36.0,-38.84011427999999,99.8,31.78642368,78.16396264000063,57.41673780000047,58.38172540000048,59.34671200000048,184.3125534800015,1560.8640790799998,-1.0076828400000002,0.1241665999999998,-0.0121157599999998,2.908431839999998,1.6486687199999996,4.015698039999996,-7.494519480000002,32.0,35.50548052,99.7,31.52,109.68926663999966,2.527402519999992,2.527402519999992,2.021922359999994,6.065766079999982,1789.101234960009,-0.8673720800000012,0.3766785999999983,-0.0088903999999994,2.1575868799999625,1.513575640000009,1.466878639999998,7.449191919999987,13.93700859999968,11.575615840000433,99.7,36.34132416,100.03659335999656,129.11699815999555,100.03659335999656,87.82282331999698,287.3144017599901,2070.3668490399727,-1.0053422000000003,-0.0055215999999999,0.0209687200000005,0.5207556800000042,1.5532896400000042,4.671988440000007,9.058355199999996,-14.32684328000003,24.0,99.8,31.74058368,69.93134276000532,64.32815756000466,61.24656928000443,72.74417080000526,194.52526696001408,1334.0416657999972,-0.9994643999999998,-0.0752077600000001,0.0288100800000007,5.108872879999998,1.8074375200000072,2.001456200000004,-3.0,15.97499648,-94.62782399999998,99.8,30.87627792,116.77518443999412,84.75618255999574,94.17353627999526,53.99282767999729,209.06525071998956,1403.7292387199946,645,X1.4184 Y1.5375 Z-0.0872
14:09:46.120,5,649,1.43129,1.51076,-0.08833,83.91587,55.25843,-28.23617,,185.42,0,0,,2,1,"{""sr"":{""mpox"":83.91587,""mpoy"":55.25843,""mpoz"":-28.23617,""mpoa"":0,""posx"":1.43129,""posy"":1.51076,""posz"":-0.08833,""posa"":0,""unit"":0,""stat"":5,""coor"":2,""momo"":1,""dist"":0,""home"":1,""mots"":1,""plan"":0,""line"":649,""path"":2,""frmo"":2,""prbe"":1,""safe"":0,""estp"":0,""spc"":1,""hold"":0,""macs"":5,""cycs"":1,""sps"":12000,""feed"":185.42,""mark"":1499779243}}",5.286150570744728,0.1990405955107078,0.2010866141234177,0.1848615296319069,5.286150570744728,0.1990405955107078,0.2010866141234177,0.1848615296319069,-0.9911571999999992,-0.0344656000000002,0.0161343999999996,-4.859191999999997,-8.140924800000006,0.3604784000000008,-13.338155799999983,37.33815579999999,66.66184420000002,99.7,31.2590948,69.32197179999683,1.6907801999999226,1.3526233999999382,1.3526233999999382,3.7197151999998295,1600.8463939999976,-0.9900904,0.0382031999999998,-0.0096862,-1.5232515999999976,-0.963006,1.0325674000000007,-31.556151999999983,35.91094240000001,-39.08905759999999,99.8,31.785329,83.13181800000056,63.41575480000037,64.48156520000038,65.01447060000038,203.4808432000012,1690.435053999996,-1.0152638000000005,0.1267810000000001,-0.0058467999999999,2.842116799999999,1.704646000000001,3.922010799999997,-7.583463999999985,31.0,35.67901079999997,99.7,31.524879,104.90218659999974,2.439586199999994,2.439586199999994,1.951668799999995,5.855005799999986,1757.7347443999945,-0.9470094000000016,0.2915734000000008,0.0225112000000001,2.920648600000053,1.0475701999999885,1.5090318000000058,7.080725799999876,0.4305128000000777,-4.874168000000268,99.7,36.3484146,55.89538579999701,71.12091319999628,55.2612283999971,48.37503559999746,158.26004959999167,1945.014576999978,-1.00796,-0.0063492000000001,0.0224776000000002,0.4398979999999926,1.7856483999999986,4.853297799999997,9.074064800000002,-14.817526400000023,23.817526400000027,99.8,31.75,101.8542626000032,123.41465400000386,118.2104220000037,139.77081360000437,374.7047336000117,1155.1192655999962,-1.0006289999999998,-0.0751921999999999,0.0244928,5.513207400000005,1.8925244000000083,2.228926800000003,-3.0,16.0,-95.74629820000004,99.8,30.8819212,43.30518179999479,29.83937179999649,33.43674839999607,18.94749099999777,73.9758799999913,1494.1248015999838,649,X1.4339 Y1.5067 Z-0.0885
14:09:46.377,5,653,1.45155,1.48683,-0.08942,84.4305,54.65081,-28.2639,,185.42,0,0,,2,1,"{""sr"":{""mpox"":84.4305,""mpoy"":54.65081,""mpoz"":-28.2639,""mpoa"":0,""posx"":1.45155,""posy"":1.48683,""posz"":-0.08942,""posa"":0,""unit"":0,""stat"":5,""coor"":2,""momo"":1,""dist"":0,""home"":1,""mots"":1,""plan"":0,""line"":653,""path"":2,""frmo"":2,""prbe"":1,""safe"":0,""estp"":0,""spc"":1,""hold"":0,""macs"":5,""cycs"":1,""sps"":12000,""feed"":185.42,""mark"":1499779243}}",5.264918129586388,0.2020355579290482,0.213085485843479,0.2141892695432073,5.264918129586388,0.2020355579290482,0.213085485843479,0.2141892695432073,-1.01489666,-0.02731318,0.0193439399999999,-5.139069840000001,-8.226236119999998,0.3702007200000003,-13.724636599999997,37.7246366,66.0,99.7,31.24738416,151.41516395999938,3.692045399999985,2.953635979999987,2.953635979999987,8.122499339999965,1712.757342779997,-0.98640362,0.0351178799999999,0.0280460399999998,-1.4544703,-0.7271307599999995,0.8606261,-31.97339228,36.0,-38.476801640000005,99.8,31.78,73.38155942000012,54.02323398000007,54.02323398000007,54.92362182000008,171.97396212000024,1337.4097384599988,-1.00116298,0.1167241999999999,-0.01342964,2.866802059999999,1.7682447599999995,3.939018,-7.0,31.490992079999995,36.48023378,99.7,31.53046758,112.32698509999996,2.5988292199999985,2.5988292199999985,2.079063939999999,6.237190819999997,1367.0050466999987,-0.9374411400000002,0.3480127599999984,-0.00136844,2.933597820000009,1.4166337400000004,1.4256433000000006,10.387782899999998,-0.4669525999999779,15.565115539999969,99.7,36.34952138,135.7256470999994,168.33013165999924,130.41794011999943,114.49481911999948,374.5724557399984,1956.7008170199963,-1.01524684,-0.00346792,0.0179023199999999,0.165718960000001,1.8802638199999997,4.7101238,9.054707100000003,-15.0,24.86231346,99.8,31.7413771,31.00589290000106,22.855955960000767,21.892150420000743,25.96803768000088,69.5316735400024,1078.8863791399997,-0.99868004,-0.0758936399999999,0.0508719799999998,5.015558380000001,2.2176599999999973,2.0694501199999995,-3.909013779999994,16.057696120000006,-94.93342074,99.8,30.88966724,144.53325647999915,119.98987347999932,136.35212845999922,76.35719221999956,299.97468225999825,1682.2839622199965,653,X1.4576 Y1.4817 Z-0.0897
14:09:46.635,5,656,1.47718,1.46922,-0.09051,85.08144,54.20349,-28.29141,,185.42,0,0,,2,1,"{""sr"":{""mpox"":85.08144,""mpoy"":54.20349,""mpoz"":-28.29141,""mpoa"":0,""posx"":1.47718,""posy"":1.46922,""posz"":-0.09051,""posa"":0,""unit"":0,""stat"":5,""coor"":2,""momo"":1,""dist"":0,""home"":1,""mots"":1,""plan"":0,""line"":656,""path"":2,""frmo"":2,""prbe"":1,""safe"":0,""estp"":0,""spc"":1,""hold"":0,""macs"":5,""cycs"":1,""sps"":12000,""feed"":185.42,""mark"":1499779243}}",5.240048883871588,0.1914335401044881,0.2023831880083644,0.1998028040523759,5.240048883871588,0.1914335401044881,0.2023831880083644,0.1998028040523759,-1.025427599999999,-0.0384893999999996,0.0296599999999998,-4.979198499999979,-8.119913400000021,0.2939718999999858,-13.206138699999988,37.20613869999998,66.07738660000004,99.7,31.2415477,58.76720220000646,1.4176282000001548,1.134102900000124,1.134102900000124,3.402307900000372,1540.746311700005,-0.9925700999999996,0.0415606999999996,-0.0156718000000018,-1.5509260000000062,-0.7653176999999997,0.9402684999999984,-31.0,36.39784409999997,-39.14834740000002,99.8,31.783978,81.928738599999,65.5429905999992,65.5429905999992,66.63537439999918,208.64518789999744,1351.6273840000215,-0.9945075,0.1196488999999995,-0.0165688999999997,2.758909200000005,1.77,3.967,-7.05220960000003,31.42848819999997,37.03860519999999,99.7,31.5305221,105.22056250000055,2.403488300000013,2.403488300000013,1.9227904000000104,5.768371300000032,1340.6657571000098,-0.9688099999999932,0.2381028999999942,0.0044570999999978,1.7273727000000747,1.46605920000002,1.420377699999996,8.264537100000034,10.198483300000095,10.965896599999562,99.7,36.34,44.44215940000561,58.727139000007405,45.50030580000574,39.94503660000504,130.6811121000165,1867.208804200013,-1.003152899999999,-0.0050018000000008,0.0005840999999951,0.4175658000000146,1.6819305000000104,4.742256999999995,7.503803099999583,-11.658459299999343,19.99501019999888,99.8,31.7482368,204.69886409998787,138.23602079999222,132.40679019999254,157.3892035999911,420.53729099997634,1090.3434928000222,-1.0016036999999998,-0.0729881999999999,0.0189707000000003,5.31,1.96560729999998,2.17304359999999,-3.7394990999998927,16.0,-94.12828000000006,99.8,30.89,19.626779500008045,16.93290810000694,19.241940400007884,10.647206800004364,42.20398970001729,1448.962904000008,656,X1.4795 Y1.468 Z-0.0906
14:09:46.892,5,660,1.50683,1.45883,-0.0916,85.83469,53.9396,-28.31914,,185.42,0,0,,2,1,"{""sr"":{""mpox"":85.83469,""mpoy"":53.9396,""mpoz"":-28.31914,""mpoa"":0,""posx"":1.50683,""posy"":1.45883,""posz"":-0.0916,""posa"":0,""unit"":0,""stat"":5,""coor"":2,""momo"":1,""dist"":0,""home"":1,""mots"":1,""plan"":0,""line"":660,""path"":2,""frmo"":2,""prbe"":1,""safe"":0,""estp"":0,""spc"":1,""hold"":0,""macs"":5,""cycs"":1,""sps"":12000,""feed"":185.42,""mark"":1499779243}}",5.067164658700157,0.1962911814467569,0.2098737164208448,0.2093186402921952,5.067164658700157,0.1962911814467569,0.2098737164208448,0.2093186402921952,-0.9743181200000004,-0.0273735199999997,0.0036974400000001,-4.881695119999997,-8.273817920000003,0.2930748799999975,-14.0,37.0,65.82589616,99.7,31.243696,131.42509299999747,3.2054900799999384,2.5643917599999506,2.5643917599999506,7.693175799999852,1189.7849491199995,-0.9895858,0.04253568,-0.0130274399999999,-1.5621426399999994,-0.7807190400000014,0.9527883200000008,-31.66475260000001,36.0,-38.866080959999984,99.8,31.79,71.37893836000055,56.29999532000032,56.76916176000032,57.23832920000032,179.69081900000103,1151.347075120002,-1.01074312,0.1446607599999999,-0.0100892400000001,2.8247117600000013,1.648,3.887827759999999,-7.0,31.48803,36.33907855999999,99.7,31.53375024,112.12140755999978,2.559849759999995,2.559849759999995,2.047879999999996,6.143638999999988,1076.372422639998,-0.9027956000000013,0.1984148000000028,-0.017623319999999,2.900828080000019,0.8338035200000072,1.6451379199999974,7.6494433600000225,-0.9215886000002828,-5.106733159999466,99.7,36.33,110.67412815999772,144.527391039997,111.97617647999768,98.30466659999796,321.6059963999934,1490.952402639995,-1.00346792,-0.0153801599999999,-0.0158867199999997,0.4965312799999924,1.783320760000005,4.7868261999999975,9.31002260000002,-15.0,24.31002260000002,99.8,31.73711724,42.09278176000272,47.85891616000308,45.84076904000296,54.48997040000352,145.8832010400094,957.4668713200012,-1.0014964,-0.0737017599999999,0.0294936799999996,5.200618279999996,1.8496900400000065,2.059062039999999,-3.0,16.0,-94.0,99.8,30.8873876,120.98281275999656,97.51126075999724,110.06952927999689,61.31389939999826,242.3007097199932,1146.217347239994,660,X1.5125 Y1.4577 Z-0.0918
14:09:47.149,5,663,1.53806,1.45649,-0.09269,86.62788,53.8802,-28.34687,,185.42,0,0,,2,1,"{""sr"":{""mpox"":86.62788,""mpoy"":53.8802,""mpoz"":-28.34687,""mpoa"":0,""posx"":1.53806,""posy"":1.45649,""posz"":-0.09269,""posa"":0,""unit"":0,""stat"":5,""coor"":2,""momo"":1,""dist"":0,""home"":1,""mots"":1,""plan"":0,""line"":663,""path"":2,""frmo"":2,""prbe"":1,""safe"":0,""estp"":0,""spc"":1,""hold"":0,""macs"":5,""cycs"":1,""sps"":12000,""feed"":185.42,""mark"":1499779243}}",5.307687586088782,0.2023234321126469,0.2019837658587635,0.2019541830097007,5.307687586088782,0.2023234321126469,0.2019837658587635,0.2019541830097007,-0.99402504,-0.0319026600000004,-0.00507156,-4.925634680000002,-8.283663559999999,0.1388213800000011,-14.142099660000005,36.43473652,66.58527409999998,99.7,31.25857896,90.14104997999873,2.1736835999999693,1.738947079999975,1.738947079999975,5.216841239999926,1730.1507789799984,-0.99337852,0.04572302,-0.0003962599999997,-1.4331987199999996,-0.7819577200000005,1.0123583600000008,-31.275244040000004,36.0,-38.0,99.8,31.79,78.21605466000018,61.74951698000015,62.26409646000016,62.77867532000015,197.08387440000047,1559.460032180001,-1.02328544,0.1333743199999999,-0.00428544,2.7591258,1.7207401599999996,3.955274619999999,-7.0,32.0,37.50316018,99.7,31.52198778,108.50991461999988,2.4841998599999973,2.4841998599999973,1.987360039999998,5.9620803599999945,1631.6964406600011,-1.0098656600000009,0.3345362399999994,0.0328553800000009,2.3010592000000125,1.3934966800000017,1.5983271600000002,7.302748760000091,-0.1070863800000444,6.715176320000062,99.7,36.33,74.53773333999884,94.55643853999852,73.25994333999886,64.315415199999,210.83530211999667,2115.1911651400046,-1.0123122800000002,-0.0215124600000001,-0.01433044,0.4344201200000056,1.957234239999997,4.805557740000002,9.39993447999999,-15.0,25.0,99.8,31.74,105.37480738000168,99.64581458000154,96.0105496600015,113.41246184000175,304.2682986800048,1420.867802720001,-0.9971885399999998,-0.0716481599999998,0.0256713599999998,5.054055599999995,1.9500816,2.0022901199999987,-3.0,15.9880395,-94.21589060000002,99.8,30.8879608,58.41617423999843,51.751241839998606,58.41617423999843,32.54055355999912,128.98604915999653,1700.7076959800036,663,X1.5383 Y1.4565 Z-0.0927
14:09:47.407,5,667,1.56864,1.46248,-0.09377,87.40462,54.03211,-28.37438,,185.42,0,0,,2,1,"{""sr"":{""mpox"":87.40462,""mpoy"":54.03211,""mpoz"":-28.37438,""mpoa"":0,""posx"":1.56864,""posy"":1.46248,""posz"":-0.09377,""posa"":0,""unit"":0,""stat"":5,""coor"":2,""momo"":1,""dist"":0,""home"":1,""mots"":1,""plan"":0,""line"":667,""path"":2,""frmo"":2,""prbe"":1,""safe"":0,""estp"":0,""spc"":1,""hold"":0,""macs"":5,""cycs"":1,""sps"":12000,""feed"":185.42,""mark"":1499779243}}",5.336315408723597,0.2017512013930775,0.2135373419783557,0.2089734582365884,5.336315408723597,0.2017512013930775,0.2135373419783557,0.2089734582365884,-0.9864092799999984,-0.0387672400000008,0.0079730799999985,-5.118073599999993,-7.871093419999991,0.3850168200000031,-14.0,36.47717685999997,66.52282314000003,99.7,31.2437164,101.16150063999412,2.385884679999861,1.9087078199998888,1.9087078199998888,5.726122999999666,1742.544121759991,-0.9920297,0.04179576,-0.0215966799999984,-1.5740011600000008,-0.6908011199999948,1.0130873200000028,-31.504447760000005,36.0,-38.39629006000008,99.8,31.79795806,80.603475120001,60.53372452000069,61.03817228000069,62.0470682600007,193.2034717200022,1274.329834519994,-0.9987395000000004,0.1208861600000001,-0.0116511599999997,2.9035470400000034,1.7301536800000048,3.906,-7.0,32.0,37.28317114000003,99.7,31.51283176,108.90165489999949,2.486338959999988,2.486338959999988,1.9890708599999904,5.967213579999971,1526.3919583199806,-0.8464819200000071,0.3695887799999847,-0.0366584000000001,4.103446220000024,1.1289744200000065,1.5075762399999997,9.239077259999815,10.555069119999567,14.430720380000931,99.7,36.32110916,85.7379907199945,105.70346093999332,81.89637525999483,72.00831461999546,235.69014967998515,1968.0821441999688,-0.9984222,-0.0182354000000002,0.0004553399999987,0.2371899999999946,2.272781339999991,4.620230780000008,9.469027059999958,-14.580668600000047,24.950304339999995,99.8,31.74,91.85837916000726,88.67253952000699,84.95572640000671,100.88492514000797,270.26540400002136,1106.6204174399954,-1.0111908000000005,-0.0795643599999997,0.0274237599999997,5.139333999999979,1.9551384600000052,2.0467558800000027,-3.0,15.44355913999995,-94.44355913999996,99.8,30.88463018,56.087222559994345,61.13754349999373,68.9893556199929,38.89332811999601,152.79521689998435,1625.0413038999873,667,X1.5721 Y1.4636 Z-0.0939
14:09:47.663,5,671,1.59678,1.47619,-0.09487,88.11928,54.38044,-28.40212,,185.42,0,0,,2,1,"{""sr"":{""mpox"":88.11928,""mpoy"":54.38044,""mpoz"":-28.40212,""mpoa"":0,""posx"":1.59678,""posy"":1.47619,""posz"":-0.09487,""posa"":0,""unit"":0,""stat"":5,""coor"":2,""momo"":1,""dist"":0,""home"":1,""mots"":1,""plan"":0,""line"":671,""path"":2,""frmo"":2,""prbe"":1,""safe"":0,""estp"":0,""spc"":1,""hold"":0,""macs"":5,""cycs"":1,""sps"":12000,""feed"":185.42,""mark"":1499779243}}",5.241213712572861,0.2002597226025734,0.2046563207914947,0.2228799137088822,5.241213712572861,0.2002597226025734,0.2046563207914947,0.2228799137088822,-1.0163903400000025,-0.0233052599999994,0.0152687600000006,-4.958405000000007,-7.850495839999979,0.37749798000001,-13.585625040000034,37.0,67.43161184000006,99.7,31.25414394,122.7501775600072,2.92812354000017,2.342499160000136,2.342499160000136,7.027497160000409,1408.8683831400012,-0.9934676200000002,0.0467828000000005,-0.0105467199999997,-1.4788176799999948,-0.8206096399999986,1.038,-32.0,36.0,-38.48157533999999,99.8,31.80368346,80.42304061999879,57.307436159999135,58.27058683999911,59.23373685999911,184.4432613799972,1412.5104537400125,-1.0127671799999998,0.1194899599999994,-0.0182119800000002,2.7786787800000003,1.5779164600000022,3.9654287399999992,-7.0,32.0,37.5064393,99.7,31.52344652,110.5655869400006,2.5321971400000147,2.5321971400000147,2.025757840000012,6.077273520000035,1517.5346353600055,-0.8132225399999942,0.4923004800000072,-0.0046381600000013,2.9030780000000265,1.7199924599999954,1.4487348600000076,8.162926299999679,2.6905067200000823,-1.096366300000179,99.7,36.3273004,103.8478664000064,131.73843558000814,102.06761656000631,90.19928928000556,293.74110712001817,1899.40131846,-1.0004378399999996,-0.0160095000000002,-0.0082216800000011,0.204075399999992,2.046619060000008,4.834370360000006,9.0,-14.0,24.248906759999937,99.8,31.7436865,87.00443311998794,61.93535963999142,59.35471923999176,70.41460505999024,188.4465964999739,1094.4086222400124,-1.0070556199999998,-0.0778636000000001,0.0255387200000008,5.1906531999999785,1.6679149000000293,2.0339957399999964,-3.0,16.0,-94.0,99.8,30.87974458,89.23600738000799,86.64945612000776,96.99566050000868,54.96420724000492,214.6837281000192,1198.440557879998,671,X1.6023 Y1.48 Z-0.0951
14:09:47.921,5,674,1.62023,1.49665,-0.09595,88.71505,54.90015,-28.42963,,185.42,0,0,,2,1,"{""sr"":{""mpox"":88.71505,""mpoy"":54.90015,""mpoz"":-28.42963,""mpoa"":0,""posx"":1.62023,""posy"":1.49665,""posz"":-0.09595,""posa"":0,""unit"":0,""stat"":5,""coor"":2,""momo"":1,""dist"":0,""home"":1,""mots"":1,""plan"":0,""line"":674,""path"":2,""frmo"":2,""prbe"":1,""safe"":0,""estp"":0,""spc"":1,""hold"":0,""macs"":5,""cycs"":1,""sps"":12000,""feed"":185.42,""mark"":1499779243}}",5.252355375329063,0.1950460968171565,0.1668420741653721,0.1870073248434275,5.252355375329063,0.1950460968171565,0.1668420741653721,0.1870073248434275,-1.0105324599999992,-0.0171954800000002,0.0002085599999999,-5.028735280000007,-7.907127939999995,0.3274534400000008,-13.631911679999986,37.0,67.30550739999997,99.7,31.2534716,67.2393348200019,1.632022580000046,1.305618120000037,1.305618120000037,3.916854540000111,1249.6850145199994,-0.98858026,0.0362430599999999,0.0056917199999996,-1.4616609600000017,-0.8213075200000001,0.916,-31.53594468,36.0,-38.249976280000034,99.8,31.80847664,86.98399385999971,63.241489019999776,64.84932369999977,65.92121287999977,205.26686635999928,1115.729184759999,-1.02751326,0.1228801399999999,-0.0081286799999998,2.909199240000001,1.7558496999999984,3.784,-7.0,31.572977620000007,37.94006593999999,99.7,31.52,106.64336648000015,2.434780100000004,2.434780100000004,1.9478244800000029,5.843472440000009,1136.4827936799995,-0.9177016999999996,0.1687894199999987,-0.0322528999999998,0.2193715399999908,1.826529779999996,1.5130622400000022,13.548800099999976,5.5369706199999404,2.473677680000191,99.7,36.35,53.5845741400017,68.48954448000224,53.06397122000173,46.58523070000152,152.71317296000498,1413.1903636000038,-1.0061606200000002,-0.0048533400000002,-0.0010700599999999,0.3189942199999928,1.810829940000005,4.787346079999997,9.239815560000013,-14.075676979999995,23.23981556000001,99.8,31.75835858,190.04619737999647,127.71104477999766,122.38975123999774,145.95547953999733,390.7349826599928,1103.6168109199973,-1.0095207599999998,-0.0786748399999999,0.02733978,5.25094914,1.3886215600000087,1.9885405800000029,-3.795136459999984,15.172904040000017,-94.76317695999998,99.8,30.87172908,32.53557452000255,27.688517060002127,30.76146780000236,17.650211320001354,68.66119528000526,1099.212211420001,674,X1.6212 Y1.4977 Z-0.096
14:09:48.177,5,678,1.63759,1.52278,-0.09704,89.15602,55.56393,-28.45736,,185.42,0,0,,2,1,"{""sr"":{""mpox"":89.15602,""mpoy"":55.56393,""mpoz"":-28.45736,""mpoa"":0,""posx"":1.63759,""posy"":1.52278,""posz"":-0.09704,""posa"":0,""unit"":0,""stat"":5,""coor"":2,""momo"":1,""dist"":0,""home"":1,""mots"":1,""plan"":0,""line"":678,""path"":2,""frmo"":2,""prbe"":1,""safe"":0,""estp"":0,""spc"":1,""hold"":0,""macs"":5,""cycs"":1,""sps"":12000,""feed"":185.42,""mark"":1499779243}}",5.14611568791043,0.2040918529472043,0.2109874583493507,0.203809484425386,5.14611568791043,0.2040918529472043,0.2109874583493507,0.203809484425386,-0.9917490799999998,-0.0414161399999999,-0.0075836399999999,-5.0349807600000025,-7.996389479999999,0.2246993200000017,-13.0,36.7352209,66.02711874,99.7,31.24291922,154.36919035999935,3.676102499999985,2.940882539999988,2.940882539999988,8.822646739999962,1545.832624300001,-0.98978428,0.0421160399999999,-0.0135773999999999,-1.460463180000001,-0.8250408399999998,0.8319010599999997,-32.0,36.0,-37.62910896,99.8,31.81525272,59.59402654000009,52.42482010000008,54.21712168000008,55.11327250000008,171.61287318000026,1282.512733240001,-1.0229808399999998,0.1080988799999998,-0.00734192,2.92649426,1.76492702,3.93523202,-6.971264559999997,31.50794572000001,38.028735440000005,99.7,31.5349209,113.56083887999996,2.603947719999999,2.1118934400000016,2.0831579999999987,5.757419720000001,1306.4673722199998,-0.9868218799999996,0.4212795399999992,0.0344475599999998,1.059766180000017,1.6335459399999968,1.3812412600000012,10.127050320000016,10.363998120000067,20.57371503999991,99.7,36.34193734,134.2316551399994,168.35834663999924,130.4398003399994,114.5140104599995,373.8768699599983,1472.4234366200033,-1.00249774,-0.01738788,-0.0008761000000001,0.5424839999999973,1.7866633000000025,4.817019799999999,10.0,-14.138121360000005,24.16635838,99.8,31.759450580000003,33.03302788000117,23.34245296000081,22.37560544000075,26.602415900000917,71.3536267800024,1167.737249860005,-1.0092837,-0.0821300200000001,0.0245823800000001,5.536093299999997,1.76794798,2.186436759999999,-3.7354646599999786,15.07643667999991,-89.48269811999948,99.8,30.8705772,108.12732611999938,125.39135327999928,137.2035816999992,79.95970329999953,307.11795207999825,1193.509361780002,678,X1.6396 Y1.5269 Z-0.0972
14:09:48.436,5,682,1.64762,1.55231,-0.09812,89.41059,56.31388,-28.48488,,185.42,0,0,,2,1,"{""sr"":{""mpox"":89.41059,""mpoy"":56.31388,""mpoz"":-28.48488,""mpoa"":0,""posx"":1.64762,""posy"":1.55231,""posz"":-0.09812,""posa"":0,""unit"":0,""stat"":5,""coor"":2,""momo"":1,""dist"":0,""home"":1,""mots"":1,""plan"":0,""line"":682,""path"":2,""frmo"":2,""prbe"":1,""safe"":0,""estp"":0,""spc"":1,""hold"":0,""macs"":5,""cycs"":1,""sps"":12000,""feed"":185.42,""mark"":1499779243}}",5.190343619312109,0.1935336311681172,0.1876727963257567,0.1973217288920233,5.190343619312109,0.1935336311681172,0.1876727963257567,0.1973217288920233,-0.960994,-0.0143571599999998,0.0049818399999999,-4.900031799999996,-7.771700000000002,0.2900462399999984,-13.80032096,36.80032096,66.70779052,99.7,31.26,60.87214931999935,1.4610485199999843,1.1688390399999875,1.1688390399999875,3.506516119999963,1280.5716841199987,-0.98928492,0.0329517199999999,0.0017218,-1.6125459199999994,-0.7959747199999996,0.88766372,-31.9332008,36.0,-40.08592444,99.8,31.8139028,78.1865300800001,62.98359304000007,66.24136536000007,66.78432752000009,208.49741292000024,1331.2021674799996,-1.00717412,0.1141475200000001,-0.01717316,2.815976360000001,1.5397411999999997,3.841176560000001,-6.937319800000003,32.0,38.0,99.7,31.53099916,104.04228467999994,2.4069351999999986,1.925548359999999,1.925548359999999,5.295257239999997,1360.0506005999991,-0.8507454399999992,0.1921775600000003,-0.0558768800000002,-0.5406462000000327,1.9309075600000043,1.2941137599999994,10.77139704000002,0.0900523599999705,-0.5276298799999246,99.7,36.33,46.38846083999944,61.02291479999926,47.49294767999943,41.694390199999496,135.57579771999835,1817.1915559599984,-1.00516584,0.0010494,-0.01517072,0.6058340399999986,1.807074120000001,4.737074120000001,10.0,-14.190686599999996,24.1906866,99.8,31.76,122.41791764000064,137.57245488000078,131.91811956000078,156.2083885600009,419.2353142800024,1096.1604054400004,-1.01044556,-0.08767144,0.02782384,5.06687204,1.831,2.02296888,-3.9952348,16.0,-95.0,99.8,30.87004764,18.67295951999933,20.73139663999926,22.3487392399992,13.232806239999528,50.28466359999821,1475.9382038000003,682,X1.6489 Y1.5601 Z-0.0984
14:09:48.693,5,685,1.64945,1.58337,-0.09921,89.45722,57.1029,-28.51239,,185.42,0,0,,2,1,"{""sr"":{""mpox"":89.45722,""mpoy"":57.1029,""mpoz"":-28.51239,""mpoa"":0,""posx"":1.64945,""posy"":1.58337,""posz"":-0.09921,""posa"":0,""unit"":0,""stat"":5,""coor"":2,""momo"":1,""dist"":0,""home"":1,""mots"":1,""plan"":0,""line"":685,""path"":2,""frmo"":2,""prbe"":1,""safe"":0,""estp"":0,""spc"":1,""hold"":0,""macs"":5,""cycs"":1,""sps"":12000,""feed"":185.42,""mark"":1499779243}}",5.189151893299212,0.1935246590514216,0.1878009168582171,0.202161787396593,5.189151893299212,0.1935246590514216,0.1878009168582171,0.202161787396593,-1.0389605599999945,-0.0895212800000031,0.0199966400000017,-5.139236120000004,-8.0063526,0.3417083600000116,-10.222586339999191,28.77869395999771,52.93065857999578,99.7,31.24830244,131.60480387999067,3.1484407199997766,2.518752279999821,2.518752279999821,7.556256579999465,1641.8893620200015,-1.0002577800000003,0.0392621800000008,0.0007649199999995,-1.5689087800000203,-0.913425100000008,0.8757743400000045,-31.527861279999996,36.14509794000005,-39.18194283999991,99.8,31.81327006,64.71753520000175,54.622966200001066,57.60089520000117,58.54517164000119,181.44627524000373,1572.7885556200326,-1.0328309199999992,0.109847960000001,-0.0160048200000014,2.8378136,1.725526640000005,3.883076920000003,-6.0,31.35328709999996,38.13546312000004,99.7,31.52706552,111.4524958199992,2.556250119999982,2.044999599999985,2.044999599999985,5.623749759999961,1611.4866332200108,-1.0591932399999984,0.2566843199999966,0.0172360800000022,1.0430219400000604,2.1481259399999657,1.491633659999997,9.15766868000005,4.0,8.778773039999448,99.7,36.32947454,104.3390054999921,141.9627255999892,109.98913913999162,96.56023245999263,314.62009593997607,2365.7564315199843,-1.010618860000001,-0.0135953599999983,-0.0015985200000006,0.5291257999999812,1.9597481000000148,4.716936840000003,9.301564640000068,-14.674526279999924,24.976090919999997,99.8,31.77,58.50356950001312,51.56757894001155,49.155060640011015,58.50356950001312,157.11525564003517,1437.5065030000155,-1.0083995200000004,-0.0623171199999979,0.0174253599999954,5.200267499999987,1.7535493199999954,2.058549319999996,-3.710028519999921,16.0,-94.01014624,99.8,30.869898600000003,90.69126801999045,102.27493805998924,110.1968586399884,65.5460336799931,248.47037959997385,1644.9668235199888,685,X1.6493 Y1.586 Z-0.0993
14:09:48.951,5,689,1.64313,1.6141,-0.1003,89.29672,57.88338,-28.54012,,185.42,0,0,,2,1,"{""sr"":{""mpox"":89.29672,""mpoy"":57.88338,""mpoz"":-28.54012,""mpoa"":0,""posx"":1.64313,""posy"":1.6141,""posz"":-0.1003,""posa"":0,""unit"":0,""stat"":5,""coor"":2,""momo"":1,""dist"":0,""home"":1,""mots"":1,""plan"":0,""line"":689,""path"":2,""frmo"":2,""prbe"":1,""safe"":0,""estp"":0,""spc"":1,""hold"":0,""macs"":5,""cycs"":1,""sps"":12000,""feed"":185.42,""mark"":1499779243}}",5.513674688477756,0.2071831531113873,0.201248207138423,0.205776178696708,5.513674688477756,0.2071831531113873,0.201248207138423,0.205776178696708,-1.0106574399999997,-0.0305665399999999,0.0108784999999996,-5.293336160000007,-7.878449419999995,0.4418175200000044,-13.45812719999999,36.0,66.13338782000001,99.7,31.24782888,95.02369123999776,2.290636419999946,1.8325092199999569,1.8325092199999569,5.49752723999987,1223.738045219998,-0.99315408,0.0432618600000001,-0.0073002199999998,-1.40162414,-0.7610827999999996,0.9784037600000012,-31.49225492,36.74236632,-38.74236632,99.8,31.81,87.33216016000038,58.39068836000026,61.94490376000027,62.960394340000285,195.48187016000088,1314.1591230999995,-1.03205312,0.1310687999999999,-0.0032115599999999,2.7322254800000003,1.7128379600000012,3.95359654,-6.72210169999999,32.0,38.0,99.7,31.52502378,108.4825317799998,2.488131439999996,2.2684034000000057,1.9905050999999965,5.473889219999991,1246.4577344199977,-0.94679294,0.2263058400000006,0.00785474,3.1070658799999906,0.7733841600000003,1.593761000000003,10.462964700000017,14.455632220000233,15.453425299999855,99.7,36.31987778,73.91595691999807,99.6062595599974,77.52161399999798,68.05676563999822,221.2971650999942,1673.0110528600062,-1.00538218,-0.00992884,-0.0023781200000004,0.6312788399999923,1.8935099600000025,4.767058560000002,9.0,-13.468982159999982,22.925436560000005,99.8,31.7753099,136.13090658000397,97.1792133600028,93.20111660000268,110.8184010600032,296.65233512000856,1115.2259363400003,-1.01,-0.0816650599999999,0.0298573000000001,5.045895159999993,1.9520823,2.101078639999999,-3.557438000000019,15.98495308,-94.44256199999998,99.8,30.87,54.72191811999764,61.98967283999733,65.83730765999717,39.75889375999829,149.2027298399936,1347.5379795800045,689,X1.6412 Y1.6195 Z-0.1005
14:09:49.208,5,692,1.62903,1.6421,-0.10139,88.93843,58.59452,-28.56785,,185.42,0,0,,2,1,"{""sr"":{""mpox"":88.93843,""mpoy"":58.59452,""mpoz"":-28.56785,""mpoa"":0,""posx"":1.62903,""posy"":1.6421,""posz"":-0.10139,""posa"":0,""unit"":0,""stat"":5,""coor"":2,""momo"":1,""dist"":0,""home"":1,""mots"":1,""plan"":0,""line"":692,""path"":2,""frmo"":2,""prbe"":1,""safe"":0,""estp"":0,""spc"":1,""hold"":0,""macs"":5,""cycs"":1,""sps"":12000,""feed"":185.42,""mark"":1499779243}}",5.303433331918752,0.1994682328598391,0.185256379479282,0.1890201554734403,5.303433331918752,0.1994682328598391,0.185256379479282,0.1890201554734403,-0.994351320000002,-0.029323519999998,0.0090522000000008,-4.99157087999998,-7.880244919999999,0.3860319600000041,-13.430771040000051,36.897625200000014,66.75916784000013,99.7,31.2516868,97.57252887999236,2.334271119999817,1.8674169599998536,1.8674169599998536,5.135396279999598,1449.855567480021,-0.9889296,0.0397569199999997,-0.00031984,-1.5894111600000105,-0.8035007999999962,0.8733799200000024,-31.80479180000003,36.0,-39.29700784000002,99.8,31.81804772,76.51971832000137,57.88738720000089,61.94966012000096,62.96522816000097,195.496878440003,1024.7554375599957,-1.0056639600000006,0.1218179199999998,-0.0098323199999998,2.7751429200000106,1.7043168399999962,4.020313560000006,-6.209846999999967,32.0,37.706313599999966,99.7,31.52,109.22265599999928,2.482333119999984,1.9858665199999872,1.9858665199999872,5.461132399999965,1063.6464394400127,-1.0578611999999994,0.1188751199999975,0.0306987600000002,2.6836538800000698,1.3421181599999457,1.459257800000014,7.394816919999879,1.8683469600001024,-2.5245548000007854,99.7,36.31,78.22882823999318,102.28654983999115,80.08476427999311,70.20576859999393,227.2398242399804,1681.9110375999928,-1.0061346000000002,-0.0090491600000005,0.0028958800000012,0.4360366799999753,1.648237960000013,4.821354480000006,9.948024159999994,-15.0,23.40133631999994,99.8,31.76948032,102.23062952001044,93.48362376000956,89.65680844000916,106.60413224001093,285.9177495600292,933.3890627999996,-1.0025646799999997,-0.07553552,0.0344952,5.359967520000019,1.787836599999988,2.031294040000016,-3.9798651999999977,15.444225279999936,-94.9798652,99.8,30.86444232,56.49712527999198,64.87699755999076,68.85488895999019,41.75715811999405,155.92300567997776,1239.1740299999983,692,X1.6289 Y1.6423 Z-0.1014
14:09:49.465,5,696,1.60815,1.66523,-0.10253,88.40813,59.18196,-28.59685,,185.42,0,0,,2,1,"{""sr"":{""mpox"":88.40813,""mpoy"":59.18196,""mpoz"":-28.59685,""mpoa"":0,""posx"":1.60815,""posy"":1.66523,""posz"":-0.10253,""posa"":0,""unit"":0,""stat"":5,""coor"":2,""momo"":1,""dist"":0,""home"":1,""mots"":1,""plan"":0,""line"":696,""path"":2,""frmo"":2,""prbe"":1,""safe"":0,""estp"":0,""spc"":1,""hold"":0,""macs"":5,""cycs"":1,""sps"":12000,""feed"":185.42,""mark"":1499779243}}",5.31422211683977,0.1990933178415085,0.2075089855870784,0.2025315094582144,5.31422211683977,0.1990933178415085,0.2075089855870784,0.2025315094582144,-0.9906659999999996,-0.0353216,0.0090365999999997,-5.382233500000008,-7.747781999999998,0.5186746000000018,-13.932250700000004,37.0,66.86450110000001,99.7,31.256765400000003,126.7614902000016,3.043894000000039,2.435115400000031,2.435115400000031,6.696566900000086,1744.9097120000015,-0.9928897,0.0456381,-0.0090846999999998,-1.6041675999999991,-0.7610188999999999,0.9368004000000004,-31.4757149,36.0,-38.21654039999999,99.8,31.82,67.07582749999976,53.75580489999981,57.5615257999998,58.98867149999979,183.62602509999937,1328.026850400001,-0.9955794999999996,0.1112212999999998,-0.0107651,2.747,1.5946814999999994,4.015411599999999,-6.365714300000008,32.0,38.36571430000001,99.7,31.5187408,110.82157040000014,2.5417789000000037,2.176064599999996,2.033423000000002,5.7345557000000005,1453.5138344999978,-0.9921000999999992,0.2722258000000013,5.11999999997087e-05,3.861408099999976,1.2348963999999965,1.4855092999999968,9.668551500000024,3.654244000000109,6.464585699999946,99.7,36.3214504,104.22809740000142,135.06481280000185,105.46156600000144,93.12688000000126,300.34960550000403,1758.3207884999972,-1.0013375999999998,-0.0088562999999999,0.0177588999999999,0.2815291999999963,1.7775544,4.8792228,9.380794699999988,-13.133112999999982,23.451987099999968,99.8,31.7660266,54.705549099998414,57.420436199998,55.01050559999808,65.40883319999772,175.42984509999388,982.8607838999968,-1.0041607,-0.0763324,0.0316641000000001,5.109505199999993,1.9704948000000075,2.0716106,-4.0,15.289118999999989,-95.07708220000004,99.8,30.87,82.65514490000159,101.09885500000192,106.56365780000203,64.89453530000125,241.1344311000046,1548.5500741999992,696,X1.6054 Y1.6676 Z-0.1027
14:09:49.723,5,700,1.58206,1.68218,-0.10366,87.74555,59.61263,-28.62542,,185.42,0,0,,2,1,"{""sr"":{""mpox"":87.74555,""mpoy"":59.61263,""mpoz"":-28.62542,""mpoa"":0,""posx"":1.58206,""posy"":1.68218,""posz"":-0.10366,""posa"":0,""unit"":0,""stat"":5,""coor"":2,""momo"":1,""dist"":0,""home"":1,""mots"":1,""plan"":0,""line"":700,""path"":2,""frmo"":2,""prbe"":1,""safe"":0,""estp"":0,""spc"":1,""hold"":0,""macs"":5,""cycs"":1,""sps"":12000,""feed"":185.42,""mark"":1499779243}}",5.414114270605211,0.201876817774412,0.1830353905268607,0.1945495749781259,5.414114270605211,0.201876817774412,0.1830353905268607,0.1945495749781259,-1.03249592,-0.0163948999999992,0.02,-5.082510819999984,-7.971452560000004,0.2498802799999977,-13.0,37.0,66.69397920000003,99.7,31.2493574,63.65226695999394,1.5301025599998543,1.2240816199998832,1.2240816199998832,3.36622591999968,1331.7865768000008,-0.9803738199999996,0.05563884,-0.0282571400000002,-1.5082792199999937,-0.7445974399999977,0.9121281600000016,-31.062447979999977,36.93755202000003,-38.52214787999997,99.8,31.81,75.59853718000127,61.05390152000067,65.37630202000071,66.99720160000074,208.5558054600023,1472.5767824200166,-1.0027715199999994,0.1197525599999999,-0.0027326000000001,2.7824962399999986,1.742659739999998,3.9525245400000064,-7.0,31.933147620000025,38.44820190000003,99.7,31.52484918,106.20307051999949,2.424727459999988,1.9397818799999904,1.9397818799999904,5.334400639999974,1265.1618294199984,-1.0631131600000048,0.2046126400000029,0.0472076600000029,3.7911149400001376,1.4103797000000071,1.506946140000007,11.604307960000074,13.00613951999954,16.403266900000446,99.7,36.34715346,47.9078009599943,61.31602431999311,48.50567391999452,42.5275110599952,136.58109669998464,1356.573808560015,-1.002819679999999,-0.0118733200000006,-0.0231323400000026,0.4505060600000292,2.103280960000015,4.872049440000006,9.871865420000049,-14.0,23.92324328,99.8,31.76871872,128.80754650000725,135.9635213600076,130.3977630400073,155.0461214200087,415.0465396600233,1083.7974578000103,-0.99926956,-0.0741428399999996,0.0119012799999988,5.6754599000000185,1.5952027399999968,2.2005681200000184,-3.134470839999948,15.966329279999998,-95.03367072,99.8,30.8773106,27.238500219991817,25.0530838999926,26.23007437999224,16.141584739995217,59.72390419998234,1052.8630925400034,700,X1.5757 Y1.685 Z-0.1039
14:09:49.979,5,703,1.55222,1.6918,-0.10475,86.98742,59.85696,-28.65315,,185.42,0,0,,2,1,"{""sr"":{""mpox"":86.98742,""mpoy"":59.85696,""mpoz"":-28.65315,""mpoa"":0,""posx"":1.55222,""posy"":1.6918,""posz"":-0.10475,""posa"":0,""unit"":0,""stat"":5,""coor"":2,""momo"":1,""dist"":0,""home"":1,""mots"":1,""plan"":0,""line"":703,""path"":2,""frmo"":2,""prbe"":1,""safe"":0,""estp"":0,""spc"":1,""hold"":0,""macs"":5,""cycs"":1,""sps"":12000,""feed"":185.42,""mark"":1499779243}}",5.167359653233264,0.2001562663342088,0.2021554665315914,0.2044484302016348,5.167359653233264,0.2001562663342088,0.2021554665315914,0.2044484302016348,-1.0094271999999995,-0.0355958600000002,0.0264507999999988,-5.159711239999999,-7.965455619999989,0.4708395400000079,-13.0,37.0,65.48219884000011,99.7,31.25995388,157.84206429998943,3.794502399999747,3.035601319999797,3.035601319999797,8.347904879999444,1688.891227559949,-0.9902071199999998,0.0379442599999996,0.0007225400000002,-1.3976831000000038,-0.7071096800000095,0.9488360999999944,-31.45266804000005,36.0,-38.565123140000026,99.8,31.82,61.24058590000147,49.70250522000119,53.69645626000129,55.027773600001325,170.8523606600041,1344.0810073599898,-1.0150907599999994,0.1277415199999984,0.0067439199999991,2.868415439999997,1.677746820000003,3.90332454,-6.990417159999955,32.0,38.0,99.7,31.5103427,112.26318025999934,2.60965769999998,2.087725959999984,2.087725959999984,6.263177879999951,1349.0347084199689,-0.9420099200000122,0.2128881799999964,0.0107549000000025,-0.1223091199997567,1.5704540599999723,1.3365091200000283,6.547885539999815,0.8191308800002657,-2.3138247200000643,99.7,36.35,125.10701221999112,168.11254839998807,132.92620097999057,116.50590555999172,373.7572008599735,2098.978526159927,-1.0098500800000003,-0.0059452999999997,0.0284327199999991,0.6478785199999703,1.824483560000022,4.815404699999995,9.018232680000086,-14.910121260000007,23.981767319999918,99.8,31.77089866,22.29695582001855,18.50533892001323,17.730324400012616,21.081787960015,56.326212960040095,1305.6214707599731,-1.0040217399999998,-0.0721587599999999,0.0389046799999993,5.239399639999991,1.7221912000000157,2.012753580000006,-0.195816100000349,0.9418617400013812,-5.533437520008116,99.8,30.88058906,144.93458043998672,140.22891187998715,146.81684747998654,90.34882951999172,335.9847091599692,1568.22018759995,703,X1.5508 Y1.6921 Z-0.1048
14:09:50.238,5,707,1.52094,1.69322,-0.10584,86.19297,59.89309,-28.68088,,185.42,0,0,,2,1,"{""sr"":{""mpox"":86.19297,""mpoy"":59.89309,""mpoz"":-28.68088,""mpoa"":0,""posx"":1.52094,""posy"":1.69322,""posz"":-0.10584,""posa"":0,""unit"":0,""stat"":5,""coor"":2,""momo"":1,""dist"":0,""home"":1,""mots"":1,""plan"":0,""line"":707,""path"":2,""frmo"":2,""prbe"":1,""safe"":0,""estp"":0,""spc"":1,""hold"":0,""macs"":5,""cycs"":1,""sps"":12000,""feed"":185.42,""mark"":1499779243}}",5.251633083717235,0.1972170175195375,0.1977805545994811,0.1855508852818826,5.251633083717235,0.1972170175195375,0.1977805545994811,0.1855508852818826,-0.9711211599999978,-0.0496110000000007,0.0161160800000007,-5.175899240000032,-7.699048639999961,0.4782451200000093,-13.0,37.12329999999994,65.12329999999994,99.7,31.25123296,65.53072879999102,1.5798891199997849,1.2639117599998275,1.2639117599998275,3.475756759999526,1673.358901520004,-0.99150076,0.0394792000000003,-0.0189167200000012,-1.5494326799999985,-0.9104784000000028,0.8880382799999967,-31.53862036000001,36.0,-39.28326188000008,99.8,31.82166284,72.17518812000121,60.32553000000101,65.17311708000109,66.78897984000112,207.3690098800035,1528.566020840026,-1.0221765199999993,0.121947279999999,-0.0129767200000005,2.788723919999996,1.6805206799999968,3.967,-7.0,31.516819280000004,36.56677191999995,99.7,31.5111724,104.28348959999924,2.415904759999981,1.932723879999985,1.932723879999985,5.798170959999956,1740.4401372000195,-0.944902600000002,0.3719740799999997,0.0512277200000039,1.6090419999999026,1.542621720000056,1.3713087599999807,7.331645079999747,-0.5976503199994392,8.127364719999175,99.7,36.36,51.56632431999196,63.5584933999901,50.36710787999216,43.77141511999318,141.207784159978,2705.181403720034,-1.005747280000001,-0.0083014799999996,0.0215134400000026,0.5418294400000035,1.822388240000021,4.747615440000004,9.985306240000009,-14.985306240000009,24.0,99.8,31.78,148.70871284001265,133.46446008001115,127.23451508001064,151.43249024001264,405.886826640034,1445.0760792800274,-1.0078658000000005,-0.0788018400000008,0.0487053200000017,4.912804479999964,2.0294028000000184,1.95338976,-4.0,16.0,-94.81632100000007,99.8,30.88816312,36.18474943998551,27.36816107998904,28.65391371998852,17.633177559992937,65.57337931997374,1924.3511067600168,707,X1.5164 Y1.6928 Z-0.106
14:09:50.494,5,711,1.49052,1.68653,-0.10692,85.42046,59.72319,-28.7084,,185.42,0,0,,2,1,"{""sr"":{""mpox"":85.42046,""mpoy"":59.72319,""mpoz"":-28.7084,""mpoa"":0,""posx"":1.49052,""posy"":1.68653,""posz"":-0.10692,""posa"":0,""unit"":0,""stat"":5,""coor"":2,""momo"":1,""dist"":0,""home"":1,""mots"":1,""plan"":0,""line"":711,""path"":2,""frmo"":2,""prbe"":1,""safe"":0,""estp"":0,""spc"":1,""hold"":0,""macs"":5,""cycs"":1,""sps"":12000,""feed"":185.42,""mark"":1499779243}}",5.068367380362753,0.1919857027863628,0.1998949681881347,0.2012515178753492,5.068367380362753,0.1919857027863628,0.1998949681881347,0.2012515178753492,-0.9889906000000016,-0.0404009999999998,0.0032581600000004,-4.734648159999987,-8.050069519999996,0.3281388799999977,-13.569975160000103,38.0,66.32862456000004,99.7,31.24164304,129.10042952000765,3.103376000000184,2.482700200000147,2.482700200000147,6.8274268000004055,1367.3815681200158,-0.9916518400000002,0.0468891200000004,-0.0363378400000017,-1.5003752399999963,-0.7746313599999994,1.0574169600000018,-31.0,36.0,-38.47455688,99.8,31.8215624,64.5223550799986,53.62495707999911,57.42141399999904,58.84508579999902,182.22994255999697,1105.7844830800002,-1.0067880799999995,0.1246350399999996,-0.0125326800000004,2.8213288000000047,1.652462399999991,3.99688,-7.0,32.0,36.344001600000034,99.7,31.5151016,110.70674908000063,2.5508465200000146,2.5508465200000146,2.040677160000012,6.122032480000035,1256.2733583600077,-0.916612199999998,0.2306888800000058,-0.0099338399999979,1.1781241599999517,1.641081559999961,1.4336083199999958,10.912559240000256,14.118557960000166,15.354656960000428,99.7,36.35943412,103.52640476000666,130.9733971200083,103.86588348000656,90.62601504000575,291.56541004001843,1808.5100919600293,-1.0076206800000005,-0.0151532800000005,-0.0109773600000007,0.3088486400000209,1.6937536800000137,4.645051639999998,10.0,-14.656514000000062,24.318684159999943,99.8,31.79,54.4949865199904,54.17630263999045,51.94551335999084,61.50603723998916,165.07838079997092,1010.2714168400054,-1.0105214399999995,-0.0759038399999998,0.0153157999999995,5.168507320000004,1.8841435999999887,1.9361743200000037,-4.0,16.0,-94.01093036,99.8,30.89680424,143.26310036001306,104.63327076000937,109.5603720800098,67.42176740000603,250.71376692002244,1358.0885110800182,711,X1.4831 Y1.6836 Z-0.1072
14:09:50.752,5,714,1.4627,1.67203,-0.10802,84.71371,59.35489,-28.73612,,185.42,0,0,,2,1,"{""sr"":{""mpox"":84.71371,""mpoy"":59.35489,""mpoz"":-28.73612,""mpoa"":0,""posx"":1.4627,""posy"":1.67203,""posz"":-0.10802,""posa"":0,""unit"":0,""stat"":5,""coor"":2,""momo"":1,""dist"":0,""home"":1,""mots"":1,""plan"":0,""line"":714,""path"":2,""frmo"":2,""prbe"":1,""safe"":0,""estp"":0,""spc"":1,""hold"":0,""macs"":5,""cycs"":1,""sps"":12000,""feed"":185.42,""mark"":1499779243}}",5.425634012304934,0.2115102742951186,0.2098708524940168,0.2077194902415379,5.425634012304934,0.2115102742951186,0.2098708524940168,0.2077194902415379,-0.9887534800000002,-0.0260694399999999,0.01621384,-5.329376440000001,-7.90566856,0.5238131600000006,-8.035663760000055,24.905481240000167,43.48231096000029,99.7,31.25,97.10063271999935,2.3548310799999843,1.883864799999988,1.883864799999988,5.180627999999966,1470.46937232,-0.99025176,0.0439944799999999,-0.0040043599999999,-1.5398661599999994,-0.7763866399999997,0.9610020399999998,-31.24478784,36.0,-38.7518388,99.8,31.84,73.01535404000009,57.29677048000007,61.35317936000008,62.87433212000008,194.20055944000023,1143.7988598799998,-1.00348516,0.11114952,-0.0108203599999999,2.73275304,1.7842469599999995,3.93912752,-6.731857999999997,31.2301596,36.72846076,99.7,31.51271544,107.24871063999996,2.491505999999999,2.491505999999999,1.993204839999999,5.979614639999997,1161.7310816399995,-1.0069279999999996,0.1034216799999993,-0.0039940800000002,2.026808280000002,2.5561575600000035,1.51435032,6.940865399999985,7.92149896000004,-3.1496690000000136,99.7,36.37,77.71389139999944,99.45527727999928,78.17647431999943,67.9996549199995,220.1893590799984,1628.9026693599983,-0.9998014,-0.0142373199999999,-0.0137848399999999,0.3397543200000022,1.6251422799999988,4.698784559999999,9.96120652,-14.0,24.509963440000003,99.8,31.78548744,119.78984224000102,92.7399294400008,88.89863068000076,105.91009704000088,283.1198070000024,939.6455374,-1.0026744,-0.07578572,0.0289351999999999,5.006838999999997,1.6333210000000038,1.9877656000000004,-4.0,16.0,-94.8760982,99.8,30.88461952,85.190320399999,65.56532447999922,69.57952839999918,42.3721486399995,158.33802959999812,1318.5831652399986,714,X1.4607 Y1.6707 Z-0.1081
14:09:51.009,5,718,1.4398,1.65093,-0.1091,84.13204,58.81895,-28.76364,,185.42,0,0,,2,1,"{""sr"":{""mpox"":84.13204,""mpoy"":58.81895,""mpoz"":-28.76364,""mpoa"":0,""posx"":1.4398,""posy"":1.65093,""posz"":-0.1091,""posa"":0,""unit"":0,""stat"":5,""coor"":2,""momo"":1,""dist"":0,""home"":1,""mots"":1,""plan"":0,""line"":718,""path"":2,""frmo"":2,""prbe"":1,""safe"":0,""estp"":0,""spc"":1,""hold"":0,""macs"":5,""cycs"":1,""sps"":12000,""feed"":185.42,""mark"":1499779243}}",5.044040780346202,0.1944918220190114,0.1914575495197416,0.2030414552542478,5.044040780346202,0.1944918220190114,0.1914575495197416,0.2030414552542478,-1.0286627999999995,-0.0067177600000011,0.0204696800000004,-4.8653646999999935,-7.968715060000002,0.2549336799999979,-12.457820480000022,37.45782048000002,66.45782048000002,99.7,31.24189756,93.39537474000444,2.289102400000109,1.831281920000087,1.831281920000087,5.036024700000239,2090.831493099994,-0.9875936400000004,0.0414080800000001,-0.0050765400000003,-1.5407058399999911,-0.8619958199999982,0.9542527999999978,-31.677809420000024,35.677809420000024,-38.492872080000005,99.8,31.84,78.41991267999927,57.81259929999948,61.362495739999446,62.37675199999944,194.23004845999824,1491.469636299992,-1.0266270999999991,0.1249332999999996,-0.00497992,2.8501040000000013,1.8124551399999955,4.07678934,-7.0,31.30314163999998,36.50331616,99.7,31.51496662,107.7804344800004,2.4834200400000093,2.4834200400000093,1.9867362000000075,5.960208600000022,1821.41996571998,-0.789667240000007,0.4359128199999934,-0.0150223399999982,2.6558084599999088,1.7213519799999837,1.4446790600000097,8.547383740000072,-2.044718079999781,12.094033599999571,99.7,36.36333354,75.48796722000392,94.76643208000483,74.27383458000378,63.74148446000325,208.2145072800106,3258.143853659946,-1.00335216,-0.0209741200000001,-0.0189193599999999,0.297247620000004,1.8013810999999909,4.659453219999995,9.563544419999968,-14.947947320000004,25.33235022000004,99.8,31.79,126.7974139399926,95.23894605999446,91.29413769999468,108.20045939999368,289.09810311998314,1332.4869606800005,-1.01042928,-0.0747319600000005,0.02064098,5.219356400000014,1.9010214999999957,2.0790786800000114,-3.0211305599999987,16.0,-95.19016061999992,99.8,30.89021112,79.45662958000686,62.20331936000539,66.03777066000573,40.04871232000347,150.80061712001307,2271.574187839985,718,X1.4362 Y1.6464 Z-0.1093
14:09:51.266,5,721,1.42311,1.62441,-0.11019,83.708,58.14536,-28.79137,,185.42,0,0,,2,1,"{""sr"":{""mpox"":83.708,""mpoy"":58.14536,""mpoz"":-28.79137,""mpoa"":0,""posx"":1.42311,""posy"":1.62441,""posz"":-0.11019,""posa"":0,""unit"":0,""stat"":5,""coor"":2,""momo"":1,""dist"":0,""home"":1,""mots"":1,""plan"":0,""line"":721,""path"":2,""frmo"":2,""prbe"":1,""safe"":0,""estp"":0,""spc"":1,""hold"":0,""macs"":5,""cycs"":1,""sps"":12000,""feed"":185.42,""mark"":1499779243}}",5.202840828991343,0.2027446369921383,0.2124032412605675,0.214757584805192,5.202840828991343,0.2027446369921383,0.2124032412605675,0.214757584805192,-1.006475680000002,-0.0121541599999996,-0.0043996799999997,-5.062743879999994,-8.01219783999999,0.1231330399999882,-12.936007120000015,38.37865007999997,66.75729943999993,99.7,31.25135976,127.99813568000766,3.1067510400001863,2.485400400000149,2.485400400000149,6.834852000000409,1470.7764658400013,-0.9965566400000004,0.0417787200000001,-0.0043698399999998,-1.6710826800000094,-0.908292160000002,0.9404281600000024,-31.87568112000003,35.47521352,-39.0,99.8,31.8487568,71.75728511999884,54.64958767999912,57.50087079999907,58.45129855999906,181.53167499999708,1592.78515287998,-0.9878179600000008,0.1615983200000014,-0.0060441999999998,2.8677164799999995,1.6574648399999985,3.981779480000004,-7.242282040000068,31.13412027999997,36.86587972000003,99.7,31.51757704,111.02568924000072,2.9290153200000506,2.5526130000000147,2.042090400000012,6.126271200000036,1467.8868291199738,-0.9826267600000004,0.1846940000000099,-0.0202542799999957,3.65359184000024,1.2814033999999723,1.3590777999999937,10.181244879999998,18.051971160000974,9.399403519998728,99.7,36.36850888,102.44638116000654,135.1286617600086,105.58890784000674,91.76178872000584,297.911561600019,1499.1602519599944,-1.0036656400000004,-0.0137451200000001,-0.0211837199999996,0.1289444000000059,1.9443751200000143,4.787187560000008,9.061414560000006,-14.254642079999938,23.316056639999942,99.8,31.79,45.54369727999338,53.09753871999055,50.885141679990944,60.366845119989264,161.5050149199713,1330.2708342399903,-1.0017654399999985,-0.0801793599999984,0.0370216000000016,5.178152159999988,1.7965957199999805,2.018860199999984,-3.7300805600000655,16.701280560000065,-94.73008056000006,99.8,30.8973008,146.56762968001317,100.98439568000909,107.9972004000097,65.21908892000586,246.1494642400221,1287.2662473199837,721,X1.423 Y1.6242 Z-0.1102
14:09:51.528,5,725,1.4139,1.59393,-0.1113,83.47418,57.37115,-28.81952,,185.42,0,0,,2,1,"{""sr"":{""mpox"":83.47418,""mpoy"":57.37115,""mpoz"":-28.81952,""mpoa"":0,""posx"":1.4139,""posy"":1.59393,""posz"":-0.1113,""posa"":0,""unit"":0,""stat"":5,""coor"":2,""momo"":1,""dist"":0,""home"":1,""mots"":1,""plan"":0,""line"":725,""path"":2,""frmo"":2,""prbe"":1,""safe"":0,""estp"":0,""spc"":1,""hold"":0,""macs"":5,""cycs"":1,""sps"":12000,""feed"":185.42,""mark"":1499779243}}",5.111160067217371,0.1912462517023554,0.1966723009157515,0.1983667568361423,5.111160067217371,0.1912462517023554,0.1966723009157515,0.1983667568361423,-0.97714312,-0.0269590000000011,-0.0017364800000009,-4.976248719999979,-7.917767360000019,0.4868986400000025,-12.740709120000073,37.0,66.48141824000014,99.7,31.25749764,51.55419607998977,1.2513149999997517,1.0010527599998014,1.0010527599998014,2.752894119999454,1261.3898956399687,-0.9947506000000004,0.0441810000000005,-0.0013934800000001,-1.6251949600000068,-0.8478758399999987,0.997644839999998,-32.0,36.0,-38.10771192000002,99.8,31.83,86.29527836000187,63.69342596000121,67.01656172000126,67.57041672000129,211.019089640004,1184.6838928799914,-1.0106398800000005,0.1192140399999993,-0.0129276799999999,2.7788882800000003,1.739276159999997,4.000052759999997,-7.019089399999957,31.477236999999995,36.01908939999996,99.7,31.504772,103.08309431999906,2.3861831599999785,2.3861831599999785,1.9089461199999829,5.726838399999949,1158.565083159987,-0.8958756799999974,0.3077889999999956,-0.0035416000000024,4.231117680000164,0.4964393199999861,1.5003715600000025,7.710642520000198,-3.2955690400011144,9.129159200000576,99.7,36.36774076,37.472025199991165,49.12503807998858,38.11808759999107,33.3736386799922,108.86860483997464,1635.3457119599427,-1.0056227600000007,-0.0032917599999987,-0.00930336,0.5892379200000349,1.8675537999999816,4.873363040000009,10.0,-14.085029120000009,25.0,99.8,31.79085056,205.56771816001756,146.70858456001247,140.55912368001196,166.91395904001425,447.1537114400381,1210.740130240005,-1.0098098800000002,-0.0765832800000003,0.0122994800000002,5.530814920000026,1.7158803200000006,2.079636999999995,-4.0,16.0,-95.0,99.8,30.88962368,15.19607835998404,10.795284199988007,11.669072679987092,6.95599779999228,26.454856759970752,1255.6932258799732,725,X1.4134 Y1.5911 Z-0.1114
14:09:51.787,5,729,1.41301,1.56257,-0.11239,83.45146,56.57458,-28.84725,,185.42,0,0,,2,1,"{""sr"":{""mpox"":83.45146,""mpoy"":56.57458,""mpoz"":-28.84725,""mpoa"":0,""posx"":1.41301,""posy"":1.56257,""posz"":-0.11239,""posa"":0,""unit"":0,""stat"":5,""coor"":2,""momo"":1,""dist"":0,""home"":1,""mots"":1,""plan"":0,""line"":729,""path"":2,""frmo"":2,""prbe"":1,""safe"":0,""estp"":0,""spc"":1,""hold"":0,""macs"":5,""cycs"":1,""sps"":12000,""feed"":185.42,""mark"":1499779243}}",5.373047683277897,0.2005700582901241,0.1964447133403707,0.1990128789418136,5.373047683277897,0.2005700582901241,0.1964447133403707,0.1990128789418136,-1.0042331800000053,-0.0077110199999946,-0.0193411200000005,-5.469819599999997,-7.824474899999999,0.3908265199999998,-13.0,37.0,67.58747134000008,99.7,31.24196768,142.54921286000598,3.4768100200001464,2.781447960000117,2.781447960000117,7.648981960000322,2455.219177319957,-0.9897385799999996,0.0361648000000002,0.0030778000000002,-1.6189463400000084,-0.819409440000005,0.8774685400000014,-32.0,36.37852814000002,-39.0,99.8,31.843784860000003,74.61183649999889,52.93193327999928,54.757172059999256,55.66979187999924,173.31993003999767,2218.6673725399905,-1.0482511399999994,0.1386066399999987,-0.0236819799999997,2.77649942,1.783703220000007,4.055051240000002,-7.410662040000026,31.48360204,36.927060000000026,99.7,31.5151641,111.54188128000052,3.0983860400000145,2.581988080000012,2.0655901200000097,6.196771080000029,2166.8946482000115,-0.9126178399999936,0.5080048800000138,-0.0013956399999987,1.5495713600000718,1.3190491199999683,1.5764313799999992,11.152949680000235,-4.28710444000033,10.460145560000264,99.7,36.36,118.11876114000523,155.82216910000693,120.22407576000536,105.99637488000474,347.21359212001545,2355.67339443998,-1.0127184000000002,0.0018908400000006,-0.0013500400000003,0.6178405199999991,1.6864921200000047,4.749367300000002,9.796861040000044,-14.78442750000005,24.78442750000005,99.8,31.79796838,49.3627319199892,33.72104315999262,32.29907173999293,38.39323561999159,102.3819619399776,1979.1176546199752,-1.0070022000000003,-0.0550457400000002,-0.0032806200000005,5.148078119999994,1.598537360000015,1.881922300000003,-3.979808220000008,15.919232880000031,-93.52549352000018,99.8,30.888398220000003,153.60775222000922,116.03177750000698,126.88919044000764,74.29191234000446,285.4956314400172,2003.7486426399707,729,X1.4137 Y1.5566 Z-0.1126
14:09:52.044,5,732,1.42027,1.53228,-0.11347,83.6359,55.80524,-28.87477,,185.42,0,0,,2,1,"{""sr"":{""mpox"":83.6359,""mpoy"":55.80524,""mpoz"":-28.87477,""mpoa"":0,""posx"":1.42027,""posy"":1.53228,""posz"":-0.11347,""posa"":0,""unit"":0,""stat"":5,""coor"":2,""momo"":1,""dist"":0,""home"":1,""mots"":1,""plan"":0,""line"":732,""path"":2,""frmo"":2,""prbe"":1,""safe"":0,""estp"":0,""spc"":1,""hold"":0,""macs"":5,""cycs"":1,""sps"":12000,""feed"":185.42,""mark"":1499779243}}",5.140681497078475,0.198719958168319,0.2117845194066933,0.2106740523764155,5.140681497078475,0.198719958168319,0.2117845194066933,0.2106740523764155,-1.0115029600000005,-0.0212442800000005,0.0224194800000001,-4.889372160000004,-7.849750519999995,0.3564411199999937,-13.216798960000029,37.21679896000003,66.32912927999998,99.7,31.26454084,78.72541508000383,1.9068167200000927,1.5254534000000746,1.5254534000000746,4.194997040000205,1303.4903418800054,-0.99824988,0.0558604000000003,0.0077790799999998,-1.4390171599999997,-0.7064888400000019,0.631548560000005,-32.0,36.155839880000016,-38.31947407999999,99.8,31.83680536,85.52377231999937,60.86354367999956,62.962286399999535,63.48697143999953,197.80651555999856,1181.8281395600006,-1.02989976,0.1260892399999999,-0.00206272,2.970857880000001,1.7220899199999975,3.7507679600000032,-7.345682079999984,31.853423359999983,38.0,99.7,31.52015496,107.45888584000032,2.953549600000009,2.461291600000007,1.969033160000006,5.907099200000018,1107.0369506800032,-0.9598576799999956,0.3090821599999938,-0.0045894800000028,3.306893279999944,1.046670560000011,1.283411959999993,12.452975919999911,15.687360800000032,13.588663959999767,99.7,36.37570168,61.81798708000332,82.29985016000442,63.307577000003405,56.23202480000303,183.21957636000985,1641.6009999200026,-1.0049237599999998,-0.0117224000000001,0.00539412,0.2654034799999911,1.678035720000003,5.141450439999995,10.0,-14.34460488000003,24.02463188,99.8,31.8,101.8659093999959,112.20443759999536,107.44424875999556,127.84505611999474,341.3488687599859,1256.204583999997,-1.0082535200000005,-0.0788511200000001,0.0282029199999996,5.035451959999997,1.5057008400000045,1.6263470400000042,-3.2947742000000315,16.0,-94.29477420000003,99.8,30.91,51.58556232000552,40.38412600000432,44.805745000004784,25.940168760002773,99.92860344001068,1282.9944500800054,732,X1.4205 Y1.5316 Z-0.1135
14:09:52.301,5,736,1.43533,1.50481,-0.11457,84.01859,55.10745,-28.90249,,185.42,0,0,,2,1,"{""sr"":{""mpox"":84.01859,""mpoy"":55.10745,""mpoz"":-28.90249,""mpoa"":0,""posx"":1.43533,""posy"":1.50481,""posz"":-0.11457,""posa"":0,""unit"":0,""stat"":5,""coor"":2,""momo"":1,""dist"":0,""home"":1,""mots"":1,""plan"":0,""line"":736,""path"":2,""frmo"":2,""prbe"":1,""safe"":0,""estp"":0,""spc"":1,""hold"":0,""macs"":5,""cycs"":1,""sps"":12000,""feed"":185.42,""mark"":1499779243}}",5.078271469412292,0.2007847884144954,0.2000610577205035,0.1971727206885796,5.078271469412292,0.2007847884144954,0.2000610577205035,0.1971727206885796,-1.0121536199999996,-0.02198026,0.0169867799999997,-5.003750780000001,-7.923132860000002,0.3090938800000017,-13.130828280000005,36.45620731999999,65.5870356,99.7,31.25456222,112.02123692000224,2.718961980000054,2.175169300000044,2.175169300000044,5.98171664000012,1907.3089335600016,-0.99165346,0.0452849200000002,-0.00707886,-1.5084664,-0.8038057199999966,0.902267840000001,-32.0,36.0,-36.9824078,99.8,31.84491188,73.81190775999977,57.47086633999973,58.94447845999972,59.43568235999972,185.67510715999916,1420.294696920001,-1.0093054199999998,0.1234777599999999,-0.00350326,2.9165633600000005,1.7900021599999962,3.939744400000001,-7.0,31.49686666,36.49686666,99.7,31.5122029,109.1799334400002,3.0188002000000056,2.515666860000005,2.012533520000004,6.037599980000012,1370.4770998000015,-0.8634956599999934,0.4778883200000105,-0.0469595400000021,1.876832959999942,1.657895540000009,1.6145886399999994,7.460612800000016,6.527295500000282,-0.0165597600002386,99.7,36.36,91.09676616000192,121.13459078000255,93.661170280002,82.70664738000175,270.57671420000577,2129.347215640016,-1.0059545600000002,-0.0048021,0.0072850399999998,0.1621170799999983,2.0047982200000005,4.764770340000002,8.660585400000016,-14.434308720000027,23.62580060000006,99.8,31.80469068,52.197085219998016,71.1778433799973,68.58955793999738,81.09960341999691,216.12181573999175,1262.5560329400005,-0.99962232,-0.076,0.03224464,5.230916600000004,1.83000166,2.007053579999998,-3.443060799999981,16.573306180000017,-95.0,99.8,30.91,130.68201100000428,78.54294504000251,87.71584346000282,49.87763684000159,194.35079052000623,1667.3473051000085,736,X1.4376 Y1.5017 Z-0.1147
14:09:52.559,5,740,1.45704,1.48217,-0.11566,84.56998,54.53235,-28.93022,,185.42,0,0,,2,1,"{""sr"":{""mpox"":84.56998,""mpoy"":54.53235,""mpoz"":-28.93022,""mpoa"":0,""posx"":1.45704,""posy"":1.48217,""posz"":-0.11566,""posa"":0,""unit"":0,""stat"":5,""coor"":2,""momo"":1,""dist"":0,""home"":1,""mots"":1,""plan"":0,""line"":740,""path"":2,""frmo"":2,""prbe"":1,""safe"":0,""estp"":0,""spc"":1,""hold"":0,""macs"":5,""cycs"":1,""sps"":12000,""feed"":185.42,""mark"":1499779243}}",5.23190724976729,0.2007309236567997,0.2128352522149504,0.2122784343605306,5.23190724976729,0.2007309236567997,0.2128352522149504,0.2122784343605306,-0.9982768000000002,-0.04003696,0.0049431600000003,-5.384097140000007,-7.687259519999995,0.549,-13.54542438000001,37.09616739999999,66.55074301999998,99.7,31.26641586,112.54975604000222,2.7271219000000544,2.1816975200000432,2.1816975200000432,6.545092560000129,2006.075724120004,-0.99035336,0.03738772,-0.0028897400000003,-1.575632279999998,-0.8033484599999993,0.9322875600000023,-32.0,36.0,-38.0,99.8,31.84678216,76.17414841999967,57.99064243999974,58.97353437999973,59.95642689999974,186.2580799199992,1788.5124106600065,-1.0034495800000005,0.1011755999999999,-0.0118822199999998,2.856381499999997,1.745635380000001,3.906,-7.0,31.19970915999999,37.80029084000001,99.7,31.51994306,108.1129558600002,2.713963739999995,2.5142545800000047,2.011403780000004,6.034211340000011,1657.5103396400034,-0.8637183599999956,0.6311690200000104,-0.0157439200000008,2.518528060000041,1.4559976399999948,1.492676960000002,12.406474300000026,0.8925850000002387,8.912591059999707,99.7,36.361190740000005,92.64941266000196,121.7051459200026,93.74585570000198,82.78142762000176,270.8213604600058,2575.323599200007,-1.0139995600000002,-0.0093419199999998,0.0051428599999995,0.5674754200000094,1.8173375799999925,4.720881900000003,9.381521699999984,-14.434205999999984,23.618478300000017,99.8,31.81,100.90138863999584,71.64406625999732,69.03882783999741,81.63081525999694,217.97164477999183,1440.4297148000078,-1.0080804799999998,-0.08168458,0.0444758400000005,5.138558459999997,1.7220543800000023,2.004785219999998,-4.0,16.40348853999998,-95.0,99.8,30.9042449,109.35097760000347,78.2722785600025,87.4807822800028,49.49570532000158,193.95410154000615,1867.6053286000035,740,X1.4626 Y1.4779 Z-0.1159
14:09:52.817,5,743,1.48376,1.4661,-0.11674,85.24873,54.12418,-28.95774,,185.42,0,0,,2,1,"{""sr"":{""mpox"":85.24873,""mpoy"":54.12418,""mpoz"":-28.95774,""mpoa"":0,""posx"":1.48376,""posy"":1.4661,""posz"":-0.11674,""posa"":0,""unit"":0,""stat"":5,""coor"":2,""momo"":1,""dist"":0,""home"":1,""mots"":1,""plan"":0,""line"":743,""path"":2,""frmo"":2,""prbe"":1,""safe"":0,""estp"":0,""spc"":1,""hold"":0,""macs"":5,""cycs"":1,""sps"":12000,""feed"":185.42,""mark"":1499779243}}",5.337063743498399,0.1966063496138814,0.1948332905995311,0.2005726436898194,5.337063743498399,0.1966063496138814,0.1948332905995311,0.2005726436898194,-0.9710147999999984,-0.0321803200000024,0.00792602,-5.120082159999974,-7.9144410199999875,0.4179493800000078,-5.535598540000831,15.755164620002368,28.412379340004247,99.7,31.26882766,75.64184346000935,1.8359668400002271,1.4687737600001816,1.4687737600001816,4.406320800000544,1977.5961321599807,-0.9949612599999996,0.0491440799999995,-0.00900874,-1.4755534600000058,-0.760751259999996,0.9592755999999968,-32.0,35.41349719999995,-38.52891665999999,99.8,31.85413512,78.47239763999937,62.94108869999887,63.47000561999887,64.52783845999885,201.40184737999635,1966.122427639994,-1.0217838999999995,0.1299343799999999,-0.0216139199999991,2.8614233399999978,1.761227739999998,3.982944239999995,-7.490201080000004,31.49020108,38.0,99.7,31.51124202,106.37365070000078,2.4510056600000176,2.4510056600000176,1.9608043200000145,5.882413960000043,1802.9409051599573,-0.7902078799999912,0.5187153199999648,0.0502456399999871,4.329233980000002,0.6249760200000171,1.5917374400000088,11.565896680000115,16.267865020000105,9.1581098800006,99.7,36.36,59.11897684000803,79.38791816001071,61.4268503800083,54.24242372000733,177.09612522002394,2706.6057555599323,-1.0060061800000006,-0.0046629199999998,0.0378645799999972,0.3576542800000009,1.5956458599999868,4.81782714,9.068406339999994,-14.236960620000074,25.69463303999993,99.8,31.81,118.78221821998848,114.61442123998886,110.44662351998927,130.5909768599873,350.094958819966,1496.0041174200194,-1.0044070399999985,-0.0730238199999996,0.0168750999999989,5.0996855599999895,2.0279087799999727,2.04114839999999,-3.749319699999921,16.0,-94.97320904,99.8,30.9172252,43.07886618001173,37.45862846001033,42.14884996001163,23.83574238000657,92.95289324002562,1734.6827791199626,743,X1.4853 Y1.4654 Z-0.1168
14:09:53.092,5,747,1.51607,1.45727,-0.11801,86.06936,53.89982,-28.98991,,185.42,0,0,,2,1,"{""sr"":{""mpox"":86.06936,""mpoy"":53.89982,""mpoz"":-28.98991,""mpoa"":0,""posx"":1.51607,""posy"":1.45727,""posz"":-0.11801,""posa"":0,""unit"":0,""stat"":5,""coor"":2,""momo"":1,""dist"":0,""home"":1,""mots"":1,""plan"":0,""line"":747,""path"":2,""frmo"":2,""prbe"":1,""safe"":0,""estp"":0,""spc"":1,""hold"":0,""macs"":5,""cycs"":1,""sps"":12000,""feed"":185.42,""mark"":1499779243}}",5.082067631135651,0.1994595457328415,0.1931760774903471,0.2038490845724917,5.082067631135651,0.1994595457328415,0.1931760774903471,0.2038490845724917,-1.0018385999999992,-0.0294817599999997,0.0148375999999997,-5.16624916,-8.058956839999995,0.5794347200000023,-13.0,37.0,66.0,99.7,31.26458364,132.54534831999743,3.217120039999938,2.5736964799999504,2.5736964799999504,7.721088439999852,1234.7953452,-0.98668584,0.0376718399999999,-0.0150871999999998,-1.5141589599999996,-0.8618547599999993,0.9761922400000018,-32.0,36.53001988,-37.86592999999999,99.8,31.85,70.96549760000048,55.92761064000032,56.73350088000031,57.33755076000032,179.062350360001,1167.4249189999996,-1.0080969199999998,0.1323693200000001,-0.0007960799999998,2.750841199999998,1.77,4.00112576,-7.0,31.12586392000001,37.63775056000001,99.7,31.52488072,110.56749335999976,2.5594326799999947,2.5594326799999947,2.047546039999996,6.1426388799999865,938.2399942000006,-1.0301301999999974,0.2404889599999992,-0.0039896400000011,0.8286757600000867,1.9503468799999908,1.3824369600000046,7.145565080000084,-1.1579048399998544,5.962898159999706,99.7,36.35251584,105.66580051999787,143.85869323999708,111.32276163999776,98.258512399998,321.50487775999346,1491.5081663200033,-1.0088740799999998,-0.0149295200000001,0.0010754399999996,0.2774386399999942,1.7430648800000064,4.75839864,9.30742340000002,-14.713899639999982,25.02132304,99.8,31.81,69.52244852000455,47.4927013600031,45.77609796000299,54.07301512000354,144.48080860000942,979.3036215600056,-1.00784192,-0.0755843599999998,0.0202249199999996,5.318205559999991,2.024357079999996,2.0584995199999985,-4.0,16.0,-93.99064888,99.8,30.92720164,119.5903346799966,99.74433075999715,111.56588075999684,62.80198599999822,247.513709519993,1080.4656334800047,747,X1.5187 Y1.4569 Z-0.1181
14:09:53.368,5,751,1.54956,1.45776,-0.11917,86.91991,53.91231,-29.01955,,185.42,0,0,,2,1,"{""sr"":{""mpox"":86.91991,""mpoy"":53.91231,""mpoz"":-29.01955,""mpoa"":0,""posx"":1.54956,""posy"":1.45776,""posz"":-0.11917,""posa"":0,""unit"":0,""stat"":5,""coor"":2,""momo"":1,""dist"":0,""home"":1,""mots"":1,""plan"":0,""line"":751,""path"":2,""frmo"":2,""prbe"":1,""safe"":0,""estp"":0,""spc"":1,""hold"":0,""macs"":5,""cycs"":1,""sps"":12000,""feed"":185.42,""mark"":1499779243}}",5.275719359576788,0.1948186904837788,0.1692156952218871,0.1936935107895622,5.275719359576788,0.1948186904837788,0.1692156952218871,0.1936935107895622,-1.0119306000000003,-0.0309281599999997,0.02421352,-5.373344999999984,-7.853762480000006,0.487082879999995,-13.641055319999989,36.64105531999999,67.05507784000001,99.7,31.25227,132.75346495999747,3.2052748399999382,2.5642202799999505,2.5642202799999505,7.692660079999852,1534.606689279995,-0.99862644,0.0416537599999997,-0.0227984799999995,-1.5259809999999987,-0.8321177200000017,1.0249727599999976,-31.580046040000013,36.0,-38.41995395999999,99.8,31.85,72.90683048000038,55.86367504000029,56.8105172800003,57.75735928000029,179.89997132000093,1279.89761728,-1.0140502399999995,0.12204164,-0.0051269600000002,2.90124408,1.653600599999997,3.9484705999999976,-7.509529439999999,31.60442760000001,37.0,99.7,31.52886048,110.00461567999982,2.547646439999995,2.547646439999995,2.038116999999996,6.114350999999988,1304.2075109599984,-1.044431639999999,0.1327029199999988,-0.0154633600000003,3.3371813599999705,1.7125756399999856,1.675418000000005,8.918821520000085,-0.5238736400001618,5.820314640000052,99.7,36.34809848,106.6455247199978,145.901545999997,112.5339283599977,99.44858775999796,324.51644347999337,1574.6639925999973,-1.0063498400000002,-0.01404364,0.0110530399999999,0.2573264800000012,2.0478604399999925,4.673834120000002,10.0,-15.0,25.714472559999983,99.8,31.81067032,53.421964680003214,47.330435480003096,45.617273360003,53.96462140000353,144.4767103600095,1121.0212757600011,-1.00223768,-0.0755389599999999,0.0237863599999998,5.208227279999991,1.6656300800000063,1.973469879999996,-3.9727555200000007,16.23055840000002,-94.0,99.8,30.91,108.36072599999694,100.93875859999712,112.8139064399968,63.82892035999819,249.37810803999287,1456.8553025599977,751,X1.5531 Y1.4583 Z-0.1193
14:09:53.643,5,755,1.58158,1.46765,-0.12034,87.73334,54.16348,-29.04918,,185.42,0,0,,2,1,"{""sr"":{""mpox"":87.73334,""mpoy"":54.16348,""mpoz"":-29.04918,""mpoa"":0,""posx"":1.58158,""posy"":1.46765,""posz"":-0.12034,""posa"":0,""unit"":0,""stat"":5,""coor"":2,""momo"":1,""dist"":0,""home"":1,""mots"":1,""plan"":0,""line"":755,""path"":2,""frmo"":2,""prbe"":1,""safe"":0,""estp"":0,""spc"":1,""hold"":0,""macs"":5,""cycs"":1,""sps"":12000,""feed"":185.42,""mark"":1499779243}}",5.12740269771852,0.1960388454113054,0.2145817205053237,0.212215614504482,5.12740269771852,0.1960388454113054,0.2145817205053237,0.212215614504482,-1.0127182200000004,-0.0311396599999998,0.0284982799999999,-5.123120919999998,-7.857507120000004,0.5467288199999994,-13.167329540000004,36.36791173999999,66.20058219999999,99.7,31.24933474,76.69296955999744,1.839558959999938,1.4716469599999502,1.4716469599999502,4.414940399999851,1478.0656956000046,-0.9898375,0.04067788,-0.0074186400000002,-1.5436417799999984,-0.7729718999999994,1.0091511400000002,-31.0,36.14460393999999,-38.85539606000001,99.8,31.85671662,78.53224176000037,60.61213276000029,62.7203807600003,63.24744326000031,196.06707278000096,1402.1621610000002,-0.9932401199999996,0.1289333000000001,-0.0160848000000002,2.832894219999998,1.77,3.97529816,-7.0,31.645841919999988,38.35415808000001,99.7,31.52354164,106.37169767999978,2.450960499999995,2.450960499999995,1.960768599999996,5.882306059999988,1417.5873204400002,-0.9862759799999992,0.4553674400000043,0.0089465000000003,1.0213901399999683,1.831335900000008,1.3966077199999976,5.298497500000092,8.399833000000168,8.942349780000121,99.7,36.3535803,57.28515393999787,80.19921589999701,62.29760527999768,55.136960639997945,179.37413845999333,1841.353103979999,-1.00298294,-0.0154274200000004,-0.0003147000000003,0.2270119999999971,1.9657918600000035,4.778110199999999,9.30342657999998,-14.32635727999998,23.0229307,99.8,31.81303446,163.9040948000046,114.21506344000308,109.36198220000291,130.23624610000348,346.8704912400093,1492.2394282200105,-1.01240878,-0.0789347199999998,0.0240679000000002,5.12645218,1.755255280000001,2.01345218,-2.880470440000085,10.853399260000316,-67.90208676000198,99.8,30.9,41.09033227999688,38.036320939997104,42.47851861999677,24.15445205999816,94.11907125999282,1233.8718400399994,755,X1.5857 Y1.4696 Z-0.1205
14:09:53.919,5,759,1.60961,1.48599,-0.12151,88.44525,54.6295,-29.07881,,185.42,0,0,,2,1,"{""sr"":{""mpox"":88.44525,""mpoy"":54.6295,""mpoz"":-29.07881,""mpoa"":0,""posx"":1.60961,""posy"":1.48599,""posz"":-0.12151,""posa"":0,""unit"":0,""stat"":5,""coor"":2,""momo"":1,""dist"":0,""home"":1,""mots"":1,""plan"":0,""line"":759,""path"":2,""frmo"":2,""prbe"":1,""safe"":0,""estp"":0,""spc"":1,""hold"":0,""macs"":5,""cycs"":1,""sps"":12000,""feed"":185.42,""mark"":1499779243}}",5.186891516279381,0.1891065720550568,0.1900408796640431,0.2025075368302934,5.186891516279381,0.1891065720550568,0.1900408796640431,0.2025075368302934,-0.9866981000000008,-0.0361639399999997,0.0037325000000006,-5.11681259999998,-7.908157760000017,0.4539588399999892,-13.34776169999996,36.65223830000004,67.0,99.7,31.25,73.37777059999158,1.7388096199998009,1.3910481399998404,1.3910481399998404,4.173143419999522,1811.423087099992,-0.9908195200000004,0.0437086800000002,0.0032407600000001,-1.514137600000004,-0.7723838999999955,0.7764381399999966,-31.0,36.46756825999999,-37.532431740000014,99.8,31.8637038,83.00375606000192,60.69726048000098,63.26218844000105,63.89185326000103,197.43508074000323,1970.2846061199843,-1.0064845199999992,0.1177615999999992,-0.0141275599999997,2.739869779999991,1.6728320800000025,3.923067520000004,-3.4197607199999758,15.144652879999892,18.07587655999987,99.7,31.5248855,106.01257149999924,2.442685639999983,2.442685639999983,1.954148599999986,5.862446359999957,1768.6758379999794,-0.8941037000000075,0.3351168999999766,0.0144984800000098,1.0505711199999097,1.4498483000000273,1.5088811599999767,7.478187060000176,-1.2360170200009732,6.854908240000502,99.7,36.35826068,55.07962815999316,75.27909555999035,58.475725999992505,51.754378419993365,168.2076326599784,1955.5917689399585,-1.0079233000000003,-0.0088506199999994,0.0053064000000012,0.3140252800000062,1.8262358599999944,4.809217359999999,9.069849780000007,-14.27114361999994,24.06984978000001,99.8,31.82271188,97.66676186000818,119.53245474000998,115.15931612000963,136.29615284001142,363.6993584400304,1513.568627339993,-1.0007323600000004,-0.0761549800000002,0.0258754399999997,5.143633059999996,1.9068471600000123,1.864266119999992,-3.0,15.969292179999997,-94.75803410000007,99.8,30.9057749,26.32393795999285,33.63324047999053,37.02076083998959,21.32369401999401,82.54103139997682,1509.4719853199697,759,X1.6137 Y1.4897 Z-0.1217
14:09:54.193,5,763,1.6312,1.51132,-0.12267,88.9936,55.27283,-29.10824,,185.42,0,0,,2,1,"{""sr"":{""mpox"":88.9936,""mpoy"":55.27283,""mpoz"":-29.10824,""mpoa"":0,""posx"":1.6312,""posy"":1.51132,""posz"":-0.12267,""posa"":0,""unit"":0,""stat"":5,""coor"":2,""momo"":1,""dist"":0,""home"":1,""mots"":1,""plan"":0,""line"":763,""path"":2,""frmo"":2,""prbe"":1,""safe"":0,""estp"":0,""spc"":1,""hold"":0,""macs"":5,""cycs"":1,""sps"":12000,""feed"":185.42,""mark"":1499779243}}",5.311849238369383,0.2017111144162477,0.2076639061618473,0.1996289939110865,5.311849238369383,0.2017111144162477,0.2076639061618473,0.1996289939110865,-1.006236679999993,-0.0206575600000001,0.0057859400000015,-5.219634819999969,-7.910507380000011,0.3747529799999938,-13.629015859999956,36.82850944000002,66.19949358000007,99.7,31.2497196,130.20631537999083,3.145080039999779,2.516064179999823,2.516064179999823,7.54819227999947,1637.3045440400012,-0.9821156599999996,0.0376987399999993,0.0135968399999992,-1.5585368399999933,-0.8107671000000056,0.9744837000000078,-31.855551539999954,36.0,-38.0,99.8,31.8652543,73.12874086000126,53.48468568000097,56.00210480000106,56.95129262000109,175.59981966000333,1382.3933400800147,-1.036552439999998,0.1686856800000034,-0.0186280199999999,2.8213657399999947,1.6916933400000125,3.967,-7.0,32.0,37.780884600000086,99.7,31.50509424,111.04604681999923,2.5469274599999827,2.5469274599999827,2.037542359999986,6.112626599999958,1950.2349113000244,-0.7451219400000313,0.4110163599999972,-0.0374450599999848,3.760007099999857,1.5970075000000068,1.449986040000018,13.32024807999985,-1.575809299999255,4.90365505999992,99.7,36.37358014,109.02627843999171,143.79945737998912,111.70136397999156,98.86212695999254,320.98093129997574,2461.5441693999733,-0.9981885400000008,-0.0085585999999992,0.0225907800000017,0.4417339600000169,2.032578659999962,4.783413339999991,10.0,-14.0,23.351675180000083,99.8,31.823280800000003,58.46159662001293,50.24043440001111,48.10902216001064,57.24364672001267,152.54822892003375,1322.7128794000032,-1.0012113000000002,-0.0850676199999994,0.0446757799999998,5.392510819999989,1.6998894000000144,2.0400306599999904,-3.990738019999997,16.0,-94.71336295999993,99.8,30.90435976,82.02732309999118,101.89942611998922,111.2842926199882,65.03627515999311,249.3149832599736,1755.383985939987,763,X1.6347 Y1.517 Z-0.1229
14:09:54.471,5,767,1.64504,1.54183,-0.12383,89.34526,56.04781,-29.13787,,185.42,0,0,,2,1,"{""sr"":{""mpox"":89.34526,""mpoy"":56.04781,""mpoz"":-29.13787,""mpoa"":0,""posx"":1.64504,""posy"":1.54183,""posz"":-0.12383,""posa"":0,""unit"":0,""stat"":5,""coor"":2,""momo"":1,""dist"":0,""home"":1,""mots"":1,""plan"":0,""line"":767,""path"":2,""frmo"":2,""prbe"":1,""safe"":0,""estp"":0,""spc"":1,""hold"":0,""macs"":5,""cycs"":1,""sps"":12000,""feed"":185.42,""mark"":1499779243}}",5.167549921072119,0.1962831532642409,0.195480184055802,0.1975925741024757,5.167549921072119,0.1962831532642409,0.195480184055802,0.1975925741024757,-0.9708890799999996,-0.02871162,-0.0010063600000001,-5.381808160000003,-7.609564339999996,0.4406180400000009,-13.325858259999997,36.04167738,67.0,99.7,31.24632466,137.64996436000095,3.370709520000023,2.6965669600000184,2.6965669600000184,8.089701520000055,1732.0638433000013,-0.99457386,0.0392473999999999,-0.00089428,-1.5217863999999992,-0.718781799999999,0.9439472400000004,-31.5418537,36.0,-39.0,99.8,31.86458134,67.88532879999985,51.260350259999896,54.492985439999885,55.41659543999988,170.40603031999964,1630.8586554800006,-1.00388918,0.1487300599999997,-0.01326002,2.86187566,1.6498701400000002,4.01036744,-7.0,31.08613342,38.42919374,99.7,31.50116784,113.1997194200001,2.576635800000002,2.576635800000002,2.0613086400000014,6.183926560000004,2001.390849420003,-0.8446825799999991,0.3424108200000008,0.0053551200000001,4.12576546,2.043177400000005,1.3621968999999998,10.229942759999972,15.143371519999944,13.461248659999992,99.7,36.3685708,117.18631542000084,154.1925205000011,119.92751558000089,105.53621410000076,343.3353461400025,2858.7711817400022,-1.01258804,0.0001664600000001,0.01465356,0.5715425600000008,1.5798540199999982,4.613404019999998,9.075613020000002,-14.0,24.07561302,99.8,31.82075604,42.86338643999888,39.53642749999885,37.85912473999889,45.047565919998696,120.28658543999649,1195.6229202599998,-0.9994446200000002,-0.07032556,0.0174086999999999,5.227191219999997,1.5377916000000005,2.07106974,-3.173598659999992,16.0,-94.17359866,99.8,30.89967774,86.56610176000086,114.36255702000112,123.09858544000122,73.06496654000073,277.1703634000028,1748.6478921400003,767,X1.647 Y1.5493 Z-0.1241
14:09:54.726,5,770,1.64977,1.57429,-0.12498,89.46541,56.87218,-29.16687,,185.42,0,0,,2,1,"{""sr"":{""mpox"":89.46541,""mpoy"":56.87218,""mpoz"":-29.16687,""mpoa"":0,""posx"":1.64977,""posy"":1.57429,""posz"":-0.12498,""posa"":0,""unit"":0,""stat"":5,""coor"":2,""momo"":1,""dist"":0,""home"":1,""mots"":1,""plan"":0,""line"":770,""path"":2,""frmo"":2,""prbe"":1,""safe"":0,""estp"":0,""spc"":1,""hold"":0,""macs"":5,""cycs"":1,""sps"":12000,""feed"":185.42,""mark"":1499779243}}",5.406576884461351,0.2026899762859102,0.2050786827071271,0.209570996486352,5.406576884461351,0.2026899762859102,0.2050786827071271,0.209570996486352,-1.0006802800000003,-0.013334680000007,0.017610560000001,-4.86229167999998,-7.980317680000003,0.4570315199999965,-13.0,36.01830688000002,65.74616091999998,99.7,31.25327112,57.150680760010346,1.3607304000002465,1.0885845200001976,1.0885845200001976,3.265753560000592,1603.7276336399918,-0.9920037600000006,0.0354152000000012,-0.0035653199999997,-1.4735022000000104,-0.7595750800000006,0.956344999999992,-31.45204620000001,36.0,-38.0,99.8,31.87,82.35468487999927,60.310378599998906,64.65852815999878,65.75443475999876,203.25531499999613,1520.5472079599797,-1.034674519999998,0.1177565200000004,0.0024411599999989,2.83721492,1.5939772800000078,3.908325760000003,-7.0,31.482942039999955,37.55518532000009,99.7,31.51478964,102.97001996000094,2.394652080000022,2.394652080000022,1.9157214800000173,5.747163520000052,1538.9663540399797,-0.9161159599999944,0.3237477999999913,-0.0443557599999974,1.0104771600000266,2.021962599999966,1.2975117600000032,8.855024799999878,8.881236759999997,-4.2028326799994185,99.7,36.37191084,42.085326760008655,57.21477728001192,44.50038220000927,39.16033628000817,127.65252516002664,2381.172765440027,-1.0006011200000005,-0.0127886799999991,0.0048449999999996,0.5661729999999934,1.6752243200000247,4.704446880000005,9.081810079999991,-14.0,24.154709120000074,99.8,31.83,155.53349219998626,138.62767783998774,132.71064283998822,158.06936475998603,422.6453604799626,1310.4285904399887,-1.0039673200000012,-0.0648578400000025,0.0220300400000009,5.44708827999997,1.6455017199999944,2.074709719999994,-3.077166880000088,15.14958100000008,-95.77325203999985,99.8,30.89,14.8395378000115,16.588795320012288,17.835907680013204,10.65714560000792,39.98002368002961,1460.4439298800114,770,X1.6498 Y1.575 Z-0.125
14:09:54.985,5,771,1.61534,1.63785,-0.125,88.59082,58.48655,-29.1675,,558.8,0,0,,2,3,"{""sr"":{""mpox"":88.59082,""mpoy"":58.48655,""mpoz"":-29.1675,""mpoa"":0,""posx"":1.61534,""posy"":1.63785,""posz"":-0.125,""posa"":0,""unit"":0,""stat"":5,""coor"":2,""momo"":3,""dist"":0,""home"":1,""mots"":1,""plan"":0,""line"":771,""path"":2,""frmo"":2,""prbe"":1,""safe"":0,""estp"":0,""spc"":1,""hold"":0,""macs"":5,""cycs"":1,""sps"":12000,""feed"":558.8,""mark"":1499779243}}",5.093215629197296,0.1912439615878297,0.2032696896735564,0.2130460270321621,5.093215629197296,0.1912439615878297,0.2032696896735564,0.2130460270321621,-0.9989685999999997,-0.0430776000000006,0.0256908999999996,-5.111338500000025,-7.624520999999987,0.4395460000000012,-13.077069699999935,37.0,66.0,99.7,31.2443686,149.9061073000097,3.586270200000231,2.869016000000185,2.869016000000185,8.607048900000555,1833.65825769998,-0.9935072999999994,0.0349170999999994,-0.0068033999999997,-1.511705599999998,-0.7330163999999929,0.9514118000000048,-32.0,36.0,-38.94422150000005,99.8,31.8860364,63.96254079999802,49.67459229999895,53.34712519999882,54.70340749999878,168.17907129999628,1507.8579814,-1.0067022,0.1333788999999994,-0.0130986000000005,2.736085800000005,1.619540999999997,3.963820000000003,-7.0,31.481334,38.0,99.7,31.5242921,113.58789960000082,2.5933310000000187,2.5933310000000187,2.0746650000000155,6.223994900000045,1387.109403699999,-0.972297400000012,0.265325799999995,-0.012572799999998,1.6981862000000738,1.6568067999999925,1.758964100000019,12.819085300000308,-1.885668700000401,6.335584000000193,99.7,36.38,119.14354600000816,165.5344386000113,128.74900770000878,113.29912700000772,369.3257253000252,2405.388487900003,-1.0141751000000008,-0.0188032000000004,0.0038315000000001,0.5056649000000185,1.562152199999983,4.731284399999987,9.0,-14.991133300000008,24.35077439999985,99.8,31.838201700000003,23.24971649999046,27.694514399988638,26.497838699989128,31.626452099987024,84.28022069996543,1204.98304179999,-1.0053588000000004,-0.0829399000000006,0.0329458,5.165073800000013,1.8018901999999803,1.9689450999999905,-3.996388100000003,16.0,-95.0,99.8,30.89,106.30428770000962,129.7989685000118,137.63895650001248,82.7590407000075,310.12230470002817,1639.081054199988,771,G3 X1.5748 Y1.65 R0.075 F22.
14:09:55.241,5,772,1.52703,1.63253,-0.125,86.34772,58.35148,-29.1675,,558.8,0,0,,2,3,"{""sr"":{""mpox"":86.34772,""mpoy"":58.35148,""mpoz"":-29.1675,""mpoa"":0,""posx"":1.52703,""posy"":1.63253,""posz"":-0.125,""posa"":0,""unit"":0,""stat"":5,""coor"":2,""momo"":3,""dist"":0,""home"":1,""mots"":1,""plan"":0,""line"":772,""path"":2,""frmo"":2,""prbe"":1,""safe"":0,""estp"":0,""spc"":1,""hold"":0,""macs"":5,""cycs"":1,""sps"":12000,""feed"":558.8,""mark"":1499779243}}",5.149385232888581,0.1949202125491,0.1960231960148996,0.1928985740170701,5.149385232888581,0.1949202125491,0.1960231960148996,0.1928985740170701,-1.010906579999999,-0.0361331200000001,0.0163567199999986,-5.269113839999989,-7.812238379999996,0.2969042599999916,-13.0,36.16963913999994,66.0,99.7,31.24339284,72.37524541999167,1.7440966799998,1.39527749999984,1.39527749999984,4.18583227999952,1442.2676714399956,-0.99253282,0.0461516400000004,-0.0174183800000005,-1.5469510599999912,-0.8224654800000042,0.973034419999999,-31.532501400000008,36.0,-37.778880279999925,99.8,31.89,82.00521148000135,57.51014786000094,62.30266046000103,64.43266606000107,197.02550798000323,1334.3656098000004,-1.0094119000000006,0.1154743600000003,-0.0196501399999999,2.7523691799999885,1.7573613200000051,3.857638679999995,-6.884731000000039,31.373059960000035,37.88473100000004,99.7,31.52091966,106.3404207199993,2.441644239999983,2.068584279999948,1.9533152799999864,5.859945839999959,1220.8109913199896,-0.8927168800000018,0.3132537199999954,-0.0223212999999997,1.5171696200000215,1.2418469400000092,1.5813699800000018,11.62276441999993,20.446229200000182,14.892914640000097,99.7,36.38953844,54.51630913999296,75.2525738999903,58.52978005999244,51.84066189999331,167.8968542599783,1535.0300470399552,-1.0047872399999995,-0.0091490799999995,0.0062011399999997,0.2496975599999981,1.9781383999999809,4.674822479999992,2.749477519999393,-3.849268259999151,6.873694019998483,99.8,31.82293632,118.85602262000968,117.47714252000982,112.4017767600094,134.1533439800112,358.91953600003,1047.7303478000008,-1.00296524,-0.0785126400000001,0.0246894599999995,5.4330615,1.6182463800000084,2.1062463800000084,-3.0,16.0,-94.75176712000008,99.8,30.9,31.618254679990983,36.169367619989686,38.08562509998914,23.234626779993373,85.99207215997548,1102.4344467199671,772,X1.4998 Y1.575 R0.075
14:09:55.499,5,773,1.50274,1.54593,-0.125,85.73079,56.15182,-29.1675,,558.8,0,0,,2,3,"{""sr"":{""mpox"":85.73079,""mpoy"":56.15182,""mpoz"":-29.1675,""mpoa"":0,""posx"":1.50274,""posy"":1.54593,""posz"":-0.125,""posa"":0,""unit"":0,""stat"":5,""coor"":2,""momo"":3,""dist"":0,""home"":1,""mots"":1,""plan"":0,""line"":773,""path"":2,""frmo"":2,""prbe"":1,""safe"":0,""estp"":0,""spc"":1,""hold"":0,""macs"":5,""cycs"":1,""sps"":12000,""feed"":558.8,""mark"":1499779243}}",5.389951467442163,0.1959829642623025,0.1839094336147048,0.1929751093693997,5.389951467442163,0.1959829642623025,0.1839094336147048,0.1929751093693997,-0.9911463599999996,-0.0309571200000002,0.0119085599999997,-5.368949400000003,-7.7957543,0.5831412200000009,-13.433374399999996,36.70680264000001,66.0,99.7,31.2472656,118.42471066000128,2.833126760000031,2.266501780000025,2.266501780000025,6.799504720000074,1672.8426331399971,-0.98694576,0.03889506,-0.0032674400000002,-1.6306542599999991,-0.9268546000000016,0.9641028000000004,-31.72498722,36.0,-38.14784247999999,99.8,31.88788568,73.05028739999979,52.04910079999986,56.913502559999856,58.85926395999985,179.49643185999952,1480.8988271399985,-1.01619798,0.1309754600000001,-0.0063482999999999,2.8937385000000013,1.7270370400000004,3.9543485399999994,-7.0,32.0,37.0,99.7,31.52789488,108.8254602800001,2.5308247000000024,2.5308247000000024,2.0246597600000023,6.073979280000006,1721.676531279998,-0.9354577800000012,0.3643306800000014,-0.0151964600000001,2.9689968399999747,1.657114980000006,1.4230610799999976,7.095177479999951,6.09819612000012,-0.3551964400000935,99.7,36.39,98.12658716000112,128.05304348000146,99.59681176000116,87.64519394000102,285.1314436000033,2224.517252179997,-1.0068405399999998,-0.00815946,0.0042016800000003,0.2174777999999991,1.910838199999998,4.76296612,9.59595930000001,-14.0,25.40404069999999,99.8,31.83404072,50.505100599998826,67.07077361999845,64.2424879999985,76.36371187999822,203.2325245999953,1335.3367978600013,-1.00548582,-0.08347664,0.04983622,4.950211540000006,1.6793568399999974,1.9404771599999984,-3.344599619999991,15.163730639999995,-93.36282648000002,99.8,30.90984914,88.20527810000152,92.76293698000158,97.62933160000168,59.797965640001024,220.29125140000377,1578.076456659998,773,X1.6498 Y1.425 R0.15
14:09:55.756,5,773,1.54842,1.46454,-0.125,86.89102,54.0845,-29.1675,,558.8,0,0,,2,3,"{""sr"":{""mpox"":86.89102,""mpoy"":54.0845,""mpoz"":-29.1675,""mpoa"":0,""posx"":1.54842,""posy"":1.46454,""posz"":-0.125,""posa"":0,""unit"":0,""stat"":5,""coor"":2,""momo"":3,""dist"":0,""home"":1,""mots"":1,""plan"":0,""line"":773,""path"":2,""frmo"":2,""prbe"":1,""safe"":0,""estp"":0,""spc"":1,""hold"":0,""macs"":5,""cycs"":1,""sps"":12000,""feed"":558.8,""mark"":1499779243}}",5.280207015736708,0.2007533778720817,0.2109087427723741,0.2066979696586652,5.280207015736708,0.2007533778720817,0.2109087427723741,0.2066979696586652,-1.004292360000001,-0.0288393600000009,0.0251859200000005,-5.118653919999997,-8.103414720000007,0.366,-13.88988319999999,36.110116800000014,65.88988319999999,99.7,31.25510928,105.43485755999488,2.554715559999877,2.0437723599999016,2.0437723599999016,6.131316559999704,1598.9570817999968,-0.9945723199999996,0.0407023599999995,-0.0056811599999998,-1.611906720000005,-0.8841654800000023,0.8233808400000003,-31.501949959999997,35.71000172000002,-38.78804831999998,99.8,31.88498028,74.20951748000078,52.79334776000056,57.77385264000061,60.26410484000064,183.28256676000197,1316.6883521599975,-1.007172359999999,0.1200472800000002,-0.00347084,2.7610044800000013,1.5983933600000042,3.873009440000003,-7.272395239999977,31.727604760000023,38.22562404000003,99.7,31.51038872,107.8830122399996,2.50990299999999,2.50990299999999,2.007921799999992,6.023766399999975,1409.827336480003,-0.9543307199999972,0.3713142799999993,-0.0126514400000005,2.7793511999999625,1.511177039999992,1.3776523600000044,10.812132959999966,-1.0561976399998598,3.6917723599990673,99.7,36.3810686,85.14682311999559,115.409851239994,89.76321739999533,78.9916313999959,256.46633583998664,2072.13533191999,-1.00434268,-0.0092432799999996,-0.000697039999999,0.3626486399999823,1.8859529599999825,4.8193043200000005,9.480607880000038,-14.0,25.475203559999965,99.8,31.82480616,105.2700098800086,80.26152540000626,76.41666172000595,90.87908820000708,241.7899795600188,1195.8510937200065,-1.0058189199999998,-0.0721994799999995,0.0046982799999987,5.047169599999991,1.766422720000005,2.0187233599999947,-3.0,15.461283840000045,-95.42370604000006,99.8,30.91,97.22642719999212,79.54889523999357,83.70831423999324,50.95288683999588,189.25358039998468,1376.6037694799827,773,X1.6498 Y1.425 R0.15
14:09:56.013,5,773,1.63271,1.42605,-0.125,89.03199,53.10679,-29.1675,,558.8,0,0,,2,3,"{""sr"":{""mpox"":89.03199,""mpoy"":53.10679,""mpoz"":-29.1675,""mpoa"":0,""posx"":1.63271,""posy"":1.42605,""posz"":-0.125,""posa"":0,""unit"":0,""stat"":5,""coor"":2,""momo"":3,""dist"":0,""home"":1,""mots"":1,""plan"":0,""line"":773,""path"":2,""frmo"":2,""prbe"":1,""safe"":0,""estp"":0,""spc"":1,""hold"":0,""macs"":5,""cycs"":1,""sps"":12000,""feed"":558.8,""mark"":1499779243}}",5.2582883034409535,0.1947560579500623,0.2018892060849814,0.1995250994633139,5.2582883034409535,0.1947560579500623,0.2018892060849814,0.1995250994633139,-1.0178398600000007,-0.0422389200000003,0.0218630399999991,-5.250825620000002,-7.656056579999989,0.4040099200000138,-14.0,37.0,67.50926260000004,99.7,31.26355644,85.27067513999296,2.0696763599998294,1.6557412199998636,1.6557412199998636,4.553288519999625,2410.864520419992,-0.9856824199999998,0.0432280999999997,-0.0248614400000003,-1.6714730800000157,-0.8310929600000105,0.9475013600000004,-31.850341180000022,36.0,-38.78290341999994,99.8,31.90217094,80.6955549200013,54.73994872000076,59.90409526000084,62.48616836000088,190.55699174000267,1907.5602306000112,-1.0088261799999996,0.1175953599999993,-0.0133345199999996,2.842455720000007,1.7389851399999998,3.938395300000006,-7.0,31.16193859999997,36.50844388,99.7,31.51693,107.65079827999934,2.457780599999985,2.457780599999985,1.966224479999988,5.898673439999963,2472.76153998001,-0.9028932000000052,0.4390042999999844,0.0170693800000053,2.3541687200000365,1.227863220000035,1.4862211399999803,10.785905060000262,12.771686840000168,17.53928316000035,99.7,36.36267578,66.7767131599939,91.43083727999176,70.7065139599936,62.17296895999438,202.90956259998163,3680.440731279944,-0.99998218,-0.0141712200000004,0.0016030999999972,0.4810115800000145,1.8489609199999864,4.595421739999992,9.059957700000004,-14.691379620000056,24.0,99.8,31.82691382,126.28444130001024,105.44750894000852,101.02755350000815,119.97021910000971,318.86821484002576,1709.679135059988,-0.9983631800000008,-0.0765547600000005,0.0030643199999983,4.973656979999976,1.844698500000007,2.01546322,-3.3277606799999395,15.97601758,-94.67223932000006,99.8,30.91320522,55.07973921999117,54.16841055999106,56.63061091999065,34.82254945999426,128.03442499997888,2453.482409019951,773,X1.6498 Y1.425 R0.15
14:09:56.271,5,774,1.72416,1.44477,-0.125,91.3549,53.58246,-29.1675,,558.8,0,0,,2,3,"{""sr"":{""mpox"":91.3549,""mpoy"":53.58246,""mpoz"":-29.1675,""mpoa"":0,""posx"":1.72416,""posy"":1.44477,""posz"":-0.125,""posa"":0,""unit"":0,""stat"":5,""coor"":2,""momo"":3,""dist"":0,""home"":1,""mots"":1,""plan"":0,""line"":774,""path"":2,""frmo"":2,""prbe"":1,""safe"":0,""estp"":0,""spc"":1,""hold"":0,""macs"":5,""cycs"":1,""sps"":12000,""feed"":558.8,""mark"":1499779243}}",5.177193131877187,0.1953156676705892,0.1979683621126942,0.1980043792767908,5.177193131877187,0.1953156676705892,0.1979683621126942,0.1980043792767908,-0.9942633599999998,-0.0271646600000002,0.0383115799999999,-5.307327479999995,-7.534716420000005,0.5626460399999982,-13.367531540000014,37.0,67.04123224,99.7,31.26,140.08857581999808,3.3685051399999537,2.694803619999963,2.694803619999963,7.410711159999898,2377.567043199989,-0.99424246,0.0403688399999999,0.0354946999999997,-1.5910095199999983,-0.7974670799999983,0.9900932399999974,-16.737515739999942,19.345107119999927,-20.95719905999992,99.8,31.91,67.0822083600003,49.03940824000021,54.12840300000023,55.97894644000024,171.17529182000075,1660.6654455399944,-1.00856492,0.132,-0.0207767599999998,2.7016522799999985,1.77,3.9966123,-7.0,32.0,36.57096862000001,99.7,31.51514542,112.1719824599998,2.572751959999996,2.572751959999996,2.0582010399999966,6.17460411999999,2219.912200859991,-0.8033914600000006,0.2172944999999973,-0.0402688399999993,2.6842185199999733,1.3561947200000093,1.4752734,8.911955340000052,13.985086799999925,-1.1721852399999964,99.7,36.34,113.02131649999836,154.11997745999778,119.18611579999826,104.80158479999848,342.48883865999505,3685.118730779988,-1.00437636,-0.0062988400000001,0.0169314599999998,0.1807466399999966,2.0511084799999995,4.8815807799999975,10.0,-14.924128680000004,24.32810760000003,99.8,31.83,47.26323732000289,40.14335968000232,38.38801316000224,45.66163698000264,121.23803770000708,1856.530367759988,-1.0019672,-0.0742498399999999,-0.0036171199999999,5.186499260000006,1.821917279999993,2.07099922,-3.1734976800000165,15.826502319999983,-95.62021219999995,99.8,30.90239102,110.32565281999784,122.23129875999756,127.78726619999746,78.57726357999844,288.9103413999943,2835.015110719985,774,X1.7998 Y1.575 R0.15
14:09:56.534,5,774,1.7876,1.51599,-0.125,92.96614,55.39135,-29.1675,,558.8,0,0,,2,3,"{""sr"":{""mpox"":92.96614,""mpoy"":55.39135,""mpoz"":-29.1675,""mpoa"":0,""posx"":1.7876,""posy"":1.51599,""posz"":-0.125,""posa"":0,""unit"":0,""stat"":5,""coor"":2,""momo"":3,""dist"":0,""home"":1,""mots"":1,""plan"":0,""line"":774,""path"":2,""frmo"":2,""prbe"":1,""safe"":0,""estp"":0,""spc"":1,""hold"":0,""macs"":5,""cycs"":1,""sps"":12000,""feed"":558.8,""mark"":1499779243}}",5.315647490773573,0.2006477762137064,0.1993767260585035,0.1910691842838452,5.315647490773573,0.2006477762137064,0.1993767260585035,0.1910691842838452,-0.9793457599999992,-0.0384646399999999,0.0031186399999984,-5.249101120000022,-7.822389639999983,0.5361908400000013,-12.93805263999993,37.0,66.14804263999991,99.7,31.25728112,55.95709820001016,1.3596857200002483,1.0877483600001987,1.0877483600001987,2.991307800000546,1917.6824417200028,-0.9979668399999996,0.0454670799999998,-0.0557972799999982,-1.5346577599999944,-0.7569255599999976,1.0241231199999918,-31.04472120000005,36.04472120000005,-38.9105575199999,99.8,31.90501988,69.42625567999868,58.49298703999889,63.95962131999878,66.69293803999872,203.90545879999613,1609.4885121999891,-1.027138639999999,0.1334941600000005,0.0001639599999995,2.7816019200000057,1.86251376,3.954742039999989,-7.441455559999956,32.0,37.483387240000006,99.7,31.50558584,103.570654400001,2.900323440000024,2.41693620000002,1.933548960000016,5.800645880000048,1780.6561884000098,-0.9395777999999972,0.3180370400000014,0.0320993599999958,1.3923568000001567,1.6343513999999375,1.4496171200000088,8.002568200000194,-4.312436879999883,-2.658731719998652,99.7,36.35,44.07128596000924,57.31814692001201,44.32603308000929,38.97633944000817,127.11891228002663,2628.930060119956,-1.0035068000000005,-0.0178686799999994,-0.0099126399999993,0.5086709199999788,1.792919319999981,4.923386239999989,9.154223960000076,-14.154223960000076,25.14685228000007,99.8,31.823158400000004,194.3737472399827,141.25201731998757,135.32421159998808,161.54327723998577,428.81596719996224,1403.4602498800002,-0.9999620800000014,-0.0733428800000002,-0.0040568799999963,4.748431320000036,1.9717894399999685,2.0136512799999995,-3.0,16.0,-95.76743775999982,99.8,30.91,23.02481332001708,17.353676720012867,18.261058760013544,11.115426920008243,41.17244944003053,1890.173159000004,774,X1.7998 Y1.575 R0.15
14:09:56.791,5,775,1.79714,1.6083,-0.125,93.2085,57.73618,-29.1675,,558.8,0,0,,2,3,"{""sr"":{""mpox"":93.2085,""mpoy"":57.73618,""mpoz"":-29.1675,""mpoa"":0,""posx"":1.79714,""posy"":1.6083,""posz"":-0.125,""posa"":0,""unit"":0,""stat"":5,""coor"":2,""momo"":3,""dist"":0,""home"":1,""mots"":1,""plan"":0,""line"":775,""path"":2,""frmo"":2,""prbe"":1,""safe"":0,""estp"":0,""spc"":1,""hold"":0,""macs"":5,""cycs"":1,""sps"":12000,""feed"":558.8,""mark"":1499779243}}",5.306134809003371,0.2026340804461981,0.1995197217495772,0.2005190524374799,5.306134809003371,0.2026340804461981,0.1995197217495772,0.2005190524374799,-0.9878418599999992,-0.0379145199999999,0.0102665199999994,-4.953253180000008,-8.106906600000002,0.4143936999999945,-13.175829159999992,37.17582915999999,67.31478921999992,99.7,31.23345608,134.80168015999584,3.271885759999899,2.617507939999919,2.617507939999919,7.198147779999777,1283.7204380399978,-0.98834914,0.0392780199999999,-0.0072202199999999,-1.528114479999997,-0.795459239999997,0.9595603000000004,-31.467678060000004,36.53232194,-38.12279014000002,99.8,31.9,67.49195326000071,50.63205130000048,55.18604478000051,57.056758140000525,175.03449050000162,1133.405063360006,-1.0093464800000005,0.1157845200000006,-0.0059101799999998,2.891679279999999,1.6480054600000045,3.967,-7.0,32.0,37.28181709999996,99.7,31.50718216,110.75278065999962,3.0764656999999893,2.563721639999991,2.0509777999999925,6.152932399999979,1183.104855840004,-0.9440629800000018,0.1523382800000059,-0.0212802999999979,2.609837280000025,1.7377317600000026,1.5350693799999957,10.450937539999844,7.0175522599999685,14.135625800000083,99.7,36.346197100000005,114.7778273199962,148.96634659999512,115.71492953999622,101.74933449999668,331.1841092599892,1644.06739308,-1.0036192800000003,-0.0102587199999995,-0.0079296599999994,0.2086642399999959,1.8684867199999904,4.7,9.0,-13.579278360000067,25.462546719999946,99.8,31.83,62.88203778000705,45.14607828000506,42.99626560000482,51.32679168000576,136.5131421800153,975.4650853800052,-1.0096805999999998,-0.0752160000000001,0.0178850800000001,5.143479899999994,1.7545706000000063,2.089839960000002,-3.0,15.251889520000036,-94.01722336,99.8,30.91504798,134.77405965999398,115.01316557999483,121.07555453999456,74.15016569999666,273.9248313599877,1309.3021784799914,775,X1.5748 Y1.8 R0.225
14:09:57.049,5,775,1.76419,1.69608,-0.125,92.37148,59.96578,-29.1675,,558.8,0,0,,2,3,"{""sr"":{""mpox"":92.37148,""mpoy"":59.96578,""mpoz"":-29.1675,""mpoa"":0,""posx"":1.76419,""posy"":1.69608,""posz"":-0.125,""posa"":0,""unit"":0,""stat"":5,""coor"":2,""momo"":3,""dist"":0,""home"":1,""mots"":1,""plan"":0,""line"":775,""path"":2,""frmo"":2,""prbe"":1,""safe"":0,""estp"":0,""spc"":1,""hold"":0,""macs"":5,""cycs"":1,""sps"":12000,""feed"":558.8,""mark"":1499779243}}",5.297241851236855,0.2036115013020648,0.2088127512904593,0.2046741208371991,5.297241851236855,0.2036115013020648,0.2088127512904593,0.2046741208371991,-0.9961289000000024,-0.0258221599999992,0.0247244600000009,-5.213243900000006,-7.900807159999991,0.478776720000004,-12.858118579999983,37.0,66.29308259999995,99.7,31.24444294,89.7444859399927,2.174820579999823,1.739856559999858,1.739856559999858,4.7846047999996095,1734.9515537800148,-0.9909897399999996,0.0416819199999996,-0.0082692399999999,-1.6072169400000036,-0.8008258200000058,0.9432843999999964,-31.48567259999999,36.514327400000006,-37.66333435999991,99.8,31.9,77.14909392000112,56.576002240000825,60.69062048000088,62.74792922000091,192.87273430000283,1688.7732479200154,-0.9893965600000004,0.1203089399999997,-0.0158970200000001,2.740720780000006,1.7440961400000037,3.9732792199999936,-7.0,32.0,37.09577480000007,99.7,31.51904202,107.1183512799994,2.959149459999981,2.4659583599999846,1.9727666399999877,5.9182989199999625,2549.873924780043,-0.9209482799999984,0.3375431800000084,0.0577266600000008,2.317580260000025,1.152530300000015,1.4107259399999863,8.160147279999704,11.345409280000512,-0.8190230400004301,99.7,36.33,68.19455513999391,96.50172943999138,74.62800403999334,65.62117619999414,214.0193902199809,2737.2470872200347,-1.0050123999999998,-0.010108100000001,0.006506639999998,0.3784210000000311,1.7652231399999836,4.829662520000007,9.402603819999946,-14.0,25.034586839999992,99.8,31.83,117.78441876001098,100.32791224000896,95.58333264000854,113.50520714001014,303.4424939800272,1288.6371609800192,-1.008524159999999,-0.0799061999999994,0.0283125000000002,5.103698039999984,1.692591360000012,1.9546929,-3.0,16.39062459999994,-94.39062459999994,99.8,30.92,75.78110571998829,58.59363799999094,62.1092565399904,37.4999287599942,140.23410761997832,2109.4518393800367,775,X1.5748 Y1.8 R0.225
14:09:57.306,5,775,1.69834,1.76282,-0.125,90.69887,61.66099,-29.1675,,558.8,0,0,,2,3,"{""sr"":{""mpox"":90.69887,""mpoy"":61.66099,""mpoz"":-29.1675,""mpoa"":0,""posx"":1.69834,""posy"":1.76282,""posz"":-0.125,""posa"":0,""unit"":0,""stat"":5,""coor"":2,""momo"":3,""dist"":0,""home"":1,""mots"":1,""plan"":0,""line"":775,""path"":2,""frmo"":2,""prbe"":1,""safe"":0,""estp"":0,""spc"":1,""hold"":0,""macs"":5,""cycs"":1,""sps"":12000,""feed"":558.8,""mark"":1499779243}}",5.268673176735684,0.2082192641263293,0.2080881210851751,0.2033456914916814,5.268673176735684,0.2082192641263293,0.2080881210851751,0.2033456914916814,-1.0938534000000004,-0.0665645600000008,0.0057565199999993,-4.895918640000001,-8.258231519999999,0.307600640000003,-13.0,38.0,66.10974768,99.7,31.24489352,99.82553439999748,2.4467041999999384,1.9573635599999508,1.9573635599999508,5.382749559999865,1522.6916511600025,-0.99805044,0.0494823199999999,-0.0076361999999998,-1.4381781199999968,-0.7286691999999996,0.985226439999998,-32.0,36.21271823999999,-38.21271823999999,99.8,31.91290576,77.96897680000026,55.6530017600003,59.38878332000032,60.89866812000032,188.44496444000097,1562.2902250000036,-1.0009164399999997,0.0920932400000008,-0.02080708,2.7914799999999995,1.8144391599999992,3.953070920000001,-7.0,31.49983236,36.77132008000001,99.7,31.533133,107.9637629999998,2.998993199999994,2.4991608399999947,1.999328959999996,5.997986919999988,1692.8925158000063,-0.948125639999999,0.2073420800000032,0.0117579200000003,1.9447943599999653,1.4014858799999916,1.5067126799999992,7.428367159999933,-2.863515119999781,-1.6989015600001844,99.7,36.346197440000005,79.5450365599978,108.790835119997,84.50716655999767,74.20262939999795,241.8653387599933,2268.202266840017,-1.0089380800000003,-0.0065415199999997,0.0061492400000002,0.3214681600000029,1.7835244400000028,4.765692760000002,9.048261200000002,-14.0,24.97133775999996,99.8,31.84048256,125.49682000000452,85.8933148400031,81.77866540000296,97.20860196000352,259.7372700000094,1462.6285045200057,-1.0073440799999998,-0.0686781199999992,-0.0063609599999997,5.280704599999999,1.648,2.0716133199999973,-3.518258000000021,16.0,-95.49925616000002,99.8,30.9198102,74.49790411999685,71.76056027999687,76.57798019999666,45.765492639998,171.9629018799925,1800.8879038800178,775,X1.5748 Y1.8 R0.225
14:09:57.563,5,775,1.61099,1.79696,-0.125,88.48022,62.52806,-29.1675,,558.8,0,0,,2,3,"{""sr"":{""mpox"":88.48022,""mpoy"":62.52806,""mpoz"":-29.1675,""mpoa"":0,""posx"":1.61099,""posy"":1.79696,""posz"":-0.125,""posa"":0,""unit"":0,""stat"":5,""coor"":2,""momo"":3,""dist"":0,""home"":1,""mots"":1,""plan"":0,""line"":775,""path"":2,""frmo"":2,""prbe"":1,""safe"":0,""estp"":0,""spc"":1,""hold"":0,""macs"":5,""cycs"":1,""sps"":12000,""feed"":558.8,""mark"":1499779243}}",5.192734405863424,0.177401972176709,0.1756885718102054,0.2045008795225228,5.192734405863424,0.177401972176709,0.1756885718102054,0.2045008795225228,-0.979312699999999,-0.0314749999999998,0.0039979999999999,-5.510639140000005,-7.729788880000004,0.5835777600000019,-12.0,37.0,65.58861575999998,99.7,31.27178164,121.25481681999648,2.943078159999915,2.354462719999932,2.354462719999932,6.474771739999812,1434.0700443399974,-0.99127026,0.0337865999999998,-0.0042221200000001,-1.5394696000000023,-0.8886506199999994,0.9745792800000004,-31.849909719999985,36.0,-37.63024820000002,99.8,31.91630268,73.46415730000056,53.29752618000041,57.13878890000044,58.09910442000045,179.5790510800014,1121.5510523600024,-1.00647556,0.1416724600000007,-0.00445576,2.810207539999997,1.7099953799999998,3.9347903200000025,-7.0,31.837236219999983,36.50816092,99.7,31.53345378,109.07201637999974,3.048967159999992,2.540805579999993,2.0326446599999946,6.097933979999984,1226.0867259999952,-1.0305995600000013,0.3135490399999981,0.0350118400000004,2.2815004400000007,1.154723759999989,1.4402298799999966,9.088101639999987,7.300490059999666,13.768684540000637,99.7,36.35728884,101.94767595999684,132.76906679999587,103.13311471999678,90.0932956599972,294.5813669599908,2076.1686146399966,-1.00981516,-0.00778366,0.0178495399999997,0.2199802200000009,1.969316039999992,4.837845579999997,9.688914959999972,-14.311085040000028,25.0590304,99.8,31.84,64.0778170600046,61.439209500004296,58.8483997400041,69.89284090000487,186.168208020013,1064.213021700004,-1.00022562,-0.07886932,0.0201027000000006,5.085983160000002,1.934609419999998,2.0696805199999946,-3.0,16.32759442000003,-95.24928278000004,99.8,30.92,140.8937458199937,94.36003115999576,101.46934895999549,60.10604733999732,228.1444601799898,1478.337158719996,775,X1.5748 Y1.8 R0.225
14:09:57.821,5,776,1.51728,1.79249,-0.125,86.09992,62.41451,-29.1675,,558.8,0,0,,2,3,"{""sr"":{""mpox"":86.09992,""mpoy"":62.41451,""mpoz"":-29.1675,""mpoa"":0,""posx"":1.51728,""posy"":1.79249,""posz"":-0.125,""posa"":0,""unit"":0,""stat"":5,""coor"":2,""momo"":3,""dist"":0,""home"":1,""mots"":1,""plan"":0,""line"":776,""path"":2,""frmo"":2,""prbe"":1,""safe"":0,""estp"":0,""spc"":1,""hold"":0,""macs"":5,""cycs"":1,""sps"":12000,""feed"":558.8,""mark"":1499779243}}",5.380945535175651,0.2046488500292292,0.2014193534150784,0.1912008269913405,5.380945535175651,0.2046488500292292,0.2014193534150784,0.1912008269913405,-0.98573952,-0.0154765999999999,0.0044655399999999,-5.206808680000002,-7.800180060000001,0.575233140000001,-12.959429260000002,38.0,67.59233642000001,99.7,31.26326552,67.26356579999904,1.632610859999977,1.306088759999981,1.306088759999981,3.5917439999999488,1647.9142910400003,-0.99490518,0.04988822,0.0016623199999999,-1.409958679999998,-0.8027914599999996,1.0332224199999998,-31.54044494,35.92039518000001,-37.07960481999999,99.8,31.91,79.45190802000009,60.92510496000011,64.16006634000013,65.23838674000012,202.6446382200004,1669.8625402000016,-1.01778832,0.0929932200000002,-0.0081269799999999,2.78373266,1.6763036800000002,3.9407149,-7.430907540000004,31.08563518,36.48345728,99.7,31.55516554,105.39361631999992,2.9007415799999974,2.417285119999998,1.9338278399999984,5.8014833399999945,1569.457047,-0.9252049400000002,0.108171599999999,-0.0175196799999999,-0.1612920000000091,2.6308270800000093,1.3778413399999982,7.81923152,9.261812499999944,0.1721093400000145,99.7,36.35169084,55.597507439999134,69.72325367999889,53.95904439999914,47.40910299999925,155.01529017999752,2015.2305845799988,-1.0154466,-0.00468398,0.0228895000000001,0.172264980000001,2.005599920000003,4.8636843800000005,9.07621818,-14.07621818,25.240429119999995,99.8,31.84,192.17134842000172,125.32914042000114,120.01214672000113,142.79926264000133,381.3044149600035,1292.826557280001,-0.99770086,-0.0652391799999997,0.0288737799999999,5.272440180000002,1.7706472199999994,2.01004268,-3.794752700000008,15.172808099999992,-94.8271919,99.8,30.9037809,35.39046417999872,29.350377459998874,31.813346599998795,18.85032125999928,71.63134105999724,1504.558003839999,776,X1.3498 Y1.575 R0.225
14:09:58.077,5,776,1.43363,1.75002,-0.125,83.97541,61.33563,-29.1675,,558.8,0,0,,2,3,"{""sr"":{""mpox"":83.97541,""mpoy"":61.33563,""mpoz"":-29.1675,""mpoa"":0,""posx"":1.43363,""posy"":1.75002,""posz"":-0.125,""posa"":0,""unit"":0,""stat"":5,""coor"":2,""momo"":3,""dist"":0,""home"":1,""mots"":1,""plan"":0,""line"":776,""path"":2,""frmo"":2,""prbe"":1,""safe"":0,""estp"":0,""spc"":1,""hold"":0,""macs"":5,""cycs"":1,""sps"":12000,""feed"":558.8,""mark"":1499779243}}",5.047995821297406,0.1986148085688063,0.1989262697439407,0.2052212406659241,5.047995821297406,0.1986148085688063,0.1989262697439407,0.2052212406659241,-0.96356708,-0.0369245799999999,0.0071527199999999,-5.00917756,-7.799512399999999,0.3198998999999999,-13.0,37.2716598,67.01369686,99.7,31.2692704,152.8732589400003,3.710183420000008,2.968147300000006,2.968147300000006,8.162403840000017,1292.8491344,-0.99209936,0.0406970199999999,0.0031895799999999,-1.4484491599999998,-0.7913779000000001,1.04243588,-31.47693794,36.0,-37.92728436,99.8,31.91026592,64.39955887999994,51.33950835999996,53.59124133999996,54.49193411999996,168.87996121999987,1328.4471379600002,-0.99949766,0.10027638,-0.0124714599999999,2.866545,1.68146618,3.967,-7.52012558,31.52012558,36.49162282,99.7,31.53057006,113.33030868000004,3.1207516600000007,2.6006260800000005,2.0805014400000004,6.241503320000001,1174.3992174999996,-1.0038063400000006,0.2205981999999998,0.0211206400000002,0.7741031399999885,2.1222745600000024,1.5570454199999997,7.262807219999989,-6.407007100000034,-6.747002739999983,99.7,36.36,126.41249100000029,169.55926950000037,130.9542577200003,115.05807596000024,376.9665905200008,1462.2173225799993,-1.00881522,0.00156094,0.02470738,0.1980294600000009,1.88615258,4.8258983,9.07914146,-12.841994959999994,22.834516359999995,99.8,31.84,28.79093183999956,23.22537101999962,22.32299725999964,26.42025629999956,70.64239519999884,1004.2158040199996,-0.99837228,-0.07412248,0.02382708,5.01059476,1.9009555,1.95859476,-3.091723199999997,16.0,-95.94235368,99.8,30.92,138.05804952000042,128.9752826400004,141.6911557200004,82.65317420000024,316.0802710000009,1244.375445339999,776,X1.3498 Y1.575 R0.225
14:09:58.335,5,776,1.37457,1.67718,-0.125,82.47529,59.48568,-29.1675,,558.8,0,0,,2,3,"{""sr"":{""mpox"":82.47529,""mpoy"":59.48568,""mpoz"":-29.1675,""mpoa"":0,""posx"":1.37457,""posy"":1.67718,""posz"":-0.125,""posa"":0,""unit"":0,""stat"":5,""coor"":2,""momo"":3,""dist"":0,""home"":1,""mots"":1,""plan"":0,""line"":776,""path"":2,""frmo"":2,""prbe"":1,""safe"":0,""estp"":0,""spc"":1,""hold"":0,""macs"":5,""cycs"":1,""sps"":12000,""feed"":558.8,""mark"":1499779243}}",5.4215039377857694,0.2036796158912143,0.2024574271890758,0.2080991612844505,5.4215039377857694,0.2036796158912143,0.2024574271890758,0.2080991612844505,-1.0105272999999997,-0.0308893000000008,0.0243365999999998,-5.331791200000029,-7.836348900000016,0.3754444999999919,-13.0,37.71715880000004,67.0,99.7,31.2635691,58.0598544999904,1.4142061999997673,1.131364999999814,1.131364999999814,3.1886662999994217,1361.692793199985,-0.9888025999999994,0.0375412999999996,-0.0048074000000002,-1.497561400000012,-0.793,0.9548478000000062,-32.0,36.0,-37.28544090000013,99.8,31.9254655,78.70223600000145,62.85248040000117,65.03865390000121,66.13174060000122,204.95374060000375,1153.892771099985,-1.012416000000001,0.1088430000000003,-0.0139634000000001,2.8669137,1.7299853000000047,3.8840331999999913,-7.052330099999955,32.0,36.05233009999996,99.7,31.54,103.49679949999904,2.897377599999977,2.414481199999981,1.931584799999985,6.27765159999995,1098.709293399982,-0.8817582999999996,0.2552171000000106,-0.0316019999999998,2.068878799999874,1.3212709000000276,1.511290100000002,10.711647900000234,0.3747669999990357,19.89591230000123,99.7,36.36,47.12440799999093,58.64370769998872,45.29179179999129,39.793944099992345,130.37752769997493,1652.5009678000083,-1.0003786,-0.0127640999999992,-0.0116121000000001,0.3555747000000042,1.767886700000026,4.72197579999999,9.819873900000076,-14.82909740000007,24.0,99.8,31.84,199.45265500001716,135.96268070001145,130.16822510001094,155.03191100001305,412.0611977000347,1030.441602300002,-0.9985219999999996,-0.0746633999999995,0.0250524999999981,5.188491699999999,1.8161964000000088,2.014,-3.129404299999921,16.0,-94.86656500000008,99.8,30.91,24.71618499998498,18.24597959998891,20.187040999987733,11.64636989999292,44.77382169997278,1125.8947717999788,776,X1.3498 Y1.575 R0.225
14:09:58.592,5,776,1.35031,1.58662,-0.125,81.85894,57.18541,-29.1675,,558.8,0,0,,2,3,"{""sr"":{""mpox"":81.85894,""mpoy"":57.18541,""mpoz"":-29.1675,""mpoa"":0,""posx"":1.35031,""posy"":1.58662,""posz"":-0.125,""posa"":0,""unit"":0,""stat"":5,""coor"":2,""momo"":3,""dist"":0,""home"":1,""mots"":1,""plan"":0,""line"":776,""path"":2,""frmo"":2,""prbe"":1,""safe"":0,""estp"":0,""spc"":1,""hold"":0,""macs"":5,""cycs"":1,""sps"":12000,""feed"":558.8,""mark"":1499779243}}",5.0283980676897775,0.1846005989739411,0.1988912710187799,0.2075958172463778,5.0283980676897775,0.1846005989739411,0.1988912710187799,0.2075958172463778,-0.9966536400000008,-0.0291880399999993,0.0026379200000006,-5.241892879999999,-7.849406400000001,0.4761009599999976,-13.0,37.184384320000014,66.18438432000002,99.7,31.24716156,132.87518715999747,3.2095455999999385,2.567636279999951,2.567636279999951,7.702909079999853,1345.0875345200045,-0.99370136,0.0489719599999999,-0.0165361200000003,-1.501845400000001,-0.7201726799999996,0.8663574800000005,-31.797923520000023,35.866016639999984,-37.4700432,99.8,31.92663928,75.94938708000029,54.05500888000031,55.93518320000032,56.40522716000032,175.05828016000095,1266.61539808,-1.0147316,0.1351029999999998,-0.00927504,2.9064635600000006,1.8689525599999977,3.922802200000001,-7.488216680000001,31.48821668,37.27545096000002,99.7,31.531259520000003,110.54522443999976,3.070700919999993,2.5589175999999947,2.0471340399999955,6.141401599999987,1183.253115880004,-0.9984422799999983,0.2044987199999975,-0.0209830399999986,2.188670920000016,1.4741336799999996,1.3702378400000017,9.191176440000053,9.445189200000042,7.207219039999654,99.7,36.35701836,105.73933423999785,145.53613663999704,112.9158063599977,99.16580279999798,324.8490197199933,1451.9426170400004,-0.9993214,-0.0176641599999999,0.0093641199999999,0.4552678399999937,1.9168103999999977,4.718746280000001,9.0,-14.71404099999998,25.02135952,99.8,31.83714024,47.75511628000312,46.32532252000303,44.60956924000291,52.902373840003456,141.26363708000923,968.648937639997,-1.0040218,-0.0770634,0.0544651199999989,5.06657816,1.7579286000000038,1.865739000000003,-3.0,16.0,-95.20736815999992,99.8,30.92729448,132.91593495999624,103.44329459999707,114.53699755999676,65.75692751999813,254.1982389999928,1184.0120459600037,776,X1.3498 Y1.575 R0.225
14:09:58.850,5,777,1.36144,1.49287,-0.125,82.14177,54.80401,-29.1675,,558.8,0,0,,2,3,"{""sr"":{""mpox"":82.14177,""mpoy"":54.80401,""mpoz"":-29.1675,""mpoa"":0,""posx"":1.36144,""posy"":1.49287,""posz"":-0.125,""posa"":0,""unit"":0,""stat"":5,""coor"":2,""momo"":3,""dist"":0,""home"":1,""mots"":1,""plan"":0,""line"":777,""path"":2,""frmo"":2,""prbe"":1,""safe"":0,""estp"":0,""spc"":1,""hold"":0,""macs"":5,""cycs"":1,""sps"":12000,""feed"":558.8,""mark"":1499779243}}",5.32050542857988,0.2107130983100058,0.2167574620998415,0.2045711310958384,5.32050542857988,0.2107130983100058,0.2167574620998415,0.2045711310958384,-0.9978455999999988,-0.0259823999999995,-0.0016622000000003,-5.171660399999981,-7.790621000000009,0.4179394000000004,-9.670463600000614,26.248400800001672,46.835270200002974,99.7,31.2586446,91.80354979999356,2.2240255999998446,1.7792201999998756,1.7792201999998756,5.337661199999627,1615.554605000019,-0.9899844000000004,0.0345875999999999,-0.0065887999999997,-1.4679990000000016,-0.8842379999999996,0.9402811999999926,-31.77747400000003,35.77747400000003,-37.26518260000002,99.8,31.927348,75.81912300000097,58.40121640000074,60.45038160000077,60.96267300000078,188.5232248000024,1395.2286833999997,-1.0030765999999998,0.1209001999999997,-0.0018754000000003,2.7998346000000054,1.7171653999999947,3.957795399999993,-7.284761200000027,31.715238799999973,37.505928,99.7,31.53,107.91705699999936,2.964433199999984,2.4703611999999864,1.9762885999999888,5.928866799999967,1519.356123600002,-0.8006343999999989,0.3020262000000114,-0.0462607999999985,0.7797263999998416,1.8296146000000209,1.5281870000000048,7.762171799999867,-6.263810199999938,-3.737246400000869,99.7,36.364764,71.80849619999458,98.24107159999257,76.21392559999424,66.96252419999493,219.3903755999834,2580.3003074000144,-0.9986932000000004,-0.0118330000000005,-0.0060265999999989,0.2404582000000139,1.873415399999996,4.705582600000007,10.0,-15.0,25.418716799999952,99.8,31.84,109.34914760000837,93.55107660000752,90.09890140000724,106.9561158000086,284.21197800002284,1299.5968360000074,-1.0096782000000004,-0.0766511999999998,0.0415365999999995,5.238798399999993,1.895874800000023,2.0491570000000032,-3.0,16.0,-93.59089700000006,99.8,30.9140908,71.5929809999908,56.8652815999927,63.410925799991865,36.00104199999538,140.32224279998195,1856.469320000009,777,X1.6498 Y1.275 R0.3
14:09:59.107,5,777,1.40077,1.40784,-0.125,83.14076,52.64444,-29.1675,,558.8,0,0,,2,3,"{""sr"":{""mpox"":83.14076,""mpoy"":52.64444,""mpoz"":-29.1675,""mpoa"":0,""posx"":1.40077,""posy"":1.40784,""posz"":-0.125,""posa"":0,""unit"":0,""stat"":5,""coor"":2,""momo"":3,""dist"":0,""home"":1,""mots"":1,""plan"":0,""line"":777,""path"":2,""frmo"":2,""prbe"":1,""safe"":0,""estp"":0,""spc"":1,""hold"":0,""macs"":5,""cycs"":1,""sps"":12000,""feed"":558.8,""mark"":1499779243}}",5.166002914008226,0.1965813689899989,0.1992830981243662,0.2059035649771506,5.166002914008226,0.1965813689899989,0.1992830981243662,0.2059035649771506,-0.9650264599999993,-0.0358883399999997,0.0003237400000003,-5.240005039999997,-7.921161880000004,0.427,-14.0,37.0,67.41787684000005,99.7,31.25565306,98.51348193999422,2.39110359999986,1.912883479999888,1.912883479999888,5.738649439999663,1507.719860139987,-0.99426094,0.0349262200000005,0.0148847600000005,-1.5069196599999974,-0.8171860399999965,0.9645708000000014,-31.796240700000023,36.0,-37.69824421999997,99.8,31.93,76.12125926000105,57.62872558000068,59.6507858200007,60.1563009000007,185.8258105800022,1370.4114786599966,-1.0081789800000012,0.1251708199999997,-0.00957262,2.7948958600000022,1.794804720000008,3.892757420000002,-7.281780100000026,32.0,37.56129570000005,99.7,31.53219374,108.2543663999995,2.9932085799999864,2.4943400599999883,1.9954720799999908,5.986416159999973,1350.0184074400072,-0.9604407200000024,0.2316060399999952,-0.0114334400000001,3.382550799999932,1.3951117000000035,1.5161447399999957,10.854286580000062,1.948313620000165,10.192310399999885,99.7,36.372551,78.67099447999499,105.68452849999328,81.98844571999479,72.03609099999541,235.539061339985,1679.3089916400118,-1.00413286,-0.0113568799999998,-0.0119785599999995,0.2662838200000117,1.7141268999999957,4.787457720000002,9.420796959999953,-14.469287339999958,25.0,99.8,31.84420808,118.3489309800094,85.44474406000681,82.26046780000654,97.65113598000778,260.04922110002065,1210.3864242800057,-0.9937432399999996,-0.0732310399999998,0.0220944000000003,5.319932600000016,1.8051634000000032,2.0455540400000025,-3.5370001000000477,16.019724580000002,-94.98027542,99.8,30.91556744,85.14210209999118,63.893951659993455,71.3019458199927,40.74396937999583,158.3458802199838,1460.8282533000256,777,X1.6498 Y1.275 R0.3
14:09:59.364,5,777,1.46508,1.33873,-0.125,84.77421,50.88903,-29.1675,,558.8,0,0,,2,3,"{""sr"":{""mpox"":84.77421,""mpoy"":50.88903,""mpoz"":-29.1675,""mpoa"":0,""posx"":1.46508,""posy"":1.33873,""posz"":-0.125,""posa"":0,""unit"":0,""stat"":5,""coor"":2,""momo"":3,""dist"":0,""home"":1,""mots"":1,""plan"":0,""line"":777,""path"":2,""frmo"":2,""prbe"":1,""safe"":0,""estp"":0,""spc"":1,""hold"":0,""macs"":5,""cycs"":1,""sps"":12000,""feed"":558.8,""mark"":1499779243}}",5.263457645758897,0.2136725302594695,0.2134556395843696,0.2080116351948709,5.263457645758897,0.2136725302594695,0.2134556395843696,0.2080116351948709,-1.022544759999994,-0.0039873200000036,0.0249312400000012,-5.0859938800000135,-7.87632743999995,0.4329847200000152,-14.0,36.54905672000013,67.0,99.7,31.26,125.2409021599857,2.985406079999661,2.3883241999997287,2.3883241999997287,7.164973599999186,1575.594820679966,-0.9921615999999998,0.0450031199999999,-0.0125149199999995,-1.648080239999984,-0.8371661600000094,0.9072428799999966,-32.0,36.0,-37.0,99.8,31.93141248,73.59765328000229,54.48137928000169,56.87091424000176,57.34882064000178,177.78134392000553,1588.2426439599813,-1.0202816000000057,0.080768719999997,-0.0131084000000005,2.833970639999984,1.669742319999996,3.845,-7.0,32.0,37.84643551999994,99.7,31.53510024,111.1800825199988,2.5500017999999725,2.5500017999999725,2.0400013599999776,6.120004439999934,1490.4531335199783,-0.8392762800000165,0.3621682799999804,0.0010436000000013,5.1825558800000655,1.3315829999999864,1.4383019199999938,9.95257896000052,12.911464079999725,12.83377472000124,99.7,36.37140556,101.5189789199876,134.75435835998354,103.9360968399873,91.85050451998876,300.32697819996326,2014.727738999904,-1.0129184799999993,-0.0008253999999998,0.018547159999999,0.3731130400000089,1.9246023999999848,4.707085599999999,9.709154239999886,-14.651076119999896,24.290845760000117,99.8,31.84290848,73.853367600021,56.932623520016776,54.83908188001616,65.30679008001925,173.70541556005114,1337.228145919982,-1.0001498400000015,-0.0698846399999998,0.0231463599999968,5.111065239999971,1.6359131199999914,2.0733183600000005,-3.3359815600001155,15.30841504000012,-94.0,99.8,30.91589292,112.88315071998036,93.62661335998372,103.586891599982,59.76166803998961,230.41443151995992,1532.3143298399457,777,X1.6498 Y1.275 R0.3
14:09:59.622,5,777,1.54771,1.29311,-0.125,86.873,49.73021,-29.1675,,558.8,0,0,,2,3,"{""sr"":{""mpox"":86.873,""mpoy"":49.73021,""mpoz"":-29.1675,""mpoa"":0,""posx"":1.54771,""posy"":1.29311,""posz"":-0.125,""posa"":0,""unit"":0,""stat"":5,""coor"":2,""momo"":3,""dist"":0,""home"":1,""mots"":1,""plan"":0,""line"":777,""path"":2,""frmo"":2,""prbe"":1,""safe"":0,""estp"":0,""spc"":1,""hold"":0,""macs"":5,""cycs"":1,""sps"":12000,""feed"":558.8,""mark"":1499779243}}",5.267650327921585,0.197248001584725,0.1967575495068158,0.1983374467383982,5.267650327921585,0.197248001584725,0.1967575495068158,0.1983374467383982,-1.0133808800000037,-0.051349960000001,0.0192271200000009,-5.176829760000005,-7.724692400000008,0.4037567600000138,-13.35441463999994,36.31779111999995,67.0,99.7,31.26609,66.73604239999099,1.5889537599997852,1.271162639999828,1.271162639999828,3.813487919999485,1675.1501017199837,-0.9917717200000008,0.0500390000000002,-0.0110449999999984,-1.616066920000006,-0.98352808000001,0.9193549999999946,-32.0,36.070527039999966,-38.4765072800001,99.8,31.92929472,80.19783444000146,59.920303840001,64.16327380000111,65.24164776000113,202.12466300000352,1698.542099919998,-1.015726320000001,0.1347123999999983,-0.0115588400000002,2.8395560800000004,1.7606980800000047,4.032650879999998,-7.0,32.0,37.95839112000005,99.7,31.53371772,105.22463595999916,2.4134089599999804,2.4134089599999804,1.9307269999999843,5.792181839999953,1602.9383976399884,-0.8720995600000063,0.4070823600000037,-0.0378148399999944,0.1728240400000468,1.982872440000044,1.6780340800000155,7.773886039999923,0.2110336400002423,-5.55489632000108,99.7,36.395728000000005,49.75113191999208,66.65887531998965,51.51870507999202,45.166689679992935,148.33101043997695,2363.501845919982,-1.0037860400000005,0.0012013200000007,0.0002939599999986,0.2268176399999726,1.877477440000035,4.799621600000009,9.778349880000066,-15.0,23.854797440000077,99.8,31.84,119.86586460001,129.98441208001086,124.5359634000104,148.6648066000124,395.40168408003296,1308.3720248399711,-1.0043484400000022,-0.06481888,0.0247824799999996,5.180662320000004,1.9871564000000084,1.95502776,-3.153532319999924,15.153532319999924,-94.0,99.8,30.90966736,24.22275627999028,27.33639571998933,29.544509159988426,17.590580319993116,66.21991151997409,1664.9591987199638,777,X1.6498 Y1.275 R0.3
14:09:59.878,5,777,1.63968,1.27538,-0.125,89.20888,49.27987,-29.1675,,558.8,0,0,,2,3,"{""sr"":{""mpox"":89.20888,""mpoy"":49.27987,""mpoz"":-29.1675,""mpoa"":0,""posx"":1.63968,""posy"":1.27538,""posz"":-0.125,""posa"":0,""unit"":0,""stat"":5,""coor"":2,""momo"":3,""dist"":0,""home"":1,""mots"":1,""plan"":0,""line"":777,""path"":2,""frmo"":2,""prbe"":1,""safe"":0,""estp"":0,""spc"":1,""hold"":0,""macs"":5,""cycs"":1,""sps"":12000,""feed"":558.8,""mark"":1499779243}}",5.314432178015379,0.2030172367361614,0.2216726194322868,0.2133620948219086,5.314432178015379,0.2030172367361614,0.2216726194322868,0.2133620948219086,-1.0038255600000014,-0.0711925600000031,-0.0048062000000006,-5.037245040000014,-8.072276240000008,0.3055298399999867,-14.0,37.0,66.75014192000006,99.7,31.24759436,154.55689944001006,3.750707680000246,3.0005657600001965,3.0005657600001965,8.26081056000052,1510.8541402799851,-0.99186624,0.0363435599999992,-0.0077885200000003,-1.5496971999999931,-0.8776266000000092,0.9275090000000024,-32.0,36.0,-38.96447176000008,99.8,31.93,69.90230103999846,49.6080852799989,53.66692823999882,54.5688931199988,169.56945399999626,1252.629375279976,-1.0282024800000018,0.1265872000000011,0.0028763600000004,2.7198341199999896,1.709,3.908600480000001,-7.0,32.0,37.01434463999986,99.7,31.51981008,112.6609136000008,3.1278873600000265,2.606573120000022,2.0852579200000174,6.255774720000053,1279.6015071999725,-0.890562239999988,0.3271392400000025,-0.0271690400000058,1.0490655599998957,1.9326732399999584,1.4348643200000109,11.231141439999949,6.425694640000658,-1.0477729200014303,99.7,36.38,126.09273528000874,170.68650728001182,130.70588372000907,115.328721320008,378.27820488002624,1697.401173919961,-1.00635252,-0.010943679999999,0.0091848799999997,0.4228399599999838,1.6502232399999948,4.64344647999999,9.963553360000082,-14.963553360000082,24.072893279999835,99.8,31.849112,26.06676187998909,20.87504611998765,20.07140971998799,23.916737279985767,63.772673399962045,1120.7353255999767,-1.0141626400000008,-0.0885403600000014,0.0508144400000019,5.480159999999999,2.0005486400000154,2.014,-4.0,15.964918719999996,-93.96491872,99.8,30.89038424,134.3415233600122,138.04749596001253,147.31242892001336,88.94335300000807,331.6845876400301,1494.290677239993,777,X1.6498 Y1.275 R0.3
14:10:00.137,5,778,1.73333,1.28702,-0.125,91.58779,49.57547,-29.1675,,558.8,0,0,,2,3,"{""sr"":{""mpox"":91.58779,""mpoy"":49.57547,""mpoz"":-29.1675,""mpoa"":0,""posx"":1.73333,""posy"":1.28702,""posz"":-0.125,""posa"":0,""unit"":0,""stat"":5,""coor"":2,""momo"":3,""dist"":0,""home"":1,""mots"":1,""plan"":0,""line"":778,""path"":2,""frmo"":2,""prbe"":1,""safe"":0,""estp"":0,""spc"":1,""hold"":0,""macs"":5,""cycs"":1,""sps"":12000,""feed"":558.8,""mark"":1499779243}}",5.409829556548984,0.2104210155391166,0.2090369086432548,0.204751812409442,5.409829556548984,0.2104210155391166,0.2090369086432548,0.204751812409442,-1.041926119999992,-0.0826396399999932,0.0071426400000001,-4.994463100000042,-7.843485739999997,0.3607623400000065,-13.805693320000024,38.0,67.0,99.7,31.26611366,61.86860142001217,1.5137292800002964,1.210983940000237,1.210983940000237,3.3302047600006515,1614.383809719994,-0.9901038800000006,0.0356367200000007,0.0014494600000006,-1.4122052400000016,-0.7928222200000052,1.004994720000001,-32.0,36.54107471999999,-37.302998599999896,99.8,31.9461902,84.40760215999808,61.14140395999861,64.38785055999854,65.46999913999852,203.98503819999536,1479.6669965999906,-0.969340640000004,0.1326319200000011,-0.0038534199999998,2.9067847600000025,1.7969648999999963,4.054964899999996,-8.0,32.0,37.0,99.7,31.5166198,105.23856714000112,2.90779450000003,2.4231626800000243,1.93853000000002,5.815590000000059,1451.7865905799813,-1.0454322599999946,0.2365245599999995,0.0360613600000014,2.7018797999998663,1.1891585600000736,1.6155900399999763,4.044955100001047,8.378898380001997,-0.4045955199998336,99.7,36.38711034,53.451967660011725,63.56450222001395,49.11802438001078,43.05050410000945,141.57548200003106,2175.6801657799897,-1.0057445399999998,-0.0220066599999982,-0.0070342799999965,0.5670204599999532,1.8072144800000165,4.869014799999993,10.0,-14.79664071999991,24.2163112400001,99.8,31.85216282,123.00649807998664,132.22943605998532,126.66590183998596,150.55217703998326,401.4681544999554,1335.762788040015,-0.9951177800000008,-0.0666420600000016,0.0323377199999971,5.5590446799999285,1.0010835000000895,2.124522599999993,-2.171222300000104,14.840061419999904,-94.1599385800001,99.8,30.891712180000003,24.837097720014963,24.009194660014455,25.99616238001565,15.399000440009274,58.28438966003511,1473.9651935000084,778,X1.9498 Y1.575 R0.3
14:10:00.393,5,778,1.8188,1.32713,-0.125,93.75854,50.5943,-29.1675,,558.8,0,0,,2,3,"{""sr"":{""mpox"":93.75854,""mpoy"":50.5943,""mpoz"":-29.1675,""mpoa"":0,""posx"":1.8188,""posy"":1.32713,""posz"":-0.125,""posa"":0,""unit"":0,""stat"":5,""coor"":2,""momo"":3,""dist"":0,""home"":1,""mots"":1,""plan"":0,""line"":778,""path"":2,""frmo"":2,""prbe"":1,""safe"":0,""estp"":0,""spc"":1,""hold"":0,""macs"":5,""cycs"":1,""sps"":12000,""feed"":558.8,""mark"":1499779243}}",5.1832552601084645,0.1941102828149921,0.1969598463524036,0.2075834310554749,5.1832552601084645,0.1941102828149921,0.1969598463524036,0.2075834310554749,-1.030715340000002,-0.0240281199999971,0.0206405399999993,-5.334236499999954,-7.538510480000052,0.5619918399999666,-13.0,38.0,66.33772341999995,99.7,31.25,128.62513961998675,3.152576719999676,2.522061819999741,2.522061819999741,6.935669079999287,2026.5056613800568,-0.9928166599999996,0.0397705400000013,-0.029852179999998,-1.469281119999996,-0.8120227200000179,0.9367854400000064,-32.527900059999986,36.0,-37.29030924000013,99.8,31.95200978,68.19803212000332,54.43664344000167,56.5068336400016,56.978933580001616,177.6913530000051,1574.0229553800566,-1.002008179999999,0.0809854999999982,-0.0019776799999995,2.8066567400000006,1.6958369600000072,4.021010779999996,-7.136597760000063,31.35238873999994,37.0,99.7,31.5115862,110.88986409999872,3.066078739999965,2.55506623999997,2.0440527399999766,6.643171719999923,1709.7012268200635,-1.012884880000006,0.3767575799999976,0.0218791800000033,0.6295243600003159,2.0659296800000213,1.5786893799999857,7.937525300000238,4.084664240000552,-2.226162880002104,99.7,36.39,106.64779361998832,140.63640005998468,108.03432577998822,95.24919863998964,313.2356188399659,2240.02394850004,-1.007773400000003,4.764000000031793e-05,-0.0130417799999998,0.1702020799999966,1.7033790200000385,4.7156433400000255,10.0,-14.97682021999999,25.67429835999989,99.8,31.85,70.18502030002276,49.0085052400159,47.1933757800153,55.96650322001816,149.44568942004847,1627.501747360031,-1.0111274600000004,-0.076638080000001,0.047962699999998,5.119212759999973,1.612663619999986,2.0554459199999924,-3.0,15.010304060000005,-93.72066039999989,99.8,30.89020618,119.67143781998222,100.15116221998473,110.98167363998309,63.407795199990325,247.86589855996215,1895.8697052200384,778,X1.9498 Y1.575 R0.3
14:10:00.651,5,778,1.88693,1.39145,-0.125,95.48908,52.22799,-29.1675,,558.8,0,0,,2,3,"{""sr"":{""mpox"":95.48908,""mpoy"":52.22799,""mpoz"":-29.1675,""mpoa"":0,""posx"":1.88693,""posy"":1.39145,""posz"":-0.125,""posa"":0,""unit"":0,""stat"":5,""coor"":2,""momo"":3,""dist"":0,""home"":1,""mots"":1,""plan"":0,""line"":778,""path"":2,""frmo"":2,""prbe"":1,""safe"":0,""estp"":0,""spc"":1,""hold"":0,""macs"":5,""cycs"":1,""sps"":12000,""feed"":558.8,""mark"":1499779243}}",5.164558281126731,0.2009668521217142,0.2056748822871736,0.2045221948690218,5.164558281126731,0.2009668521217142,0.2056748822871736,0.2045221948690218,-0.9946332800000016,-0.0368870000000001,0.0145363599999998,-5.07396862,-7.900611199999993,0.3992497999999986,-13.32428998000003,37.45492744000002,67.0,99.7,31.2577918,93.06643086000444,2.2746360400001087,1.819709180000087,1.819709180000087,5.328489500000271,1881.210602720001,-0.99557812,0.0397139999999998,-0.0183958399999996,-1.5413978000000008,-0.7644576399999973,0.977,-32.0,36.0,-37.0,99.8,31.94,88.60669765999921,59.07113143999948,59.58036585999947,60.08959969999946,186.88883891999836,1644.4771065800023,-1.0129852200000005,0.1181962800000004,-0.01646984,2.822021840000001,1.759353279999997,3.981021840000001,-7.275155479999981,32.0,37.78017997999998,99.7,31.5149498,107.1898490600004,2.969853000000012,2.4748775000000096,1.979902000000008,6.434680500000026,1765.4665132200078,-0.96175928,0.2065389799999977,0.0136403600000009,1.7588228800000023,1.4333169599999935,1.4806104800000048,9.912172119999992,-1.3381489400000517,-1.1460670999999711,99.7,36.39459882,74.17735206000381,100.41080630000516,77.34345872000398,67.84513932000348,223.43665904001148,2499.179642580008,-1.0097653199999992,-0.0049740200000005,0.0169168199999973,0.1796263800000044,1.993625379999998,4.7,9.564763979999968,-15.0,24.47234848000004,99.8,31.85,114.36634781999317,88.55660891999486,85.76990131999501,102.11094481999407,270.1508264599844,1691.4885095400011,-0.99926438,-0.0699216599999999,0.0192413799999986,5.501792619999969,1.760786099999994,2.0471371199999977,-3.013705020000001,15.013705020000002,-95.01370502,99.8,30.89443084,83.72641974000719,57.10571194000491,65.26367042000561,35.63739956000306,142.54959624001225,1890.4433685400093,778,X1.9498 Y1.575 R0.3
14:10:00.908,5,778,1.93217,1.47428,-0.125,96.63823,54.3319,-29.1675,,558.8,0,0,,2,3,"{""sr"":{""mpox"":96.63823,""mpoy"":54.3319,""mpoz"":-29.1675,""mpoa"":0,""posx"":1.93217,""posy"":1.47428,""posz"":-0.125,""posa"":0,""unit"":0,""stat"":5,""coor"":2,""momo"":3,""dist"":0,""home"":1,""mots"":1,""plan"":0,""line"":778,""path"":2,""frmo"":2,""prbe"":1,""safe"":0,""estp"":0,""spc"":1,""hold"":0,""macs"":5,""cycs"":1,""sps"":12000,""feed"":558.8,""mark"":1499779243}}",5.279616577443161,0.195686931127947,0.1750077586971239,0.1890885906686365,5.279616577443161,0.195686931127947,0.1750077586971239,0.1890885906686365,-1.0179173600000098,0.0178517199999996,-0.002499359999996,-5.145464959999987,-7.9246962399999985,0.305,-7.837036319998433,21.44251679999569,37.98196647999234,99.7,31.2566638,96.75209499998326,2.337006999999596,1.8696057999996765,1.8696057999996765,5.60881695999903,1924.671613559936,-0.99399008,0.0447427200000005,-0.005442439999999,-1.4354020400000032,-0.7794346399999841,1.063569000000012,-32.0,36.0,-37.193611439999934,99.8,31.948064,79.57757260000184,57.25066280000187,57.25066280000187,57.94920324000182,178.00475496000576,1568.524012359955,-1.0230802799999998,0.1583304800000055,-0.0157523200000021,2.8310863600000147,1.721793879999996,3.875617000000001,-7.0,31.707816639999923,37.08244724000015,99.7,31.52707792,107.58538715999856,2.98848267999996,2.4904021599999666,1.9923216399999728,6.475046439999914,1718.219334319957,-0.96793696,0.2334724799999832,-0.0466658800000022,4.611001760000061,1.3133722800000205,1.395275479999979,9.581934080000154,4.626812080000012,15.601482879999908,99.7,36.39767208,76.25135983998571,103.9910095599807,79.96662595998521,70.101082119987,230.73005203995723,1721.9853856799214,-1.0012205200000015,-0.0135144000000016,0.0102584400000013,0.2444636399999867,1.91037283999999,4.69691048,9.493476639999866,-14.2402149599998,23.186839759999543,99.8,31.85597488,93.51161804002082,80.93403180001802,78.19977440001742,93.51161804002082,244.98950220005452,1470.0320059998992,-1.0142349600000016,-0.0641633999999983,0.0039257600000059,5.178716719999983,1.8377963200000167,1.981345319999992,-3.0,15.555709440000136,-95.0,99.75760952000002,30.90020384,73.3486460799774,57.737338839982186,67.0674323599793,35.52283019998903,143.9092489199556,1474.410904039912,778,X1.9498 Y1.575 R0.3
14:10:01.165,5,778,1.94948,1.56632,-0.125,97.0778,56.66982,-29.1675,,558.8,0,0,,2,3,"{""sr"":{""mpox"":97.0778,""mpoy"":56.66982,""mpoz"":-29.1675,""mpoa"":0,""posx"":1.94948,""posy"":1.56632,""posz"":-0.125,""posa"":0,""unit"":0,""stat"":5,""coor"":2,""momo"":3,""dist"":0,""home"":1,""mots"":1,""plan"":0,""line"":778,""path"":2,""frmo"":2,""prbe"":1,""safe"":0,""estp"":0,""spc"":1,""hold"":0,""macs"":5,""cycs"":1,""sps"":12000,""feed"":558.8,""mark"":1499779243}}",5.202021194677342,0.2088896722720191,0.216165092644326,0.2090631720769751,5.202021194677342,0.2088896722720191,0.216165092644326,0.2090631720769751,-0.9744626999999998,-0.0557280000000008,0.0248107999999999,-5.284666899999989,-7.7749795000000095,0.4923840999999921,-13.457472000000022,37.068544,67.47398399999997,99.7,31.268463800000003,127.10288719999676,3.0553579999999223,2.444286299999938,2.444286299999938,7.332858599999812,1617.8425621000054,-0.9911847,0.0502716000000001,-0.0048341,-1.6213721000000014,-0.8006812999999975,0.9850730000000008,-32.0,36.0,-36.60938740000002,99.8,31.95,81.57453550000056,53.905980000000376,53.42893580000037,54.38302390000037,166.01133560000116,1321.832479700001,-1.0298554999999996,0.1344782000000001,-0.0085135,2.8575688999999955,1.648,3.975754300000001,-7.0,32.0,37.633454100000016,99.7,31.5251004,111.33653779999972,3.060358499999992,2.5502989999999937,2.0402387999999947,6.120716699999985,1269.0308531999938,-1.0353272000000022,0.4265186000000028,0.0472672000000006,3.6325988999999206,1.1777969,1.5465371999999935,8.049364900000022,6.479523500000228,6.70836499999994,99.7,36.3814357,100.87391909999728,138.62428099999627,107.68136139999709,94.06647639999748,308.1914825999917,2047.0588265999957,-1.0131363,-0.0044635,-0.023551199999999,0.2047886999999926,1.9813244999999944,4.761503500000004,10.272308500000026,-15.0,24.336084100000026,99.8,31.8572769,72.18932060000483,48.73223560000336,47.051813800003245,56.46217640000391,147.87712960001022,1135.605309100005,-1.0137565999999996,-0.0913139000000003,0.0301925999999997,5.335801299999997,1.642964000000005,1.9193839999999969,-2.134461599999918,10.67230739999959,-67.5912808999974,99.8,30.9168552,109.6860954999958,88.4344144999966,102.83071439999604,54.15750959999793,220.0577282999916,1480.6991124999963,778,X1.9498 Y1.575 R0.3
14:10:01.424,5,779,1.93964,1.66081,-0.125,96.82809,59.06985,-29.1675,,558.8,0,0,,2,3,"{""sr"":{""mpox"":96.82809,""mpoy"":59.06985,""mpoz"":-29.1675,""mpoa"":0,""posx"":1.93964,""posy"":1.66081,""posz"":-0.125,""posa"":0,""unit"":0,""stat"":5,""coor"":2,""momo"":3,""dist"":0,""home"":1,""mots"":1,""plan"":0,""line"":779,""path"":2,""frmo"":2,""prbe"":1,""safe"":0,""estp"":0,""spc"":1,""hold"":0,""macs"":5,""cycs"":1,""sps"":12000,""feed"":558.8,""mark"":1499779243}}",5.373642510366911,0.2045119655052403,0.2038228912981612,0.2015267108144851,5.373642510366911,0.2045119655052403,0.2038228912981612,0.2015267108144851,-0.9715913200000004,-0.0716254399999998,0.0423087599999998,-4.728129800000004,-7.971652919999999,0.2617373600000003,-13.68223935999999,37.0,66.60854352000001,99.7,31.2529076,60.48270632000131,1.4539115200000312,1.163128640000025,1.163128640000025,3.489386920000076,1327.6034287999994,-0.98766592,0.04062792,-0.0101106800000001,-1.5760404399999983,-0.8175900399999998,0.9445511200000009,-32.0,36.0,-37.03373027999999,99.8,31.94596852,93.7020657999998,61.41988475999985,61.36653695999985,61.96342411999985,190.6754249199996,1579.5493604799956,-0.97151424,0.1644235999999996,-0.0355038799999999,2.8045143599999998,1.672716599999999,3.9906075999999984,-6.5194766,32.0,38.94285779999999,99.7,31.54462352,105.23453620000012,2.402615360000003,2.402615360000003,1.9220918400000024,5.766275640000006,1509.384103119996,-0.9661168000000004,0.1788717599999992,-0.0303897999999996,1.7832037600000432,0.9546580799999996,1.4539278400000002,9.258521319999966,-10.01686679999988,5.257619319999832,99.7,36.39,45.8602281600011,62.0123245200015,47.98878024000115,42.079791840001015,137.68517824000335,1532.50367932,-0.99399488,-0.0157886799999998,-0.0426776799999996,0.3016316799999986,2.026763999999999,4.769353520000001,10.0,-15.91827352,26.80894019999999,99.8,31.85081752,195.76360175999773,118.10531363999864,114.06061075999868,136.71094499999842,359.9785233199959,1322.132412519998,-1.00781336,-0.06373136,0.0095362000000002,5.159115920000003,1.791832999999997,2.0069489199999992,-3.115591440000011,15.14765160000001,-94.11559144000002,99.8,30.91967968,20.40381568000161,19.226727880001373,22.17975344000157,11.84416316000085,47.935198240003416,1213.0445537600012,779,X1.5748 Y1.95 R0.375
14:10:01.679,5,779,1.9067,1.74913,-0.125,95.99141,61.31322,-29.1675,,558.8,0,0,,2,3,"{""sr"":{""mpox"":95.99141,""mpoy"":61.31322,""mpoz"":-29.1675,""mpoa"":0,""posx"":1.9067,""posy"":1.74913,""posz"":-0.125,""posa"":0,""unit"":0,""stat"":5,""coor"":2,""momo"":3,""dist"":0,""home"":1,""mots"":1,""plan"":0,""line"":779,""path"":2,""frmo"":2,""prbe"":1,""safe"":0,""estp"":0,""spc"":1,""hold"":0,""macs"":5,""cycs"":1,""sps"":12000,""feed"":558.8,""mark"":1499779243}}",5.137732698124482,0.1876698721813554,0.1951198608564109,0.2027646365893632,5.137732698124482,0.1876698721813554,0.1951198608564109,0.2027646365893632,-1.032992700000008,-0.0271439599999998,0.0133466000000007,-5.2210252800000045,-8.11688266000001,0.3812438599999859,-12.240747939999856,36.0,66.0,99.7,31.2448149,160.40909686002146,4.582985760000614,3.05532418000041,3.05532418000041,9.16597252000123,1326.0229709398843,-0.9878018599999996,0.0451628600000006,-0.0197867400000011,-1.6740047200000086,-0.9552377400000142,0.9378467599999756,-32.0,36.00881709999992,-37.44394795999998,99.8,31.96,64.3724807799968,49.72219239999753,50.61008831999749,51.05403627999746,157.60159129999215,1250.883193659973,-0.9905292599999936,0.1098386400000015,-0.0131967400000003,2.811328519999996,1.7050925200000098,3.967578959999994,-6.477465059999991,31.522534940000007,39.0,99.7,31.54954958,113.41852038000172,2.612673700000046,2.612673700000046,2.0901387600000367,6.270417260000111,1355.0109876799618,-0.9958036199999988,0.319609980000018,-0.0085825999999949,3.5991111000003677,1.3212329599998898,1.5949663000000176,14.35191850000018,-0.2421094000013681,17.11512628000256,99.7,36.40984128,126.14644914001776,173.64603828002444,134.71194872001894,118.35963142001664,386.2261651400543,1823.5988427599727,-1.0019411200000004,-0.0111784400000001,0.0105694600000023,0.0909427199999736,1.9686966800000565,4.597304819999971,10.0,-15.0,26.73841055999995,99.8,31.86,23.70264011996462,15.699526019977084,15.066593779978014,18.0202775599737,47.64431281993034,1487.2669078799945,-1.011566160000002,-0.0790130000000029,0.0349082599999974,5.430824100000011,1.4147775199999455,2.014,-3.0594216999998265,16.0,-93.95985528,99.8,30.90019276,74.30571744001368,126.03754674002316,142.96796308002632,79.00861092001453,313.21270976005763,1496.8051280999848,779,X1.5748 Y1.95 R0.375
14:10:01.936,5,779,1.85279,1.82647,-0.125,94.62207,63.27755,-29.1675,,558.8,0,0,,2,3,"{""sr"":{""mpox"":94.62207,""mpoy"":63.27755,""mpoz"":-29.1675,""mpoa"":0,""posx"":1.85279,""posy"":1.82647,""posz"":-0.125,""posa"":0,""unit"":0,""stat"":5,""coor"":2,""momo"":3,""dist"":0,""home"":1,""mots"":1,""plan"":0,""line"":779,""path"":2,""frmo"":2,""prbe"":1,""safe"":0,""estp"":0,""spc"":1,""hold"":0,""macs"":5,""cycs"":1,""sps"":12000,""feed"":558.8,""mark"":1499779243}}",5.30924483887894,0.2021924971597687,0.2023178897729514,0.2139258559255094,5.30924483887894,0.2021924971597687,0.2023178897729514,0.2139258559255094,-0.98009264,-0.0393796000000002,-0.0077276799999997,-5.141009360000005,-7.938973959999995,0.4013546000000015,-13.798121840000002,36.0,65.29448348,99.7,31.24294476,62.6323572800013,1.766900000000037,1.1779339200000247,1.1779339200000247,3.533800880000074,1823.698858360002,-0.98539068,0.0508278,-0.0152497199999998,-1.6439057199999996,-0.6989035600000001,0.8564652800000021,-32.0,36.06711984,-36.914871080000005,99.8,31.96,92.23594199999978,60.22464467999985,62.93746659999985,63.48003067999984,195.32317179999956,1761.832693560001,-1.02157264,0.1116764800000002,-0.0182357999999999,2.820167559999999,1.7643249999999993,3.84300484,-6.0,31.937130439999997,39.0,99.7,31.54937132,106.21419436000008,2.4182456400000025,2.3553760799999965,1.934596160000002,5.320140000000006,1668.5091082400024,-1.0301553200000004,-0.1152356399999983,0.0488612800000005,3.399687839999984,1.65081964,1.41947908,9.925941999999992,8.685723440000057,14.030688359999798,99.7,36.43024684,45.94371852000111,62.372078680001486,48.171292280001154,42.32391008000101,138.3880491600033,1682.316298040008,-1.00776184,-0.0058309199999999,0.01007152,0.3180936399999976,1.894784919999997,4.831641880000001,9.010933200000002,-15.0,24.9890668,99.8,31.85809092,168.24438179999805,122.9986995999986,117.33478923999868,140.78862651999836,373.0526809199957,1517.6042504000025,-1.01465456,-0.0817200799999998,0.0398749999999996,5.24926664,1.58753328,1.95273336,-3.845093919999989,16.84509391999999,-94.8494654,99.8,30.91,12.19330936000085,21.22538924000148,23.33287552000163,13.548120760000948,52.08499864000363,1481.899332800005,779,X1.5748 Y1.95 R0.375
14:10:02.194,5,779,1.7813,1.88794,-0.125,92.80614,64.83904,-29.1675,,558.8,0,0,,2,3,"{""sr"":{""mpox"":92.80614,""mpoy"":64.83904,""mpoz"":-29.1675,""mpoa"":0,""posx"":1.7813,""posy"":1.88794,""posz"":-0.125,""posa"":0,""unit"":0,""stat"":5,""coor"":2,""momo"":3,""dist"":0,""home"":1,""mots"":1,""plan"":0,""line"":779,""path"":2,""frmo"":2,""prbe"":1,""safe"":0,""estp"":0,""spc"":1,""hold"":0,""macs"":5,""cycs"":1,""sps"":12000,""feed"":558.8,""mark"":1499779243}}",5.060583495202621,0.1980184382409788,0.2068137939221113,0.2028628189364179,5.060583495202621,0.1980184382409788,0.2068137939221113,0.2028628189364179,-0.97913672,0.0002156799999995,0.0014607200000004,-5.108866720000012,-7.583180199999959,0.4731585600000017,-13.621646600000036,36.0,66.67560327999996,99.7,31.23513424,129.9241902000078,3.729881320000224,2.486587400000149,2.486587400000149,7.459761920000447,2394.1780834799883,-0.9824852399999996,0.0434877999999997,-0.0332804000000032,-1.5159612799999955,-0.8900382000000079,0.8643584000000042,-31.84447456000004,36.15552543999996,-37.0,99.8,31.96640152,70.46319339999972,51.21080147999922,55.17123979999912,56.122468879999104,172.17231851999725,1951.2877900000133,-1.0155053599999988,0.1356172000000012,-0.0203024400000011,2.904767800000013,1.7610212400000025,3.9747387599999975,-6.0,31.65735415999997,38.02032248,99.7,31.53852804,111.72528460000076,2.550805920000017,2.040644680000013,2.040644680000013,5.611772360000037,2053.9863519200035,-0.9177105999999974,0.7100190400000091,-0.008537200000003,3.643686239999998,1.8879040000000304,1.4304264400000024,7.284183839999837,0.2980724800004009,-8.268344560000552,99.7,36.44057876,109.12351936000708,140.50489336000894,109.01452924000692,95.78857636000608,313.70189724001995,2704.26705503997,-1.0154483600000002,-0.0127924400000004,0.0385478000000008,0.4203735600000445,2.040508720000006,4.76480300000001,10.0,-15.0,23.704497240000048,99.8,31.85678892,48.803481519991536,49.76670779999137,47.19810351999181,56.50929407999019,150.5844261199739,1709.617543799996,-1.0084396000000002,-0.0800593999999995,0.028576479999999,5.289466000000004,1.807318639999992,1.9605206800000117,-3.295648799999937,16.0,-95.0,99.8,30.9030592,43.34436388000377,103.5600566400093,110.60356508000991,66.21922044000594,249.3709208000224,2010.42100839998,779,X1.5748 Y1.95 R0.375
14:10:02.452,5,779,1.69601,1.92984,-0.125,90.63991,65.9033,-29.1675,,558.8,0,0,,2,3,"{""sr"":{""mpox"":90.63991,""mpoy"":65.9033,""mpoz"":-29.1675,""mpoa"":0,""posx"":1.69601,""posy"":1.92984,""posz"":-0.125,""posa"":0,""unit"":0,""stat"":5,""coor"":2,""momo"":3,""dist"":0,""home"":1,""mots"":1,""plan"":0,""line"":779,""path"":2,""frmo"":2,""prbe"":1,""safe"":0,""estp"":0,""spc"":1,""hold"":0,""macs"":5,""cycs"":1,""sps"":12000,""feed"":558.8,""mark"":1499779243}}",5.367442464641945,0.1985719881433187,0.20539498453036,0.2036571966940762,5.367442464641945,0.1985719881433187,0.20539498453036,0.2036571966940762,-1.0033514799999983,-0.0152303600000091,0.0159103199999981,-4.903824319999972,-7.813714520000019,0.4063785200000098,-13.872116720000031,36.0,66.3408407200001,99.7,31.2421292,97.96338848001557,2.3436220000003725,1.874897000000298,1.874897000000298,5.624692000000894,2022.1987975199436,-0.9882426400000004,0.04633548,-0.0149426799999997,-1.603772080000009,-0.7479107600000027,1.0080192799999907,-32.0,36.0,-38.0,99.8,31.9624574,72.07126811999771,53.29213511999831,58.36757615999815,60.39775299999808,185.2536125599941,1412.7307860399876,-0.9825221600000008,0.1204871200000022,-0.018501479999999,2.8225240800000035,1.683050519999983,3.965313200000008,-6.503860599999993,31.496139400000008,38.0,99.7,31.52769616,108.15838820000144,2.4806971200000336,1.9845577200000268,1.9845577200000268,5.457533640000073,1719.2228038400108,-0.8841262799999945,0.2306381999999904,-0.0119070400000001,2.1978643600001497,1.00670407999998,1.4694637599999902,11.742216120000103,6.367337560000178,10.748937080001925,99.7,36.44907688,78.78034184001353,103.80468568001784,81.09741112001393,70.90230820001217,231.70688796003975,2405.534963440027,-1.004326560000001,-0.011597839999998,-0.0007665199999988,0.4620040799999468,1.7759029200000174,4.796936639999994,9.960708879999988,-15.0,24.93961104000024,99.8,31.86039292,71.48104207998767,84.67532443998272,80.7871551999835,96.22196011998037,256.7751727999476,1408.399179000017,-1.011086239999999,-0.0667895199999973,0.0290989199999977,5.00392244,2.0450413599999044,2.046907279999992,-3.0,15.460538000000131,-94.01766644,99.8,30.91035332,45.61575520001297,68.2021965200194,71.3022968800203,43.40139796001234,161.20519260004585,1525.5397694800358,779,X1.5748 Y1.95 R0.375
14:10:02.715,5,779,1.60148,1.94898,-0.125,88.23874,66.38945,-29.1675,,558.8,0,0,,2,3,"{""sr"":{""mpox"":88.23874,""mpoy"":66.38945,""mpoz"":-29.1675,""mpoa"":0,""posx"":1.60148,""posy"":1.94898,""posz"":-0.125,""posa"":0,""unit"":0,""stat"":5,""coor"":2,""momo"":3,""dist"":0,""home"":1,""mots"":1,""plan"":0,""line"":779,""path"":2,""frmo"":2,""prbe"":1,""safe"":0,""estp"":0,""spc"":1,""hold"":0,""macs"":5,""cycs"":1,""sps"":12000,""feed"":558.8,""mark"":1499779243}}",5.260198384011052,0.2022160976249792,0.2151774113671741,0.2184407631421882,5.260198384011052,0.2022160976249792,0.2151774113671741,0.2184407631421882,-0.9983931000000024,-0.0197890999999984,0.0137651999999997,-5.087293700000013,-7.900856999999993,0.412418000000008,-14.079681399999956,36.53984069999998,66.60905429999998,99.7,31.2493079,80.92572170000317,1.954727200000077,1.5637825000000614,1.5637825000000614,4.691346500000185,2084.9013383999986,-0.9927538,0.0311942,0.0147336999999997,-1.597039099999999,-0.731941600000002,0.9692966000000024,-31.86758449999999,36.0,-38.08535340000002,99.8,31.9613242,76.45391199999968,54.44721869999965,60.20605909999962,63.3472442999996,194.8797960999987,1939.9978826999925,-0.9979803000000002,0.1323517000000005,-0.0111727999999996,2.861299099999999,1.6402990999999991,3.9941426999999967,-7.0,31.0,37.85706889999999,99.7,31.526346,107.18072030000027,2.4582732000000065,1.9666190000000048,1.9666190000000048,5.899856300000016,2677.2242188999894,-0.8649345999999972,0.4663267999999992,0.0051300000000003,0.2008821000000551,2.1897371999999904,1.4738899999999997,8.804893100000152,14.860784099999888,3.5210397000003293,99.7,36.4476297,63.44667160000272,86.12072550000373,66.98278670000289,58.562093500002526,191.5251267000083,3635.613826199994,-1.0057463,-0.0137650000000002,-0.0190789000000001,0.1459043000000013,1.9992614999999876,4.785090699999997,9.940442600000004,-14.940442600000004,25.9404426,99.8,31.86,153.5677335999946,104.15898449999636,98.14981229999654,117.51270069999588,315.14769689998894,1663.4758975000018,-0.9983052,-0.0795594999999995,0.0051456999999999,5.136997299999996,1.8776618999999932,1.9305155000000032,-3.027747999999999,16.0,-94.28795260000004,99.8,30.91,39.15361730000317,49.592674700004125,51.45912830000427,31.59776490000262,116.52111170000964,2534.9408397999878,779,X1.5748 Y1.95 R0.375
14:10:02.973,5,780,1.50734,1.94373,-0.125,85.84751,66.25611,-29.1675,,558.8,0,0,,2,3,"{""sr"":{""mpox"":85.84751,""mpoy"":66.25611,""mpoz"":-29.1675,""mpoa"":0,""posx"":1.50734,""posy"":1.94373,""posz"":-0.125,""posa"":0,""unit"":0,""stat"":5,""coor"":2,""momo"":3,""dist"":0,""home"":1,""mots"":1,""plan"":0,""line"":780,""path"":2,""frmo"":2,""prbe"":1,""safe"":0,""estp"":0,""spc"":1,""hold"":0,""macs"":5,""cycs"":1,""sps"":12000,""feed"":558.8,""mark"":1499779243}}",5.308836449894088,0.197354124370024,0.1932391506538077,0.194602520132887,5.308836449894088,0.197354124370024,0.1932391506538077,0.194602520132887,-0.971852279999998,-0.049225300000006,0.0039181200000022,-5.005683239999976,-8.11171852000008,0.3461221599999834,-4.381893559998234,12.471542679994974,22.278452279990997,99.7,31.24726814,145.25523900001994,3.474242440000478,2.7793933800003825,2.7793933800003825,7.675250140001013,1683.1736563000318,-0.9874177200000004,0.0489517800000025,-0.0028862600000008,-1.6598837000000373,-0.8437648600000409,1.004867099999999,-31.543167220000026,36.48106938000009,-38.60526491999994,99.8,31.96481084,59.84507369999732,47.51059267999788,52.53575195999765,55.73358011999751,171.76906657999234,1490.801684479989,-1.0015509799999984,0.1470742800000001,-0.0063081000000012,2.784599779999989,1.7322147200000038,3.896800059999968,-7.482503799999992,31.549448579999908,37.54944857999991,99.7,31.50549446,114.0318621400022,2.58747956000004,2.5205347800001245,2.069983360000032,6.209950080000096,1439.2386962799983,-0.9783526199999854,0.075858579999977,0.0007549799999959,5.546993040000513,0.7237872799998252,1.5232620000000192,7.757188539999787,6.864085440000288,-11.562051120003668,99.7,36.45176816,121.80377638001768,160.26812668002324,124.65298756001806,108.9823262800158,356.15139348005164,2069.856666300048,-1.0133060400000018,-0.0141156399999996,-0.0050531399999983,0.247500359999945,1.7634137600000217,4.767586239999979,9.926653179999986,-14.0,23.073346820000012,99.8,31.86926642,28.994687059980045,30.009250359977997,28.20313347997931,33.82216517997526,90.6297913799336,1439.8907802400554,-1.0115639800000005,-0.0898078000000005,0.0024910600000001,5.352815460000008,1.312165199999994,2.030399879999979,-0.534219299999519,2.5401530399975703,-15.713153199984726,99.8,30.92101662,105.77052654002064,132.42136794002585,136.58556194002668,84.11671820001641,309.8160315400604,1497.3177635000195,780,X1.1998 Y1.575 R0.375
14:10:03.230,5,780,1.41683,1.9149,-0.125,83.54862,65.52375,-29.1675,,558.8,0,0,,2,3,"{""sr"":{""mpox"":83.54862,""mpoy"":65.52375,""mpoz"":-29.1675,""mpoa"":0,""posx"":1.41683,""posy"":1.9149,""posz"":-0.125,""posa"":0,""unit"":0,""stat"":5,""coor"":2,""momo"":3,""dist"":0,""home"":1,""mots"":1,""plan"":0,""line"":780,""path"":2,""frmo"":2,""prbe"":1,""safe"":0,""estp"":0,""spc"":1,""hold"":0,""macs"":5,""cycs"":1,""sps"":12000,""feed"":558.8,""mark"":1499779243}}",5.124471944347786,0.1944600976494408,0.2044060937663896,0.2043636231915482,5.124471944347786,0.1944600976494408,0.2044060937663896,0.2043636231915482,-0.953452,-0.044809,-0.004208,-5.146237,-7.840842,0.440921,-13.0,37.771787,65.771787,99.7,31.265436,47.468381,1.141067,0.912853,0.912853,2.510347,1809.01896,-0.989087,0.049118,0.002056,-1.58168,-0.842045,0.83485,-31.441031,36.441031,-38.117939,99.8,31.97,81.609529,58.132815,64.840448,68.194264,210.172486,1855.446961,-1.001832,0.106526,-0.004474,2.80488,1.67694,3.90912,-7.0,31.52557,36.0,99.7,31.52,103.425691,2.372149,2.372149,1.897719,5.693157,2001.296043,-1.019329,0.090415,0.000299,3.565171,1.502756,1.465,9.793682,2.143141,10.126352,99.7,36.462063,35.073994,46.421463,36.105582,31.566595,103.365125,2355.11181,-1.014363,-0.009636,0.002546,0.260653,1.903102,4.822,9.0,-15.0,24.091,99.8,31.87091,167.255911,135.440928,127.259932,152.711919,409.049782,1229.356965,-0.991664,-0.072074,0.031963,5.199248,1.700002,1.957499,-4.0,16.0,-94.926244,99.8,30.919631,5.716084,5.826718,6.047985,3.724674,13.681723,1819.888627,780,X1.1998 Y1.575 R0.375
14:10:03.488,5,780,1.33703,1.86472,-0.125,81.52169,64.24922,-29.1675,,558.8,0,0,,2,3,"{""sr"":{""mpox"":81.52169,""mpoy"":64.24922,""mpoz"":-29.1675,""mpoa"":0,""posx"":1.33703,""posy"":1.86472,""posz"":-0.125,""posa"":0,""unit"":0,""stat"":5,""coor"":2,""momo"":3,""dist"":0,""home"":1,""mots"":1,""plan"":0,""line"":780,""path"":2,""frmo"":2,""prbe"":1,""safe"":0,""estp"":0,""spc"":1,""hold"":0,""macs"":5,""cycs"":1,""sps"":12000,""feed"":558.8,""mark"":1499779243}}",5.3902616497029685,0.1993829049530923,0.2033016968889656,0.204768095487312,5.3902616497029685,0.1993829049530923,0.2033016968889656,0.204768095487312,-0.9863651999999996,-0.0590753999999889,0.0133655599999962,-4.993699160000008,-7.931112199999976,0.4536100800000128,-13.56377235999979,38.0,67.68725731999992,99.7,31.2712756,140.20039787998226,3.4362845999995653,2.749027279999652,2.749027279999652,7.559825519999043,1778.4298371999996,-0.9924256400000008,0.0345396800000006,-0.0114240799999976,-1.5936040399999871,-0.854,0.9268513600000108,-31.630578920000072,36.0,-38.0,99.8,31.97088944,68.25571328000403,48.58686168000196,53.628895240002166,55.46236176000224,171.79853808000684,1625.148024200009,-1.0034732400000024,0.10141848,-0.0051141199999969,2.874094880000005,1.6581897600000102,3.945692360000011,-8.0,32.0,36.0,99.7,31.52,111.53014535999844,3.0980596399999563,2.581716559999964,2.06537331999997,6.1961192799999125,1682.5307475200163,-0.8853988800000027,0.1916543599999798,-0.004226040000003,4.435759999999842,0.7545163600002363,1.684103319999965,11.26878012000006,11.174857280001987,20.8855928799977,99.7,36.46368688,115.78771167998454,157.03145243997912,122.13557387998377,107.4793047199857,348.9587834399536,2133.2642754399785,-0.9974669599999998,-0.0037995200000017,0.0089256800000011,0.2807262799999866,1.6476748400000387,4.853529159999981,9.779732999999869,-14.220267000000131,23.793932839999883,99.8,31.87779684,51.76273048003077,32.81977400001951,30.83737152001833,36.78457896002187,98.89985584005878,1581.1314838400324,-1.000014320000001,-0.0810868000000008,0.0283456400000002,5.103735319999982,1.7422264400000742,2.024660200000008,-3.0,16.806116919999848,-93.01275376,99.8,30.91993616,172.13381339996886,126.74259095997716,131.61755107997627,81.24296095998535,298.9848100799461,1588.751994519988,780,X1.1998 Y1.575 R0.375
14:10:03.744,5,780,1.27225,1.79625,-0.125,79.87622,62.50987,-29.1675,,558.8,0,0,,2,3,"{""sr"":{""mpox"":79.87622,""mpoy"":62.50987,""mpoz"":-29.1675,""mpoa"":0,""posx"":1.27225,""posy"":1.79625,""posz"":-0.125,""posa"":0,""unit"":0,""stat"":5,""coor"":2,""momo"":3,""dist"":0,""home"":1,""mots"":1,""plan"":0,""line"":780,""path"":2,""frmo"":2,""prbe"":1,""safe"":0,""estp"":0,""spc"":1,""hold"":0,""macs"":5,""cycs"":1,""sps"":12000,""feed"":558.8,""mark"":1499779243}}",5.134841647761836,0.1936173747396941,0.1979337601116051,0.2048882427082775,5.134841647761836,0.1936173747396941,0.1979337601116051,0.2048882427082775,-0.9975728000000053,-0.0426175199999984,0.0174294000000024,-5.061303599999968,-7.782352959999991,0.486453600000003,-12.838009360000031,39.0,66.83800936000003,99.7,31.25838,76.39454404001496,1.8869444800003716,1.509555440000297,1.509555440000297,4.151277720000817,1717.1338513599628,-0.9924905200000004,0.0463094800000023,-0.0147119600000005,-1.4035431600000128,-0.8250231999999991,0.8834517200000009,-31.844153119999923,36.0,-37.84415311999992,99.8,31.98524976,81.3709573599976,56.69718351999833,61.42194847999819,62.99687003999814,195.29029719999423,1491.5415635599827,-1.0114893199999937,0.1331280400000061,-0.0208351199999989,2.7959588400000084,1.7898838799999968,3.984904040000009,-8.146753600000071,31.0,36.65584936000007,99.7,31.52146748,105.8885518000013,2.9454248800000378,2.4545209200000317,1.9636166800000248,6.381754720000082,1698.6848575999766,-0.988909000000002,0.2346761199999834,0.0239763199999964,-0.5546975999999777,0.7812107599999353,1.445666640000032,8.71078603999986,11.40087616000173,3.73148223999785,99.7,36.45,60.75453336001329,82.84709128001813,64.4366264400141,56.33602192001233,184.10464640004028,1921.4748092799284,-1.0021056400000004,-0.0054978400000012,-0.00590708,0.6084835199999993,1.6483562399999567,4.839419359999984,9.655210079999875,-15.319930120000112,24.344789920000125,99.8,31.88,135.57361815997828,99.97024707998354,94.50482955998442,112.21150127998152,301.24602047995035,1254.206033159972,-1.0034039599999984,-0.0750343599999962,0.0373696399999971,5.21018108000001,1.6725393199999845,1.936462319999993,-3.0,15.990748519999997,-94.70114123999988,99.8,30.92,64.55354624002734,45.12771036001912,47.81744108002025,28.98932344001228,107.8881021600457,1547.3120979199766,780,X1.1998 Y1.575 R0.375
14:10:04.002,5,780,1.22657,1.71378,-0.125,78.71589,60.4152,-29.1675,,558.8,0,0,,2,3,"{""sr"":{""mpox"":78.71589,""mpoy"":60.4152,""mpoz"":-29.1675,""mpoa"":0,""posx"":1.22657,""posy"":1.71378,""posz"":-0.125,""posa"":0,""unit"":0,""stat"":5,""coor"":2,""momo"":3,""dist"":0,""home"":1,""mots"":1,""plan"":0,""line"":780,""path"":2,""frmo"":2,""prbe"":1,""safe"":0,""estp"":0,""spc"":1,""hold"":0,""macs"":5,""cycs"":1,""sps"":12000,""feed"":558.8,""mark"":1499779243}}",5.483742345516253,0.2017870831382407,0.2020927778643406,0.2037070449917227,5.483742345516253,0.2017870831382407,0.2020927778643406,0.2037070449917227,-0.96431876,-0.0504011599999999,-0.0041786799999999,-5.048039880000001,-7.966000600000002,0.4689241999999997,-13.873228320000004,38.87322832,67.0,99.7,31.25873216,109.42867959999872,2.668992199999969,2.1351933999999755,2.1351933999999755,5.871782519999932,1597.4571485999982,-1.00109184,0.0443358,0.0026134399999995,-1.6931066800000003,-0.8693439999999997,0.9461923999999994,-32.0,36.0,-37.75401404,99.8,31.98,77.48027552000016,55.02080684000016,58.22908864000016,58.72255540000016,183.0762027200005,1483.4451254399985,-0.99256828,0.1172575600000002,-0.0163738800000001,2.83837016,1.6943751199999997,3.98110552,-8.733367200000005,32.0,35.768762839999994,99.7,31.52502164,108.46008063999987,3.012780119999997,2.5106500799999973,2.008520039999998,6.527690159999993,1586.9017689200002,-0.9327797200000012,0.3131031199999993,-0.0284605599999993,0.3882083600000601,1.6977975199999826,1.4427984799999996,6.444283839999991,0.8589082000000267,-6.627708560000078,99.7,36.46464704,90.20949499999892,119.9011531599985,93.13750303999883,81.89676983999898,267.1012295199967,1817.7505438800013,-1.0023384400000002,-0.0118976799999999,-0.0076287199999994,0.4260363599999986,1.3828631999999983,4.782136800000002,10.0,-15.0,26.0,99.8,31.87,94.25529544000196,65.52987220000138,62.3880292000013,74.05773180000155,197.93612056000413,1341.798188559997,-1.00690232,-0.0739865599999999,0.0262115199999999,5.227736639999998,2.0294369200000038,2.114736639999998,-3.0,16.0,-93.55590392,99.8,30.92,119.25860687999771,81.12936163999846,87.81650111999832,52.22236603999901,197.28066091999625,1430.0792407999977,780,X1.1998 Y1.575 R0.375
14:10:04.259,5,780,1.2028,1.62179,-0.125,78.11214,58.07877,-29.1675,,558.8,0,0,,2,3,"{""sr"":{""mpox"":78.11214,""mpoy"":58.07877,""mpoz"":-29.1675,""mpoa"":0,""posx"":1.2028,""posy"":1.62179,""posz"":-0.125,""posa"":0,""unit"":0,""stat"":5,""coor"":2,""momo"":3,""dist"":0,""home"":1,""mots"":1,""plan"":0,""line"":780,""path"":2,""frmo"":2,""prbe"":1,""safe"":0,""estp"":0,""spc"":1,""hold"":0,""macs"":5,""cycs"":1,""sps"":12000,""feed"":558.8,""mark"":1499779243}}",4.9993470298024265,0.1945286501058811,0.2031354434018646,0.2062064287214082,4.9993470298024265,0.1945286501058811,0.2031354434018646,0.2062064287214082,-0.96635076,-0.0549124200000009,0.0232247600000011,-5.217872340000029,-7.726685859999981,0.491422740000018,-13.0,39.09446093999998,66.18892187999997,99.7,31.24188916,109.69592604000884,2.7041967400002167,2.163356940000173,2.163356940000173,5.949232440000476,2474.0724062199797,-0.9823788799999998,0.0480762199999996,-0.0313441199999996,-1.2942736999999989,-0.7496271200000107,0.913050380000008,-31.507380460000007,36.0,-36.67907265999996,99.8,31.98320914,74.38560767999869,56.651290599999,58.12914979999898,58.12914979999898,182.7619888999968,2105.5480563399806,-1.0184455399999963,0.1052207799999971,0.0005692199999996,2.7597494200000097,1.727913120000003,3.961005959999996,-8.0,31.0,36.0,99.7,31.54104514,108.26533602000072,3.0187128000000234,2.51559414000002,2.012475060000016,6.540544100000051,1985.5727803399784,-0.8265101399999983,0.0895681000000072,-0.0867629999999997,6.008425080000548,1.0629953799998977,1.4096804200000288,7.971828200000266,0.7926664800000237,-9.529498140000769,99.7,36.465461,89.00646934000758,122.31563904001042,95.0130406400081,83.54594946000712,271.93387606002324,2525.120909379956,-1.0115969800000004,-0.0157658999999993,0.0475617800000014,0.2673414999999955,1.768775339999993,4.754453539999999,9.436304419999937,-15.0,25.563695580000065,99.8,31.87,69.09001677998985,63.26413269999056,60.21000191999101,71.55391519998932,191.1013111999715,1898.6664266000143,-1.0052405199999992,-0.0674577800000012,0.0318100399999972,4.983196420000029,1.7262814999999865,1.9790937799999957,-3.0,15.976759399999995,-94.59547280000008,99.8,30.91404544,124.17437786001597,79.54027004001021,88.6959840200114,50.356429920006455,196.84786198002527,2172.5947642599804,780,X1.1998 Y1.575 R0.375
14:10:04.517,5,781,1.20287,1.52749,-0.125,78.11394,55.68347,-29.1675,,558.8,0,0,,2,3,"{""sr"":{""mpox"":78.11394,""mpoy"":55.68347,""mpoz"":-29.1675,""mpoa"":0,""posx"":1.20287,""posy"":1.52749,""posz"":-0.125,""posa"":0,""unit"":0,""stat"":5,""coor"":2,""momo"":3,""dist"":0,""home"":1,""mots"":1,""plan"":0,""line"":781,""path"":2,""frmo"":2,""prbe"":1,""safe"":0,""estp"":0,""spc"":1,""hold"":0,""macs"":5,""cycs"":1,""sps"":12000,""feed"":558.8,""mark"":1499779243}}",5.376976129215861,0.205192886481114,0.2044338628481601,0.2014181447523266,5.376976129215861,0.205192886481114,0.2044338628481601,0.2014181447523266,-1.0098676400000006,-0.0349920799999984,0.0280846599999987,-5.077580420000018,-7.736043359999985,0.3589420200000137,-13.512751419999956,39.31176470000001,67.57124595999996,99.7,31.2568828,74.422194080005,1.8512984600001243,1.4810389600000995,1.4810389600000995,4.072856160000273,2334.598375259989,-0.98598728,0.0390575800000004,-0.0046316600000014,-1.6693846799999967,-0.7963375599999993,0.9080803599999964,-32.0,36.0,-37.0,99.8,31.97884248,85.03307757999902,62.11230641999938,61.81645465999943,62.2280589399994,194.5945226799981,1934.9824808599933,-1.0070983600000003,0.0795519400000002,-0.0012726399999992,2.8366616400000004,1.726206879999997,4.021660079999998,-8.875971679999978,31.0,36.61398122000002,99.7,31.53385984,106.80980958000043,2.9397196200000124,2.4497659800000102,1.959813080000008,6.369392400000026,1964.4515195799877,-1.0158949399999977,0.4031620999999953,0.059030019999998,-3.301584159999691,2.52187681999989,1.4728720800000143,10.832508659999863,-1.8376505999999744,16.96521411999971,99.7,36.46,59.0831180800043,79.900185860006,62.30475536000469,54.4721575000041,177.80765868001336,2301.00702062,-1.00740798,-0.0092229999999996,0.0488816800000003,0.1428753000000055,1.9819013400000047,4.808365160000007,9.0,-15.236896920000042,25.934211780000005,99.8,31.87934214,115.75427557999376,102.5052920999945,98.32140271999474,116.45159043999377,311.0024508199833,1907.2046059399968,-1.0197336599999995,-0.0898272199999998,0.0389490000000009,5.004890960000011,1.842775339999992,1.94944356,-3.970849920000002,16.0,-93.30785210000003,99.8,30.91970844,58.31066642000885,37.25867630000562,42.6123219800064,23.35270422000352,92.94086234001398,2036.8271156800065,781,X1.5748 Y1.2 R0.375
14:10:04.774,5,781,1.22657,1.43622,-0.125,78.71588,53.36529,-29.1675,,558.8,0,0,,2,3,"{""sr"":{""mpox"":78.71588,""mpoy"":53.36529,""mpoz"":-29.1675,""mpoa"":0,""posx"":1.22657,""posy"":1.43622,""posz"":-0.125,""posa"":0,""unit"":0,""stat"":5,""coor"":2,""momo"":3,""dist"":0,""home"":1,""mots"":1,""plan"":0,""line"":781,""path"":2,""frmo"":2,""prbe"":1,""safe"":0,""estp"":0,""spc"":1,""hold"":0,""macs"":5,""cycs"":1,""sps"":12000,""feed"":558.8,""mark"":1499779243}}",4.930705622066959,0.1973973037345714,0.2023802776491649,0.2076735633415331,4.930705622066959,0.1973973037345714,0.2023802776491649,0.2076735633415331,-1.0022566799999997,-0.0249619600000001,0.0095311199999997,-5.302688760000005,-7.855146199999992,0.4491432800000021,-13.0,38.31849631999998,66.97260484,99.7,31.24900704,143.90651336000252,3.544495320000062,2.8355964800000497,2.8355964800000497,7.797889600000136,1895.4002042400036,-0.99237688,0.0324460799999998,0.0139072799999999,-1.6447552000000003,-0.8811257600000014,1.0101252000000005,-32.94680580000001,36.0,-37.43664724000002,99.8,31.98510192,69.4586407999996,54.37880399999969,53.0079100399997,53.464874399999694,168.16302471999904,1951.9369123200029,-0.9933369999999996,0.1020768799999999,-0.0094779999999999,2.8760160399999988,1.7336387200000014,3.967,-8.48106848,31.94249120000001,36.46142272000001,99.7,31.55942496,112.1467209600002,3.113589120000006,2.594657600000005,2.0757260800000044,6.746109880000013,1883.9168629199987,-0.9940801600000012,0.4516530399999987,0.0469289199999999,-1.8256247200000064,3.672786320000036,1.211379039999995,12.435429320000068,5.910439200000023,19.007178640000344,99.7,36.47182072,117.7335160800022,162.515589800003,126.40101436000236,111.23289300000204,362.5903387600068,2220.312612000001,-1.000031,-0.00632764,-0.0132209199999997,0.1105511200000011,1.912008799999996,4.768667360000002,9.10933739999998,-15.0,25.18768203999998,99.8,31.88,38.28707611999617,27.776898799997223,26.65080831999733,31.530533079996857,84.26910371999159,1947.555212480002,-0.9975375599999998,-0.0649259599999996,-0.0053399600000004,5.350243440000001,1.5709439999999937,2.0381883199999944,-2.9035449599999974,15.485573999999987,-91.71518351999995,99.8,30.9103212,199.5181006400049,108.28546504000266,127.04357708000316,66.50603380000165,271.99262496000665,1889.36292708,781,X1.5748 Y1.2 R0.375
14:10:05.033,5,781,1.27267,1.35317,-0.125,79.8869,51.25571,-29.1675,,558.8,0,0,,2,3,"{""sr"":{""mpox"":79.8869,""mpoy"":51.25571,""mpoz"":-29.1675,""mpoa"":0,""posx"":1.27267,""posy"":1.35317,""posz"":-0.125,""posa"":0,""unit"":0,""stat"":5,""coor"":2,""momo"":3,""dist"":0,""home"":1,""mots"":1,""plan"":0,""line"":781,""path"":2,""frmo"":2,""prbe"":1,""safe"":0,""estp"":0,""spc"":1,""hold"":0,""macs"":5,""cycs"":1,""sps"":12000,""feed"":558.8,""mark"":1499779243}}",5.310149730732952,0.203981631600463,0.1974419884391831,0.2035801574146762,5.310149730732952,0.203981631600463,0.1974419884391831,0.2035801574146762,-0.9622281800000004,-0.0641398799999996,0.0425535799999998,-5.340301040000002,-7.64833216,0.390227480000001,-3.5607496600000395,9.837615680000123,17.05211934000021,99.7,31.25788876,52.35165696000064,1.2883042800000155,1.0306438000000124,1.0306438000000124,3.0919304000000376,2146.3712082199995,-0.99265248,0.0439349799999999,0.0063594000000001,-1.60593282,-0.8356191000000001,0.9180440200000002,-32.0,35.55203922,-36.0,99.8,31.9803351,91.08654203999988,65.69271827999991,62.932520179999926,64.03659961999992,202.04651175999976,1701.0191166600005,-0.98537938,0.1047981199999997,0.00621274,2.80608336,1.6790350000000005,3.9931317799999992,-8.0,31.47734956,36.47734956,99.7,31.56076706,103.58490782000004,2.864099120000001,2.386748620000001,1.909399060000001,6.205547740000004,1765.8382649800012,-0.9183563799999994,0.3369703399999999,-0.0522605399999998,1.7782441799999824,0.5099341600000086,1.6829670199999978,9.517169679999991,4.374622480000049,22.95327991999993,99.7,36.48241398,41.76486340000058,54.80129438000075,42.489108880000586,37.17797066000051,121.19052778000166,2074.4446308999995,-0.99836558,-0.0145769199999999,-0.0082032599999998,0.0953308600000011,2.17092934,4.813417299999999,9.0,-15.0,26.0,99.8,31.88,127.23962483999932,126.31160171999932,121.16109647999932,143.5028588599992,384.101168959998,2255.593544759996,-1.0007409,-0.0720864200000001,0.03148404,5.044557820000002,1.936617879999999,2.1416090600000004,-3.0,16.905625139999994,-95.0,99.8,30.92,18.02172710000103,11.309553300000644,13.424347660000766,6.804121540000389,28.135961260001604,1827.02539518,781,X1.5748 Y1.2 R0.375
14:10:05.289,5,781,1.33759,1.28482,-0.125,81.53586,49.51963,-29.1675,,558.8,0,0,,2,3,"{""sr"":{""mpox"":81.53586,""mpoy"":49.51963,""mpoz"":-29.1675,""mpoa"":0,""posx"":1.33759,""posy"":1.28482,""posz"":-0.125,""posa"":0,""unit"":0,""stat"":5,""coor"":2,""momo"":3,""dist"":0,""home"":1,""mots"":1,""plan"":0,""line"":781,""path"":2,""frmo"":2,""prbe"":1,""safe"":0,""estp"":0,""spc"":1,""hold"":0,""macs"":5,""cycs"":1,""sps"":12000,""feed"":558.8,""mark"":1499779243}}",5.18158082342783,0.2017556686769239,0.216947548826538,0.2186934318089285,5.18158082342783,0.2017556686769239,0.216947548826538,0.2186934318089285,-1.0507187599999994,0.0067961400000004,0.0069458000000002,-5.668562299999994,-7.391500580000005,0.6658057199999957,-13.184899339999996,38.0,66.95449500000001,99.7,31.25675698,138.5198340199981,3.378532239999953,2.7028259199999627,2.7028259199999627,8.108477939999888,1602.957831720006,-0.98953152,0.0357294799999999,-0.0016016999999998,-1.6947833800000018,-0.7604577600000001,0.94854224,-32.0,35.46651766,-36.0,99.8,31.9846651,72.8769488400003,55.51564180000023,52.716533740000216,54.01594752000021,169.71241046000068,1519.967673200004,-1.0435567199999995,0.12239744,-0.00399442,2.92423352,1.7165833200000005,3.819358240000001,-6.853152979999936,28.06945239999972,33.50224953999967,99.7,31.56,111.73104861999984,3.089338179999995,2.574447679999996,2.0595581799999967,6.693564859999989,1448.8070115400035,-0.9738364199999996,0.3211983799999979,0.0068299999999995,-0.7298427600000291,2.782062079999973,1.2055884800000052,6.610062159999983,3.9140993600001512,6.617054579999684,99.7,36.48389976,117.45316531999832,155.51888673999775,120.57852047999826,105.50620483999847,343.922824279995,1382.9737136400058,-1.0026217600000005,-0.0092114799999998,0.0047950799999999,0.0776158199999973,2.1641531199999977,4.6573785600000015,9.237194000000011,-15.0,26.0,99.8,31.88,40.5601588400024,34.393117580002034,33.20714758000196,39.37418948000233,105.31409664000624,1322.4054020800008,-1.0016022,-0.0791037599999998,0.0359928,5.090257180000002,1.8956241199999864,1.9301266800000028,-3.99286336,16.0,-94.0,99.8,30.92786872,150.00153913999702,95.28438417999811,114.33412411999775,57.17063037999888,237.40265059999533,1261.6702896800043,781,X1.5748 Y1.2 R0.375
14:10:05.545,5,781,1.41749,1.2348,-0.125,83.56533,48.24917,-29.1675,,558.8,0,0,,2,3,"{""sr"":{""mpox"":83.56533,""mpoy"":48.24917,""mpoz"":-29.1675,""mpoa"":0,""posx"":1.41749,""posy"":1.2348,""posz"":-0.125,""posa"":0,""unit"":0,""stat"":5,""coor"":2,""momo"":3,""dist"":0,""home"":1,""mots"":1,""plan"":0,""line"":781,""path"":2,""frmo"":2,""prbe"":1,""safe"":0,""estp"":0,""spc"":1,""hold"":0,""macs"":5,""cycs"":1,""sps"":12000,""feed"":558.8,""mark"":1499779243}}",5.168075146400705,0.2012146033033774,0.205970865152848,0.2088912343306571,5.168075146400705,0.2012146033033774,0.205970865152848,0.2088912343306571,-1.0140653999999991,-0.0521869999999998,0.0089262000000001,-5.06021290000001,-7.714777499999997,0.5173019999999988,-13.160121499999994,37.76746609999998,67.23253390000002,99.7,31.27,80.34950760000314,1.9632762000000776,1.5706215000000625,1.5706215000000625,4.711863500000186,1750.8395191000047,-0.9863149,0.0430229999999998,-0.0062695999999997,-1.5957255999999982,-0.9373983999999989,0.9215988999999988,-32.0,35.5213541,-36.14303529999997,99.8,31.98,93.8436902999994,62.04110669999962,58.912983499999626,59.955690999999625,188.7300884999988,1652.554382600002,-1.0073797000000004,0.1880277999999998,-0.0167935999999999,2.8488239999999982,1.7591790000000018,3.9465880000000007,-7.334621699999986,31.0,37.33462169999999,99.7,31.5564906,107.04569550000032,2.951094100000008,2.4592455000000064,1.9673962000000047,6.236809600000002,1619.0970168999893,-0.8811748000000031,0.565803199999998,-0.006813999999999,3.860988999999978,2.2092572000000046,1.3129741000000017,9.384158900000015,-2.633245399999894,12.136947199999993,99.7,36.4938415,66.8436068000029,87.20401560000379,67.61192390000294,58.77627510000254,193.2318058000084,2167.510154199995,-0.9994560000000002,0.0011952999999999,-0.0122267000000008,0.2009424000000017,1.7073689,4.7626311,9.026739900000004,-15.335578300000025,26.30210349999995,99.8,31.89,138.12356239999522,94.98555999999664,90.9990296999968,107.60957159999622,288.9432092999898,1378.1856768999942,-1.0056946,-0.0612250999999995,0.0024719000000007,5.164430999999993,1.819007499999999,1.9336874999999984,-3.0,16.0,-94.31659520000002,99.8,30.9297819,51.28839180000426,37.674806800003125,45.27308680000376,22.478245800001865,93.39552900000776,1606.0462114999932,781,X1.5748 Y1.2 R0.375
14:10:05.804,5,781,1.50734,1.20626,-0.125,85.84752,47.52437,-29.1675,,558.8,0,0,,2,3,"{""sr"":{""mpox"":85.84752,""mpoy"":47.52437,""mpoz"":-29.1675,""mpoa"":0,""posx"":1.50734,""posy"":1.20626,""posz"":-0.125,""posa"":0,""unit"":0,""stat"":5,""coor"":2,""momo"":3,""dist"":0,""home"":1,""mots"":1,""plan"":0,""line"":781,""path"":2,""frmo"":2,""prbe"":1,""safe"":0,""estp"":0,""spc"":1,""hold"":0,""macs"":5,""cycs"":1,""sps"":12000,""feed"":558.8,""mark"":1499779243}}",5.227069511438625,0.1933846149322432,0.191446478847362,0.2046773678381755,5.227069511438625,0.1933846149322432,0.191446478847362,0.2046773678381755,-0.9715843200000008,-0.0569716799999996,0.0028719999999999,-4.824675440000009,-8.146221880000004,0.2359551599999965,-13.368992800000036,37.11855739999999,67.14345699999994,99.7,31.2690632,106.5895143599949,3.074697279999852,2.049798199999901,2.049798199999901,6.149395079999705,1799.4868051599974,-0.9880192399999996,0.03876036,0.0014718400000003,-1.605257760000005,-0.7035579200000031,1.0662838399999977,-32.0,35.498703160000005,-36.50129684,99.8,31.98501304,81.00834108000046,59.3456768000006,56.35345772000057,57.35086408000058,180.53054480000185,1846.3516162799876,-1.0286267200000012,0.1634559999999995,-0.0117391999999998,2.838413360000001,1.6476732799999971,3.9971563599999977,-7.247182519999979,31.49971628,37.25253376000002,99.7,31.56747472,108.5615457199995,3.001701799999986,2.501418079999989,2.0011343599999907,6.003403599999972,1835.753161439992,-0.840462399999997,0.6859314799999919,-0.0486367200000014,0.4978309199998541,2.610890800000009,1.162015839999998,6.149561080000126,0.0404027999998728,-14.539381640000368,99.7,36.5,90.46832947999523,116.17970115999394,90.1546167199953,78.37304727999592,257.0462895599866,2461.952733999992,-1.0054564800000003,-0.0152977999999997,-0.0035428400000007,0.2146317599999977,2.120213279999999,4.646893600000001,9.481448920000036,-15.0,26.03710267999993,99.8,31.89,80.40193348000626,67.40281824000526,64.99557516000506,77.031792560006,206.5414934800161,1345.7770129600008,-1.0075218000000004,-0.0756417200000007,0.0265894399999991,5.195645559999985,1.6209812399999977,1.9814645999999967,-3.479110600000042,15.520889399999955,-95.47911060000004,99.8,30.91497212,74.57402063999388,62.00396599999497,74.50531999999396,37.001258999997006,154.2195374799875,1606.7143244400015,781,X1.5748 Y1.2 R0.375
14:10:06.060,5,782,1.6022,1.20109,-0.125,88.25698,47.39282,-29.1675,,558.8,0,0,,2,3,"{""sr"":{""mpox"":88.25698,""mpoy"":47.39282,""mpoz"":-29.1675,""mpoa"":0,""posx"":1.6022,""posy"":1.20109,""posz"":-0.125,""posa"":0,""unit"":0,""stat"":5,""coor"":2,""momo"":3,""dist"":0,""home"":1,""mots"":1,""plan"":0,""line"":782,""path"":2,""frmo"":2,""prbe"":1,""safe"":0,""estp"":0,""spc"":1,""hold"":0,""macs"":5,""cycs"":1,""sps"":12000,""feed"":558.8,""mark"":1499779243}}",5.342317588439228,0.2038769181091761,0.2053902818758057,0.2111365346709466,5.342317588439228,0.2038769181091761,0.2053902818758057,0.2111365346709466,-1.0254167999999968,-0.0302943999999994,0.0126505999999992,-5.188,-7.84988160000001,0.3591275999999962,-13.443669999999967,37.0,66.88733899999994,99.7,31.2611266,116.64679960000656,3.3379830000001864,2.690352000000168,2.7816520000001552,7.232296000000404,1818.849768400027,-0.9868616,0.0369697999999996,-0.0094914000000002,-1.5559788000000052,-0.5776728000000046,0.956622799999998,-32.0,35.0,-36.66594579999997,99.8,31.99,84.15866519999888,58.22605359999922,55.29028599999926,56.26887519999924,177.61392739999764,1440.082091400025,-1.0404687999999993,0.136606599999996,-0.0066817999999989,2.979887000000002,1.7099426000000006,3.955887000000002,-6.503861800000003,31.0,37.5038618,99.7,31.548759,109.96592640000064,2.519308800000014,2.519308800000014,2.015447000000011,6.046340800000033,1548.1102198000244,-0.9459872000000032,0.4351669999999994,-0.030912200000001,-0.8590781999998187,2.3858908000000567,1.247138999999989,10.543987600000088,-11.738257799999678,3.5164837999999934,99.7,36.506826,97.97001900000583,125.8024106000075,97.97001900000583,85.16711860000507,279.9938602000167,2490.6811648000044,-1.0073574,-0.0048781999999997,0.0193334000000022,0.390547999999987,1.9826768000000123,4.734710199999988,9.0,-14.944468199999994,26.055531800000004,99.8,31.89,87.91287439999054,59.22313819999344,57.12302679999368,67.6235831999925,181.5606781999799,1479.030123400005,-0.997168199999999,-0.0697592000000002,0.0461328000000005,5.185067200000016,1.6362374000000044,1.9449174000000105,-3.0,15.385529199999946,-94.63855840000004,99.8,30.9161448,54.31526580000482,72.02676560000641,85.60558180000763,43.09798260000384,178.2957632000158,1868.9551754000047,782,X1.9498 Y1.575 R0.375
14:10:06.318,5,782,1.69465,1.21969,-0.125,90.60522,47.86541,-29.1675,,558.8,0,0,,2,3,"{""sr"":{""mpox"":90.60522,""mpoy"":47.86541,""mpoz"":-29.1675,""mpoa"":0,""posx"":1.69465,""posy"":1.21969,""posz"":-0.125,""posa"":0,""unit"":0,""stat"":5,""coor"":2,""momo"":3,""dist"":0,""home"":1,""mots"":1,""plan"":0,""line"":782,""path"":2,""frmo"":2,""prbe"":1,""safe"":0,""estp"":0,""spc"":1,""hold"":0,""macs"":5,""cycs"":1,""sps"":12000,""feed"":558.8,""mark"":1499779243}}",5.2922957255813605,0.2058880741154836,0.2145670347232765,0.2104804189615511,5.2922957255813605,0.2058880741154836,0.2145670347232765,0.2104804189615511,-1.0714294799999995,-0.0740335599999993,-0.0075783600000002,-4.770879600000001,-8.12344504,0.2677646399999991,-13.586818799999984,36.053986560000006,66.41318120000001,99.7,31.25413204,75.07167680000259,2.155167560000075,1.795972920000062,1.795972920000062,4.669529760000162,1776.1581079200112,-0.98741624,0.0444592799999996,-0.0111935999999997,-1.5880888799999986,-0.8399745999999998,1.0369111200000014,-32.0,35.531025,-36.57522156000001,99.8,32.0,87.61996899999978,62.767203919999695,60.96163583999969,61.598907639999695,194.24892699999904,1277.845917960006,-0.9522907200000008,0.1533361999999996,0.0056683199999996,2.834563800000003,1.6721976399999994,3.9232177199999994,-6.3966865599999885,31.39668655999999,38.37446503999999,99.7,31.5460328,106.08896356000022,2.444446080000005,2.444446080000005,1.955556720000004,5.866670400000012,1198.8628282000043,-0.9782944799999994,0.3150856399999986,-0.0075954000000001,0.5718248000001651,0.9194913999999866,1.4418723999999978,8.335180199999996,3.0888445999999217,-14.660206159999856,99.7,36.51,58.555179280002285,78.486516080003,60.89762564000232,53.24192388000202,174.18278508000662,2210.8644202400046,-1.00767136,-0.0150359199999997,0.0177683599999999,0.570620640000001,1.5641734400000005,4.660620640000001,9.713403519999982,-14.713403519999982,25.78124263999998,99.8,31.89,164.0828192799957,101.30330571999734,97.02288431999746,114.857973479997,309.6171448799919,1204.4461768800095,-0.99707328,-0.0693214799999999,0.0217671199999998,4.928810080000003,2.0052801599999897,2.057284799999999,-3.0,15.96993364,-94.26035212000002,99.8,30.91,15.460547080001286,32.3137223200026,38.30181960000308,19.556471160001564,80.53898712000647,1516.1095252800055,782,X1.9498 Y1.575 R0.375
14:10:06.575,5,782,1.77946,1.26091,-0.125,92.75945,48.91242,-29.1675,,558.8,0,0,,2,3,"{""sr"":{""mpox"":92.75945,""mpoy"":48.91242,""mpoz"":-29.1675,""mpoa"":0,""posx"":1.77946,""posy"":1.26091,""posz"":-0.125,""posa"":0,""unit"":0,""stat"":5,""coor"":2,""momo"":3,""dist"":0,""home"":1,""mots"":1,""plan"":0,""line"":782,""path"":2,""frmo"":2,""prbe"":1,""safe"":0,""estp"":0,""spc"":1,""hold"":0,""macs"":5,""cycs"":1,""sps"":12000,""feed"":558.8,""mark"":1499779243}}",5.339375522024602,0.2011172253189719,0.2076946690628696,0.2018458212575394,5.339375522024602,0.2011172253189719,0.2076946690628696,0.2018458212575394,-1.0153502000000023,-0.0297451999999973,0.0246090000000018,-4.845752599999968,-7.811584699999997,0.2666408000000177,-13.022827600000046,35.02282760000004,67.0,99.7,31.2593152,152.71779939997705,4.320910199999347,3.6007579999994563,3.6007579999994563,9.361970699998588,1766.1182119999546,-0.9940620999999988,0.0305993999999989,0.0118955999999978,-1.5480382000000177,-0.7321504999999865,0.9457725000000204,-32.0,35.54541319999998,-36.49876300000011,99.8,32.0195582,75.91607550000383,53.6412989000027,52.73212430000266,53.18671120000269,167.28811780000842,1587.3400421999331,-1.0252895999999956,0.1274898000000026,-0.0059316000000006,2.8660839999999945,1.7020793999999746,3.966455699999994,-6.047803900000095,32.0,39.0,99.7,31.545284,113.6621369999978,2.5972083999999542,2.0777666999999638,2.0777666999999638,5.713859399999899,1922.819923299939,-0.9489877000000136,0.4068569000000098,0.0240812000000141,4.347375600000122,1.135553800000132,1.6784754999999456,3.4424325000009857,-2.11637160000128,0.9320923000010168,99.7,36.5018945,121.43426059998085,164.59463009997404,128.01804619997984,111.92434889998236,365.7658449999423,2165.137981599907,-1.006535500000001,-0.0158337999999994,0.0268025000000009,0.5994390999998686,1.6597747000000342,4.806658599999991,9.171284300000163,-15.0,25.908922799999814,99.8,31.900108900000003,28.6764968000301,24.3224114000232,23.294703500022223,27.748102800026487,74.68007940007125,1314.1223617999697,-1.0052578000000003,-0.0781116999999991,0.0517718999999983,5.183599500000027,1.7663409999999748,2.167333499999968,-3.0,16.0,-95.0,99.8,30.9090395,6.96733519999853,111.47736109997648,130.63753299997245,68.80243359998548,278.6934030999412,1713.2391132999364,782,X1.9498 Y1.575 R0.375
14:10:06.832,5,782,1.85181,1.32248,-0.125,94.597,50.47618,-29.1675,,558.8,0,0,,2,3,"{""sr"":{""mpox"":94.597,""mpoy"":50.47618,""mpoz"":-29.1675,""mpoa"":0,""posx"":1.85181,""posy"":1.32248,""posz"":-0.125,""posa"":0,""unit"":0,""stat"":5,""coor"":2,""momo"":3,""dist"":0,""home"":1,""mots"":1,""plan"":0,""line"":782,""path"":2,""frmo"":2,""prbe"":1,""safe"":0,""estp"":0,""spc"":1,""hold"":0,""macs"":5,""cycs"":1,""sps"":12000,""feed"":558.8,""mark"":1499779243}}",5.231748704135335,0.2055389077700958,0.2095161302361237,0.2090412332124286,5.231748704135335,0.2055389077700958,0.2095161302361237,0.2090412332124286,-0.9502313599999952,-0.0240810399999997,0.0173584400000002,-5.113847720000018,-8.020641039999989,0.2402165600000086,-13.0,34.96898816000007,67.4992611200001,99.7,31.27279896,53.078358759989456,1.5022175599997016,1.2518476399997511,1.2518476399997511,3.254805079999353,2105.150305559965,-0.99004068,0.0466854399999998,0.006409480000001,-1.6614488400000025,-0.7644956400000038,1.0299094800000017,-32.0,35.57751167999996,-37.28986016000007,99.8,32.02,88.26350928000174,64.39350436000126,65.50373636000128,65.50373636000128,205.94818932000405,1712.650366199968,-0.9983567199999968,0.1253967199999998,-0.0060155599999992,2.895835920000012,1.5327315199999918,3.961546560000005,-6.455301120000043,32.0,39.52374700000001,99.7,31.56434376,103.40977155999887,2.3812650799999777,1.905012079999982,1.905012079999982,5.238784119999951,1684.446799519987,-0.9850168800000088,0.7191090800000283,-0.0248015600000032,4.772899520000207,0.773463440000008,1.530654639999994,11.070641880000233,-3.614120960000722,15.317216600000926,99.7,36.51,37.992389399991225,51.34728911998813,40.06470115999075,34.999049519991914,114.89819435997346,2042.5098653199764,-1.001230279999998,0.0003651200000004,-0.009589320000008,0.1440909999999853,1.9908216000000167,4.814564160000005,9.996434840000008,-15.0,24.881663720000077,99.8,31.91,178.22433204001487,125.19618832001066,119.90264360001022,142.82945440001217,385.2868602800328,1577.9568402000043,-1.0155220800000009,-0.0709733999999988,0.0381494399999998,5.075001679999989,2.1647104400000377,2.0611056400000165,-3.073780599999916,16.073780599999914,-94.07378059999992,99.8,30.89073816,2.6560966799969785,9.886581679988751,11.140848919987326,6.19755855999295,24.421331319972214,1542.2561590799853,782,X1.9498 Y1.575 R0.375
14:10:07.090,5,782,1.90602,1.39959,-0.125,95.97413,52.43494,-29.1675,,558.8,0,0,,2,3,"{""sr"":{""mpox"":95.97413,""mpoy"":52.43494,""mpoz"":-29.1675,""mpoa"":0,""posx"":1.90602,""posy"":1.39959,""posz"":-0.125,""posa"":0,""unit"":0,""stat"":5,""coor"":2,""momo"":3,""dist"":0,""home"":1,""mots"":1,""plan"":0,""line"":782,""path"":2,""frmo"":2,""prbe"":1,""safe"":0,""estp"":0,""spc"":1,""hold"":0,""macs"":5,""cycs"":1,""sps"":12000,""feed"":558.8,""mark"":1499779243}}",5.209736235340636,0.179149880516502,0.1895155571759932,0.194563212687815,5.209736235340636,0.179149880516502,0.1895155571759932,0.194563212687815,-1.0265738000000058,-0.08622180000001,-0.0044132,-4.920781800000055,-8.081087999999973,0.3281954000000322,-4.21016879999875,11.827758199996742,22.79664539999363,99.7,31.2385884,140.35757920001973,3.9723842000005583,3.3103204000004656,3.3103204000004656,8.60683280000121,2224.981576999982,-0.9924606000000004,0.036347799999998,-0.0121929999999941,-1.515276399999992,-0.7251804000000058,0.8325318000000069,-31.88820440000009,36.53353880000002,-37.35466560000008,99.8,32.028882,82.13576219999725,53.06480259999785,55.15423979999758,55.62070119999756,173.63543279999257,1811.7501793999943,-1.0188959999999945,0.085389599999997,-0.0043493999999994,2.772018200000006,1.785080000000009,3.954254200000011,-6.0,31.0,39.61908799999992,99.7,31.5551464,112.18605180000172,2.5730744000000394,2.058459800000032,2.058459800000032,5.660764000000087,1959.9080968000164,-0.9372089999999972,0.0865194000000188,0.0019749999999989,-1.509604400000237,1.238868600000119,1.5285256000000087,13.104203800000407,3.637803000000949,9.554986800000664,99.7,36.51326,114.32075220001664,150.98695080002247,117.28450620001746,103.12947960001536,337.0244436000502,2169.0825068000263,-1.0188150000000011,0.0006486000000025,0.0222248000000009,0.3312225999999868,1.950124799999969,4.747286199999974,9.0,-14.729189600000154,24.27081039999984,99.8,31.9001862,48.671829599973066,36.31473299997991,34.54943359998088,41.35844579997711,111.46605519993832,1847.2316483999969,-1.013165600000002,-0.0701991999999977,0.0487501999999981,5.2936144000000125,1.6652643999999872,1.9804987999999808,-2.2326047999998364,16.0,-92.47961499999968,99.8,30.905420000000003,15.556781600003092,106.91611220002171,117.75327920002393,68.17901680001384,261.8500890000532,2095.0391442000105,782,X1.9498 Y1.575 R0.375
14:10:07.347,5,782,1.93932,1.48778,-0.125,96.81977,54.67494,-29.1675,,558.8,0,0,,2,3,"{""sr"":{""mpox"":96.81977,""mpoy"":54.67494,""mpoz"":-29.1675,""mpoa"":0,""posx"":1.93932,""posy"":1.48778,""posz"":-0.125,""posa"":0,""unit"":0,""stat"":5,""coor"":2,""momo"":3,""dist"":0,""home"":1,""mots"":1,""plan"":0,""line"":782,""path"":2,""frmo"":2,""prbe"":1,""safe"":0,""estp"":0,""spc"":1,""hold"":0,""macs"":5,""cycs"":1,""sps"":12000,""feed"":558.8,""mark"":1499779243}}",5.354098389907876,0.2047612158472263,0.2038006368689961,0.2040520306455237,5.354098389907876,0.2047612158472263,0.2038006368689961,0.2040520306455237,-1.002385620000002,-0.0534870800000001,-0.001870640000002,-5.268336120000003,-7.915388719999979,0.3866973400000064,-13.0,35.0,66.4740206800001,99.7,31.257370100000003,88.46389795999262,2.4813660999997955,2.0678053599998294,2.0678053599998294,5.376292939999557,2136.303449700008,-0.9933761000000004,0.0378253,-0.0086722599999979,-1.5837466199999894,-0.8100457999999919,0.9421625800000064,-32.0,35.70833477999997,-36.48099897999999,99.8,32.02189346,86.15415646000119,57.09010340000079,61.24211160000085,62.28011298000086,193.58735160000268,2010.4652810800048,-1.0433551600000022,0.1074487199999991,-0.0088127200000009,2.852849959999993,1.7398304600000003,3.883575020000003,-6.0,31.4945797,39.5054203,99.7,31.55316206,107.50213171999935,2.472897159999986,1.9783174599999889,1.9783174599999889,5.4403736799999685,2165.9716393200147,-0.9751488599999965,0.342850420000001,-0.0398728600000049,0.7197660599997431,2.390361760000074,1.2949073600000018,13.929590080000011,6.948796060000044,14.137346160000412,99.7,36.51,67.8082686599938,90.41102565999174,70.22999341999358,61.75395941999436,201.4067041199816,2017.239381079984,-1.0068063400000005,-0.0107445999999997,0.0469327600000004,0.3691815800000086,1.89384076,4.748613939999993,9.030178059999994,-14.368297279999949,25.0,99.8,31.90601524,136.96078490001102,91.62705146000744,86.57343066000705,103.62940056000843,280.5362988400228,1745.0141818800134,-0.9892747399999994,-0.07777362,0.0477006400000013,5.331183839999987,1.746287580000014,1.994934619999993,-3.350636699999942,16.0,-94.36445497999992,99.8,30.90350682,4.9089141799991935,51.54359637999153,55.04996373999095,32.95985109999458,123.77475923997964,2251.1781765400183,782,X1.9498 Y1.575 R0.375
14:10:07.605,5,782,1.94971,1.57235,-0.125,97.08384,56.82292,-29.1675,,558.8,0,0,,2,3,"{""sr"":{""mpox"":97.08384,""mpoy"":56.82292,""mpoz"":-29.1675,""mpoa"":0,""posx"":1.94971,""posy"":1.57235,""posz"":-0.125,""posa"":0,""unit"":0,""stat"":5,""coor"":2,""momo"":3,""dist"":0,""home"":1,""mots"":1,""plan"":0,""line"":782,""path"":2,""frmo"":2,""prbe"":1,""safe"":0,""estp"":0,""spc"":1,""hold"":0,""macs"":5,""cycs"":1,""sps"":12000,""feed"":558.8,""mark"":1499779243}}",5.061430540329454,0.1962077223896905,0.1913724010013799,0.1995838306643472,5.061430540329454,0.1962077223896905,0.1913724010013799,0.1995838306643472,-0.9422470000000004,-0.0486499999999998,0.0044519999999995,-5.129934499999978,-7.708187000000047,0.4132644999999866,-12.38741299999989,36.0,66.0,99.7,31.266576,104.17723350001624,2.990734000000466,2.4922780000003883,1.9938225000003107,6.47992350000101,1673.218660500019,-0.982717499999998,0.0400615000000017,-0.0005630000000052,-1.5234929999999618,-0.6943900000000143,0.9294190000000038,-31.72009550000008,35.72009550000008,-38.0,99.8,32.022200000000005,76.46378149999803,53.20852899999826,58.487351999998005,60.766823999997854,187.51937849999348,1529.294817500025,-1.011705499999996,0.137881499999995,-0.0083345000000023,2.83680950000001,1.6785519999999996,3.922042999999996,-5.500856499999993,32.0,39.52600449999985,99.7,31.55263,109.31240400000156,2.4957170000000355,1.9965735000000284,1.9965735000000284,5.490577500000079,1661.054520999972,-0.9808350000000008,0.087648000000006,0.0092909999999981,4.7209994999999765,1.1377410000000885,1.4292734999999726,9.413616499999884,13.603228500000052,3.8625550000003233,99.7,36.504998,83.55689650001412,112.0640880000186,87.46928400001458,76.47314550001275,249.61922350004147,2058.449733499945,-1.0049899999999976,-0.0177845000000012,-0.0045195000000088,0.4195819999999879,1.5999754999999962,4.704823000000013,9.0,-14.0,23.54555149999987,99.8,31.9046045,120.219048499972,74.44526849998267,69.91819149998373,84.00243099998043,226.8568649999472,1267.5371054999723,-0.9991515000000012,-0.0649064999999979,0.0134584999999982,5.216124999999993,1.8298744999999843,2.072665999999985,-3.4795115000001364,16.50067899999987,-95.0,99.8,30.9,12.082752500003108,76.45555000001998,79.9309880000209,48.95327300001279,180.8136510000473,1572.8661629999629,782,X1.9498 Y1.575 R0.375
14:10:07.862,5,788,1.94223,1.59197,-0.11587,96.89388,57.32117,-28.93555,,558.8,0,0,,2,1,"{""sr"":{""mpox"":96.89388,""mpoy"":57.32117,""mpoz"":-28.93555,""mpoa"":0,""posx"":1.94223,""posy"":1.59197,""posz"":-0.11587,""posa"":0,""unit"":0,""stat"":5,""coor"":2,""momo"":1,""dist"":0,""home"":1,""mots"":1,""plan"":0,""line"":788,""path"":2,""frmo"":2,""prbe"":1,""safe"":0,""estp"":0,""spc"":1,""hold"":0,""macs"":5,""cycs"":1,""sps"":12000,""feed"":558.8,""mark"":1499779243}}",5.126094658761309,0.1973339767752977,0.1901906590621958,0.1991410022669133,5.126094658761309,0.1973339767752977,0.1901906590621958,0.1991410022669133,-1.00309072,-0.0285042800000015,0.0290365599999998,-5.305502320000002,-7.918764079999996,0.3710119200000004,-13.42205252000002,35.91783683999999,67.83567367999999,99.7,31.25504192,123.10274843999602,3.467682959999888,2.311788639999925,2.311788639999925,6.935365919999776,2096.163426960004,-0.9894371200000002,0.03080272,0.0015326800000001,-1.3154307199999993,-0.6807401600000009,0.8978297599999976,-32.0,36.0,-37.87235295999998,99.8,32.02356352,65.82206768000053,49.85053656000039,55.65836556000044,59.04626648000048,182.46264284000145,2009.4547528799988,-1.0182316,0.1054410399999996,-0.0058852800000004,2.8281142400000023,1.7287347199999992,3.845,-6.0,31.170676720000017,38.66487296000002,99.7,31.55664896,110.77101271999965,2.529018879999992,2.023215119999993,2.023215119999993,5.563840879999981,2526.897373479999,-0.8607495600000012,0.4257403999999948,-0.0060965599999994,3.205708879999708,1.098725280000029,1.5301445999999916,9.962346839999917,4.942153040000066,23.934597119999864,99.7,36.51,101.6985780399965,130.75531443999552,101.6985780399965,88.91361407999695,289.98623107999003,3192.2885719600035,-1.0060359999999997,-0.0130010400000007,0.0217593599999981,0.5267393199999956,1.8320951600000115,4.70668096,9.618040239999972,-14.054762239999995,23.94523776,99.8,31.90054784,85.05650976000666,56.8572579600042,53.41961892000393,64.11449552000472,172.9182953200127,1433.0608104400037,-1.0088307200000002,-0.0817806799999992,-0.0079831599999995,5.109773159999989,2.017650080000006,2.1266769599999944,-3.6312223599999687,16.0,-94.65447163999995,99.8,30.88714288,39.76700847999802,100.99557719999495,103.52046691999485,64.38468043999679,235.44593979998825,2149.976898959998,788,X1.9414 Y1.5928 Z-0.1147
14:10:08.121,5,791,1.9375,1.5955,-0.08596,96.77362,57.41094,-28.17592,,558.8,0,0,,2,0,"{""sr"":{""mpox"":96.77362,""mpoy"":57.41094,""mpoz"":-28.17592,""mpoa"":0,""posx"":1.9375,""posy"":1.5955,""posz"":-0.08596,""posa"":0,""unit"":0,""stat"":5,""coor"":2,""momo"":0,""dist"":0,""home"":1,""mots"":1,""plan"":0,""line"":791,""path"":2,""frmo"":2,""prbe"":1,""safe"":0,""estp"":0,""spc"":1,""hold"":0,""macs"":5,""cycs"":1,""sps"":12000,""feed"":558.8,""mark"":1499779243}}",5.133867582881036,0.1972279550443721,0.1886757128329678,0.1913826358243897,5.133867582881036,0.1972279550443721,0.1886757128329678,0.1913826358243897,-1.031729459999999,-0.0567600999999989,0.0067417799999995,-5.12369096,-8.002670280000002,0.3016592200000014,-12.410813100000016,35.95897098,65.41081310000001,99.7,31.25630252,70.02488692000196,1.6437767600000464,1.3150217000000368,1.3150217000000368,3.945064280000111,2360.3823794599944,-0.9935576199999998,0.0320307599999998,0.0009064599999999,-1.7096338800000013,-0.7702197800000017,0.9110912199999996,-32.0,36.0,-38.37864283999998,99.8,32.03457806,76.5863390799998,53.77806457999981,60.75892005999978,66.04963619999975,203.51879855999923,1894.5036813999964,-0.9975784200000009,0.1226752399999998,-0.0172017,2.8550208199999987,1.7457023000000014,3.930297699999999,-6.0,31.57174352000001,37.65742190000002,99.7,31.55486034,105.96215006000016,2.4303247000000043,1.9442595600000032,1.9442595600000032,5.346713720000008,1974.9118376999909,-0.796373440000003,0.3585198999999993,0.0278221999999993,6.383899899999944,1.3099735799999863,1.4052498600000034,8.663532340000081,20.662462900000055,6.405694880000099,99.7,36.5083354,51.531010260001736,69.83392224000225,54.07493942000176,47.27694682000154,154.333339020005,2800.0815013399865,-1.00616416,-0.0143456399999998,-0.0065364399999997,0.3337793199999949,1.8320852000000007,4.791949899999997,9.0,-14.0,24.0,99.8,31.90835786,134.21469407999754,113.6249397999979,106.76168803999803,128.8766095599976,346.21290273999364,1590.0203228399996,-0.99758222,-0.0872639199999995,0.0664746999999992,5.337410579999998,1.615037200000003,2.001569759999999,-3.796225419999984,16.0,-93.20377458000002,99.8,30.9079623,15.998064160001125,33.27588844000258,34.060646580002654,21.192526680001645,77.35181398000597,2469.7712564599874,791,G0 Z0.6
14:10:08.376,5,791,1.9375,1.5955,0.08942,96.77362,57.41094,-23.72134,,558.8,0,0,,2,0,"{""sr"":{""mpox"":96.77362,""mpoy"":57.41094,""mpoz"":-23.72134,""mpoa"":0,""posx"":1.9375,""posy"":1.5955,""posz"":0.08942,""posa"":0,""unit"":0,""stat"":5,""coor"":2,""momo"":0,""dist"":0,""home"":1,""mots"":1,""plan"":0,""line"":791,""path"":2,""frmo"":2,""prbe"":1,""safe"":0,""estp"":0,""spc"":1,""hold"":0,""macs"":5,""cycs"":1,""sps"":12000,""feed"":558.8,""mark"":1499779243}}",5.481767853159624,0.1989266608351722,0.2006240655402232,0.1988614482981899,5.481767853159624,0.1989266608351722,0.2006240655402232,0.1988614482981899,-0.9669862800000036,-0.0637620399999972,0.0177059199999988,-5.237504799999948,-7.550158200000027,0.5735365199999889,-12.981954399999976,36.27181284000006,66.27181284000005,99.7,31.253079,153.6113836799882,3.6409350399997207,2.912748719999777,2.912748719999777,8.73824531999933,2010.7992254399776,-0.9897804799999994,0.04068756,0.0033255999999981,-1.2757977200000017,-0.6755900400000152,1.0377480399999903,-31.55083603999999,36.0,-38.0,99.8,32.04066408,62.433759200001695,44.0180464800012,50.30633868000137,55.69630304000152,170.68221956000465,2150.675002519993,-0.995688559999997,0.0988274399999993,-0.0077717600000006,2.805830319999993,1.647674160000007,3.845,-6.479543560000004,31.48221707999995,38.47954356,99.7,31.54556068,113.09190259999916,2.6022801999999765,2.081823839999981,2.081823839999981,5.725015919999948,2551.8987804399794,-0.8369877200000078,0.5399878399999982,0.0023512399999976,1.58675099999991,2.601395559999808,1.3255287200000208,9.872506159999835,6.729196760000582,27.8536397599988,99.7,36.5012642,122.35975451999008,169.3638061599863,131.31290735998937,114.15269723999076,373.04803071996986,3603.171726119926,-0.9995913200000006,-0.0196481199999997,-0.0010647599999995,0.1957796000000232,2.136,4.648418720000005,9.0,-14.072781440000092,24.0,99.8,31.91,33.8682152800187,23.159660000012607,21.61568264001176,26.011600360014217,70.01495432003811,1450.4549427199768,-1.00334316,-0.0688781200000021,0.0444981599999982,5.265376680000012,1.7254057199999528,1.9646738000000048,-3.0,16.884809279999907,-93.9229027999999,99.8,30.90038088,105.29230799998876,147.76315435998424,149.53277291998407,92.90497715999008,342.4212023999634,2222.1166265199554,791,G0 Z0.6
14:10:08.633,5,791,1.9375,1.5955,0.3948,96.77362,57.41094,-15.96455,,558.8,0,0,,2,0,"{""sr"":{""mpox"":96.77362,""mpoy"":57.41094,""mpoz"":-15.96455,""mpoa"":0,""posx"":1.9375,""posy"":1.5955,""posz"":0.3948,""posa"":0,""unit"":0,""stat"":5,""coor"":2,""momo"":0,""dist"":0,""home"":1,""mots"":1,""plan"":0,""line"":791,""path"":2,""frmo"":2,""prbe"":1,""safe"":0,""estp"":0,""spc"":1,""hold"":0,""macs"":5,""cycs"":1,""sps"":12000,""feed"":558.8,""mark"":1499779243}}",5.135839811589485,0.198130205635089,0.1970220782190542,0.1943118297360707,5.135839811589485,0.198130205635089,0.1970220782190542,0.1943118297360707,-0.98001728,-0.0472335999999999,-0.0068746599999999,-5.33626042,-7.870045339999998,0.4834058600000004,-13.0,37.0,66.95353924,99.7,31.26,54.826915860000646,1.3076149200000156,1.0460925000000123,1.0460925000000123,2.876753200000034,1864.048608199999,-0.99153224,0.0421186599999999,0.0014955599999999,-1.6316906999999992,-0.8052664400000005,0.93473474,-32.0,36.0,-39.033412080000005,99.8,32.04550166,71.51948163999992,52.81438635999994,60.51648431999993,68.21858221999992,209.05694625999976,1699.3424456999996,-0.98730762,0.0982988999999999,-0.0070318199999999,2.9280818,1.6703983399999998,3.80739192,-6.031446180000003,31.44524886,38.0,99.7,31.53586168,103.95086418000008,2.383473380000001,1.906778340000001,1.906778340000001,5.275087040000006,1858.3238231799985,-0.8461858400000003,0.2300139599999996,-0.05281064,5.919926219999986,1.357632860000005,1.6029656999999995,5.471359780000006,15.458870000000005,-7.905250220000007,99.7,36.50229414,41.36912028000057,54.916902260000754,42.57874324000058,37.01447612000051,121.20426448000168,2114.302729720001,-1.01579162,0.0038458599999999,-0.0130111399999999,0.6973802399999988,1.4235793000000008,4.7,9.0,-14.0,24.0,99.8,31.92721526,196.93667449999893,129.9823022799993,121.37455519999934,145.4762478799992,391.6684570999979,1564.000061760001,-1.01471172,-0.0851443399999999,0.0097852600000001,5.30423378,1.875119619999999,2.0695132599999995,-3.089953020000005,15.99770914,-94.81551224,99.8,30.9008995,12.323572080000725,15.112117240000886,15.381976360000904,9.535025920000558,35.081700460002054,1768.8382915800005,791,G0 Z0.6
14:10:08.895,5,793,3.80999,2.26027,-0.32471,96.77362,57.41094,-8.24761,,558.8,0,0,,2,0,"{""sr"":{""mpox"":96.77362,""mpoy"":57.41094,""mpoz"":-8.24761,""mpoa"":0,""posx"":3.80999,""posy"":2.26027,""posz"":-0.32471,""posa"":0,""unit"":0,""stat"":5,""coor"":2,""momo"":0,""dist"":0,""home"":1,""mots"":1,""plan"":0,""line"":793,""path"":2,""frmo"":2,""prbe"":1,""safe"":0,""estp"":0,""spc"":1,""hold"":0,""macs"":5,""cycs"":1,""sps"":12000,""feed"":558.8,""mark"":1499779243}}",5.159413840390911,0.2038866631893752,0.2112946414555173,0.2064062295627771,5.159413840390911,0.2038866631893752,0.2112946414555173,0.2064062295627771,-0.9964957000000008,-0.0208967999999979,0.0289315999999996,-5.180465100000003,-7.967796699999997,0.3942033000000026,-13.0,38.0,67.16050299999999,99.7,31.26,126.5309061999968,3.041608599999923,2.4332867999999386,2.4332867999999386,6.691538299999831,1932.7887776999996,-0.9983984999999994,0.0393302999999997,0.0046406000000001,-1.6291329000000008,-0.793,0.9668215999999992,-31.833141199999982,36.0,-38.33371760000003,99.8,32.05,64.70753100000034,45.71038880000032,52.543346000000376,58.875727200000384,180.46080620000123,1857.830599799994,-0.9969042999999994,0.1075159000000001,-0.0002520999999999,2.859441699999999,1.7675601000000027,3.885673400000001,-7.0,31.15669450000001,37.33322589999999,99.7,31.5351011,109.66715919999972,2.550399399999993,2.550399399999993,2.0403190999999947,6.120957699999984,1852.8668088999948,-1.005683400000002,0.2044643000000001,-0.0045927999999993,-3.0691934999999835,2.206920599999986,1.3079914000000026,8.010274800000056,3.910676799999956,9.584186000000017,99.7,36.4955573,101.73937399999724,139.9687145999962,108.52199849999704,94.34014629999744,309.47346789999153,2581.355297999981,-0.9953888999999996,-0.0046738000000006,0.033420499999999,0.2599415000000101,1.902616899999996,4.8236509000000005,9.0,-13.027065100000003,23.69528399999998,99.8,31.93,71.66478680000506,50.76255750000359,47.44474310000336,56.73462250000401,152.6194533000108,1390.2685439000013,-1.0076021,-0.0741255999999996,0.0021790000000006,5.237018699999989,1.7260240000000064,2.011883500000005,-3.674232299999973,15.988006,-94.36045929999996,99.8,30.90012,109.45781859999585,115.2860340999956,116.64649339999552,72.7399978999972,266.9540614999898,1924.513111899992,793,G53 G0 Z0.
14:10:09.148,5,793,3.80999,2.26027,-0.05269,96.77362,57.41094,-1.33831,,558.8,0,0,,2,0,"{""sr"":{""mpox"":96.77362,""mpoy"":57.41094,""mpoz"":-1.33831,""mpoa"":0,""posx"":3.80999,""posy"":2.26027,""posz"":-0.05269,""posa"":0,""unit"":0,""stat"":5,""coor"":2,""momo"":0,""dist"":0,""home"":1,""mots"":1,""plan"":0,""line"":793,""path"":2,""frmo"":2,""prbe"":1,""safe"":0,""estp"":0,""spc"":1,""hold"":0,""macs"":5,""cycs"":1,""sps"":12000,""feed"":558.8,""mark"":1499779243}}",5.250347951767227,0.1983610866945785,0.1746106154320131,0.1869217922838514,5.250347951767227,0.1983610866945785,0.1746106154320131,0.1869217922838514,-0.9522165599999992,-0.0817565600000009,-0.0002520400000005,-5.146801719999992,-7.94394592,0.366,-10.814668360000075,32.14833172000027,56.895381320000496,99.7,31.26425444,87.92984340000386,2.127451440000093,1.7019610800000744,1.7019610800000744,4.680393240000205,2054.6565286399928,-0.9853003999999996,0.0457837599999996,-0.0040640000000004,-1.559871440000005,-0.6429043600000045,0.977,-31.798984639999983,36.0,-38.636509760000045,99.8,32.05,76.47630251999941,50.12298203999961,57.35722695999956,63.55800819999951,195.3246105999985,1938.7431740799943,-1.0051949599999987,0.1422588800000001,-0.0098399999999999,2.804358679999997,1.6902921600000012,3.867349160000002,-7.188252640000018,32.0,37.0,99.7,31.55891692,107.59011040000034,2.662950080000025,2.4746974400000075,1.979758080000006,5.939273240000018,2392.566980399988,-0.9506354400000008,0.298880439999991,0.0166934400000004,2.5258522799999663,1.7546184799999485,1.3989234400000157,8.627479919999965,13.941755120000376,0.6767920799996846,99.7,36.48,66.51140672000327,93.7769523200046,72.70812132000357,63.2064923600031,206.5571639200101,2834.2089795599777,-1.0042218000000005,-0.0211979999999992,0.0050283199999991,0.122,2.1142581999999983,4.912730080000006,9.61272915999997,-14.0,24.387270840000028,99.8,31.93,144.6965699999934,93.7166729599957,87.58938427999598,104.13306475999522,280.53729035998714,1419.9678513200015,-1.0005214000000004,-0.0642968400000003,0.0426206800000007,5.169721960000004,1.800073839999992,2.050803079999998,-3.0,16.37010444000003,-94.0,99.8,30.91013284,78.83232600000673,61.80750392000528,62.91781888000536,39.23111060000336,143.60066844001227,2123.5602167199963,793,G53 G0 Z0.
14:10:09.404,5,793,3.80999,2.26027,0.0,96.77362,57.41094,0.0,,558.8,0,0,,2,0,"{""sr"":{""mpox"":96.77362,""mpoy"":57.41094,""mpoz"":0,""mpoa"":0,""posx"":3.80999,""posy"":2.26027,""posz"":0,""posa"":0,""unit"":0,""stat"":5,""coor"":2,""momo"":0,""dist"":0,""home"":1,""mots"":1,""plan"":0,""line"":793,""path"":2,""frmo"":2,""prbe"":1,""safe"":0,""estp"":0,""spc"":1,""hold"":0,""macs"":5,""cycs"":1,""sps"":0,""feed"":558.8,""mark"":1499779243}}",5.091867751899168,0.2038331193362395,0.2078113199172097,0.1992413816244451,5.091867751899168,0.2038331193362395,0.2078113199172097,0.1992413816244451,-1.0204407199999983,-0.0163642399999989,0.02265144,-5.252492479999998,-7.5167928400000035,0.673141360000001,-13.0,38.36993072000004,66.63006927999996,99.7,31.26141152,104.25933539999498,2.555375999999877,2.0443009199999014,2.0443009199999014,5.621827119999729,1928.1252619200127,-0.9903156799999996,0.0481959199999998,-0.0151936,-1.4208174400000009,-0.6588500800000047,0.9265772799999968,-32.0,35.96174047999995,-39.03825952000005,99.8,32.04771304,68.2811127600006,49.33355824000055,56.0053310400006,60.96155464000065,186.849642760002,1774.4299164799927,-0.9752296399999996,0.1230308800000005,0.0005839200000005,2.8997944000000038,1.6177944000000029,3.905683079999997,-8.0,32.0,36.75277588000002,99.7,31.54752792,108.0779625599995,3.002165999999986,2.5018048399999886,2.0014436799999906,6.004330999999972,1758.964495719992,-0.978011280000004,0.0373074400000016,-0.0165856399999983,4.492731640000337,0.5474985199999632,1.6838564400000022,6.725103639999919,7.625518119999592,-5.052804279999483,99.7,36.48587796,83.76514543999569,115.59006443999398,89.50558075999534,78.25345103999592,255.31804355998676,1941.3480684000149,-1.01251288,0.0030324000000001,0.0389102000000002,0.5880520400000125,1.6127282000000114,4.75833504,9.0,-14.043685280000004,24.0,99.8,31.93,59.09118380000453,72.65309444000557,67.32520076000517,80.40275800000617,216.50622216001665,1901.0595486000043,-1.0083008400000002,-0.0871475599999987,0.0373652399999985,5.216193240000008,1.5576301999999973,2.1022021200000025,-3.0,15.499238960000044,-94.50076103999996,99.8,30.9198224,100.32149171999198,85.53944303999305,87.09502867999291,54.427729719995575,199.07942759998383,1937.6643405600123,793,G53 G0 Z0.
14:10:09.918,5,793,3.80999,2.26027,0.0,96.77362,57.41094,0.0,,558.8,0,0,,2,0,"{""sr"":{""mpox"":96.77362,""mpoy"":57.41094,""mpoz"":0,""mpoa"":0,""posx"":3.80999,""posy"":2.26027,""posz"":0,""posa"":0,""unit"":0,""stat"":5,""coor"":2,""momo"":0,""dist"":0,""home"":1,""mots"":1,""plan"":0,""line"":793,""path"":2,""frmo"":2,""prbe"":1,""safe"":0,""estp"":0,""spc"":1,""hold"":0,""macs"":5,""cycs"":1,""sps"":0,""feed"":558.8,""mark"":1499779243}}",5.299210848202812,0.1939323700067711,0.1920715973746046,0.2023136894373265,5.299210848202812,0.1939323700067711,0.1920715973746046,0.2023136894373265,-1.018575,-0.02424812,0.0248216399999999,-5.282424920000012,-7.66321332,0.3959238800000033,-12.358764280000011,39.0,66.64123571999998,99.7,31.25944512,72.82909964000248,1.7938204000000617,1.435056120000049,1.435056120000049,3.946404320000134,1735.1437902800064,-0.98960012,0.0359507199999998,0.0119236399999997,-1.5387669600000058,-0.9185657200000008,0.9380918800000028,-32.42216099999999,36.0,-37.57783900000001,99.8,32.05,81.01787347999958,55.95262155999972,61.3479374399997,63.570083679999705,196.31432687999907,1618.04761568,-1.0388303999999997,0.1360710800000002,-0.0016115600000002,2.909002399999998,1.6638571999999987,4.003854800000001,-9.0,31.11474040000001,36.48943792,99.7,31.53,106.2080765200002,2.9366288000000056,2.447190880000005,1.957752200000004,6.362695520000013,1640.4411091200006,-0.9879642400000002,0.1017053599999964,0.0024284399999993,-2.072701200000193,2.7944228799999906,1.2803320399999976,7.934233319999936,2.961578719999977,-19.38508119999985,99.7,36.4419044,57.72176396000229,76.89887396000306,59.776454520002375,52.39460324000207,170.92016712000677,2321.546427879992,-1.0034820400000002,-0.0177339999999997,-0.0124307599999998,0.4295820799999982,1.7009235199999957,4.882863999999995,9.0,-14.0,24.0,99.8,31.93716928,83.87731135999782,102.51671379999732,96.0646128799975,113.98711527999704,306.833241079992,1250.1739638800054,-0.9934404400000004,-0.0694026000000001,0.0171112399999997,5.13212012,1.844749319999996,1.9845001200000023,-3.741798919999979,16.0,-93.76977832,99.8,30.912582,56.56763072000458,40.22340988000328,41.8005965200034,25.764149320002097,95.16428264000773,1847.4937672000012,793,G53 G0 Z0.
14:10:10.433,5,793,3.80999,2.26027,0.0,96.77362,57.41094,0.0,,558.8,0,0,,2,0,"{""sr"":{""mpox"":96.77362,""mpoy"":57.41094,""mpoz"":0,""mpoa"":0,""posx"":3.80999,""posy"":2.26027,""posz"":0,""posa"":0,""unit"":0,""stat"":5,""coor"":2,""momo"":0,""dist"":0,""home"":1,""mots"":1,""plan"":0,""line"":793,""path"":2,""frmo"":2,""prbe"":1,""safe"":0,""estp"":0,""spc"":1,""hold"":0,""macs"":5,""cycs"":1,""sps"":0,""feed"":558.8,""mark"":1499779243}}",5.3511120718595535,0.2028151888622146,0.2023965182002227,0.1880627589191191,5.3511120718595535,0.2028151888622146,0.2023965182002227,0.1880627589191191,-1.0290500399999998,-0.0842124999999996,0.0274688599999999,-4.923108020000003,-7.841349679999999,0.5149756400000012,-12.742314619999997,39.0,67.5307648,99.7,31.26953866,52.64090954000062,1.2884259000000156,1.0307405200000124,1.0307405200000124,2.834536180000034,2153.606617979999,-0.99133904,0.0332489199999999,0.0263534399999999,-1.5131600200000006,-0.78464454,0.9811017800000004,-32.0336213,35.61891962000001,-37.51805571999999,99.8,32.05448352,80.54478655999989,62.89113431999992,65.09784145999991,65.64951753999992,204.12034905999977,2202.06128626,-1.0863147799999997,0.10401556,-0.0107193599999999,2.8951491,1.6199334800000005,4.026082519999999,-9.554403340000004,31.44559666,35.55440334000001,99.7,31.54414126,103.89846678000004,2.8621866600000017,2.385155060000001,1.908124400000001,6.201403920000003,2485.4422620799987,-0.8481392000000008,0.4309855199999997,-0.0181854399999995,-1.3869113199999656,2.120145959999996,1.4380283200000008,9.479593839999987,2.9433332999999613,-14.667788879999971,99.7,36.44241442,42.018429020000575,54.092690540000746,42.018429020000575,36.705754280000505,120.01815680000166,3123.7853449799964,-0.99717636,-0.0209251799999999,0.0094760199999999,0.3569248599999997,1.7436716000000012,4.849306339999998,9.0,-14.856567479999995,24.856567479999995,99.8,31.93143472,205.59076815999885,119.80039315999936,112.90509827999938,133.5909810399993,358.5446101799981,1860.9465685399985,-1.0136067,-0.0886323200000001,0.04610434,5.133557860000001,1.7744552800000002,1.953,-3.0,16.0,-93.99753796,99.8,30.91907304,20.49500206000116,13.075996560000736,14.374323060000812,8.253643120000467,32.17993586000182,2457.9940136799974,793,G53 G0 Z0.
14:10:10.948,5,793,3.80999,2.26027,0.0,96.77362,57.41094,0.0,,558.8,0,0,,2,0,"{""sr"":{""mpox"":96.77362,""mpoy"":57.41094,""mpoz"":0,""mpoa"":0,""posx"":3.80999,""posy"":2.26027,""posz"":0,""posa"":0,""unit"":0,""stat"":5,""coor"":2,""momo"":0,""dist"":0,""home"":1,""mots"":1,""plan"":0,""line"":793,""path"":2,""frmo"":2,""prbe"":1,""safe"":0,""estp"":0,""spc"":1,""hold"":0,""macs"":5,""cycs"":1,""sps"":0,""feed"":558.8,""mark"":1499779243}}",5.39598825000122,0.207299669707042,0.2035086333244433,0.1858060011705601,5.39598825000122,0.207299669707042,0.2035086333244433,0.1858060011705601,-1.02142164,-0.0484060799999991,0.0206307200000002,-5.288474240000014,-7.996077560000001,0.4086983600000027,-12.578193399999982,38.856357120000006,66.57819339999999,99.7,31.26721828,85.91404188000378,2.109033360000093,1.6872267600000748,1.6872267600000748,4.639873680000206,1834.2473325599915,-0.99269516,0.0419259600000001,0.0010096000000001,-1.557221919999994,-0.8492140799999963,0.9014147999999992,-32.71564672000002,35.20063628000002,-35.79936371999998,99.8,32.05799372,79.3116135599994,60.256225599999546,59.74121515999955,59.74121515999955,187.9788247599986,1707.6916120399926,-1.025601800000001,0.1330510799999992,-0.01349528,2.759213280000001,1.6323644000000046,3.918213280000001,-9.0,31.81121995999998,35.49427956,99.7,31.55305472,107.56420516000034,2.96567836000001,2.471398800000008,1.9771192400000064,6.425636640000021,1664.2601464399993,-0.9636445200000008,0.1674024800000039,-0.0180439600000006,6.1297455999999375,0.6392880399999799,1.528078040000007,8.489882240000027,3.0223716400000398,3.221501919999928,99.7,36.44925444,67.69980188000328,93.45064760000452,72.68383668000352,63.54644008000308,207.25276844001004,1937.6698534399927,-1.00680884,-0.0054469600000001,0.0244186000000002,0.5177683600000017,1.8388390800000096,4.7294682800000025,9.0,-14.0,25.58067327999997,99.8,31.94,130.830668679994,82.69424059999623,78.40639075999643,93.10758895999577,249.8884935599886,1699.2479218799883,-1.01448324,-0.07619704,-0.0008415999999999,5.313542879999989,1.741316640000008,2.027938879999996,-3.013196520000001,15.385744640000032,-94.61425535999996,99.8,30.92,83.82328952000708,48.05868584000406,55.882192680004735,29.80383652000252,120.7055366400102,2053.2143204799845,793,G53 G0 Z0.
14:10:11.462,5,793,3.80999,2.26027,0.0,96.77362,57.41094,0.0,,558.8,0,0,,2,0,"{""sr"":{""mpox"":96.77362,""mpoy"":57.41094,""mpoz"":0,""mpoa"":0,""posx"":3.80999,""posy"":2.26027,""posz"":0,""posa"":0,""unit"":0,""stat"":5,""coor"":2,""momo"":0,""dist"":0,""home"":1,""mots"":1,""plan"":0,""line"":793,""path"":2,""frmo"":2,""prbe"":1,""safe"":0,""estp"":0,""spc"":1,""hold"":0,""macs"":5,""cycs"":1,""sps"":0,""feed"":558.8,""mark"":1499779243}}",5.290636552891533,0.1986862713673549,0.1739549253052188,0.191282738477205,5.290636552891533,0.1986862713673549,0.1739549253052188,0.191282738477205,-1.0110338400000023,-0.0356622800000004,0.0211045199999994,-5.105292640000005,-7.962954080000005,0.3860041200000019,-13.0,38.0,67.00725696000006,99.7,31.2516398,118.48085599999617,2.8917766799999067,2.313420959999925,2.313420959999925,6.940263879999777,2250.937702440011,-0.9920544000000002,0.0397075200000003,0.0028868400000005,-1.5410968800000029,-0.8884268399999967,0.99443496,-33.0,35.51756716,-36.80019116000003,99.8,32.06482412,78.15412760000066,57.40951308000049,54.51491596000046,55.47978200000047,174.15827160000148,2156.818143800001,-1.0346578399999995,0.13289584,-0.0093701999999997,2.816869839999998,1.587,3.947046800000004,-8.0,31.0,36.50453736,99.7,31.54334016,108.64597607999966,3.02722259999999,2.522685879999992,2.0181485199999933,6.558982919999979,1949.7077446399996,-0.8851144000000012,0.3534291999999923,-0.0496137599999993,2.0091423600001983,0.441435159999965,1.6103324400000023,11.896037559999971,13.096895800000016,0.5427697599998976,99.7,36.44133184,102.29281919999649,131.3532790399955,102.29281919999649,88.92500759999695,291.18580863999,2209.436953080019,-1.0066826800000002,-0.0042585599999996,0.0294955599999986,0.1934751999999968,2.1393379199999973,4.761,9.67361499999997,-14.0,26.0,99.8,31.95326376,85.57439700000661,51.190054560003695,49.20711416000356,58.1180317600042,155.87948908001127,2187.6690678000123,-0.9974478000000004,-0.0769748399999992,0.0203935199999992,4.983771839999986,1.846519039999996,1.96608415999999,-3.0,15.627206159999968,-94.62720615999996,99.8,30.9162718,127.3229167199936,76.51919091999616,90.94494087999544,45.7860735199977,190.0435654799905,2205.6352938400178,793,G53 G0 Z0.
14:10:11.977,5,793,3.80999,2.26027,0.0,96.77362,57.41094,0.0,,558.8,0,0,,2,0,"{""sr"":{""mpox"":96.77362,""mpoy"":57.41094,""mpoz"":0,""mpoa"":0,""posx"":3.80999,""posy"":2.26027,""posz"":0,""posa"":0,""unit"":0,""stat"":5,""coor"":2,""momo"":0,""dist"":0,""home"":1,""mots"":1,""plan"":0,""line"":793,""path"":2,""frmo"":2,""prbe"":1,""safe"":0,""estp"":0,""spc"":1,""hold"":0,""macs"":5,""cycs"":1,""sps"":0,""feed"":558.8,""mark"":1499779243}}",5.142438279532771,0.187519615234852,0.1959424017368692,0.202449238402865,5.142438279532771,0.187519615234852,0.1959424017368692,0.202449238402865,-1.01993238,-0.0293923599999998,0.01673582,-5.0364346200000005,-7.909392459999999,0.4714507199999997,-13.0,37.25765978,66.27130636000001,99.7,31.26257668,152.92200909999937,3.711699099999984,2.9693598799999874,2.9693598799999874,8.908078639999962,1584.245895320002,-0.9849521,0.0376600399999999,-0.0275925799999998,-1.5772891599999996,-0.6758658399999997,0.9818449400000004,-32.0,35.97352476,-36.47335748,99.8,32.06500204,75.52305144000012,53.17895360000008,50.05077980000008,51.39142558000008,160.87750558000025,1433.0703394800005,-1.03946816,0.0988717800000002,-0.01048336,2.869,1.7638289199999997,4.05797668,-7.0,31.0,37.4780505,99.7,31.53478056,112.74118637999996,3.131699939999998,2.6097494999999986,2.087799939999999,6.29203268,1585.307011940001,-0.9993100799999995,0.10310504,0.0053208199999996,3.469246500000011,1.6543152599999953,1.5076526600000002,9.063306560000022,16.262550700000002,7.601510720000041,99.7,36.50905026,133.3933722199994,172.04713359999923,133.3933722199994,115.9612841999995,380.4742773999984,1579.9799325800009,-1.00624872,-0.00924462,0.0275740799999997,0.6576111199999988,1.86807148,4.716984620000001,9.0,-15.0,25.945127659999997,99.8,31.94860812,22.27955572000074,18.51648770000063,17.765507620000598,21.02247876000072,56.60836540000191,1309.7906104800009,-1.01321632,-0.0882854999999999,0.0371931799999999,5.180276179999999,1.6726015200000013,1.9074657400000008,-3.942406359999995,15.96541458,-93.184359,99.8,30.91942406,149.79039925999913,108.0306517399994,128.91052549999927,64.45526321999962,266.89925693999845,1422.239408620002,793,G53 G0 Z0.
14:10:12.748,3,794,96.77363,57.41094,0.0,96.77363,57.41094,0.0,,0.0,1,0,,1,4,"{""sr"":{""mpox"":96.77363,""mpoy"":57.41094,""mpoz"":0,""mpoa"":0,""posx"":96.77363,""posy"":57.41094,""posz"":0,""posa"":0,""unit"":1,""stat"":3,""coor"":1,""momo"":4,""dist"":0,""home"":1,""mots"":0,""plan"":0,""line"":794,""path"":2,""frmo"":2,""prbe"":1,""safe"":0,""estp"":0,""spc"":0,""hold"":0,""macs"":3,""cycs"":0,""sps"":0,""feed"":0,""mark"":444221348}}",5.115668887732245,0.2018080185246786,0.2006944812738501,0.2019981196248977,5.115668887732245,0.2018080185246786,0.2006944812738501,0.2019981196248977,-0.977135880000002,-0.0260666000000004,0.0101648000000001,-5.304436720000023,-7.696588599999981,0.4447612800000018,-13.721078840000052,37.0,66.72107884000005,99.7,31.26278928,87.88434411999236,2.1225145599998134,1.6980113199998508,1.6980113199998508,5.094034599999552,1305.5086251199752,-0.9932318,0.0438318400000002,-0.0079364800000001,-1.4771993199999978,-0.7351974000000032,0.9257472399999968,-32.0,35.71585919999997,-37.231729039999976,99.8,32.074841400000004,84.08674284000124,63.96782876000095,57.26152428000084,60.8726114400009,188.8082696000028,1203.9866749599896,-1.028903199999999,0.1230835199999999,-0.0059007999999996,2.7097302399999963,1.6974702800000023,3.8487533999999934,-6.505501280000003,32.0,36.69451135999997,99.7,31.54811,107.61171847999933,2.472493879999984,2.472493879999984,1.977995159999987,5.933985199999961,1190.0143511999863,-0.9169680800000072,0.2392290800000001,-0.0100511199999991,5.105610159999976,1.2167494800000338,1.420945559999988,7.837554520000213,10.917229520000276,-3.7405779600003815,99.7,36.54075492,68.03411263999352,93.07734411999114,73.04275887999304,63.44285339999396,209.94575843998,1749.4498488799593,-1.00693,-0.0086426399999997,0.0023510400000009,0.3716548799999989,1.728338559999988,4.867431360000011,9.0,-15.0,26.581593600000065,99.8,31.94030888,88.38129096000719,80.48396772000731,76.71629964000698,91.41616424000831,244.20536872002225,1106.2999230799844,-1.00431936,-0.0762793999999999,0.0295139600000004,5.18638072,1.6212392000000049,2.110858480000004,-3.372333919999937,16.372333919999935,-94.62766608000008,99.8,30.91398884,56.2223789199905,37.23336299999371,46.16937039999219,22.712351919996163,90.84940639998464,1362.5387620799804,794,M30
14:10:13.018,3,794,96.77363,57.41094,0.0,96.77363,57.41094,0.0,,0.0,1,0,,1,4,"{""sr"":{""mpox"":96.77363,""mpoy"":57.41094,""mpoz"":0,""mpoa"":0,""posx"":96.77363,""posy"":57.41094,""posz"":0,""posa"":0,""unit"":1,""stat"":3,""coor"":1,""momo"":4,""dist"":0,""home"":1,""mots"":0,""plan"":0,""line"":794,""path"":2,""frmo"":2,""prbe"":1,""safe"":0,""estp"":0,""spc"":0,""hold"":0,""macs"":3,""cycs"":0,""sps"":0,""feed"":0,""mark"":444221348}}",5.245081204771322,0.2091759923300869,0.2138520488033398,0.1992461080063408,5.245081204771322,0.2091759923300869,0.2138520488033398,0.1992461080063408,-1.0299187199999993,-0.0328952399999997,0.01928172,-5.009270199999996,-7.985147800000005,0.2406559599999904,-13.0,37.0,66.05395007999999,99.7,31.27892096,74.54319175999476,1.783329839999875,1.4266637199998995,1.4266637199998995,3.923326039999724,1888.6060203599775,-0.990498,0.0465914799999999,-0.0124529999999999,-1.4659937200000026,-0.5895728799999882,1.006627640000002,-32.0,35.10608791999998,-37.84901500000005,99.8,32.08,92.32391928000114,70.78152648000076,60.38179324000063,64.94497628000072,201.41425040000212,1879.2637139599856,-1.01866928,0.11839976,-0.0057160000000001,2.893397520000001,1.6044600399999955,3.902441000000002,-6.513901920000002,32.0,37.0,99.7,31.53886048,106.94164491999948,2.4304916399999885,1.9443935599999904,1.9443935599999904,5.347082359999974,2187.0521450799897,-1.0161025999999984,0.4603015600000089,0.0375378000000003,2.116002799999888,1.7981104400000218,1.4412998799999888,3.223933639999862,0.8219399200000019,4.203003159999637,99.7,36.54505764,57.737269559995326,74.10834535999426,58.62303375999548,51.82850815999602,168.221210839987,2038.6547250799715,-1.0080748399999997,-0.0090440799999999,0.0074585200000007,0.2967570399999995,1.8888110399999964,4.795836879999995,9.067566280000005,-15.0,25.56403280000008,99.8,31.95217992,155.03568444000808,117.88427680000616,105.73862396000553,123.59987752000644,335.07712544001754,1418.8667178799724,-1.00623112,-0.0690469200000001,0.0077524000000002,4.94283395999999,1.7524794800000023,2.026395839999997,-3.7407759600000414,16.768779680000044,-94.02800372,99.8,30.92712772,31.835007759994998,21.83802971999641,26.7072816799956,13.367642319997806,49.93263183999176,1511.2798521599716,794,M30
14:10:13.533,3,794,96.77363,57.41094,0.0,96.77363,57.41094,0.0,,0.0,1,0,,1,4,"{""sr"":{""mpox"":96.77363,""mpoy"":57.41094,""mpoz"":0,""mpoa"":0,""posx"":96.77363,""posy"":57.41094,""posz"":0,""posa"":0,""unit"":1,""stat"":3,""coor"":1,""momo"":4,""dist"":0,""home"":1,""mots"":0,""plan"":0,""line"":794,""path"":2,""frmo"":2,""prbe"":1,""safe"":0,""estp"":0,""spc"":0,""hold"":0,""macs"":3,""cycs"":0,""sps"":0,""feed"":0,""mark"":444221348}}",5.29470289565611,0.205187514464149,0.2200144228987632,0.2019882956049808,5.29470289565611,0.205187514464149,0.2200144228987632,0.2019882956049808,-1.01892902,-0.03509306,0.02009178,-5.3270282400000015,-7.7716486,0.4225036200000004,-13.0,37.0,65.78525794000001,99.7,31.2921624,54.12895074000065,1.0450711600000124,0.7838029000000093,0.7838029000000093,2.566152640000027,1160.9382007600002,-0.98911922,0.03840148,-0.0106346799999999,-1.615681519999999,-0.7501567800000004,0.9749662999999998,-32.0,35.45059326,-38.0,99.8,32.075827340000004,89.0038879199999,73.07109357999991,61.53355221999993,67.57702623999992,202.18167203999977,1122.328325040001,-1.00688124,0.10635932,-0.0054986,2.86708,1.5610293600000005,3.90216,-7.0,31.0,37.06295116,99.7,31.53511332,105.01844098000004,1.9192944800000007,1.9192944800000007,1.4394708600000008,4.7982370800000025,1126.661404980001,-0.9558435200000004,0.0992418000000001,-0.0030587599999998,0.8117446200000044,1.3200874199999952,1.6629411400000012,6.950490939999996,14.887704339999974,-15.824018359999934,99.7,36.5574354,37.82563330000051,48.075159640000656,38.55774240000052,34.89719696000048,110.5484645000015,1925.34988366,-1.0038223000000002,-0.0150430199999999,-0.0072002999999999,0.4089417800000015,1.8493506200000007,4.75312932,9.139722440000003,-14.860277559999997,24.28478962000001,99.8,31.92994654,205.63306943999888,204.7727918799989,175.52335423999904,199.6111263999989,555.814155559997,1131.3590497600012,-1.00229846,-0.0757256599999999,0.0175248599999999,5.231061859999999,1.7096687600000002,2.00793146,-4.0,15.904899959999996,-94.09290746,99.8,30.91904872,15.40622714000085,5.325609400000294,6.2766106800003465,3.5187059400001943,10.651218860000588,1176.9934895600006,794,M30
14:10:13.999,3,794,96.77363,57.41094,0.0,96.77363,57.41094,0.0,,0.0,1,0,,1,4,"{""sr"":{""mpox"":96.77363,""mpoy"":57.41094,""mpoz"":0,""mpoa"":0,""posx"":96.77363,""posy"":57.41094,""posz"":0,""posa"":0,""unit"":1,""stat"":3,""coor"":1,""momo"":4,""dist"":0,""home"":1,""mots"":0,""plan"":0,""line"":794,""path"":2,""frmo"":2,""prbe"":1,""safe"":0,""estp"":0,""spc"":0,""hold"":0,""macs"":3,""cycs"":0,""sps"":0,""feed"":0,""mark"":444221348}}",5.1580678560189295,0.195825920033051,0.2035139415419984,0.2183489588985112,5.1580678560189295,0.195825920033051,0.2035139415419984,0.2183489588985112,-0.9922220000000002,-0.03344748,0.01074536,-5.32148729999999,-7.769544140000001,0.4606935999999981,-13.0,37.0,67.0,99.7,31.27564854,117.48801783999744,2.2593852199999507,1.6945387599999628,1.6945387599999628,5.083615899999889,2546.944303179965,-0.99155676,0.0434584999999999,-0.00869754,-1.6508142999999988,-0.7888523800000015,0.8843222400000001,-32.21053558000001,35.0,-38.0,99.8,32.08,83.91594024000048,64.55715932000031,54.77577166000027,59.66646568000029,178.51032794000088,1551.9150651799823,-1.0099408399999998,0.12227332,-0.00891624,2.802241200000001,1.7205179799999972,3.906,-7.0,32.0,36.70552046000001,99.7,31.5389471,109.68255987999974,2.0217980399999957,2.0217980399999957,1.5163487199999963,5.054495719999989,2562.669467219964,-0.9845489600000012,0.2858208199999984,-0.0007034600000005,6.08870319999992,-0.2744266199999955,1.848469600000012,5.375461499999988,-10.891127779999923,10.323422079999586,99.7,36.55507658,87.12801405999795,111.81523357999738,89.5662844599979,81.5794816799981,256.718648519994,4003.8253722999143,-1.00475002,-0.0110551399999999,0.0062499799999999,0.5278067399999962,1.8352339600000005,4.736424679999999,9.0,-14.43757568000002,24.96529574,99.8,31.89562402,76.54559118000351,97.8977824600045,84.20015034000387,95.4805534200044,266.2980827600123,2115.320426759955,-1.00084906,-0.077196,0.0319413800000001,5.132081339999994,1.7564623800000023,1.9792069399999948,-2.9572952199999976,15.772242059999986,-94.2444175599999,99.8,30.91792312,108.7080464199962,33.603110459998845,39.71276701999864,22.60572849999922,67.20622091999769,1699.997572199983,794,M30
14:10:14.513,3,794,96.77363,57.41094,0.0,96.77363,57.41094,0.0,,0.0,1,0,,1,4,"{""sr"":{""mpox"":96.77363,""mpoy"":57.41094,""mpoz"":0,""mpoa"":0,""posx"":96.77363,""posy"":57.41094,""posz"":0,""posa"":0,""unit"":1,""stat"":3,""coor"":1,""momo"":4,""dist"":0,""home"":1,""mots"":0,""plan"":0,""line"":794,""path"":2,""frmo"":2,""prbe"":1,""safe"":0,""estp"":0,""spc"":0,""hold"":0,""macs"":3,""cycs"":0,""sps"":0,""feed"":0,""mark"":444221348}}",5.624839175712035,0.1990888986828598,0.2001034105369212,0.2012372568399304,5.624839175712035,0.1990888986828598,0.2001034105369212,0.2012372568399304,-0.9921737399999998,-0.03225826,0.0129549200000002,-5.242309939999981,-7.9011592200000225,0.4966790000000225,-12.587026899999932,37.490384300000095,66.58702689999993,99.7,31.26509586,85.89838136001417,1.6518920800002723,1.2389186400002044,1.2389186400002044,3.7167569200006128,1143.342931399961,-0.9889363200000002,0.0422399400000002,-0.0002134399999993,-1.4788633,-0.7753624000000009,1.012542059999988,-32.0,35.36718043999993,-37.518888099999984,99.8,32.06,90.845062079997,68.49327185999819,58.11550357999845,63.304387219998326,189.39427389999497,842.6586162800045,-1.0078218800000005,0.1223314799999999,-0.0091396600000002,2.8200358599999915,1.626941380000004,3.915860000000004,-7.0,31.0,36.345222239999934,99.7,31.55,106.51751852000127,1.972546660000024,1.972546660000024,1.4794096600000175,4.438229980000054,946.5562715199763,-1.0362581399999975,0.0441555399999971,0.0044676200000015,2.3685214399997934,1.7035669599999352,1.4114785000000167,8.413961239999923,-1.604179759999597,10.62782340000011,99.7,36.561380060000005,61.08579828001071,79.62842066001421,63.78398992001138,58.09624596001038,182.82035332003264,1950.9418775799547,-1.00411814,-0.0061494600000001,0.0155543000000001,0.2645399399999971,1.7494600600000028,4.795200700000015,9.0,-14.368703860000103,23.368703860000103,99.8,31.87058938,149.61718273997565,155.2988480199747,133.8347795199782,151.51107083997533,422.3371109199312,1248.171685879994,-1.0042888199999993,-0.0748174400000005,0.0246365800000009,4.986391039999971,2.0809590600000534,1.8756713200000137,-3.0,15.67373395999988,-94.32626604000012,99.8,30.92673736,59.31463256001948,19.40744684000632,22.936073080007475,13.055918800004257,38.46203062001253,929.0548500199916,794,M30
14:10:15.027,3,794,96.77363,57.41094,0.0,96.77363,57.41094,0.0,,0.0,1,0,,1,4,"{""sr"":{""mpox"":96.77363,""mpoy"":57.41094,""mpoz"":0,""mpoa"":0,""posx"":96.77363,""posy"":57.41094,""posz"":0,""posa"":0,""unit"":1,""stat"":3,""coor"":1,""momo"":4,""dist"":0,""home"":1,""mots"":0,""plan"":0,""line"":794,""path"":2,""frmo"":2,""prbe"":1,""safe"":0,""estp"":0,""spc"":0,""hold"":0,""macs"":3,""cycs"":0,""sps"":0,""feed"":0,""mark"":444221348}}",4.986096120191053,0.1996269243600745,0.205726930744323,0.2074191234274674,4.986096120191053,0.1996269243600745,0.205726930744323,0.2074191234274674,-0.99630032,-0.0315467599999999,0.01472662,-4.887929239999997,-7.829687459999999,0.4094914400000006,-12.013460219999995,37.0,66.46633738000001,99.7,31.26026922,53.8409379199987,1.0404048599999751,0.7803036599999815,0.7803036599999815,2.3409100399999434,680.1275988799989,-0.9923951,0.0399216799999999,-0.01233686,-1.389514399999999,-0.7977527600000005,0.9480681000000004,-32.0,35.47428901999999,-37.97351486,99.8,32.05474258,89.0095709200002,73.96784016000018,62.39819990000015,68.44587596000018,205.3641130800005,515.0593024799989,-1.00744762,0.1195616199999999,-0.0080671799999999,2.808,1.6753258400000004,4.056982800000002,-6.504974379999994,32.0,37.50497437999999,99.7,31.5447649,102.91744429999989,1.9058788399999975,1.9058788399999975,1.4294093799999985,4.288227139999995,550.6002086799983,-1.0351792999999998,0.3985380600000022,0.00244882,-11.642475500000254,-3.59340512,1.283301220000126,9.05217154000003,4.864410000000238,-2.9954364799999618,99.7,36.55,36.92332269999898,47.550263539998696,38.08873111999895,34.449680979999044,108.976527919997,959.7773182399948,-1.00600556,-0.01006046,-0.0022798199999999,0.1997294399999968,1.7212430600000008,4.920223820000002,9.0,-15.0,24.10970123999998,99.8,31.88859984,191.7724772400021,219.2913979200024,190.0525450800021,215.8515326000024,600.2564537200066,541.7164633400002,-1.005836,-0.07875622,0.03312572,5.240587720000002,1.9367455600000028,1.9055261399999988,-3.96459772,16.0,-94.0,99.8,30.93942232,13.902720219998514,5.08892519999942,5.985219519999319,3.4118726599996125,10.120083759998847,552.8295602799992,794,M30
14:10:15.543,3,794,96.77363,57.41094,0.0,96.77363,57.41094,0.0,,0.0,1,0,,1,4,"{""sr"":{""mpox"":96.77363,""mpoy"":57.41094,""mpoz"":0,""mpoa"":0,""posx"":96.77363,""posy"":57.41094,""posz"":0,""posa"":0,""unit"":1,""stat"":3,""coor"":1,""momo"":4,""dist"":0,""home"":1,""mots"":0,""plan"":0,""line"":794,""path"":2,""frmo"":2,""prbe"":1,""safe"":0,""estp"":0,""spc"":0,""hold"":0,""macs"":3,""cycs"":0,""sps"":0,""feed"":0,""mark"":444221348}}",5.34893683824348,0.1985404698163177,0.2108760048682484,0.2098153398358561,5.34893683824348,0.1985404698163177,0.2108760048682484,0.2098153398358561,-0.9953062399999996,-0.0304305000000002,0.0135970000000002,-4.899075880000025,-7.984478579999916,0.3232035600000146,-13.0,37.36817655999991,66.43029588000022,99.7,31.24736348,75.8094736799815,1.4727059799996374,1.104529419999728,1.104529419999728,3.313588259999184,386.1599158399951,-0.9919625599999998,0.0392017599999999,-0.01032708,-1.5060636599999957,-0.889343240000017,0.9858373999999944,-32.0,35.0,-38.18195014000017,99.8,32.02,86.64155254000312,70.79248822000255,60.22644492000217,66.03776868000239,197.5850043000071,357.8746141599869,-1.0091365,0.1201364999999999,-0.0092229399999995,2.771970139999984,1.6649464999999772,4.037988979999996,-6.486346679999992,31.650102099999923,37.0,99.7,31.55836266,105.67367357999804,1.9453867199999657,1.9453867199999657,1.459040039999974,4.377120379999923,385.0798771800016,-1.0259594399999994,-0.0162663199999927,-0.0041729000000002,3.94313196000035,0.7428030599998736,1.58285652000004,9.782782740000137,8.721250359999699,-6.6704690600011896,99.7,36.55,54.61069449998538,70.41905293998114,56.047817839984994,51.01788553998634,160.9578358199569,528.4313558399796,-1.0058369800000002,-0.0096741400000001,-0.0015834999999992,0.3986694999999862,1.874866440000036,4.888761419999971,9.0,-15.023303539999985,24.0,99.8,31.88673992,138.49641042002767,181.2874161600352,157.5806000400306,179.1956383200348,497.0992691800965,311.65475581999885,-1.0049805,-0.0762807199999998,0.0265799399999996,4.893361279999961,1.962702940000028,1.876679480000008,-3.009720359999994,16.280312539999848,-94.72940808000016,99.8,30.93290044,42.88780801997675,15.136873439991792,17.659685519990422,10.091248799994528,30.554059679983432,312.0147379399907,794,M30
14:10:16.056,3,794,96.77363,57.41094,0.0,96.77363,57.41094,0.0,,0.0,1,0,,1,4,"{""sr"":{""mpox"":96.77363,""mpoy"":57.41094,""mpoz"":0,""mpoa"":0,""posx"":96.77363,""posy"":57.41094,""posz"":0,""posa"":0,""unit"":1,""stat"":3,""coor"":1,""momo"":4,""dist"":0,""home"":1,""mots"":0,""plan"":0,""line"":794,""path"":2,""frmo"":2,""prbe"":1,""safe"":0,""estp"":0,""spc"":0,""hold"":0,""macs"":3,""cycs"":0,""sps"":0,""feed"":0,""mark"":444221348}}",5.038872489749001,0.1970938772011049,0.2063461367598968,0.2047340297479055,5.038872489749001,0.1970938772011049,0.2063461367598968,0.2047340297479055,-0.99708352,-0.0295451600000001,0.0131265199999998,-5.246094839999996,-7.728860640000012,0.5192823199999984,-13.0,37.51282587999997,66.89057295999999,99.7,31.2719322,106.6678286399948,2.0513044799999003,1.5384781199999251,1.5384781199999251,4.615435359999776,334.9331934400048,-0.99335388,0.0382213199999999,-0.0062698000000001,-1.5693231200000015,-0.8011962400000053,0.9946768799999984,-32.0,35.21243936000002,-38.21243936000002,99.8,32.0,78.64901392000083,66.7023284800007,56.746757200000594,62.222321000000655,186.169185320002,221.63812784000004,-1.00926908,0.1213204399999999,-0.0091374800000001,2.833044080000006,1.77,4.010902120000003,-6.727173680000024,32.0,37.49813208,99.7,31.56770944,109.17816847999951,2.0074717199999914,2.0074717199999914,1.5056037999999934,4.51681139999998,295.4659420800021,-1.0302739200000002,-0.0646374799999999,-0.0005288000000001,2.5258657199999885,1.5606443200000022,1.3088590000000062,7.0,-10.0,-5.0,99.7,36.56,78.0004244799959,99.92211287999476,79.52984439999582,72.3925509599962,228.393400439988,318.4025809600067,-1.00240076,-0.0078829600000001,-0.0017404800000001,0.4212072000000005,1.8201911200000047,4.697880320000005,9.0,-15.0,25.0,99.8,31.85435168,102.60977496000793,125.0005828000096,108.59123948000834,123.5526995600095,342.6656900000264,302.408181680008,-1.00306448,-0.0760448799999998,0.02488084,5.041857599999987,1.9056675200000135,2.047529039999992,-3.0,16.0,-95.57111975999987,99.8,30.94440524,72.8337733599941,27.89378551999774,32.02619827999741,18.59585699999849,56.30412223999544,334.91370508000733,794,M30
14:10:16.570,3,794,96.77363,57.41094,0.0,96.77363,57.41094,0.0,,0.0,1,0,,1,4,"{""sr"":{""mpox"":96.77363,""mpoy"":57.41094,""mpoz"":0,""mpoa"":0,""posx"":96.77363,""posy"":57.41094,""posz"":0,""posa"":0,""unit"":1,""stat"":3,""coor"":1,""momo"":4,""dist"":0,""home"":1,""mots"":0,""plan"":0,""line"":794,""path"":2,""frmo"":2,""prbe"":1,""safe"":0,""estp"":0,""spc"":0,""hold"":0,""macs"":3,""cycs"":0,""sps"":0,""feed"":0,""mark"":444221348}}",5.242770157417547,0.2043143035364448,0.2221758899596038,0.2136451026502933,5.242770157417547,0.2043143035364448,0.2221758899596038,0.2136451026502933,-0.9956656,-0.0309047999999997,0.0140042000000001,-4.812944800000014,-8.02800639999998,0.3919728000000069,-13.0,37.04556060000002,67.33465700000006,99.7,31.26,137.81704399998716,2.661370799999752,1.9960279999998136,1.9960279999998136,5.9880837999994405,259.7506022000084,-0.991,0.040162,-0.0093593999999998,-1.526,-0.7807247999999845,0.9706383999999922,-32.53654659999999,35.0,-38.80701899999983,99.8,32.0155216,81.56778720000233,62.10274680000177,52.83368040000151,57.93166700000165,173.33154760000494,280.9833130000001,-1.007,0.1207006000000001,-0.0101549999999997,2.7629516000000103,1.6560993999999865,3.978540000000007,-6.511136599999994,31.416545599999942,37.09459100000005,99.7,31.570946,111.10586879999892,2.0445467999999782,2.0445467999999782,1.5334103999999835,4.600230999999951,270.9120744000029,-1.0303406,-0.0653493999999998,-0.0035077999999999,2.174166200000029,1.3512200000000176,1.3531807999999983,7.674587399999933,-9.325412600000066,-5.0,99.7,36.556746,101.86271139998996,132.219148799987,105.23564859998964,95.79142419999056,302.2151965999703,345.70307639998714,-1.004072,-0.0113461999999998,3.90000000001245e-05,0.3026219999999924,1.6515750000000304,4.693231599999993,9.0,-15.0,24.92802480000001,99.8,31.851829400000003,47.56868500001794,66.0209918000243,57.35414300002109,65.00136260002391,180.47437120006637,216.40511440000927,-1.005,-0.0764134000000002,0.0271729999999995,5.0867436000000055,1.698448200000026,2.0158072,-3.808058199999891,16.0,-95.7784333999999,99.78080579999998,30.9380806,123.77090079998332,42.03540059999433,49.04130059999339,28.80203339999612,85.62766739998847,203.155582400002,794,M30
