{"train/param_type_loss":9.75540667741489,"val/command_acc":1,"val/overall_acc":0,"_wandb":{"runtime":875},"val/param_type_acc":0.2912885662431942,"val/param_value_acc":0.22992700729927007,"_runtime":875,"val/param_type_loss":3.0478616782597134,"val/param_value_loss":4.110869984967368,"val/command_loss":3.6075401710279816e-05,"best_overall_acc":0.13926325247079965,"val/type_acc":0.49236298292902064,"val/loss":34.722427477155414,"_timestamp":1.7636043906032e+09,"_step":12,"epoch":13,"train/command_loss":1.8299829101301999,"best_command_acc":1,"train/type_loss":30.647817353665907,"train/loss":66.5149544320894,"val/type_loss":24.515725462777272,"train/param_value_loss":10.866374315207535}