{"val/overall_acc":0.2722371967654987,"best_command_acc":1,"train/type_loss":23.597615836995487,"val/param_type_loss":2.568730896518433,"val/command_acc":1,"_timestamp":1.76363900686642e+09,"train/loss":47.13904087221227,"train/param_value_loss":7.206141574082423,"_wandb":{"runtime":1830},"val/command_loss":0,"val/param_value_loss":3.8160206948007858,"val/loss":80.71411186874445,"train/param_type_loss":8.16744081932866,"val/param_value_acc":0.12773722627737227,"val/type_acc":0.4977538185085355,"_runtime":1830,"val/type_loss":71.76062935420445,"val/param_type_acc":0.5526315789473685,"train/command_loss":8.037220688522362e-05,"best_overall_acc":0.2722371967654987,"_step":13,"epoch":14}