{"val/type_acc":1,"val/command_acc":1,"train/loss":1.4475476930277027,"best_command_acc":1,"epoch":20,"_wandb":{"runtime":1024},"train/param_type_loss":0.24393400786271455,"val/param_value_loss":1.1253634229302407,"_runtime":1024,"train/param_value_loss":0.9530907657705299,"best_overall_acc":0.5878962536023055,"val/param_value_acc":0.5111111111111111,"val/type_loss":8.603242072240392e-05,"val/param_type_loss":0.1617058840425064,"val/param_type_acc":0.9468085106382979,"val/loss":1.448861340681712,"_timestamp":1.763578153629733e+09,"val/overall_acc":0.5859750240153698,"_step":19,"train/command_loss":7.517792904235524e-07,"val/command_loss":4.172324471104124e-08,"train/type_loss":0.006586654449399839}