{"epoch":20,"train/command_loss":9.321873312084417e-07,"val/param_value_acc":0.4835766423357664,"val/type_acc":1,"train/param_type_loss":0.219322389934103,"_step":19,"_wandb":{"runtime":1202},"val/overall_acc":0.5831087151841868,"val/param_value_loss":1.2073525110525745,"best_overall_acc":0.6424079065588499,"train/type_loss":0.0016617890772298882,"train/param_value_loss":0.9433479377859117,"_timestamp":1.763590330018914e+09,"best_command_acc":1,"val/param_type_loss":0.1703521557601302,"_runtime":1202,"val/command_loss":1.4049653762932783e-07,"val/loss":1.5481526169393744,"val/param_type_acc":0.9464609800362976,"train/loss":1.383657342521048,"val/type_loss":9.537218018554736e-05,"val/command_acc":1}