{"_timestamp":1.76361587450721e+09,"val/param_type_acc":0.2912885662431942,"epoch":16,"val/type_loss":16.645741408211844,"_runtime":911,"train/param_type_loss":9.091256806515641,"val/overall_acc":0.0026954177897574125,"train/type_loss":27.322080655841084,"val/param_type_loss":2.643213098389762,"_step":15,"train/param_value_loss":8.385436300797895,"best_overall_acc":0.2722371967654987,"_wandb":{"runtime":911},"val/loss":32.66669791085379,"train/loss":54.17762595585415,"val/command_acc":1,"val/type_acc":0.49236298292902064,"val/param_value_acc":0.005474452554744526,"train/command_loss":0.14379768131985896,"val/command_loss":0,"val/param_value_loss":10.734530217306954,"best_command_acc":1}