{"train/param_type_loss":8.75528033483818,"val/command_acc":1,"train/loss":50.083611193186904,"train/param_value_loss":7.924674743774343,"val/type_acc":0.4977538185085355,"val/param_type_acc":0.2912885662431942,"train/command_loss":0.6482014793641913,"best_overall_acc":0.2722371967654987,"val/overall_acc":0.13926325247079965,"_wandb":{"runtime":875},"val/loss":31.928863218852452,"val/type_loss":3.4007385807377952,"_timestamp":1.76363281859952e+09,"_step":11,"_runtime":875,"val/param_value_loss":17.763114957724298,"val/param_type_loss":5.382504831041609,"val/command_loss":0,"train/type_loss":21.40736836962334,"epoch":12,"best_command_acc":1,"val/param_value_acc":0.22992700729927007}