{"best_command_acc":1,"train/param_type_loss":11.784565787769557,"train/param_value_loss":12.063364798109493,"val/type_loss":33.175199713025776,"val/param_type_loss":121.33270560673304,"val/param_type_acc":0.5526315789473685,"_step":11,"train/type_loss":60.87768113755402,"val/type_acc":0.4977538185085355,"best_overall_acc":0.2722371967654987,"val/param_value_acc":0.22992700729927007,"val/command_acc":1,"train/loss":102.03006607672832,"_runtime":1658,"epoch":12,"val/overall_acc":0.2722371967654987,"train/command_loss":1.1039776465417448,"val/command_loss":0,"_timestamp":1.763619616260821e+09,"val/param_value_loss":3.2032031646796635,"_wandb":{"runtime":1658},"val/loss":279.04381657327923}