{"val/loss":70.8211650303432,"best_overall_acc":0.2722371967654987,"val/overall_acc":0,"train/param_value_loss":6.169877337790155,"val/type_acc":0.49236298292902064,"val/command_loss":0,"train/command_loss":0.001109989596242077,"val/command_acc":1,"epoch":11,"train/param_type_loss":3.9472393913267108,"_timestamp":1.763640451064639e+09,"_runtime":372,"_wandb":{"runtime":372},"val/param_value_acc":0.020072992700729927,"best_command_acc":1,"val/param_type_loss":1.1532886590276445,"val/type_loss":5.372057219914027,"val/param_value_loss":63.142530713762554,"val/param_type_acc":0.5526315789473685,"train/type_loss":24.026931621192336,"_step":10,"train/loss":38.094617621929615}