{"train/loss":32.73857079401748,"val/overall_acc":0.06289308176100629,"_runtime":1255,"val/param_value_loss":3.1793191415922983,"train/param_value_loss":6.015144014078503,"val/command_acc":1,"val/param_type_acc":0.5526315789473685,"val/param_value_acc":0.12773722627737227,"val/command_loss":3.74657722496912e-08,"_step":13,"val/type_loss":6.105313600812639,"val/type_acc":0.49236298292902064,"val/loss":12.508623225348336,"_wandb":{"runtime":1255},"train/param_type_loss":5.1923328353941285,"best_overall_acc":0.2722371967654987,"epoch":14,"val/param_type_loss":1.6119952638234412,"train/type_loss":16.337119517269,"train/command_loss":0.0016417047113312575,"_timestamp":1.7636454294642088e+09,"best_command_acc":1}