{"val/type_loss":12.028861836024694,"train/loss":22.22687830801134,"best_overall_acc":0.2722371967654987,"train/command_loss":0.0038891655573969693,"train/type_loss":11.117233153442283,"val/param_type_acc":0.5526315789473685,"train/param_type_loss":3.225957113489896,"val/type_acc":0.49236298292902064,"best_command_acc":1,"val/command_acc":1,"val/loss":18.085120609828405,"val/param_value_acc":0.22992700729927007,"val/overall_acc":0,"_timestamp":1.7636334364824178e+09,"_runtime":610,"train/param_value_loss":4.649952606102089,"val/param_value_loss":3.316990348270961,"val/param_type_loss":1.369634278331484,"epoch":17,"val/command_loss":0,"_wandb":{"runtime":610},"_step":16}