{"val/param_type_acc":0.2912885662431942,"val/type_loss":19.765574673243933,"_timestamp":1.763638491467045e+09,"val/overall_acc":0.13926325247079965,"best_overall_acc":0.2722371967654987,"_runtime":450,"val/type_acc":0.4977538185085355,"epoch":11,"best_command_acc":1,"val/param_value_acc":0.22992700729927007,"train/type_loss":20.37994810095081,"train/loss":41.22123094533945,"val/loss":46.6103264944894,"_step":10,"val/command_acc":1,"val/param_type_loss":9.120772443498884,"val/command_loss":0,"train/command_loss":0.029821353326358813,"train/param_value_loss":7.343848749105033,"val/param_value_loss":8.60320726122175,"_wandb":{"runtime":450},"train/param_type_loss":6.718895672201412}