{"_timestamp":1.763622080594922e+09,"_runtime":698,"train/command_loss":0.005137794252839334,"train/loss":31.809014197908855,"val/type_acc":0.4977538185085355,"val/command_acc":1,"val/command_loss":0,"epoch":11,"val/param_type_acc":0.5526315789473685,"val/type_loss":11.027517427716937,"best_overall_acc":0.2722371967654987,"val/param_type_loss":1.4387558222881385,"train/type_loss":18.457325860412286,"val/param_value_acc":0.22992700729927007,"_wandb":{"runtime":698},"val/loss":17.096484102521625,"_step":10,"val/param_value_loss":3.1914551547595433,"train/param_type_loss":3.904548148323176,"train/param_value_loss":5.527178642072355,"val/overall_acc":0.2722371967654987,"best_command_acc":1}