{"train/type_loss":0.00025483205130301677,"val/type_acc":1,"_timestamp":1.763598857622132e+09,"_wandb":{"runtime":4620},"epoch":50,"val/command_acc":1,"val/type_loss":1.1339505414729802e-05,"val/param_value_acc":0.8521897810218978,"best_command_acc":1,"_runtime":4620,"_step":49,"val/param_type_acc":0.9664246823956443,"train/param_type_loss":0.07094568841156723,"val/param_value_loss":0.49125823304774324,"val/overall_acc":0.7556154537286612,"val/command_loss":3.5592405700819136e-07,"best_overall_acc":0.7574123989218329,"train/command_loss":1.7104901024645877e-06,"val/param_type_loss":0.12530552581176346,"val/loss":0.7418823993795806,"train/loss":0.34722124808119675,"train/param_value_loss":0.2050665277321755}