{"train/param_value_loss":8.010935143649421,"train/command_loss":0.0038219545269452073,"val/command_loss":0,"train/loss":46.60103789021991,"train/param_type_loss":9.481716033527597,"train/type_loss":19.60756083967167,"val/param_type_acc":0.5526315789473685,"val/param_value_loss":6.744792117391314,"val/param_type_loss":1.9649613440036773,"_runtime":1154,"best_command_acc":1,"val/type_acc":0.49236298292902064,"val/command_acc":1,"val/type_loss":15.204780929429191,"epoch":11,"_timestamp":1.7636338259358678e+09,"val/overall_acc":0.047619047619047616,"val/param_value_acc":0.1478102189781022,"_wandb":{"runtime":1154},"best_overall_acc":0.2722371967654987,"val/loss":25.879495716094972,"_step":10}