{"train/param_type_loss":8.649952681917963,"_runtime":1447,"val/type_loss":4.568799686431885,"val/command_loss":0,"val/type_acc":0.49236298292902064,"val/param_type_acc":0.5526315789473685,"train/loss":43.091614028787944,"best_overall_acc":0.2722371967654987,"val/overall_acc":0,"train/param_value_loss":7.579898647540784,"val/param_value_loss":6.378307073696384,"train/command_loss":0.05164232591661209,"_timestamp":1.763621029470828e+09,"best_command_acc":1,"_wandb":{"runtime":1447},"val/param_type_loss":1.0710106719817434,"val/command_acc":1,"val/param_value_acc":0.22992700729927007,"train/type_loss":18.056882983302653,"epoch":12,"_step":11,"val/loss":13.089128184318543}