{"val/type_loss":0.7768435652766909,"train/command_loss":1.5259555871829014e-07,"val/type_acc":0.4977538185085355,"val/param_type_loss":1.027819211781025,"_runtime":806,"val/param_value_acc":0.22992700729927007,"best_overall_acc":0.2722371967654987,"best_command_acc":1,"val/param_value_loss":2.666799919945853,"train/loss":4.528716658979273,"_wandb":{"runtime":806},"_step":10,"val/command_acc":1,"train/param_type_loss":0.829280082497344,"val/command_loss":0,"train/type_loss":0.7663973128555898,"_timestamp":1.763599727445954e+09,"train/param_value_loss":2.103758678902656,"val/overall_acc":0.2722371967654987,"epoch":11,"val/loss":5.499281882388251,"val/param_type_acc":0.5526315789473685}