{"train/loss":55.32974295901384,"val/type_acc":0.4977538185085355,"_wandb":{"runtime":886},"best_overall_acc":0.2722371967654987,"_runtime":886,"epoch":13,"val/command_loss":0,"val/overall_acc":0.13926325247079965,"val/loss":98.04845613752093,"best_command_acc":1,"val/param_type_acc":0.2912885662431942,"_timestamp":1.7636213770606022e+09,"val/param_type_loss":38.16644180842808,"_step":12,"train/param_value_loss":8.626499171399523,"val/param_value_loss":5.517830218587603,"val/command_acc":1,"val/param_value_acc":0.08394160583941605,"val/type_loss":16.19774259839739,"train/param_type_loss":10.349626314934698,"train/command_loss":0.7086015063758455,"train/type_loss":25.295389627604244}