{"train/command_loss":2.9100749454540263e-07,"_runtime":2343,"_timestamp":1.763591468725197e+09,"best_command_acc":1,"best_overall_acc":0.36208445642407905,"val/overall_acc":0.2722371967654987,"train/type_loss":0.7448847555170108,"val/param_value_loss":3.010142310815198,"val/loss":6.195462452939578,"val/param_type_acc":0.5526315789473685,"val/param_type_loss":1.2164843512432917,"_wandb":{"runtime":2343},"train/loss":3.813633723853542,"val/command_loss":3.7465767783422574e-08,"val/param_value_acc":0.22992700729927007,"val/type_loss":0.7523512836013522,"_step":15,"val/command_acc":1,"train/param_value_loss":1.747005095999168,"val/type_acc":0.4977538185085355,"train/param_type_loss":0.6608713355536775,"epoch":16}