{"val/overall_acc":0.2722371967654987,"train/command_loss":4.6974017288767355e-06,"train/loss":110.27193545098595,"val/param_value_acc":0.22992700729927007,"_timestamp":1.763613991815794e+09,"train/type_loss":60.36687954304054,"val/command_acc":1,"best_command_acc":1,"_wandb":{"runtime":1561},"_step":10,"val/loss":69.1828382219587,"val/param_type_acc":0.5526315789473685,"val/param_value_loss":5.908621426352433,"train/param_type_loss":18.693221002958534,"best_overall_acc":0.2722371967654987,"epoch":11,"train/param_value_loss":12.518604492552189,"val/param_type_loss":8.920736118725365,"_runtime":1561,"val/type_acc":0.4977538185085355,"val/command_loss":0,"val/type_loss":45.43274473462786}