{"val/command_loss":0,"_timestamp":1.763605798888448e+09,"train/command_loss":0.06439054673839753,"train/param_value_loss":4.952042602409016,"val/loss":17.6127813066755,"_step":11,"best_command_acc":1,"val/type_acc":0.49236298292902064,"train/loss":26.76136832670732,"val/type_loss":10.863127163478307,"val/param_type_acc":0.5526315789473685,"val/param_value_acc":0.22992700729927007,"train/type_loss":12.4171028737898,"epoch":12,"val/command_acc":1,"train/param_type_loss":4.535135049573046,"val/param_type_loss":1.6178787350654602,"val/overall_acc":0,"_runtime":501,"val/param_value_loss":3.513896530015128,"_wandb":{"runtime":501},"best_overall_acc":0.2722371967654987}