{"_runtime":2109,"val/command_acc":1,"val/type_acc":0.4977538185085355,"_timestamp":1.763614949632687e+09,"train/param_value_loss":8.425378702365801,"val/overall_acc":0.2722371967654987,"_wandb":{"runtime":2109},"val/type_loss":42.75340523038533,"val/param_type_acc":0.5526315789473685,"train/command_loss":0.1262422787436734,"train/param_type_loss":8.858820179144347,"train/loss":47.420435083245955,"val/param_value_acc":0.22992700729927007,"val/command_loss":2.809882945647197e-06,"best_overall_acc":0.2722371967654987,"val/loss":99.60802494751988,"epoch":15,"train/type_loss":21.024931438116393,"_step":14,"val/param_type_loss":4.191003415102439,"best_command_acc":1,"val/param_value_loss":48.472607367379325}