{"val/command_loss":0,"train/param_value_loss":8.499976376169064,"val/param_type_loss":5.706945782799656,"_timestamp":1.7636054905336661e+09,"val/loss":37.914046955108645,"best_overall_acc":0.2722371967654987,"train/type_loss":23.469472721044667,"val/command_acc":1,"val/param_value_loss":5.033564939562764,"val/type_loss":21.46659049987793,"_runtime":1166,"val/param_value_acc":0.22992700729927007,"_step":13,"train/loss":47.52180822742001,"epoch":14,"_wandb":{"runtime":1166},"val/type_acc":0.4977538185085355,"best_command_acc":1,"val/overall_acc":0.2722371967654987,"train/param_type_loss":7.770350904311849,"train/command_loss":0.003885781901912875,"val/param_type_acc":0.5526315789473685}