{"best_command_acc":1,"val/param_value_loss":5.354780912399292,"val/command_loss":0,"train/param_type_loss":10.711630351421876,"epoch":11,"val/loss":71.43494475228447,"best_overall_acc":0.2722371967654987,"train/command_loss":0.00033541610866646385,"train/param_value_loss":11.795499295642147,"val/param_type_acc":0.5526315789473685,"_runtime":827,"val/param_value_acc":0.1478102189781022,"val/command_acc":1,"_wandb":{"runtime":827},"val/type_loss":53.83599831717355,"_step":10,"train/loss":70.05283935947443,"val/param_type_loss":6.1220827583223585,"_timestamp":1.763629857987684e+09,"train/type_loss":36.83240207312786,"val/overall_acc":0.009883198562443846,"val/type_acc":0.009883198562443846}