{"val/param_value_loss":22.614090429033553,"epoch":13,"val/loss":45.66385187421526,"val/param_value_acc":0.11496350364963503,"val/param_type_loss":5.33597479365687,"best_command_acc":1,"val/type_acc":0.49236298292902064,"train/command_loss":0.0004697509653217961,"_runtime":1065,"train/param_value_loss":10.306588289365463,"train/param_type_loss":12.272393590126438,"best_overall_acc":0.2722371967654987,"val/overall_acc":0.03504043126684636,"val/type_loss":12.37781195640564,"val/command_loss":0,"_step":12,"val/param_type_acc":0.5526315789473685,"train/loss":77.28068686322212,"_timestamp":1.763642731239232e+09,"val/command_acc":1,"train/type_loss":42.42696255290462,"_wandb":{"runtime":1065}}