{"train/type_loss":7.66312624881794,"val/overall_acc":0.2722371967654987,"train/loss":18.829339823784768,"best_command_acc":1,"best_overall_acc":0.2722371967654987,"val/command_acc":1,"val/type_loss":28.957572773524692,"val/param_value_acc":0.22992700729927007,"train/param_type_loss":3.7705036425938854,"val/type_acc":0.4977538185085355,"train/param_value_loss":3.624408571286635,"_timestamp":1.763606669767297e+09,"_wandb":{"runtime":1066},"_step":12,"val/param_type_loss":12.56720209462302,"val/loss":57.24013137817383,"val/param_value_loss":3.1481545891080582,"val/param_type_acc":0.5526315789473685,"train/command_loss":0.0007977573637347192,"val/command_loss":0,"_runtime":1066,"epoch":13}