{"val/command_loss":0,"train/param_value_loss":4.472478511080785,"train/type_loss":20.244996947801933,"val/command_acc":1,"_step":10,"best_overall_acc":0.2722371967654987,"best_command_acc":1,"val/type_loss":2.4186971851757595,"_runtime":869,"train/param_type_loss":3.7280583315707383,"val/param_type_loss":1.0979958419288909,"val/param_value_loss":3.3393712554659163,"val/loss":7.954060087885176,"val/param_value_acc":0.22992700729927007,"_timestamp":1.7636108148050508e+09,"epoch":11,"val/param_type_acc":0.5526315789473685,"_wandb":{"runtime":869},"train/command_loss":0.4124185033149218,"val/overall_acc":0,"val/type_acc":0.49236298292902064,"train/loss":32.586010657609364}