{"val/param_type_acc":0.5526315789473685,"train/param_value_loss":9.181900936179165,"val/command_loss":0,"_timestamp":1.7636052914281018e+09,"best_overall_acc":0.2722371967654987,"train/command_loss":0.2577119528885114,"_step":10,"val/param_value_loss":4.11277152129582,"val/type_loss":4.843904100145612,"epoch":11,"train/param_type_loss":9.36526611754346,"val/type_acc":0.4977538185085355,"train/loss":51.227200882022494,"train/type_loss":22.026207967061836,"val/param_type_loss":2.3828028949376727,"val/loss":13.722281435557774,"_wandb":{"runtime":896},"best_command_acc":1,"val/overall_acc":0.2722371967654987,"val/param_value_acc":0.22992700729927007,"_runtime":896,"val/command_acc":1}