{"_wandb":{"runtime":512},"_runtime":512,"val/command_loss":0,"_step":11,"train/command_loss":1.5235112374819677,"val/param_value_acc":0.12773722627737227,"train/param_value_loss":4.882045452316086,"train/loss":31.886394240639426,"val/command_acc":1,"val/loss":45.04760802132743,"val/type_loss":19.078232084001815,"best_overall_acc":0.2722371967654987,"train/param_type_loss":2.6669483846754996,"val/type_acc":0.4977538185085355,"_timestamp":1.7636128348191712e+09,"val/param_type_loss":10.69488342830113,"val/overall_acc":0.2722371967654987,"best_command_acc":1,"epoch":12,"val/param_value_loss":4.579609070505414,"val/param_type_acc":0.5526315789473685,"train/type_loss":14.052895764561443}