{"train/param_type_loss":4.709431120350522,"best_command_acc":1,"val/command_loss":2.435266053778053e-06,"val/param_value_acc":0.020072992700729927,"epoch":12,"val/command_acc":1,"_timestamp":1.763607560673252e+09,"train/loss":32.22940412744299,"val/type_loss":16.101022447858536,"val/overall_acc":0.2722371967654987,"val/loss":178.90991690499442,"_runtime":464,"best_overall_acc":0.2722371967654987,"val/type_acc":0.4977538185085355,"train/param_value_loss":5.0661667648848,"train/type_loss":15.81058497320522,"val/param_value_loss":155.95946306501116,"_step":11,"val/param_type_loss":3.4247143592153275,"val/param_type_acc":0.5526315789473685,"train/command_loss":1.9337900447084402,"_wandb":{"runtime":464}}