{"_runtime":1209,"best_command_acc":1,"train/param_type_loss":12.366314633045098,"val/param_value_loss":5.531307915278844,"val/param_type_loss":3.379378589562007,"val/param_value_acc":0.02737226277372263,"train/type_loss":28.955219263683215,"train/loss":66.62218546836367,"train/command_loss":1.3252796003884688,"best_overall_acc":0.2722371967654987,"train/param_value_loss":10.28377797588496,"val/command_acc":1,"val/loss":53.63431401933943,"val/param_type_acc":0.12159709618874773,"val/overall_acc":0.009883198562443846,"epoch":17,"val/type_acc":0.009883198562443846,"val/type_loss":41.3442489351545,"_step":16,"_timestamp":1.76360949207796e+09,"val/command_loss":0,"_wandb":{"runtime":1209}}