{"train/type_loss":21.04681147129235,"val/command_loss":5.6198656141402484e-08,"_timestamp":1.763644251788754e+09,"val/param_type_acc":0.5526315789473685,"epoch":11,"_runtime":948,"train/param_type_loss":8.5666199903809,"_wandb":{"runtime":948},"val/command_acc":1,"val/overall_acc":0,"best_command_acc":1,"val/type_acc":0.49236298292902064,"train/command_loss":0.00010145814294276319,"val/type_loss":31.060268592834472,"train/loss":43.632814865273524,"val/param_value_loss":4.859625155585153,"best_overall_acc":0.2722371967654987,"val/param_type_loss":5.728956639106868,"val/param_value_acc":0.010948905109489052,"val/loss":47.37780729021345,"train/param_value_loss":5.452458793244122,"_step":10}