{"val/param_value_loss":3.388789590767452,"val/param_type_loss":2.8247392578981816,"best_command_acc":1,"_timestamp":1.76360709037423e+09,"best_overall_acc":0.2722371967654987,"train/param_type_loss":4.117145812833762,"train/loss":31.993816044612732,"val/overall_acc":0.06289308176100629,"train/command_loss":0.0002769572305348788,"val/loss":13.435161372593472,"val/param_value_acc":0.12773722627737227,"train/param_value_loss":5.9926110609871746,"val/command_acc":1,"_wandb":{"runtime":1175},"epoch":11,"val/type_loss":4.396893279893058,"val/type_acc":0.49236298292902064,"val/param_type_acc":0.5526315789473685,"_runtime":1175,"_step":10,"train/type_loss":17.766082524245665,"val/command_loss":0}