{"val/param_type_loss":1.772977011544364,"train/param_type_loss":5.940223485563879,"train/param_value_loss":5.154971209397087,"best_overall_acc":0.2722371967654987,"epoch":12,"val/type_loss":2.143828732626779,"train/command_loss":0.07829766718530554,"best_command_acc":1,"val/overall_acc":0,"val/param_value_acc":0.22992700729927007,"val/command_loss":0,"train/loss":29.958541912902316,"_wandb":{"runtime":1211},"val/param_value_loss":7.501632868338908,"train/type_loss":12.844826007422862,"_timestamp":1.763608749530095e+09,"_step":11,"val/loss":13.19141562325614,"val/type_acc":0.49236298292902064,"_runtime":1211,"val/command_acc":1,"val/param_type_acc":0.12159709618874773}