{"best_overall_acc":0.2722371967654987,"_timestamp":1.763608268170975e+09,"_step":10,"_wandb":{"runtime":700},"_runtime":700,"val/param_type_acc":0.2912885662431942,"train/param_type_loss":11.742884399102294,"val/param_value_loss":26.146195316314696,"train/command_loss":0.0008068963727828526,"val/param_type_loss":44.35609152657645,"val/overall_acc":0,"train/type_loss":38.60698782406844,"val/loss":121.43031289236886,"val/param_value_acc":0.22992700729927007,"val/command_acc":1,"val/type_acc":0.49236298292902064,"val/command_loss":0,"train/loss":70.65072905305144,"epoch":11,"best_command_acc":1,"train/param_value_loss":8.557165758021466,"val/type_loss":6.571934863499233}