{"train/command_loss":0.000598494022820672,"train/param_value_loss":6.377842691057253,"val/param_value_acc":0.22992700729927007,"epoch":11,"val/param_value_loss":4.204969335453851,"val/loss":21.05539197921753,"val/command_acc":1,"val/command_loss":0,"val/param_type_acc":0.2912885662431942,"val/param_type_loss":4.447267416545323,"_runtime":1060,"best_command_acc":1,"_step":10,"val/overall_acc":0,"best_overall_acc":0.2722371967654987,"train/type_loss":30.266818321805317,"val/type_acc":0.49236298292902064,"train/param_type_loss":8.229136692885131,"val/type_loss":7.955887804712568,"_timestamp":1.7636162609129431e+09,"train/loss":53.105926923541006,"_wandb":{"runtime":1060}}