{"_wandb":{"runtime":1063},"_timestamp":1.763641648328192e+09,"train/param_type_loss":8.420386576150696,"epoch":12,"val/param_value_loss":31.090191432407924,"train/param_value_loss":7.001278128030483,"best_overall_acc":0.2722371967654987,"val/param_type_loss":9.42715050492968,"_step":11,"best_command_acc":1,"val/command_loss":4.156278196855315e-05,"val/type_acc":0,"val/type_loss":19.46199438912528,"val/loss":69.40656972612653,"train/command_loss":0.19451858018512574,"train/loss":47.80636878596481,"val/command_acc":1,"val/param_type_acc":0.12159709618874773,"val/overall_acc":0,"val/param_value_acc":0.08394160583941605,"train/type_loss":23.575280434986084,"_runtime":1063}