{"val/overall_acc":0,"epoch":11,"val/param_type_acc":0.5526315789473685,"train/loss":54.999068795317015,"_step":10,"val/param_value_loss":2.8692840618746622,"val/param_type_loss":1.4791242599487304,"train/param_value_loss":7.549783425412888,"_runtime":897,"val/command_acc":1,"val/type_loss":7.349524075644357,"val/param_value_acc":0.22992700729927007,"train/type_loss":27.732305343501434,"_wandb":{"runtime":897},"train/command_loss":0.11916441476860815,"val/command_loss":1.4986303540354128e-07,"val/loss":13.177056803022111,"best_overall_acc":0.2722371967654987,"val/type_acc":0.49236298292902064,"train/param_type_loss":9.798907789934965,"best_command_acc":1,"_timestamp":1.763634731558224e+09}