{"best_command_acc":1,"_timestamp":1.763610919850517e+09,"val/param_type_loss":1.2201442284243447,"val/type_acc":0.49236298292902064,"train/loss":104.51164998852502,"best_overall_acc":0.2722371967654987,"val/param_value_acc":0.03832116788321168,"_runtime":1418,"val/command_loss":9.366443620706377e-09,"train/command_loss":3.103975022712173e-07,"epoch":11,"train/type_loss":63.96642661203249,"_step":10,"train/param_type_loss":13.32670489606171,"train/param_value_loss":13.891812764472036,"val/param_value_loss":30.995500223977224,"val/command_acc":1,"val/overall_acc":0.009883198562443846,"val/loss":69.02970294952392,"_wandb":{"runtime":1418},"val/type_loss":35.59391456331525,"val/param_type_acc":0.2912885662431942}