{
  "type": 36.93766984997726,
  "command": 80.73170729284364,
  "param_type": 34.33604385552368,
  "param_value": 83.414633138393,
  "overall": 15.90785955268193
}