{"best_command_acc":1,"best_overall_acc":0.2722371967654987,"val/overall_acc":0,"train/param_value_loss":6.541896822235801,"val/command_loss":0,"train/loss":62.96362194024123,"_runtime":677,"train/type_loss":33.827437463673675,"_timestamp":1.763615191282599e+09,"_step":10,"_wandb":{"runtime":677},"epoch":11,"val/type_acc":0.49236298292902064,"val/loss":8.525470733642578,"train/param_type_loss":10.120513258409964,"val/type_loss":2.4360386984688893,"val/param_type_acc":0.5526315789473685,"val/param_value_loss":3.6880251203264507,"train/command_loss":0.7844202618320267,"val/param_value_acc":0.22992700729927007,"val/param_type_loss":1.2007034999983652,"val/command_acc":1}