{"val/param_type_acc":0.5526315789473685,"train/type_loss":85.53005799921624,"val/type_loss":167.55547191074916,"val/param_value_acc":0.22992700729927007,"val/command_loss":0,"_runtime":1502,"val/command_acc":1,"val/param_value_loss":3.2116905957460404,"epoch":12,"_wandb":{"runtime":1502},"train/loss":135.06658938586304,"_step":11,"val/overall_acc":0.2722371967654987,"best_overall_acc":0.2722371967654987,"val/type_acc":0.4977538185085355,"_timestamp":1.763638032873041e+09,"train/param_value_loss":13.847851789982393,"val/loss":177.3714354484209,"val/param_type_loss":3.302136222485985,"train/param_type_loss":17.546895790283724,"train/command_loss":0.19829603664426054,"best_command_acc":1}