{"val/loss":1.7052588190351214,"val/type_loss":0.0024398512988617377,"val/command_acc":1,"val/overall_acc":0.5669362084456424,"train/command_loss":3.3711203977491363e-06,"val/param_type_acc":0.9509981851179673,"best_overall_acc":0.5633423180592992,"val/type_acc":1,"val/param_value_loss":1.3954852734293257,"_runtime":123,"val/param_value_acc":0.4215328467153285,"_timestamp":1.763587352685657e+09,"train/param_type_loss":0.21164803700453608,"best_command_acc":1,"train/param_value_loss":1.1711613565248296,"train/loss":1.6072032830140885,"val/param_type_loss":0.15366585882646697,"epoch":5,"val/command_loss":7.118489715399586e-07,"train/type_loss":0.012736455477996086,"_wandb":{"runtime":123},"_step":4}