{"val/type_loss":0.0023285354323629042,"_timestamp":1.7635863907968729e+09,"_wandb":{"runtime":243},"best_command_acc":1,"val/param_type_acc":0.9509981851179673,"train/param_type_loss":0.24409077899772014,"train/loss":1.4724231089913677,"_step":2,"val/param_value_acc":0.4233576642335766,"val/overall_acc":0.5678346810422282,"train/type_loss":0.010249847510870823,"val/loss":1.725536505665098,"val/command_acc":1,"val/type_acc":1,"train/param_value_loss":0.9739769952514761,"val/command_loss":1.1239692997021067e-06,"train/command_loss":4.902516284902108e-06,"epoch":3,"val/param_value_loss":1.397640642949513,"_runtime":243,"val/param_type_loss":0.16278197994189603,"best_overall_acc":0.5678346810422282}