{"train/type_loss":0.004721725464367073,"_step":9,"_runtime":566,"best_overall_acc":0.5854341736694678,"val/command_loss":1.5326907742974072e-08,"val/command_acc":1,"train/param_value_loss":0.9356349044440625,"epoch":10,"best_command_acc":1,"train/command_loss":5.023657025014783e-05,"train/loss":1.4490492774639279,"val/overall_acc":0.5732959850606909,"val/loss":1.5134589327233179,"train/param_type_loss":0.25427096910910524,"val/param_value_acc":0.5491329479768786,"val/param_type_acc":0.944392082940622,"_wandb":{"runtime":566},"val/param_value_loss":1.1820220240524837,"val/type_loss":0.0001332797456143453,"val/type_acc":1,"_timestamp":1.7635788342332642e+09,"val/param_type_loss":0.1656517956405878}