{"_step":12,"epoch":13,"val/param_value_loss":4.968714307035719,"val/command_acc":1,"_wandb":{"runtime":1047},"val/type_loss":4.541621446609497,"val/param_type_loss":147.90684980664935,"train/type_loss":47.58162805376034,"best_command_acc":1,"train/loss":80.00750515953928,"val/param_value_acc":0.12773722627737227,"_timestamp":1.763641656849482e+09,"val/type_acc":0.49236298292902064,"val/command_loss":0,"train/param_type_loss":9.737387081447839,"train/command_loss":1.5271699237238354,"train/param_value_loss":11.423933104438937,"val/param_type_acc":0.5526315789473685,"val/overall_acc":0.06289308176100629,"best_overall_acc":0.2722371967654987,"_runtime":1047,"val/loss":305.3240337167467}