{"best_command_acc":1,"val/command_acc":1,"train/loss":64.15234286391379,"train/command_loss":0.08817516616117654,"val/type_acc":0.4977538185085355,"val/param_value_loss":3.9253796798842293,"train/type_loss":30.806151130652086,"val/overall_acc":0.13926325247079965,"val/command_loss":0,"val/param_value_acc":0.12773722627737227,"val/loss":42.57727898189,"_wandb":{"runtime":804},"_step":10,"best_overall_acc":0.2722371967654987,"train/param_type_loss":11.157781262404542,"_runtime":804,"_timestamp":1.763639306286054e+09,"val/type_loss":33.05767585209438,"val/param_type_loss":2.7971117292131695,"epoch":11,"val/param_type_acc":0.2912885662431942,"train/param_value_loss":10.589753304335673}