{"val/type_acc":0.4977538185085355,"train/param_type_loss":16.328184092675606,"best_overall_acc":0.2722371967654987,"val/loss":122.91093853541783,"val/param_type_acc":0.2912885662431942,"_timestamp":1.763607528695467e+09,"val/type_loss":115.58670648847307,"val/param_value_loss":2.869508911882128,"val/param_value_acc":0.12773722627737227,"train/param_value_loss":9.022403662203192,"_step":11,"_runtime":848,"val/command_loss":0,"val/command_acc":1,"_wandb":{"runtime":848},"train/command_loss":0,"val/param_type_loss":2.2273614219256808,"val/overall_acc":0.13926325247079965,"epoch":12,"train/loss":102.23377357874797,"best_command_acc":1,"train/type_loss":60.55500136248002}