{"_runtime":983,"val/param_type_acc":0.5526315789473685,"val/command_loss":0,"_step":10,"val/type_acc":0.4977538185085355,"val/param_value_acc":0.22992700729927007,"train/type_loss":0.7564157622932379,"val/param_value_loss":2.777525934576988,"val/param_type_loss":1.1274625523814132,"train/command_loss":6.52270491920768e-08,"best_command_acc":1,"val/loss":5.782796265397753,"_wandb":{"runtime":983},"val/overall_acc":0.2722371967654987,"val/type_loss":0.7503452343600137,"val/command_acc":1,"best_overall_acc":0.2722371967654987,"epoch":11,"_timestamp":1.763588856601577e+09,"train/loss":4.180390598445103,"train/param_type_loss":0.7414339295671447,"train/param_value_loss":1.9411067877330792}