{"val/overall_acc":0.2722371967654987,"val/param_type_loss":2.1046249521896243,"val/param_value_acc":0.22992700729927007,"train/param_type_loss":4.084299681676463,"_step":14,"_timestamp":1.763609937881388e+09,"val/command_acc":1,"val/type_acc":0.4977538185085355,"best_command_acc":1,"train/param_value_loss":5.418000556715681,"best_overall_acc":0.2722371967654987,"val/param_value_loss":7.334316955287275,"val/type_loss":6.188343436377389,"train/command_loss":2.1426126334255415,"_runtime":1180,"epoch":15,"val/param_type_acc":0.5526315789473685,"train/type_loss":9.306627041906905,"val/command_loss":0,"train/loss":29.321065286950315,"_wandb":{"runtime":1180},"val/loss":17.731910351344517}