{"_step":14,"val/command_acc":1,"val/command_loss":0,"train/param_value_loss":7.719635012000678,"_timestamp":1.763640070772326e+09,"_runtime":1056,"val/param_type_loss":1.3490916950362069,"val/type_loss":25.087489237104144,"best_command_acc":1,"val/param_value_acc":0.12773722627737227,"val/param_type_acc":0.5526315789473685,"val/param_value_loss":5.971522290366036,"val/overall_acc":0.06289308176100629,"best_overall_acc":0.2722371967654987,"train/type_loss":29.71714403322366,"train/command_loss":0.0012560985735808284,"_wandb":{"runtime":1056},"train/param_type_loss":7.126339129865096,"val/loss":33.757195009504045,"epoch":15,"train/loss":51.6957377026388,"val/type_acc":0.49236298292902064}