{"best_command_acc":1,"_step":4,"val/param_type_acc":0.9509981851179673,"_runtime":294,"train/param_value_loss":1.031164734722424,"val/type_loss":0.0022507651995121187,"train/param_type_loss":0.23554362844002416,"val/command_acc":1,"best_overall_acc":0.577717879604672,"train/loss":1.512013153268705,"val/type_acc":1,"val/param_value_acc":0.43613138686131386,"val/command_loss":4.1212300792332305e-07,"train/command_loss":4.513181532112727e-06,"val/overall_acc":0.564240790655885,"_wandb":{"runtime":294},"val/param_type_loss":0.1625819562535201,"epoch":5,"train/type_loss":0.009747625621814875,"_timestamp":1.763581312472827e+09,"val/loss":1.6805691310337612,"val/param_value_loss":1.3531532202448164}