{"val/command_acc":1,"val/param_value_acc":0.12773722627737227,"val/overall_acc":0.2722371967654987,"train/type_loss":13.613529075571712,"_runtime":644,"val/param_value_loss":4.784444929020745,"_wandb":{"runtime":644},"train/param_type_loss":5.733056045278407,"val/type_loss":5.313010142530714,"val/param_type_loss":2.716394733304956,"val/type_acc":0.4977538185085355,"epoch":11,"best_command_acc":1,"val/loss":15.530244473048619,"best_overall_acc":0.2722371967654987,"val/param_type_acc":0.5526315789473685,"_timestamp":1.7636340875695229e+09,"_step":10,"val/command_loss":0,"train/loss":29.450914245588105,"train/param_value_loss":4.37055832873279,"train/command_loss":0.0003574140883676314}