{"val/overall_acc":0.047619047619047616,"val/param_type_loss":4.769065662792751,"val/type_acc":0.49236298292902064,"val/type_loss":24.597929327828542,"train/loss":46.68886864835566,"_timestamp":1.7636447095251951e+09,"train/command_loss":2.4072364977702363,"val/command_loss":0,"val/command_acc":1,"val/param_value_loss":5.06881320135934,"epoch":12,"train/type_loss":21.604191367966788,"_wandb":{"runtime":624},"val/param_type_acc":0.5526315789473685,"_step":11,"best_overall_acc":0.2722371967654987,"best_command_acc":1,"train/param_value_loss":5.818036096746272,"train/param_type_loss":7.226084214971437,"val/param_value_acc":0.1478102189781022,"_runtime":624,"val/loss":39.204874420166014}