{"val/type_loss":19.580602509634836,"val/param_value_acc":0.12773722627737227,"train/command_loss":8.561410303677418e-05,"train/type_loss":34.97193378031796,"train/param_type_loss":10.583336359107612,"val/loss":48.403478022984096,"val/command_acc":1,"val/type_acc":0.009883198562443846,"val/param_type_loss":4.050608328410557,"train/param_value_loss":9.880434579822696,"_wandb":{"runtime":814},"val/command_loss":0,"train/loss":66.01929803291439,"val/param_value_loss":20.72165879522051,"best_command_acc":1,"best_overall_acc":0.2722371967654987,"epoch":12,"val/param_type_acc":0.2912885662431942,"_runtime":814,"val/overall_acc":0.009883198562443846,"_step":11,"_timestamp":1.763644075544947e+09}