{"val/param_value_loss":0.44408407621584567,"val/param_type_loss":0.1600679504236853,"val/command_acc":1,"val/type_loss":2.45396228332798e-05,"_runtime":3538,"epoch":50,"best_overall_acc":0.7825696316262354,"_step":49,"_wandb":{"runtime":3538},"train/param_value_loss":0.05592869362587134,"train/loss":0.11799066761934959,"val/type_acc":1,"val/command_loss":0,"train/command_loss":5.508019146759955e-09,"val/overall_acc":0.7771787960467206,"train/param_type_loss":0.031004123411628334,"best_command_acc":1,"val/param_value_acc":0.8978102189781022,"val/param_type_acc":0.969147005444646,"val/loss":0.764244516200519,"_timestamp":1.763598914148976e+09,"train/type_loss":5.3715618309904575e-05}