{"train/param_type_loss":4.891525392660073,"val/param_type_acc":0.5526315789473685,"best_command_acc":1,"train/type_loss":16.6205691136323,"_timestamp":1.7636432945927649e+09,"train/param_value_loss":5.877691113639187,"val/param_type_loss":1.7662032433918544,"val/param_value_loss":3.4553151369094848,"best_overall_acc":0.2722371967654987,"val/type_acc":0.4977538185085355,"train/command_loss":0.0006001531302013949,"_step":16,"val/param_value_acc":0.12773722627737227,"val/command_acc":1,"_wandb":{"runtime":655},"val/type_loss":5.0698730060032435,"train/loss":32.284311777585515,"_runtime":655,"val/overall_acc":0.2722371967654987,"val/loss":12.05759461266654,"epoch":17,"val/command_loss":0}