{"val/type_loss":26.75698686327253,"val/command_loss":0,"_step":11,"train/param_type_loss":4.894379755746283,"val/loss":32.301345634460446,"_runtime":973,"train/loss":39.0709088388128,"val/command_acc":1,"val/param_type_loss":1.2238538682460784,"val/param_value_loss":3.0966511726379395,"_wandb":{"runtime":973},"epoch":12,"train/type_loss":22.790047936616237,"best_overall_acc":0.2722371967654987,"val/overall_acc":0.13926325247079965,"val/param_value_acc":0.22992700729927007,"val/type_acc":0.4977538185085355,"train/command_loss":3.5972446559342527e-06,"_timestamp":1.763642629592993e+09,"val/param_type_acc":0.2912885662431942,"best_command_acc":1,"train/param_value_loss":6.492083352780931}