{"val/loss":15.35594287599836,"val/type_acc":0.49236298292902064,"train/param_type_loss":6.092856197538736,"best_overall_acc":0.2722371967654987,"val/param_value_acc":0.12773722627737227,"val/param_type_loss":1.3612351123775754,"train/command_loss":7.070485965851715e-05,"val/param_type_acc":0.5526315789473685,"train/param_value_loss":5.530707407292518,"val/param_value_loss":3.9860017504010883,"_step":11,"best_command_acc":1,"val/command_loss":1.685959058964467e-07,"_runtime":858,"_wandb":{"runtime":858},"train/type_loss":23.59311347013952,"epoch":12,"val/command_acc":1,"train/loss":41.30988675906227,"val/overall_acc":0.06289308176100629,"_timestamp":1.7636204829738612e+09,"val/type_loss":8.647470004217965}