{"val/command_loss":6.5562376611134306e-06,"val/param_type_acc":0.5526315789473685,"_runtime":2203,"train/loss":67.39889495253398,"val/loss":95.81087592329298,"train/param_type_loss":11.573609347803044,"val/param_value_acc":0.22992700729927007,"train/param_value_loss":11.535356362702377,"val/type_loss":16.110125252178737,"_timestamp":1.76363266711275e+09,"val/type_acc":0.4977538185085355,"_step":14,"val/param_value_loss":4.791361336622919,"val/command_acc":1,"train/command_loss":0.06019020387403699,"best_overall_acc":0.2722371967654987,"val/param_type_loss":37.45468807220459,"train/type_loss":32.595939490961115,"_wandb":{"runtime":2203},"epoch":15,"val/overall_acc":0.2722371967654987,"best_command_acc":1}