{"train/type_loss":52.16460041612774,"val/loss":76.23389761788505,"val/command_acc":1,"val/param_value_acc":0.22992700729927007,"best_overall_acc":0.2722371967654987,"val/type_acc":0.4977538185085355,"best_command_acc":1,"val/overall_acc":0.2722371967654987,"_wandb":{"runtime":509},"train/param_type_loss":15.639520860879452,"train/param_value_loss":10.720276893114114,"_timestamp":1.763614509041406e+09,"_step":10,"val/param_value_loss":9.779680592673165,"_runtime":509,"val/type_loss":61.09196504865374,"val/param_type_acc":0.5526315789473685,"val/command_loss":3.746577448282551e-08,"train/loss":95.90557768437769,"epoch":11,"val/param_type_loss":2.6811258026531766,"train/command_loss":0.8708292291785216}