{"val/param_type_loss":1.2931363821029662,"epoch":11,"best_overall_acc":0.2722371967654987,"_step":10,"best_command_acc":1,"val/loss":16.581477083478656,"train/param_value_loss":8.115684094986358,"train/param_type_loss":5.599295059739904,"train/loss":61.54816168004816,"val/command_loss":0,"val/param_value_acc":0.1478102189781022,"val/type_loss":9.34503357751029,"train/command_loss":5.213296197148303,"train/type_loss":31.807295283559082,"val/param_value_loss":4.650170605523246,"val/command_acc":1,"_timestamp":1.7636319316160269e+09,"val/overall_acc":0.2722371967654987,"_runtime":515,"_wandb":{"runtime":515},"val/param_type_acc":0.5526315789473685,"val/type_acc":0.4977538185085355}