{
  "type": 36.93766984997726,
  "command": 99.91869917730007,
  "param_type": 34.09214144072882,
  "param_value": 83.414633138393,
  "overall": 17.506775526496455
}