{"val/type_acc":0.49236298292902064,"val/param_type_loss":1.5868494814527887,"_runtime":1154,"val/type_loss":19.50753573690142,"val/param_type_acc":0.5526315789473685,"train/command_loss":0,"train/param_type_loss":7.938296358448158,"val/param_value_loss":3.4213497161865236,"_wandb":{"runtime":1154},"val/param_value_acc":0.22992700729927007,"train/loss":49.94058769115319,"_timestamp":1.763624073951842e+09,"val/overall_acc":0,"val/command_loss":0,"train/param_value_loss":8.791532883385443,"best_command_acc":1,"epoch":11,"_step":10,"best_overall_acc":0.2722371967654987,"val/loss":26.10258446420942,"train/type_loss":25.272462298052606,"val/command_acc":1}