{"val/param_value_loss":5.243703502735921,"best_overall_acc":0.2722371967654987,"val/loss":13.053922135489328,"train/type_loss":13.664255321025848,"val/param_type_loss":2.481275339664093,"train/param_type_loss":5.083561521544325,"best_command_acc":1,"val/command_loss":0,"epoch":11,"val/param_value_acc":0.22992700729927007,"train/param_value_loss":5.201128583876413,"val/param_type_acc":0.5526315789473685,"train/command_loss":0.0003685861188450962,"val/overall_acc":0,"val/type_loss":2.8476678916386198,"val/type_acc":0.49236298292902064,"_runtime":773,"_timestamp":1.763619114823909e+09,"val/command_acc":1,"train/loss":29.03434991588518,"_step":10,"_wandb":{"runtime":773}}