{"val/overall_acc":0.13926325247079965,"val/param_type_acc":0.2912885662431942,"val/param_value_acc":0.22992700729927007,"val/param_value_loss":5.01349515914917,"train/command_loss":0.0002255737828141337,"epoch":12,"train/type_loss":17.041232151489755,"val/loss":19.396089935302733,"best_overall_acc":0.2722371967654987,"val/param_type_loss":5.804602895464216,"_timestamp":1.763643242566941e+09,"val/command_loss":0,"train/param_type_loss":4.781236024246878,"val/type_loss":2.7733889171055384,"_step":11,"val/command_acc":1,"train/param_value_loss":4.652046416796647,"_runtime":492,"_wandb":{"runtime":492},"best_command_acc":1,"val/type_acc":0.4977538185085355,"train/loss":31.25597601246524}