{"epoch":12,"_timestamp":1.763640426188828e+09,"_runtime":1113,"val/param_type_loss":3.3650951973029546,"train/param_value_loss":6.764811412893037,"train/command_loss":0.02186151044350153,"val/param_value_acc":0.12773722627737227,"_wandb":{"runtime":1113},"_step":11,"val/type_acc":0.4977538185085355,"val/type_loss":3.2519101268312496,"best_command_acc":1,"val/command_acc":1,"val/param_type_acc":0.2912885662431942,"val/param_value_loss":3.6472613862582617,"best_overall_acc":0.2722371967654987,"val/command_loss":0,"train/param_type_loss":6.4416023556904465,"val/loss":13.62936190196446,"val/overall_acc":0.13926325247079965,"train/type_loss":10.516829523277288,"train/loss":30.20856865627901}