{"train/type_loss":12.76614140132805,"best_command_acc":1,"val/type_acc":0.4977538185085355,"_wandb":{"runtime":454},"_runtime":454,"val/param_type_loss":8.349295909064157,"train/loss":28.033637495164747,"best_overall_acc":0.2722371967654987,"val/param_value_loss":8.378495516095843,"val/type_loss":1.699265432357788,"_step":10,"train/command_loss":0.05212047918893625,"train/param_value_loss":4.216068123997032,"epoch":11,"val/overall_acc":0.2722371967654987,"train/param_type_loss":5.499653751539988,"_timestamp":1.763619577636606e+09,"val/param_value_acc":0.005474452554744526,"val/command_acc":1,"val/param_type_acc":0.5526315789473685,"val/command_loss":1.2475855536259976e-05,"val/loss":26.77636525290353}