{"val/overall_acc":0,"train/command_loss":0.0010125788540956311,"val/param_value_loss":3.1760128029755186,"val/param_type_loss":40.18924512863159,"val/type_loss":13.138349969046457,"epoch":14,"val/type_acc":0.49236298292902064,"val/param_value_acc":0.22992700729927007,"_step":13,"train/param_type_loss":3.401594813108108,"best_command_acc":1,"val/param_type_acc":0.5526315789473685,"val/command_acc":1,"_runtime":801,"train/param_value_loss":6.8101967051286145,"val/command_loss":9.085188451406014e-06,"val/loss":96.69289868218559,"best_overall_acc":0.2722371967654987,"train/loss":30.188874718426728,"train/type_loss":16.570425566833258,"_timestamp":1.7636043171540549e+09,"_wandb":{"runtime":801}}