{
  "PAD": {
    "precision": 0.5332464146023468,
    "recall": 0.35457303857824013,
    "f1": 0.4259307472012497,
    "support": 2307
  },
  "BOS": {
    "precision": 0.0,
    "recall": 0.0,
    "f1": 0.0,
    "support": 0
  },
  "EOS": {
    "precision": 0.0,
    "recall": 0.0,
    "f1": 0.0,
    "support": 0
  },
  "UNK": {
    "precision": 0.0,
    "recall": 0.0,
    "f1": 0.0,
    "support": 0
  },
  "MASK": {
    "precision": 0.0,
    "recall": 0.0,
    "f1": 0.0,
    "support": 0
  },
  "X": {
    "precision": 0.2418001525553013,
    "recall": 0.9968553459119497,
    "f1": 0.38919582565991406,
    "support": 318
  },
  "G1": {
    "precision": 0.0,
    "recall": 0.0,
    "f1": 0.0,
    "support": 0
  },
  "Y": {
    "precision": 0.25380710659898476,
    "recall": 0.591715976331361,
    "f1": 0.3552397868561279,
    "support": 169
  },
  "NUM_X_3": {
    "precision": 0.0,
    "recall": 0.0,
    "f1": 0.0,
    "support": 152
  },
  "NUM_X_1": {
    "precision": 0.0,
    "recall": 0.0,
    "f1": 0.0,
    "support": 102
  },
  "NUM_Y_1": {
    "precision": 0.0,
    "recall": 0.0,
    "f1": 0.0,
    "support": 115
  },
  "NUM_X_-": {
    "precision": 0.0,
    "recall": 0.0,
    "f1": 0.0,
    "support": 141
  },
  "Z": {
    "precision": 0.654320987654321,
    "recall": 0.8983050847457628,
    "f1": 0.7571428571428571,
    "support": 59
  },
  "NUM_Y_2": {
    "precision": 0.0,
    "recall": 0.0,
    "f1": 0.0,
    "support": 36
  },
  "R": {
    "precision": 0.13533834586466165,
    "recall": 0.6923076923076923,
    "f1": 0.22641509433962265,
    "support": 26
  },
  "NUM_X_2": {
    "precision": 0.0,
    "recall": 0.0,
    "f1": 0.0,
    "support": 32
  },
  "NUM_Z_-": {
    "precision": 0.0,
    "recall": 0.0,
    "f1": 0.0,
    "support": 26
  },
  "NUM_Y_3": {
    "precision": 0.0,
    "recall": 0.0,
    "f1": 0.0,
    "support": 33
  },
  "G0": {
    "precision": 0.16666666666666666,
    "recall": 1.0,
    "f1": 0.2857142857142857,
    "support": 12
  },
  "M30": {
    "precision": 0.0,
    "recall": 0.0,
    "f1": 0.0,
    "support": 0
  },
  "NUM_R_7": {
    "precision": 0.0,
    "recall": 0.0,
    "f1": 0.0,
    "support": 0
  },
  "Z0.": {
    "precision": 0.0,
    "recall": 0.0,
    "f1": 0.0,
    "support": 12
  },
  "G53": {
    "precision": 0.0,
    "recall": 0.0,
    "f1": 0.0,
    "support": 0
  },
  "NUM_R_1": {
    "precision": 0.0,
    "recall": 0.0,
    "f1": 0.0,
    "support": 15
  },
  "NUM_Y_6": {
    "precision": 0.0,
    "recall": 0.0,
    "f1": 0.0,
    "support": 20
  },
  "NUM_R_8": {
    "precision": 0.0,
    "recall": 0.0,
    "f1": 0.0,
    "support": 0
  },
  "G3": {
    "precision": 0.0,
    "recall": 0.0,
    "f1": 0.0,
    "support": 0
  },
  "NUM_Z_6": {
    "precision": 0.0,
    "recall": 0.0,
    "f1": 0.0,
    "support": 5
  },
  "G2": {
    "precision": 0.0,
    "recall": 0.0,
    "f1": 0.0,
    "support": 0
  },
  "NUM_X_8": {
    "precision": 0.0,
    "recall": 0.0,
    "f1": 0.0,
    "support": 3
  },
  "NUM_Z_2": {
    "precision": 0.0,
    "recall": 0.0,
    "f1": 0.0,
    "support": 13
  },
  "NUM_Y_8": {
    "precision": 0.0,
    "recall": 0.0,
    "f1": 0.0,
    "support": 9
  },
  "NUM_Y_9": {
    "precision": 0.0,
    "recall": 0.0,
    "f1": 0.0,
    "support": 13
  },
  "NUM_Z_1": {
    "precision": 0.0,
    "recall": 0.0,
    "f1": 0.0,
    "support": 4
  },
  "NUM_R_3": {
    "precision": 0.0,
    "recall": 0.0,
    "f1": 0.0,
    "support": 8
  },
  "NUM_Z_5": {
    "precision": 0.0,
    "recall": 0.0,
    "f1": 0.0,
    "support": 0
  },
  "NUM_Z_7": {
    "precision": 0.0,
    "recall": 0.0,
    "f1": 0.0,
    "support": 3
  },
  "NUM_Y_7": {
    "precision": 0.0,
    "recall": 0.0,
    "f1": 0.0,
    "support": 1
  },
  "NUM_X_9": {
    "precision": 0.0,
    "recall": 0.0,
    "f1": 0.0,
    "support": 5
  },
  "NUM_X_6": {
    "precision": 0.0,
    "recall": 0.0,
    "f1": 0.0,
    "support": 5
  },
  "NUM_Y_5": {
    "precision": 0.0,
    "recall": 0.0,
    "f1": 0.0,
    "support": 8
  },
  "NUM_Y_4": {
    "precision": 0.0,
    "recall": 0.0,
    "f1": 0.0,
    "support": 6
  },
  "Y0.": {
    "precision": 0.0,
    "recall": 0.0,
    "f1": 0.0,
    "support": 8
  },
  "NUM_Z_3": {
    "precision": 0.0,
    "recall": 0.0,
    "f1": 0.0,
    "support": 10
  },
  "NUM_Z_8": {
    "precision": 0.0,
    "recall": 0.0,
    "f1": 0.0,
    "support": 2
  },
  "NUM_Z_9": {
    "precision": 0.0,
    "recall": 0.0,
    "f1": 0.0,
    "support": 0
  },
  "NUM_Y_-": {
    "precision": 0.0,
    "recall": 0.0,
    "f1": 0.0,
    "support": 0
  },
  "NUM_X_7": {
    "precision": 0.0,
    "recall": 0.0,
    "f1": 0.0,
    "support": 4
  },
  "NUM_Z_4": {
    "precision": 0.0,
    "recall": 0.0,
    "f1": 0.0,
    "support": 0
  },
  "NUM_X_5": {
    "precision": 0.0,
    "recall": 0.0,
    "f1": 0.0,
    "support": 5
  },
  "NUM_X_4": {
    "precision": 0.0,
    "recall": 0.0,
    "f1": 0.0,
    "support": 0
  },
  "F": {
    "precision": 0.0,
    "recall": 0.0,
    "f1": 0.0,
    "support": 0
  },
  "X0.": {
    "precision": 0.0,
    "recall": 0.0,
    "f1": 0.0,
    "support": 0
  },
  "NUM_R_2": {
    "precision": 0.0,
    "recall": 0.0,
    "f1": 0.0,
    "support": 3
  },
  "NUM_F_1": {
    "precision": 0.0,
    "recall": 0.0,
    "f1": 0.0,
    "support": 0
  },
  "NUM_F_7": {
    "precision": 0.0,
    "recall": 0.0,
    "f1": 0.0,
    "support": 0
  },
  "NUM_R_5": {
    "precision": 0.0,
    "recall": 0.0,
    "f1": 0.0,
    "support": 0
  },
  "NUM_R_6": {
    "precision": 0.0,
    "recall": 0.0,
    "f1": 0.0,
    "support": 0
  },
  "NUM_Z_0": {
    "precision": 0.0,
    "recall": 0.0,
    "f1": 0.0,
    "support": 0
  },
  "F40.": {
    "precision": 0.0,
    "recall": 0.0,
    "f1": 0.0,
    "support": 0
  },
  "F22.": {
    "precision": 0.0,
    "recall": 0.0,
    "f1": 0.0,
    "support": 0
  },
  "G55": {
    "precision": 0.0,
    "recall": 0.0,
    "f1": 0.0,
    "support": 0
  },
  "T2": {
    "precision": 0.0,
    "recall": 0.0,
    "f1": 0.0,
    "support": 0
  },
  "G17": {
    "precision": 0.0,
    "recall": 0.0,
    "f1": 0.0,
    "support": 0
  },
  "G90": {
    "precision": 0.0,
    "recall": 0.0,
    "f1": 0.0,
    "support": 0
  },
  "G94": {
    "precision": 0.0,
    "recall": 0.0,
    "f1": 0.0,
    "support": 0
  },
  "M3": {
    "precision": 0.0,
    "recall": 0.0,
    "f1": 0.0,
    "support": 0
  },
  "NUM_S_1": {
    "precision": 0.0,
    "recall": 0.0,
    "f1": 0.0,
    "support": 0
  },
  "S": {
    "precision": 0.0,
    "recall": 0.0,
    "f1": 0.0,
    "support": 0
  }
}