{
  "F": {
    "precision": 0.0,
    "recall": 0.0,
    "f1": 0.0,
    "support": 2339
  },
  "R": {
    "precision": 0.10784313725490197,
    "recall": 0.8461538461538461,
    "f1": 0.19130434782608696,
    "support": 52
  },
  "S": {
    "precision": 0.0,
    "recall": 0.0,
    "f1": 0.0,
    "support": 0
  },
  "T2": {
    "precision": 0.0,
    "recall": 0.0,
    "f1": 0.0,
    "support": 0
  },
  "X": {
    "precision": 0.37420615534929164,
    "recall": 0.9986962190352021,
    "f1": 0.5444207533759773,
    "support": 767
  },
  "Y": {
    "precision": 0.3447927199191102,
    "recall": 0.8317073170731707,
    "f1": 0.4874910650464618,
    "support": 410
  },
  "Z": {
    "precision": 0.4715447154471545,
    "recall": 0.9508196721311475,
    "f1": 0.6304347826086957,
    "support": 122
  }
}